field_id,year,crop_id,prev_crop_id,target_yield_t_ha,target_source,unit_fix_applied,field_tillable_area,field_calculated_area,field_soil_pH,field_soil_OM,field_soil_P,field_soil_K,field_soil_N,field_soil_Mg,ndvi_n_obs_asof,ndvi_mean_asof,ndvi_max_asof,ndvi_min_asof,ndvi_std_asof,ndvi_p25_asof,ndvi_p75_asof,ndvi_p10_max_asof,ndvi_slope_asof,ndvi_last_value_asof,wx_temp_avg_asof,wx_temp_max_asof,wx_precip_sum_asof,wx_gdd_t5_asof,wx_gdd_t6_asof,wx_hot_d30_asof,wx_hot_d35_asof,wx_dry_days_asof,wx_precip_sum_early_asof,wx_hot_d30_early_asof,wx_dry_days_early_asof,ndvi_integral_asof,ndvi_peak_doy_asof,ndvi_amplitude_asof,ndvi_above_05_days_asof,wx_drought_run_asof,wx_heat_run_asof,wx_jul_precip_asof,wx_jul_hot_days_asof,wx_aug_precip_asof,wx_aug_hot_days_asof,years_since_sunflower,years_since_wheat,rotation_pair
195,2010,40.0,40.0,1.7763000000000002,estimate_normalized,True,123.0,122.42127,6.9,3.6425,225.2,499.4803025,7.5175,427.5,47.0,0.4218936170212767,0.667,0.194,0.1576286012013822,0.292,0.5665,0.66525,0.0062488875046461,0.664,,,,,,,,,,,,19.829000000000004,205.0,0.47300000000000003,16.0,,,,,,,1,99,40__40
197,2010,40.0,40.0,2.2140999999999997,estimate_normalized,True,343.0,343.71311,6.976923076923077,3.579230769230769,216.96,502.5284007692308,4.591538461538462,454.61538461538464,50.0,0.4467,0.701,0.171,0.2016786800829478,0.213,0.674,0.6983999999999999,0.0075994225749268,0.68,,,,,,,,,,,,22.335,195.0,0.5299999999999999,25.0,,,,,,,1,99,40__40
207,2010,40.0,40.0,2.1087,estimate_normalized,True,110.91,110.91329,6.875,3.55,244.935,425.663535,5.4125,412.5,46.0,0.3705869565217391,0.721,0.161,0.2173359027231266,0.18925,0.645,0.7172499999999999,0.0076731792960563,0.631,,,,,,,,,,,,17.047,190.0,0.5599999999999999,14.0,,,,,,,1,99,40__40
208,2010,40.0,40.0,2.4501,estimate_normalized,True,130.0,128.21593,6.8,3.916,202.758,706.31834,5.7,504.0,44.0,0.4117272727272726,0.719,0.142,0.1948291050261466,0.21225,0.61425,0.7104999999999999,0.0072721401883661,0.7,,,,,,,,,,,,18.115999999999996,205.0,0.577,16.0,,,,,,,1,99,40__40
209,2010,40.0,40.0,2.0058,estimate_normalized,True,301.65,301.6502,7.042857142857143,3.5357142857142856,171.9557142857143,277.5815457142857,7.35,437.1428571428572,53.0,0.3703584905660377,0.722,0.153,0.1962685966999097,0.197,0.583,0.7136,0.0071009444584454,0.704,,,,,,,,,,,,19.629,210.0,0.569,15.0,,,,,,,1,99,40__40
210,2010,40.0,40.0,2.4812000000000003,estimate_normalized,True,247.0,245.92428,7.2125,3.72,230.06625,480.10587375,9.455,423.75,48.0,0.4176666666666667,0.742,0.15,0.1990605365767464,0.21675,0.65375,0.73125,0.0072706160164146,0.724,,,,,,,,,,,,20.048000000000002,210.0,0.592,15.0,,,,,,,1,99,40__40
212,2010,40.0,40.0,2.5728999999999997,estimate_normalized,True,136.0,134.83369,7.140000000000001,3.766,232.258,464.594502,5.536,432.0,41.0,0.3792439024390244,0.685,0.169,0.1877937088854845,0.206,0.599,0.6847500000000001,0.0067205036974434,0.685,,,,,,,,,,,,15.549000000000001,205.0,0.516,13.0,,,,,,,1,99,40__40
213,2010,40.0,40.0,2.1619,estimate_normalized,True,14.0,16.53751,7.2,3.39,148.5,272.23874,13.42,420.0,44.0,0.4099318181818182,0.715,0.179,0.1804653577594316,0.23875,0.6025,0.7034999999999999,0.0066707090928783,0.701,,,,,,,,,,,,18.037000000000003,205.0,0.536,13.0,,,,,,,1,99,40__40
214,2010,40.0,40.0,1.955,estimate_normalized,True,9.0,10.99122,7.1,3.67,236.12,399.02591,8.82,420.0,44.0,0.4134545454545454,0.713,0.18,0.178971741617275,0.2405,0.602,0.70175,0.0066302157729495,0.698,,,,,,,,,,,,18.192,205.0,0.5329999999999999,13.0,,,,,,,1,99,40__40
215,2010,40.0,40.0,2.5285,estimate_normalized,True,79.0,78.14849,6.666666666666667,3.776666666666667,192.12,392.99891,12.116666666666667,430.0,42.0,0.4634285714285714,0.692,0.187,0.175464979935238,0.30525,0.64275,0.6875,0.0067633782009192,0.683,,,,,,,,,,,,19.464000000000002,205.0,0.5049999999999999,18.0,,,,,,,1,99,40__40
216,2010,40.0,40.0,2.8838,estimate_normalized,True,37.0,37.51924,6.4,3.71,242.68,688.96085,7.64,540.0,36.0,0.5111388888888888,0.715,0.193,0.1714074341668246,0.39975,0.6932499999999999,0.7133333333333333,0.0068413244625835,0.691,,,,,,,,,,,,18.400999999999996,187.0,0.522,21.0,,,,,,,1,99,40__40
217,2010,40.0,40.0,2.0382,estimate_normalized,True,408.0,408.48131,6.94,3.484666666666667,201.10266666666664,313.7409,4.662000000000001,472.0,47.0,0.3906808510638298,0.709,0.171,0.1768345911071746,0.237,0.53,0.707,0.0065060230127143,0.709,,,,,,,,,,,,18.362000000000002,211.0,0.5379999999999999,17.0,,,,,,,1,99,40__40
218,2010,40.0,40.0,2.4997,estimate_normalized,True,39.0,39.30376,7.2,3.87,198.74,289.9543,4.86,390.0,37.0,0.470918918918919,0.728,0.147,0.2042248864283417,0.257,0.664,0.726,0.0075748201698979,0.664,,,,,,,,,,,,17.424000000000003,210.0,0.581,19.0,,,,,,,1,99,40__40
219,2010,40.0,40.0,2.4063,estimate_normalized,True,210.0,209.86423,6.8,3.69625,212.37625,656.214605,8.491249999999999,446.25,49.0,0.4215714285714285,0.767,0.158,0.2275195439014918,0.186,0.732,0.75575,0.008072175041023,0.732,,,,,,,,,,,,20.656999999999996,205.0,0.609,16.0,,,,,,,1,99,40__40
220,2010,40.0,40.0,1.9949,estimate_normalized,True,25.0,24.0006,7.3,3.74,197.06,380.11444,6.0,420.0,38.0,0.474078947368421,0.694,0.174,0.1851520543796294,0.24975,0.6205,0.69,0.0067416704858743,0.672,,,,,,,,,,,,18.015,210.0,0.52,20.0,,,,,,,1,99,40__40
222,2010,40.0,40.0,2.4025,estimate_normalized,True,62.0,62.12991,6.9,3.725,206.315,278.80506,4.845,420.0,41.0,0.4563414634146341,0.749,0.135,0.2176788426207004,0.202,0.696,0.747,0.0080168133070395,0.737,,,,,,,,,,,,18.709999999999997,195.0,0.614,19.0,,,,,,,1,99,40__40
223,2010,40.0,40.0,2.8213,estimate_normalized,True,70.0,70.93112,6.433333333333334,3.6633333333333336,175.33333333333334,560.82853,6.72,430.0,42.0,0.5016190476190477,0.697,0.176,0.1965665950863851,0.2485,0.672,0.69125,0.0068539722622265,0.687,,,,,,,,,,,,21.068000000000005,210.0,0.5209999999999999,26.0,,,,,,,1,99,40__40
224,2010,40.0,40.0,2.7485,estimate_normalized,True,104.0,106.08424,6.5,3.808,191.728,598.903534,18.618,516.0,44.0,0.4993863636363636,0.769,0.152,0.216873676669695,0.32475,0.7424999999999999,0.76575,0.0085014220842121,0.742,,,,,,,,,,,,21.973,198.0,0.617,23.0,,,,,,,1,99,40__40
226,2010,40.0,40.0,2.0662,estimate_normalized,True,40.0,41.00801,7.2,3.79,218.81,806.48818,8.56,420.0,40.0,0.4486,0.667,0.165,0.1585934740145382,0.334,0.61025,0.66425,0.0063962539357894,0.667,,,,,,,,,,,,17.944,212.0,0.502,14.0,,,,,,,1,99,40__40
227,2010,40.0,40.0,2.7361,estimate_normalized,True,346.0,348.50924,6.953846153846154,3.8015384615384615,195.0484615384616,763.0697146153847,10.056153846153848,475.38461538461536,50.0,0.4349,0.756,0.124,0.2345089550528934,0.198,0.73775,0.7524000000000001,0.0081917090829499,0.721,,,,,,,,,,,,21.745,190.0,0.632,19.0,,,,,,,1,99,40__40
228,2010,40.0,40.0,2.3478000000000003,estimate_normalized,True,59.0,55.06353,6.699999999999999,3.515,179.82,438.82045,7.755,420.0,39.0,0.520948717948718,0.633,0.191,0.1368305987517653,0.4385,0.618,0.6323333333333333,0.0035334524669951,0.455,,,,,,,,,,,,20.317,185.0,0.442,26.0,,,,,,,1,99,40__40
229,2010,40.0,40.0,1.4924,estimate_normalized,True,12.0,9.82891,6.4,2.36,225.3,220.85171,12.11,480.0,40.0,0.4211999999999999,0.562,0.124,0.1569691370938886,0.26,0.545,0.5587500000000001,0.0049883194072735,0.486,,,,,,,,,,,,16.848,187.0,0.43800000000000006,22.0,,,,,,,1,99,40__40
230,2010,40.0,40.0,2.5814,estimate_normalized,True,223.0,222.45567,7.1000000000000005,3.73,184.71,792.107215,3.6633333333333336,445.0,48.0,0.420125,0.768,0.187,0.2117362377463999,0.2299999999999999,0.65525,0.7625,0.0078295010033027,0.748,,,,,,,,,,,,20.166,210.0,0.581,16.0,,,,,,,1,99,40__40
231,2010,40.0,40.0,2.7244,estimate_normalized,True,235.0,231.50464,7.2625,3.685,204.0575,646.09227125,9.26,453.75,45.0,0.438,0.73,0.192,0.1701236151874408,0.298,0.569,0.7252500000000001,0.0066041848399283,0.723,,,,,,,,,,,,19.71,205.0,0.538,16.0,,,,,,,1,99,40__40
232,2010,40.0,40.0,2.0457,estimate_normalized,True,296.0,296.88138,6.609090909090909,3.7290909090909095,211.9754545454545,649.4797309090909,7.533636363636364,452.7272727272728,48.0,0.3901874999999999,0.748,0.163,0.2118646045876548,0.211,0.60375,0.7437499999999999,0.0078194727844805,0.733,,,,,,,,,,,,18.729,205.0,0.585,15.0,,,,,,,1,99,40__40
233,2010,40.0,40.0,2.9024,estimate_normalized,True,39.0,38.82,6.7,3.57,211.75,698.55237,6.06,510.0,40.0,0.5506,0.728,0.181,0.1802504923710334,0.49075,0.6922499999999999,0.7262500000000001,0.0064740584672109,0.657,,,,,,,,,,,,22.024,185.0,0.5469999999999999,27.0,,,,,,,1,99,40__40
234,2010,40.0,40.0,3.0815,estimate_normalized,True,35.0,36.18,6.5,3.73,181.31,492.74302,14.32,480.0,40.0,0.50735,0.723,0.194,0.1788818814189967,0.32525,0.67125,0.7137499999999999,0.0063988065167971,0.671,,,,,,,,,,,,20.294,176.0,0.5289999999999999,26.0,,,,,,,1,99,40__40
195,2011,40.0,40.0,1.6393999999999995,estimate_normalized,True,123.0,122.42127,6.9,3.6425,225.2,499.4803025,7.5175,427.5,62.0,0.4013870967741936,0.676,0.161,0.191703934605381,0.19925,0.56275,0.6718333333333333,0.005537490144752,0.537,,,,,,,,,,,,24.886000000000003,178.0,0.515,28.0,,,,,,,1,99,40__40
197,2011,40.0,40.0,2.1288,estimate_normalized,True,343.0,343.71311,6.976923076923077,3.579230769230769,216.96,502.5284007692308,4.591538461538462,454.61538461538464,70.0,0.4461285714285714,0.747,0.111,0.2338999738245005,0.18725,0.696,0.7304285714285713,0.0071386691326857,0.654,,,,,,,,,,,,31.229,191.0,0.636,33.0,,,,,,,1,99,40__40
207,2011,40.0,40.0,1.7486000000000002,estimate_normalized,True,110.91,110.91329,6.875,3.55,244.935,425.663535,5.4125,412.5,65.0,0.4269538461538462,0.725,0.152,0.2145642762415338,0.183,0.626,0.7193333333333333,0.0057161495492611,0.478,,,,,,,,,,,,27.752000000000002,185.0,0.573,30.0,,,,,,,1,99,40__40
208,2011,40.0,40.0,2.301,estimate_normalized,True,130.0,128.21593,6.8,3.916,202.758,706.31834,5.7,504.0,62.0,0.4986774193548386,0.798,0.119,0.2430189674127773,0.216,0.7464999999999999,0.7878333333333334,0.0062820138635534,0.494,,,,,,,,,,,,30.917999999999996,176.0,0.679,34.0,,,,,,,1,99,40__40
209,2011,40.0,40.0,2.1288,estimate_normalized,True,301.65,301.6502,7.042857142857143,3.5357142857142856,171.9557142857143,277.5815457142857,7.35,437.1428571428572,73.0,0.4843972602739725,0.817,0.155,0.2412697995126565,0.209,0.732,0.807,0.0060122084223119,0.403,,,,,,,,,,,,35.361,184.0,0.6619999999999999,37.0,,,,,,,1,99,40__40
210,2011,40.0,40.0,2.3706,estimate_normalized,True,247.0,245.92428,7.2125,3.72,230.06625,480.10587375,9.455,423.75,65.0,0.4991846153846154,0.817,0.135,0.251060635783941,0.221,0.753,0.8116666666666669,0.0064014177423538,0.462,,,,,,,,,,,,32.447,189.0,0.6819999999999999,36.0,,,,,,,1,99,40__40
212,2011,40.0,40.0,2.1887,estimate_normalized,True,136.0,134.83369,7.140000000000001,3.766,232.258,464.594502,5.536,432.0,63.0,0.4477142857142857,0.737,0.167,0.2261144132760149,0.201,0.6765000000000001,0.7236666666666666,0.0064091398067035,0.603,,,,,,,,,,,,28.206,178.0,0.57,32.0,,,,,,,1,99,40__40
213,2011,40.0,40.0,1.984,estimate_normalized,True,14.0,16.53751,7.2,3.39,148.5,272.23874,13.42,420.0,62.0,0.4741935483870967,0.788,0.156,0.2235216550604377,0.22875,0.69275,0.7856666666666667,0.0056680392497976,0.458,,,,,,,,,,,,29.399999999999995,178.0,0.632,31.0,,,,,,,1,99,40__40
214,2011,40.0,40.0,2.053,estimate_normalized,True,9.0,10.99122,7.1,3.67,236.12,399.02591,8.82,420.0,62.0,0.4755806451612903,0.789,0.157,0.2254519867622985,0.22925,0.6935,0.7866666666666667,0.0057806222325768,0.466,,,,,,,,,,,,29.486,179.0,0.632,32.0,,,,,,,1,99,40__40
215,2011,40.0,40.0,2.2013000000000003,estimate_normalized,True,79.0,78.14849,6.666666666666667,3.776666666666667,192.12,392.99891,12.116666666666667,430.0,57.0,0.4693859649122807,0.735,0.136,0.2130308234337014,0.245,0.672,0.7215999999999999,0.0065936925872063,0.649,,,,,,,,,,,,26.755000000000003,191.0,0.599,30.0,,,,,,,1,99,40__40
216,2011,40.0,40.0,2.4407,estimate_normalized,True,37.0,37.51924,6.4,3.71,242.68,688.96085,7.64,540.0,56.0,0.5045178571428571,0.702,0.209,0.1855961428816639,0.30625,0.673,0.7001999999999999,0.0057824447124734,0.66,,,,,,,,,,,,28.253,187.0,0.493,32.0,,,,,,,1,99,40__40
217,2011,40.0,40.0,2.475,estimate_normalized,True,408.0,408.48131,6.94,3.484666666666667,201.10266666666664,313.7409,4.662000000000001,472.0,63.0,0.4439841269841269,0.71,0.167,0.2279051245141131,0.195,0.6865000000000001,0.7081666666666667,0.0069780450020927,0.65,,,,,,,,,,,,27.970999999999997,186.0,0.5429999999999999,34.0,,,,,,,1,99,40__40
218,2011,40.0,40.0,1.6986,estimate_normalized,True,39.0,39.30376,7.2,3.87,198.74,289.9543,4.86,390.0,53.0,0.4170377358490567,0.706,0.15,0.2070573671545807,0.221,0.655,0.705,0.0063766406946962,0.638,,,,,,,,,,,,22.103000000000005,186.0,0.5559999999999999,19.0,,,,,,,1,99,40__40
219,2011,40.0,40.0,2.0567,estimate_normalized,True,210.0,209.86423,6.8,3.69625,212.37625,656.214605,8.491249999999999,446.25,65.0,0.4517538461538462,0.766,0.169,0.21601211011417,0.203,0.632,0.7533333333333333,0.0054882905318954,0.477,,,,,,,,,,,,29.364,176.0,0.597,33.0,,,,,,,1,99,40__40
220,2011,40.0,40.0,2.4819,estimate_normalized,True,25.0,24.0006,7.3,3.74,197.06,380.11444,6.0,420.0,58.0,0.4570862068965517,0.724,0.156,0.2113848659055047,0.218,0.6485000000000001,0.7172000000000001,0.0061728820422451,0.63,,,,,,,,,,,,26.511,178.0,0.568,29.0,,,,,,,1,99,40__40
222,2011,40.0,40.0,2.2814,estimate_normalized,True,62.0,62.12991,6.9,3.725,206.315,278.80506,4.845,420.0,60.0,0.4923333333333333,0.76,0.165,0.203097814420102,0.258,0.684,0.742,0.0052750599260485,0.499,,,,,,,,,,,,29.54,176.0,0.595,33.0,,,,,,,1,99,40__40
223,2011,40.0,40.0,2.9623999999999997,estimate_normalized,True,70.0,70.93112,6.433333333333334,3.6633333333333336,175.33333333333334,560.82853,6.72,430.0,61.0,0.4845737704918031,0.748,0.168,0.2294754859593399,0.22,0.698,0.7413333333333334,0.0067192797965362,0.671,,,,,,,,,,,,29.558999999999994,176.0,0.58,32.0,,,,,,,1,99,40__40
224,2011,40.0,40.0,2.2157,estimate_normalized,True,104.0,106.08424,6.5,3.808,191.728,598.903534,18.618,516.0,58.0,0.4401034482758621,0.732,0.15,0.2109237229063177,0.22625,0.6847500000000001,0.7209999999999999,0.0066539946578604,0.664,,,,,,,,,,,,25.526000000000003,203.0,0.582,26.0,,,,,,,1,99,40__40
226,2011,40.0,40.0,2.5954,estimate_normalized,True,40.0,41.00801,7.2,3.79,218.81,806.48818,8.56,420.0,54.0,0.4876111111111111,0.737,0.12,0.1861803602510476,0.27625,0.6425000000000001,0.7246,0.0056752438721683,0.601,,,,,,,,,,,,26.331,184.0,0.617,32.0,,,,,,,1,99,40__40
227,2011,40.0,40.0,1.7692,estimate_normalized,True,346.0,348.50924,6.953846153846154,3.8015384615384615,195.0484615384616,763.0697146153847,10.056153846153848,475.38461538461536,69.0,0.4227246376811594,0.696,0.143,0.2033576761901267,0.196,0.604,0.6888333333333333,0.0056695484857215,0.519,,,,,,,,,,,,29.168,190.0,0.5529999999999999,34.0,,,,,,,1,99,40__40
228,2011,40.0,40.0,1.8424,estimate_normalized,True,59.0,55.06353,6.699999999999999,3.515,179.82,438.82045,7.755,420.0,55.0,0.449309090909091,0.73,0.181,0.2230183745163183,0.2045,0.702,0.7248,0.0068797480440313,0.693,,,,,,,,,,,,24.712000000000003,204.0,0.5489999999999999,27.0,,,,,,,1,99,40__40
229,2011,40.0,40.0,1.6809,estimate_normalized,True,12.0,9.82891,6.4,2.36,225.3,220.85171,12.11,480.0,52.0,0.359923076923077,0.609,0.024,0.1919364724784104,0.177,0.516,0.6035999999999999,0.005938891032499,0.585,,,,,,,,,,,,18.716000000000005,206.0,0.585,17.0,,,,,,,1,99,40__40
230,2011,40.0,40.0,1.7643,estimate_normalized,True,223.0,222.45567,7.1000000000000005,3.73,184.71,792.107215,3.6633333333333336,445.0,67.0,0.4401791044776119,0.759,0.154,0.2146846298868314,0.214,0.6345000000000001,0.7468333333333333,0.0052925510125985,0.415,,,,,,,,,,,,29.492,176.0,0.605,32.0,,,,,,,1,99,40__40
231,2011,40.0,40.0,1.6755,estimate_normalized,True,235.0,231.50464,7.2625,3.685,204.0575,646.09227125,9.26,453.75,66.0,0.4194848484848484,0.716,0.167,0.2017618039372352,0.201,0.5854999999999999,0.7113333333333333,0.0053749936095884,0.475,,,,,,,,,,,,27.686,178.0,0.5489999999999999,30.0,,,,,,,1,99,40__40
232,2011,40.0,40.0,1.7736,estimate_normalized,True,296.0,296.88138,6.609090909090909,3.7290909090909095,211.9754545454545,649.4797309090909,7.533636363636364,452.7272727272728,67.0,0.4110149253731343,0.703,0.151,0.2113838901878867,0.191,0.6014999999999999,0.699,0.005993633690406,0.536,,,,,,,,,,,,27.538,178.0,0.5519999999999999,31.0,,,,,,,1,99,40__40
233,2011,40.0,40.0,2.1271,estimate_normalized,True,39.0,38.82,6.7,3.57,211.75,698.55237,6.06,510.0,50.0,0.4664399999999999,0.711,0.171,0.1835986013018617,0.2937499999999999,0.6234999999999999,0.7061999999999999,0.0053766489915178,0.581,,,,,,,,,,,,23.322,179.0,0.5399999999999999,25.0,,,,,,,1,99,40__40
234,2011,40.0,40.0,2.5765,estimate_normalized,True,35.0,36.18,6.5,3.73,181.31,492.74302,14.32,480.0,55.0,0.489109090909091,0.728,0.173,0.2058238145711717,0.263,0.7015,0.7271999999999998,0.0062113391502104,0.692,,,,,,,,,,,,26.901000000000003,189.0,0.5549999999999999,29.0,,,,,,,1,99,40__40
195,2012,40.0,40.0,2.0692,estimate_normalized,True,123.0,122.42127,6.9,3.6425,225.2,499.4803025,7.5175,427.5,68.0,0.3660441176470588,0.76,0.168,0.2176861903415049,0.2075,0.52625,0.7586666666666666,0.0062248538579613,0.712,,,,,,,,,,,,24.891000000000002,202.0,0.592,22.0,,,,,,,1,99,40__40
197,2012,40.0,40.0,1.5663,estimate_normalized,True,343.0,343.71311,6.976923076923077,3.579230769230769,216.96,502.5284007692308,4.591538461538462,454.61538461538464,69.0,0.3827536231884057,0.681,0.121,0.1955955903149164,0.206,0.606,0.6763333333333333,0.0058428183804141,0.65,,,,,,,,,,,,26.409999999999997,197.0,0.56,23.0,,,,,,,1,99,40__40
207,2012,40.0,40.0,2.0149,estimate_normalized,True,110.91,110.91329,6.875,3.55,244.935,425.663535,5.4125,412.5,66.0,0.4061515151515151,0.752,0.143,0.2395631277861307,0.185,0.71075,0.7486666666666667,0.0069546012875392,0.671,,,,,,,,,,,,26.806,198.0,0.609,23.0,,,,,,,1,99,40__40
208,2012,40.0,40.0,2.0003,estimate_normalized,True,130.0,128.21593,6.8,3.916,202.758,706.31834,5.7,504.0,64.0,0.414734375,0.767,0.15,0.1946521129306316,0.25475,0.435,0.7658333333333333,0.0058302713818788,0.732,,,,,,,,,,,,26.543,198.0,0.617,13.0,,,,,,,1,99,40__40
209,2012,40.0,40.0,2.1412,estimate_normalized,True,301.65,301.6502,7.042857142857143,3.5357142857142856,171.9557142857143,277.5815457142857,7.35,437.1428571428572,66.0,0.3873181818181818,0.736,0.124,0.2058555067745856,0.2255,0.621,0.729,0.0061217714581044,0.67,,,,,,,,,,,,25.563000000000002,200.0,0.612,20.0,,,,,,,1,99,40__40
210,2012,40.0,40.0,1.8137,estimate_normalized,True,247.0,245.92428,7.2125,3.72,230.06625,480.10587375,9.455,423.75,66.0,0.4435757575757576,0.666,0.201,0.1425401655893673,0.33925,0.546,0.6601666666666667,0.0043740903051244,0.65,,,,,,,,,,,,29.276000000000003,207.0,0.465,21.0,,,,,,,1,99,40__40
212,2012,40.0,40.0,2.4481,estimate_normalized,True,136.0,134.83369,7.140000000000001,3.766,232.258,464.594502,5.536,432.0,62.0,0.3690967741935483,0.772,0.149,0.2239304118346431,0.199,0.5327500000000001,0.7698333333333335,0.0064621928825457,0.741,,,,,,,,,,,,22.883999999999997,199.0,0.623,17.0,,,,,,,1,99,40__40
213,2012,40.0,40.0,1.6418,estimate_normalized,True,14.0,16.53751,7.2,3.39,148.5,272.23874,13.42,420.0,62.0,0.4311451612903225,0.694,0.174,0.1714398085639909,0.2985,0.6145,0.6925,0.005265344543113,0.656,,,,,,,,,,,,26.730999999999998,199.0,0.52,19.0,,,,,,,1,99,40__40
214,2012,40.0,40.0,1.6657,estimate_normalized,True,9.0,10.99122,7.1,3.67,236.12,399.02591,8.82,420.0,62.0,0.4336612903225807,0.689,0.176,0.1679820404713424,0.306,0.6085,0.6883333333333334,0.0051635913992752,0.651,,,,,,,,,,,,26.887000000000004,199.0,0.5129999999999999,20.0,,,,,,,1,99,40__40
215,2012,40.0,40.0,1.9233,estimate_normalized,True,79.0,78.14849,6.666666666666667,3.776666666666667,192.12,392.99891,12.116666666666667,430.0,57.0,0.4078245614035088,0.644,0.14,0.1474894135727568,0.306,0.555,0.6366,0.0045961813803104,0.619,,,,,,,,,,,,23.246000000000002,208.0,0.504,17.0,,,,,,,1,99,40__40
216,2012,40.0,40.0,2.4394,estimate_normalized,True,37.0,37.51924,6.4,3.71,242.68,688.96085,7.64,540.0,59.0,0.4886779661016949,0.689,0.159,0.1716069060162598,0.3465,0.67,0.6878,0.0052444723343491,0.685,,,,,,,,,,,,28.832,172.0,0.5299999999999999,29.0,,,,,,,1,99,40__40
217,2012,40.0,40.0,1.6152000000000002,estimate_normalized,True,408.0,408.48131,6.94,3.484666666666667,201.10266666666664,313.7409,4.662000000000001,472.0,63.0,0.3517936507936506,0.672,0.153,0.1864541442183453,0.19,0.5005,0.6678333333333334,0.0055066709346991,0.64,,,,,,,,,,,,22.162999999999993,199.0,0.519,16.0,,,,,,,1,99,40__40
218,2012,40.0,40.0,1.8592,estimate_normalized,True,39.0,39.30376,7.2,3.87,198.74,289.9543,4.86,390.0,58.0,0.4133620689655172,0.682,0.129,0.1801039640640412,0.247,0.61325,0.6772000000000001,0.0055173521719207,0.614,,,,,,,,,,,,23.975,200.0,0.553,20.0,,,,,,,1,99,40__40
219,2012,40.0,40.0,1.8639,estimate_normalized,True,210.0,209.86423,6.8,3.69625,212.37625,656.214605,8.491249999999999,446.25,64.0,0.361296875,0.754,0.157,0.2205838615815635,0.20675,0.532,0.754,0.00630100689106,0.754,,,,,,,,,,,,23.123,200.0,0.597,18.0,,,,,,,1,99,40__40
220,2012,40.0,40.0,1.7906,estimate_normalized,True,25.0,24.0006,7.3,3.74,197.06,380.11444,6.0,420.0,60.0,0.4261166666666667,0.682,0.15,0.1796561615667241,0.25525,0.6185,0.6791666666666667,0.0054013825318505,0.648,,,,,,,,,,,,25.567000000000004,199.0,0.532,21.0,,,,,,,1,99,40__40
222,2012,40.0,40.0,1.3562,estimate_normalized,True,62.0,62.12991,6.9,3.725,206.315,278.80506,4.845,420.0,61.0,0.3776393442622951,0.669,0.171,0.1563607674564499,0.263,0.438,0.6618333333333334,0.0045358606977138,0.626,,,,,,,,,,,,23.036,205.0,0.498,13.0,,,,,,,1,99,40__40
223,2012,40.0,40.0,1.3923,estimate_normalized,True,70.0,70.93112,6.433333333333334,3.6633333333333336,175.33333333333334,560.82853,6.72,430.0,61.0,0.3866393442622949,0.71,0.151,0.1895654247359146,0.246,0.539,0.7055000000000001,0.0056873517022879,0.649,,,,,,,,,,,,23.584999999999994,199.0,0.5589999999999999,20.0,,,,,,,1,99,40__40
224,2012,40.0,40.0,2.8529,estimate_normalized,True,104.0,106.08424,6.5,3.808,191.728,598.903534,18.618,516.0,61.0,0.44,0.694,0.161,0.1902465182465057,0.27,0.673,0.6853333333333333,0.0058700970091171,0.694,,,,,,,,,,,,26.840000000000003,209.0,0.5329999999999999,22.0,,,,,,,1,99,40__40
226,2012,40.0,40.0,1.3478,estimate_normalized,True,40.0,41.00801,7.2,3.79,218.81,806.48818,8.56,420.0,58.0,0.4272758620689655,0.654,0.112,0.1657675764960093,0.288,0.5845,0.6472,0.0050357942247758,0.635,,,,,,,,,,,,24.782,200.0,0.542,21.0,,,,,,,1,99,40__40
227,2012,40.0,40.0,1.6476,estimate_normalized,True,346.0,348.50924,6.953846153846154,3.8015384615384615,195.0484615384616,763.0697146153847,10.056153846153848,475.38461538461536,68.0,0.3621323529411764,0.645,0.129,0.1792227421568712,0.20175,0.5792499999999999,0.6371666666666667,0.0052875922602554,0.57,,,,,,,,,,,,24.624999999999996,197.0,0.516,22.0,,,,,,,1,99,40__40
228,2012,40.0,40.0,1.1162,estimate_normalized,True,59.0,55.06353,6.699999999999999,3.515,179.82,438.82045,7.755,420.0,57.0,0.3438421052631579,0.595,0.176,0.1219821369542227,0.241,0.449,0.5708,0.003631598006309,0.595,,,,,,,,,,,,19.599,209.0,0.419,7.0,,,,,,,1,99,40__40
229,2012,40.0,40.0,0.9024,estimate_normalized,True,12.0,9.82891,6.4,2.36,225.3,220.85171,12.11,480.0,61.0,0.3086229508196721,0.492,0.089,0.1176370026449699,0.24,0.392,0.4623333333333333,0.0033355173447216,0.492,,,,,,,,,,,,18.826000000000004,209.0,0.403,0.0,,,,,,,1,99,40__40
230,2012,40.0,40.0,2.2159,estimate_normalized,True,223.0,222.45567,7.1000000000000005,3.73,184.71,792.107215,3.6633333333333336,445.0,63.0,0.3748888888888889,0.772,0.137,0.2190733088225217,0.211,0.5609999999999999,0.7648333333333334,0.0062641036229814,0.727,,,,,,,,,,,,23.618000000000002,198.0,0.635,17.0,,,,,,,1,99,40__40
231,2012,40.0,40.0,1.7558,estimate_normalized,True,235.0,231.50464,7.2625,3.685,204.0575,646.09227125,9.26,453.75,65.0,0.3756,0.655,0.159,0.1946072810717878,0.216,0.632,0.6485,0.0055298138885391,0.626,,,,,,,,,,,,24.414,200.0,0.496,22.0,,,,,,,1,99,40__40
232,2012,40.0,40.0,2.3602,estimate_normalized,True,296.0,296.88138,6.609090909090909,3.7290909090909095,211.9754545454545,649.4797309090909,7.533636363636364,452.7272727272728,67.0,0.4318955223880596,0.776,0.163,0.2390778387158157,0.1995,0.736,0.766,0.0069655834997701,0.686,,,,,,,,,,,,28.936999999999998,180.0,0.613,25.0,,,,,,,1,99,40__40
233,2012,40.0,40.0,1.9567,estimate_normalized,True,39.0,38.82,6.7,3.57,211.75,698.55237,6.06,510.0,59.0,0.4203050847457626,0.63,0.141,0.1602530048622044,0.284,0.604,0.625,0.0046761730991612,0.575,,,,,,,,,,,,24.797999999999995,180.0,0.489,21.0,,,,,,,1,99,40__40
234,2012,40.0,40.0,1.7617,estimate_normalized,True,35.0,36.18,6.5,3.73,181.31,492.74302,14.32,480.0,59.0,0.4502881355932203,0.757,0.16,0.173208510657879,0.325,0.5555000000000001,0.7552000000000001,0.0053479137527232,0.593,,,,,,,,,,,,26.567,201.0,0.597,19.0,,,,,,,1,99,40__40
195,2013,40.0,40.0,1.9425,estimate_normalized,True,123.0,122.42127,6.9,3.6425,225.2,499.4803025,7.5175,427.5,32.0,0.44865625,0.631,0.176,0.1728168483856174,0.2615,0.61075,0.624,0.0058160904054665,0.533,13.87788617886179,32.6,161.2,1142.8,1031.42,4.0,0.0,91.0,53.1,0.0,47.0,14.357,182.0,0.455,18.0,12.0,3.0,77.60000000000001,3.0,0.0,0.0,1,99,40__40
197,2013,40.0,40.0,1.6961,estimate_normalized,True,343.0,343.71311,6.976923076923077,3.579230769230769,216.96,502.5284007692308,4.591538461538462,454.61538461538464,39.0,0.4488717948717948,0.716,0.153,0.2021357984112229,0.266,0.6755,0.7149999999999999,0.0074462533640097,0.672,13.87788617886179,32.6,161.2,1142.8,1031.42,4.0,0.0,91.0,53.1,0.0,47.0,17.505999999999997,193.0,0.563,17.0,12.0,3.0,77.60000000000001,3.0,0.0,0.0,1,99,40__40
207,2013,40.0,40.0,2.2497,estimate_normalized,True,110.91,110.91329,6.875,3.55,244.935,425.663535,5.4125,412.5,39.0,0.5248974358974358,0.672,0.211,0.121101524450333,0.48,0.6234999999999999,0.6666666666666666,0.0034367513497271,0.472,13.87788617886179,32.6,161.2,1142.8,1031.42,4.0,0.0,91.0,53.1,0.0,47.0,20.470999999999997,179.0,0.4610000000000001,27.0,12.0,3.0,77.60000000000001,3.0,0.0,0.0,1,99,40__40
208,2013,40.0,40.0,2.7517,estimate_normalized,True,130.0,128.21593,6.8,3.916,202.758,706.31834,5.7,504.0,38.0,0.4945789473684212,0.748,0.177,0.2051200715856764,0.274,0.6935,0.7426666666666666,0.0075186515411449,0.699,13.87788617886179,32.6,161.2,1142.8,1031.42,4.0,0.0,91.0,53.1,0.0,47.0,18.794000000000008,192.0,0.571,20.0,12.0,3.0,77.60000000000001,3.0,0.0,0.0,1,99,40__40
209,2013,40.0,40.0,1.7872,estimate_normalized,True,301.65,301.6502,7.042857142857143,3.5357142857142856,171.9557142857143,277.5815457142857,7.35,437.1428571428572,35.0,0.4679999999999999,0.667,0.157,0.181438537409071,0.3145,0.661,0.665,0.0065176972059896,0.581,13.87788617886179,32.6,161.2,1142.8,1031.42,4.0,0.0,91.0,53.1,0.0,47.0,16.38,198.0,0.51,18.0,12.0,3.0,77.60000000000001,3.0,0.0,0.0,1,99,40__40
210,2013,40.0,40.0,1.9414,estimate_normalized,True,247.0,245.92428,7.2125,3.72,230.06625,480.10587375,9.455,423.75,36.0,0.4462777777777778,0.717,0.15,0.1690216309482164,0.33725,0.60875,0.7143333333333333,0.0059281765505227,0.717,13.87788617886179,32.6,161.2,1142.8,1031.42,4.0,0.0,91.0,53.1,0.0,47.0,16.066,213.0,0.567,13.0,12.0,3.0,77.60000000000001,3.0,0.0,0.0,1,99,40__40
212,2013,40.0,40.0,2.199,estimate_normalized,True,136.0,134.83369,7.140000000000001,3.766,232.258,464.594502,5.536,432.0,37.0,0.4861891891891892,0.687,0.202,0.1815542265562101,0.302,0.663,0.6859999999999999,0.0068969422035331,0.66,13.87788617886179,32.6,161.2,1142.8,1031.42,4.0,0.0,91.0,53.1,0.0,47.0,17.989,193.0,0.48500000000000004,21.0,12.0,3.0,77.60000000000001,3.0,0.0,0.0,1,99,40__40
213,2013,40.0,40.0,2.0484,estimate_normalized,True,14.0,16.53751,7.2,3.39,148.5,272.23874,13.42,420.0,31.0,0.4761290322580644,0.698,0.136,0.1733842910500673,0.347,0.677,0.6886666666666666,0.0064380108015801,0.677,13.87788617886179,32.6,161.2,1142.8,1031.42,4.0,0.0,91.0,53.1,0.0,47.0,14.759999999999998,199.0,0.5619999999999999,17.0,12.0,3.0,77.60000000000001,3.0,0.0,0.0,1,99,40__40
214,2013,40.0,40.0,2.064,estimate_normalized,True,9.0,10.99122,7.1,3.67,236.12,399.02591,8.82,420.0,30.0,0.4803666666666667,0.7,0.138,0.1707845588908891,0.38,0.6665000000000001,0.691,0.0063250005790209,0.688,13.87788617886179,32.6,161.2,1142.8,1031.42,4.0,0.0,91.0,53.1,0.0,47.0,14.411000000000001,199.0,0.5619999999999999,15.0,12.0,3.0,77.60000000000001,3.0,0.0,0.0,1,99,40__40
215,2013,40.0,40.0,1.1653,estimate_normalized,True,79.0,78.14849,6.666666666666667,3.776666666666667,192.12,392.99891,12.116666666666667,430.0,29.0,0.4629655172413793,0.603,0.223,0.1181703862659748,0.377,0.564,0.6025,0.004585946492456,0.59,13.87788617886179,32.6,161.2,1142.8,1031.42,4.0,0.0,91.0,53.1,0.0,47.0,13.426,198.0,0.38,13.0,12.0,3.0,77.60000000000001,3.0,0.0,0.0,1,99,40__40
216,2013,40.0,40.0,2.4091,estimate_normalized,True,37.0,37.51924,6.4,3.71,242.68,688.96085,7.64,540.0,30.0,0.5725666666666667,0.739,0.238,0.1546856346127705,0.507,0.7184999999999999,0.738,0.0058891268611478,0.732,13.87788617886179,32.6,161.2,1142.8,1031.42,4.0,0.0,91.0,53.1,0.0,47.0,17.177,192.0,0.501,22.0,12.0,3.0,77.60000000000001,3.0,0.0,0.0,1,99,40__40
217,2013,40.0,40.0,2.2975000000000003,estimate_normalized,True,408.0,408.48131,6.94,3.484666666666667,201.10266666666664,313.7409,4.662000000000001,472.0,38.0,0.4484210526315789,0.684,0.177,0.1748130778527901,0.3235,0.6285000000000001,0.684,0.0068784579648647,0.677,13.87788617886179,32.6,161.2,1142.8,1031.42,4.0,0.0,91.0,53.1,0.0,47.0,17.04,190.0,0.5070000000000001,18.0,12.0,3.0,77.60000000000001,3.0,0.0,0.0,1,99,40__40
218,2013,40.0,40.0,1.376,estimate_normalized,True,39.0,39.30376,7.2,3.87,198.74,289.9543,4.86,390.0,28.0,0.3860357142857143,0.469,0.218,0.0720076792248364,0.381,0.429,0.4645,0.0025369053704478,0.402,13.87788617886179,32.6,161.2,1142.8,1031.42,4.0,0.0,91.0,53.1,0.0,47.0,10.809000000000001,195.0,0.251,0.0,12.0,3.0,77.60000000000001,3.0,0.0,0.0,1,99,40__40
219,2013,40.0,40.0,1.7675999999999998,estimate_normalized,True,210.0,209.86423,6.8,3.69625,212.37625,656.214605,8.491249999999999,446.25,35.0,0.4233714285714285,0.69,0.161,0.1870095621259261,0.2299999999999999,0.598,0.6846666666666668,0.0066438652446487,0.69,13.87788617886179,32.6,161.2,1142.8,1031.42,4.0,0.0,91.0,53.1,0.0,47.0,14.818,201.0,0.5289999999999999,16.0,12.0,3.0,77.60000000000001,3.0,0.0,0.0,1,99,40__40
220,2013,40.0,40.0,1.8199,estimate_normalized,True,25.0,24.0006,7.3,3.74,197.06,380.11444,6.0,420.0,36.0,0.4639166666666667,0.668,0.187,0.1226864510766277,0.4679999999999999,0.529,0.6333333333333333,0.0037820979165107,0.515,13.87788617886179,32.6,161.2,1142.8,1031.42,4.0,0.0,91.0,53.1,0.0,47.0,16.701,163.0,0.48100000000000004,21.0,12.0,3.0,77.60000000000001,3.0,0.0,0.0,1,99,40__40
222,2013,40.0,40.0,1.1753,estimate_normalized,True,62.0,62.12991,6.9,3.725,206.315,278.80506,4.845,420.0,32.0,0.40096875,0.538,0.227,0.0874855289372905,0.363,0.46325,0.533,0.0018257053912164,0.37,13.87788617886179,32.6,161.2,1142.8,1031.42,4.0,0.0,91.0,53.1,0.0,47.0,12.831000000000001,162.0,0.31100000000000005,4.0,12.0,3.0,77.60000000000001,3.0,0.0,0.0,1,99,40__40
223,2013,40.0,40.0,1.459,estimate_normalized,True,70.0,70.93112,6.433333333333334,3.6633333333333336,175.33333333333334,560.82853,6.72,430.0,35.0,0.4392857142857143,0.606,0.193,0.1021876625006509,0.4155,0.501,0.6053333333333333,0.0021555307589688,0.403,13.87788617886179,32.6,161.2,1142.8,1031.42,4.0,0.0,91.0,53.1,0.0,47.0,15.375,165.0,0.413,9.0,12.0,3.0,77.60000000000001,3.0,0.0,0.0,1,99,40__40
224,2013,40.0,40.0,2.4626,estimate_normalized,True,104.0,106.08424,6.5,3.808,191.728,598.903534,18.618,516.0,33.0,0.5107878787878787,0.738,0.215,0.1899793860549177,0.347,0.715,0.7376666666666667,0.0076045779208648,0.715,13.87788617886179,32.6,161.2,1142.8,1031.42,4.0,0.0,91.0,53.1,0.0,47.0,16.855999999999998,191.0,0.523,16.0,12.0,3.0,77.60000000000001,3.0,0.0,0.0,1,99,40__40
226,2013,40.0,40.0,1.8177,estimate_normalized,True,40.0,41.00801,7.2,3.79,218.81,806.48818,8.56,420.0,28.0,0.5555714285714286,0.653,0.264,0.1189316816410126,0.5385,0.63325,0.6515,0.004060158116118,0.635,13.87788617886179,32.6,161.2,1142.8,1031.42,4.0,0.0,91.0,53.1,0.0,47.0,15.556000000000001,198.0,0.389,22.0,12.0,3.0,77.60000000000001,3.0,0.0,0.0,1,99,40__40
227,2013,40.0,40.0,2.0164999999999997,estimate_normalized,True,346.0,348.50924,6.953846153846154,3.8015384615384615,195.0484615384616,763.0697146153847,10.056153846153848,475.38461538461536,35.0,0.4291999999999999,0.719,0.179,0.2047065914215479,0.228,0.646,0.7183333333333333,0.0071997690607661,0.718,,,,,,,,,,,,15.021999999999998,198.0,0.54,13.0,,,,,,,1,99,40__40
228,2013,40.0,40.0,2.4112,estimate_normalized,True,59.0,55.06353,6.699999999999999,3.515,179.82,438.82045,7.755,420.0,30.0,0.6266333333333332,0.707,0.506,0.0587029149380354,0.57675,0.6847500000000001,0.699,0.0004919845888335,0.528,13.87788617886179,32.6,161.2,1142.8,1031.42,4.0,0.0,91.0,53.1,0.0,47.0,18.798999999999996,179.0,0.20099999999999996,30.0,12.0,3.0,77.60000000000001,3.0,0.0,0.0,1,99,40__40
229,2013,40.0,40.0,1.8671,estimate_normalized,True,12.0,9.82891,6.4,2.36,225.3,220.85171,12.11,480.0,31.0,0.558258064516129,0.647,0.339,0.0831170832725606,0.5215000000000001,0.622,0.6456666666666667,0.0021631723880499,0.52,13.87788617886179,32.6,161.2,1142.8,1031.42,4.0,0.0,91.0,53.1,0.0,47.0,17.306,170.0,0.308,24.0,12.0,3.0,77.60000000000001,3.0,0.0,0.0,1,99,40__40
230,2013,40.0,40.0,2.8546,estimate_normalized,True,223.0,222.45567,7.1000000000000005,3.73,184.71,792.107215,3.6633333333333336,445.0,39.0,0.4774615384615383,0.716,0.155,0.2130030511583374,0.267,0.6944999999999999,0.7153333333333333,0.0077218482890073,0.682,13.87788617886179,32.6,161.2,1142.8,1031.42,4.0,0.0,91.0,53.1,0.0,47.0,18.620999999999995,192.0,0.5609999999999999,21.0,12.0,3.0,77.60000000000001,3.0,0.0,0.0,1,99,40__40
231,2013,40.0,40.0,2.2302,estimate_normalized,True,235.0,231.50464,7.2625,3.685,204.0575,646.09227125,9.26,453.75,39.0,0.4608974358974358,0.744,0.16,0.2149364598859326,0.2805,0.716,0.7440000000000001,0.0074678924375091,0.744,13.87788617886179,32.6,161.2,1142.8,1031.42,4.0,0.0,91.0,53.1,0.0,47.0,17.974999999999998,198.0,0.584,18.0,12.0,3.0,77.60000000000001,3.0,0.0,0.0,1,99,40__40
232,2013,40.0,40.0,2.3914999999999997,estimate_normalized,True,296.0,296.88138,6.609090909090909,3.7290909090909095,211.9754545454545,649.4797309090909,7.533636363636364,452.7272727272728,40.0,0.488575,0.746,0.175,0.2314694242767281,0.28175,0.7224999999999999,0.74575,0.00795519979582,0.72,13.87788617886179,32.6,161.2,1142.8,1031.42,4.0,0.0,91.0,53.1,0.0,47.0,19.543,190.0,0.571,19.0,12.0,3.0,77.60000000000001,3.0,0.0,0.0,1,99,40__40
233,2013,40.0,40.0,1.5523,estimate_normalized,True,39.0,38.82,6.7,3.57,211.75,698.55237,6.06,510.0,31.0,0.4735483870967742,0.603,0.207,0.1047879082871921,0.4295,0.533,0.6,0.003175351201794,0.603,13.87788617886179,32.6,161.2,1142.8,1031.42,4.0,0.0,91.0,53.1,0.0,47.0,14.680000000000001,201.0,0.396,16.0,12.0,3.0,77.60000000000001,3.0,0.0,0.0,1,99,40__40
234,2013,40.0,40.0,2.1286,estimate_normalized,True,35.0,36.18,6.5,3.73,181.31,492.74302,14.32,480.0,27.0,0.6466296296296297,0.736,0.489,0.0736654842278898,0.613,0.7064999999999999,0.7324999999999999,0.0014232401428431,0.617,13.87788617886179,32.6,161.2,1142.8,1031.42,4.0,0.0,91.0,53.1,0.0,47.0,17.459,177.0,0.247,26.0,12.0,3.0,77.60000000000001,3.0,0.0,0.0,1,99,40__40
195,2014,40.0,40.0,2.7474,estimate_normalized,True,123.0,122.42127,6.9,3.6425,225.2,499.4803025,7.5175,427.5,60.0,0.4122333333333333,0.737,0.148,0.2305578283689847,0.19675,0.67025,0.726,0.0062738614279538,0.719,15.34089430894309,35.8,204.0,1294.13,1180.03,29.0,5.0,94.0,65.3,2.0,49.0,24.734,179.0,0.589,25.0,21.0,7.0,72.4,14.0,1.0,0.0,1,99,40__40
197,2014,40.0,40.0,2.2187,estimate_normalized,True,343.0,343.71311,6.976923076923077,3.579230769230769,216.96,502.5284007692308,4.591538461538462,454.61538461538464,62.0,0.4321290322580645,0.713,0.154,0.22275680966898,0.196,0.67,0.7025,0.0062774861274658,0.571,15.34089430894309,35.8,204.0,1294.13,1180.03,29.0,5.0,94.0,65.3,2.0,49.0,26.792,182.0,0.5589999999999999,28.0,21.0,7.0,72.4,14.0,1.0,0.0,1,99,40__40
207,2014,40.0,40.0,2.2424,estimate_normalized,True,110.91,110.91329,6.875,3.55,244.935,425.663535,5.4125,412.5,58.0,0.4172758620689655,0.703,0.168,0.2113949395133267,0.204,0.6485000000000001,0.6926,0.0057876797369194,0.637,15.34089430894309,35.8,204.0,1294.13,1180.03,29.0,5.0,94.0,65.3,2.0,49.0,24.202,182.0,0.5349999999999999,25.0,21.0,7.0,72.4,14.0,1.0,0.0,1,99,40__40
208,2014,40.0,40.0,2.9195,estimate_normalized,True,130.0,128.21593,6.8,3.916,202.758,706.31834,5.7,504.0,57.0,0.4465263157894736,0.738,0.145,0.2164860601049405,0.225,0.692,0.7325999999999999,0.006241939530186,0.708,15.34089430894309,35.8,204.0,1294.13,1180.03,29.0,5.0,94.0,65.3,2.0,49.0,25.451999999999998,190.0,0.593,25.0,21.0,7.0,72.4,14.0,1.0,0.0,1,99,40__40
209,2014,40.0,40.0,2.7874,estimate_normalized,True,301.65,301.6502,7.042857142857143,3.5357142857142856,171.9557142857143,277.5815457142857,7.35,437.1428571428572,63.0,0.4278888888888889,0.711,0.159,0.227149074266296,0.199,0.6924999999999999,0.7098333333333332,0.0062856173828878,0.634,15.34089430894309,35.8,204.0,1294.13,1180.03,29.0,5.0,94.0,65.3,2.0,49.0,26.957,195.0,0.5519999999999999,28.0,21.0,7.0,72.4,14.0,1.0,0.0,1,99,40__40
210,2014,40.0,40.0,2.9256,estimate_normalized,True,247.0,245.92428,7.2125,3.72,230.06625,480.10587375,9.455,423.75,61.0,0.4389836065573769,0.783,0.167,0.2325892384217629,0.214,0.699,0.7666666666666667,0.0065314991594278,0.717,15.34089430894309,35.8,204.0,1294.13,1180.03,29.0,5.0,94.0,65.3,2.0,49.0,26.777999999999995,188.0,0.616,25.0,21.0,7.0,72.4,14.0,1.0,0.0,1,99,40__40
212,2014,40.0,40.0,2.45,estimate_normalized,True,136.0,134.83369,7.140000000000001,3.766,232.258,464.594502,5.536,432.0,57.0,0.3712631578947369,0.728,0.148,0.2097535334219906,0.18,0.605,0.6961999999999999,0.0058469093023135,0.728,15.34089430894309,35.8,204.0,1294.13,1180.03,29.0,5.0,94.0,65.3,2.0,49.0,21.162000000000003,213.0,0.58,20.0,21.0,7.0,72.4,14.0,1.0,0.0,1,99,40__40
213,2014,40.0,40.0,2.4244,estimate_normalized,True,14.0,16.53751,7.2,3.39,148.5,272.23874,13.42,420.0,58.0,0.4468793103448276,0.732,0.169,0.215379382804983,0.233,0.68225,0.7232,0.0060521183885049,0.674,15.34089430894309,35.8,204.0,1294.13,1180.03,29.0,5.0,94.0,65.3,2.0,49.0,25.919,188.0,0.563,26.0,21.0,7.0,72.4,14.0,1.0,0.0,1,99,40__40
214,2014,40.0,40.0,2.6513,estimate_normalized,True,9.0,10.99122,7.1,3.67,236.12,399.02591,8.82,420.0,58.0,0.4475689655172413,0.736,0.17,0.2164729904366478,0.2335,0.68525,0.7276,0.0060909542862727,0.68,15.34089430894309,35.8,204.0,1294.13,1180.03,29.0,5.0,94.0,65.3,2.0,49.0,25.959,188.0,0.566,26.0,21.0,7.0,72.4,14.0,1.0,0.0,1,99,40__40
215,2014,40.0,40.0,2.6138000000000003,estimate_normalized,True,79.0,78.14849,6.666666666666667,3.776666666666667,192.12,392.99891,12.116666666666667,430.0,54.0,0.6127037037037035,0.74,0.371,0.1068572307523471,0.54625,0.71,0.7342000000000001,0.0016439951009857,0.443,15.34089430894309,35.8,204.0,1294.13,1180.03,29.0,5.0,94.0,65.3,2.0,49.0,33.08599999999999,161.0,0.369,44.0,21.0,7.0,72.4,14.0,1.0,0.0,1,99,40__40
216,2014,40.0,40.0,2.9909,estimate_normalized,True,37.0,37.51924,6.4,3.71,242.68,688.96085,7.64,540.0,52.0,0.5480192307692308,0.755,0.181,0.212887880421074,0.31375,0.728,0.7496,0.0067888803857562,0.685,15.34089430894309,35.8,204.0,1294.13,1180.03,29.0,5.0,94.0,65.3,2.0,49.0,28.497,184.0,0.5740000000000001,34.0,21.0,7.0,72.4,14.0,1.0,0.0,1,99,40__40
217,2014,40.0,40.0,3.0689,estimate_normalized,True,408.0,408.48131,6.94,3.484666666666667,201.10266666666664,313.7409,4.662000000000001,472.0,58.0,0.4100172413793104,0.776,0.159,0.2344876653898371,0.19225,0.61925,0.7736000000000001,0.006457241709898,0.748,15.34089430894309,35.8,204.0,1294.13,1180.03,29.0,5.0,94.0,65.3,2.0,49.0,23.781000000000002,201.0,0.617,20.0,21.0,7.0,72.4,14.0,1.0,0.0,1,99,40__40
218,2014,40.0,40.0,2.1887,estimate_normalized,True,39.0,39.30376,7.2,3.87,198.74,289.9543,4.86,390.0,54.0,0.4346481481481482,0.658,0.156,0.1698077515797516,0.249,0.5905,0.6498,0.0053892259555731,0.601,15.34089430894309,35.8,204.0,1294.13,1180.03,29.0,5.0,94.0,65.3,2.0,49.0,23.471000000000004,196.0,0.502,24.0,21.0,7.0,72.4,14.0,1.0,0.0,1,99,40__40
219,2014,40.0,40.0,2.3038,estimate_normalized,True,210.0,209.86423,6.8,3.69625,212.37625,656.214605,8.491249999999999,446.25,58.0,0.4448448275862069,0.792,0.156,0.2489009498135226,0.1855,0.7015,0.7672000000000001,0.0067310076599532,0.577,15.34089430894309,35.8,204.0,1294.13,1180.03,29.0,5.0,94.0,65.3,2.0,49.0,25.801000000000002,188.0,0.636,27.0,21.0,7.0,72.4,14.0,1.0,0.0,1,99,40__40
220,2014,40.0,40.0,2.0431,estimate_normalized,True,25.0,24.0006,7.3,3.74,197.06,380.11444,6.0,420.0,49.0,0.5158571428571429,0.711,0.165,0.1869750610894077,0.32,0.693,0.709,0.0049777732476868,0.494,15.34089430894309,35.8,204.0,1294.13,1180.03,29.0,5.0,94.0,65.3,2.0,49.0,25.277,172.0,0.5459999999999999,30.0,21.0,7.0,72.4,14.0,1.0,0.0,1,99,40__40
222,2014,40.0,40.0,2.3248,estimate_normalized,True,62.0,62.12991,6.9,3.725,206.315,278.80506,4.845,420.0,55.0,0.5742727272727273,0.735,0.265,0.1402111984304009,0.4649999999999999,0.7244999999999999,0.7318,0.0026422534202193,0.455,15.34089430894309,35.8,204.0,1294.13,1180.03,29.0,5.0,94.0,65.3,2.0,49.0,31.584999999999997,173.0,0.47,39.0,21.0,7.0,72.4,14.0,1.0,0.0,1,99,40__40
223,2014,40.0,40.0,2.4033,estimate_normalized,True,70.0,70.93112,6.433333333333334,3.6633333333333336,175.33333333333334,560.82853,6.72,430.0,53.0,0.5733396226415095,0.733,0.253,0.1382402807523882,0.449,0.715,0.73,0.001634841893979,0.378,15.34089430894309,35.8,204.0,1294.13,1180.03,29.0,5.0,94.0,65.3,2.0,49.0,30.387000000000004,170.0,0.48,36.0,21.0,7.0,72.4,14.0,1.0,0.0,1,99,40__40
224,2014,40.0,40.0,2.6593,estimate_normalized,True,104.0,106.08424,6.5,3.808,191.728,598.903534,18.618,516.0,54.0,0.4914444444444444,0.747,0.169,0.2031283727165388,0.2695,0.71775,0.7452,0.0067189178545465,0.74,15.34089430894309,35.8,204.0,1294.13,1180.03,29.0,5.0,94.0,65.3,2.0,49.0,26.537999999999997,191.0,0.578,27.0,21.0,7.0,72.4,14.0,1.0,0.0,1,99,40__40
226,2014,40.0,40.0,2.2283,estimate_normalized,True,40.0,41.00801,7.2,3.79,218.81,806.48818,8.56,420.0,51.0,0.5629019607843138,0.724,0.228,0.1507106375497931,0.455,0.7015,0.7198,0.0034265667923011,0.476,15.34089430894309,35.8,204.0,1294.13,1180.03,29.0,5.0,94.0,65.3,2.0,49.0,28.708000000000002,175.0,0.496,33.0,21.0,7.0,72.4,14.0,1.0,0.0,1,99,40__40
227,2014,40.0,40.0,2.401,estimate_normalized,True,346.0,348.50924,6.953846153846154,3.8015384615384615,195.0484615384616,763.0697146153847,10.056153846153848,475.38461538461536,63.0,0.4104761904761905,0.69,0.161,0.2165739623757628,0.195,0.6475,0.6808333333333335,0.0059085410387084,0.641,15.34089430894309,35.8,204.0,1294.13,1180.03,29.0,5.0,94.0,65.3,2.0,49.0,25.86,180.0,0.5289999999999999,27.0,21.0,7.0,72.4,14.0,1.0,0.0,1,99,40__40
228,2014,40.0,40.0,3.021,estimate_normalized,True,59.0,55.06353,6.699999999999999,3.515,179.82,438.82045,7.755,420.0,50.0,0.4262399999999999,0.702,0.205,0.1786114845131745,0.2635,0.628,0.6936,0.005003668147999,0.685,15.34089430894309,35.8,204.0,1294.13,1180.03,29.0,5.0,94.0,65.3,2.0,49.0,21.311999999999998,188.0,0.497,20.0,21.0,7.0,72.4,14.0,1.0,0.0,1,99,40__40
229,2014,40.0,40.0,1.8888000000000005,estimate_normalized,True,12.0,9.82891,6.4,2.36,225.3,220.85171,12.11,480.0,52.0,0.374076923076923,0.595,0.086,0.1672143771599621,0.2085,0.5427500000000001,0.5894,0.0048159011524788,0.54,15.34089430894309,35.8,204.0,1294.13,1180.03,29.0,5.0,94.0,65.3,2.0,49.0,19.451999999999998,204.0,0.509,15.0,21.0,7.0,72.4,14.0,1.0,0.0,1,99,40__40
230,2014,40.0,40.0,2.0745,estimate_normalized,True,223.0,222.45567,7.1000000000000005,3.73,184.71,792.107215,3.6633333333333336,445.0,59.0,0.4384237288135593,0.732,0.148,0.2238884561402745,0.2045,0.6715,0.7274,0.006124010758661,0.545,15.34089430894309,35.8,204.0,1294.13,1180.03,29.0,5.0,94.0,65.3,2.0,49.0,25.867,189.0,0.584,28.0,21.0,7.0,72.4,14.0,1.0,0.0,1,99,40__40
231,2014,40.0,40.0,2.6751,estimate_normalized,True,235.0,231.50464,7.2625,3.685,204.0575,646.09227125,9.26,453.75,59.0,0.4379830508474577,0.724,0.161,0.2265305375848672,0.201,0.6675,0.7075999999999999,0.0061641994849588,0.652,15.34089430894309,35.8,204.0,1294.13,1180.03,29.0,5.0,94.0,65.3,2.0,49.0,25.841000000000005,182.0,0.563,27.0,21.0,7.0,72.4,14.0,1.0,0.0,1,99,40__40
232,2014,40.0,40.0,2.4254,estimate_normalized,True,296.0,296.88138,6.609090909090909,3.7290909090909095,211.9754545454545,649.4797309090909,7.533636363636364,452.7272727272728,59.0,0.432728813559322,0.745,0.149,0.2369743482154802,0.197,0.6904999999999999,0.7338,0.0064245153741096,0.618,15.34089430894309,35.8,204.0,1294.13,1180.03,29.0,5.0,94.0,65.3,2.0,49.0,25.531,182.0,0.596,27.0,21.0,7.0,72.4,14.0,1.0,0.0,1,99,40__40
233,2014,40.0,40.0,2.4834,estimate_normalized,True,39.0,38.82,6.7,3.57,211.75,698.55237,6.06,510.0,54.0,0.6256111111111111,0.801,0.328,0.1213532365645488,0.559,0.73675,0.7736000000000001,0.0006833530921259,0.38,15.34089430894309,35.8,204.0,1294.13,1180.03,29.0,5.0,94.0,65.3,2.0,49.0,33.783,153.0,0.47300000000000003,44.0,21.0,7.0,72.4,14.0,1.0,0.0,1,99,40__40
234,2014,40.0,40.0,2.2455,estimate_normalized,True,35.0,36.18,6.5,3.73,181.31,492.74302,14.32,480.0,49.0,0.4998571428571428,0.671,0.222,0.1281195232776721,0.428,0.623,0.65675,0.004020424826282,0.671,15.34089430894309,35.8,204.0,1294.13,1180.03,29.0,5.0,94.0,65.3,2.0,49.0,24.493,213.0,0.44900000000000007,23.0,21.0,7.0,72.4,14.0,1.0,0.0,1,99,40__40
195,2015,40.0,40.0,0.8484,estimate_normalized,True,123.0,122.42127,6.9,3.6425,225.2,499.4803025,7.5175,427.5,52.0,0.3331923076923077,0.511,0.189,0.0706570913370556,0.2917499999999999,0.3682499999999999,0.4504,0.0012762421419479,0.317,12.758333333333333,32.8,113.5,685.65,618.73,4.0,0.0,64.0,113.5,0.0,48.0,17.326,152.0,0.322,2.0,19.0,2.0,0.0,0.0,0.0,0.0,1,99,40__40
197,2015,40.0,40.0,2.0006,estimate_normalized,True,343.0,343.71311,6.976923076923077,3.579230769230769,216.96,502.5284007692308,4.591538461538462,454.61538461538464,54.0,0.4680185185185185,0.658,0.163,0.1862721516273414,0.2485,0.633,0.6534,0.00498393465791,0.456,12.758333333333333,32.8,113.5,685.65,618.73,4.0,0.0,64.0,113.5,0.0,48.0,25.273,168.0,0.495,30.0,19.0,2.0,0.0,0.0,0.0,0.0,1,99,40__40
207,2015,40.0,40.0,1.7668,estimate_normalized,True,110.91,110.91329,6.875,3.55,244.935,425.663535,5.4125,412.5,54.0,0.4369814814814814,0.613,0.164,0.167187463062314,0.25975,0.59075,0.6115999999999999,0.0041321701781584,0.376,12.758333333333333,32.8,113.5,685.65,618.73,4.0,0.0,64.0,113.5,0.0,48.0,23.596999999999998,162.0,0.44899999999999995,25.0,19.0,2.0,0.0,0.0,0.0,0.0,1,99,40__40
208,2015,40.0,40.0,1.4288,estimate_normalized,True,130.0,128.21593,6.8,3.916,202.758,706.31834,5.7,504.0,56.0,0.4355357142857143,0.592,0.196,0.12265630906342,0.32375,0.52675,0.5788,0.0028227426329135,0.466,12.758333333333333,32.8,113.5,685.65,618.73,4.0,0.0,64.0,113.5,0.0,48.0,24.39,164.0,0.39599999999999996,21.0,19.0,2.0,0.0,0.0,0.0,0.0,1,99,40__40
209,2015,40.0,40.0,1.9986,estimate_normalized,True,301.65,301.6502,7.042857142857143,3.5357142857142856,171.9557142857143,277.5815457142857,7.35,437.1428571428572,57.0,0.4956842105263158,0.729,0.17,0.2122569741705225,0.235,0.675,0.727,0.0067140259546441,0.579,12.758333333333333,32.8,113.5,685.65,618.73,4.0,0.0,64.0,113.5,0.0,48.0,28.254,197.0,0.5589999999999999,35.0,19.0,2.0,0.0,0.0,0.0,0.0,1,99,40__40
210,2015,40.0,40.0,2.4408000000000003,estimate_normalized,True,247.0,245.92428,7.2125,3.72,230.06625,480.10587375,9.455,423.75,59.0,0.4936949152542372,0.755,0.174,0.2072960917025748,0.305,0.706,0.7535999999999999,0.0068555012594258,0.7,12.758333333333333,32.8,113.5,685.65,618.73,4.0,0.0,64.0,113.5,0.0,48.0,29.127999999999997,197.0,0.581,28.0,19.0,2.0,0.0,0.0,0.0,0.0,1,99,40__40
212,2015,40.0,40.0,1.6854,estimate_normalized,True,136.0,134.83369,7.140000000000001,3.766,232.258,464.594502,5.536,432.0,53.0,0.4361132075471698,0.66,0.17,0.1831624354230119,0.289,0.648,0.659,0.001508970998272,0.283,12.758333333333333,32.8,113.5,685.65,618.73,4.0,0.0,64.0,113.5,0.0,48.0,23.114,180.0,0.49,23.0,19.0,2.0,0.0,0.0,0.0,0.0,1,99,40__40
213,2015,40.0,40.0,2.1305,estimate_normalized,True,14.0,16.53751,7.2,3.39,148.5,272.23874,13.42,420.0,51.0,0.5257450980392158,0.727,0.194,0.1865343203596839,0.3645,0.6835,0.725,0.0061171821061052,0.643,12.758333333333333,32.8,113.5,685.65,618.73,4.0,0.0,64.0,113.5,0.0,48.0,26.813000000000002,197.0,0.5329999999999999,33.0,19.0,2.0,0.0,0.0,0.0,0.0,1,99,40__40
214,2015,40.0,40.0,2.2145,estimate_normalized,True,9.0,10.99122,7.1,3.67,236.12,399.02591,8.82,420.0,51.0,0.5216274509803922,0.73,0.194,0.1875298628019604,0.358,0.687,0.7293999999999999,0.006202062488356,0.646,12.758333333333333,32.8,113.5,685.65,618.73,4.0,0.0,64.0,113.5,0.0,48.0,26.603000000000005,196.0,0.536,30.0,19.0,2.0,0.0,0.0,0.0,0.0,1,99,40__40
215,2015,40.0,40.0,1.4253,estimate_normalized,True,79.0,78.14849,6.666666666666667,3.776666666666667,192.12,392.99891,12.116666666666667,430.0,48.0,0.4128124999999999,0.575,0.191,0.1061666646225797,0.3765,0.4772499999999999,0.54,0.0027169082218095,0.431,12.758333333333333,32.8,113.5,685.65,618.73,4.0,0.0,64.0,113.5,0.0,48.0,19.814999999999998,183.0,0.38399999999999995,4.0,19.0,2.0,0.0,0.0,0.0,0.0,1,99,40__40
216,2015,40.0,40.0,2.7174,estimate_normalized,True,37.0,37.51924,6.4,3.71,242.68,688.96085,7.64,540.0,50.0,0.5754600000000001,0.719,0.196,0.1808226987963624,0.4195,0.70175,0.7121999999999999,0.0052594194248941,0.641,12.758333333333333,32.8,113.5,685.65,618.73,4.0,0.0,64.0,113.5,0.0,48.0,28.773000000000003,183.0,0.5229999999999999,36.0,19.0,2.0,0.0,0.0,0.0,0.0,1,99,40__40
217,2015,40.0,40.0,1.251,estimate_normalized,True,408.0,408.48131,6.94,3.484666666666667,201.10266666666664,313.7409,4.662000000000001,472.0,55.0,0.3668,0.508,0.179,0.1042947571243941,0.271,0.4515,0.4974,0.0028591498771721,0.365,12.758333333333333,32.8,113.5,685.65,618.73,4.0,0.0,64.0,113.5,0.0,48.0,20.174,188.0,0.329,1.0,19.0,2.0,0.0,0.0,0.0,0.0,1,99,40__40
218,2015,40.0,40.0,1.8712,estimate_normalized,True,39.0,39.30376,7.2,3.87,198.74,289.9543,4.86,390.0,52.0,0.4759807692307692,0.651,0.187,0.1680799363838316,0.26625,0.619,0.6406000000000001,0.0052142015199318,0.553,12.758333333333333,32.8,113.5,685.65,618.73,4.0,0.0,64.0,113.5,0.0,48.0,24.751,183.0,0.464,32.0,19.0,2.0,0.0,0.0,0.0,0.0,1,99,40__40
219,2015,40.0,40.0,2.5288,estimate_normalized,True,210.0,209.86423,6.8,3.69625,212.37625,656.214605,8.491249999999999,446.25,56.0,0.4990535714285714,0.735,0.172,0.2174420628616519,0.2225,0.68675,0.7318,0.0070010385390415,0.658,12.758333333333333,32.8,113.5,685.65,618.73,4.0,0.0,64.0,113.5,0.0,48.0,27.947,195.0,0.563,35.0,19.0,2.0,0.0,0.0,0.0,0.0,1,99,40__40
220,2015,40.0,40.0,2.3007,estimate_normalized,True,25.0,24.0006,7.3,3.74,197.06,380.11444,6.0,420.0,50.0,0.5343,0.693,0.177,0.1774363266076031,0.3742499999999999,0.667,0.6894,0.0054309797523627,0.593,12.758333333333333,32.8,113.5,685.65,618.73,4.0,0.0,64.0,113.5,0.0,48.0,26.715,199.0,0.516,33.0,19.0,2.0,0.0,0.0,0.0,0.0,1,99,40__40
222,2015,40.0,40.0,1.9893,estimate_normalized,True,62.0,62.12991,6.9,3.725,206.315,278.80506,4.845,420.0,51.0,0.4641960784313725,0.636,0.182,0.1603971809942301,0.3105,0.613,0.6294000000000001,0.0038511391548607,0.351,12.758333333333333,32.8,113.5,685.65,618.73,4.0,0.0,64.0,113.5,0.0,48.0,23.674,174.0,0.454,26.0,19.0,2.0,0.0,0.0,0.0,0.0,1,99,40__40
223,2015,40.0,40.0,1.401,estimate_normalized,True,70.0,70.93112,6.433333333333334,3.6633333333333336,175.33333333333334,560.82853,6.72,430.0,51.0,0.4528627450980392,0.626,0.179,0.1636779501251476,0.2545,0.6005,0.6212,0.004557578038739,0.422,12.758333333333333,32.8,113.5,685.65,618.73,4.0,0.0,64.0,113.5,0.0,48.0,23.096,188.0,0.447,27.0,19.0,2.0,0.0,0.0,0.0,0.0,1,99,40__40
224,2015,40.0,40.0,1.9421,estimate_normalized,True,104.0,106.08424,6.5,3.808,191.728,598.903534,18.618,516.0,50.0,0.4985199999999999,0.662,0.166,0.1710303177802111,0.402,0.63275,0.6526,0.0047262825184574,0.501,12.758333333333333,32.8,113.5,685.65,618.73,4.0,0.0,64.0,113.5,0.0,48.0,24.926,175.0,0.496,36.0,19.0,2.0,0.0,0.0,0.0,0.0,1,99,40__40
226,2015,40.0,40.0,1.8338,estimate_normalized,True,40.0,41.00801,7.2,3.79,218.81,806.48818,8.56,420.0,50.0,0.53158,0.723,0.153,0.1815542993156593,0.34275,0.68,0.712,0.0049039087567588,0.568,12.758333333333333,32.8,113.5,685.65,618.73,4.0,0.0,64.0,113.5,0.0,48.0,26.579000000000004,165.0,0.57,34.0,19.0,2.0,0.0,0.0,0.0,0.0,1,99,40__40
227,2015,40.0,40.0,1.6342,estimate_normalized,True,346.0,348.50924,6.953846153846154,3.8015384615384615,195.0484615384616,763.0697146153847,10.056153846153848,475.38461538461536,55.0,0.4330727272727273,0.716,0.16,0.2063282340478133,0.218,0.638,0.7154,0.0067774331850074,0.601,12.758333333333333,32.8,113.5,685.65,618.73,4.0,0.0,64.0,113.5,0.0,48.0,23.819,196.0,0.5559999999999999,26.0,19.0,2.0,0.0,0.0,0.0,0.0,1,99,40__40
228,2015,40.0,40.0,1.6277,estimate_normalized,True,59.0,55.06353,6.699999999999999,3.515,179.82,438.82045,7.755,420.0,50.0,0.41828,0.636,0.183,0.1480510776725384,0.332,0.5842499999999999,0.6142,0.0017948046248839,0.339,12.758333333333333,32.8,113.5,685.65,618.73,4.0,0.0,64.0,113.5,0.0,48.0,20.913999999999998,180.0,0.453,19.0,19.0,2.0,0.0,0.0,0.0,0.0,1,99,40__40
229,2015,40.0,40.0,1.6917000000000002,estimate_normalized,True,12.0,9.82891,6.4,2.36,225.3,220.85171,12.11,480.0,49.0,0.3852857142857142,0.578,0.076,0.1661166297932797,0.275,0.544,0.5702499999999999,0.003637823899541,0.411,12.758333333333333,32.8,113.5,685.65,618.73,4.0,0.0,64.0,113.5,0.0,48.0,18.878999999999998,180.0,0.502,15.0,19.0,2.0,0.0,0.0,0.0,0.0,1,99,40__40
230,2015,40.0,40.0,2.0985,estimate_normalized,True,223.0,222.45567,7.1000000000000005,3.73,184.71,792.107215,3.6633333333333336,445.0,57.0,0.4972982456140351,0.682,0.179,0.1918059111205433,0.258,0.662,0.678,0.0055845856288915,0.521,12.758333333333333,32.8,113.5,685.65,618.73,4.0,0.0,64.0,113.5,0.0,48.0,28.346000000000004,173.0,0.5030000000000001,36.0,19.0,2.0,0.0,0.0,0.0,0.0,1,99,40__40
231,2015,40.0,40.0,1.9308,estimate_normalized,True,235.0,231.50464,7.2625,3.685,204.0575,646.09227125,9.26,453.75,52.0,0.470076923076923,0.623,0.192,0.1477968780447114,0.38125,0.5874999999999999,0.6178000000000001,0.0033456746409365,0.416,12.758333333333333,32.8,113.5,685.65,618.73,4.0,0.0,64.0,113.5,0.0,48.0,24.444,168.0,0.431,29.0,19.0,2.0,0.0,0.0,0.0,0.0,1,99,40__40
232,2015,40.0,40.0,1.3354,estimate_normalized,True,296.0,296.88138,6.609090909090909,3.7290909090909095,211.9754545454545,649.4797309090909,7.533636363636364,452.7272727272728,52.0,0.4504999999999999,0.631,0.166,0.1725228524439142,0.24825,0.585,0.6298,0.0051041969923378,0.455,12.758333333333333,32.8,113.5,685.65,618.73,4.0,0.0,64.0,113.5,0.0,48.0,23.426,199.0,0.46499999999999997,31.0,19.0,2.0,0.0,0.0,0.0,0.0,1,99,40__40
233,2015,40.0,40.0,2.2576,estimate_normalized,True,39.0,38.82,6.7,3.57,211.75,698.55237,6.06,510.0,49.0,0.4948571428571429,0.649,0.181,0.1571851891033929,0.27,0.627,0.64575,0.0045430877192982,0.497,12.758333333333333,32.8,113.5,685.65,618.73,4.0,0.0,64.0,113.5,0.0,48.0,24.248,175.0,0.468,31.0,19.0,2.0,0.0,0.0,0.0,0.0,1,99,40__40
234,2015,40.0,40.0,2.3784,estimate_normalized,True,35.0,36.18,6.5,3.73,181.31,492.74302,14.32,480.0,46.0,0.5196956521739129,0.706,0.196,0.1655675180238402,0.43925,0.68,0.7032499999999999,0.0028046291584801,0.461,12.758333333333333,32.8,113.5,685.65,618.73,4.0,0.0,64.0,113.5,0.0,48.0,23.905999999999995,169.0,0.51,22.0,19.0,2.0,0.0,0.0,0.0,0.0,1,99,40__40
195,2016,40.0,40.0,2.3569,estimate_normalized,True,123.0,122.42127,6.9,3.6425,225.2,499.4803025,7.5175,427.5,44.0,0.5045681818181817,0.652,0.243,0.1138963639229806,0.438,0.61175,0.651,0.0027881047026175,0.455,19.89,24.9,0.0,14.89,13.89,0.0,0.0,1.0,,,,22.200999999999997,170.0,0.40900000000000003,25.0,1.0,0.0,0.0,0.0,0.0,0.0,1,99,40__40
197,2016,40.0,40.0,2.4004000000000003,estimate_normalized,True,343.0,343.71311,6.976923076923077,3.579230769230769,216.96,502.5284007692308,4.591538461538462,454.61538461538464,48.0,0.4297708333333332,0.758,0.163,0.2172131479660141,0.2375,0.6735,0.7557499999999999,0.007359376450841,0.631,19.89,24.9,0.0,14.89,13.89,0.0,0.0,1.0,,,,20.628999999999998,182.0,0.595,18.0,1.0,0.0,0.0,0.0,0.0,0.0,1,99,40__40
207,2016,40.0,40.0,1.9816,estimate_normalized,True,110.91,110.91329,6.875,3.55,244.935,425.663535,5.4125,412.5,46.0,0.4116521739130434,0.658,0.16,0.1578768393663794,0.27375,0.534,0.65775,0.0051492566755734,0.447,19.89,24.9,0.0,14.89,13.89,0.0,0.0,1.0,,,,18.935999999999996,177.0,0.498,18.0,1.0,0.0,0.0,0.0,0.0,0.0,1,99,40__40
208,2016,40.0,40.0,2.1872,estimate_normalized,True,130.0,128.21593,6.8,3.916,202.758,706.31834,5.7,504.0,48.0,0.4597083333333334,0.751,0.159,0.1897547713863577,0.284,0.64125,0.7487499999999999,0.0062443396596089,0.614,19.89,24.9,0.0,14.89,13.89,0.0,0.0,1.0,,,,22.066000000000003,195.0,0.592,18.0,1.0,0.0,0.0,0.0,0.0,0.0,1,99,40__40
209,2016,40.0,40.0,2.5161,estimate_normalized,True,301.65,301.6502,7.042857142857143,3.5357142857142856,171.9557142857143,277.5815457142857,7.35,437.1428571428572,56.0,0.393625,0.744,0.171,0.2042392296950529,0.235,0.5945,0.7417999999999999,0.0066573315142504,0.738,19.89,24.9,0.0,14.89,13.89,0.0,0.0,1.0,,,,22.043,194.0,0.573,16.0,1.0,0.0,0.0,0.0,0.0,0.0,1,99,40__40
210,2016,40.0,40.0,2.8707000000000003,estimate_normalized,True,247.0,245.92428,7.2125,3.72,230.06625,480.10587375,9.455,423.75,52.0,0.3953653846153845,0.613,0.179,0.1340750405335864,0.26775,0.5285,0.5913999999999999,0.0039764808200146,0.542,19.89,24.9,0.0,14.89,13.89,0.0,0.0,1.0,,,,20.558999999999997,170.0,0.434,14.0,1.0,0.0,0.0,0.0,0.0,0.0,1,99,40__40
212,2016,40.0,40.0,2.7669,estimate_normalized,True,136.0,134.83369,7.140000000000001,3.766,232.258,464.594502,5.536,432.0,45.0,0.5257777777777778,0.679,0.234,0.1236595485622412,0.44,0.625,0.6760000000000002,0.0024064316140364,0.443,19.89,24.9,0.0,14.89,13.89,0.0,0.0,1.0,,,,23.66,181.0,0.44500000000000006,28.0,1.0,0.0,0.0,0.0,0.0,0.0,1,99,40__40
213,2016,40.0,40.0,2.4174,estimate_normalized,True,14.0,16.53751,7.2,3.39,148.5,272.23874,13.42,420.0,44.0,0.4293181818181818,0.65,0.152,0.1502633707145969,0.3017499999999999,0.5892499999999999,0.631,0.0053257148242181,0.65,19.89,24.9,0.0,14.89,13.89,0.0,0.0,1.0,,,,18.89,208.0,0.498,17.0,1.0,0.0,0.0,0.0,0.0,0.0,1,99,40__40
214,2016,40.0,40.0,2.3114,estimate_normalized,True,9.0,10.99122,7.1,3.67,236.12,399.02591,8.82,420.0,44.0,0.4267954545454545,0.627,0.157,0.1434718185101574,0.307,0.57175,0.60975,0.0050088888765701,0.627,19.89,24.9,0.0,14.89,13.89,0.0,0.0,1.0,,,,18.778999999999996,208.0,0.47,17.0,1.0,0.0,0.0,0.0,0.0,0.0,1,99,40__40
215,2016,40.0,40.0,1.9726,estimate_normalized,True,79.0,78.14849,6.666666666666667,3.776666666666667,192.12,392.99891,12.116666666666667,430.0,39.0,0.4945128205128205,0.765,0.199,0.1789076357882099,0.3615,0.6885,0.761,0.0071620083057799,0.681,19.89,24.9,0.0,14.89,13.89,0.0,0.0,1.0,,,,19.285999999999998,191.0,0.5660000000000001,18.0,1.0,0.0,0.0,0.0,0.0,0.0,1,99,40__40
216,2016,40.0,40.0,2.6756,estimate_normalized,True,37.0,37.51924,6.4,3.71,242.68,688.96085,7.64,540.0,34.0,0.5578529411764706,0.777,0.321,0.1494893528282082,0.46175,0.7215,0.7726666666666667,0.006161424044154,0.681,19.89,24.9,0.0,14.89,13.89,0.0,0.0,1.0,,,,18.967,181.0,0.456,18.0,1.0,0.0,0.0,0.0,0.0,0.0,1,99,40__40
217,2016,40.0,40.0,2.2364,estimate_normalized,True,408.0,408.48131,6.94,3.484666666666667,201.10266666666664,313.7409,4.662000000000001,472.0,50.0,0.53674,0.742,0.293,0.1433148715242071,0.41625,0.6705000000000001,0.7205999999999999,0.0024223952893224,0.432,19.89,24.9,0.0,14.89,13.89,0.0,0.0,1.0,,,,26.837,174.0,0.449,30.0,1.0,0.0,0.0,0.0,0.0,0.0,1,99,40__40
218,2016,40.0,40.0,1.4839,estimate_normalized,True,39.0,39.30376,7.2,3.87,198.74,289.9543,4.86,390.0,42.0,0.4634523809523809,0.655,0.269,0.1284658936358767,0.3502499999999999,0.58375,0.6487499999999999,0.0039778079869304,0.374,19.89,24.9,0.0,14.89,13.89,0.0,0.0,1.0,,,,19.465,181.0,0.386,17.0,1.0,0.0,0.0,0.0,0.0,0.0,1,99,40__40
219,2016,40.0,40.0,2.2132,estimate_normalized,True,210.0,209.86423,6.8,3.69625,212.37625,656.214605,8.491249999999999,446.25,49.0,0.3682244897959184,0.713,0.19,0.1581501824740535,0.234,0.484,0.6837500000000001,0.0025567283570786,0.427,19.89,24.9,0.0,14.89,13.89,0.0,0.0,1.0,,,,18.043,181.0,0.5229999999999999,11.0,1.0,0.0,0.0,0.0,0.0,0.0,1,99,40__40
220,2016,40.0,40.0,2.7921,estimate_normalized,True,25.0,24.0006,7.3,3.74,197.06,380.11444,6.0,420.0,43.0,0.5023255813953489,0.728,0.187,0.1648354670756792,0.3995,0.687,0.72675,0.0059250889693333,0.681,19.89,24.9,0.0,14.89,13.89,0.0,0.0,1.0,,,,21.6,194.0,0.5409999999999999,21.0,1.0,0.0,0.0,0.0,0.0,0.0,1,99,40__40
222,2016,40.0,40.0,1.6724,estimate_normalized,True,62.0,62.12991,6.9,3.725,206.315,278.80506,4.845,420.0,40.0,0.415375,0.727,0.204,0.1720880134553246,0.28475,0.52525,0.7164999999999999,0.0056092829570919,0.484,19.89,24.9,0.0,14.89,13.89,0.0,0.0,1.0,,,,16.615000000000002,195.0,0.523,11.0,1.0,0.0,0.0,0.0,0.0,0.0,1,99,40__40
223,2016,40.0,40.0,2.1369,estimate_normalized,True,70.0,70.93112,6.433333333333334,3.6633333333333336,175.33333333333334,560.82853,6.72,430.0,41.0,0.4665853658536586,0.742,0.219,0.186712375072875,0.295,0.635,0.74125,0.0062967076754495,0.548,19.89,24.9,0.0,14.89,13.89,0.0,0.0,1.0,,,,19.130000000000003,194.0,0.523,20.0,1.0,0.0,0.0,0.0,0.0,0.0,1,99,40__40
224,2016,40.0,40.0,2.7308,estimate_normalized,True,104.0,106.08424,6.5,3.808,191.728,598.903534,18.618,516.0,34.0,0.5049705882352941,0.774,0.252,0.1844861680283148,0.364,0.7035,0.7693333333333333,0.0075173598148286,0.636,19.89,24.9,0.0,14.89,13.89,0.0,0.0,1.0,,,,17.168999999999997,190.0,0.522,16.0,1.0,0.0,0.0,0.0,0.0,0.0,1,99,40__40
226,2016,40.0,40.0,2.7698,estimate_normalized,True,40.0,41.00801,7.2,3.79,218.81,806.48818,8.56,420.0,35.0,0.5252,0.71,0.234,0.1559922708707985,0.3954999999999999,0.676,0.7079999999999999,0.0058254257853008,0.63,19.89,24.9,0.0,14.89,13.89,0.0,0.0,1.0,,,,18.382,195.0,0.476,18.0,1.0,0.0,0.0,0.0,0.0,0.0,1,99,40__40
227,2016,40.0,40.0,1.8933,estimate_normalized,True,346.0,348.50924,6.953846153846154,3.8015384615384615,195.0484615384616,763.0697146153847,10.056153846153848,475.38461538461536,50.0,0.40178,0.689,0.153,0.1826343111247172,0.23275,0.578,0.6792,0.005609102638463,0.513,19.54,24.9,0.0,14.54,13.54,0.0,0.0,1.0,,,,20.089000000000002,190.0,0.5359999999999999,20.0,1.0,0.0,0.0,0.0,0.0,0.0,1,99,40__40
228,2016,40.0,40.0,1.5539999999999998,estimate_normalized,True,59.0,55.06353,6.699999999999999,3.515,179.82,438.82045,7.755,420.0,33.0,0.4259696969696969,0.728,0.228,0.1674340186368286,0.282,0.534,0.7243333333333334,0.0065682912485757,0.668,19.89,24.9,0.0,14.89,13.89,0.0,0.0,1.0,,,,14.056999999999999,195.0,0.5,9.0,1.0,0.0,0.0,0.0,0.0,0.0,1,99,40__40
229,2016,40.0,40.0,1.5335,estimate_normalized,True,12.0,9.82891,6.4,2.36,225.3,220.85171,12.11,480.0,33.0,0.3909393939393939,0.597,0.168,0.1354950383512788,0.258,0.529,0.597,0.0052606128983795,0.547,19.89,24.9,0.0,14.89,13.89,0.0,0.0,1.0,,,,12.901,189.0,0.42899999999999994,10.0,1.0,0.0,0.0,0.0,0.0,0.0,1,99,40__40
230,2016,40.0,40.0,2.1473,estimate_normalized,True,223.0,222.45567,7.1000000000000005,3.73,184.71,792.107215,3.6633333333333336,445.0,50.0,0.43918,0.668,0.135,0.1844627539640455,0.25125,0.6225,0.6672,0.0057141170407159,0.553,19.89,24.9,0.0,14.89,13.89,0.0,0.0,1.0,,,,21.959000000000003,191.0,0.533,23.0,1.0,0.0,0.0,0.0,0.0,0.0,1,99,40__40
231,2016,40.0,40.0,3.3901000000000003,estimate_normalized,True,235.0,231.50464,7.2625,3.685,204.0575,646.09227125,9.26,453.75,47.0,0.4186170212765958,0.768,0.172,0.2096734597183824,0.2395,0.6415,0.7582499999999999,0.0074378280868805,0.704,19.89,24.9,0.0,14.89,13.89,0.0,0.0,1.0,,,,19.675,199.0,0.5960000000000001,15.0,1.0,0.0,0.0,0.0,0.0,0.0,1,99,40__40
232,2016,40.0,40.0,2.2876000000000003,estimate_normalized,True,296.0,296.88138,6.609090909090909,3.7290909090909095,211.9754545454545,649.4797309090909,7.533636363636364,452.7272727272728,50.0,0.43094,0.723,0.154,0.2043901572972632,0.223,0.6415,0.7112,0.0066644655808617,0.578,19.89,24.9,0.0,14.89,13.89,0.0,0.0,1.0,,,,21.547,179.0,0.569,22.0,1.0,0.0,0.0,0.0,0.0,0.0,1,99,40__40
233,2016,40.0,40.0,2.2677,estimate_normalized,True,39.0,38.82,6.7,3.57,211.75,698.55237,6.06,510.0,33.0,0.4889696969696969,0.676,0.313,0.1219695652173201,0.394,0.597,0.668,0.0048591578996696,0.529,19.89,24.9,0.0,14.89,13.89,0.0,0.0,1.0,,,,16.136,179.0,0.36300000000000004,16.0,1.0,0.0,0.0,0.0,0.0,0.0,1,99,40__40
234,2016,40.0,40.0,2.7931999999999997,estimate_normalized,True,35.0,36.18,6.5,3.73,181.31,492.74302,14.32,480.0,29.0,0.5576896551724139,0.755,0.296,0.1328504742696623,0.471,0.664,0.755,0.0055652585942471,0.744,19.89,24.9,0.0,14.89,13.89,0.0,0.0,1.0,,,,16.173000000000002,181.0,0.459,21.0,1.0,0.0,0.0,0.0,0.0,0.0,1,99,40__40
195,2017,40.0,40.0,1.6511,estimate_normalized,True,123.0,122.42127,6.9,3.6425,225.2,499.4803025,7.5175,427.5,53.0,0.4220188679245282,0.677,0.177,0.1691513211752192,0.271,0.597,0.6594,0.0039211337794289,0.335,16.131951219512196,36.4,11.0,1428.53,1316.77,27.0,1.0,120.0,0.0,4.0,62.0,22.366999999999997,172.0,0.5,20.0,119.0,11.0,7.0,10.0,4.0,0.0,1,99,40__40
197,2017,40.0,40.0,1.8136,estimate_normalized,True,343.0,343.71311,6.976923076923077,3.579230769230769,216.96,502.5284007692308,4.591538461538462,454.61538461538464,59.0,0.4535254237288135,0.718,0.158,0.2071350460924845,0.2415,0.6545000000000001,0.705,0.0063125348386844,0.525,16.131951219512196,36.4,11.0,1428.53,1316.77,27.0,1.0,120.0,0.0,4.0,62.0,26.758,178.0,0.5599999999999999,31.0,119.0,11.0,7.0,10.0,4.0,0.0,1,99,40__40
207,2017,40.0,40.0,1.5516,estimate_normalized,True,110.91,110.91329,6.875,3.55,244.935,425.663535,5.4125,412.5,54.0,0.4059074074074074,0.659,0.127,0.1876086617007069,0.20675,0.59175,0.6522,0.0053384197643523,0.414,16.131951219512196,36.4,11.0,1428.53,1316.77,27.0,1.0,120.0,0.0,4.0,62.0,21.919,173.0,0.532,22.0,119.0,11.0,7.0,10.0,4.0,0.0,1,99,40__40
208,2017,40.0,40.0,2.0779,estimate_normalized,True,130.0,128.21593,6.8,3.916,202.758,706.31834,5.7,504.0,54.0,0.4322962962962963,0.712,0.089,0.1788135413744584,0.29125,0.5785,0.7059999999999998,0.0061502299805924,0.697,16.131951219512196,36.4,11.0,1428.53,1316.77,27.0,1.0,120.0,0.0,4.0,62.0,23.344,205.0,0.623,16.0,119.0,11.0,7.0,10.0,4.0,0.0,1,99,40__40
209,2017,44.0,40.0,2.22,productivity_normalized,True,301.65,301.6502,7.042857142857143,3.5357142857142856,171.9557142857143,277.5815457142857,7.35,437.1428571428572,60.0,0.4151166666666667,0.65,0.183,0.1724330876665561,0.2565,0.61325,0.6456666666666667,0.0056179978810367,0.65,16.131951219512196,36.4,11.0,1428.53,1316.77,27.0,1.0,120.0,0.0,4.0,62.0,24.907,211.0,0.467,23.0,119.0,11.0,7.0,10.0,4.0,0.0,1,99,40__44
210,2017,44.0,40.0,2.002,productivity_normalized,True,247.0,245.92428,7.2125,3.72,230.06625,480.10587375,9.455,423.75,60.0,0.4943999999999999,0.691,0.192,0.1536891017606649,0.40575,0.62175,0.6795,0.003782306815634,0.541,16.131951219512196,36.4,11.0,1428.53,1316.77,27.0,1.0,120.0,0.0,4.0,62.0,29.663999999999998,165.0,0.49899999999999994,37.0,119.0,11.0,7.0,10.0,4.0,0.0,1,99,40__44
211,2017,44.0,,2.4379999999999997,productivity_normalized,True,93.0,92.55,6.245,4.8,25.325,403.5,,342.0,52.0,0.4463846153846154,0.603,0.185,0.124676373964164,0.384,0.535,0.5965999999999999,0.0029586429253794,0.414,16.131951219512196,36.4,11.0,1428.53,1316.77,27.0,1.0,120.0,0.0,4.0,62.0,23.212,178.0,0.418,28.0,119.0,11.0,7.0,10.0,4.0,0.0,99,99,-1__44
212,2017,40.0,40.0,1.6862,estimate_normalized,True,136.0,134.83369,7.140000000000001,3.766,232.258,464.594502,5.536,432.0,57.0,0.3936842105263157,0.662,0.182,0.1615548527666281,0.284,0.566,0.6532,0.0054265648770545,0.64,16.131951219512196,36.4,11.0,1428.53,1316.77,27.0,1.0,120.0,0.0,4.0,62.0,22.439999999999998,197.0,0.48000000000000004,16.0,119.0,11.0,7.0,10.0,4.0,0.0,1,99,40__40
213,2017,40.0,40.0,2.4459,estimate_normalized,True,14.0,16.53751,7.2,3.39,148.5,272.23874,13.42,420.0,52.0,0.4712692307692308,0.645,0.169,0.1543166219902613,0.36575,0.60325,0.6408,0.0051419563621165,0.57,16.131951219512196,36.4,11.0,1428.53,1316.77,27.0,1.0,120.0,0.0,4.0,62.0,24.506,182.0,0.476,27.0,119.0,11.0,7.0,10.0,4.0,0.0,1,99,40__40
214,2017,40.0,40.0,2.4927,estimate_normalized,True,9.0,10.99122,7.1,3.67,236.12,399.02591,8.82,420.0,52.0,0.4807499999999999,0.663,0.174,0.1531594035135139,0.37625,0.60825,0.6494,0.0049370172408173,0.558,16.131951219512196,36.4,11.0,1428.53,1316.77,27.0,1.0,120.0,0.0,4.0,62.0,24.999,177.0,0.48900000000000005,27.0,119.0,11.0,7.0,10.0,4.0,0.0,1,99,40__40
215,2017,20.0,40.0,3.08,productivity_normalized,False,79.0,78.14849,6.666666666666667,3.776666666666667,192.12,392.99891,12.116666666666667,430.0,53.0,0.4929245283018867,0.699,0.157,0.1818020745316807,0.337,0.677,0.6927999999999999,0.0062446462109054,0.637,16.131951219512196,36.4,11.0,1428.53,1316.77,27.0,1.0,120.0,0.0,4.0,62.0,26.124999999999996,195.0,0.5419999999999999,26.0,119.0,11.0,7.0,10.0,4.0,0.0,1,99,40__20
216,2017,20.0,40.0,2.26,productivity_normalized,False,37.0,37.51924,6.4,3.71,242.68,688.96085,7.64,540.0,49.0,0.568265306122449,0.741,0.199,0.17478590700091,0.462,0.718,0.74,0.0060188296504778,0.659,16.131951219512196,36.4,11.0,1428.53,1316.77,27.0,1.0,120.0,0.0,4.0,62.0,27.845,172.0,0.542,34.0,119.0,11.0,7.0,10.0,4.0,0.0,1,99,40__20
217,2017,20.0,40.0,0.8960000000000001,productivity_normalized,True,408.0,408.48131,6.94,3.484666666666667,201.10266666666664,313.7409,4.662000000000001,472.0,60.0,0.4101333333333333,0.7,0.159,0.1818127669395695,0.2885,0.61675,0.695,0.005730040177528,0.674,16.131951219512196,36.4,11.0,1428.53,1316.77,27.0,1.0,120.0,0.0,4.0,62.0,24.607999999999997,200.0,0.5409999999999999,19.0,119.0,11.0,7.0,10.0,4.0,0.0,1,99,40__20
218,2017,40.0,40.0,1.2974,estimate_normalized,True,39.0,39.30376,7.2,3.87,198.74,289.9543,4.86,390.0,52.0,0.4337692307692308,0.638,0.209,0.1173039469767806,0.3702499999999999,0.499,0.6282,0.0035849135873197,0.638,16.131951219512196,36.4,11.0,1428.53,1316.77,27.0,1.0,120.0,0.0,4.0,62.0,22.556,211.0,0.42900000000000005,12.0,119.0,11.0,7.0,10.0,4.0,0.0,1,99,40__40
219,2017,44.0,40.0,1.873,productivity_normalized,True,210.0,209.86423,6.8,3.69625,212.37625,656.214605,8.491249999999999,446.25,54.0,0.509037037037037,0.705,0.19,0.1676640117928713,0.403,0.664,0.6970000000000001,0.0041561712449662,0.499,16.131951219512196,36.4,11.0,1428.53,1316.77,27.0,1.0,120.0,0.0,4.0,62.0,27.487999999999996,165.0,0.5149999999999999,35.0,119.0,11.0,7.0,10.0,4.0,0.0,1,99,40__44
220,2017,20.0,40.0,1.93,productivity_normalized,False,25.0,24.0006,7.3,3.74,197.06,380.11444,6.0,420.0,48.0,0.5060416666666666,0.651,0.274,0.1074583171771992,0.471,0.5705,0.6435,0.0033706136210384,0.614,16.131951219512196,36.4,11.0,1428.53,1316.77,27.0,1.0,120.0,0.0,4.0,62.0,24.29,189.0,0.377,35.0,119.0,11.0,7.0,10.0,4.0,0.0,1,99,40__20
221,2017,20.0,,1.06,productivity_normalized,False,8.0,8.18,,,,,,,49.0,0.572734693877551,0.732,0.177,0.1707805341283109,0.467,0.715,0.7304999999999999,0.0058340912698838,0.681,16.131951219512196,36.4,11.0,1428.53,1316.77,27.0,1.0,120.0,0.0,4.0,62.0,28.064,187.0,0.5549999999999999,35.0,119.0,11.0,7.0,10.0,4.0,0.0,99,99,-1__20
222,2017,20.0,40.0,1.664,productivity_normalized,True,62.0,62.12991,6.9,3.725,206.315,278.80506,4.845,420.0,55.0,0.3976181818181818,0.733,0.186,0.1681429576725591,0.279,0.4715,0.7224,0.0055756645392272,0.712,16.131951219512196,36.4,11.0,1428.53,1316.77,27.0,1.0,120.0,0.0,4.0,62.0,21.869,205.0,0.5469999999999999,13.0,119.0,11.0,7.0,10.0,4.0,0.0,1,99,40__20
223,2017,20.0,40.0,1.995,productivity_normalized,True,70.0,70.93112,6.433333333333334,3.6633333333333336,175.33333333333334,560.82853,6.72,430.0,53.0,0.3997547169811321,0.734,0.161,0.1594710484945113,0.306,0.49,0.7252,0.0056410254131337,0.724,16.131951219512196,36.4,11.0,1428.53,1316.77,27.0,1.0,120.0,0.0,4.0,62.0,21.187,205.0,0.573,12.0,119.0,11.0,7.0,10.0,4.0,0.0,1,99,40__20
224,2017,20.0,40.0,0.6639999999999999,productivity_normalized,True,104.0,106.08424,6.5,3.808,191.728,598.903534,18.618,516.0,51.0,0.4789607843137256,0.666,0.187,0.152457510735867,0.419,0.6185,0.6639999999999999,0.0053958185477355,0.657,16.131951219512196,36.4,11.0,1428.53,1316.77,27.0,1.0,120.0,0.0,4.0,62.0,24.427000000000003,197.0,0.47900000000000004,24.0,119.0,11.0,7.0,10.0,4.0,0.0,1,99,40__20
225,2017,20.0,,0.6639999999999999,productivity_normalized,True,4.0,4.03,,,,,,,52.0,0.5879230769230769,0.759,0.22,0.15544499969119,0.58875,0.7032499999999999,0.7472,0.0033694264825613,0.599,16.131951219512196,36.4,11.0,1428.53,1316.77,27.0,1.0,120.0,0.0,4.0,62.0,30.571999999999996,172.0,0.539,42.0,119.0,11.0,7.0,10.0,4.0,0.0,99,99,-1__20
226,2017,40.0,40.0,2.629,estimate_normalized,True,40.0,41.00801,7.2,3.79,218.81,806.48818,8.56,420.0,52.0,0.5283461538461539,0.693,0.181,0.1613912928515167,0.48275,0.6615,0.6876,0.0052201019123647,0.631,16.131951219512196,36.4,11.0,1428.53,1316.77,27.0,1.0,120.0,0.0,4.0,62.0,27.474000000000004,173.0,0.512,31.0,119.0,11.0,7.0,10.0,4.0,0.0,1,99,40__40
227,2017,40.0,40.0,1.7968,estimate_normalized,True,346.0,348.50924,6.953846153846154,3.8015384615384615,195.0484615384616,763.0697146153847,10.056153846153848,475.38461538461536,57.0,0.4428070175438596,0.714,0.174,0.2054357319230373,0.237,0.668,0.7128,0.005627724606564,0.431,16.555447154471544,38.2,23.0,1462.43,1349.33,32.0,4.0,120.0,0.0,7.0,62.0,25.24,177.0,0.54,24.0,112.0,11.0,18.0,10.0,5.0,0.0,1,99,40__40
228,2017,40.0,40.0,3.34,productivity_normalized,True,59.0,55.06353,6.699999999999999,3.515,179.82,438.82045,7.755,420.0,50.0,0.49742,0.762,0.198,0.214448044057296,0.281,0.71175,0.7604,0.0071556684569603,0.698,16.131951219512196,36.4,11.0,1428.53,1316.77,27.0,1.0,120.0,0.0,4.0,62.0,24.871,190.0,0.5640000000000001,26.0,119.0,11.0,7.0,10.0,4.0,0.0,1,99,40__40
229,2017,40.0,40.0,3.34,productivity_normalized,True,12.0,9.82891,6.4,2.36,225.3,220.85171,12.11,480.0,54.0,0.4716296296296296,0.671,0.081,0.1901430549462884,0.3785,0.61725,0.6648000000000002,0.0059271032785215,0.582,16.131951219512196,36.4,11.0,1428.53,1316.77,27.0,1.0,120.0,0.0,4.0,62.0,25.468,173.0,0.5900000000000001,33.0,119.0,11.0,7.0,10.0,4.0,0.0,1,99,40__40
230,2017,40.0,40.0,2.8902,estimate_normalized,True,223.0,222.45567,7.1000000000000005,3.73,184.71,792.107215,3.6633333333333336,445.0,58.0,0.4564482758620689,0.776,0.17,0.2203469969133945,0.267,0.734,0.7688,0.0072868800808503,0.734,16.131951219512196,36.4,11.0,1428.53,1316.77,27.0,1.0,120.0,0.0,4.0,62.0,26.473999999999997,200.0,0.606,23.0,119.0,11.0,7.0,10.0,4.0,0.0,1,99,40__40
231,2017,43.0,40.0,1.95,productivity_normalized,True,235.0,231.50464,7.2625,3.685,204.0575,646.09227125,9.26,453.75,55.0,0.4128545454545454,0.647,0.181,0.1691466731118096,0.27,0.593,0.6324,0.005747771649566,0.59,16.131951219512196,36.4,11.0,1428.53,1316.77,27.0,1.0,120.0,0.0,4.0,62.0,22.706999999999997,193.0,0.466,24.0,119.0,11.0,7.0,10.0,4.0,0.0,1,99,40__43
232,2017,43.0,40.0,1.95,productivity_normalized,True,296.0,296.88138,6.609090909090909,3.7290909090909095,211.9754545454545,649.4797309090909,7.533636363636364,452.7272727272728,55.0,0.4309272727272726,0.721,0.165,0.209815750734301,0.24,0.6575,0.7183999999999999,0.0070259544179449,0.662,16.131951219512196,36.4,11.0,1428.53,1316.77,27.0,1.0,120.0,0.0,4.0,62.0,23.700999999999997,193.0,0.5559999999999999,24.0,119.0,11.0,7.0,10.0,4.0,0.0,1,99,40__43
233,2017,40.0,40.0,2.0928,estimate_normalized,True,39.0,38.82,6.7,3.57,211.75,698.55237,6.06,510.0,50.0,0.4486,0.623,0.168,0.1231082450528801,0.41325,0.5537500000000001,0.6112,0.0040635675618857,0.605,16.131951219512196,36.4,11.0,1428.53,1316.77,27.0,1.0,120.0,0.0,4.0,62.0,22.43,202.0,0.45499999999999996,17.0,119.0,11.0,7.0,10.0,4.0,0.0,1,99,40__40
234,2017,40.0,40.0,2.7084,estimate_normalized,True,35.0,36.18,6.5,3.73,181.31,492.74302,14.32,480.0,53.0,0.5323773584905662,0.696,0.191,0.1641423940519264,0.462,0.682,0.6945999999999998,0.005597676196821,0.696,16.131951219512196,36.4,11.0,1428.53,1316.77,27.0,1.0,120.0,0.0,4.0,62.0,28.216000000000008,203.0,0.5049999999999999,36.0,119.0,11.0,7.0,10.0,4.0,0.0,1,99,40__40
195,2018,40.0,40.0,2.9440999999999997,estimate_normalized,True,123.0,122.42127,6.9,3.6425,225.2,499.4803025,7.5175,427.5,42.0,0.4584285714285714,0.769,0.152,0.2390392618535352,0.23075,0.725,0.76375,0.0084433977492851,0.725,14.17439024390244,35.6,187.8,1182.8,1077.92,25.0,2.0,92.0,140.3,2.0,39.0,19.254,203.0,0.617,17.0,14.0,6.0,11.5,8.0,0.0,0.0,1,99,40__40
197,2018,40.0,40.0,3.0602,estimate_normalized,True,343.0,343.71311,6.976923076923077,3.579230769230769,216.96,502.5284007692308,4.591538461538462,454.61538461538464,49.0,0.4922244897959184,0.773,0.168,0.2302515275320929,0.256,0.737,0.7685000000000001,0.0082779769200816,0.728,14.17439024390244,35.6,187.8,1182.8,1077.92,25.0,2.0,92.0,140.3,2.0,39.0,24.119,205.0,0.605,23.0,14.0,6.0,11.5,8.0,0.0,0.0,1,99,40__40
207,2018,40.0,40.0,3.496,productivity_normalized,True,110.91,110.91329,6.875,3.55,244.935,425.663535,5.4125,412.5,46.0,0.4640652173913043,0.8,0.164,0.248029661810833,0.22275,0.742,0.7847500000000001,0.0086878962496199,0.744,14.17439024390244,35.6,187.8,1182.8,1077.92,25.0,2.0,92.0,140.3,2.0,39.0,21.347,210.0,0.636,20.0,14.0,6.0,11.5,8.0,0.0,0.0,1,99,40__40
208,2018,40.0,40.0,1.6354,estimate_normalized,True,130.0,128.21593,6.8,3.916,202.758,706.31834,5.7,504.0,51.0,0.4270392156862745,0.64,0.174,0.1097047661545837,0.349,0.4825,0.6294000000000001,0.0040768141731449,0.64,14.17439024390244,35.6,187.8,1182.8,1077.92,25.0,2.0,92.0,140.3,2.0,39.0,21.779000000000003,212.0,0.466,10.0,14.0,6.0,11.5,8.0,0.0,0.0,1,99,40__40
209,2018,40.0,44.0,1.7399999999999998,productivity_normalized,True,301.65,301.6502,7.042857142857143,3.5357142857142856,171.9557142857143,277.5815457142857,7.35,437.1428571428572,54.0,0.5043703703703704,0.756,0.168,0.2104629197829549,0.2785,0.72375,0.749,0.0078871171097135,0.695,14.17439024390244,35.6,187.8,1182.8,1077.92,25.0,2.0,92.0,140.3,2.0,39.0,27.236,208.0,0.588,29.0,14.0,6.0,11.5,8.0,0.0,0.0,2,1,44__40
210,2018,21.0,44.0,0.978,productivity_normalized,True,247.0,245.92428,7.2125,3.72,230.06625,480.10587375,9.455,423.75,53.0,0.4518867924528301,0.714,0.177,0.1873141504468793,0.305,0.648,0.7121999999999999,0.0069403257335242,0.712,14.17439024390244,35.6,187.8,1182.8,1077.92,25.0,2.0,92.0,140.3,2.0,39.0,23.949999999999996,209.0,0.5369999999999999,21.0,14.0,6.0,11.5,8.0,0.0,0.0,2,1,44__21
212,2018,40.0,40.0,1.3272,estimate_normalized,True,136.0,134.83369,7.140000000000001,3.766,232.258,464.594502,5.536,432.0,49.0,0.3581836734693878,0.497,0.175,0.090981198656396,0.255,0.426,0.4834999999999999,0.0030971783961153,0.497,14.17439024390244,35.6,187.8,1182.8,1077.92,25.0,2.0,92.0,140.3,2.0,39.0,17.551000000000002,212.0,0.322,0.0,14.0,6.0,11.5,8.0,0.0,0.0,1,99,40__40
213,2018,40.0,40.0,2.6765,estimate_normalized,True,14.0,16.53751,7.2,3.39,148.5,272.23874,13.42,420.0,48.0,0.5070833333333333,0.722,0.192,0.1756175809030013,0.35375,0.6935,0.716,0.0068119252176192,0.695,14.17439024390244,35.6,187.8,1182.8,1077.92,25.0,2.0,92.0,140.3,2.0,39.0,24.34,205.0,0.53,23.0,14.0,6.0,11.5,8.0,0.0,0.0,1,99,40__40
214,2018,40.0,40.0,2.665,estimate_normalized,True,9.0,10.99122,7.1,3.67,236.12,399.02591,8.82,420.0,48.0,0.5038541666666667,0.724,0.189,0.1727727300028534,0.3515,0.68525,0.714,0.006720137887543,0.696,14.17439024390244,35.6,187.8,1182.8,1077.92,25.0,2.0,92.0,140.3,2.0,39.0,24.185000000000002,205.0,0.5349999999999999,22.0,14.0,6.0,11.5,8.0,0.0,0.0,1,99,40__40
215,2018,40.0,20.0,2.353,estimate_normalized,True,79.0,78.14849,6.666666666666667,3.776666666666667,192.12,392.99891,12.116666666666667,430.0,47.0,0.5088936170212766,0.708,0.188,0.1517857159823639,0.407,0.6545000000000001,0.70625,0.0061374466315327,0.699,14.17439024390244,35.6,187.8,1182.8,1077.92,25.0,2.0,92.0,140.3,2.0,39.0,23.918,203.0,0.52,21.0,14.0,6.0,11.5,8.0,0.0,0.0,2,99,20__40
216,2018,40.0,20.0,2.1175,estimate_normalized,True,37.0,37.51924,6.4,3.71,242.68,688.96085,7.64,540.0,42.0,0.5471190476190476,0.685,0.19,0.1345421163270432,0.5075000000000001,0.6567500000000001,0.6827500000000001,0.00535913940079,0.685,14.17439024390244,35.6,187.8,1182.8,1077.92,25.0,2.0,92.0,140.3,2.0,39.0,22.979,212.0,0.49500000000000005,32.0,14.0,6.0,11.5,8.0,0.0,0.0,2,99,20__40
217,2018,40.0,20.0,1.1881,estimate_normalized,True,408.0,408.48131,6.94,3.484666666666667,201.10266666666664,313.7409,4.662000000000001,472.0,53.0,0.4239245283018869,0.585,0.166,0.118584393808655,0.392,0.491,0.5825999999999999,0.0026624789881727,0.424,14.17439024390244,35.6,187.8,1182.8,1077.92,25.0,2.0,92.0,140.3,2.0,39.0,22.468000000000007,167.0,0.41899999999999993,12.0,14.0,6.0,11.5,8.0,0.0,0.0,2,99,20__40
218,2018,40.0,40.0,1.6403,estimate_normalized,True,39.0,39.30376,7.2,3.87,198.74,289.9543,4.86,390.0,43.0,0.3701860465116279,0.609,0.181,0.0901921091309334,0.3075,0.406,0.5725,0.0034510724619571,0.593,14.17439024390244,35.6,187.8,1182.8,1077.92,25.0,2.0,92.0,140.3,2.0,39.0,15.918,209.0,0.428,3.0,14.0,6.0,11.5,8.0,0.0,0.0,1,99,40__40
219,2018,40.0,44.0,1.8597,estimate_normalized,True,210.0,209.86423,6.8,3.69625,212.37625,656.214605,8.491249999999999,446.25,50.0,0.39012,0.671,0.175,0.1340077072410389,0.2735,0.4752499999999999,0.6448,0.0050727564752013,0.671,14.17439024390244,35.6,187.8,1182.8,1077.92,25.0,2.0,92.0,140.3,2.0,39.0,19.506,212.0,0.49600000000000005,11.0,14.0,6.0,11.5,8.0,0.0,0.0,2,1,44__40
220,2018,40.0,20.0,1.9640999999999995,estimate_normalized,True,25.0,24.0006,7.3,3.74,197.06,380.11444,6.0,420.0,45.0,0.4778888888888888,0.623,0.196,0.1076699116584722,0.385,0.561,0.6085,0.0037473139466869,0.592,14.17439024390244,35.6,187.8,1182.8,1077.92,25.0,2.0,92.0,140.3,2.0,39.0,21.505,172.0,0.427,25.0,14.0,6.0,11.5,8.0,0.0,0.0,2,99,20__40
222,2018,40.0,20.0,2.0337,estimate_normalized,True,62.0,62.12991,6.9,3.725,206.315,278.80506,4.845,420.0,45.0,0.3404444444444444,0.585,0.154,0.1172758487130151,0.251,0.425,0.5755,0.0039728779851212,0.584,14.17439024390244,35.6,187.8,1182.8,1077.92,25.0,2.0,92.0,140.3,2.0,39.0,15.319999999999999,208.0,0.43099999999999994,7.0,14.0,6.0,11.5,8.0,0.0,0.0,2,99,20__40
223,2018,40.0,20.0,1.5562,estimate_normalized,True,70.0,70.93112,6.433333333333334,3.6633333333333336,175.33333333333334,560.82853,6.72,430.0,51.0,0.3731568627450981,0.514,0.165,0.1230869886162961,0.2355,0.498,0.5077999999999999,0.0042146214156102,0.499,14.17439024390244,35.6,187.8,1182.8,1077.92,25.0,2.0,92.0,140.3,2.0,39.0,19.031000000000002,196.0,0.349,10.0,14.0,6.0,11.5,8.0,0.0,0.0,2,99,20__40
224,2018,40.0,20.0,2.1925,estimate_normalized,True,104.0,106.08424,6.5,3.808,191.728,598.903534,18.618,516.0,45.0,0.4746444444444445,0.668,0.173,0.1415063650795422,0.381,0.602,0.663,0.0054430088281866,0.667,14.17439024390244,35.6,187.8,1182.8,1077.92,25.0,2.0,92.0,140.3,2.0,39.0,21.359000000000005,208.0,0.49500000000000005,23.0,14.0,6.0,11.5,8.0,0.0,0.0,2,99,20__40
226,2018,40.0,40.0,2.0143,estimate_normalized,True,40.0,41.00801,7.2,3.79,218.81,806.48818,8.56,420.0,41.0,0.5247317073170732,0.706,0.184,0.1391105937279004,0.447,0.654,0.69675,0.0054194773591118,0.706,14.17439024390244,35.6,187.8,1182.8,1077.92,25.0,2.0,92.0,140.3,2.0,39.0,21.514,212.0,0.522,21.0,14.0,6.0,11.5,8.0,0.0,0.0,1,99,40__40
227,2018,40.0,40.0,2.613,productivity_normalized,True,346.0,348.50924,6.953846153846154,3.8015384615384615,195.0484615384616,763.0697146153847,10.056153846153848,475.38461538461536,52.0,0.443076923076923,0.743,0.172,0.216498964836204,0.2465,0.6972499999999999,0.7325999999999999,0.0075229495406591,0.698,14.735934959349594,36.7,163.0,1239.72,1130.62,30.0,3.0,90.0,104.3,1.0,39.0,23.039999999999996,210.0,0.571,21.0,11.0,9.0,45.7,12.0,0.0,0.0,1,99,40__40
228,2018,16.0,40.0,3.312,productivity_normalized,True,59.0,55.06353,6.699999999999999,3.515,179.82,438.82045,7.755,420.0,46.0,0.4166521739130435,0.629,0.184,0.1212523809522041,0.30425,0.52125,0.6064999999999999,0.0046957074303096,0.629,14.17439024390244,35.6,187.8,1182.8,1077.92,25.0,2.0,92.0,140.3,2.0,39.0,19.166,212.0,0.445,17.0,14.0,6.0,11.5,8.0,0.0,0.0,1,99,40__16
229,2018,16.0,40.0,3.312,productivity_normalized,True,12.0,9.82891,6.4,2.36,225.3,220.85171,12.11,480.0,41.0,0.4389268292682927,0.577,0.075,0.1154595040915576,0.35,0.522,0.56725,0.0042690843857484,0.573,14.17439024390244,35.6,187.8,1182.8,1077.92,25.0,2.0,92.0,140.3,2.0,39.0,17.996000000000002,210.0,0.502,18.0,14.0,6.0,11.5,8.0,0.0,0.0,1,99,40__16
230,2018,40.0,40.0,1.6839,estimate_normalized,True,223.0,222.45567,7.1000000000000005,3.73,184.71,792.107215,3.6633333333333336,445.0,52.0,0.476826923076923,0.653,0.152,0.1669295937667971,0.29625,0.62025,0.6466000000000001,0.0057705824817416,0.59,14.17439024390244,35.6,187.8,1182.8,1077.92,25.0,2.0,92.0,140.3,2.0,39.0,24.794999999999998,173.0,0.501,30.0,14.0,6.0,11.5,8.0,0.0,0.0,1,99,40__40
231,2018,36.0,43.0,0.93,productivity_normalized,True,235.0,231.50464,7.2625,3.685,204.0575,646.09227125,9.26,453.75,50.0,0.45732,0.712,0.158,0.1880723733034706,0.26675,0.64575,0.6976000000000001,0.0069117807411773,0.704,14.17439024390244,35.6,187.8,1182.8,1077.92,25.0,2.0,92.0,140.3,2.0,39.0,22.866,208.0,0.5539999999999999,26.0,14.0,6.0,11.5,8.0,0.0,0.0,2,1,43__36
232,2018,36.0,43.0,0.9,productivity_normalized,True,296.0,296.88138,6.609090909090909,3.7290909090909095,211.9754545454545,649.4797309090909,7.533636363636364,452.7272727272728,49.0,0.4882244897959184,0.673,0.161,0.1924949260191214,0.267,0.654,0.6712500000000001,0.0068174506770869,0.647,14.17439024390244,35.6,187.8,1182.8,1077.92,25.0,2.0,92.0,140.3,2.0,39.0,23.923000000000002,190.0,0.512,30.0,14.0,6.0,11.5,8.0,0.0,0.0,2,1,43__36
233,2018,40.0,40.0,1.9316,estimate_normalized,True,39.0,38.82,6.7,3.57,211.75,698.55237,6.06,510.0,43.0,0.5018139534883722,0.652,0.193,0.1211008143951172,0.4115,0.6134999999999999,0.6442500000000001,0.0046916028390173,0.652,14.17439024390244,35.6,187.8,1182.8,1077.92,25.0,2.0,92.0,140.3,2.0,39.0,21.578000000000003,211.0,0.459,23.0,14.0,6.0,11.5,8.0,0.0,0.0,1,99,40__40
234,2018,40.0,40.0,2.1424,estimate_normalized,True,35.0,36.18,6.5,3.73,181.31,492.74302,14.32,480.0,43.0,0.5473720930232558,0.686,0.2,0.1229696546526284,0.4795,0.642,0.683,0.004722206128695,0.682,14.17439024390244,35.6,187.8,1182.8,1077.92,25.0,2.0,92.0,140.3,2.0,39.0,23.537,210.0,0.48600000000000004,27.0,14.0,6.0,11.5,8.0,0.0,0.0,1,99,40__40
195,2019,43.0,40.0,2.9511,estimate_normalized,True,123.0,122.42127,6.9,3.6425,225.2,499.4803025,7.5175,427.5,55.0,0.4820363636363636,0.75,0.171,0.2367883568725735,0.1955,0.707,0.7444,0.0067205870632364,0.559,14.437479674796748,34.8,142.1,1201.04,1092.15,21.0,0.0,101.0,45.5,3.0,52.0,26.512,187.0,0.579,31.0,15.0,6.0,57.2,15.0,0.0,1.0,1,99,40__43
197,2019,43.0,40.0,3.3518,estimate_normalized,True,343.0,343.71311,6.976923076923077,3.579230769230769,216.96,502.5284007692308,4.591538461538462,454.61538461538464,58.0,0.4933275862068966,0.772,0.151,0.2578189279006271,0.18875,0.745,0.7638,0.0073675466758809,0.626,14.437479674796748,34.8,142.1,1201.04,1092.15,21.0,0.0,101.0,45.5,3.0,52.0,28.613000000000003,187.0,0.621,33.0,15.0,6.0,57.2,15.0,0.0,1.0,1,99,40__43
207,2019,43.0,40.0,3.5799999999999996,productivity_normalized,True,110.91,110.91329,6.875,3.55,244.935,425.663535,5.4125,412.5,56.0,0.447375,0.737,0.167,0.2401877660215619,0.175,0.6902499999999999,0.7278,0.0068632903310175,0.494,14.437479674796748,34.8,142.1,1201.04,1092.15,21.0,0.0,101.0,45.5,3.0,52.0,25.053,187.0,0.57,28.0,15.0,6.0,57.2,15.0,0.0,1.0,1,99,40__43
208,2019,40.0,40.0,2.133,productivity_normalized,True,130.0,128.21593,6.8,3.916,202.758,706.31834,5.7,504.0,55.0,0.4560727272727273,0.699,0.158,0.2137209611998747,0.2175,0.6395,0.6971999999999999,0.0064538872187441,0.697,14.437479674796748,34.8,142.1,1201.04,1092.15,21.0,0.0,101.0,45.5,3.0,52.0,25.084000000000003,196.0,0.5409999999999999,30.0,15.0,6.0,57.2,15.0,0.0,1.0,1,99,40__40
209,2019,20.0,40.0,1.4083,estimate_normalized,True,301.65,301.6502,7.042857142857143,3.5357142857142856,171.9557142857143,277.5815457142857,7.35,437.1428571428572,61.0,0.4276557377049181,0.66,0.153,0.2104268795743704,0.191,0.641,0.656,0.0061180121876618,0.635,14.437479674796748,34.8,142.1,1201.04,1092.15,21.0,0.0,101.0,45.5,3.0,52.0,26.087000000000003,187.0,0.507,31.0,15.0,6.0,57.2,15.0,0.0,1.0,1,2,40__20
210,2019,40.0,21.0,1.965,productivity_normalized,True,247.0,245.92428,7.2125,3.72,230.06625,480.10587375,9.455,423.75,58.0,0.4618275862068965,0.756,0.168,0.2367696492906303,0.20775,0.708,0.7546000000000002,0.006908301135666,0.73,14.437479674796748,34.8,142.1,1201.04,1092.15,21.0,0.0,101.0,45.5,3.0,52.0,26.786,193.0,0.588,30.0,15.0,6.0,57.2,15.0,0.0,1.0,3,2,21__40
211,2019,40.0,,1.868,productivity_normalized,True,93.0,92.55,6.245,4.8,25.325,403.5,,342.0,52.0,0.4668461538461539,0.741,0.176,0.2261372442885909,0.20275,0.702,0.7363999999999999,0.0067064116578562,0.698,14.437479674796748,34.8,142.1,1201.04,1092.15,21.0,0.0,101.0,45.5,3.0,52.0,24.276000000000003,194.0,0.565,28.0,15.0,6.0,57.2,15.0,0.0,1.0,99,2,-1__40
212,2019,40.0,40.0,2.478,estimate_normalized,True,136.0,134.83369,7.140000000000001,3.766,232.258,464.594502,5.536,432.0,49.0,0.4614693877551021,0.727,0.193,0.2125406181627712,0.219,0.681,0.72425,0.0066031914640518,0.69,14.437479674796748,34.8,142.1,1201.04,1092.15,21.0,0.0,101.0,45.5,3.0,52.0,22.612000000000002,209.0,0.534,25.0,15.0,6.0,57.2,15.0,0.0,1.0,1,99,40__40
213,2019,20.0,40.0,1.9759,estimate_normalized,True,14.0,16.53751,7.2,3.39,148.5,272.23874,13.42,420.0,50.0,0.4677000000000001,0.708,0.168,0.2123704546305818,0.2245,0.67525,0.7064,0.0063126888788153,0.678,14.437479674796748,34.8,142.1,1201.04,1092.15,21.0,0.0,101.0,45.5,3.0,52.0,23.385000000000005,192.0,0.5399999999999999,28.0,15.0,6.0,57.2,15.0,0.0,1.0,1,99,40__20
214,2019,40.0,40.0,2.1573,estimate_normalized,True,9.0,10.99122,7.1,3.67,236.12,399.02591,8.82,420.0,50.0,0.4709199999999999,0.72,0.167,0.215985077262296,0.2275,0.6827500000000001,0.7176,0.0064334428830462,0.691,14.437479674796748,34.8,142.1,1201.04,1092.15,21.0,0.0,101.0,45.5,3.0,52.0,23.545999999999996,193.0,0.5529999999999999,28.0,15.0,6.0,57.2,15.0,0.0,1.0,1,99,40__40
215,2019,40.0,40.0,1.672,productivity_normalized,True,79.0,78.14849,6.666666666666667,3.776666666666667,192.12,392.99891,12.116666666666667,430.0,50.0,0.4235199999999999,0.717,0.146,0.2114333218771346,0.20025,0.647,0.7136,0.0063278092913157,0.717,14.437479674796748,34.8,142.1,1201.04,1092.15,21.0,0.0,101.0,45.5,3.0,52.0,21.176,212.0,0.571,23.0,15.0,6.0,57.2,15.0,0.0,1.0,1,99,40__40
216,2019,40.0,40.0,1.95,productivity_normalized,True,37.0,37.51924,6.4,3.71,242.68,688.96085,7.64,540.0,47.0,0.5341702127659573,0.737,0.168,0.2171155510712579,0.2705,0.7144999999999999,0.73525,0.00689521262816,0.714,14.437479674796748,34.8,142.1,1201.04,1092.15,21.0,0.0,101.0,45.5,3.0,52.0,25.105999999999995,195.0,0.569,29.0,15.0,6.0,57.2,15.0,0.0,1.0,1,99,40__40
217,2019,40.0,40.0,1.962,productivity_normalized,True,408.0,408.48131,6.94,3.484666666666667,201.10266666666664,313.7409,4.662000000000001,472.0,57.0,0.4450526315789472,0.715,0.165,0.2243341352702721,0.206,0.649,0.7125999999999999,0.0065895875475607,0.708,14.437479674796748,34.8,142.1,1201.04,1092.15,21.0,0.0,101.0,45.5,3.0,52.0,25.367999999999995,209.0,0.5499999999999999,29.0,15.0,6.0,57.2,15.0,0.0,1.0,1,99,40__40
218,2019,40.0,40.0,1.7299,estimate_normalized,True,39.0,39.30376,7.2,3.87,198.74,289.9543,4.86,390.0,46.0,0.4626304347826085,0.709,0.147,0.1984155015305937,0.24475,0.6795,0.7032499999999999,0.0062599535205696,0.693,14.437479674796748,34.8,142.1,1201.04,1092.15,21.0,0.0,101.0,45.5,3.0,52.0,21.280999999999995,200.0,0.5619999999999999,24.0,15.0,6.0,57.2,15.0,0.0,1.0,1,99,40__40
219,2019,40.0,40.0,2.273,productivity_normalized,True,210.0,209.86423,6.8,3.69625,212.37625,656.214605,8.491249999999999,446.25,53.0,0.4221509433962265,0.718,0.163,0.2147913771701675,0.187,0.632,0.7135999999999999,0.0062368519381932,0.718,14.437479674796748,34.8,142.1,1201.04,1092.15,21.0,0.0,101.0,45.5,3.0,52.0,22.374000000000006,213.0,0.5549999999999999,22.0,15.0,6.0,57.2,15.0,0.0,1.0,1,2,40__40
220,2019,40.0,40.0,2.7649999999999997,productivity_normalized,True,25.0,24.0006,7.3,3.74,197.06,380.11444,6.0,420.0,49.0,0.5070816326530612,0.719,0.171,0.1914544584558964,0.308,0.687,0.717,0.0060816153754364,0.711,14.437479674796748,34.8,142.1,1201.04,1092.15,21.0,0.0,101.0,45.5,3.0,52.0,24.846999999999998,193.0,0.5479999999999999,29.0,15.0,6.0,57.2,15.0,0.0,1.0,1,99,40__40
221,2019,40.0,,1.982,productivity_normalized,True,8.0,8.18,,,,,,,47.0,0.5585106382978724,0.741,0.181,0.2012462102025008,0.3365,0.724,0.7395,0.00647570936637,0.712,14.437479674796748,34.8,142.1,1201.04,1092.15,21.0,0.0,101.0,45.5,3.0,52.0,26.250000000000004,193.0,0.56,30.0,15.0,6.0,57.2,15.0,0.0,1.0,99,99,-1__40
222,2019,40.0,40.0,2.648,productivity_normalized,True,62.0,62.12991,6.9,3.725,206.315,278.80506,4.845,420.0,51.0,0.4373725490196078,0.709,0.167,0.2097300749641855,0.202,0.655,0.6952,0.0064119120670201,0.709,14.437479674796748,34.8,142.1,1201.04,1092.15,21.0,0.0,101.0,45.5,3.0,52.0,22.306,213.0,0.5419999999999999,25.0,15.0,6.0,57.2,15.0,0.0,1.0,1,99,40__40
223,2019,40.0,40.0,2.651,productivity_normalized,True,70.0,70.93112,6.433333333333334,3.6633333333333336,175.33333333333334,560.82853,6.72,430.0,56.0,0.438,0.745,0.122,0.230115266147828,0.193,0.6815,0.7264,0.0067286386546664,0.705,14.437479674796748,34.8,142.1,1201.04,1092.15,21.0,0.0,101.0,45.5,3.0,52.0,24.528,191.0,0.623,28.0,15.0,6.0,57.2,15.0,0.0,1.0,1,99,40__40
224,2019,40.0,40.0,3.961,productivity_normalized,True,104.0,106.08424,6.5,3.808,191.728,598.903534,18.618,516.0,54.0,0.4867222222222221,0.736,0.159,0.2240788896023721,0.22975,0.7035,0.735,0.0066527273360175,0.716,14.437479674796748,34.8,142.1,1201.04,1092.15,21.0,0.0,101.0,45.5,3.0,52.0,26.282999999999998,199.0,0.577,32.0,15.0,6.0,57.2,15.0,0.0,1.0,1,99,40__40
225,2019,40.0,,3.961,productivity_normalized,True,4.0,4.03,,,,,,,48.0,0.5362916666666666,0.75,0.144,0.2074536050877132,0.349,0.7022499999999999,0.73375,0.006102999132357,0.699,14.437479674796748,34.8,142.1,1201.04,1092.15,21.0,0.0,101.0,45.5,3.0,52.0,25.741999999999997,187.0,0.606,28.0,15.0,6.0,57.2,15.0,0.0,1.0,99,99,-1__40
226,2019,40.0,40.0,2.9829999999999997,productivity_normalized,True,40.0,41.00801,7.2,3.79,218.81,806.48818,8.56,420.0,48.0,0.4801041666666666,0.728,0.144,0.1965769823317035,0.261,0.64775,0.712,0.0061147212284355,0.724,14.437479674796748,34.8,142.1,1201.04,1092.15,21.0,0.0,101.0,45.5,3.0,52.0,23.044999999999998,209.0,0.584,27.0,15.0,6.0,57.2,15.0,0.0,1.0,1,99,40__40
227,2019,20.0,40.0,1.161,productivity_normalized,True,346.0,348.50924,6.953846153846154,3.8015384615384615,195.0484615384616,763.0697146153847,10.056153846153848,475.38461538461536,58.0,0.4076896551724138,0.667,0.144,0.2045418941065831,0.195,0.63275,0.6609999999999999,0.0060308338043637,0.666,14.617723577235772,33.6,297.6,1212.56,1102.27,18.0,0.0,87.0,123.2,0.0,46.0,23.646000000000004,212.0,0.523,24.0,21.0,6.0,54.699999999999996,17.0,0.0,1.0,1,99,40__20
228,2019,36.0,16.0,1.468,productivity_normalized,True,59.0,55.06353,6.699999999999999,3.515,179.82,438.82045,7.755,420.0,46.0,0.355195652173913,0.752,0.185,0.1698377255634762,0.19975,0.529,0.6752499999999999,0.0046583084220552,0.752,14.437479674796748,34.8,142.1,1201.04,1092.15,21.0,0.0,101.0,45.5,3.0,52.0,16.339,213.0,0.567,12.0,15.0,6.0,57.2,15.0,0.0,1.0,2,99,16__36
229,2019,36.0,16.0,1.468,productivity_normalized,True,12.0,9.82891,6.4,2.36,225.3,220.85171,12.11,480.0,48.0,0.3707916666666667,0.626,0.081,0.2045092661239474,0.14725,0.59725,0.6194999999999999,0.0058891203569177,0.615,14.437479674796748,34.8,142.1,1201.04,1092.15,21.0,0.0,101.0,45.5,3.0,52.0,17.798000000000002,187.0,0.545,22.0,15.0,6.0,57.2,15.0,0.0,1.0,2,99,16__36
230,2019,44.0,40.0,4.503,productivity_normalized,True,223.0,222.45567,7.1000000000000005,3.73,184.71,792.107215,3.6633333333333336,445.0,56.0,0.5285535714285715,0.761,0.163,0.2119838201072074,0.3175,0.735,0.7584,0.0051845304827322,0.41,14.437479674796748,34.8,142.1,1201.04,1092.15,21.0,0.0,101.0,45.5,3.0,52.0,29.599000000000004,171.0,0.598,32.0,15.0,6.0,57.2,15.0,0.0,1.0,1,99,40__44
231,2019,44.0,36.0,4.303,productivity_normalized,True,235.0,231.50464,7.2625,3.685,204.0575,646.09227125,9.26,453.75,59.0,0.5217627118644068,0.767,0.201,0.2205935244207649,0.2815,0.7435,0.7624,0.0056972044388686,0.396,14.437479674796748,34.8,142.1,1201.04,1092.15,21.0,0.0,101.0,45.5,3.0,52.0,30.784,178.0,0.5660000000000001,32.0,15.0,6.0,57.2,15.0,0.0,1.0,3,2,36__44
232,2019,44.0,36.0,3.404,productivity_normalized,True,296.0,296.88138,6.609090909090909,3.7290909090909095,211.9754545454545,649.4797309090909,7.533636363636364,452.7272727272728,56.0,0.5109107142857142,0.757,0.182,0.2118302282477404,0.27775,0.7224999999999999,0.7494,0.0051968285452487,0.335,14.437479674796748,34.8,142.1,1201.04,1092.15,21.0,0.0,101.0,45.5,3.0,52.0,28.610999999999997,178.0,0.575,30.0,15.0,6.0,57.2,15.0,0.0,1.0,3,2,36__44
233,2019,40.0,40.0,2.564,estimate_normalized,True,39.0,38.82,6.7,3.57,211.75,698.55237,6.06,510.0,52.0,0.4968461538461538,0.712,0.191,0.1970194625894945,0.29425,0.6597500000000001,0.7076,0.0059487084623472,0.702,14.437479674796748,34.8,142.1,1201.04,1092.15,21.0,0.0,101.0,45.5,3.0,52.0,25.836,191.0,0.5209999999999999,31.0,15.0,6.0,57.2,15.0,0.0,1.0,1,99,40__40
234,2019,33.0,40.0,0.6081000000000001,estimate_normalized,True,35.0,36.18,6.5,3.73,181.31,492.74302,14.32,480.0,48.0,0.4971458333333333,0.716,0.181,0.188154966005787,0.30325,0.671,0.7064999999999999,0.005370072684094,0.671,14.437479674796748,34.8,142.1,1201.04,1092.15,21.0,0.0,101.0,45.5,3.0,52.0,23.863,189.0,0.5349999999999999,27.0,15.0,6.0,57.2,15.0,0.0,1.0,1,99,40__33
195,2020,20.0,43.0,1.4514,estimate_normalized,True,123.0,122.42127,6.9,3.6425,225.2,499.4803025,7.5175,427.5,50.0,0.3722999999999999,0.617,0.165,0.152501836054521,0.228,0.52525,0.6042,0.0053429090531082,0.593,16.849593495934958,37.7,101.2,1468.34,1353.74,33.0,3.0,102.0,12.5,12.0,58.0,18.615,197.0,0.45199999999999996,14.0,30.0,7.0,68.2,10.0,0.0,1.0,2,1,43__20
197,2020,20.0,43.0,1.5651,estimate_normalized,True,343.0,343.71311,6.976923076923077,3.579230769230769,216.96,502.5284007692308,4.591538461538462,454.61538461538464,49.0,0.3925714285714285,0.626,0.164,0.1620632277721209,0.231,0.573,0.6154999999999999,0.0057255974063063,0.626,16.849593495934958,37.7,101.2,1468.34,1353.74,33.0,3.0,102.0,12.5,12.0,58.0,19.236,214.0,0.46199999999999997,18.0,30.0,7.0,68.2,10.0,0.0,1.0,2,1,43__20
207,2020,20.0,43.0,4.38,productivity_normalized,False,110.91,110.91329,6.875,3.55,244.935,425.663535,5.4125,412.5,47.0,0.3665744680851063,0.61,0.159,0.1552282800348873,0.2135,0.5335000000000001,0.5874999999999999,0.0055037630584655,0.553,16.849593495934958,37.7,101.2,1468.34,1353.74,33.0,3.0,102.0,12.5,12.0,58.0,17.229,199.0,0.45099999999999996,17.0,30.0,7.0,68.2,10.0,0.0,1.0,2,1,43__20
208,2020,43.0,40.0,5.05,productivity_normalized,False,130.0,128.21593,6.8,3.916,202.758,706.31834,5.7,504.0,48.0,0.4292916666666667,0.524,0.206,0.0886542813248306,0.3895,0.50525,0.5205000000000001,0.0027468941380284,0.465,16.849593495934958,37.7,101.2,1468.34,1353.74,33.0,3.0,102.0,12.5,12.0,58.0,20.606,177.0,0.31800000000000006,14.0,30.0,7.0,68.2,10.0,0.0,1.0,1,99,40__43
209,2020,16.0,20.0,5.78,productivity_normalized,False,301.65,301.6502,7.042857142857143,3.5357142857142856,171.9557142857143,277.5815457142857,7.35,437.1428571428572,53.0,0.3642075471698113,0.526,0.188,0.0821683404326467,0.282,0.423,0.4684,0.0020236885615913,0.526,16.849593495934958,37.7,101.2,1468.34,1353.74,33.0,3.0,102.0,12.5,12.0,58.0,19.302999999999997,214.0,0.338,1.0,30.0,7.0,68.2,10.0,0.0,1.0,2,3,20__16
210,2020,44.0,40.0,2.11,productivity_normalized,False,247.0,245.92428,7.2125,3.72,230.06625,480.10587375,9.455,423.75,50.0,0.3980799999999999,0.519,0.171,0.0860011255740295,0.34625,0.448,0.4824,0.0024081232598863,0.519,16.849593495934958,37.7,101.2,1468.34,1353.74,33.0,3.0,102.0,12.5,12.0,58.0,19.903999999999996,214.0,0.348,1.0,30.0,7.0,68.2,10.0,0.0,1.0,1,3,40__44
211,2020,44.0,40.0,3.19,productivity_normalized,False,93.0,92.55,6.245,4.8,25.325,403.5,,342.0,46.0,0.3980869565217391,0.519,0.182,0.089774070548857,0.3765,0.4775,0.51475,0.0025898811242482,0.431,16.849593495934958,37.7,101.2,1468.34,1353.74,33.0,3.0,102.0,12.5,12.0,58.0,18.311999999999998,174.0,0.337,4.0,30.0,7.0,68.2,10.0,0.0,1.0,1,3,40__44
212,2020,43.0,40.0,1.3132,estimate_normalized,True,136.0,134.83369,7.140000000000001,3.766,232.258,464.594502,5.536,432.0,45.0,0.3669333333333333,0.554,0.197,0.0944378455210974,0.315,0.476,0.5202500000000001,0.0034069405668859,0.554,16.849593495934958,37.7,101.2,1468.34,1353.74,33.0,3.0,102.0,12.5,12.0,58.0,16.512,214.0,0.35700000000000004,5.0,30.0,7.0,68.2,10.0,0.0,1.0,1,99,40__43
213,2020,43.0,20.0,5.78,productivity_normalized,False,14.0,16.53751,7.2,3.39,148.5,272.23874,13.42,420.0,45.0,0.4406444444444444,0.574,0.229,0.0721021360619181,0.421,0.478,0.52425,0.002276170396009,0.574,16.849593495934958,37.7,101.2,1468.34,1353.74,33.0,3.0,102.0,12.5,12.0,58.0,19.829,214.0,0.345,4.0,30.0,7.0,68.2,10.0,0.0,1.0,2,99,20__43
214,2020,43.0,40.0,3.19,productivity_normalized,False,9.0,10.99122,7.1,3.67,236.12,399.02591,8.82,420.0,45.0,0.4408222222222222,0.556,0.226,0.0716821034193143,0.421,0.487,0.51875,0.0022275772274492,0.556,16.849593495934958,37.7,101.2,1468.34,1353.74,33.0,3.0,102.0,12.5,12.0,58.0,19.837,214.0,0.33000000000000007,4.0,30.0,7.0,68.2,10.0,0.0,1.0,1,99,40__43
215,2020,43.0,40.0,1.409,productivity_normalized,True,79.0,78.14849,6.666666666666667,3.776666666666667,192.12,392.99891,12.116666666666667,430.0,47.0,0.4434468085106383,0.681,0.176,0.1384230039470654,0.3745,0.5680000000000001,0.6667500000000001,0.005012954813156,0.625,16.849593495934958,37.7,101.2,1468.34,1353.74,33.0,3.0,102.0,12.5,12.0,58.0,20.842,199.0,0.5050000000000001,14.0,30.0,7.0,68.2,10.0,0.0,1.0,1,99,40__43
216,2020,43.0,40.0,1.246,productivity_normalized,True,37.0,37.51924,6.4,3.71,242.68,688.96085,7.64,540.0,47.0,0.4908297872340426,0.618,0.196,0.1089359208773742,0.435,0.577,0.61575,0.00356476977778,0.591,16.849593495934958,37.7,101.2,1468.34,1353.74,33.0,3.0,102.0,12.5,12.0,58.0,23.069000000000003,197.0,0.422,26.0,30.0,7.0,68.2,10.0,0.0,1.0,1,99,40__43
217,2020,43.0,40.0,3.37,productivity_normalized,False,408.0,408.48131,6.94,3.484666666666667,201.10266666666664,313.7409,4.662000000000001,472.0,48.0,0.39075,0.538,0.197,0.0996528348819038,0.31775,0.5055000000000001,0.52925,0.0036196677554174,0.538,16.849593495934958,37.7,101.2,1468.34,1353.74,33.0,3.0,102.0,12.5,12.0,58.0,18.756,214.0,0.341,13.0,30.0,7.0,68.2,10.0,0.0,1.0,1,99,40__43
218,2020,43.0,40.0,1.7929,estimate_normalized,True,39.0,39.30376,7.2,3.87,198.74,289.9543,4.86,390.0,46.0,0.3973913043478259,0.528,0.221,0.08487035593003,0.32675,0.4735,0.5035000000000001,0.0027785788844941,0.528,16.849593495934958,37.7,101.2,1468.34,1353.74,33.0,3.0,102.0,12.5,12.0,58.0,18.279999999999994,211.0,0.30700000000000005,1.0,30.0,7.0,68.2,10.0,0.0,1.0,1,99,40__43
219,2020,43.0,40.0,4.25,productivity_normalized,False,210.0,209.86423,6.8,3.69625,212.37625,656.214605,8.491249999999999,446.25,49.0,0.3190612244897959,0.571,0.185,0.1062101129285556,0.234,0.374,0.5225,0.0036032262481263,0.571,16.849593495934958,37.7,101.2,1468.34,1353.74,33.0,3.0,102.0,12.5,12.0,58.0,15.633999999999999,214.0,0.38599999999999995,4.0,30.0,7.0,68.2,10.0,0.0,1.0,1,3,40__43
220,2020,43.0,40.0,5.13,productivity_normalized,False,25.0,24.0006,7.3,3.74,197.06,380.11444,6.0,420.0,44.0,0.4967500000000001,0.685,0.221,0.1096764093719669,0.4285,0.5872499999999999,0.6475,0.0038352217400128,0.685,16.849593495934958,37.7,101.2,1468.34,1353.74,33.0,3.0,102.0,12.5,12.0,58.0,21.857000000000003,214.0,0.4640000000000001,23.0,30.0,7.0,68.2,10.0,0.0,1.0,1,99,40__43
221,2020,43.0,40.0,3.8,productivity_normalized,False,8.0,8.18,,,,,,,47.0,0.5338085106382978,0.643,0.234,0.1034600628668864,0.5055000000000001,0.608,0.6375,0.0032582782618939,0.608,16.849593495934958,37.7,101.2,1468.34,1353.74,33.0,3.0,102.0,12.5,12.0,58.0,25.088999999999995,191.0,0.40900000000000003,36.0,30.0,7.0,68.2,10.0,0.0,1.0,1,99,40__43
222,2020,43.0,40.0,2.1,productivity_normalized,False,62.0,62.12991,6.9,3.725,206.315,278.80506,4.845,420.0,47.0,0.383,0.468,0.195,0.0732509530836259,0.325,0.4425,0.46425,0.0023881063092911,0.446,16.849593495934958,37.7,101.2,1468.34,1353.74,33.0,3.0,102.0,12.5,12.0,58.0,18.001,202.0,0.273,0.0,30.0,7.0,68.2,10.0,0.0,1.0,1,99,40__43
223,2020,43.0,40.0,2.1,productivity_normalized,False,70.0,70.93112,6.433333333333334,3.6633333333333336,175.33333333333334,560.82853,6.72,430.0,44.0,0.3981363636363637,0.496,0.191,0.0882791519991325,0.35875,0.465,0.4852499999999999,0.0026141731093326,0.419,16.849593495934958,37.7,101.2,1468.34,1353.74,33.0,3.0,102.0,12.5,12.0,58.0,17.518000000000004,167.0,0.305,0.0,30.0,7.0,68.2,10.0,0.0,1.0,1,99,40__43
224,2020,43.0,40.0,0.857,productivity_normalized,True,104.0,106.08424,6.5,3.808,191.728,598.903534,18.618,516.0,48.0,0.4176875,0.528,0.193,0.0830951152420124,0.421,0.4705,0.50975,0.0023014104392885,0.44,16.849593495934958,37.7,101.2,1468.34,1353.74,33.0,3.0,102.0,12.5,12.0,58.0,20.049,169.0,0.335,3.0,30.0,7.0,68.2,10.0,0.0,1.0,1,99,40__43
225,2020,43.0,40.0,2.335,productivity_normalized,True,4.0,4.03,,,,,,,44.0,0.5668863636363636,0.647,0.27,0.0868313977327982,0.517,0.639,0.64675,0.0009933373770305,0.505,16.849593495934958,37.7,101.2,1468.34,1353.74,33.0,3.0,102.0,12.5,12.0,58.0,24.942999999999998,147.0,0.377,38.0,30.0,7.0,68.2,10.0,0.0,1.0,1,99,40__43
226,2020,43.0,40.0,5.02,productivity_normalized,False,40.0,41.00801,7.2,3.79,218.81,806.48818,8.56,420.0,45.0,0.4260222222222221,0.506,0.196,0.070194488194156,0.408,0.483,0.50525,0.0021724125837337,0.505,16.849593495934958,37.7,101.2,1468.34,1353.74,33.0,3.0,102.0,12.5,12.0,58.0,19.170999999999996,174.0,0.31,4.0,30.0,7.0,68.2,10.0,0.0,1.0,1,99,40__43
227,2020,44.0,20.0,5.65,productivity_normalized,False,346.0,348.50924,6.953846153846154,3.8015384615384615,195.0484615384616,763.0697146153847,10.056153846153848,475.38461538461536,55.0,0.3881999999999999,0.469,0.136,0.0769525001070613,0.352,0.4465,0.4618,0.001081475535386,0.432,17.254552845528455,37.4,123.4,1513.8,1397.32,32.0,3.0,104.0,26.7,12.0,56.0,21.350999999999996,157.0,0.33299999999999996,0.0,20.0,7.0,63.199999999999996,12.0,0.0,0.0,2,99,20__44
228,2020,44.0,36.0,1.3,productivity_normalized,True,59.0,55.06353,6.699999999999999,3.515,179.82,438.82045,7.755,420.0,41.0,0.469609756097561,0.578,0.223,0.088451965205534,0.441,0.536,0.56825,0.002161693505003,0.488,16.849593495934958,37.7,101.2,1468.34,1353.74,33.0,3.0,102.0,12.5,12.0,58.0,19.254,174.0,0.355,19.0,30.0,7.0,68.2,10.0,0.0,1.0,3,99,36__44
229,2020,44.0,36.0,3.285,productivity_normalized,True,12.0,9.82891,6.4,2.36,225.3,220.85171,12.11,480.0,42.0,0.4584285714285714,0.573,0.123,0.128241985335229,0.4405,0.548,0.5722499999999999,0.0036497187060478,0.486,16.849593495934958,37.7,101.2,1468.34,1353.74,33.0,3.0,102.0,12.5,12.0,58.0,19.254,169.0,0.44999999999999996,21.0,30.0,7.0,68.2,10.0,0.0,1.0,3,99,36__44
230,2020,21.0,44.0,1.68,productivity_normalized,False,223.0,222.45567,7.1000000000000005,3.73,184.71,792.107215,3.6633333333333336,445.0,52.0,0.4418461538461539,0.562,0.168,0.1055304157058677,0.418,0.52375,0.5564,0.0030927521589662,0.44,16.849593495934958,37.7,101.2,1468.34,1353.74,33.0,3.0,102.0,12.5,12.0,58.0,22.976000000000003,193.0,0.394,20.0,30.0,7.0,68.2,10.0,0.0,1.0,2,1,44__21
231,2020,21.0,44.0,3.62,productivity_normalized,False,235.0,231.50464,7.2625,3.685,204.0575,646.09227125,9.26,453.75,55.0,0.3940909090909092,0.501,0.168,0.0878093539699962,0.3805,0.457,0.4974,0.0025791605301914,0.425,16.849593495934958,37.7,101.2,1468.34,1353.74,33.0,3.0,102.0,12.5,12.0,58.0,21.675000000000008,199.0,0.33299999999999996,1.0,30.0,7.0,68.2,10.0,0.0,1.0,4,1,44__21
232,2020,21.0,44.0,2.23,productivity_normalized,False,296.0,296.88138,6.609090909090909,3.7290909090909095,211.9754545454545,649.4797309090909,7.533636363636364,452.7272727272728,54.0,0.369925925925926,0.472,0.163,0.0809215101770094,0.347,0.426,0.4692,0.0022250836850275,0.356,16.849593495934958,37.7,101.2,1468.34,1353.74,33.0,3.0,102.0,12.5,12.0,58.0,19.976000000000006,197.0,0.30899999999999994,0.0,30.0,7.0,68.2,10.0,0.0,1.0,4,1,44__21
233,2020,43.0,40.0,1.75,estimate_normalized,True,39.0,38.82,6.7,3.57,211.75,698.55237,6.06,510.0,47.0,0.4078723404255319,0.491,0.218,0.0558659554615222,0.3825,0.456,0.4855,6.528456874633149e-05,0.413,16.849593495934958,37.7,101.2,1468.34,1353.74,33.0,3.0,102.0,12.5,12.0,58.0,19.17,153.0,0.273,0.0,30.0,7.0,68.2,10.0,0.0,1.0,1,99,40__43
195,2021,3.0,20.0,2.022276422764228,physical_harvested_weight,False,123.0,122.42127,6.9,3.6425,225.2,499.4803025,7.5175,427.5,59.0,0.4755423728813559,0.753,0.18,0.2143004640277408,0.2615,0.702,0.7396,0.0065686074612041,0.597,14.911869918699187,35.5,150.2,1268.31,1162.22,21.0,1.0,104.0,33.4,9.0,56.0,28.057,199.0,0.573,31.0,17.0,5.0,60.0,8.0,0.0,1.0,3,2,20__3
197,2021,3.0,20.0,2.5284548104956266,physical_harvested_weight,False,343.0,343.71311,6.976923076923077,3.579230769230769,216.96,502.5284007692308,4.591538461538462,454.61538461538464,60.0,0.4917666666666667,0.758,0.15,0.2326474705548194,0.25125,0.74,0.7538333333333332,0.0069573927420859,0.659,14.911869918699187,35.5,150.2,1268.31,1162.22,21.0,1.0,104.0,33.4,9.0,56.0,29.506,186.0,0.608,31.0,17.0,5.0,60.0,8.0,0.0,1.0,3,2,20__3
207,2021,3.0,20.0,3.525020286718961,physical_harvested_weight,False,110.91,110.91329,6.875,3.55,244.935,425.663535,5.4125,412.5,59.0,0.4702033898305084,0.754,0.181,0.2271651963421928,0.216,0.6995,0.7485999999999999,0.0066358622456688,0.601,14.911869918699187,35.5,150.2,1268.31,1162.22,21.0,1.0,104.0,33.4,9.0,56.0,27.741999999999997,198.0,0.573,30.0,17.0,5.0,60.0,8.0,0.0,1.0,3,2,20__3
208,2021,40.0,43.0,2.1216153846153847,physical_harvested_weight,False,130.0,128.21593,6.8,3.916,202.758,706.31834,5.7,504.0,53.0,0.4958867924528302,0.779,0.126,0.2105378252554551,0.321,0.705,0.7718,0.0067809341883981,0.725,14.911869918699187,35.5,150.2,1268.31,1162.22,21.0,1.0,104.0,33.4,9.0,56.0,26.282,197.0,0.653,28.0,17.0,5.0,60.0,8.0,0.0,1.0,2,1,43__40
209,2021,40.0,16.0,2.268059008785016,physical_harvested_weight,False,301.65,301.6502,7.042857142857143,3.5357142857142856,171.9557142857143,277.5815457142857,7.35,437.1428571428572,55.0,0.4801090909090909,0.753,0.186,0.201157891195157,0.267,0.624,0.7498000000000001,0.0063718880564683,0.736,14.911869918699187,35.5,150.2,1268.31,1162.22,21.0,1.0,104.0,33.4,9.0,56.0,26.406000000000002,206.0,0.567,31.0,17.0,5.0,60.0,8.0,0.0,1.0,3,4,16__40
210,2021,40.0,44.0,1.4783400809716598,physical_harvested_weight,False,247.0,245.92428,7.2125,3.72,230.06625,480.10587375,9.455,423.75,52.0,0.4843846153846154,0.775,0.194,0.2127400141239711,0.32175,0.72725,0.7687999999999999,0.00674874164703,0.728,14.911869918699187,35.5,150.2,1268.31,1162.22,21.0,1.0,104.0,33.4,9.0,56.0,25.188000000000002,200.0,0.581,25.0,17.0,5.0,60.0,8.0,0.0,1.0,2,1,44__40
211,2021,40.0,44.0,2.1389247311827955,physical_harvested_weight,False,93.0,92.55,6.245,4.8,25.325,403.5,,342.0,53.0,0.4791698113207546,0.77,0.158,0.2300446007493474,0.262,0.73,0.766,0.007041166217372,0.719,14.911869918699187,35.5,150.2,1268.31,1162.22,21.0,1.0,104.0,33.4,9.0,56.0,25.395999999999997,197.0,0.612,24.0,17.0,5.0,60.0,8.0,0.0,1.0,2,1,44__40
212,2021,40.0,43.0,3.3983823529411765,physical_harvested_weight,False,136.0,134.83369,7.140000000000001,3.766,232.258,464.594502,5.536,432.0,53.0,0.4621320754716981,0.79,0.201,0.2289452466252492,0.241,0.717,0.7802,0.0070103357823681,0.712,14.911869918699187,35.5,150.2,1268.31,1162.22,21.0,1.0,104.0,33.4,9.0,56.0,24.493,197.0,0.589,21.0,17.0,5.0,60.0,8.0,0.0,1.0,2,1,43__40
213,2021,43.0,43.0,1.3155714285714286,physical_harvested_weight,False,14.0,16.53751,7.2,3.39,148.5,272.23874,13.42,420.0,50.0,0.49668,0.746,0.197,0.1966841569623745,0.3325,0.672,0.7414000000000001,0.0063869377861567,0.71,14.911869918699187,35.5,150.2,1268.31,1162.22,21.0,1.0,104.0,33.4,9.0,56.0,24.834,202.0,0.5489999999999999,27.0,17.0,5.0,60.0,8.0,0.0,1.0,3,1,43__43
214,2021,43.0,43.0,1.5857777777777775,physical_harvested_weight,False,9.0,10.99122,7.1,3.67,236.12,399.02591,8.82,420.0,50.0,0.4984,0.752,0.199,0.1984761950461566,0.336,0.68625,0.7494,0.0064461800879791,0.71,14.911869918699187,35.5,150.2,1268.31,1162.22,21.0,1.0,104.0,33.4,9.0,56.0,24.92,197.0,0.5529999999999999,27.0,17.0,5.0,60.0,8.0,0.0,1.0,2,1,43__43
215,2021,40.0,43.0,2.9865822784810128,physical_harvested_weight,False,79.0,78.14849,6.666666666666667,3.776666666666667,192.12,392.99891,12.116666666666667,430.0,51.0,0.4651960784313724,0.73,0.146,0.1923494593036986,0.3329999999999999,0.6799999999999999,0.7252,0.0066199749647764,0.714,14.911869918699187,35.5,150.2,1268.31,1162.22,21.0,1.0,104.0,33.4,9.0,56.0,23.724999999999994,202.0,0.584,21.0,17.0,5.0,60.0,8.0,0.0,1.0,2,1,43__40
216,2021,40.0,43.0,2.925945945945946,physical_harvested_weight,False,37.0,37.51924,6.4,3.71,242.68,688.96085,7.64,540.0,49.0,0.5483265306122449,0.759,0.188,0.1771684759994377,0.505,0.708,0.7559999999999999,0.0059790111164626,0.719,14.911869918699187,35.5,150.2,1268.31,1162.22,21.0,1.0,104.0,33.4,9.0,56.0,26.868000000000002,200.0,0.571,37.0,17.0,5.0,60.0,8.0,0.0,1.0,2,1,43__40
217,2021,40.0,43.0,2.768578431372549,physical_harvested_weight,False,408.0,408.48131,6.94,3.484666666666667,201.10266666666664,313.7409,4.662000000000001,472.0,57.0,0.4529649122807018,0.785,0.174,0.2330616186056759,0.24,0.712,0.7774000000000001,0.0072407330360062,0.71,14.911869918699187,35.5,150.2,1268.31,1162.22,21.0,1.0,104.0,33.4,9.0,56.0,25.819000000000003,198.0,0.611,23.0,17.0,5.0,60.0,8.0,0.0,1.0,2,1,43__40
218,2021,40.0,43.0,2.12974358974359,physical_harvested_weight,False,39.0,39.30376,7.2,3.87,198.74,289.9543,4.86,390.0,50.0,0.4715399999999999,0.732,0.135,0.2086121961918813,0.26175,0.68325,0.7285999999999999,0.0069350934244197,0.706,14.911869918699187,35.5,150.2,1268.31,1162.22,21.0,1.0,104.0,33.4,9.0,56.0,23.576999999999995,197.0,0.597,26.0,17.0,5.0,60.0,8.0,0.0,1.0,2,1,43__40
219,2021,40.0,43.0,2.818952380952381,physical_harvested_weight,False,210.0,209.86423,6.8,3.69625,212.37625,656.214605,8.491249999999999,446.25,51.0,0.447686274509804,0.792,0.184,0.2319128884965788,0.2205,0.708,0.79,0.007278876948958,0.739,14.911869918699187,35.5,150.2,1268.31,1162.22,21.0,1.0,104.0,33.4,9.0,56.0,22.832000000000004,200.0,0.6080000000000001,19.0,17.0,5.0,60.0,8.0,0.0,1.0,2,1,43__40
220,2021,40.0,43.0,2.0264,physical_harvested_weight,False,25.0,24.0006,7.3,3.74,197.06,380.11444,6.0,420.0,48.0,0.5239166666666667,0.777,0.193,0.2018064081957976,0.389,0.72275,0.7702500000000001,0.0065620326106734,0.719,14.911869918699187,35.5,150.2,1268.31,1162.22,21.0,1.0,104.0,33.4,9.0,56.0,25.148000000000003,195.0,0.5840000000000001,26.0,17.0,5.0,60.0,8.0,0.0,1.0,2,1,43__40
221,2021,40.0,43.0,1.7475,physical_harvested_weight,False,8.0,8.18,,,,,,,49.0,0.5523673469387755,0.754,0.184,0.175947428822611,0.486,0.708,0.753,0.0059170001749433,0.726,14.911869918699187,35.5,150.2,1268.31,1162.22,21.0,1.0,104.0,33.4,9.0,56.0,27.066,197.0,0.5700000000000001,33.0,17.0,5.0,60.0,8.0,0.0,1.0,2,1,43__40
222,2021,40.0,43.0,2.9396774193548385,physical_harvested_weight,False,62.0,62.12991,6.9,3.725,206.315,278.80506,4.845,420.0,51.0,0.4571176470588235,0.773,0.161,0.2007257075926781,0.2915,0.6575,0.7594000000000001,0.0066703582206247,0.714,14.911869918699187,35.5,150.2,1268.31,1162.22,21.0,1.0,104.0,33.4,9.0,56.0,23.313,195.0,0.612,19.0,17.0,5.0,60.0,8.0,0.0,1.0,2,1,43__40
223,2021,40.0,43.0,2.8625714285714285,physical_harvested_weight,False,70.0,70.93112,6.433333333333334,3.6633333333333336,175.33333333333334,560.82853,6.72,430.0,51.0,0.4491960784313726,0.789,0.152,0.2148217701393361,0.271,0.7035,0.7687999999999999,0.0069135350180652,0.714,14.911869918699187,35.5,150.2,1268.31,1162.22,21.0,1.0,104.0,33.4,9.0,56.0,22.909000000000002,197.0,0.637,20.0,17.0,5.0,60.0,8.0,0.0,1.0,2,1,43__40
224,2021,40.0,43.0,2.0925,physical_harvested_weight,False,104.0,106.08424,6.5,3.808,191.728,598.903534,18.618,516.0,52.0,0.4796346153846154,0.75,0.169,0.1873978725811181,0.3482499999999999,0.63,0.748,0.0064558664669408,0.722,14.911869918699187,35.5,150.2,1268.31,1162.22,21.0,1.0,104.0,33.4,9.0,56.0,24.941000000000003,200.0,0.581,26.0,17.0,5.0,60.0,8.0,0.0,1.0,2,1,43__40
225,2021,40.0,43.0,1.85,physical_harvested_weight,False,4.0,4.03,,,,,,,51.0,0.5841176470588235,0.715,0.168,0.1699102008569467,0.596,0.6984999999999999,0.712,0.0047035742083916,0.692,14.911869918699187,35.5,150.2,1268.31,1162.22,21.0,1.0,104.0,33.4,9.0,56.0,29.79,160.0,0.5469999999999999,41.0,17.0,5.0,60.0,8.0,0.0,1.0,2,1,43__40
226,2021,40.0,43.0,2.4555,physical_harvested_weight,False,40.0,41.00801,7.2,3.79,218.81,806.48818,8.56,420.0,55.0,0.4957636363636363,0.763,0.156,0.1935668983380975,0.372,0.7075,0.7602,0.0063891195510784,0.726,14.911869918699187,35.5,150.2,1268.31,1162.22,21.0,1.0,104.0,33.4,9.0,56.0,27.267,196.0,0.607,23.0,17.0,5.0,60.0,8.0,0.0,1.0,2,1,43__40
227,2021,44.0,44.0,2.8346242774566472,physical_harvested_weight,False,346.0,348.50924,6.953846153846154,3.8015384615384615,195.0484615384616,763.0697146153847,10.056153846153848,475.38461538461536,62.0,0.5361290322580644,0.719,0.208,0.1541865736038927,0.47975,0.69025,0.7103333333333333,0.0028070654325152,0.471,15.688048780487804,38.0,115.2,1349.84,1238.65,27.0,4.0,103.0,14.4,9.0,57.0,33.239999999999995,166.0,0.511,39.0,23.0,7.0,54.3,11.0,0.0,1.0,3,1,44__44
228,2021,44.0,44.0,2.4169491525423727,physical_harvested_weight,False,59.0,55.06353,6.699999999999999,3.515,179.82,438.82045,7.755,420.0,51.0,0.5424117647058824,0.72,0.244,0.153894434975712,0.4705,0.692,0.7156,0.003364583827214,0.513,14.911869918699187,35.5,150.2,1268.31,1162.22,21.0,1.0,104.0,33.4,9.0,56.0,27.663,167.0,0.476,36.0,17.0,5.0,60.0,8.0,0.0,1.0,4,1,44__44
229,2021,44.0,44.0,2.9450000000000003,physical_harvested_weight,False,12.0,9.82891,6.4,2.36,225.3,220.85171,12.11,480.0,49.0,0.4699183673469387,0.639,0.1,0.1817443637207856,0.346,0.609,0.6292500000000001,0.0048917561450564,0.541,14.911869918699187,35.5,150.2,1268.31,1162.22,21.0,1.0,104.0,33.4,9.0,56.0,23.026,160.0,0.539,32.0,17.0,5.0,60.0,8.0,0.0,1.0,4,1,44__44
230,2021,44.0,21.0,2.123766816143498,physical_harvested_weight,False,223.0,222.45567,7.1000000000000005,3.73,184.71,792.107215,3.6633333333333336,445.0,54.0,0.5093703703703704,0.724,0.208,0.195101900848448,0.31875,0.701,0.7197999999999999,0.0059670714440391,0.65,14.911869918699187,35.5,150.2,1268.31,1162.22,21.0,1.0,104.0,33.4,9.0,56.0,27.505999999999997,200.0,0.516,31.0,17.0,5.0,60.0,8.0,0.0,1.0,3,2,21__44
231,2021,44.0,21.0,3.5069787234042553,physical_harvested_weight,False,235.0,231.50464,7.2625,3.685,204.0575,646.09227125,9.26,453.75,60.0,0.5282666666666667,0.712,0.196,0.1613492967308985,0.4795,0.68,0.7023333333333333,0.0032683947823167,0.487,14.911869918699187,35.5,150.2,1268.31,1162.22,21.0,1.0,104.0,33.4,9.0,56.0,31.695999999999998,167.0,0.516,39.0,17.0,5.0,60.0,8.0,0.0,1.0,5,2,21__44
232,2021,44.0,21.0,3.2479729729729727,physical_harvested_weight,False,296.0,296.88138,6.609090909090909,3.7290909090909095,211.9754545454545,649.4797309090909,7.533636363636364,452.7272727272728,60.0,0.53265,0.736,0.174,0.1845377852003937,0.43275,0.7084999999999999,0.7324999999999999,0.0044951177593572,0.523,14.911869918699187,35.5,150.2,1268.31,1162.22,21.0,1.0,104.0,33.4,9.0,56.0,31.958999999999996,183.0,0.562,41.0,17.0,5.0,60.0,8.0,0.0,1.0,5,2,21__44
233,2021,44.0,43.0,3.6453846153846152,physical_harvested_weight,False,39.0,38.82,6.7,3.57,211.75,698.55237,6.06,510.0,54.0,0.5587962962962963,0.701,0.215,0.1530480897105885,0.516,0.68875,0.6973999999999999,0.0039574676878889,0.538,14.911869918699187,35.5,150.2,1268.31,1162.22,21.0,1.0,104.0,33.4,9.0,56.0,30.175,181.0,0.486,42.0,17.0,5.0,60.0,8.0,0.0,1.0,2,1,43__44
234,2021,44.0,9.0,5.389142857142858,physical_harvested_weight,False,35.0,36.18,6.5,3.73,181.31,492.74302,14.32,480.0,55.0,0.5635454545454546,0.726,0.197,0.1618374962936944,0.5055000000000001,0.6964999999999999,0.7182,0.0038309628404316,0.504,14.911869918699187,35.5,150.2,1268.31,1162.22,21.0,1.0,104.0,33.4,9.0,56.0,30.995,181.0,0.5289999999999999,42.0,17.0,5.0,60.0,8.0,0.0,1.0,3,99,9__44
195,2022,44.0,3.0,2.1216260162601626,physical_harvested_weight,False,123.0,122.42127,6.9,3.6425,225.2,499.4803025,7.5175,427.5,63.0,0.4365714285714286,0.686,0.177,0.158749649596985,0.276,0.5635,0.6670000000000001,0.0038913905306724,0.428,16.614227642276422,38.5,139.1,1440.84,1327.3,30.0,3.0,102.0,23.6,9.0,57.0,27.504,177.0,0.5090000000000001,27.0,29.0,6.0,20.700000000000003,8.0,10.0,0.0,4,3,3__44
197,2022,44.0,3.0,1.5206997084548106,physical_harvested_weight,False,343.0,343.71311,6.976923076923077,3.579230769230769,216.96,502.5284007692308,4.591538461538462,454.61538461538464,64.0,0.451609375,0.727,0.155,0.1899752136124851,0.2435,0.645,0.718,0.0051351847983349,0.451,16.614227642276422,38.5,139.1,1440.84,1327.3,30.0,3.0,102.0,23.6,9.0,57.0,28.903,185.0,0.572,28.0,29.0,6.0,20.700000000000003,8.0,10.0,0.0,4,3,3__44
207,2022,44.0,3.0,1.8862140474258409,physical_harvested_weight,False,110.91,110.91329,6.875,3.55,244.935,425.663535,5.4125,412.5,63.0,0.4292539682539681,0.676,0.161,0.1756292061127889,0.2264999999999999,0.5925,0.6635,0.0051515749252546,0.493,16.614227642276422,38.5,139.1,1440.84,1327.3,30.0,3.0,102.0,23.6,9.0,57.0,27.042999999999996,184.0,0.515,23.0,29.0,6.0,20.700000000000003,8.0,10.0,0.0,4,3,3__44
208,2022,43.0,40.0,2.356923076923077,physical_harvested_weight,False,130.0,128.21593,6.8,3.916,202.758,706.31834,5.7,504.0,60.0,0.4773666666666666,0.738,0.192,0.1873070533167991,0.287,0.65425,0.721,0.0059561363543287,0.633,16.614227642276422,38.5,139.1,1440.84,1327.3,30.0,3.0,102.0,23.6,9.0,57.0,28.642,182.0,0.546,29.0,29.0,6.0,20.700000000000003,8.0,10.0,0.0,1,2,40__43
209,2022,43.0,40.0,2.657417536880491,physical_harvested_weight,False,301.65,301.6502,7.042857142857143,3.5357142857142856,171.9557142857143,277.5815457142857,7.35,437.1428571428572,66.0,0.4642575757575757,0.747,0.148,0.2257010835358894,0.218,0.67325,0.7421666666666668,0.0069976459659761,0.646,16.614227642276422,38.5,139.1,1440.84,1327.3,30.0,3.0,102.0,23.6,9.0,57.0,30.641,191.0,0.599,33.0,29.0,6.0,20.700000000000003,8.0,10.0,0.0,1,5,40__43
210,2022,43.0,40.0,3.0655870445344133,physical_harvested_weight,False,247.0,245.92428,7.2125,3.72,230.06625,480.10587375,9.455,423.75,67.0,0.4697611940298508,0.765,0.102,0.214904775132368,0.244,0.677,0.7558333333333334,0.0068071658919743,0.666,16.614227642276422,38.5,139.1,1440.84,1327.3,30.0,3.0,102.0,23.6,9.0,57.0,31.474000000000004,193.0,0.663,33.0,29.0,6.0,20.700000000000003,8.0,10.0,0.0,1,2,40__43
211,2022,43.0,40.0,3.4704,estimate_normalized,True,93.0,92.55,6.245,4.8,25.325,403.5,,342.0,60.0,0.4519999999999999,0.719,0.168,0.2001748402438894,0.22525,0.64,0.7115,0.0061750403534738,0.599,16.614227642276422,38.5,139.1,1440.84,1327.3,30.0,3.0,102.0,23.6,9.0,57.0,27.119999999999997,193.0,0.5509999999999999,29.0,29.0,6.0,20.700000000000003,8.0,10.0,0.0,1,2,40__43
212,2022,43.0,40.0,3.1773529411764705,physical_harvested_weight,False,136.0,134.83369,7.140000000000001,3.766,232.258,464.594502,5.536,432.0,63.0,0.4546507936507936,0.769,0.188,0.2194122855967702,0.215,0.6625000000000001,0.7558333333333334,0.0070819434298737,0.661,16.614227642276422,38.5,139.1,1440.84,1327.3,30.0,3.0,102.0,23.6,9.0,57.0,28.643,191.0,0.581,30.0,29.0,6.0,20.700000000000003,8.0,10.0,0.0,1,2,40__43
213,2022,40.0,43.0,1.481428571428571,physical_harvested_weight,False,14.0,16.53751,7.2,3.39,148.5,272.23874,13.42,420.0,59.0,0.4817966101694915,0.75,0.105,0.2134720860298432,0.274,0.687,0.748,0.0067399038198112,0.651,16.614227642276422,38.5,139.1,1440.84,1327.3,30.0,3.0,102.0,23.6,9.0,57.0,28.426000000000002,192.0,0.645,27.0,29.0,6.0,20.700000000000003,8.0,10.0,0.0,4,1,43__40
214,2022,40.0,43.0,1.002222222222222,physical_harvested_weight,False,9.0,10.99122,7.1,3.67,236.12,399.02591,8.82,420.0,59.0,0.4772542372881356,0.751,0.1,0.2095227501275898,0.267,0.68,0.7422,0.006662126629603,0.654,16.614227642276422,38.5,139.1,1440.84,1327.3,30.0,3.0,102.0,23.6,9.0,57.0,28.158,192.0,0.651,27.0,29.0,6.0,20.700000000000003,8.0,10.0,0.0,3,1,43__40
215,2022,43.0,40.0,2.858987341772152,physical_harvested_weight,False,79.0,78.14849,6.666666666666667,3.776666666666667,192.12,392.99891,12.116666666666667,430.0,57.0,0.452719298245614,0.697,0.103,0.2015253894923263,0.242,0.649,0.6912,0.0062251547155691,0.537,16.614227642276422,38.5,139.1,1440.84,1327.3,30.0,3.0,102.0,23.6,9.0,57.0,25.805,182.0,0.594,30.0,29.0,6.0,20.700000000000003,8.0,10.0,0.0,1,2,40__43
216,2022,43.0,40.0,3.1270270270270273,physical_harvested_weight,False,37.0,37.51924,6.4,3.71,242.68,688.96085,7.64,540.0,59.0,0.509322033898305,0.742,0.174,0.2022258714255655,0.2975,0.698,0.7404000000000001,0.006148854961832,0.566,16.614227642276422,38.5,139.1,1440.84,1327.3,30.0,3.0,102.0,23.6,9.0,57.0,30.049999999999997,174.0,0.5680000000000001,33.0,29.0,6.0,20.700000000000003,8.0,10.0,0.0,1,2,40__43
217,2022,43.0,40.0,3.063725490196078,physical_harvested_weight,False,408.0,408.48131,6.94,3.484666666666667,201.10266666666664,313.7409,4.662000000000001,472.0,61.0,0.4610491803278689,0.72,0.186,0.2207327904829957,0.201,0.679,0.7156666666666666,0.0069606490594511,0.621,16.614227642276422,38.5,139.1,1440.84,1327.3,30.0,3.0,102.0,23.6,9.0,57.0,28.124000000000002,193.0,0.534,31.0,29.0,6.0,20.700000000000003,8.0,10.0,0.0,1,2,40__43
218,2022,43.0,40.0,2.1723076923076925,physical_harvested_weight,False,39.0,39.30376,7.2,3.87,198.74,289.9543,4.86,390.0,55.0,0.4330363636363635,0.708,0.165,0.2038272854993894,0.2215,0.63,0.7050000000000001,0.0065834504186876,0.619,16.614227642276422,38.5,139.1,1440.84,1327.3,30.0,3.0,102.0,23.6,9.0,57.0,23.816999999999993,182.0,0.5429999999999999,23.0,29.0,6.0,20.700000000000003,8.0,10.0,0.0,1,2,40__43
219,2022,43.0,40.0,2.827547619047619,physical_harvested_weight,False,210.0,209.86423,6.8,3.69625,212.37625,656.214605,8.491249999999999,446.25,61.0,0.4153606557377049,0.734,0.134,0.2254951588144418,0.192,0.656,0.7291666666666666,0.007038238989189,0.636,16.614227642276422,38.5,139.1,1440.84,1327.3,30.0,3.0,102.0,23.6,9.0,57.0,25.337,191.0,0.6,26.0,29.0,6.0,20.700000000000003,8.0,10.0,0.0,1,2,40__43
220,2022,43.0,40.0,3.4832,physical_harvested_weight,False,25.0,24.0006,7.3,3.74,197.06,380.11444,6.0,420.0,55.0,0.4947818181818182,0.777,0.199,0.2140569755002872,0.284,0.7115,0.7630000000000001,0.006988281327077,0.68,16.614227642276422,38.5,139.1,1440.84,1327.3,30.0,3.0,102.0,23.6,9.0,57.0,27.213,193.0,0.5780000000000001,27.0,29.0,6.0,20.700000000000003,8.0,10.0,0.0,1,2,40__43
221,2022,43.0,40.0,4.1328000000000005,estimate_normalized,True,8.0,8.18,,,,,,,59.0,0.5321186440677966,0.746,0.159,0.2066966240608719,0.3165,0.718,0.743,0.0063547162237552,0.643,16.614227642276422,38.5,139.1,1440.84,1327.3,30.0,3.0,102.0,23.6,9.0,57.0,31.395000000000003,179.0,0.587,33.0,29.0,6.0,20.700000000000003,8.0,10.0,0.0,1,2,40__43
222,2022,43.0,40.0,3.2700483870967743,physical_harvested_weight,False,62.0,62.12991,6.9,3.725,206.315,278.80506,4.845,420.0,57.0,0.4807017543859649,0.771,0.173,0.2244922508655399,0.24,0.699,0.759,0.0073893416858015,0.695,16.614227642276422,38.5,139.1,1440.84,1327.3,30.0,3.0,102.0,23.6,9.0,57.0,27.4,192.0,0.5980000000000001,28.0,29.0,6.0,20.700000000000003,8.0,10.0,0.0,1,2,40__43
223,2022,43.0,40.0,3.2311428571428573,physical_harvested_weight,False,70.0,70.93112,6.433333333333334,3.6633333333333336,175.33333333333334,560.82853,6.72,430.0,57.0,0.4455789473684211,0.734,0.182,0.2118301162565841,0.227,0.653,0.7188,0.0068739420698145,0.634,16.614227642276422,38.5,139.1,1440.84,1327.3,30.0,3.0,102.0,23.6,9.0,57.0,25.398,191.0,0.552,26.0,29.0,6.0,20.700000000000003,8.0,10.0,0.0,1,2,40__43
224,2022,43.0,40.0,3.079423076923077,physical_harvested_weight,False,104.0,106.08424,6.5,3.808,191.728,598.903534,18.618,516.0,59.0,0.4709152542372881,0.72,0.147,0.2071515688552048,0.254,0.681,0.7121999999999999,0.006276179389898,0.589,16.614227642276422,38.5,139.1,1440.84,1327.3,30.0,3.0,102.0,23.6,9.0,57.0,27.784,176.0,0.573,31.0,29.0,6.0,20.700000000000003,8.0,10.0,0.0,1,2,40__43
225,2022,43.0,40.0,4.58,estimate_normalized,True,4.0,4.03,,,,,,,57.0,0.5456491228070175,0.72,0.147,0.1865430190005164,0.405,0.707,0.7183999999999999,0.0052016163837468,0.58,16.614227642276422,38.5,139.1,1440.84,1327.3,30.0,3.0,102.0,23.6,9.0,57.0,31.101999999999997,170.0,0.573,38.0,29.0,6.0,20.700000000000003,8.0,10.0,0.0,1,2,40__43
226,2022,43.0,40.0,1.6934999999999998,physical_harvested_weight,False,40.0,41.00801,7.2,3.79,218.81,806.48818,8.56,420.0,59.0,0.4962542372881355,0.744,0.173,0.207939006150014,0.2764999999999999,0.715,0.7389999999999999,0.006268143495921,0.541,16.614227642276422,38.5,139.1,1440.84,1327.3,30.0,3.0,102.0,23.6,9.0,57.0,29.278999999999996,184.0,0.571,33.0,29.0,6.0,20.700000000000003,8.0,10.0,0.0,1,2,40__43
227,2022,44.0,44.0,2.217514450867052,physical_harvested_weight,False,346.0,348.50924,6.953846153846154,3.8015384615384615,195.0484615384616,763.0697146153847,10.056153846153848,475.38461538461536,66.0,0.4558030303030302,0.695,0.116,0.16470968212208,0.2847499999999999,0.60375,0.6816666666666666,0.0040263486251034,0.427,17.19252032520325,37.2,122.8,1507.87,1392.23,31.0,3.0,101.0,49.4,9.0,57.0,30.083,177.0,0.579,30.0,22.0,4.0,29.7,11.0,2.7,0.0,4,1,44__44
228,2022,43.0,44.0,4.564745762711865,physical_harvested_weight,False,59.0,55.06353,6.699999999999999,3.515,179.82,438.82045,7.755,420.0,59.0,0.4557966101694915,0.712,0.191,0.1985923155238369,0.2329999999999999,0.6665000000000001,0.7096,0.0053694383949138,0.417,16.614227642276422,38.5,139.1,1440.84,1327.3,30.0,3.0,102.0,23.6,9.0,57.0,26.892,188.0,0.5209999999999999,27.0,29.0,6.0,20.700000000000003,8.0,10.0,0.0,5,1,44__43
229,2022,43.0,44.0,2.841666666666667,physical_harvested_weight,False,12.0,9.82891,6.4,2.36,225.3,220.85171,12.11,480.0,57.0,0.3994912280701754,0.648,0.024,0.2044734892786595,0.204,0.589,0.6394000000000001,0.0057755408907432,0.455,16.614227642276422,38.5,139.1,1440.84,1327.3,30.0,3.0,102.0,23.6,9.0,57.0,22.771,174.0,0.624,22.0,29.0,6.0,20.700000000000003,8.0,10.0,0.0,5,1,44__43
230,2022,40.0,44.0,3.257219730941704,physical_harvested_weight,False,223.0,222.45567,7.1000000000000005,3.73,184.71,792.107215,3.6633333333333336,445.0,64.0,0.4595625,0.75,0.085,0.2216028172062575,0.23675,0.69,0.7483333333333334,0.0071328291611908,0.693,16.614227642276422,38.5,139.1,1440.84,1327.3,30.0,3.0,102.0,23.6,9.0,57.0,29.412000000000003,188.0,0.665,28.0,29.0,6.0,20.700000000000003,8.0,10.0,0.0,4,1,44__40
231,2022,44.0,44.0,1.5712340425531914,physical_harvested_weight,False,235.0,231.50464,7.2625,3.685,204.0575,646.09227125,9.26,453.75,63.0,0.446031746031746,0.635,0.181,0.1335754906058823,0.3055,0.5575000000000001,0.625,0.0033885615641535,0.451,16.614227642276422,38.5,139.1,1440.84,1327.3,30.0,3.0,102.0,23.6,9.0,57.0,28.1,176.0,0.454,25.0,29.0,6.0,20.700000000000003,8.0,10.0,0.0,6,1,44__44
232,2022,44.0,44.0,1.847837837837838,physical_harvested_weight,False,296.0,296.88138,6.609090909090909,3.7290909090909095,211.9754545454545,649.4797309090909,7.533636363636364,452.7272727272728,62.0,0.4016129032258064,0.595,0.166,0.1208698786937517,0.301,0.485,0.5750000000000001,0.0030129937557736,0.4,16.614227642276422,38.5,139.1,1440.84,1327.3,30.0,3.0,102.0,23.6,9.0,57.0,24.9,184.0,0.42899999999999994,15.0,29.0,6.0,20.700000000000003,8.0,10.0,0.0,6,1,44__44
233,2022,46.0,44.0,4.4169230769230765,physical_harvested_weight,False,39.0,38.82,6.7,3.57,211.75,698.55237,6.06,510.0,,,,,,,,,,,16.614227642276422,38.5,139.1,1440.84,1327.3,30.0,3.0,102.0,23.6,9.0,57.0,,,,,29.0,6.0,20.700000000000003,8.0,10.0,0.0,3,1,44__46
234,2022,43.0,44.0,3.975428571428571,physical_harvested_weight,False,35.0,36.18,6.5,3.73,181.31,492.74302,14.32,480.0,59.0,0.5020169491525424,0.7,0.13,0.1814366856486496,0.324,0.6705000000000001,0.6960000000000001,0.0054427410307854,0.517,16.614227642276422,38.5,139.1,1440.84,1327.3,30.0,3.0,102.0,23.6,9.0,57.0,29.619,177.0,0.57,34.0,29.0,6.0,20.700000000000003,8.0,10.0,0.0,4,1,44__43
195,2023,44.0,44.0,0.8904065040650406,physical_harvested_weight,False,123.0,122.42127,6.9,3.6425,225.2,499.4803025,7.5175,427.5,64.0,0.364328125,0.474,0.171,0.1074294906391367,0.27775,0.455,0.4703333333333333,0.003411161215727,0.44,15.161138211382111,40.2,99.9,1344.96,1241.51,32.0,12.0,108.0,12.1,1.0,58.0,23.317,195.0,0.30299999999999994,0.0,39.0,8.0,62.699999999999996,16.0,0.0,1.0,5,1,44__44
197,2023,44.0,44.0,1.0820991253644316,physical_harvested_weight,False,343.0,343.71311,6.976923076923077,3.579230769230769,216.96,502.5284007692308,4.591538461538462,454.61538461538464,65.0,0.347,0.493,0.166,0.1056056525293691,0.264,0.444,0.4846666666666666,0.0035786619383724,0.455,15.161138211382111,40.2,99.9,1344.96,1241.51,32.0,12.0,108.0,12.1,1.0,58.0,22.555,196.0,0.32699999999999996,0.0,39.0,8.0,62.699999999999996,16.0,0.0,1.0,5,1,44__44
207,2023,44.0,44.0,1.068974844468488,physical_harvested_weight,False,110.91,110.91329,6.875,3.55,244.935,425.663535,5.4125,412.5,63.0,0.3438253968253969,0.475,0.165,0.104032738998705,0.2475,0.4345,0.472,0.0034318138822238,0.475,15.161138211382111,40.2,99.9,1344.96,1241.51,32.0,12.0,108.0,12.1,1.0,58.0,21.661000000000005,207.0,0.30999999999999994,0.0,39.0,8.0,62.699999999999996,16.0,0.0,1.0,5,1,44__44
208,2023,43.0,43.0,2.018076923076923,physical_harvested_weight,False,130.0,128.21593,6.8,3.916,202.758,706.31834,5.7,504.0,62.0,0.4086451612903225,0.592,0.045,0.1416320877592309,0.354,0.557,0.576,0.0048051426238453,0.57,15.161138211382111,40.2,99.9,1344.96,1241.51,32.0,12.0,108.0,12.1,1.0,58.0,25.335999999999995,186.0,0.5469999999999999,21.0,39.0,8.0,62.699999999999996,16.0,0.0,1.0,2,1,43__43
209,2023,44.0,43.0,1.4882148184982598,physical_harvested_weight,False,301.65,301.6502,7.042857142857143,3.5357142857142856,171.9557142857143,277.5815457142857,7.35,437.1428571428572,66.0,0.3476666666666667,0.547,0.178,0.1111008732657131,0.262,0.4347499999999999,0.5273333333333333,0.0035821105791018,0.442,15.161138211382111,40.2,99.9,1344.96,1241.51,32.0,12.0,108.0,12.1,1.0,58.0,22.946,192.0,0.36900000000000005,9.0,39.0,8.0,62.699999999999996,16.0,0.0,1.0,2,1,43__44
210,2023,24.0,43.0,1.7267206477732793,physical_harvested_weight,False,247.0,245.92428,7.2125,3.72,230.06625,480.10587375,9.455,423.75,66.0,0.4063484848484848,0.669,0.16,0.1591186418829485,0.2745,0.5467500000000001,0.646,0.0052950617827092,0.486,15.161138211382111,40.2,99.9,1344.96,1241.51,32.0,12.0,108.0,12.1,1.0,58.0,26.819,186.0,0.509,20.0,39.0,8.0,62.699999999999996,16.0,0.0,1.0,2,1,43__24
212,2023,43.0,43.0,2.9445588235294116,physical_harvested_weight,False,136.0,134.83369,7.140000000000001,3.766,232.258,464.594502,5.536,432.0,60.0,0.3614833333333333,0.603,0.131,0.1516671236256852,0.2405,0.52325,0.596,0.0053381075049243,0.589,15.161138211382111,40.2,99.9,1344.96,1241.51,32.0,12.0,108.0,12.1,1.0,58.0,21.689,212.0,0.472,18.0,39.0,8.0,62.699999999999996,16.0,0.0,1.0,2,1,43__43
213,2023,43.0,40.0,1.6768999999999998,estimate_normalized,True,14.0,16.53751,7.2,3.39,148.5,272.23874,13.42,420.0,61.0,0.4147213114754098,0.612,0.166,0.1348985205897248,0.316,0.523,0.5966666666666667,0.0046296923619196,0.494,15.161138211382111,40.2,99.9,1344.96,1241.51,32.0,12.0,108.0,12.1,1.0,58.0,25.298000000000002,186.0,0.44599999999999995,18.0,39.0,8.0,62.699999999999996,16.0,0.0,1.0,1,2,40__43
214,2023,43.0,40.0,1.6103999999999998,estimate_normalized,True,9.0,10.99122,7.1,3.67,236.12,399.02591,8.82,420.0,61.0,0.4131475409836066,0.599,0.168,0.1356736484634944,0.309,0.526,0.5924999999999999,0.0046574922498201,0.488,15.161138211382111,40.2,99.9,1344.96,1241.51,32.0,12.0,108.0,12.1,1.0,58.0,25.202000000000005,179.0,0.43099999999999994,18.0,39.0,8.0,62.699999999999996,16.0,0.0,1.0,1,2,40__43
215,2023,3.0,43.0,2.2745063291139243,physical_harvested_weight,False,79.0,78.14849,6.666666666666667,3.776666666666667,192.12,392.99891,12.116666666666667,430.0,54.0,0.4349259259259259,0.604,0.189,0.1416472995718397,0.3325,0.5794999999999999,0.5956,0.0050509451368789,0.567,15.161138211382111,40.2,99.9,1344.96,1241.51,32.0,12.0,108.0,12.1,1.0,58.0,23.486,192.0,0.415,20.0,39.0,8.0,62.699999999999996,16.0,0.0,1.0,2,1,43__3
216,2023,3.0,43.0,2.696783783783784,physical_harvested_weight,False,37.0,37.51924,6.4,3.71,242.68,688.96085,7.64,540.0,53.0,0.4972830188679246,0.664,0.165,0.1524012055316171,0.414,0.627,0.6574000000000001,0.0045751374620989,0.552,15.161138211382111,40.2,99.9,1344.96,1241.51,32.0,12.0,108.0,12.1,1.0,58.0,26.356000000000005,162.0,0.499,30.0,39.0,8.0,62.699999999999996,16.0,0.0,1.0,2,1,43__3
217,2023,3.0,43.0,2.021480392156863,physical_harvested_weight,False,408.0,408.48131,6.94,3.484666666666667,201.10266666666664,313.7409,4.662000000000001,472.0,64.0,0.33015625,0.582,0.138,0.1425266662275431,0.21575,0.481,0.5766666666666665,0.0047107994939759,0.574,15.161138211382111,40.2,99.9,1344.96,1241.51,32.0,12.0,108.0,12.1,1.0,58.0,21.130000000000003,212.0,0.44399999999999995,13.0,39.0,8.0,62.699999999999996,16.0,0.0,1.0,2,1,43__3
218,2023,3.0,43.0,3.3693589743589745,physical_harvested_weight,False,39.0,39.30376,7.2,3.87,198.74,289.9543,4.86,390.0,56.0,0.4423035714285714,0.655,0.132,0.154538011926199,0.31425,0.5782499999999999,0.6450000000000001,0.0053580826595691,0.561,15.161138211382111,40.2,99.9,1344.96,1241.51,32.0,12.0,108.0,12.1,1.0,58.0,24.769,195.0,0.523,30.0,39.0,8.0,62.699999999999996,16.0,0.0,1.0,2,1,43__3
219,2023,40.0,43.0,2.802523809523809,physical_harvested_weight,False,210.0,209.86423,6.8,3.69625,212.37625,656.214605,8.491249999999999,446.25,64.0,0.3510625,0.716,0.171,0.1932690704529568,0.219,0.501,0.7066666666666667,0.0061950433944069,0.689,15.161138211382111,40.2,99.9,1344.96,1241.51,32.0,12.0,108.0,12.1,1.0,58.0,22.468,203.0,0.5449999999999999,16.0,39.0,8.0,62.699999999999996,16.0,0.0,1.0,2,1,43__40
220,2023,3.0,43.0,3.3728800000000003,physical_harvested_weight,False,25.0,24.0006,7.3,3.74,197.06,380.11444,6.0,420.0,54.0,0.4876296296296296,0.691,0.058,0.1671483369031605,0.3915,0.6335,0.6854,0.0058937456965345,0.601,15.161138211382111,40.2,99.9,1344.96,1241.51,32.0,12.0,108.0,12.1,1.0,58.0,26.331999999999997,194.0,0.6329999999999999,28.0,39.0,8.0,62.699999999999996,16.0,0.0,1.0,2,1,43__3
222,2023,3.0,43.0,4.5005,physical_harvested_weight,False,62.0,62.12991,6.9,3.725,206.315,278.80506,4.845,420.0,57.0,0.4068771929824561,0.617,0.138,0.1564229612722291,0.28,0.57,0.6136,0.005608989730275,0.541,15.161138211382111,40.2,99.9,1344.96,1241.51,32.0,12.0,108.0,12.1,1.0,58.0,23.192,184.0,0.479,19.0,39.0,8.0,62.699999999999996,16.0,0.0,1.0,2,1,43__3
223,2023,3.0,43.0,2.3584285714285715,physical_harvested_weight,False,70.0,70.93112,6.433333333333334,3.6633333333333336,175.33333333333334,560.82853,6.72,430.0,58.0,0.373551724137931,0.607,0.116,0.1565972400793693,0.2565,0.5525,0.6034,0.0054360339896051,0.595,15.161138211382111,40.2,99.9,1344.96,1241.51,32.0,12.0,108.0,12.1,1.0,58.0,21.665999999999997,203.0,0.491,19.0,39.0,8.0,62.699999999999996,16.0,0.0,1.0,2,1,43__3
224,2023,3.0,43.0,2.481451923076923,physical_harvested_weight,False,104.0,106.08424,6.5,3.808,191.728,598.903534,18.618,516.0,57.0,0.4321754385964911,0.606,0.18,0.1511747127753261,0.327,0.564,0.5955999999999999,0.0047634274680728,0.49,15.161138211382111,40.2,99.9,1344.96,1241.51,32.0,12.0,108.0,12.1,1.0,58.0,24.633999999999997,192.0,0.426,28.0,39.0,8.0,62.699999999999996,16.0,0.0,1.0,2,1,43__3
226,2023,3.0,43.0,1.1793749999999998,physical_harvested_weight,False,40.0,41.00801,7.2,3.79,218.81,806.48818,8.56,420.0,55.0,0.4109454545454544,0.584,0.144,0.1414116387368731,0.313,0.544,0.5816,0.0048355668299054,0.524,15.161138211382111,40.2,99.9,1344.96,1241.51,32.0,12.0,108.0,12.1,1.0,58.0,22.601999999999993,183.0,0.43999999999999995,23.0,39.0,8.0,62.699999999999996,16.0,0.0,1.0,2,1,43__3
227,2023,40.0,44.0,2.6015895953757227,physical_harvested_weight,False,346.0,348.50924,6.953846153846154,3.8015384615384615,195.0484615384616,763.0697146153847,10.056153846153848,475.38461538461536,64.0,0.3844062499999999,0.746,0.149,0.2048036192574181,0.22975,0.5812499999999999,0.7356666666666666,0.0068495724962985,0.684,15.787317073170732,39.9,107.2,1400.69,1297.2,27.0,9.0,104.0,65.4,1.0,52.0,24.601999999999997,204.0,0.597,18.0,20.0,7.0,36.1,14.0,0.0,1.0,5,1,44__40
228,2023,44.0,43.0,1.5016949152542372,physical_harvested_weight,False,59.0,55.06353,6.699999999999999,3.515,179.82,438.82045,7.755,420.0,55.0,0.3992,0.551,0.231,0.1039780396394966,0.312,0.486,0.534,0.0028495955470126,0.379,15.161138211382111,40.2,99.9,1344.96,1241.51,32.0,12.0,108.0,12.1,1.0,58.0,21.956,169.0,0.32000000000000006,6.0,39.0,8.0,62.699999999999996,16.0,0.0,1.0,6,1,43__44
229,2023,44.0,43.0,3.443333333333334,physical_harvested_weight,False,12.0,9.82891,6.4,2.36,225.3,220.85171,12.11,480.0,56.0,0.4022321428571428,0.568,0.154,0.1513570743864875,0.2515,0.5357500000000001,0.5646000000000001,0.0043619211950633,0.455,15.161138211382111,40.2,99.9,1344.96,1241.51,32.0,12.0,108.0,12.1,1.0,58.0,22.525,167.0,0.4139999999999999,24.0,39.0,8.0,62.699999999999996,16.0,0.0,1.0,6,1,43__44
230,2023,43.0,40.0,0.9786995515695068,physical_harvested_weight,False,223.0,222.45567,7.1000000000000005,3.73,184.71,792.107215,3.6633333333333336,445.0,63.0,0.3460317460317459,0.58,0.14,0.1339697867210895,0.2575,0.4825,0.5658333333333333,0.0046412107447513,0.58,15.161138211382111,40.2,99.9,1344.96,1241.51,32.0,12.0,108.0,12.1,1.0,58.0,21.799999999999997,213.0,0.43999999999999995,14.0,39.0,8.0,62.699999999999996,16.0,0.0,1.0,1,2,40__43
231,2023,40.0,44.0,2.2995063829787235,physical_harvested_weight,False,235.0,231.50464,7.2625,3.685,204.0575,646.09227125,9.26,453.75,63.0,0.3749523809523809,0.633,0.166,0.1553632127987718,0.255,0.5225,0.6268333333333334,0.0054882558132597,0.623,15.161138211382111,40.2,99.9,1344.96,1241.51,32.0,12.0,108.0,12.1,1.0,58.0,23.622,204.0,0.46699999999999997,19.0,39.0,8.0,62.699999999999996,16.0,0.0,1.0,7,1,44__40
232,2023,40.0,44.0,2.6881993243243243,physical_harvested_weight,False,296.0,296.88138,6.609090909090909,3.7290909090909095,211.9754545454545,649.4797309090909,7.533636363636364,452.7272727272728,65.0,0.3717384615384615,0.707,0.146,0.1809633432428599,0.243,0.499,0.6956666666666668,0.0061517134069773,0.68,15.161138211382111,40.2,99.9,1344.96,1241.51,32.0,12.0,108.0,12.1,1.0,58.0,24.163,204.0,0.5609999999999999,16.0,39.0,8.0,62.699999999999996,16.0,0.0,1.0,7,1,44__40
234,2023,44.0,43.0,1.7062857142857142,physical_harvested_weight,False,35.0,36.18,6.5,3.73,181.31,492.74302,14.32,480.0,53.0,0.4711320754716981,0.652,0.197,0.1459779044712096,0.408,0.584,0.6404,0.0042347484724424,0.426,15.161138211382111,40.2,99.9,1344.96,1241.51,32.0,12.0,108.0,12.1,1.0,58.0,24.970000000000002,192.0,0.455,28.0,39.0,8.0,62.699999999999996,16.0,0.0,1.0,5,1,43__44
195,2024,40.0,44.0,2.7365853658536587,physical_harvested_weight,False,123.0,122.42127,6.9,3.6425,225.2,499.4803025,7.5175,427.5,58.0,0.4611551724137931,0.801,0.176,0.2424666206479121,0.22325,0.724,0.7998000000000001,0.0069920322926292,0.694,16.32260162601626,35.1,222.4,1407.46,1293.7,22.0,2.0,92.0,104.2,0.0,48.0,26.747,196.0,0.625,25.0,12.0,4.0,64.9,12.0,0.0,1.0,6,1,44__40
197,2024,40.0,44.0,3.2877551020408164,physical_harvested_weight,False,343.0,343.71311,6.976923076923077,3.579230769230769,216.96,502.5284007692308,4.591538461538462,454.61538461538464,58.0,0.4584137931034483,0.798,0.144,0.2460667161061559,0.22775,0.7315,0.7958000000000001,0.0071056333018817,0.721,16.32260162601626,35.1,222.4,1407.46,1293.7,22.0,2.0,92.0,104.2,0.0,48.0,26.588,201.0,0.654,25.0,12.0,4.0,64.9,12.0,0.0,1.0,6,1,44__40
207,2024,40.0,44.0,3.107023712920386,physical_harvested_weight,False,110.91,110.91329,6.875,3.55,244.935,425.663535,5.4125,412.5,55.0,0.4803454545454544,0.818,0.123,0.2590055259629393,0.2175,0.7404999999999999,0.8138,0.0073046569815369,0.711,16.32260162601626,35.1,222.4,1407.46,1293.7,22.0,2.0,92.0,104.2,0.0,48.0,26.418999999999993,195.0,0.695,26.0,12.0,4.0,64.9,12.0,0.0,1.0,6,1,44__40
208,2024,40.0,43.0,2.360615384615385,physical_harvested_weight,False,130.0,128.21593,6.8,3.916,202.758,706.31834,5.7,504.0,56.0,0.5170357142857143,0.765,0.17,0.1943622321746649,0.331,0.6890000000000001,0.7616,0.0056825839866038,0.682,16.32260162601626,35.1,222.4,1407.46,1293.7,22.0,2.0,92.0,104.2,0.0,48.0,28.954,197.0,0.595,31.0,12.0,4.0,64.9,12.0,0.0,1.0,3,1,43__40
209,2024,44.0,44.0,4.5289739764627885,physical_harvested_weight,False,301.65,301.6502,7.042857142857143,3.5357142857142856,171.9557142857143,277.5815457142857,7.35,437.1428571428572,56.0,0.6001785714285715,0.792,0.246,0.1721257956868067,0.4375,0.77175,0.791,0.000510373748405,0.352,16.32260162601626,35.1,222.4,1407.46,1293.7,22.0,2.0,92.0,104.2,0.0,48.0,33.61,163.0,0.546,36.0,12.0,4.0,64.9,12.0,0.0,1.0,3,1,44__44
210,2024,44.0,24.0,5.519493927125506,physical_harvested_weight,False,247.0,245.92428,7.2125,3.72,230.06625,480.10587375,9.455,423.75,60.0,0.6008666666666668,0.806,0.274,0.1709949771841916,0.4365,0.77725,0.8008333333333333,-0.0002039435015239,0.369,16.32260162601626,35.1,222.4,1407.46,1293.7,22.0,2.0,92.0,104.2,0.0,48.0,36.05200000000001,173.0,0.532,35.0,12.0,4.0,64.9,12.0,0.0,1.0,3,2,24__44
212,2024,40.0,43.0,1.900882352941176,physical_harvested_weight,False,136.0,134.83369,7.140000000000001,3.766,232.258,464.594502,5.536,432.0,55.0,0.4978545454545454,0.776,0.162,0.2204955095961505,0.283,0.7035,0.7734,0.0065482070842269,0.669,16.32260162601626,35.1,222.4,1407.46,1293.7,22.0,2.0,92.0,104.2,0.0,48.0,27.381999999999998,195.0,0.614,28.0,12.0,4.0,64.9,12.0,0.0,1.0,3,1,43__40
215,2024,44.0,3.0,4.476708860759494,physical_harvested_weight,False,79.0,78.14849,6.666666666666667,3.776666666666667,192.12,392.99891,12.116666666666667,430.0,50.0,0.57068,0.747,0.228,0.1544699893183138,0.4895,0.7195,0.743,0.0017023444969217,0.402,16.32260162601626,35.1,222.4,1407.46,1293.7,22.0,2.0,92.0,104.2,0.0,48.0,28.534,172.0,0.519,36.0,12.0,4.0,64.9,12.0,0.0,1.0,3,2,3__44
216,2024,44.0,3.0,5.342162162162162,physical_harvested_weight,False,37.0,37.51924,6.4,3.71,242.68,688.96085,7.64,540.0,50.0,0.5983200000000001,0.781,0.218,0.1784221331561754,0.4885,0.75475,0.7792000000000001,0.0027610490742491,0.468,16.32260162601626,35.1,222.4,1407.46,1293.7,22.0,2.0,92.0,104.2,0.0,48.0,29.916000000000004,165.0,0.5630000000000001,36.0,12.0,4.0,64.9,12.0,0.0,1.0,3,2,3__44
217,2024,40.0,3.0,2.9758823529411766,physical_harvested_weight,False,408.0,408.48131,6.94,3.484666666666667,201.10266666666664,313.7409,4.662000000000001,472.0,59.0,0.4726779661016949,0.796,0.163,0.2300032748976846,0.2725,0.719,0.7936,0.0068639090900806,0.687,16.32260162601626,35.1,222.4,1407.46,1293.7,22.0,2.0,92.0,104.2,0.0,48.0,27.887999999999998,200.0,0.633,26.0,12.0,4.0,64.9,12.0,0.0,1.0,3,2,3__40
218,2024,43.0,3.0,4.027153846153846,physical_harvested_weight,False,39.0,39.30376,7.2,3.87,198.74,289.9543,4.86,390.0,54.0,0.5576851851851852,0.787,0.193,0.2121925945642983,0.3885,0.74975,0.784,0.0059483947056836,0.708,16.32260162601626,35.1,222.4,1407.46,1293.7,22.0,2.0,92.0,104.2,0.0,48.0,30.115,197.0,0.5940000000000001,30.0,12.0,4.0,64.9,12.0,0.0,1.0,3,2,3__43
219,2024,43.0,40.0,3.6718380952380953,physical_harvested_weight,False,210.0,209.86423,6.8,3.69625,212.37625,656.214605,8.491249999999999,446.25,55.0,0.4950545454545455,0.772,0.185,0.244220348953512,0.251,0.7555000000000001,0.7698,0.0066983153488906,0.596,16.32260162601626,35.1,222.4,1407.46,1293.7,22.0,2.0,92.0,104.2,0.0,48.0,27.228000000000005,196.0,0.587,29.0,12.0,4.0,64.9,12.0,0.0,1.0,1,2,40__43
220,2024,43.0,3.0,3.12756,physical_harvested_weight,False,25.0,24.0006,7.3,3.74,197.06,380.11444,6.0,420.0,53.0,0.553811320754717,0.8,0.168,0.2188500871065796,0.362,0.763,0.796,0.0061186095245866,0.663,16.32260162601626,35.1,222.4,1407.46,1293.7,22.0,2.0,92.0,104.2,0.0,48.0,29.352,195.0,0.632,31.0,12.0,4.0,64.9,12.0,0.0,1.0,3,2,3__43
222,2024,43.0,3.0,3.6562580645161287,physical_harvested_weight,False,62.0,62.12991,6.9,3.725,206.315,278.80506,4.845,420.0,55.0,0.5368,0.822,0.116,0.2271239469380701,0.384,0.769,0.8202,0.0065698484413484,0.641,16.32260162601626,35.1,222.4,1407.46,1293.7,22.0,2.0,92.0,104.2,0.0,48.0,29.524,200.0,0.706,27.0,12.0,4.0,64.9,12.0,0.0,1.0,3,2,3__43
223,2024,43.0,3.0,3.350857142857143,physical_harvested_weight,False,70.0,70.93112,6.433333333333334,3.6633333333333336,175.33333333333334,560.82853,6.72,430.0,57.0,0.5046842105263157,0.775,0.148,0.2238026353179379,0.348,0.742,0.7722,0.006457457175736,0.601,16.32260162601626,35.1,222.4,1407.46,1293.7,22.0,2.0,92.0,104.2,0.0,48.0,28.766999999999996,195.0,0.627,29.0,12.0,4.0,64.9,12.0,0.0,1.0,3,2,3__43
224,2024,44.0,3.0,5.0582692307692305,physical_harvested_weight,False,104.0,106.08424,6.5,3.808,191.728,598.903534,18.618,516.0,52.0,0.5909423076923076,0.803,0.21,0.1764846270774725,0.48975,0.76125,0.7958000000000001,0.0019344870423907,0.415,16.32260162601626,35.1,222.4,1407.46,1293.7,22.0,2.0,92.0,104.2,0.0,48.0,30.728999999999996,161.0,0.5930000000000001,35.0,12.0,4.0,64.9,12.0,0.0,1.0,3,2,3__44
226,2024,44.0,3.0,4.9315,physical_harvested_weight,False,40.0,41.00801,7.2,3.79,218.81,806.48818,8.56,420.0,52.0,0.576,0.789,0.238,0.162298158670061,0.483,0.73875,0.7772000000000001,0.0019140226475099,0.45,16.32260162601626,35.1,222.4,1407.46,1293.7,22.0,2.0,92.0,104.2,0.0,48.0,29.951999999999998,162.0,0.551,35.0,12.0,4.0,64.9,12.0,0.0,1.0,3,2,3__44
227,2024,3.0,40.0,3.007739884393064,physical_harvested_weight,False,346.0,348.50924,6.953846153846154,3.8015384615384615,195.0484615384616,763.0697146153847,10.056153846153848,475.38461538461536,57.0,0.5265087719298246,0.754,0.171,0.2279088093112018,0.262,0.735,0.7508,0.0059019477198124,0.519,17.166585365853656,36.0,248.6,1504.11,1387.04,28.0,3.0,91.0,99.2,2.0,48.0,30.011,168.0,0.583,37.0,18.0,9.0,95.19999999999999,14.0,0.0,1.0,1,2,40__3
228,2024,40.0,44.0,3.052881355932203,physical_harvested_weight,False,59.0,55.06353,6.699999999999999,3.515,179.82,438.82045,7.755,420.0,52.0,0.4954999999999999,0.769,0.192,0.2027732249810876,0.34725,0.6975,0.7666000000000001,0.0058915868092212,0.724,16.32260162601626,35.1,222.4,1407.46,1293.7,22.0,2.0,92.0,104.2,0.0,48.0,25.766,192.0,0.577,23.0,12.0,4.0,64.9,12.0,0.0,1.0,7,1,44__40
229,2024,40.0,44.0,3.2544166666666663,physical_harvested_weight,False,12.0,9.82891,6.4,2.36,225.3,220.85171,12.11,480.0,52.0,0.4446923076923077,0.676,0.127,0.1855686207788145,0.2995,0.62325,0.6616000000000001,0.0053660774119693,0.658,16.32260162601626,35.1,222.4,1407.46,1293.7,22.0,2.0,92.0,104.2,0.0,48.0,23.124000000000002,197.0,0.549,24.0,12.0,4.0,64.9,12.0,0.0,1.0,7,1,44__40
230,2024,40.0,43.0,3.2521793721973093,physical_harvested_weight,False,223.0,222.45567,7.1000000000000005,3.73,184.71,792.107215,3.6633333333333336,445.0,57.0,0.5184736842105263,0.797,0.181,0.2251170537830718,0.308,0.728,0.7928000000000001,0.0066306718908122,0.688,16.32260162601626,35.1,222.4,1407.46,1293.7,22.0,2.0,92.0,104.2,0.0,48.0,29.552999999999997,194.0,0.6160000000000001,31.0,12.0,4.0,64.9,12.0,0.0,1.0,2,1,43__40
231,2024,43.0,40.0,3.806382978723404,physical_harvested_weight,False,235.0,231.50464,7.2625,3.685,204.0575,646.09227125,9.26,453.75,57.0,0.5334736842105264,0.79,0.182,0.2362054640293145,0.267,0.766,0.789,0.006298594052457,0.486,16.32260162601626,35.1,222.4,1407.46,1293.7,22.0,2.0,92.0,104.2,0.0,48.0,30.408000000000005,178.0,0.6080000000000001,33.0,12.0,4.0,64.9,12.0,0.0,1.0,1,2,40__43
232,2024,43.0,40.0,3.330304054054054,physical_harvested_weight,False,296.0,296.88138,6.609090909090909,3.7290909090909095,211.9754545454545,649.4797309090909,7.533636363636364,452.7272727272728,61.0,0.5050819672131148,0.786,0.13,0.2415434180216316,0.236,0.748,0.7808333333333334,0.0064768445931596,0.484,16.32260162601626,35.1,222.4,1407.46,1293.7,22.0,2.0,92.0,104.2,0.0,48.0,30.810000000000002,178.0,0.656,34.0,12.0,4.0,64.9,12.0,0.0,1.0,1,2,40__43
234,2024,40.0,44.0,3.295057142857143,physical_harvested_weight,False,35.0,36.18,6.5,3.73,181.31,492.74302,14.32,480.0,49.0,0.5852448979591837,0.752,0.194,0.1655536821023399,0.567,0.682,0.7509999999999999,0.0042664217251422,0.678,16.32260162601626,35.1,222.4,1407.46,1293.7,22.0,2.0,92.0,104.2,0.0,48.0,28.677,195.0,0.558,37.0,12.0,4.0,64.9,12.0,0.0,1.0,6,1,44__40
195,2025,43.0,40.0,2.7195121951219514,physical_harvested_weight,False,123.0,122.42127,6.9,3.6425,225.2,499.4803025,7.5175,427.5,71.0,0.4665211267605634,0.758,0.148,0.2165507362828533,0.269,0.6825000000000001,0.743,0.0059154002239509,0.517,17.104959349593496,37.0,366.75,1502.25,1385.48,23.0,5.0,79.0,142.26,6.0,42.0,33.123000000000005,196.0,0.61,37.0,11.0,3.0,107.92999999999999,9.0,0.79,1.0,1,2,40__43
197,2025,43.0,40.0,3.779416909620991,physical_harvested_weight,False,343.0,343.71311,6.976923076923077,3.579230769230769,216.96,502.5284007692308,4.591538461538462,454.61538461538464,73.0,0.4676301369863014,0.762,0.167,0.2234507396818475,0.224,0.694,0.756,0.0058844528937314,0.462,17.104959349593496,37.0,366.75,1502.25,1385.48,23.0,5.0,79.0,142.26,6.0,42.0,34.137,191.0,0.595,36.0,11.0,3.0,107.92999999999999,9.0,0.79,1.0,1,2,40__43
207,2025,43.0,40.0,1.3522676043638986,physical_harvested_weight,False,110.91,110.91329,6.875,3.55,244.935,425.663535,5.4125,412.5,70.0,0.4680000000000001,0.781,0.151,0.2358685469251282,0.21025,0.7075,0.7592857142857142,0.0061146520589102,0.452,17.104959349593496,37.0,366.75,1502.25,1385.48,23.0,5.0,79.0,142.26,6.0,42.0,32.760000000000005,191.0,0.63,37.0,11.0,3.0,107.92999999999999,9.0,0.79,1.0,1,2,40__43
208,2025,43.0,40.0,3.8430769230769233,physical_harvested_weight,False,130.0,128.21593,6.8,3.916,202.758,706.31834,5.7,504.0,64.0,0.512546875,0.78,0.184,0.2031348789664994,0.32275,0.71475,0.7686666666666667,0.0061122541954217,0.619,17.104959349593496,37.0,366.75,1502.25,1385.48,23.0,5.0,79.0,142.26,6.0,42.0,32.803,191.0,0.5960000000000001,35.0,11.0,3.0,107.92999999999999,9.0,0.79,1.0,1,2,40__43
209,2025,40.0,44.0,2.332040444223438,physical_harvested_weight,False,301.65,301.6502,7.042857142857143,3.5357142857142856,171.9557142857143,277.5815457142857,7.35,437.1428571428572,65.0,0.4600461538461537,0.759,0.148,0.2274478084355401,0.242,0.7,0.7558333333333334,0.0069416767074515,0.705,17.104959349593496,37.0,366.75,1502.25,1385.48,23.0,5.0,79.0,142.26,6.0,42.0,29.902999999999995,196.0,0.611,30.0,11.0,3.0,107.92999999999999,9.0,0.79,1.0,4,1,44__40
210,2025,40.0,44.0,3.192550607287449,physical_harvested_weight,False,247.0,245.92428,7.2125,3.72,230.06625,480.10587375,9.455,423.75,69.0,0.4661739130434783,0.763,0.165,0.2162758542153334,0.256,0.717,0.7551666666666668,0.0065952792100703,0.709,17.104959349593496,37.0,366.75,1502.25,1385.48,23.0,5.0,79.0,142.26,6.0,42.0,32.166000000000004,196.0,0.598,31.0,11.0,3.0,107.92999999999999,9.0,0.79,1.0,4,1,44__40
212,2025,43.0,40.0,1.7024264705882353,physical_harvested_weight,False,136.0,134.83369,7.140000000000001,3.766,232.258,464.594502,5.536,432.0,69.0,0.4611739130434782,0.733,0.173,0.187487426169449,0.301,0.616,0.7291666666666666,0.0058140334435413,0.621,17.104959349593496,37.0,366.75,1502.25,1385.48,23.0,5.0,79.0,142.26,6.0,42.0,31.820999999999998,197.0,0.56,34.0,11.0,3.0,107.92999999999999,9.0,0.79,1.0,1,2,40__43
213,2025,3.0,9.0,1.53,physical_harvested_weight,False,14.0,16.53751,7.2,3.39,148.5,272.23874,13.42,420.0,62.0,0.4899677419354838,0.747,0.195,0.1995557135999494,0.2985,0.7062499999999999,0.7423333333333333,0.006326580962367,0.665,17.104959349593496,37.0,366.75,1502.25,1385.48,23.0,5.0,79.0,142.26,6.0,42.0,30.377999999999997,191.0,0.552,29.0,11.0,3.0,107.92999999999999,9.0,0.79,1.0,3,2,9__3
214,2025,3.0,9.0,1.53,physical_harvested_weight,False,9.0,10.99122,7.1,3.67,236.12,399.02591,8.82,420.0,62.0,0.4889354838709677,0.748,0.196,0.2006601099088626,0.299,0.7084999999999999,0.7421666666666668,0.0063846648632931,0.673,17.104959349593496,37.0,366.75,1502.25,1385.48,23.0,5.0,79.0,142.26,6.0,42.0,30.314,191.0,0.552,29.0,11.0,3.0,107.92999999999999,9.0,0.79,1.0,3,2,9__3
215,2025,40.0,44.0,3.0739240506329115,physical_harvested_weight,False,79.0,78.14849,6.666666666666667,3.776666666666667,192.12,392.99891,12.116666666666667,430.0,66.0,0.5176212121212121,0.73,0.168,0.192037540928339,0.33175,0.69275,0.7229999999999999,0.005499862655354,0.643,17.104959349593496,37.0,366.75,1502.25,1385.48,23.0,5.0,79.0,142.26,6.0,42.0,34.163000000000004,184.0,0.5619999999999999,38.0,11.0,3.0,107.92999999999999,9.0,0.79,1.0,4,1,44__40
216,2025,40.0,44.0,2.986756756756757,physical_harvested_weight,False,37.0,37.51924,6.4,3.71,242.68,688.96085,7.64,540.0,64.0,0.555015625,0.772,0.156,0.1902837923493732,0.4015,0.72275,0.758,0.0052013816779125,0.656,17.104959349593496,37.0,366.75,1502.25,1385.48,23.0,5.0,79.0,142.26,6.0,42.0,35.521,184.0,0.616,42.0,11.0,3.0,107.92999999999999,9.0,0.79,1.0,4,1,44__40
217,2025,43.0,40.0,2.5629901960784314,physical_harvested_weight,False,408.0,408.48131,6.94,3.484666666666667,201.10266666666664,313.7409,4.662000000000001,472.0,72.0,0.4602222222222221,0.727,0.169,0.194909539004795,0.29525,0.64275,0.7155714285714286,0.0059553577439863,0.619,17.104959349593496,37.0,366.75,1502.25,1385.48,23.0,5.0,79.0,142.26,6.0,42.0,33.135999999999996,197.0,0.5579999999999999,36.0,11.0,3.0,107.92999999999999,9.0,0.79,1.0,1,3,40__43
218,2025,43.0,43.0,4.112820512820513,physical_harvested_weight,False,39.0,39.30376,7.2,3.87,198.74,289.9543,4.86,390.0,63.0,0.4982380952380952,0.766,0.179,0.1999572743478612,0.331,0.706,0.7521666666666667,0.0059789734588279,0.601,17.104959349593496,37.0,366.75,1502.25,1385.48,23.0,5.0,79.0,142.26,6.0,42.0,31.389,184.0,0.587,30.0,11.0,3.0,107.92999999999999,9.0,0.79,1.0,4,1,43__43
219,2025,3.0,43.0,3.528095238095238,physical_harvested_weight,False,210.0,209.86423,6.8,3.69625,212.37625,656.214605,8.491249999999999,446.25,67.0,0.4626567164179104,0.775,0.178,0.2319605313981918,0.214,0.698,0.7611666666666667,0.0066922321704816,0.531,17.104959349593496,37.0,366.75,1502.25,1385.48,23.0,5.0,79.0,142.26,6.0,42.0,30.997999999999998,191.0,0.597,32.0,11.0,3.0,107.92999999999999,9.0,0.79,1.0,2,1,43__3
220,2025,43.0,43.0,3.3072000000000004,physical_harvested_weight,False,25.0,24.0006,7.3,3.74,197.06,380.11444,6.0,420.0,62.0,0.5010806451612903,0.788,0.15,0.1975925506617168,0.3027499999999999,0.6757500000000001,0.7733333333333333,0.0057793927214952,0.598,17.104959349593496,37.0,366.75,1502.25,1385.48,23.0,5.0,79.0,142.26,6.0,42.0,31.066999999999997,184.0,0.638,34.0,11.0,3.0,107.92999999999999,9.0,0.79,1.0,4,1,43__43
222,2025,40.0,43.0,2.972258064516129,physical_harvested_weight,False,62.0,62.12991,6.9,3.725,206.315,278.80506,4.845,420.0,66.0,0.4644090909090908,0.754,0.174,0.2035535799669349,0.276,0.674,0.7474999999999999,0.0064541629960964,0.65,17.104959349593496,37.0,366.75,1502.25,1385.48,23.0,5.0,79.0,142.26,6.0,42.0,30.650999999999996,197.0,0.5800000000000001,28.0,11.0,3.0,107.92999999999999,9.0,0.79,1.0,4,1,43__40
223,2025,40.0,43.0,3.305142857142857,physical_harvested_weight,False,70.0,70.93112,6.433333333333334,3.6633333333333336,175.33333333333334,560.82853,6.72,430.0,68.0,0.4852941176470588,0.754,0.171,0.2096057264333043,0.336,0.70675,0.7515000000000001,0.0064607779105512,0.675,17.104959349593496,37.0,366.75,1502.25,1385.48,23.0,5.0,79.0,142.26,6.0,42.0,33.0,198.0,0.583,32.0,11.0,3.0,107.92999999999999,9.0,0.79,1.0,4,1,43__40
224,2025,40.0,44.0,3.0742307692307693,physical_harvested_weight,False,104.0,106.08424,6.5,3.808,191.728,598.903534,18.618,516.0,65.0,0.5139076923076923,0.735,0.156,0.2009602121413722,0.334,0.701,0.7276666666666666,0.0057233304357459,0.681,17.104959349593496,37.0,366.75,1502.25,1385.48,23.0,5.0,79.0,142.26,6.0,42.0,33.403999999999996,185.0,0.579,36.0,11.0,3.0,107.92999999999999,9.0,0.79,1.0,4,1,44__40
226,2025,40.0,44.0,3.0420000000000003,physical_harvested_weight,False,40.0,41.00801,7.2,3.79,218.81,806.48818,8.56,420.0,68.0,0.509985294117647,0.741,0.15,0.1966918680581574,0.3475,0.697,0.7383333333333333,0.0057281493736705,0.696,17.104959349593496,37.0,366.75,1502.25,1385.48,23.0,5.0,79.0,142.26,6.0,42.0,34.678999999999995,191.0,0.591,36.0,11.0,3.0,107.92999999999999,9.0,0.79,1.0,4,1,44__40
227,2025,24.0,3.0,1.5521965317919073,physical_harvested_weight,False,346.0,348.50924,6.953846153846154,3.8015384615384615,195.0484615384616,763.0697146153847,10.056153846153848,475.38461538461536,69.0,0.5182898550724637,0.784,0.153,0.2447856857049978,0.222,0.756,0.7828333333333334,0.006931346832874,0.627,18.164471544715447,38.4,410.05,1628.49,1510.04,32.0,3.0,82.0,173.5,6.0,43.0,35.762,186.0,0.631,40.0,12.0,7.0,125.88,12.0,0.1,1.0,2,3,3__24
228,2025,43.0,40.0,3.004576271186441,physical_harvested_weight,False,59.0,55.06353,6.699999999999999,3.515,179.82,438.82045,7.755,420.0,62.0,0.4927419354838709,0.748,0.2,0.2050855003040526,0.2775,0.7175,0.7463333333333333,0.0053622159513504,0.497,17.104959349593496,37.0,366.75,1502.25,1385.48,23.0,5.0,79.0,142.26,6.0,42.0,30.55,185.0,0.548,30.0,11.0,3.0,107.92999999999999,9.0,0.79,1.0,1,2,40__43
229,2025,43.0,40.0,3.5050000000000003,physical_harvested_weight,False,12.0,9.82891,6.4,2.36,225.3,220.85171,12.11,480.0,63.0,0.465031746031746,0.708,0.024,0.2166136908315851,0.2925,0.6425000000000001,0.7033333333333333,0.0056824925173942,0.525,17.104959349593496,37.0,366.75,1502.25,1385.48,23.0,5.0,79.0,142.26,6.0,42.0,29.297,173.0,0.6839999999999999,34.0,11.0,3.0,107.92999999999999,9.0,0.79,1.0,1,2,40__43
230,2025,43.0,40.0,3.6687443946188343,physical_harvested_weight,False,223.0,222.45567,7.1000000000000005,3.73,184.71,792.107215,3.6633333333333336,445.0,68.0,0.4838235294117647,0.784,0.183,0.2115054540512504,0.2955,0.6932499999999999,0.7683333333333334,0.0061001434252783,0.566,17.104959349593496,37.0,366.75,1502.25,1385.48,23.0,5.0,79.0,142.26,6.0,42.0,32.9,186.0,0.601,33.0,11.0,3.0,107.92999999999999,9.0,0.79,1.0,1,2,40__43
231,2025,24.0,43.0,1.3324255319148937,physical_harvested_weight,False,235.0,231.50464,7.2625,3.685,204.0575,646.09227125,9.26,453.75,72.0,0.5094444444444445,0.772,0.167,0.2438113961930004,0.22425,0.74825,0.7688571428571429,0.0070120434524375,0.662,17.104959349593496,37.0,366.75,1502.25,1385.48,23.0,5.0,79.0,142.26,6.0,42.0,36.68,185.0,0.605,40.0,11.0,3.0,107.92999999999999,9.0,0.79,1.0,2,1,43__24
232,2025,24.0,43.0,1.8102027027027028,physical_harvested_weight,False,296.0,296.88138,6.609090909090909,3.7290909090909095,211.9754545454545,649.4797309090909,7.533636363636364,452.7272727272728,72.0,0.4933194444444445,0.784,0.16,0.2465942926701044,0.2025,0.74,0.7732857142857144,0.0069234469525942,0.632,17.104959349593496,37.0,366.75,1502.25,1385.48,23.0,5.0,79.0,142.26,6.0,42.0,35.519000000000005,191.0,0.624,39.0,11.0,3.0,107.92999999999999,9.0,0.79,1.0,2,1,43__24
234,2025,62.0,40.0,4.494857142857143,physical_harvested_weight,False,35.0,36.18,6.5,3.73,181.31,492.74302,14.32,480.0,64.0,0.5740937500000001,0.775,0.186,0.194658813596861,0.41075,0.74475,0.7721666666666667,0.005069049825873,0.633,17.104959349593496,37.0,366.75,1502.25,1385.48,23.0,5.0,79.0,142.26,6.0,42.0,36.742000000000004,173.0,0.589,47.0,11.0,3.0,107.92999999999999,9.0,0.79,1.0,1,2,40__62
