field_id,year,crop_id,prev_crop_id,target_yield_t_ha,target_source,unit_fix_applied,field_tillable_area,field_calculated_area,field_soil_pH,field_soil_OM,field_soil_P,field_soil_K,field_soil_N,field_soil_Mg,ndvi_n_obs_asof,ndvi_mean_asof,ndvi_max_asof,ndvi_min_asof,ndvi_std_asof,ndvi_p25_asof,ndvi_p75_asof,ndvi_p10_max_asof,ndvi_slope_asof,ndvi_last_value_asof,wx_temp_avg_asof,wx_temp_max_asof,wx_precip_sum_asof,wx_gdd_t5_asof,wx_gdd_t6_asof,wx_hot_d30_asof,wx_hot_d35_asof,wx_dry_days_asof,wx_precip_sum_early_asof,wx_hot_d30_early_asof,wx_dry_days_early_asof,ndvi_integral_asof,ndvi_peak_doy_asof,ndvi_amplitude_asof,ndvi_above_05_days_asof,wx_drought_run_asof,wx_heat_run_asof,wx_jul_precip_asof,wx_jul_hot_days_asof,wx_aug_precip_asof,wx_aug_hot_days_asof,years_since_sunflower,years_since_wheat,rotation_pair
195,2010,40.0,40.0,1.7763000000000002,estimate_normalized,True,123.0,122.42127,6.9,3.6425,225.2,499.4803025,7.5175,427.5,33.0,0.3377878787878788,0.553,0.194,0.1054852445736994,0.238,0.421,0.5263333333333334,0.0060857368821886,0.553,,,,,,,,,,,,11.147000000000002,181.0,0.35900000000000004,2.0,,,,,,,1,99,40__40
197,2010,40.0,40.0,2.2140999999999997,estimate_normalized,True,343.0,343.71311,6.976923076923077,3.579230769230769,216.96,502.5284007692308,4.591538461538462,454.61538461538464,36.0,0.3528333333333333,0.668,0.171,0.158081466339353,0.19275,0.51475,0.6443333333333334,0.0086939562895523,0.668,,,,,,,,,,,,12.702,181.0,0.497,11.0,,,,,,,1,99,40__40
207,2010,40.0,40.0,2.1087,estimate_normalized,True,110.91,110.91329,6.875,3.55,244.935,425.663535,5.4125,412.5,33.0,0.2461818181818181,0.671,0.161,0.1033248641335151,0.186,0.27,0.5213333333333333,0.0046335699129289,0.671,,,,,,,,,,,,8.123999999999999,181.0,0.51,1.0,,,,,,,1,99,40__40
208,2010,40.0,40.0,2.4501,estimate_normalized,True,130.0,128.21593,6.8,3.916,202.758,706.31834,5.7,504.0,32.0,0.3150625,0.559,0.142,0.1320806897080341,0.1845,0.43325,0.5413333333333333,0.007637891552197,0.559,,,,,,,,,,,,10.082,171.0,0.41700000000000004,4.0,,,,,,,1,99,40__40
209,2010,40.0,40.0,2.0058,estimate_normalized,True,301.65,301.6502,7.042857142857143,3.5357142857142856,171.9557142857143,277.5815457142857,7.35,437.1428571428572,38.0,0.2562894736842105,0.468,0.153,0.0821605962332747,0.177,0.2995,0.4303333333333333,0.0044625844269301,0.468,,,,,,,,,,,,9.738999999999999,176.0,0.31500000000000006,0.0,,,,,,,1,99,40__40
210,2010,40.0,40.0,2.4812000000000003,estimate_normalized,True,247.0,245.92428,7.2125,3.72,230.06625,480.10587375,9.455,423.75,34.0,0.3050588235294118,0.509,0.15,0.1097716724351239,0.19575,0.3805,0.4933333333333333,0.0061293589562946,0.509,,,,,,,,,,,,10.372000000000002,176.0,0.359,1.0,,,,,,,1,99,40__40
212,2010,40.0,40.0,2.5728999999999997,estimate_normalized,True,136.0,134.83369,7.140000000000001,3.766,232.258,464.594502,5.536,432.0,28.0,0.2577857142857143,0.423,0.169,0.0672805199693562,0.18775,0.29925,0.4004999999999999,0.0037275667779632,0.423,,,,,,,,,,,,7.218000000000001,176.0,0.254,0.0,,,,,,,1,99,40__40
213,2010,40.0,40.0,2.1619,estimate_normalized,True,14.0,16.53751,7.2,3.39,148.5,272.23874,13.42,420.0,31.0,0.3067419354838709,0.48,0.179,0.0957665062810905,0.203,0.3805,0.4636666666666666,0.0055416118206934,0.48,,,,,,,,,,,,9.509,176.0,0.301,0.0,,,,,,,1,99,40__40
214,2010,40.0,40.0,1.955,estimate_normalized,True,9.0,10.99122,7.1,3.67,236.12,399.02591,8.82,420.0,31.0,0.3121612903225806,0.489,0.18,0.0989229406102559,0.203,0.385,0.472,0.0057312028987603,0.489,,,,,,,,,,,,9.677000000000001,176.0,0.309,0.0,,,,,,,1,99,40__40
215,2010,40.0,40.0,2.5285,estimate_normalized,True,79.0,78.14849,6.666666666666667,3.776666666666667,192.12,392.99891,12.116666666666667,430.0,29.0,0.3719655172413794,0.589,0.187,0.1316590378941575,0.211,0.458,0.565,0.0083612812404794,0.589,,,,,,,,,,,,10.787000000000003,171.0,0.40199999999999997,5.0,,,,,,,1,99,40__40
216,2010,40.0,40.0,2.8838,estimate_normalized,True,37.0,37.51924,6.4,3.71,242.68,688.96085,7.64,540.0,25.0,0.42612,0.643,0.193,0.1364622497249697,0.305,0.528,0.6255,0.0094022633744855,0.643,,,,,,,,,,,,10.653,175.0,0.45,10.0,,,,,,,1,99,40__40
217,2010,40.0,40.0,2.0382,estimate_normalized,True,408.0,408.48131,6.94,3.484666666666667,201.10266666666664,313.7409,4.662000000000001,472.0,31.0,0.2777096774193548,0.518,0.171,0.0842876004152859,0.1895,0.3285,0.4466666666666667,0.0044203225305621,0.518,,,,,,,,,,,,8.609,181.0,0.347,1.0,,,,,,,1,99,40__40
218,2010,40.0,40.0,2.4997,estimate_normalized,True,39.0,39.30376,7.2,3.87,198.74,289.9543,4.86,390.0,26.0,0.3733846153846153,0.631,0.147,0.1647994298260947,0.203,0.5325,0.6245,0.010501647901545,0.631,,,,,,,,,,,,9.708,171.0,0.484,8.0,,,,,,,1,99,40__40
219,2010,40.0,40.0,2.4063,estimate_normalized,True,210.0,209.86423,6.8,3.69625,212.37625,656.214605,8.491249999999999,446.25,34.0,0.2809411764705882,0.509,0.158,0.0997163451043451,0.18,0.353,0.4693333333333333,0.005428345592521,0.509,,,,,,,,,,,,9.552,176.0,0.351,1.0,,,,,,,1,99,40__40
220,2010,40.0,40.0,1.9949,estimate_normalized,True,25.0,24.0006,7.3,3.74,197.06,380.11444,6.0,420.0,26.0,0.3891538461538462,0.614,0.174,0.1639835105002217,0.2135,0.5599999999999999,0.6085,0.0095952726889871,0.614,,,,,,,,,,,,10.118,176.0,0.44,8.0,,,,,,,1,99,40__40
222,2010,40.0,40.0,2.4025,estimate_normalized,True,62.0,62.12991,6.9,3.725,206.315,278.80506,4.845,420.0,29.0,0.3437241379310344,0.606,0.135,0.1530530438931107,0.187,0.487,0.595,0.0087800108886841,0.606,,,,,,,,,,,,9.968,176.0,0.471,7.0,,,,,,,1,99,40__40
223,2010,40.0,40.0,2.8213,estimate_normalized,True,70.0,70.93112,6.433333333333334,3.6633333333333336,175.33333333333334,560.82853,6.72,430.0,29.0,0.4210689655172414,0.663,0.176,0.1869993418823903,0.221,0.609,0.661,0.0107990995895803,0.663,,,,,,,,,,,,12.211,176.0,0.48700000000000004,13.0,,,,,,,1,99,40__40
224,2010,40.0,40.0,2.7485,estimate_normalized,True,104.0,106.08424,6.5,3.808,191.728,598.903534,18.618,516.0,32.0,0.40328125,0.671,0.152,0.175429514758599,0.2065,0.5597500000000001,0.6676666666666667,0.0101139291022183,0.662,,,,,,,,,,,,12.905,176.0,0.519,11.0,,,,,,,1,99,40__40
226,2010,40.0,40.0,2.0662,estimate_normalized,True,40.0,41.00801,7.2,3.79,218.81,806.48818,8.56,420.0,29.0,0.3758620689655173,0.585,0.165,0.1234726618179467,0.257,0.452,0.577,0.0077688232397833,0.585,,,,,,,,,,,,10.900000000000002,178.0,0.41999999999999993,3.0,,,,,,,1,99,40__40
227,2010,40.0,40.0,2.7361,estimate_normalized,True,346.0,348.50924,6.953846153846154,3.8015384615384615,195.0484615384616,763.0697146153847,10.056153846153848,475.38461538461536,35.0,0.3024285714285714,0.627,0.124,0.1415460118455753,0.1875,0.423,0.5766666666666667,0.0073494370779422,0.627,,,,,,,,,,,,10.585,176.0,0.503,4.0,,,,,,,1,99,40__40
228,2010,40.0,40.0,2.3478000000000003,estimate_normalized,True,59.0,55.06353,6.699999999999999,3.515,179.82,438.82045,7.755,420.0,27.0,0.495037037037037,0.632,0.191,0.1499969089759251,0.3535,0.6114999999999999,0.629,0.0093615478331496,0.632,,,,,,,,,,,,13.366,176.0,0.441,17.0,,,,,,,1,99,40__40
229,2010,40.0,40.0,1.4924,estimate_normalized,True,12.0,9.82891,6.4,2.36,225.3,220.85171,12.11,480.0,29.0,0.379448275862069,0.561,0.124,0.1654397663505688,0.236,0.532,0.5575000000000001,0.0094954577248532,0.561,,,,,,,,,,,,11.004000000000001,178.0,0.43700000000000006,13.0,,,,,,,1,99,40__40
230,2010,40.0,40.0,2.5814,estimate_normalized,True,223.0,222.45567,7.1000000000000005,3.73,184.71,792.107215,3.6633333333333336,445.0,33.0,0.2883030303030303,0.558,0.187,0.0929155644229177,0.2,0.311,0.4953333333333333,0.0050344582761395,0.558,,,,,,,,,,,,9.514,176.0,0.37100000000000005,1.0,,,,,,,1,99,40__40
231,2010,40.0,40.0,2.7244,estimate_normalized,True,235.0,231.50464,7.2625,3.685,204.0575,646.09227125,9.26,453.75,32.0,0.350375,0.537,0.192,0.1118913395889065,0.236,0.45425,0.5346666666666667,0.0063492243413161,0.537,,,,,,,,,,,,11.212,181.0,0.34500000000000003,3.0,,,,,,,1,99,40__40
232,2010,40.0,40.0,2.0457,estimate_normalized,True,296.0,296.88138,6.609090909090909,3.7290909090909095,211.9754545454545,649.4797309090909,7.533636363636364,452.7272727272728,34.0,0.2671764705882353,0.586,0.163,0.1014832558162806,0.18925,0.34475,0.5043333333333333,0.0051692767079049,0.586,,,,,,,,,,,,9.084000000000001,181.0,0.42299999999999993,1.0,,,,,,,1,99,40__40
233,2010,40.0,40.0,2.9024,estimate_normalized,True,39.0,38.82,6.7,3.57,211.75,698.55237,6.06,510.0,28.0,0.4849999999999999,0.726,0.181,0.1784598794447328,0.30525,0.633,0.724,0.0112131252716322,0.726,,,,,,,,,,,,13.579999999999998,178.0,0.5449999999999999,15.0,,,,,,,1,99,40__40
234,2010,40.0,40.0,3.0815,estimate_normalized,True,35.0,36.18,6.5,3.73,181.31,492.74302,14.32,480.0,29.0,0.4405862068965518,0.723,0.194,0.1667582427764463,0.271,0.565,0.6785,0.0102737801304652,0.723,,,,,,,,,,,,12.777000000000003,176.0,0.5289999999999999,15.0,,,,,,,1,99,40__40
195,2011,40.0,40.0,1.6393999999999995,estimate_normalized,True,123.0,122.42127,6.9,3.6425,225.2,499.4803025,7.5175,427.5,43.0,0.3187441860465116,0.676,0.161,0.1714169529787632,0.1895,0.399,0.6705000000000001,0.0073397037077001,0.674,,,,,,,,,,,,13.706,178.0,0.515,9.0,,,,,,,1,99,40__40
197,2011,40.0,40.0,2.1288,estimate_normalized,True,343.0,343.71311,6.976923076923077,3.579230769230769,216.96,502.5284007692308,4.591538461538462,454.61538461538464,48.0,0.3275,0.707,0.111,0.1864312876102077,0.17975,0.486,0.70275,0.008137090845306,0.707,,,,,,,,,,,,15.72,180.0,0.596,11.0,,,,,,,1,99,40__40
207,2011,40.0,40.0,1.7486000000000002,estimate_normalized,True,110.91,110.91329,6.875,3.55,244.935,425.663535,5.4125,412.5,44.0,0.3447272727272727,0.721,0.152,0.2096595035719023,0.177,0.52725,0.71575,0.0089171693827247,0.712,,,,,,,,,,,,15.168,178.0,0.569,12.0,,,,,,,1,99,40__40
208,2011,40.0,40.0,2.301,estimate_normalized,True,130.0,128.21593,6.8,3.916,202.758,706.31834,5.7,504.0,40.0,0.3974499999999999,0.798,0.119,0.2395031262843973,0.2045,0.656,0.7867500000000001,0.0108778905907487,0.773,,,,,,,,,,,,15.898,176.0,0.679,13.0,,,,,,,1,99,40__40
209,2011,40.0,40.0,2.1288,estimate_normalized,True,301.65,301.6502,7.042857142857143,3.5357142857142856,171.9557142857143,277.5815457142857,7.35,437.1428571428572,49.0,0.4014285714285714,0.8,0.155,0.2368228477670383,0.186,0.596,0.79575,0.0107028067120195,0.8,,,,,,,,,,,,19.67,180.0,0.645,19.0,,,,,,,1,99,40__40
210,2011,40.0,40.0,2.3706,estimate_normalized,True,247.0,245.92428,7.2125,3.72,230.06625,480.10587375,9.455,423.75,43.0,0.3997209302325581,0.805,0.135,0.2433215238743379,0.202,0.6295,0.797,0.0107530355151716,0.805,,,,,,,,,,,,17.188,180.0,0.67,16.0,,,,,,,1,99,40__40
212,2011,40.0,40.0,2.1887,estimate_normalized,True,136.0,134.83369,7.140000000000001,3.766,232.258,464.594502,5.536,432.0,43.0,0.3523720930232558,0.737,0.167,0.2131736952287493,0.1935,0.5455,0.7305,0.0093119914756964,0.729,,,,,,,,,,,,15.152,178.0,0.57,12.0,,,,,,,1,99,40__40
213,2011,40.0,40.0,1.984,estimate_normalized,True,14.0,16.53751,7.2,3.39,148.5,272.23874,13.42,420.0,42.0,0.3948333333333333,0.788,0.156,0.2211704704162085,0.2135,0.586,0.7870000000000001,0.0101569146577493,0.788,,,,,,,,,,,,16.583,178.0,0.632,14.0,,,,,,,1,99,40__40
214,2011,40.0,40.0,2.053,estimate_normalized,True,9.0,10.99122,7.1,3.67,236.12,399.02591,8.82,420.0,42.0,0.3932619047619047,0.789,0.157,0.2210099178472497,0.20975,0.5874999999999999,0.7872500000000001,0.0101484712056633,0.788,,,,,,,,,,,,16.517,179.0,0.632,14.0,,,,,,,1,99,40__40
215,2011,40.0,40.0,2.2013000000000003,estimate_normalized,True,79.0,78.14849,6.666666666666667,3.776666666666667,192.12,392.99891,12.116666666666667,430.0,38.0,0.3607105263157895,0.672,0.136,0.1794271451467488,0.211,0.518,0.6673333333333334,0.0089003790094106,0.672,,,,,,,,,,,,13.707,180.0,0.536,11.0,,,,,,,1,99,40__40
216,2011,40.0,40.0,2.4407,estimate_normalized,True,37.0,37.51924,6.4,3.71,242.68,688.96085,7.64,540.0,37.0,0.4130810810810811,0.689,0.209,0.1654973468193272,0.259,0.574,0.6686666666666667,0.0090793834567386,0.689,,,,,,,,,,,,15.284,180.0,0.48,13.0,,,,,,,1,99,40__40
217,2011,40.0,40.0,2.475,estimate_normalized,True,408.0,408.48131,6.94,3.484666666666667,201.10266666666664,313.7409,4.662000000000001,472.0,44.0,0.3369318181818181,0.696,0.167,0.1903162914881044,0.18775,0.53525,0.67625,0.0085415557990295,0.696,,,,,,,,,,,,14.824999999999998,180.0,0.5289999999999999,15.0,,,,,,,1,99,40__40
218,2011,40.0,40.0,1.6986,estimate_normalized,True,39.0,39.30376,7.2,3.87,198.74,289.9543,4.86,390.0,36.0,0.2941388888888889,0.605,0.15,0.1255010298270668,0.19,0.378,0.5673333333333334,0.0060397447872841,0.605,,,,,,,,,,,,10.589000000000002,178.0,0.45499999999999996,2.0,,,,,,,1,99,40__40
219,2011,40.0,40.0,2.0567,estimate_normalized,True,210.0,209.86423,6.8,3.69625,212.37625,656.214605,8.491249999999999,446.25,43.0,0.3693720930232558,0.766,0.169,0.2154570073399756,0.193,0.55,0.7575000000000001,0.0094389110458883,0.744,,,,,,,,,,,,15.883,176.0,0.597,15.0,,,,,,,1,99,40__40
220,2011,40.0,40.0,2.4819,estimate_normalized,True,25.0,24.0006,7.3,3.74,197.06,380.11444,6.0,420.0,40.0,0.369425,0.724,0.156,0.1999027122752465,0.21125,0.5515,0.7224999999999999,0.00895395537305,0.724,,,,,,,,,,,,14.777,178.0,0.568,11.0,,,,,,,1,99,40__40
222,2011,40.0,40.0,2.2814,estimate_normalized,True,62.0,62.12991,6.9,3.725,206.315,278.80506,4.845,420.0,41.0,0.4281951219512195,0.76,0.165,0.2122124130886022,0.23,0.657,0.7464999999999999,0.010206024626842,0.737,,,,,,,,,,,,17.556,176.0,0.595,15.0,,,,,,,1,99,40__40
223,2011,40.0,40.0,2.9623999999999997,estimate_normalized,True,70.0,70.93112,6.433333333333334,3.6633333333333336,175.33333333333334,560.82853,6.72,430.0,42.0,0.3873571428571429,0.748,0.168,0.2142566131033145,0.2055,0.63825,0.7395,0.0101949970408583,0.747,,,,,,,,,,,,16.269000000000002,176.0,0.58,13.0,,,,,,,1,99,40__40
224,2011,40.0,40.0,2.2157,estimate_normalized,True,104.0,106.08424,6.5,3.808,191.728,598.903534,18.618,516.0,39.0,0.315076923076923,0.62,0.15,0.1352381346262925,0.2015,0.4305,0.5640000000000001,0.0068323569534051,0.62,,,,,,,,,,,,12.287999999999997,180.0,0.47,7.0,,,,,,,1,99,40__40
226,2011,40.0,40.0,2.5954,estimate_normalized,True,40.0,41.00801,7.2,3.79,218.81,806.48818,8.56,420.0,35.0,0.3903714285714286,0.689,0.12,0.1600094793110325,0.257,0.5245,0.6513333333333334,0.0080119166239129,0.689,,,,,,,,,,,,13.663,180.0,0.569,13.0,,,,,,,1,99,40__40
227,2011,40.0,40.0,1.7692,estimate_normalized,True,346.0,348.50924,6.953846153846154,3.8015384615384615,195.0484615384616,763.0697146153847,10.056153846153848,475.38461538461536,47.0,0.3353404255319149,0.675,0.143,0.1872954517283236,0.186,0.4995,0.6700000000000002,0.0082636214599293,0.669,,,,,,,,,,,,15.761000000000001,176.0,0.532,12.0,,,,,,,1,99,40__40
228,2011,40.0,40.0,1.8424,estimate_normalized,True,59.0,55.06353,6.699999999999999,3.515,179.82,438.82045,7.755,420.0,36.0,0.3110277777777777,0.644,0.181,0.1434448182928255,0.19175,0.43875,0.5903333333333333,0.0064609914635587,0.644,,,,,,,,,,,,11.197,180.0,0.463,8.0,,,,,,,1,99,40__40
229,2011,40.0,40.0,1.6809,estimate_normalized,True,12.0,9.82891,6.4,2.36,225.3,220.85171,12.11,480.0,35.0,0.2593714285714285,0.501,0.024,0.1516935040918808,0.149,0.434,0.4883333333333333,0.0072378383941572,0.501,,,,,,,,,,,,9.078,180.0,0.477,1.0,,,,,,,1,99,40__40
230,2011,40.0,40.0,1.7643,estimate_normalized,True,223.0,222.45567,7.1000000000000005,3.73,184.71,792.107215,3.6633333333333336,445.0,45.0,0.3654666666666666,0.759,0.154,0.2150179940790486,0.188,0.553,0.7517499999999999,0.0095782367917544,0.746,,,,,,,,,,,,16.445999999999998,176.0,0.605,16.0,,,,,,,1,99,40__40
231,2011,40.0,40.0,1.6755,estimate_normalized,True,235.0,231.50464,7.2625,3.685,204.0575,646.09227125,9.26,453.75,45.0,0.3420222222222221,0.716,0.167,0.1955437420674167,0.195,0.483,0.7135,0.0084952463267069,0.713,,,,,,,,,,,,15.390999999999998,178.0,0.5489999999999999,11.0,,,,,,,1,99,40__40
232,2011,40.0,40.0,1.7736,estimate_normalized,True,296.0,296.88138,6.609090909090909,3.7290909090909095,211.9754545454545,649.4797309090909,7.533636363636364,452.7272727272728,46.0,0.3188260869565217,0.703,0.151,0.1914138816859409,0.18225,0.42625,0.7012499999999999,0.008245169747832,0.701,,,,,,,,,,,,14.666,178.0,0.5519999999999999,10.0,,,,,,,1,99,40__40
233,2011,40.0,40.0,2.1271,estimate_normalized,True,39.0,38.82,6.7,3.57,211.75,698.55237,6.06,510.0,33.0,0.3764545454545454,0.711,0.171,0.1626958662768703,0.241,0.499,0.676,0.0075494401000672,0.706,,,,,,,,,,,,12.422999999999998,179.0,0.5399999999999999,8.0,,,,,,,1,99,40__40
234,2011,40.0,40.0,2.5765,estimate_normalized,True,35.0,36.18,6.5,3.73,181.31,492.74302,14.32,480.0,37.0,0.3808108108108107,0.721,0.173,0.1643493046446513,0.25,0.544,0.6846666666666666,0.0078304078471863,0.721,,,,,,,,,,,,14.089999999999996,180.0,0.548,11.0,,,,,,,1,99,40__40
195,2012,40.0,40.0,2.0692,estimate_normalized,True,123.0,122.42127,6.9,3.6425,225.2,499.4803025,7.5175,427.5,55.0,0.2751090909090909,0.567,0.168,0.1236690117321632,0.188,0.2855,0.5422,0.004397507128139,0.567,,,,,,,,,,,,15.131,180.0,0.3989999999999999,9.0,,,,,,,1,99,40__40
197,2012,40.0,40.0,1.5663,estimate_normalized,True,343.0,343.71311,6.976923076923077,3.579230769230769,216.96,502.5284007692308,4.591538461538462,454.61538461538464,56.0,0.3160714285714285,0.617,0.121,0.1533696348628345,0.19575,0.4087499999999999,0.6106,0.0060346748308555,0.605,,,,,,,,,,,,17.7,172.0,0.496,10.0,,,,,,,1,99,40__40
207,2012,40.0,40.0,2.0149,estimate_normalized,True,110.91,110.91329,6.875,3.55,244.935,425.663535,5.4125,412.5,53.0,0.3281132075471698,0.747,0.143,0.2009769216430281,0.182,0.396,0.7333999999999999,0.0077574327617528,0.746,,,,,,,,,,,,17.39,179.0,0.604,10.0,,,,,,,1,99,40__40
208,2012,40.0,40.0,2.0003,estimate_normalized,True,130.0,128.21593,6.8,3.916,202.758,706.31834,5.7,504.0,51.0,0.3278627450980392,0.465,0.15,0.1017717591722451,0.2235,0.4235,0.446,0.0042173934743843,0.465,,,,,,,,,,,,16.721,180.0,0.31500000000000006,0.0,,,,,,,1,99,40__40
209,2012,40.0,40.0,2.1412,estimate_normalized,True,301.65,301.6502,7.042857142857143,3.5357142857142856,171.9557142857143,277.5815457142857,7.35,437.1428571428572,53.0,0.3077924528301886,0.666,0.124,0.1433931603445794,0.192,0.36,0.6399999999999999,0.0058020549189529,0.666,,,,,,,,,,,,16.313,180.0,0.542,7.0,,,,,,,1,99,40__40
210,2012,40.0,40.0,1.8137,estimate_normalized,True,247.0,245.92428,7.2125,3.72,230.06625,480.10587375,9.455,423.75,53.0,0.3932830188679245,0.577,0.201,0.1114532438321009,0.289,0.479,0.5576,0.0048698892961014,0.577,,,,,,,,,,,,20.844,180.0,0.37599999999999995,8.0,,,,,,,1,99,40__40
212,2012,40.0,40.0,2.4481,estimate_normalized,True,136.0,134.83369,7.140000000000001,3.766,232.258,464.594502,5.536,432.0,49.0,0.2643673469387755,0.544,0.149,0.1054528996083958,0.195,0.281,0.537,0.003987998046471,0.543,,,,,,,,,,,,12.953999999999999,179.0,0.395,4.0,,,,,,,1,99,40__40
213,2012,40.0,40.0,1.6418,estimate_normalized,True,14.0,16.53751,7.2,3.39,148.5,272.23874,13.42,420.0,49.0,0.3636734693877551,0.63,0.174,0.1242659077411775,0.271,0.421,0.6194999999999999,0.0055441255730815,0.63,,,,,,,,,,,,17.82,180.0,0.456,6.0,,,,,,,1,99,40__40
214,2012,40.0,40.0,1.6657,estimate_normalized,True,9.0,10.99122,7.1,3.67,236.12,399.02591,8.82,420.0,49.0,0.3677551020408163,0.625,0.176,0.1222687789695467,0.262,0.427,0.61375,0.0054692719135465,0.625,,,,,,,,,,,,18.02,180.0,0.449,7.0,,,,,,,1,99,40__40
215,2012,40.0,40.0,1.9233,estimate_normalized,True,79.0,78.14849,6.666666666666667,3.776666666666667,192.12,392.99891,12.116666666666667,430.0,44.0,0.3446363636363636,0.564,0.14,0.1030609023188564,0.28675,0.39025,0.5337500000000001,0.0045366878885127,0.555,,,,,,,,,,,,15.164,179.0,0.42399999999999993,4.0,,,,,,,1,99,40__40
216,2012,40.0,40.0,2.4394,estimate_normalized,True,37.0,37.51924,6.4,3.71,242.68,688.96085,7.64,540.0,46.0,0.4359130434782609,0.689,0.159,0.1584552914707649,0.3045,0.518,0.6885,0.0070445709990919,0.664,,,,,,,,,,,,20.052,172.0,0.5299999999999999,16.0,,,,,,,1,99,40__40
217,2012,40.0,40.0,1.6152000000000002,estimate_normalized,True,408.0,408.48131,6.94,3.484666666666667,201.10266666666664,313.7409,4.662000000000001,472.0,50.0,0.27166,0.507,0.153,0.1125295712246341,0.18175,0.3165,0.5016,0.0044555862452497,0.497,,,,,,,,,,,,13.583,176.0,0.354,3.0,,,,,,,1,99,40__40
218,2012,40.0,40.0,1.8592,estimate_normalized,True,39.0,39.30376,7.2,3.87,198.74,289.9543,4.86,390.0,45.0,0.3433333333333333,0.622,0.129,0.1406311171509033,0.238,0.389,0.6184999999999999,0.0061109603350982,0.62,,,,,,,,,,,,15.45,178.0,0.493,7.0,,,,,,,1,99,40__40
219,2012,40.0,40.0,1.8639,estimate_normalized,True,210.0,209.86423,6.8,3.69625,212.37625,656.214605,8.491249999999999,446.25,51.0,0.2618039215686274,0.559,0.157,0.1110182849465097,0.1975,0.266,0.5368,0.0041004123492106,0.559,,,,,,,,,,,,13.351999999999999,180.0,0.402,5.0,,,,,,,1,99,40__40
220,2012,40.0,40.0,1.7906,estimate_normalized,True,25.0,24.0006,7.3,3.74,197.06,380.11444,6.0,420.0,47.0,0.3592553191489361,0.625,0.15,0.1432715719281759,0.237,0.435,0.62025,0.0059718431372549,0.625,,,,,,,,,,,,16.884999999999998,180.0,0.475,8.0,,,,,,,1,99,40__40
222,2012,40.0,40.0,1.3562,estimate_normalized,True,62.0,62.12991,6.9,3.725,206.315,278.80506,4.845,420.0,48.0,0.30275,0.438,0.171,0.0686693466305502,0.25725,0.343,0.4355,0.0025943936279771,0.438,,,,,,,,,,,,14.532,178.0,0.267,0.0,,,,,,,1,99,40__40
223,2012,40.0,40.0,1.3923,estimate_normalized,True,70.0,70.93112,6.433333333333334,3.6633333333333336,175.33333333333334,560.82853,6.72,430.0,48.0,0.3042083333333333,0.574,0.151,0.1169966093407079,0.2425,0.3615,0.5555,0.0047025906735751,0.574,,,,,,,,,,,,14.602,180.0,0.42299999999999993,7.0,,,,,,,1,99,40__40
224,2012,40.0,40.0,2.8529,estimate_normalized,True,104.0,106.08424,6.5,3.808,191.728,598.903534,18.618,516.0,48.0,0.3749375,0.68,0.161,0.1616306754932883,0.25375,0.43875,0.6767500000000001,0.0069795381420078,0.676,,,,,,,,,,,,17.997,179.0,0.519,9.0,,,,,,,1,99,40__40
226,2012,40.0,40.0,1.3478,estimate_normalized,True,40.0,41.00801,7.2,3.79,218.81,806.48818,8.56,420.0,45.0,0.3660888888888888,0.605,0.112,0.1367430391845672,0.277,0.444,0.5885,0.0057950777699545,0.585,,,,,,,,,,,,16.473999999999997,172.0,0.493,8.0,,,,,,,1,99,40__40
227,2012,40.0,40.0,1.6476,estimate_normalized,True,346.0,348.50924,6.953846153846154,3.8015384615384615,195.0484615384616,763.0697146153847,10.056153846153848,475.38461538461536,55.0,0.3023999999999999,0.592,0.129,0.144556827454245,0.1865,0.36,0.5835999999999999,0.0056556355940179,0.579,,,,,,,,,,,,16.631999999999998,172.0,0.46299999999999997,9.0,,,,,,,1,99,40__40
228,2012,40.0,40.0,1.1162,estimate_normalized,True,59.0,55.06353,6.699999999999999,3.515,179.82,438.82045,7.755,420.0,45.0,0.2982444444444443,0.492,0.176,0.0904532182476556,0.21,0.347,0.47325,0.003730233940383,0.447,,,,,,,,,,,,13.420999999999998,175.0,0.316,0.0,,,,,,,1,99,40__40
229,2012,40.0,40.0,0.9024,estimate_normalized,True,12.0,9.82891,6.4,2.36,225.3,220.85171,12.11,480.0,49.0,0.275938775510204,0.411,0.089,0.1078813422546451,0.142,0.356,0.40025,0.0042280173596675,0.383,,,,,,,,,,,,13.521,147.0,0.32199999999999995,0.0,,,,,,,1,99,40__40
230,2012,40.0,40.0,2.2159,estimate_normalized,True,223.0,222.45567,7.1000000000000005,3.73,184.71,792.107215,3.6633333333333336,445.0,50.0,0.27704,0.635,0.137,0.1183890130037412,0.19825,0.282,0.5718,0.0043342560553633,0.635,,,,,,,,,,,,13.852,180.0,0.498,4.0,,,,,,,1,99,40__40
231,2012,40.0,40.0,1.7558,estimate_normalized,True,235.0,231.50464,7.2625,3.685,204.0575,646.09227125,9.26,453.75,52.0,0.3098461538461538,0.652,0.159,0.1603323932689865,0.189,0.329,0.6426000000000001,0.0058449714280961,0.644,,,,,,,,,,,,16.112,179.0,0.493,9.0,,,,,,,1,99,40__40
232,2012,40.0,40.0,2.3602,estimate_normalized,True,296.0,296.88138,6.609090909090909,3.7290909090909095,211.9754545454545,649.4797309090909,7.533636363636364,452.7272727272728,54.0,0.359037037037037,0.776,0.163,0.2084506303538671,0.191,0.447,0.768,0.0081156573683207,0.776,,,,,,,,,,,,19.388,180.0,0.613,12.0,,,,,,,1,99,40__40
233,2012,40.0,40.0,1.9567,estimate_normalized,True,39.0,38.82,6.7,3.57,211.75,698.55237,6.06,510.0,46.0,0.3685217391304347,0.63,0.141,0.1440034327988225,0.25875,0.42625,0.62575,0.0060035420774371,0.63,,,,,,,,,,,,16.951999999999998,180.0,0.489,8.0,,,,,,,1,99,40__40
234,2012,40.0,40.0,1.7617,estimate_normalized,True,35.0,36.18,6.5,3.73,181.31,492.74302,14.32,480.0,47.0,0.3829148936170213,0.564,0.16,0.1204061972299252,0.306,0.458,0.55825,0.0053182661342506,0.558,,,,,,,,,,,,17.997,176.0,0.4039999999999999,7.0,,,,,,,1,99,40__40
195,2013,40.0,40.0,1.9425,estimate_normalized,True,123.0,122.42127,6.9,3.6425,225.2,499.4803025,7.5175,427.5,22.0,0.3895454545454545,0.631,0.176,0.1786819742835977,0.2425,0.616,0.6275,0.0075775761765122,0.631,11.854565217391302,30.6,83.6,681.4399999999999,601.06,1.0,0.0,72.0,53.1,0.0,47.0,8.569999999999999,182.0,0.455,8.0,12.0,1.0,0.0,0.0,0.0,0.0,1,99,40__40
197,2013,40.0,40.0,1.6961,estimate_normalized,True,343.0,343.71311,6.976923076923077,3.579230769230769,216.96,502.5284007692308,4.591538461538462,454.61538461538464,27.0,0.3391111111111111,0.632,0.153,0.1405139595894521,0.2155,0.471,0.608,0.0064179777244222,0.632,11.854565217391302,30.6,83.6,681.4399999999999,601.06,1.0,0.0,72.0,53.1,0.0,47.0,9.155999999999999,182.0,0.479,5.0,12.0,1.0,0.0,0.0,0.0,0.0,1,99,40__40
207,2013,40.0,40.0,2.2497,estimate_normalized,True,110.91,110.91329,6.875,3.55,244.935,425.663535,5.4125,412.5,26.0,0.5038846153846154,0.672,0.211,0.1381569138343669,0.37625,0.64675,0.669,0.0064123329886317,0.666,11.854565217391302,30.6,83.6,681.4399999999999,601.06,1.0,0.0,72.0,53.1,0.0,47.0,13.101,179.0,0.4610000000000001,17.0,12.0,1.0,0.0,0.0,0.0,0.0,1,99,40__40
208,2013,40.0,40.0,2.7517,estimate_normalized,True,130.0,128.21593,6.8,3.916,202.758,706.31834,5.7,504.0,26.0,0.3922692307692308,0.679,0.177,0.1677474194900241,0.23875,0.5702499999999999,0.666,0.0080084068203382,0.679,11.854565217391302,30.6,83.6,681.4399999999999,601.06,1.0,0.0,72.0,53.1,0.0,47.0,10.199000000000002,179.0,0.502,8.0,12.0,1.0,0.0,0.0,0.0,0.0,1,99,40__40
209,2013,40.0,40.0,1.7872,estimate_normalized,True,301.65,301.6502,7.042857142857143,3.5357142857142856,171.9557142857143,277.5815457142857,7.35,437.1428571428572,22.0,0.357090909090909,0.584,0.157,0.137740503414906,0.2115,0.49075,0.565,0.0065346608210286,0.584,11.854565217391302,30.6,83.6,681.4399999999999,601.06,1.0,0.0,72.0,53.1,0.0,47.0,7.855999999999999,179.0,0.42699999999999994,5.0,12.0,1.0,0.0,0.0,0.0,0.0,1,99,40__40
210,2013,40.0,40.0,1.9414,estimate_normalized,True,247.0,245.92428,7.2125,3.72,230.06625,480.10587375,9.455,423.75,24.0,0.343375,0.513,0.15,0.0977964776547022,0.245,0.4235,0.4885,0.004554590325765,0.513,11.854565217391302,30.6,83.6,681.4399999999999,601.06,1.0,0.0,72.0,53.1,0.0,47.0,8.241,179.0,0.363,1.0,12.0,1.0,0.0,0.0,0.0,0.0,1,99,40__40
212,2013,40.0,40.0,2.199,estimate_normalized,True,136.0,134.83369,7.140000000000001,3.766,232.258,464.594502,5.536,432.0,26.0,0.4056538461538461,0.661,0.202,0.1582884276609031,0.28275,0.5365,0.655,0.0072668798008233,0.661,11.854565217391302,30.6,83.6,681.4399999999999,601.06,1.0,0.0,72.0,53.1,0.0,47.0,10.546999999999999,182.0,0.459,10.0,12.0,1.0,0.0,0.0,0.0,0.0,1,99,40__40
213,2013,40.0,40.0,2.0484,estimate_normalized,True,14.0,16.53751,7.2,3.39,148.5,272.23874,13.42,420.0,21.0,0.3799999999999999,0.571,0.136,0.1249331249680632,0.267,0.502,0.5515,0.0058803103066124,0.571,11.854565217391302,30.6,83.6,681.4399999999999,601.06,1.0,0.0,72.0,53.1,0.0,47.0,7.979999999999999,179.0,0.43499999999999994,7.0,12.0,1.0,0.0,0.0,0.0,0.0,1,99,40__40
214,2013,40.0,40.0,2.064,estimate_normalized,True,9.0,10.99122,7.1,3.67,236.12,399.02591,8.82,420.0,20.0,0.38395,0.576,0.138,0.1249957899291012,0.2695,0.493,0.5569999999999999,0.0057841057591679,0.576,11.854565217391302,30.6,83.6,681.4399999999999,601.06,1.0,0.0,72.0,53.1,0.0,47.0,7.679,179.0,0.43799999999999994,5.0,12.0,1.0,0.0,0.0,0.0,0.0,1,99,40__40
215,2013,40.0,40.0,1.1653,estimate_normalized,True,79.0,78.14849,6.666666666666667,3.776666666666667,192.12,392.99891,12.116666666666667,430.0,21.0,0.4152380952380953,0.567,0.223,0.1045274649539785,0.308,0.488,0.5549999999999999,0.0055788424000678,0.567,11.854565217391302,30.6,83.6,681.4399999999999,601.06,1.0,0.0,72.0,53.1,0.0,47.0,8.720000000000002,179.0,0.344,5.0,12.0,1.0,0.0,0.0,0.0,0.0,1,99,40__40
216,2013,40.0,40.0,2.4091,estimate_normalized,True,37.0,37.51924,6.4,3.71,242.68,688.96085,7.64,540.0,21.0,0.5053809523809524,0.693,0.238,0.1382370208117293,0.346,0.653,0.6785,0.0074240988714839,0.693,11.854565217391302,30.6,83.6,681.4399999999999,601.06,1.0,0.0,72.0,53.1,0.0,47.0,10.613,179.0,0.45499999999999996,13.0,12.0,1.0,0.0,0.0,0.0,0.0,1,99,40__40
217,2013,40.0,40.0,2.2975000000000003,estimate_normalized,True,408.0,408.48131,6.94,3.484666666666667,201.10266666666664,313.7409,4.662000000000001,472.0,27.0,0.3587777777777777,0.59,0.177,0.1225758520515881,0.2585,0.4549999999999999,0.581,0.0057427273507036,0.59,11.854565217391302,30.6,83.6,681.4399999999999,601.06,1.0,0.0,72.0,53.1,0.0,47.0,9.686999999999998,182.0,0.413,7.0,12.0,1.0,0.0,0.0,0.0,0.0,1,99,40__40
218,2013,40.0,40.0,1.376,estimate_normalized,True,39.0,39.30376,7.2,3.87,198.74,289.9543,4.86,390.0,19.0,0.3622631578947368,0.436,0.218,0.074222171538715,0.325,0.409,0.436,0.0033274489021298,0.436,11.854565217391302,30.6,83.6,681.4399999999999,601.06,1.0,0.0,72.0,53.1,0.0,47.0,6.883,182.0,0.218,0.0,12.0,1.0,0.0,0.0,0.0,0.0,1,99,40__40
219,2013,40.0,40.0,1.7675999999999998,estimate_normalized,True,210.0,209.86423,6.8,3.69625,212.37625,656.214605,8.491249999999999,446.25,24.0,0.32225,0.554,0.161,0.1330345349899792,0.209,0.464,0.5465,0.0058167003756139,0.554,11.854565217391302,30.6,83.6,681.4399999999999,601.06,1.0,0.0,72.0,53.1,0.0,47.0,7.734,179.0,0.393,5.0,12.0,1.0,0.0,0.0,0.0,0.0,1,99,40__40
220,2013,40.0,40.0,1.8199,estimate_normalized,True,25.0,24.0006,7.3,3.74,197.06,380.11444,6.0,420.0,25.0,0.4396,0.668,0.187,0.1403752114869288,0.274,0.514,0.6525000000000001,0.006359216584065,0.513,11.854565217391302,30.6,83.6,681.4399999999999,601.06,1.0,0.0,72.0,53.1,0.0,47.0,10.99,163.0,0.48100000000000004,11.0,12.0,1.0,0.0,0.0,0.0,0.0,1,99,40__40
222,2013,40.0,40.0,1.1753,estimate_normalized,True,62.0,62.12991,6.9,3.725,206.315,278.80506,4.845,420.0,22.0,0.4073181818181818,0.538,0.227,0.1019462364384627,0.3102499999999999,0.47625,0.5345,0.0046270746778581,0.467,11.854565217391302,30.6,83.6,681.4399999999999,601.06,1.0,0.0,72.0,53.1,0.0,47.0,8.961,162.0,0.31100000000000005,4.0,12.0,1.0,0.0,0.0,0.0,0.0,1,99,40__40
223,2013,40.0,40.0,1.459,estimate_normalized,True,70.0,70.93112,6.433333333333334,3.6633333333333336,175.33333333333334,560.82853,6.72,430.0,25.0,0.44032,0.606,0.193,0.1201011973295853,0.344,0.504,0.6054999999999999,0.0042359963942043,0.452,11.854565217391302,30.6,83.6,681.4399999999999,601.06,1.0,0.0,72.0,53.1,0.0,47.0,11.008000000000001,165.0,0.413,9.0,12.0,1.0,0.0,0.0,0.0,0.0,1,99,40__40
224,2013,40.0,40.0,2.4626,estimate_normalized,True,104.0,106.08424,6.5,3.808,191.728,598.903534,18.618,516.0,24.0,0.4300416666666667,0.711,0.215,0.1602819076831679,0.29525,0.618,0.6945,0.0090431161367194,0.711,11.854565217391302,30.6,83.6,681.4399999999999,601.06,1.0,0.0,72.0,53.1,0.0,47.0,10.321000000000002,179.0,0.496,7.0,12.0,1.0,0.0,0.0,0.0,0.0,1,99,40__40
226,2013,40.0,40.0,1.8177,estimate_normalized,True,40.0,41.00801,7.2,3.79,218.81,806.48818,8.56,420.0,18.0,0.5100000000000001,0.633,0.264,0.126984688490822,0.39975,0.61625,0.633,0.0056415218319808,0.63,11.854565217391302,30.6,83.6,681.4399999999999,601.06,1.0,0.0,72.0,53.1,0.0,47.0,9.180000000000001,175.0,0.369,12.0,12.0,1.0,0.0,0.0,0.0,0.0,1,99,40__40
227,2013,40.0,40.0,2.0164999999999997,estimate_normalized,True,346.0,348.50924,6.953846153846154,3.8015384615384615,195.0484615384616,763.0697146153847,10.056153846153848,475.38461538461536,23.0,0.2982173913043479,0.526,0.179,0.1137261992383228,0.217,0.426,0.5095000000000001,0.0050140609150037,0.526,,,,,,,,,,,,6.859000000000001,179.0,0.34700000000000003,1.0,,,,,,,1,99,40__40
228,2013,40.0,40.0,2.4112,estimate_normalized,True,59.0,55.06353,6.699999999999999,3.515,179.82,438.82045,7.755,420.0,22.0,0.6411363636363636,0.707,0.506,0.0598728163044916,0.6105,0.686,0.7015,0.0028342618013167,0.707,11.854565217391302,30.6,83.6,681.4399999999999,601.06,1.0,0.0,72.0,53.1,0.0,47.0,14.105,179.0,0.20099999999999996,22.0,12.0,1.0,0.0,0.0,0.0,0.0,1,99,40__40
229,2013,40.0,40.0,1.8671,estimate_normalized,True,12.0,9.82891,6.4,2.36,225.3,220.85171,12.11,480.0,22.0,0.5530909090909092,0.647,0.339,0.0969994887947677,0.44675,0.6285000000000001,0.647,0.0046397226241502,0.622,11.854565217391302,30.6,83.6,681.4399999999999,601.06,1.0,0.0,72.0,53.1,0.0,47.0,12.168000000000001,170.0,0.308,15.0,12.0,1.0,0.0,0.0,0.0,0.0,1,99,40__40
230,2013,40.0,40.0,2.8546,estimate_normalized,True,223.0,222.45567,7.1000000000000005,3.73,184.71,792.107215,3.6633333333333336,445.0,27.0,0.375925925925926,0.688,0.155,0.17883883204261,0.2265,0.5745,0.675,0.0082275641870518,0.688,11.854565217391302,30.6,83.6,681.4399999999999,601.06,1.0,0.0,72.0,53.1,0.0,47.0,10.150000000000002,179.0,0.5329999999999999,9.0,12.0,1.0,0.0,0.0,0.0,0.0,1,99,40__40
231,2013,40.0,40.0,2.2302,estimate_normalized,True,235.0,231.50464,7.2625,3.685,204.0575,646.09227125,9.26,453.75,27.0,0.3417777777777777,0.639,0.16,0.143374757149417,0.2235,0.4335,0.619,0.0064191736979924,0.639,11.854565217391302,30.6,83.6,681.4399999999999,601.06,1.0,0.0,72.0,53.1,0.0,47.0,9.227999999999998,179.0,0.479,6.0,12.0,1.0,0.0,0.0,0.0,0.0,1,99,40__40
232,2013,40.0,40.0,2.3914999999999997,estimate_normalized,True,296.0,296.88138,6.609090909090909,3.7290909090909095,211.9754545454545,649.4797309090909,7.533636363636364,452.7272727272728,28.0,0.3835714285714285,0.733,0.175,0.1992517124091012,0.229,0.4795,0.7284999999999999,0.0089973947025618,0.716,11.854565217391302,30.6,83.6,681.4399999999999,601.06,1.0,0.0,72.0,53.1,0.0,47.0,10.74,177.0,0.558,7.0,12.0,1.0,0.0,0.0,0.0,0.0,1,99,40__40
233,2013,40.0,40.0,1.5523,estimate_normalized,True,39.0,38.82,6.7,3.57,211.75,698.55237,6.06,510.0,22.0,0.4436818181818182,0.565,0.207,0.1069138932904063,0.3582499999999999,0.523,0.563,0.0042957500931997,0.489,11.854565217391302,30.6,83.6,681.4399999999999,601.06,1.0,0.0,72.0,53.1,0.0,47.0,9.761000000000001,149.0,0.358,10.0,12.0,1.0,0.0,0.0,0.0,0.0,1,99,40__40
234,2013,40.0,40.0,2.1286,estimate_normalized,True,35.0,36.18,6.5,3.73,181.31,492.74302,14.32,480.0,18.0,0.6472222222222221,0.736,0.489,0.0895752666480079,0.5565,0.71675,0.736,0.0040394644115574,0.697,11.854565217391302,30.6,83.6,681.4399999999999,601.06,1.0,0.0,72.0,53.1,0.0,47.0,11.649999999999999,177.0,0.247,17.0,12.0,1.0,0.0,0.0,0.0,0.0,1,99,40__40
195,2014,40.0,40.0,2.7474,estimate_normalized,True,123.0,122.42127,6.9,3.6425,225.2,499.4803025,7.5175,427.5,48.0,0.3460624999999999,0.737,0.148,0.2101813112380594,0.182,0.544,0.728,0.0064878830264784,0.71,13.779565217391305,35.7,130.6,829.92,746.8199999999999,16.0,2.0,73.0,65.3,2.0,49.0,16.610999999999997,179.0,0.589,13.0,21.0,7.0,0.0,1.0,0.0,0.0,1,99,40__40
197,2014,40.0,40.0,2.2187,estimate_normalized,True,343.0,343.71311,6.976923076923077,3.579230769230769,216.96,502.5284007692308,4.591538461538462,454.61538461538464,50.0,0.3757399999999999,0.713,0.154,0.2118054588531655,0.1925,0.64075,0.7016,0.0072176217225854,0.713,13.779565217391305,35.7,130.6,829.92,746.8199999999999,16.0,2.0,73.0,65.3,2.0,49.0,18.787,182.0,0.5589999999999999,16.0,21.0,7.0,0.0,1.0,0.0,0.0,1,99,40__40
207,2014,40.0,40.0,2.2424,estimate_normalized,True,110.91,110.91329,6.875,3.55,244.935,425.663535,5.4125,412.5,46.0,0.3509347826086956,0.703,0.168,0.1870916309068567,0.201,0.55625,0.68775,0.0058243355533078,0.703,13.779565217391305,35.7,130.6,829.92,746.8199999999999,16.0,2.0,73.0,65.3,2.0,49.0,16.143,182.0,0.5349999999999999,13.0,21.0,7.0,0.0,1.0,0.0,0.0,1,99,40__40
208,2014,40.0,40.0,2.9195,estimate_normalized,True,130.0,128.21593,6.8,3.916,202.758,706.31834,5.7,504.0,45.0,0.3727777777777777,0.709,0.145,0.1830538340839642,0.2,0.551,0.69275,0.0064110437334852,0.709,13.779565217391305,35.7,130.6,829.92,746.8199999999999,16.0,2.0,73.0,65.3,2.0,49.0,16.775,180.0,0.564,13.0,21.0,7.0,0.0,1.0,0.0,0.0,1,99,40__40
209,2014,40.0,40.0,2.7874,estimate_normalized,True,301.65,301.6502,7.042857142857143,3.5357142857142856,171.9557142857143,277.5815457142857,7.35,437.1428571428572,49.0,0.3496326530612244,0.698,0.159,0.1966599358342949,0.181,0.568,0.695,0.0064202762251333,0.694,13.779565217391305,35.7,130.6,829.92,746.8199999999999,16.0,2.0,73.0,65.3,2.0,49.0,17.131999999999998,178.0,0.5389999999999999,14.0,21.0,7.0,0.0,1.0,0.0,0.0,1,99,40__40
210,2014,40.0,40.0,2.9256,estimate_normalized,True,247.0,245.92428,7.2125,3.72,230.06625,480.10587375,9.455,423.75,48.0,0.3531249999999999,0.724,0.167,0.1846517696683859,0.186,0.502,0.7052499999999999,0.0061083479061205,0.724,13.779565217391305,35.7,130.6,829.92,746.8199999999999,16.0,2.0,73.0,65.3,2.0,49.0,16.95,180.0,0.5569999999999999,12.0,21.0,7.0,0.0,1.0,0.0,0.0,1,99,40__40
212,2014,40.0,40.0,2.45,estimate_normalized,True,136.0,134.83369,7.140000000000001,3.766,232.258,464.594502,5.536,432.0,46.0,0.297695652173913,0.656,0.148,0.16234475789467,0.1785,0.41175,0.6325000000000001,0.0050657898505021,0.656,13.779565217391305,35.7,130.6,829.92,746.8199999999999,16.0,2.0,73.0,65.3,2.0,49.0,13.693999999999999,180.0,0.508,9.0,21.0,7.0,0.0,1.0,0.0,0.0,1,99,40__40
213,2014,40.0,40.0,2.4244,estimate_normalized,True,14.0,16.53751,7.2,3.39,148.5,272.23874,13.42,420.0,45.0,0.3708444444444444,0.71,0.169,0.1842152069432266,0.201,0.564,0.6910000000000001,0.0061727343723082,0.71,13.779565217391305,35.7,130.6,829.92,746.8199999999999,16.0,2.0,73.0,65.3,2.0,49.0,16.688,180.0,0.5409999999999999,13.0,21.0,7.0,0.0,1.0,0.0,0.0,1,99,40__40
214,2014,40.0,40.0,2.6513,estimate_normalized,True,9.0,10.99122,7.1,3.67,236.12,399.02591,8.82,420.0,45.0,0.3704666666666666,0.711,0.17,0.1838969034842922,0.2,0.561,0.69275,0.0061698172797537,0.711,13.779565217391305,35.7,130.6,829.92,746.8199999999999,16.0,2.0,73.0,65.3,2.0,49.0,16.671,180.0,0.5409999999999999,13.0,21.0,7.0,0.0,1.0,0.0,0.0,1,99,40__40
215,2014,40.0,40.0,2.6138000000000003,estimate_normalized,True,79.0,78.14849,6.666666666666667,3.776666666666667,192.12,392.99891,12.116666666666667,430.0,41.0,0.6211219512195121,0.74,0.371,0.1138405378357346,0.546,0.72,0.73525,0.0042212869851092,0.697,13.779565217391305,35.7,130.6,829.92,746.8199999999999,16.0,2.0,73.0,65.3,2.0,49.0,25.465999999999998,161.0,0.369,33.0,21.0,7.0,0.0,1.0,0.0,0.0,1,99,40__40
216,2014,40.0,40.0,2.9909,estimate_normalized,True,37.0,37.51924,6.4,3.71,242.68,688.96085,7.64,540.0,40.0,0.4929,0.748,0.181,0.2136115399504436,0.27225,0.70675,0.7442500000000001,0.0087018669256424,0.747,13.779565217391305,35.7,130.6,829.92,746.8199999999999,16.0,2.0,73.0,65.3,2.0,49.0,19.716,179.0,0.567,22.0,21.0,7.0,0.0,1.0,0.0,0.0,1,99,40__40
217,2014,40.0,40.0,3.0689,estimate_normalized,True,408.0,408.48131,6.94,3.484666666666667,201.10266666666664,313.7409,4.662000000000001,472.0,45.0,0.3060222222222222,0.67,0.159,0.1503494431706629,0.185,0.443,0.6194999999999999,0.0047746717636535,0.67,13.779565217391305,35.7,130.6,829.92,746.8199999999999,16.0,2.0,73.0,65.3,2.0,49.0,13.770999999999999,180.0,0.511,7.0,21.0,7.0,0.0,1.0,0.0,0.0,1,99,40__40
218,2014,40.0,40.0,2.1887,estimate_normalized,True,39.0,39.30376,7.2,3.87,198.74,289.9543,4.86,390.0,43.0,0.3827441860465116,0.606,0.156,0.1513837097658695,0.2309999999999999,0.539,0.59425,0.0062254195026619,0.606,13.779565217391305,35.7,130.6,829.92,746.8199999999999,16.0,2.0,73.0,65.3,2.0,49.0,16.458000000000002,179.0,0.44999999999999996,13.0,21.0,7.0,0.0,1.0,0.0,0.0,1,99,40__40
219,2014,40.0,40.0,2.3038,estimate_normalized,True,210.0,209.86423,6.8,3.69625,212.37625,656.214605,8.491249999999999,446.25,45.0,0.3652222222222221,0.752,0.156,0.2252133693376018,0.172,0.609,0.7422499999999999,0.0073735856734791,0.752,13.779565217391305,35.7,130.6,829.92,746.8199999999999,16.0,2.0,73.0,65.3,2.0,49.0,16.435,180.0,0.596,14.0,21.0,7.0,0.0,1.0,0.0,0.0,1,99,40__40
220,2014,40.0,40.0,2.0431,estimate_normalized,True,25.0,24.0006,7.3,3.74,197.06,380.11444,6.0,420.0,38.0,0.4873684210526315,0.711,0.165,0.2013819911789312,0.28225,0.698,0.7096666666666667,0.0078304816823423,0.701,13.779565217391305,35.7,130.6,829.92,746.8199999999999,16.0,2.0,73.0,65.3,2.0,49.0,18.52,172.0,0.5459999999999999,20.0,21.0,7.0,0.0,1.0,0.0,0.0,1,99,40__40
222,2014,40.0,40.0,2.3248,estimate_normalized,True,62.0,62.12991,6.9,3.725,206.315,278.80506,4.845,420.0,43.0,0.5784883720930233,0.735,0.265,0.1559005902838032,0.398,0.726,0.73225,0.0059416518075732,0.712,13.779565217391305,35.7,130.6,829.92,746.8199999999999,16.0,2.0,73.0,65.3,2.0,49.0,24.875,173.0,0.47,29.0,21.0,7.0,0.0,1.0,0.0,0.0,1,99,40__40
223,2014,40.0,40.0,2.4033,estimate_normalized,True,70.0,70.93112,6.433333333333334,3.6633333333333336,175.33333333333334,560.82853,6.72,430.0,40.0,0.5927,0.733,0.253,0.1474513818178724,0.4187499999999999,0.72025,0.731,0.0055800564990096,0.7,13.779565217391305,35.7,130.6,829.92,746.8199999999999,16.0,2.0,73.0,65.3,2.0,49.0,23.708,170.0,0.48,28.0,21.0,7.0,0.0,1.0,0.0,0.0,1,99,40__40
224,2014,40.0,40.0,2.6593,estimate_normalized,True,104.0,106.08424,6.5,3.808,191.728,598.903534,18.618,516.0,41.0,0.4129268292682926,0.725,0.169,0.1694804672886686,0.252,0.552,0.69225,0.0069090068058359,0.725,13.779565217391305,35.7,130.6,829.92,746.8199999999999,16.0,2.0,73.0,65.3,2.0,49.0,16.93,182.0,0.5559999999999999,14.0,21.0,7.0,0.0,1.0,0.0,0.0,1,99,40__40
226,2014,40.0,40.0,2.2283,estimate_normalized,True,40.0,41.00801,7.2,3.79,218.81,806.48818,8.56,420.0,40.0,0.555375,0.724,0.228,0.1666752362380206,0.442,0.7115,0.7202500000000001,0.006070396554837,0.715,13.779565217391305,35.7,130.6,829.92,746.8199999999999,16.0,2.0,73.0,65.3,2.0,49.0,22.215,175.0,0.496,23.0,21.0,7.0,0.0,1.0,0.0,0.0,1,99,40__40
227,2014,40.0,40.0,2.401,estimate_normalized,True,346.0,348.50924,6.953846153846154,3.8015384615384615,195.0484615384616,763.0697146153847,10.056153846153848,475.38461538461536,50.0,0.34676,0.69,0.161,0.19846768603478,0.1825,0.568,0.6828000000000001,0.0064172301072336,0.689,13.779565217391305,35.7,130.6,829.92,746.8199999999999,16.0,2.0,73.0,65.3,2.0,49.0,17.338,180.0,0.5289999999999999,14.0,21.0,7.0,0.0,1.0,0.0,0.0,1,99,40__40
228,2014,40.0,40.0,3.021,estimate_normalized,True,59.0,55.06353,6.699999999999999,3.515,179.82,438.82045,7.755,420.0,38.0,0.3495263157894736,0.641,0.205,0.1314461540431761,0.23875,0.43275,0.6146666666666666,0.0042216770703402,0.641,13.779565217391305,35.7,130.6,829.92,746.8199999999999,16.0,2.0,73.0,65.3,2.0,49.0,13.281999999999998,182.0,0.43600000000000005,8.0,21.0,7.0,0.0,1.0,0.0,0.0,1,99,40__40
229,2014,40.0,40.0,1.8888000000000005,estimate_normalized,True,12.0,9.82891,6.4,2.36,225.3,220.85171,12.11,480.0,40.0,0.3120249999999999,0.576,0.086,0.1400318691405638,0.15525,0.437,0.5317500000000001,0.0047874218825942,0.576,13.779565217391305,35.7,130.6,829.92,746.8199999999999,16.0,2.0,73.0,65.3,2.0,49.0,12.480999999999998,182.0,0.49,3.0,21.0,7.0,0.0,1.0,0.0,0.0,1,99,40__40
230,2014,40.0,40.0,2.0745,estimate_normalized,True,223.0,222.45567,7.1000000000000005,3.73,184.71,792.107215,3.6633333333333336,445.0,46.0,0.374195652173913,0.726,0.148,0.2120545068941942,0.19,0.58775,0.7235,0.0072204936212449,0.726,13.779565217391305,35.7,130.6,829.92,746.8199999999999,16.0,2.0,73.0,65.3,2.0,49.0,17.213,180.0,0.578,15.0,21.0,7.0,0.0,1.0,0.0,0.0,1,99,40__40
231,2014,40.0,40.0,2.6751,estimate_normalized,True,235.0,231.50464,7.2625,3.685,204.0575,646.09227125,9.26,453.75,46.0,0.3716086956521738,0.724,0.161,0.2138856336274405,0.19225,0.63025,0.70675,0.0068917286371763,0.724,13.779565217391305,35.7,130.6,829.92,746.8199999999999,16.0,2.0,73.0,65.3,2.0,49.0,17.093999999999998,182.0,0.563,14.0,21.0,7.0,0.0,1.0,0.0,0.0,1,99,40__40
232,2014,40.0,40.0,2.4254,estimate_normalized,True,296.0,296.88138,6.609090909090909,3.7290909090909095,211.9754545454545,649.4797309090909,7.533636363636364,452.7272727272728,46.0,0.3586086956521739,0.745,0.149,0.216577978552647,0.18375,0.5872499999999999,0.734,0.0068441768329627,0.745,13.779565217391305,35.7,130.6,829.92,746.8199999999999,16.0,2.0,73.0,65.3,2.0,49.0,16.496,182.0,0.596,14.0,21.0,7.0,0.0,1.0,0.0,0.0,1,99,40__40
233,2014,40.0,40.0,2.4834,estimate_normalized,True,39.0,38.82,6.7,3.57,211.75,698.55237,6.06,510.0,42.0,0.6534047619047618,0.801,0.328,0.111953659529674,0.59525,0.738,0.77775,0.00363669399138,0.691,13.779565217391305,35.7,130.6,829.92,746.8199999999999,16.0,2.0,73.0,65.3,2.0,49.0,27.442999999999998,153.0,0.47300000000000003,37.0,21.0,7.0,0.0,1.0,0.0,0.0,1,99,40__40
234,2014,40.0,40.0,2.2455,estimate_normalized,True,35.0,36.18,6.5,3.73,181.31,492.74302,14.32,480.0,37.0,0.4555135135135135,0.65,0.222,0.116731760337275,0.38,0.532,0.6396666666666667,0.0043652193603693,0.65,13.779565217391305,35.7,130.6,829.92,746.8199999999999,16.0,2.0,73.0,65.3,2.0,49.0,16.854,182.0,0.42800000000000005,11.0,21.0,7.0,0.0,1.0,0.0,0.0,1,99,40__40
195,2015,40.0,40.0,0.8484,estimate_normalized,True,123.0,122.42127,6.9,3.6425,225.2,499.4803025,7.5175,427.5,37.0,0.318027027027027,0.511,0.189,0.0773910695617923,0.243,0.358,0.478,0.0018572539998189,0.337,12.758333333333333,32.8,113.5,685.65,618.73,4.0,0.0,64.0,113.5,0.0,48.0,11.767,152.0,0.322,2.0,19.0,2.0,0.0,0.0,0.0,0.0,1,99,40__40
197,2015,40.0,40.0,2.0006,estimate_normalized,True,343.0,343.71311,6.976923076923077,3.579230769230769,216.96,502.5284007692308,4.591538461538462,454.61538461538464,37.0,0.4203783783783784,0.658,0.163,0.2044117930896529,0.206,0.639,0.6556666666666667,0.0092203145428586,0.633,12.758333333333333,32.8,113.5,685.65,618.73,4.0,0.0,64.0,113.5,0.0,48.0,15.554000000000002,168.0,0.495,16.0,19.0,2.0,0.0,0.0,0.0,0.0,1,99,40__40
207,2015,40.0,40.0,1.7668,estimate_normalized,True,110.91,110.91329,6.875,3.55,244.935,425.663535,5.4125,412.5,37.0,0.4042702702702702,0.613,0.164,0.1865979416254259,0.193,0.603,0.6126666666666667,0.0083437917457078,0.556,12.758333333333333,32.8,113.5,685.65,618.73,4.0,0.0,64.0,113.5,0.0,48.0,14.957999999999998,162.0,0.44899999999999995,16.0,19.0,2.0,0.0,0.0,0.0,0.0,1,99,40__40
208,2015,40.0,40.0,1.4288,estimate_normalized,True,130.0,128.21593,6.8,3.916,202.758,706.31834,5.7,504.0,39.0,0.421076923076923,0.592,0.196,0.1437635852426288,0.249,0.5475000000000001,0.5883333333333334,0.006099265338426,0.485,12.758333333333333,32.8,113.5,685.65,618.73,4.0,0.0,64.0,113.5,0.0,48.0,16.422,164.0,0.39599999999999996,19.0,19.0,2.0,0.0,0.0,0.0,0.0,1,99,40__40
209,2015,40.0,40.0,1.9986,estimate_normalized,True,301.65,301.6502,7.042857142857143,3.5357142857142856,171.9557142857143,277.5815457142857,7.35,437.1428571428572,40.0,0.414575,0.682,0.17,0.2031899219326588,0.212,0.64225,0.6775,0.009152377788428,0.682,12.758333333333333,32.8,113.5,685.65,618.73,4.0,0.0,64.0,113.5,0.0,48.0,16.583000000000002,182.0,0.512,18.0,19.0,2.0,0.0,0.0,0.0,0.0,1,99,40__40
210,2015,40.0,40.0,2.4408000000000003,estimate_normalized,True,247.0,245.92428,7.2125,3.72,230.06625,480.10587375,9.455,423.75,41.0,0.3872926829268293,0.685,0.174,0.1566081398224739,0.215,0.496,0.6577500000000001,0.0070066097355332,0.685,12.758333333333333,32.8,113.5,685.65,618.73,4.0,0.0,64.0,113.5,0.0,48.0,15.879,182.0,0.5110000000000001,10.0,19.0,2.0,0.0,0.0,0.0,0.0,1,99,40__40
212,2015,40.0,40.0,1.6854,estimate_normalized,True,136.0,134.83369,7.140000000000001,3.766,232.258,464.594502,5.536,432.0,36.0,0.4738888888888888,0.66,0.17,0.1981554913834892,0.253,0.65,0.6596666666666667,0.0088904073622103,0.66,12.758333333333333,32.8,113.5,685.65,618.73,4.0,0.0,64.0,113.5,0.0,48.0,17.06,180.0,0.49,21.0,19.0,2.0,0.0,0.0,0.0,0.0,1,99,40__40
213,2015,40.0,40.0,2.1305,estimate_normalized,True,14.0,16.53751,7.2,3.39,148.5,272.23874,13.42,420.0,35.0,0.4464285714285714,0.69,0.194,0.174231912070302,0.27,0.625,0.672,0.0078815672306322,0.69,12.758333333333333,32.8,113.5,685.65,618.73,4.0,0.0,64.0,113.5,0.0,48.0,15.624999999999998,182.0,0.49599999999999994,17.0,19.0,2.0,0.0,0.0,0.0,0.0,1,99,40__40
214,2015,40.0,40.0,2.2145,estimate_normalized,True,9.0,10.99122,7.1,3.67,236.12,399.02591,8.82,420.0,35.0,0.4379428571428571,0.69,0.194,0.1692457119705198,0.269,0.616,0.6683333333333333,0.0076453181724775,0.69,12.758333333333333,32.8,113.5,685.65,618.73,4.0,0.0,64.0,113.5,0.0,48.0,15.328,182.0,0.49599999999999994,14.0,19.0,2.0,0.0,0.0,0.0,0.0,1,99,40__40
215,2015,40.0,40.0,1.4253,estimate_normalized,True,79.0,78.14849,6.666666666666667,3.776666666666667,192.12,392.99891,12.116666666666667,430.0,34.0,0.3902058823529412,0.519,0.191,0.1157331564194534,0.2655,0.4785,0.508,0.0050676637883489,0.5,12.758333333333333,32.8,113.5,685.65,618.73,4.0,0.0,64.0,113.5,0.0,48.0,13.267000000000001,155.0,0.328,2.0,19.0,2.0,0.0,0.0,0.0,0.0,1,99,40__40
216,2015,40.0,40.0,2.7174,estimate_normalized,True,37.0,37.51924,6.4,3.71,242.68,688.96085,7.64,540.0,36.0,0.5319444444444446,0.711,0.196,0.1961750839944943,0.36925,0.7022499999999999,0.7086666666666667,0.0093352845503506,0.693,12.758333333333333,32.8,113.5,685.65,618.73,4.0,0.0,64.0,113.5,0.0,48.0,19.150000000000002,164.0,0.5149999999999999,22.0,19.0,2.0,0.0,0.0,0.0,0.0,1,99,40__40
217,2015,40.0,40.0,1.251,estimate_normalized,True,408.0,408.48131,6.94,3.484666666666667,201.10266666666664,313.7409,4.662000000000001,472.0,38.0,0.3283684210526316,0.495,0.179,0.1018480346431133,0.238,0.401,0.49,0.0038965328883393,0.439,12.758333333333333,32.8,113.5,685.65,618.73,4.0,0.0,64.0,113.5,0.0,48.0,12.478,162.0,0.316,0.0,19.0,2.0,0.0,0.0,0.0,0.0,1,99,40__40
218,2015,40.0,40.0,1.8712,estimate_normalized,True,39.0,39.30376,7.2,3.87,198.74,289.9543,4.86,390.0,34.0,0.4030882352941177,0.63,0.187,0.16583077264401,0.2335,0.5555000000000001,0.6243333333333333,0.0077311619856816,0.63,12.758333333333333,32.8,113.5,685.65,618.73,4.0,0.0,64.0,113.5,0.0,48.0,13.705000000000002,182.0,0.443,14.0,19.0,2.0,0.0,0.0,0.0,0.0,1,99,40__40
219,2015,40.0,40.0,2.5288,estimate_normalized,True,210.0,209.86423,6.8,3.69625,212.37625,656.214605,8.491249999999999,446.25,39.0,0.4101282051282051,0.711,0.172,0.2038918993985984,0.1985,0.613,0.6973333333333332,0.0091907411214472,0.711,12.758333333333333,32.8,113.5,685.65,618.73,4.0,0.0,64.0,113.5,0.0,48.0,15.995000000000001,182.0,0.5389999999999999,18.0,19.0,2.0,0.0,0.0,0.0,0.0,1,99,40__40
220,2015,40.0,40.0,2.3007,estimate_normalized,True,25.0,24.0006,7.3,3.74,197.06,380.11444,6.0,420.0,34.0,0.4730294117647058,0.673,0.177,0.1847151201324254,0.27425,0.6577500000000001,0.669,0.0082245884760944,0.673,12.758333333333333,32.8,113.5,685.65,618.73,4.0,0.0,64.0,113.5,0.0,48.0,16.083,182.0,0.49600000000000005,17.0,19.0,2.0,0.0,0.0,0.0,0.0,1,99,40__40
222,2015,40.0,40.0,1.9893,estimate_normalized,True,62.0,62.12991,6.9,3.725,206.315,278.80506,4.845,420.0,34.0,0.4285000000000001,0.636,0.182,0.1757374796812162,0.237,0.61225,0.6336666666666667,0.0080145274008017,0.618,12.758333333333333,32.8,113.5,685.65,618.73,4.0,0.0,64.0,113.5,0.0,48.0,14.569000000000003,174.0,0.454,15.0,19.0,2.0,0.0,0.0,0.0,0.0,1,99,40__40
223,2015,40.0,40.0,1.401,estimate_normalized,True,70.0,70.93112,6.433333333333334,3.6633333333333336,175.33333333333334,560.82853,6.72,430.0,35.0,0.4030857142857142,0.605,0.179,0.1704632966658925,0.227,0.59,0.6033333333333334,0.0077860110193807,0.597,12.758333333333333,32.8,113.5,685.65,618.73,4.0,0.0,64.0,113.5,0.0,48.0,14.107999999999999,173.0,0.426,15.0,19.0,2.0,0.0,0.0,0.0,0.0,1,99,40__40
224,2015,40.0,40.0,1.9421,estimate_normalized,True,104.0,106.08424,6.5,3.808,191.728,598.903534,18.618,516.0,35.0,0.4638285714285715,0.662,0.166,0.193104188859543,0.2334999999999999,0.639,0.6563333333333333,0.0090436864551997,0.628,12.758333333333333,32.8,113.5,685.65,618.73,4.0,0.0,64.0,113.5,0.0,48.0,16.234,175.0,0.496,21.0,19.0,2.0,0.0,0.0,0.0,0.0,1,99,40__40
226,2015,40.0,40.0,1.8338,estimate_normalized,True,40.0,41.00801,7.2,3.79,218.81,806.48818,8.56,420.0,35.0,0.4879714285714286,0.723,0.153,0.1998853222245603,0.2495,0.6845000000000001,0.7186666666666666,0.008882133204534,0.666,12.758333333333333,32.8,113.5,685.65,618.73,4.0,0.0,64.0,113.5,0.0,48.0,17.079000000000004,165.0,0.57,19.0,19.0,2.0,0.0,0.0,0.0,0.0,1,99,40__40
227,2015,40.0,40.0,1.6342,estimate_normalized,True,346.0,348.50924,6.953846153846154,3.8015384615384615,195.0484615384616,763.0697146153847,10.056153846153848,475.38461538461536,39.0,0.3328974358974358,0.637,0.16,0.1581897262169856,0.2015,0.48,0.6196666666666667,0.0068354501635998,0.637,12.758333333333333,32.8,113.5,685.65,618.73,4.0,0.0,64.0,113.5,0.0,48.0,12.982999999999999,182.0,0.477,10.0,19.0,2.0,0.0,0.0,0.0,0.0,1,99,40__40
228,2015,40.0,40.0,1.6277,estimate_normalized,True,59.0,55.06353,6.699999999999999,3.515,179.82,438.82045,7.755,420.0,33.0,0.4384848484848485,0.636,0.183,0.1742541023754505,0.235,0.596,0.6213333333333333,0.0079040176267418,0.636,12.758333333333333,32.8,113.5,685.65,618.73,4.0,0.0,64.0,113.5,0.0,48.0,14.469999999999999,180.0,0.453,18.0,19.0,2.0,0.0,0.0,0.0,0.0,1,99,40__40
229,2015,40.0,40.0,1.6917000000000002,estimate_normalized,True,12.0,9.82891,6.4,2.36,225.3,220.85171,12.11,480.0,33.0,0.3687878787878787,0.578,0.076,0.1995318395760219,0.14,0.559,0.5713333333333334,0.0089416398926961,0.578,12.758333333333333,32.8,113.5,685.65,618.73,4.0,0.0,64.0,113.5,0.0,48.0,12.169999999999998,180.0,0.502,14.0,19.0,2.0,0.0,0.0,0.0,0.0,1,99,40__40
230,2015,40.0,40.0,2.0985,estimate_normalized,True,223.0,222.45567,7.1000000000000005,3.73,184.71,792.107215,3.6633333333333336,445.0,40.0,0.44555,0.682,0.179,0.2058560115711951,0.21625,0.65725,0.679,0.0094879632295966,0.661,12.758333333333333,32.8,113.5,685.65,618.73,4.0,0.0,64.0,113.5,0.0,48.0,17.822000000000003,173.0,0.5030000000000001,19.0,19.0,2.0,0.0,0.0,0.0,0.0,1,99,40__40
231,2015,40.0,40.0,1.9308,estimate_normalized,True,235.0,231.50464,7.2625,3.685,204.0575,646.09227125,9.26,453.75,35.0,0.4519714285714285,0.623,0.192,0.1729892623776376,0.2495,0.6065,0.62,0.0076072654423126,0.584,12.758333333333333,32.8,113.5,685.65,618.73,4.0,0.0,64.0,113.5,0.0,48.0,15.818999999999999,168.0,0.431,21.0,19.0,2.0,0.0,0.0,0.0,0.0,1,99,40__40
232,2015,40.0,40.0,1.3354,estimate_normalized,True,296.0,296.88138,6.609090909090909,3.7290909090909095,211.9754545454545,649.4797309090909,7.533636363636364,452.7272727272728,35.0,0.3894571428571429,0.593,0.166,0.1766902605218106,0.1905,0.576,0.5896666666666667,0.0078352428486029,0.581,12.758333333333333,32.8,113.5,685.65,618.73,4.0,0.0,64.0,113.5,0.0,48.0,13.631,175.0,0.42699999999999994,16.0,19.0,2.0,0.0,0.0,0.0,0.0,1,99,40__40
233,2015,40.0,40.0,2.2576,estimate_normalized,True,39.0,38.82,6.7,3.57,211.75,698.55237,6.06,510.0,35.0,0.4514857142857142,0.649,0.181,0.1647901473179183,0.266,0.6234999999999999,0.6453333333333333,0.0074685483673118,0.623,12.758333333333333,32.8,113.5,685.65,618.73,4.0,0.0,64.0,113.5,0.0,48.0,15.802,175.0,0.468,18.0,19.0,2.0,0.0,0.0,0.0,0.0,1,99,40__40
234,2015,40.0,40.0,2.3784,estimate_normalized,True,35.0,36.18,6.5,3.73,181.31,492.74302,14.32,480.0,32.0,0.5274062500000001,0.706,0.196,0.1945276104077195,0.30125,0.6972499999999999,0.7040000000000001,0.008861247545835,0.674,12.758333333333333,32.8,113.5,685.65,618.73,4.0,0.0,64.0,113.5,0.0,48.0,16.877000000000002,169.0,0.51,20.0,19.0,2.0,0.0,0.0,0.0,0.0,1,99,40__40
195,2016,40.0,40.0,2.3569,estimate_normalized,True,123.0,122.42127,6.9,3.6425,225.2,499.4803025,7.5175,427.5,36.0,0.505,0.652,0.243,0.125169440714932,0.3845,0.61925,0.6516666666666667,0.0062550554647644,0.611,,,,,,,,,,,,18.18,170.0,0.40900000000000003,20.0,,,,,,,1,99,40__40
197,2016,40.0,40.0,2.4004000000000003,estimate_normalized,True,343.0,343.71311,6.976923076923077,3.579230769230769,216.96,502.5284007692308,4.591538461538462,454.61538461538464,38.0,0.356157894736842,0.758,0.163,0.1816831432547783,0.235,0.4105,0.7486666666666667,0.0081948259204151,0.758,,,,,,,,,,,,13.533999999999999,182.0,0.595,8.0,,,,,,,1,99,40__40
207,2016,40.0,40.0,1.9816,estimate_normalized,True,110.91,110.91329,6.875,3.55,244.935,425.663535,5.4125,412.5,38.0,0.3904736842105262,0.658,0.16,0.1655879058706798,0.249,0.5347500000000001,0.658,0.008107150700908,0.607,,,,,,,,,,,,14.837999999999997,177.0,0.498,13.0,,,,,,,1,99,40__40
208,2016,40.0,40.0,2.1872,estimate_normalized,True,130.0,128.21593,6.8,3.916,202.758,706.31834,5.7,504.0,38.0,0.3923684210526316,0.742,0.159,0.1523671847963664,0.2825,0.45975,0.7360000000000001,0.0071525711287215,0.738,,,,,,,,,,,,14.91,180.0,0.583,8.0,,,,,,,1,99,40__40
209,2016,40.0,40.0,2.5161,estimate_normalized,True,301.65,301.6502,7.042857142857143,3.5357142857142856,171.9557142857143,277.5815457142857,7.35,437.1428571428572,45.0,0.3100222222222222,0.642,0.171,0.1276758898128623,0.233,0.344,0.6184999999999999,0.005254827642067,0.642,,,,,,,,,,,,13.951,182.0,0.471,5.0,,,,,,,1,99,40__40
210,2016,40.0,40.0,2.8707000000000003,estimate_normalized,True,247.0,245.92428,7.2125,3.72,230.06625,480.10587375,9.455,423.75,41.0,0.3692926829268292,0.613,0.179,0.1375500341609552,0.258,0.497,0.59775,0.0063215383219748,0.563,,,,,,,,,,,,15.141,170.0,0.434,9.0,,,,,,,1,99,40__40
212,2016,40.0,40.0,2.7669,estimate_normalized,True,136.0,134.83369,7.140000000000001,3.766,232.258,464.594502,5.536,432.0,35.0,0.524342857142857,0.679,0.234,0.1344000303692871,0.3995,0.6625000000000001,0.677,0.0071909050312593,0.679,,,,,,,,,,,,18.351999999999997,181.0,0.44500000000000006,22.0,,,,,,,1,99,40__40
213,2016,40.0,40.0,2.4174,estimate_normalized,True,14.0,16.53751,7.2,3.39,148.5,272.23874,13.42,420.0,36.0,0.3878888888888888,0.597,0.152,0.1344292002376834,0.2907499999999999,0.4912499999999999,0.5926666666666667,0.0065950214394658,0.597,,,,,,,,,,,,13.963999999999999,181.0,0.44499999999999995,9.0,,,,,,,1,99,40__40
214,2016,40.0,40.0,2.3114,estimate_normalized,True,9.0,10.99122,7.1,3.67,236.12,399.02591,8.82,420.0,36.0,0.3900277777777778,0.593,0.157,0.1327969389939875,0.2887499999999999,0.4972499999999999,0.588,0.0064854413076635,0.574,,,,,,,,,,,,14.041000000000002,168.0,0.43599999999999994,9.0,,,,,,,1,99,40__40
215,2016,40.0,40.0,1.9726,estimate_normalized,True,79.0,78.14849,6.666666666666667,3.776666666666667,192.12,392.99891,12.116666666666667,430.0,33.0,0.451090909090909,0.757,0.199,0.1594411383050875,0.32,0.571,0.7363333333333334,0.0090640146048964,0.757,,,,,,,,,,,,14.886,181.0,0.558,12.0,,,,,,,1,99,40__40
216,2016,40.0,40.0,2.6756,estimate_normalized,True,37.0,37.51924,6.4,3.71,242.68,688.96085,7.64,540.0,28.0,0.5176428571428572,0.777,0.321,0.1332822499932579,0.4267499999999999,0.5925,0.7725,0.008689850465616,0.777,,,,,,,,,,,,14.494,181.0,0.456,12.0,,,,,,,1,99,40__40
217,2016,40.0,40.0,2.2364,estimate_normalized,True,408.0,408.48131,6.94,3.484666666666667,201.10266666666664,313.7409,4.662000000000001,472.0,38.0,0.5408684210526317,0.742,0.293,0.1554306701178902,0.377,0.682,0.7316666666666666,0.0077278794394433,0.699,,,,,,,,,,,,20.553000000000004,174.0,0.449,24.0,,,,,,,1,99,40__40
218,2016,40.0,40.0,1.4839,estimate_normalized,True,39.0,39.30376,7.2,3.87,198.74,289.9543,4.86,390.0,31.0,0.4217096774193548,0.655,0.269,0.1149527795194652,0.338,0.4835,0.639,0.0068253562546076,0.655,,,,,,,,,,,,13.073,181.0,0.386,7.0,,,,,,,1,99,40__40
219,2016,40.0,40.0,2.2132,estimate_normalized,True,210.0,209.86423,6.8,3.69625,212.37625,656.214605,8.491249999999999,446.25,38.0,0.3807368421052631,0.713,0.19,0.1763245638036686,0.22925,0.54925,0.6960000000000001,0.0078880785075441,0.713,,,,,,,,,,,,14.467999999999998,181.0,0.5229999999999999,11.0,,,,,,,1,99,40__40
220,2016,40.0,40.0,2.7921,estimate_normalized,True,25.0,24.0006,7.3,3.74,197.06,380.11444,6.0,420.0,33.0,0.4384242424242424,0.712,0.187,0.1333480363794092,0.308,0.549,0.6849999999999999,0.0077494028237213,0.712,,,,,,,,,,,,14.468,181.0,0.5249999999999999,11.0,,,,,,,1,99,40__40
222,2016,40.0,40.0,1.6724,estimate_normalized,True,62.0,62.12991,6.9,3.725,206.315,278.80506,4.845,420.0,29.0,0.3379999999999999,0.68,0.204,0.1223502603466643,0.235,0.409,0.6635,0.0075198106695592,0.68,,,,,,,,,,,,9.802,181.0,0.4760000000000001,3.0,,,,,,,1,99,40__40
223,2016,40.0,40.0,2.1369,estimate_normalized,True,70.0,70.93112,6.433333333333334,3.6633333333333336,175.33333333333334,560.82853,6.72,430.0,31.0,0.3978064516129031,0.731,0.219,0.1575691183422401,0.269,0.5165,0.7283333333333334,0.0086923511667653,0.731,,,,,,,,,,,,12.331999999999997,182.0,0.512,10.0,,,,,,,1,99,40__40
224,2016,40.0,40.0,2.7308,estimate_normalized,True,104.0,106.08424,6.5,3.808,191.728,598.903534,18.618,516.0,28.0,0.4550714285714285,0.769,0.252,0.1634861131217984,0.32025,0.576,0.755,0.010639171584712,0.769,,,,,,,,,,,,12.741999999999999,181.0,0.517,10.0,,,,,,,1,99,40__40
226,2016,40.0,40.0,2.7698,estimate_normalized,True,40.0,41.00801,7.2,3.79,218.81,806.48818,8.56,420.0,30.0,0.4987999999999999,0.706,0.234,0.1527811943052329,0.364,0.65375,0.7046666666666667,0.0089342281326553,0.706,,,,,,,,,,,,14.963999999999999,179.0,0.472,13.0,,,,,,,1,99,40__40
227,2016,40.0,40.0,1.8933,estimate_normalized,True,346.0,348.50924,6.953846153846154,3.8015384615384615,195.0484615384616,763.0697146153847,10.056153846153848,475.38461538461536,38.0,0.3398947368421052,0.684,0.153,0.1633513793336129,0.22125,0.4355,0.6656666666666667,0.0070973506908758,0.684,,,,,,,,,,,,12.915999999999999,181.0,0.531,8.0,,,,,,,1,99,40__40
228,2016,40.0,40.0,1.5539999999999998,estimate_normalized,True,59.0,55.06353,6.699999999999999,3.515,179.82,438.82045,7.755,420.0,28.0,0.3762142857142857,0.719,0.228,0.1288122546141302,0.28075,0.387,0.7025,0.0065594460143084,0.719,,,,,,,,,,,,10.534,181.0,0.491,4.0,,,,,,,1,99,40__40
229,2016,40.0,40.0,1.5335,estimate_normalized,True,12.0,9.82891,6.4,2.36,225.3,220.85171,12.11,480.0,27.0,0.3474444444444444,0.596,0.168,0.1093703640992836,0.25,0.38,0.5725,0.0058444836477133,0.596,,,,,,,,,,,,9.381,181.0,0.42799999999999994,4.0,,,,,,,1,99,40__40
230,2016,40.0,40.0,2.1473,estimate_normalized,True,223.0,222.45567,7.1000000000000005,3.73,184.71,792.107215,3.6633333333333336,445.0,39.0,0.3863846153846153,0.667,0.135,0.1744940841528424,0.2465,0.562,0.6646666666666666,0.0078834297865786,0.666,,,,,,,,,,,,15.068999999999997,180.0,0.532,12.0,,,,,,,1,99,40__40
231,2016,40.0,40.0,3.3901000000000003,estimate_normalized,True,235.0,231.50464,7.2625,3.685,204.0575,646.09227125,9.26,453.75,39.0,0.3515384615384614,0.716,0.172,0.1627235891609695,0.2375,0.449,0.7093333333333334,0.0072265140485115,0.716,,,,,,,,,,,,13.709999999999997,182.0,0.544,7.0,,,,,,,1,99,40__40
232,2016,40.0,40.0,2.2876000000000003,estimate_normalized,True,296.0,296.88138,6.609090909090909,3.7290909090909095,211.9754545454545,649.4797309090909,7.533636363636364,452.7272727272728,40.0,0.3763749999999999,0.723,0.154,0.1919871984664602,0.211,0.53825,0.7144999999999999,0.0086221869590305,0.708,,,,,,,,,,,,15.054999999999998,179.0,0.569,12.0,,,,,,,1,99,40__40
233,2016,40.0,40.0,2.2677,estimate_normalized,True,39.0,38.82,6.7,3.57,211.75,698.55237,6.06,510.0,29.0,0.4709310344827586,0.676,0.313,0.1177369748369535,0.376,0.575,0.672,0.0071446280991735,0.66,,,,,,,,,,,,13.656999999999998,179.0,0.36300000000000004,12.0,,,,,,,1,99,40__40
234,2016,40.0,40.0,2.7931999999999997,estimate_normalized,True,35.0,36.18,6.5,3.73,181.31,492.74302,14.32,480.0,25.0,0.5266000000000001,0.755,0.296,0.1160262039368693,0.437,0.566,0.7545,0.0068113891933101,0.755,,,,,,,,,,,,13.165000000000001,181.0,0.459,17.0,,,,,,,1,99,40__40
195,2017,40.0,40.0,1.6511,estimate_normalized,True,123.0,122.42127,6.9,3.6425,225.2,499.4803025,7.5175,427.5,41.0,0.4125853658536585,0.677,0.177,0.1831508741793798,0.21,0.605,0.66125,0.0082262931746818,0.6,14.69141304347826,34.9,0.0,950.91,870.15,18.0,0.0,92.0,0.0,4.0,62.0,16.916,172.0,0.5,15.0,92.0,11.0,0.0,1.0,0.0,0.0,1,99,40__40
197,2017,40.0,40.0,1.8136,estimate_normalized,True,343.0,343.71311,6.976923076923077,3.579230769230769,216.96,502.5284007692308,4.591538461538462,454.61538461538464,44.0,0.4006818181818182,0.718,0.158,0.2143765562071554,0.23175,0.6545000000000001,0.70675,0.0096376920362909,0.698,14.69141304347826,34.9,0.0,950.91,870.15,18.0,0.0,92.0,0.0,4.0,62.0,17.630000000000003,178.0,0.5599999999999999,16.0,92.0,11.0,0.0,1.0,0.0,0.0,1,99,40__40
207,2017,40.0,40.0,1.5516,estimate_normalized,True,110.91,110.91329,6.875,3.55,244.935,425.663535,5.4125,412.5,42.0,0.373047619047619,0.659,0.127,0.1967720402589362,0.18425,0.61225,0.6532500000000001,0.008822297603969,0.625,14.69141304347826,34.9,0.0,950.91,870.15,18.0,0.0,92.0,0.0,4.0,62.0,15.668,173.0,0.532,14.0,92.0,11.0,0.0,1.0,0.0,0.0,1,99,40__40
208,2017,40.0,40.0,2.0779,estimate_normalized,True,130.0,128.21593,6.8,3.916,202.758,706.31834,5.7,504.0,42.0,0.359,0.589,0.089,0.1295925850318531,0.2375,0.43625,0.57375,0.0059668264250179,0.589,14.69141304347826,34.9,0.0,950.91,870.15,18.0,0.0,92.0,0.0,4.0,62.0,15.078,182.0,0.5,4.0,92.0,11.0,0.0,1.0,0.0,0.0,1,99,40__40
209,2017,44.0,40.0,2.22,productivity_normalized,True,301.65,301.6502,7.042857142857143,3.5357142857142856,171.9557142857143,277.5815457142857,7.35,437.1428571428572,43.0,0.3300930232558139,0.581,0.183,0.1261008850370963,0.2295,0.432,0.578,0.0055592070246928,0.581,14.69141304347826,34.9,0.0,950.91,870.15,18.0,0.0,92.0,0.0,4.0,62.0,14.193999999999999,178.0,0.39799999999999996,6.0,92.0,11.0,0.0,1.0,0.0,0.0,1,99,40__44
210,2017,44.0,40.0,2.002,productivity_normalized,True,247.0,245.92428,7.2125,3.72,230.06625,480.10587375,9.455,423.75,44.0,0.4751136363636364,0.691,0.192,0.1733332596617241,0.29425,0.6565000000000001,0.6844999999999999,0.0080979188775462,0.649,14.69141304347826,34.9,0.0,950.91,870.15,18.0,0.0,92.0,0.0,4.0,62.0,20.905,165.0,0.49899999999999994,23.0,92.0,11.0,0.0,1.0,0.0,0.0,1,99,40__44
211,2017,44.0,,2.4379999999999997,productivity_normalized,True,93.0,92.55,6.245,4.8,25.325,403.5,,342.0,40.0,0.43755,0.603,0.185,0.137071505062139,0.3037499999999999,0.52825,0.5974999999999999,0.006442120878595,0.577,14.69141304347826,34.9,0.0,950.91,870.15,18.0,0.0,92.0,0.0,4.0,62.0,17.502,178.0,0.418,22.0,92.0,11.0,0.0,1.0,0.0,0.0,99,99,-1__44
212,2017,40.0,40.0,1.6862,estimate_normalized,True,136.0,134.83369,7.140000000000001,3.766,232.258,464.594502,5.536,432.0,43.0,0.3138837209302325,0.566,0.182,0.0927369897606969,0.2485,0.3725,0.50825,0.004150626703143,0.566,14.69141304347826,34.9,0.0,950.91,870.15,18.0,0.0,92.0,0.0,4.0,62.0,13.497,182.0,0.38399999999999995,2.0,92.0,11.0,0.0,1.0,0.0,0.0,1,99,40__40
213,2017,40.0,40.0,2.4459,estimate_normalized,True,14.0,16.53751,7.2,3.39,148.5,272.23874,13.42,420.0,40.0,0.4300499999999999,0.645,0.169,0.1531190631502165,0.29725,0.5842499999999999,0.64125,0.0072065231864658,0.645,14.69141304347826,34.9,0.0,950.91,870.15,18.0,0.0,92.0,0.0,4.0,62.0,17.201999999999998,182.0,0.476,15.0,92.0,11.0,0.0,1.0,0.0,0.0,1,99,40__40
214,2017,40.0,40.0,2.4927,estimate_normalized,True,9.0,10.99122,7.1,3.67,236.12,399.02591,8.82,420.0,40.0,0.445575,0.663,0.174,0.1577974789881004,0.30625,0.60175,0.6505000000000001,0.0074295856080621,0.646,14.69141304347826,34.9,0.0,950.91,870.15,18.0,0.0,92.0,0.0,4.0,62.0,17.823,177.0,0.48900000000000005,15.0,92.0,11.0,0.0,1.0,0.0,0.0,1,99,40__40
215,2017,20.0,40.0,3.08,productivity_normalized,False,79.0,78.14849,6.666666666666667,3.776666666666667,192.12,392.99891,12.116666666666667,430.0,38.0,0.4183947368421053,0.677,0.157,0.1624376057499397,0.27075,0.551,0.674,0.0080416433122576,0.677,14.69141304347826,34.9,0.0,950.91,870.15,18.0,0.0,92.0,0.0,4.0,62.0,15.899000000000003,182.0,0.52,11.0,92.0,11.0,0.0,1.0,0.0,0.0,1,99,40__20
216,2017,20.0,40.0,2.26,productivity_normalized,False,37.0,37.51924,6.4,3.71,242.68,688.96085,7.64,540.0,36.0,0.5152777777777778,0.741,0.199,0.1755998625523239,0.387,0.6815,0.7403333333333334,0.0090447593858992,0.739,14.69141304347826,34.9,0.0,950.91,870.15,18.0,0.0,92.0,0.0,4.0,62.0,18.55,172.0,0.542,21.0,92.0,11.0,0.0,1.0,0.0,0.0,1,99,40__20
217,2017,20.0,40.0,0.8960000000000001,productivity_normalized,True,408.0,408.48131,6.94,3.484666666666667,201.10266666666664,313.7409,4.662000000000001,472.0,42.0,0.3016666666666666,0.527,0.159,0.0857417680809697,0.2305,0.35075,0.4495,0.0032448967333226,0.527,14.69141304347826,34.9,0.0,950.91,870.15,18.0,0.0,92.0,0.0,4.0,62.0,12.669999999999998,182.0,0.368,1.0,92.0,11.0,0.0,1.0,0.0,0.0,1,99,40__20
218,2017,40.0,40.0,1.2974,estimate_normalized,True,39.0,39.30376,7.2,3.87,198.74,289.9543,4.86,390.0,40.0,0.384175,0.499,0.209,0.08210721268561,0.3505,0.4545,0.495,0.0024954793563741,0.471,14.69141304347826,34.9,0.0,950.91,870.15,18.0,0.0,92.0,0.0,4.0,62.0,15.366999999999999,149.0,0.29000000000000004,0.0,92.0,11.0,0.0,1.0,0.0,0.0,1,99,40__40
219,2017,44.0,40.0,1.873,productivity_normalized,True,210.0,209.86423,6.8,3.69625,212.37625,656.214605,8.491249999999999,446.25,41.0,0.4944146341463414,0.705,0.19,0.1881080353322884,0.271,0.672,0.6984999999999999,0.0084719876169595,0.672,14.69141304347826,34.9,0.0,950.91,870.15,18.0,0.0,92.0,0.0,4.0,62.0,20.270999999999997,165.0,0.5149999999999999,24.0,92.0,11.0,0.0,1.0,0.0,0.0,1,99,40__44
220,2017,20.0,40.0,1.93,productivity_normalized,False,25.0,24.0006,7.3,3.74,197.06,380.11444,6.0,420.0,37.0,0.47,0.575,0.274,0.0960610729157744,0.42,0.55,0.571,0.004064832304038,0.569,14.69141304347826,34.9,0.0,950.91,870.15,18.0,0.0,92.0,0.0,4.0,62.0,17.39,149.0,0.30099999999999993,24.0,92.0,11.0,0.0,1.0,0.0,0.0,1,99,40__20
221,2017,20.0,,1.06,productivity_normalized,False,8.0,8.18,,,,,,,36.0,0.5214166666666666,0.728,0.177,0.172286804647238,0.43775,0.65625,0.725,0.008753837075751,0.727,14.69141304347826,34.9,0.0,950.91,870.15,18.0,0.0,92.0,0.0,4.0,62.0,18.771,178.0,0.5509999999999999,22.0,92.0,11.0,0.0,1.0,0.0,0.0,99,99,-1__20
222,2017,20.0,40.0,1.664,productivity_normalized,True,62.0,62.12991,6.9,3.725,206.315,278.80506,4.845,420.0,41.0,0.3090731707317073,0.446,0.186,0.0733878405040569,0.251,0.355,0.4262499999999999,0.0034685444319591,0.446,14.69141304347826,34.9,0.0,950.91,870.15,18.0,0.0,92.0,0.0,4.0,62.0,12.672,182.0,0.26,0.0,92.0,11.0,0.0,1.0,0.0,0.0,1,99,40__20
223,2017,20.0,40.0,1.995,productivity_normalized,True,70.0,70.93112,6.433333333333334,3.6633333333333336,175.33333333333334,560.82853,6.72,430.0,40.0,0.323575,0.49,0.161,0.0877530305744479,0.25775,0.37075,0.47425,0.004132386418615,0.463,14.69141304347826,34.9,0.0,950.91,870.15,18.0,0.0,92.0,0.0,4.0,62.0,12.943,173.0,0.32899999999999996,0.0,92.0,11.0,0.0,1.0,0.0,0.0,1,99,40__20
224,2017,20.0,40.0,0.6639999999999999,productivity_normalized,True,104.0,106.08424,6.5,3.808,191.728,598.903534,18.618,516.0,38.0,0.4207631578947368,0.606,0.187,0.1335356120864051,0.31525,0.53625,0.605,0.0064333300008641,0.604,14.69141304347826,34.9,0.0,950.91,870.15,18.0,0.0,92.0,0.0,4.0,62.0,15.988999999999999,175.0,0.419,11.0,92.0,11.0,0.0,1.0,0.0,0.0,1,99,40__20
225,2017,20.0,,0.6639999999999999,productivity_normalized,True,4.0,4.03,,,,,,,38.0,0.5815526315789473,0.759,0.22,0.1813568302035957,0.46575,0.728,0.7546666666666666,0.007867452830987,0.628,14.69141304347826,34.9,0.0,950.91,870.15,18.0,0.0,92.0,0.0,4.0,62.0,22.099,172.0,0.539,28.0,92.0,11.0,0.0,1.0,0.0,0.0,99,99,-1__20
226,2017,40.0,40.0,2.629,estimate_normalized,True,40.0,41.00801,7.2,3.79,218.81,806.48818,8.56,420.0,39.0,0.4865641025641025,0.693,0.181,0.1663847556613955,0.3735,0.648,0.6893333333333334,0.0079624569700581,0.673,14.69141304347826,34.9,0.0,950.91,870.15,18.0,0.0,92.0,0.0,4.0,62.0,18.976,173.0,0.512,18.0,92.0,11.0,0.0,1.0,0.0,0.0,1,99,40__40
227,2017,40.0,40.0,1.7968,estimate_normalized,True,346.0,348.50924,6.953846153846154,3.8015384615384615,195.0484615384616,763.0697146153847,10.056153846153848,475.38461538461536,45.0,0.4075333333333332,0.714,0.174,0.212187087260276,0.214,0.67,0.7134999999999999,0.0095405931537918,0.714,15.165652173913044,36.4,0.0,976.35,894.25,23.0,3.0,92.0,0.0,7.0,62.0,18.338999999999995,177.0,0.54,15.0,92.0,11.0,0.0,1.0,0.0,0.0,1,99,40__40
228,2017,40.0,40.0,3.34,productivity_normalized,True,59.0,55.06353,6.699999999999999,3.515,179.82,438.82045,7.755,420.0,38.0,0.4201315789473684,0.753,0.198,0.1883838705595057,0.24175,0.62075,0.727,0.008441617121772,0.753,14.69141304347826,34.9,0.0,950.91,870.15,18.0,0.0,92.0,0.0,4.0,62.0,15.965000000000002,182.0,0.5549999999999999,14.0,92.0,11.0,0.0,1.0,0.0,0.0,1,99,40__40
229,2017,40.0,40.0,3.34,productivity_normalized,True,12.0,9.82891,6.4,2.36,225.3,220.85171,12.11,480.0,41.0,0.4253170731707317,0.671,0.081,0.1960929892683932,0.266,0.594,0.65875,0.0091433784774579,0.612,14.69141304347826,34.9,0.0,950.91,870.15,18.0,0.0,92.0,0.0,4.0,62.0,17.438,173.0,0.5900000000000001,20.0,92.0,11.0,0.0,1.0,0.0,0.0,1,99,40__40
230,2017,40.0,40.0,2.8902,estimate_normalized,True,223.0,222.45567,7.1000000000000005,3.73,184.71,792.107215,3.6633333333333336,445.0,43.0,0.3518372093023256,0.734,0.17,0.1520709641922202,0.2339999999999999,0.449,0.679,0.0066213346002046,0.734,14.69141304347826,34.9,0.0,950.91,870.15,18.0,0.0,92.0,0.0,4.0,62.0,15.129,182.0,0.564,8.0,92.0,11.0,0.0,1.0,0.0,0.0,1,99,40__40
231,2017,43.0,40.0,1.95,productivity_normalized,True,235.0,231.50464,7.2625,3.685,204.0575,646.09227125,9.26,453.75,44.0,0.3629545454545454,0.62,0.181,0.1523631956491782,0.2314999999999999,0.5387500000000001,0.61475,0.0068160566416387,0.615,14.69141304347826,34.9,0.0,950.91,870.15,18.0,0.0,92.0,0.0,4.0,62.0,15.969999999999999,178.0,0.439,13.0,92.0,11.0,0.0,1.0,0.0,0.0,1,99,40__43
232,2017,43.0,40.0,1.95,productivity_normalized,True,296.0,296.88138,6.609090909090909,3.7290909090909095,211.9754545454545,649.4797309090909,7.533636363636364,452.7272727272728,42.0,0.3451190476190476,0.682,0.165,0.1625325172419283,0.21625,0.50275,0.654,0.0071449017502429,0.682,14.69141304347826,34.9,0.0,950.91,870.15,18.0,0.0,92.0,0.0,4.0,62.0,14.495000000000001,182.0,0.517,11.0,92.0,11.0,0.0,1.0,0.0,0.0,1,99,40__43
233,2017,40.0,40.0,2.0928,estimate_normalized,True,39.0,38.82,6.7,3.57,211.75,698.55237,6.06,510.0,39.0,0.4088461538461538,0.562,0.168,0.1100772545641768,0.3335,0.4645,0.5563333333333335,0.0045784103360116,0.562,14.69141304347826,34.9,0.0,950.91,870.15,18.0,0.0,92.0,0.0,4.0,62.0,15.945,182.0,0.394,6.0,92.0,11.0,0.0,1.0,0.0,0.0,1,99,40__40
234,2017,40.0,40.0,2.7084,estimate_normalized,True,35.0,36.18,6.5,3.73,181.31,492.74302,14.32,480.0,39.0,0.4766153846153845,0.682,0.191,0.157576943417008,0.365,0.6005,0.6786666666666666,0.0076080503866004,0.682,14.69141304347826,34.9,0.0,950.91,870.15,18.0,0.0,92.0,0.0,4.0,62.0,18.587999999999997,182.0,0.49100000000000005,22.0,92.0,11.0,0.0,1.0,0.0,0.0,1,99,40__40
195,2018,40.0,40.0,2.9440999999999997,estimate_normalized,True,123.0,122.42127,6.9,3.6425,225.2,499.4803025,7.5175,427.5,25.0,0.26968,0.446,0.152,0.086864363233722,0.209,0.331,0.4435,0.0043350536008093,0.446,12.307391304347826,35.6,176.3,726.63,652.75,17.0,2.0,64.0,140.3,2.0,39.0,6.742,174.0,0.29400000000000004,0.0,11.0,4.0,0.0,0.0,0.0,0.0,1,99,40__40
197,2018,40.0,40.0,3.0602,estimate_normalized,True,343.0,343.71311,6.976923076923077,3.579230769230769,216.96,502.5284007692308,4.591538461538462,454.61538461538464,28.0,0.3062499999999999,0.605,0.168,0.1083801592939013,0.24225,0.37275,0.5845,0.0049933550690886,0.605,12.307391304347826,35.6,176.3,726.63,652.75,17.0,2.0,64.0,140.3,2.0,39.0,8.575,180.0,0.43699999999999994,2.0,11.0,4.0,0.0,0.0,0.0,0.0,1,99,40__40
207,2018,40.0,40.0,3.496,productivity_normalized,True,110.91,110.91329,6.875,3.55,244.935,425.663535,5.4125,412.5,28.0,0.2811071428571429,0.623,0.164,0.1226153507302159,0.18425,0.3512499999999999,0.605,0.0050885314433044,0.623,12.307391304347826,35.6,176.3,726.63,652.75,17.0,2.0,64.0,140.3,2.0,39.0,7.871,180.0,0.45899999999999996,2.0,11.0,4.0,0.0,0.0,0.0,0.0,1,99,40__40
208,2018,40.0,40.0,1.6354,estimate_normalized,True,130.0,128.21593,6.8,3.916,202.758,706.31834,5.7,504.0,31.0,0.3597096774193549,0.478,0.174,0.068707042202987,0.3195,0.4045,0.4673333333333334,0.0037851856009316,0.39,12.307391304347826,35.6,176.3,726.63,652.75,17.0,2.0,64.0,140.3,2.0,39.0,11.151000000000002,170.0,0.304,0.0,11.0,4.0,0.0,0.0,0.0,0.0,1,99,40__40
209,2018,40.0,44.0,1.7399999999999998,productivity_normalized,True,301.65,301.6502,7.042857142857143,3.5357142857142856,171.9557142857143,277.5815457142857,7.35,437.1428571428572,32.0,0.35240625,0.632,0.168,0.1333540539726389,0.2375,0.46425,0.6083333333333334,0.0065424756541982,0.632,12.307391304347826,35.6,176.3,726.63,652.75,17.0,2.0,64.0,140.3,2.0,39.0,11.277000000000001,180.0,0.46399999999999997,7.0,11.0,4.0,0.0,0.0,0.0,0.0,2,1,44__40
210,2018,21.0,44.0,0.978,productivity_normalized,True,247.0,245.92428,7.2125,3.72,230.06625,480.10587375,9.455,423.75,33.0,0.3169696969696969,0.504,0.177,0.0860611075529562,0.254,0.373,0.4693333333333333,0.0045103453778234,0.504,12.307391304347826,35.6,176.3,726.63,652.75,17.0,2.0,64.0,140.3,2.0,39.0,10.459999999999999,180.0,0.327,1.0,11.0,4.0,0.0,0.0,0.0,0.0,2,1,44__21
212,2018,40.0,40.0,1.3272,estimate_normalized,True,136.0,134.83369,7.140000000000001,3.766,232.258,464.594502,5.536,432.0,30.0,0.3094,0.448,0.175,0.0827339511123859,0.243,0.396,0.436,0.0035952096840664,0.39,12.307391304347826,35.6,176.3,726.63,652.75,17.0,2.0,64.0,140.3,2.0,39.0,9.282,170.0,0.273,0.0,11.0,4.0,0.0,0.0,0.0,0.0,1,99,40__40
213,2018,40.0,40.0,2.6765,estimate_normalized,True,14.0,16.53751,7.2,3.39,148.5,272.23874,13.42,420.0,29.0,0.3821724137931034,0.602,0.192,0.1071631270107648,0.294,0.466,0.583,0.0057270695064326,0.602,12.307391304347826,35.6,176.3,726.63,652.75,17.0,2.0,64.0,140.3,2.0,39.0,11.083,180.0,0.41,4.0,11.0,4.0,0.0,0.0,0.0,0.0,1,99,40__40
214,2018,40.0,40.0,2.665,estimate_normalized,True,9.0,10.99122,7.1,3.67,236.12,399.02591,8.82,420.0,29.0,0.3800344827586208,0.591,0.189,0.1023285724613308,0.303,0.454,0.5720000000000001,0.0055029137663899,0.591,12.307391304347826,35.6,176.3,726.63,652.75,17.0,2.0,64.0,140.3,2.0,39.0,11.021000000000003,180.0,0.40199999999999997,3.0,11.0,4.0,0.0,0.0,0.0,0.0,1,99,40__40
215,2018,40.0,20.0,2.353,estimate_normalized,True,79.0,78.14849,6.666666666666667,3.776666666666667,192.12,392.99891,12.116666666666667,430.0,26.0,0.3890384615384615,0.495,0.188,0.0896031767848709,0.316,0.46575,0.493,0.0051181936231524,0.495,12.307391304347826,35.6,176.3,726.63,652.75,17.0,2.0,64.0,140.3,2.0,39.0,10.114999999999998,178.0,0.307,0.0,11.0,4.0,0.0,0.0,0.0,0.0,2,99,20__40
216,2018,40.0,20.0,2.1175,estimate_normalized,True,37.0,37.51924,6.4,3.71,242.68,688.96085,7.64,540.0,25.0,0.46896,0.606,0.19,0.122690661421316,0.359,0.564,0.6054999999999999,0.0069464554889223,0.597,12.307391304347826,35.6,176.3,726.63,652.75,17.0,2.0,64.0,140.3,2.0,39.0,11.724,170.0,0.416,15.0,11.0,4.0,0.0,0.0,0.0,0.0,2,99,20__40
217,2018,40.0,20.0,1.1881,estimate_normalized,True,408.0,408.48131,6.94,3.484666666666667,201.10266666666664,313.7409,4.662000000000001,472.0,32.0,0.411,0.585,0.166,0.1501547118807798,0.2455,0.554,0.5833333333333334,0.0062652668946522,0.485,12.307391304347826,35.6,176.3,726.63,652.75,17.0,2.0,64.0,140.3,2.0,39.0,13.152000000000001,167.0,0.41899999999999993,12.0,11.0,4.0,0.0,0.0,0.0,0.0,2,99,20__40
218,2018,40.0,40.0,1.6403,estimate_normalized,True,39.0,39.30376,7.2,3.87,198.74,289.9543,4.86,390.0,27.0,0.3158518518518519,0.367,0.181,0.0395078086081104,0.299,0.339,0.367,0.0020154454100446,0.362,12.307391304347826,35.6,176.3,726.63,652.75,17.0,2.0,64.0,140.3,2.0,39.0,8.528,170.0,0.186,0.0,11.0,4.0,0.0,0.0,0.0,0.0,1,99,40__40
219,2018,40.0,44.0,1.8597,estimate_normalized,True,210.0,209.86423,6.8,3.69625,212.37625,656.214605,8.491249999999999,446.25,31.0,0.2984516129032258,0.389,0.175,0.0555731652054022,0.2665,0.353,0.385,0.0028592997856073,0.379,12.307391304347826,35.6,176.3,726.63,652.75,17.0,2.0,64.0,140.3,2.0,39.0,9.252,170.0,0.21400000000000002,0.0,11.0,4.0,0.0,0.0,0.0,0.0,2,1,44__40
220,2018,40.0,20.0,1.9640999999999995,estimate_normalized,True,25.0,24.0006,7.3,3.74,197.06,380.11444,6.0,420.0,29.0,0.4373103448275862,0.623,0.196,0.1141970781220133,0.373,0.522,0.6165,0.0057017623056949,0.501,12.307391304347826,35.6,176.3,726.63,652.75,17.0,2.0,64.0,140.3,2.0,39.0,12.681999999999999,172.0,0.427,9.0,11.0,4.0,0.0,0.0,0.0,0.0,2,99,20__40
222,2018,40.0,20.0,2.0337,estimate_normalized,True,62.0,62.12991,6.9,3.725,206.315,278.80506,4.845,420.0,29.0,0.2668965517241379,0.395,0.154,0.0581717699206032,0.244,0.287,0.39,0.0025166508719821,0.372,12.307391304347826,35.6,176.3,726.63,652.75,17.0,2.0,64.0,140.3,2.0,39.0,7.739999999999998,170.0,0.24100000000000002,0.0,11.0,4.0,0.0,0.0,0.0,0.0,2,99,20__40
223,2018,40.0,20.0,1.5562,estimate_normalized,True,70.0,70.93112,6.433333333333334,3.6633333333333336,175.33333333333334,560.82853,6.72,430.0,32.0,0.2978437499999999,0.473,0.165,0.0942831869207734,0.231,0.363,0.4633333333333334,0.0039769043259193,0.473,12.307391304347826,35.6,176.3,726.63,652.75,17.0,2.0,64.0,140.3,2.0,39.0,9.530999999999999,180.0,0.30799999999999994,0.0,11.0,4.0,0.0,0.0,0.0,0.0,2,99,20__40
224,2018,40.0,20.0,2.1925,estimate_normalized,True,104.0,106.08424,6.5,3.808,191.728,598.903534,18.618,516.0,26.0,0.3717692307692307,0.517,0.173,0.0941505781232741,0.31725,0.41525,0.513,0.0048747712183742,0.517,12.307391304347826,35.6,176.3,726.63,652.75,17.0,2.0,64.0,140.3,2.0,39.0,9.665999999999999,178.0,0.34400000000000003,4.0,11.0,4.0,0.0,0.0,0.0,0.0,2,99,20__40
226,2018,40.0,40.0,2.0143,estimate_normalized,True,40.0,41.00801,7.2,3.79,218.81,806.48818,8.56,420.0,23.0,0.4190869565217391,0.525,0.184,0.0911233817383491,0.363,0.472,0.524,0.0051391611918679,0.525,12.307391304347826,35.6,176.3,726.63,652.75,17.0,2.0,64.0,140.3,2.0,39.0,9.639000000000001,174.0,0.341,3.0,11.0,4.0,0.0,0.0,0.0,0.0,1,99,40__40
227,2018,40.0,40.0,2.613,productivity_normalized,True,346.0,348.50924,6.953846153846154,3.8015384615384615,195.0484615384616,763.0697146153847,10.056153846153848,475.38461538461536,33.0,0.2918787878787878,0.59,0.172,0.104226372971399,0.223,0.349,0.528,0.004391894998161,0.59,13.097391304347829,36.7,117.3,787.16,709.06,19.0,3.0,64.0,104.3,1.0,39.0,9.632,180.0,0.418,2.0,11.0,6.0,0.0,1.0,0.0,0.0,1,99,40__40
228,2018,16.0,40.0,3.312,productivity_normalized,True,59.0,55.06353,6.699999999999999,3.515,179.82,438.82045,7.755,420.0,27.0,0.3284444444444445,0.455,0.184,0.0712992303388583,0.286,0.3775,0.4535,0.0038736586731361,0.455,12.307391304347826,35.6,176.3,726.63,652.75,17.0,2.0,64.0,140.3,2.0,39.0,8.868,178.0,0.271,0.0,11.0,4.0,0.0,0.0,0.0,0.0,1,99,40__16
229,2018,16.0,40.0,3.312,productivity_normalized,True,12.0,9.82891,6.4,2.36,225.3,220.85171,12.11,480.0,23.0,0.3654347826086956,0.494,0.075,0.1053374808751692,0.318,0.4489999999999999,0.494,0.0055130303131505,0.486,12.307391304347826,35.6,176.3,726.63,652.75,17.0,2.0,64.0,140.3,2.0,39.0,8.405,170.0,0.419,0.0,11.0,4.0,0.0,0.0,0.0,0.0,1,99,40__16
230,2018,40.0,40.0,1.6839,estimate_normalized,True,223.0,222.45567,7.1000000000000005,3.73,184.71,792.107215,3.6633333333333336,445.0,32.0,0.3949375,0.653,0.152,0.166231942158389,0.24825,0.55775,0.6513333333333334,0.0085784475174265,0.63,12.307391304347826,35.6,176.3,726.63,652.75,17.0,2.0,64.0,140.3,2.0,39.0,12.638,173.0,0.501,10.0,11.0,4.0,0.0,0.0,0.0,0.0,1,99,40__40
231,2018,36.0,43.0,0.93,productivity_normalized,True,235.0,231.50464,7.2625,3.685,204.0575,646.09227125,9.26,453.75,30.0,0.3266,0.544,0.158,0.1249289398017929,0.22,0.4345,0.5396666666666667,0.0059569546091241,0.527,12.307391304347826,35.6,176.3,726.63,652.75,17.0,2.0,64.0,140.3,2.0,39.0,9.798,174.0,0.386,6.0,11.0,4.0,0.0,0.0,0.0,0.0,2,1,43__36
232,2018,36.0,43.0,0.9,productivity_normalized,True,296.0,296.88138,6.609090909090909,3.7290909090909095,211.9754545454545,649.4797309090909,7.533636363636364,452.7272727272728,29.0,0.3715517241379309,0.615,0.161,0.1706663585634357,0.202,0.571,0.6145,0.0081699088125258,0.601,12.307391304347826,35.6,176.3,726.63,652.75,17.0,2.0,64.0,140.3,2.0,39.0,10.774999999999999,172.0,0.45399999999999996,10.0,11.0,4.0,0.0,0.0,0.0,0.0,2,1,43__36
233,2018,40.0,40.0,1.9316,estimate_normalized,True,39.0,38.82,6.7,3.57,211.75,698.55237,6.06,510.0,24.0,0.410625,0.541,0.193,0.0848978859670055,0.367,0.45925,0.537,0.0044928134149587,0.541,12.307391304347826,35.6,176.3,726.63,652.75,17.0,2.0,64.0,140.3,2.0,39.0,9.855,178.0,0.34800000000000003,4.0,11.0,4.0,0.0,0.0,0.0,0.0,1,99,40__40
234,2018,40.0,40.0,2.1424,estimate_normalized,True,35.0,36.18,6.5,3.73,181.31,492.74302,14.32,480.0,25.0,0.4804,0.648,0.2,0.1213256774141401,0.407,0.58,0.6455,0.0067822866624011,0.639,12.307391304347826,35.6,176.3,726.63,652.75,17.0,2.0,64.0,140.3,2.0,39.0,12.01,174.0,0.448,9.0,11.0,4.0,0.0,0.0,0.0,0.0,1,99,40__40
195,2019,43.0,40.0,2.9511,estimate_normalized,True,123.0,122.42127,6.9,3.6425,225.2,499.4803025,7.5175,427.5,38.0,0.3846578947368421,0.726,0.171,0.2216299994319348,0.18725,0.6234999999999999,0.7133333333333333,0.0079786968282401,0.726,12.186630434782607,31.6,84.9,701.4,623.51,5.0,0.0,73.0,45.5,3.0,52.0,14.617,182.0,0.5549999999999999,14.0,15.0,1.0,0.0,0.0,0.0,0.0,1,99,40__43
197,2019,43.0,40.0,3.3518,estimate_normalized,True,343.0,343.71311,6.976923076923077,3.579230769230769,216.96,502.5284007692308,4.591538461538462,454.61538461538464,40.0,0.3860249999999999,0.753,0.151,0.2420007735008299,0.179,0.6625000000000001,0.7505000000000001,0.008737933376075,0.749,12.186630434782607,31.6,84.9,701.4,623.51,5.0,0.0,73.0,45.5,3.0,52.0,15.440999999999999,179.0,0.602,15.0,15.0,1.0,0.0,0.0,0.0,0.0,1,99,40__43
207,2019,43.0,40.0,3.5799999999999996,productivity_normalized,True,110.91,110.91329,6.875,3.55,244.935,425.663535,5.4125,412.5,40.0,0.35245,0.713,0.167,0.2184943877997785,0.174,0.5925,0.69725,0.0077942971529488,0.713,12.186630434782607,31.6,84.9,701.4,623.51,5.0,0.0,73.0,45.5,3.0,52.0,14.097999999999999,182.0,0.5459999999999999,13.0,15.0,1.0,0.0,0.0,0.0,0.0,1,99,40__43
208,2019,40.0,40.0,2.133,productivity_normalized,True,130.0,128.21593,6.8,3.916,202.758,706.31834,5.7,504.0,38.0,0.3562631578947369,0.64,0.158,0.1833461902652044,0.1955,0.568,0.636,0.0066116371207374,0.63,12.186630434782607,31.6,84.9,701.4,623.51,5.0,0.0,73.0,45.5,3.0,52.0,13.538000000000002,179.0,0.482,13.0,15.0,1.0,0.0,0.0,0.0,0.0,1,99,40__40
209,2019,20.0,40.0,1.4083,estimate_normalized,True,301.65,301.6502,7.042857142857143,3.5357142857142856,171.9557142857143,277.5815457142857,7.35,437.1428571428572,42.0,0.3293571428571428,0.644,0.153,0.1823357475371518,0.186,0.52075,0.6415000000000001,0.0065542168358853,0.641,12.186630434782607,31.6,84.9,701.4,623.51,5.0,0.0,73.0,45.5,3.0,52.0,13.832999999999998,181.0,0.491,12.0,15.0,1.0,0.0,0.0,0.0,0.0,1,2,40__20
210,2019,40.0,21.0,1.965,productivity_normalized,True,247.0,245.92428,7.2125,3.72,230.06625,480.10587375,9.455,423.75,41.0,0.3488048780487804,0.673,0.168,0.1884586024946949,0.204,0.576,0.65525,0.0065434570781698,0.673,12.186630434782607,31.6,84.9,701.4,623.51,5.0,0.0,73.0,45.5,3.0,52.0,14.301,182.0,0.505,13.0,15.0,1.0,0.0,0.0,0.0,0.0,3,2,21__40
211,2019,40.0,,1.868,productivity_normalized,True,93.0,92.55,6.245,4.8,25.325,403.5,,342.0,36.0,0.3546944444444445,0.673,0.176,0.1812562365891699,0.197,0.51375,0.6643333333333333,0.0065688059665131,0.673,12.186630434782607,31.6,84.9,701.4,623.51,5.0,0.0,73.0,45.5,3.0,52.0,12.769000000000002,182.0,0.49700000000000005,12.0,15.0,1.0,0.0,0.0,0.0,0.0,99,2,-1__40
212,2019,40.0,40.0,2.478,estimate_normalized,True,136.0,134.83369,7.140000000000001,3.766,232.258,464.594502,5.536,432.0,33.0,0.3457272727272727,0.636,0.193,0.160262147504846,0.214,0.503,0.617,0.0058365202919404,0.636,12.186630434782607,31.6,84.9,701.4,623.51,5.0,0.0,73.0,45.5,3.0,52.0,11.408999999999999,182.0,0.443,9.0,15.0,1.0,0.0,0.0,0.0,0.0,1,99,40__40
213,2019,20.0,40.0,1.9759,estimate_normalized,True,14.0,16.53751,7.2,3.39,148.5,272.23874,13.42,420.0,35.0,0.3723428571428571,0.648,0.168,0.1844330219668829,0.206,0.5814999999999999,0.645,0.0066011758863203,0.648,12.186630434782607,31.6,84.9,701.4,623.51,5.0,0.0,73.0,45.5,3.0,52.0,13.032,182.0,0.48,13.0,15.0,1.0,0.0,0.0,0.0,0.0,1,99,40__20
214,2019,40.0,40.0,2.1573,estimate_normalized,True,9.0,10.99122,7.1,3.67,236.12,399.02591,8.82,420.0,35.0,0.3726571428571429,0.653,0.167,0.1852920386628544,0.2065,0.58,0.6483333333333333,0.0066399208599669,0.653,12.186630434782607,31.6,84.9,701.4,623.51,5.0,0.0,73.0,45.5,3.0,52.0,13.043000000000003,182.0,0.486,13.0,15.0,1.0,0.0,0.0,0.0,0.0,1,99,40__40
215,2019,40.0,40.0,1.672,productivity_normalized,True,79.0,78.14849,6.666666666666667,3.776666666666667,192.12,392.99891,12.116666666666667,430.0,34.0,0.3046176470588235,0.58,0.146,0.1442187910384126,0.1945,0.4347499999999999,0.5513333333333333,0.0052758584947156,0.58,12.186630434782607,31.6,84.9,701.4,623.51,5.0,0.0,73.0,45.5,3.0,52.0,10.357000000000001,182.0,0.43399999999999994,7.0,15.0,1.0,0.0,0.0,0.0,0.0,1,99,40__40
216,2019,40.0,40.0,1.95,productivity_normalized,True,37.0,37.51924,6.4,3.71,242.68,688.96085,7.64,540.0,31.0,0.4372903225806451,0.719,0.168,0.2092510752349739,0.2425,0.6775,0.7006666666666667,0.0083441677338392,0.679,12.186630434782607,31.6,84.9,701.4,623.51,5.0,0.0,73.0,45.5,3.0,52.0,13.555999999999997,164.0,0.5509999999999999,13.0,15.0,1.0,0.0,0.0,0.0,0.0,1,99,40__40
217,2019,40.0,40.0,1.962,productivity_normalized,True,408.0,408.48131,6.94,3.484666666666667,201.10266666666664,313.7409,4.662000000000001,472.0,40.0,0.3409,0.645,0.165,0.1872025373759661,0.201,0.61425,0.6345000000000001,0.006514840285269,0.645,12.186630434782607,31.6,84.9,701.4,623.51,5.0,0.0,73.0,45.5,3.0,52.0,13.636,182.0,0.48,12.0,15.0,1.0,0.0,0.0,0.0,0.0,1,99,40__40
218,2019,40.0,40.0,1.7299,estimate_normalized,True,39.0,39.30376,7.2,3.87,198.74,289.9543,4.86,390.0,30.0,0.3469666666666667,0.626,0.147,0.1462330294047445,0.21875,0.49775,0.592,0.0056526823902329,0.626,12.186630434782607,31.6,84.9,701.4,623.51,5.0,0.0,73.0,45.5,3.0,52.0,10.409,182.0,0.479,8.0,15.0,1.0,0.0,0.0,0.0,0.0,1,99,40__40
219,2019,40.0,40.0,2.273,productivity_normalized,True,210.0,209.86423,6.8,3.69625,212.37625,656.214605,8.491249999999999,446.25,36.0,0.3019722222222222,0.554,0.163,0.147234409872887,0.182,0.48,0.5336666666666667,0.0051116037238869,0.554,12.186630434782607,31.6,84.9,701.4,623.51,5.0,0.0,73.0,45.5,3.0,52.0,10.870999999999999,182.0,0.391,5.0,15.0,1.0,0.0,0.0,0.0,0.0,1,2,40__40
220,2019,40.0,40.0,2.7649999999999997,productivity_normalized,True,25.0,24.0006,7.3,3.74,197.06,380.11444,6.0,420.0,32.0,0.40475,0.655,0.171,0.1604910433637964,0.2635,0.5772499999999999,0.6423333333333333,0.006323036640092,0.655,12.186630434782607,31.6,84.9,701.4,623.51,5.0,0.0,73.0,45.5,3.0,52.0,12.952,182.0,0.484,12.0,15.0,1.0,0.0,0.0,0.0,0.0,1,99,40__40
221,2019,40.0,,1.982,productivity_normalized,True,8.0,8.18,,,,,,,31.0,0.4696451612903225,0.724,0.181,0.1953469285056381,0.2635,0.67,0.7200000000000001,0.0080808250191724,0.712,12.186630434782607,31.6,84.9,701.4,623.51,5.0,0.0,73.0,45.5,3.0,52.0,14.558999999999997,181.0,0.5429999999999999,14.0,15.0,1.0,0.0,0.0,0.0,0.0,99,99,-1__40
222,2019,40.0,40.0,2.648,productivity_normalized,True,62.0,62.12991,6.9,3.725,206.315,278.80506,4.845,420.0,34.0,0.3219411764705883,0.609,0.167,0.1602798914356255,0.19525,0.4975,0.5916666666666667,0.0058412032385792,0.609,12.186630434782607,31.6,84.9,701.4,623.51,5.0,0.0,73.0,45.5,3.0,52.0,10.946000000000002,182.0,0.44199999999999995,8.0,15.0,1.0,0.0,0.0,0.0,0.0,1,99,40__40
223,2019,40.0,40.0,2.651,productivity_normalized,True,70.0,70.93112,6.433333333333334,3.6633333333333336,175.33333333333334,560.82853,6.72,430.0,38.0,0.3144736842105263,0.648,0.122,0.1740666443518122,0.192,0.492,0.636,0.0061293155208646,0.648,12.186630434782607,31.6,84.9,701.4,623.51,5.0,0.0,73.0,45.5,3.0,52.0,11.950000000000001,182.0,0.526,10.0,15.0,1.0,0.0,0.0,0.0,0.0,1,99,40__40
224,2019,40.0,40.0,3.961,productivity_normalized,True,104.0,106.08424,6.5,3.808,191.728,598.903534,18.618,516.0,35.0,0.3640285714285714,0.644,0.159,0.185567929143294,0.2095,0.5794999999999999,0.6373333333333333,0.0066278113408263,0.644,12.186630434782607,31.6,84.9,701.4,623.51,5.0,0.0,73.0,45.5,3.0,52.0,12.741,182.0,0.485,13.0,15.0,1.0,0.0,0.0,0.0,0.0,1,99,40__40
225,2019,40.0,,3.961,productivity_normalized,True,4.0,4.03,,,,,,,31.0,0.4390322580645162,0.702,0.144,0.1995497324819324,0.2545,0.6625000000000001,0.6973333333333332,0.0074443158890478,0.689,12.186630434782607,31.6,84.9,701.4,623.51,5.0,0.0,73.0,45.5,3.0,52.0,13.610000000000001,179.0,0.5579999999999999,11.0,15.0,1.0,0.0,0.0,0.0,0.0,99,99,-1__40
226,2019,40.0,40.0,2.9829999999999997,productivity_normalized,True,40.0,41.00801,7.2,3.79,218.81,806.48818,8.56,420.0,32.0,0.38121875,0.605,0.144,0.1678000548225104,0.25775,0.591,0.604,0.006321483393804,0.605,12.186630434782607,31.6,84.9,701.4,623.51,5.0,0.0,73.0,45.5,3.0,52.0,12.199000000000002,182.0,0.46099999999999997,11.0,15.0,1.0,0.0,0.0,0.0,0.0,1,99,40__40
227,2019,20.0,40.0,1.161,productivity_normalized,True,346.0,348.50924,6.953846153846154,3.8015384615384615,195.0484615384616,763.0697146153847,10.056153846153848,475.38461538461536,41.0,0.3090487804878049,0.621,0.144,0.1609849184300424,0.186,0.435,0.615,0.0058123563714982,0.62,12.511739130434782,29.9,254.9,720.66,641.37,0.0,0.0,60.0,123.2,0.0,46.0,12.671,181.0,0.477,7.0,13.0,0.0,12.0,0.0,0.0,0.0,1,99,40__20
228,2019,36.0,16.0,1.468,productivity_normalized,True,59.0,55.06353,6.699999999999999,3.515,179.82,438.82045,7.755,420.0,34.0,0.2682647058823529,0.469,0.185,0.0924768043487692,0.19275,0.3325,0.4486666666666667,0.0030838540829679,0.469,12.186630434782607,31.6,84.9,701.4,623.51,5.0,0.0,73.0,45.5,3.0,52.0,9.120999999999999,182.0,0.284,0.0,15.0,1.0,0.0,0.0,0.0,0.0,2,99,16__36
229,2019,36.0,16.0,1.468,productivity_normalized,True,12.0,9.82891,6.4,2.36,225.3,220.85171,12.11,480.0,34.0,0.2743529411764706,0.536,0.081,0.1643500357652999,0.1265,0.4205,0.5293333333333333,0.0059161315236873,0.536,12.186630434782607,31.6,84.9,701.4,623.51,5.0,0.0,73.0,45.5,3.0,52.0,9.328,182.0,0.455,8.0,15.0,1.0,0.0,0.0,0.0,0.0,2,99,16__36
230,2019,44.0,40.0,4.503,productivity_normalized,True,223.0,222.45567,7.1000000000000005,3.73,184.71,792.107215,3.6633333333333336,445.0,37.0,0.4681621621621621,0.761,0.163,0.2266713913341935,0.259,0.74,0.7600000000000001,0.0084294256985502,0.729,12.186630434782607,31.6,84.9,701.4,623.51,5.0,0.0,73.0,45.5,3.0,52.0,17.322,171.0,0.598,16.0,15.0,1.0,0.0,0.0,0.0,0.0,1,99,40__44
231,2019,44.0,36.0,4.303,productivity_normalized,True,235.0,231.50464,7.2625,3.685,204.0575,646.09227125,9.26,453.75,41.0,0.455780487804878,0.767,0.201,0.2252567653833765,0.237,0.739,0.76325,0.0082375038273775,0.746,12.186630434782607,31.6,84.9,701.4,623.51,5.0,0.0,73.0,45.5,3.0,52.0,18.687,178.0,0.5660000000000001,16.0,15.0,1.0,0.0,0.0,0.0,0.0,3,2,36__44
232,2019,44.0,36.0,3.404,productivity_normalized,True,296.0,296.88138,6.609090909090909,3.7290909090909095,211.9754545454545,649.4797309090909,7.533636363636364,452.7272727272728,39.0,0.4611025641025641,0.757,0.182,0.2237514411782029,0.246,0.7255,0.755,0.0083422919105584,0.727,12.186630434782607,31.6,84.9,701.4,623.51,5.0,0.0,73.0,45.5,3.0,52.0,17.983,178.0,0.575,16.0,15.0,1.0,0.0,0.0,0.0,0.0,3,2,36__44
233,2019,40.0,40.0,2.564,estimate_normalized,True,39.0,38.82,6.7,3.57,211.75,698.55237,6.06,510.0,35.0,0.4037714285714286,0.644,0.191,0.1758626226371491,0.2315,0.6134999999999999,0.63,0.0063429618469713,0.644,12.186630434782607,31.6,84.9,701.4,623.51,5.0,0.0,73.0,45.5,3.0,52.0,14.132000000000001,182.0,0.453,14.0,15.0,1.0,0.0,0.0,0.0,0.0,1,99,40__40
234,2019,33.0,40.0,0.6081000000000001,estimate_normalized,True,35.0,36.18,6.5,3.73,181.31,492.74302,14.32,480.0,32.0,0.40534375,0.687,0.181,0.1662531220336553,0.2685,0.5597500000000001,0.6793333333333335,0.0060958802544485,0.687,12.186630434782607,31.6,84.9,701.4,623.51,5.0,0.0,73.0,45.5,3.0,52.0,12.971,182.0,0.506,11.0,15.0,1.0,0.0,0.0,0.0,0.0,1,99,40__33
195,2020,20.0,43.0,1.4514,estimate_normalized,True,123.0,122.42127,6.9,3.6425,225.2,499.4803025,7.5175,427.5,37.0,0.2998918918918919,0.514,0.165,0.105102725498588,0.207,0.368,0.5013333333333333,0.005695959396277,0.514,15.357826086956525,35.2,33.0,963.76,880.16,22.0,1.0,80.0,12.5,12.0,58.0,11.096,181.0,0.349,1.0,30.0,5.0,0.0,0.0,0.0,0.0,2,1,43__20
197,2020,20.0,43.0,1.5651,estimate_normalized,True,343.0,343.71311,6.976923076923077,3.579230769230769,216.96,502.5284007692308,4.591538461538462,454.61538461538464,36.0,0.3186944444444444,0.553,0.164,0.1228259426642353,0.22,0.41625,0.5426666666666667,0.006654588117027,0.553,15.357826086956525,35.2,33.0,963.76,880.16,22.0,1.0,80.0,12.5,12.0,58.0,11.472999999999999,181.0,0.389,5.0,30.0,5.0,0.0,0.0,0.0,0.0,2,1,43__20
207,2020,20.0,43.0,4.38,productivity_normalized,False,110.91,110.91329,6.875,3.55,244.935,425.663535,5.4125,412.5,35.0,0.2989714285714286,0.525,0.159,0.1196324097784031,0.1975,0.3765,0.5113333333333333,0.0063228771630208,0.525,15.357826086956525,35.2,33.0,963.76,880.16,22.0,1.0,80.0,12.5,12.0,58.0,10.464,181.0,0.366,5.0,30.0,5.0,0.0,0.0,0.0,0.0,2,1,43__20
208,2020,43.0,40.0,5.05,productivity_normalized,False,130.0,128.21593,6.8,3.916,202.758,706.31834,5.7,504.0,33.0,0.3982727272727273,0.524,0.206,0.0895731536915997,0.341,0.473,0.5143333333333334,0.0050334755588535,0.496,15.357826086956525,35.2,33.0,963.76,880.16,22.0,1.0,80.0,12.5,12.0,58.0,13.143,177.0,0.31800000000000006,3.0,30.0,5.0,0.0,0.0,0.0,0.0,1,99,40__43
209,2020,16.0,20.0,5.78,productivity_normalized,False,301.65,301.6502,7.042857142857143,3.5357142857142856,171.9557142857143,277.5815457142857,7.35,437.1428571428572,41.0,0.3513170731707317,0.461,0.188,0.0870635985720307,0.266,0.44,0.454,0.0038397278390819,0.362,15.357826086956525,35.2,33.0,963.76,880.16,22.0,1.0,80.0,12.5,12.0,58.0,14.404000000000002,162.0,0.273,0.0,30.0,5.0,0.0,0.0,0.0,0.0,2,3,20__16
210,2020,44.0,40.0,2.11,productivity_normalized,False,247.0,245.92428,7.2125,3.72,230.06625,480.10587375,9.455,423.75,38.0,0.3801842105263158,0.481,0.171,0.0909571487492173,0.2965,0.437,0.4746666666666666,0.0045177607570098,0.419,15.357826086956525,35.2,33.0,963.76,880.16,22.0,1.0,80.0,12.5,12.0,58.0,14.447,169.0,0.30999999999999994,0.0,30.0,5.0,0.0,0.0,0.0,0.0,1,3,40__44
211,2020,44.0,40.0,3.19,productivity_normalized,False,93.0,92.55,6.245,4.8,25.325,403.5,,342.0,33.0,0.373060606060606,0.519,0.182,0.0932679227699132,0.259,0.42,0.5180000000000001,0.005375029342723,0.486,15.357826086956525,35.2,33.0,963.76,880.16,22.0,1.0,80.0,12.5,12.0,58.0,12.311,174.0,0.337,4.0,30.0,5.0,0.0,0.0,0.0,0.0,1,3,40__44
212,2020,43.0,40.0,1.3132,estimate_normalized,True,136.0,134.83369,7.140000000000001,3.766,232.258,464.594502,5.536,432.0,31.0,0.3116451612903225,0.389,0.197,0.0513618085722523,0.273,0.3365,0.3876666666666666,0.003022731792385,0.382,15.357826086956525,35.2,33.0,963.76,880.16,22.0,1.0,80.0,12.5,12.0,58.0,9.661,175.0,0.192,0.0,30.0,5.0,0.0,0.0,0.0,0.0,1,99,40__43
213,2020,43.0,20.0,5.78,productivity_normalized,False,14.0,16.53751,7.2,3.39,148.5,272.23874,13.42,420.0,33.0,0.4183333333333333,0.478,0.229,0.0708616520931719,0.361,0.475,0.4773333333333333,0.0038035951553556,0.476,15.357826086956525,35.2,33.0,963.76,880.16,22.0,1.0,80.0,12.5,12.0,58.0,13.805,177.0,0.24899999999999997,0.0,30.0,5.0,0.0,0.0,0.0,0.0,2,99,20__43
214,2020,43.0,40.0,3.19,productivity_normalized,False,9.0,10.99122,7.1,3.67,236.12,399.02591,8.82,420.0,33.0,0.420030303030303,0.493,0.226,0.0724194368888775,0.355,0.474,0.4893333333333333,0.0039426423242027,0.481,15.357826086956525,35.2,33.0,963.76,880.16,22.0,1.0,80.0,12.5,12.0,58.0,13.861,175.0,0.267,0.0,30.0,5.0,0.0,0.0,0.0,0.0,1,99,40__43
215,2020,43.0,40.0,1.409,productivity_normalized,True,79.0,78.14849,6.666666666666667,3.776666666666667,192.12,392.99891,12.116666666666667,430.0,36.0,0.3872222222222221,0.575,0.176,0.1054277296200554,0.262,0.4535,0.5519999999999999,0.0053144665695985,0.575,15.357826086956525,35.2,33.0,963.76,880.16,22.0,1.0,80.0,12.5,12.0,58.0,13.939999999999998,181.0,0.39899999999999997,3.0,30.0,5.0,0.0,0.0,0.0,0.0,1,99,40__43
216,2020,43.0,40.0,1.246,productivity_normalized,True,37.0,37.51924,6.4,3.71,242.68,688.96085,7.64,540.0,35.0,0.4592857142857142,0.614,0.196,0.1082786277364549,0.3904999999999999,0.534,0.602,0.005753117282855,0.614,15.357826086956525,35.2,33.0,963.76,880.16,22.0,1.0,80.0,12.5,12.0,58.0,16.075,181.0,0.418,14.0,30.0,5.0,0.0,0.0,0.0,0.0,1,99,40__43
217,2020,43.0,40.0,3.37,productivity_normalized,False,408.0,408.48131,6.94,3.484666666666667,201.10266666666664,313.7409,4.662000000000001,472.0,33.0,0.3354545454545454,0.45,0.197,0.0670594900563042,0.287,0.398,0.432,0.0037791134055395,0.45,15.357826086956525,35.2,33.0,963.76,880.16,22.0,1.0,80.0,12.5,12.0,58.0,11.069999999999999,181.0,0.253,0.0,30.0,5.0,0.0,0.0,0.0,0.0,1,99,40__43
218,2020,43.0,40.0,1.7929,estimate_normalized,True,39.0,39.30376,7.2,3.87,198.74,289.9543,4.86,390.0,32.0,0.36096875,0.487,0.221,0.0760873200568761,0.31375,0.4295,0.4806666666666666,0.0041361261556977,0.427,15.357826086956525,35.2,33.0,963.76,880.16,22.0,1.0,80.0,12.5,12.0,58.0,11.551,176.0,0.266,0.0,30.0,5.0,0.0,0.0,0.0,0.0,1,99,40__43
219,2020,43.0,40.0,4.25,productivity_normalized,False,210.0,209.86423,6.8,3.69625,212.37625,656.214605,8.491249999999999,446.25,37.0,0.2660540540540539,0.374,0.185,0.0538481076713087,0.224,0.285,0.369,0.0027404682906341,0.374,15.357826086956525,35.2,33.0,963.76,880.16,22.0,1.0,80.0,12.5,12.0,58.0,9.843999999999998,181.0,0.189,0.0,30.0,5.0,0.0,0.0,0.0,0.0,1,3,40__43
220,2020,43.0,40.0,5.13,productivity_normalized,False,25.0,24.0006,7.3,3.74,197.06,380.11444,6.0,420.0,31.0,0.4447741935483871,0.573,0.221,0.0872392741082265,0.3645,0.518,0.5606666666666666,0.0050347287023297,0.548,15.357826086956525,35.2,33.0,963.76,880.16,22.0,1.0,80.0,12.5,12.0,58.0,13.788000000000002,175.0,0.352,10.0,30.0,5.0,0.0,0.0,0.0,0.0,1,99,40__43
221,2020,43.0,40.0,3.8,productivity_normalized,False,8.0,8.18,,,,,,,35.0,0.5031428571428571,0.634,0.234,0.1031764488235408,0.4235,0.571,0.6163333333333333,0.0051152722773532,0.634,15.357826086956525,35.2,33.0,963.76,880.16,22.0,1.0,80.0,12.5,12.0,58.0,17.61,181.0,0.4,24.0,30.0,5.0,0.0,0.0,0.0,0.0,1,99,40__43
222,2020,43.0,40.0,2.1,productivity_normalized,False,62.0,62.12991,6.9,3.725,206.315,278.80506,4.845,420.0,33.0,0.3559090909090909,0.455,0.195,0.0712211083948553,0.31,0.427,0.4513333333333333,0.0039411888648485,0.431,15.357826086956525,35.2,33.0,963.76,880.16,22.0,1.0,80.0,12.5,12.0,58.0,11.745,162.0,0.26,0.0,30.0,5.0,0.0,0.0,0.0,0.0,1,99,40__43
223,2020,43.0,40.0,2.1,productivity_normalized,False,70.0,70.93112,6.433333333333334,3.6633333333333336,175.33333333333334,560.82853,6.72,430.0,30.0,0.3717333333333333,0.496,0.191,0.0951728019038119,0.302,0.4565,0.489,0.0051205515704436,0.464,15.357826086956525,35.2,33.0,963.76,880.16,22.0,1.0,80.0,12.5,12.0,58.0,11.152,167.0,0.305,0.0,30.0,5.0,0.0,0.0,0.0,0.0,1,99,40__43
224,2020,43.0,40.0,0.857,productivity_normalized,True,104.0,106.08424,6.5,3.808,191.728,598.903534,18.618,516.0,36.0,0.4019444444444444,0.528,0.193,0.0900505859208664,0.3455,0.462,0.516,0.0044403730083812,0.482,15.357826086956525,35.2,33.0,963.76,880.16,22.0,1.0,80.0,12.5,12.0,58.0,14.469999999999999,169.0,0.335,3.0,30.0,5.0,0.0,0.0,0.0,0.0,1,99,40__43
225,2020,43.0,40.0,2.335,productivity_normalized,True,4.0,4.03,,,,,,,31.0,0.5733870967741936,0.647,0.27,0.1004835654735686,0.53,0.642,0.647,0.0045165497687876,0.638,15.357826086956525,35.2,33.0,963.76,880.16,22.0,1.0,80.0,12.5,12.0,58.0,17.775000000000002,147.0,0.377,25.0,30.0,5.0,0.0,0.0,0.0,0.0,1,99,40__43
226,2020,43.0,40.0,5.02,productivity_normalized,False,40.0,41.00801,7.2,3.79,218.81,806.48818,8.56,420.0,34.0,0.4076764705882353,0.506,0.196,0.0712067084530644,0.3925,0.4287499999999999,0.5053333333333333,0.0036082772763636,0.49,15.357826086956525,35.2,33.0,963.76,880.16,22.0,1.0,80.0,12.5,12.0,58.0,13.861,174.0,0.31,3.0,30.0,5.0,0.0,0.0,0.0,0.0,1,99,40__43
227,2020,44.0,20.0,5.65,productivity_normalized,False,346.0,348.50924,6.953846153846154,3.8015384615384615,195.0484615384616,763.0697146153847,10.056153846153848,475.38461538461536,41.0,0.3909756097560976,0.469,0.136,0.0876933370122013,0.328,0.452,0.4629999999999999,0.0038626503889292,0.449,15.81967391304348,36.1,60.2,1001.9,916.42,20.0,1.0,82.0,26.7,12.0,56.0,16.03,157.0,0.33299999999999996,0.0,20.0,3.0,0.0,0.0,0.0,0.0,2,99,20__44
228,2020,44.0,36.0,1.3,productivity_normalized,True,59.0,55.06353,6.699999999999999,3.515,179.82,438.82045,7.755,420.0,32.0,0.46475,0.578,0.223,0.0992257527056358,0.41325,0.541,0.5706666666666665,0.0053927444958423,0.548,15.357826086956525,35.2,33.0,963.76,880.16,22.0,1.0,80.0,12.5,12.0,58.0,14.872,174.0,0.355,17.0,30.0,5.0,0.0,0.0,0.0,0.0,3,99,36__44
229,2020,44.0,36.0,3.285,productivity_normalized,True,12.0,9.82891,6.4,2.36,225.3,220.85171,12.11,480.0,34.0,0.4437941176470588,0.573,0.123,0.1381531076084375,0.3365,0.552,0.5723333333333332,0.0067031454588739,0.557,15.357826086956525,35.2,33.0,963.76,880.16,22.0,1.0,80.0,12.5,12.0,58.0,15.089,169.0,0.44999999999999996,15.0,30.0,5.0,0.0,0.0,0.0,0.0,3,99,36__44
230,2020,21.0,44.0,1.68,productivity_normalized,False,223.0,222.45567,7.1000000000000005,3.73,184.71,792.107215,3.6633333333333336,445.0,37.0,0.4103783783783784,0.542,0.168,0.1071347601378879,0.324,0.494,0.5383333333333333,0.0057349148235679,0.542,15.357826086956525,35.2,33.0,963.76,880.16,22.0,1.0,80.0,12.5,12.0,58.0,15.184,181.0,0.374,9.0,30.0,5.0,0.0,0.0,0.0,0.0,2,1,44__21
231,2020,21.0,44.0,3.62,productivity_normalized,False,235.0,231.50464,7.2625,3.685,204.0575,646.09227125,9.26,453.75,41.0,0.3708780487804878,0.496,0.168,0.0884241979688628,0.277,0.446,0.47375,0.0045284781336769,0.496,15.357826086956525,35.2,33.0,963.76,880.16,22.0,1.0,80.0,12.5,12.0,58.0,15.206000000000001,181.0,0.32799999999999996,0.0,30.0,5.0,0.0,0.0,0.0,0.0,4,1,44__21
232,2020,21.0,44.0,2.23,productivity_normalized,False,296.0,296.88138,6.609090909090909,3.7290909090909095,211.9754545454545,649.4797309090909,7.533636363636364,452.7272727272728,41.0,0.3535365853658536,0.469,0.163,0.0832574899761022,0.272,0.415,0.45625,0.004241904336739,0.469,15.357826086956525,35.2,33.0,963.76,880.16,22.0,1.0,80.0,12.5,12.0,58.0,14.495,181.0,0.30599999999999994,0.0,30.0,5.0,0.0,0.0,0.0,0.0,4,1,44__21
233,2020,43.0,40.0,1.75,estimate_normalized,True,39.0,38.82,6.7,3.57,211.75,698.55237,6.06,510.0,37.0,0.4124864864864864,0.491,0.218,0.0618877019707695,0.386,0.459,0.4869999999999999,0.0009167203272665,0.395,15.357826086956525,35.2,33.0,963.76,880.16,22.0,1.0,80.0,12.5,12.0,58.0,15.261999999999999,153.0,0.273,0.0,30.0,5.0,0.0,0.0,0.0,0.0,1,99,40__43
195,2021,3.0,20.0,2.022276422764228,physical_harvested_weight,False,123.0,122.42127,6.9,3.6425,225.2,499.4803025,7.5175,427.5,41.0,0.378609756097561,0.72,0.18,0.1855768696227116,0.207,0.569,0.7132499999999999,0.0083067848387806,0.716,12.913260869565216,35.5,90.2,777.17,702.0799999999999,12.0,1.0,77.0,33.4,9.0,56.0,15.523000000000001,180.0,0.54,13.0,17.0,5.0,0.0,0.0,0.0,0.0,3,2,20__3
197,2021,3.0,20.0,2.5284548104956266,physical_harvested_weight,False,343.0,343.71311,6.976923076923077,3.579230769230769,216.96,502.5284007692308,4.591538461538462,454.61538461538464,41.0,0.3837560975609756,0.749,0.15,0.2045015093853063,0.194,0.606,0.7460000000000001,0.0088734342118448,0.749,12.913260869565216,35.5,90.2,777.17,702.0799999999999,12.0,1.0,77.0,33.4,9.0,56.0,15.734,182.0,0.599,12.0,17.0,5.0,0.0,0.0,0.0,0.0,3,2,20__3
207,2021,3.0,20.0,3.525020286718961,physical_harvested_weight,False,110.91,110.91329,6.875,3.55,244.935,425.663535,5.4125,412.5,41.0,0.3698536585365853,0.747,0.181,0.2005397060587436,0.197,0.587,0.74025,0.0084669042489227,0.73,12.913260869565216,35.5,90.2,777.17,702.0799999999999,12.0,1.0,77.0,33.4,9.0,56.0,15.164,180.0,0.5660000000000001,12.0,17.0,5.0,0.0,0.0,0.0,0.0,3,2,20__3
208,2021,40.0,43.0,2.1216153846153847,physical_harvested_weight,False,130.0,128.21593,6.8,3.916,202.758,706.31834,5.7,504.0,38.0,0.3975789473684211,0.703,0.126,0.165707515247252,0.2635,0.533,0.6959999999999998,0.0077657759810688,0.703,12.913260869565216,35.5,90.2,777.17,702.0799999999999,12.0,1.0,77.0,33.4,9.0,56.0,15.108,182.0,0.577,13.0,17.0,5.0,0.0,0.0,0.0,0.0,2,1,43__40
209,2021,40.0,16.0,2.268059008785016,physical_harvested_weight,False,301.65,301.6502,7.042857142857143,3.5357142857142856,171.9557142857143,277.5815457142857,7.35,437.1428571428572,38.0,0.3839999999999999,0.598,0.186,0.1655879476926162,0.213,0.56925,0.5966666666666667,0.0072868681577389,0.598,12.913260869565216,35.5,90.2,777.17,702.0799999999999,12.0,1.0,77.0,33.4,9.0,56.0,14.591999999999999,182.0,0.412,14.0,17.0,5.0,0.0,0.0,0.0,0.0,3,4,16__40
210,2021,40.0,44.0,1.4783400809716598,physical_harvested_weight,False,247.0,245.92428,7.2125,3.72,230.06625,480.10587375,9.455,423.75,36.0,0.3689444444444444,0.686,0.194,0.1477467699298071,0.2319999999999999,0.4942499999999999,0.6693333333333333,0.0068325852877341,0.686,12.913260869565216,35.5,90.2,777.17,702.0799999999999,12.0,1.0,77.0,33.4,9.0,56.0,13.282,182.0,0.49200000000000005,9.0,17.0,5.0,0.0,0.0,0.0,0.0,2,1,44__40
211,2021,40.0,44.0,2.1389247311827955,physical_harvested_weight,False,93.0,92.55,6.245,4.8,25.325,403.5,,342.0,37.0,0.3621351351351351,0.727,0.158,0.1741153954355686,0.199,0.44,0.7193333333333333,0.0075169202984367,0.727,12.913260869565216,35.5,90.2,777.17,702.0799999999999,12.0,1.0,77.0,33.4,9.0,56.0,13.399,182.0,0.569,8.0,17.0,5.0,0.0,0.0,0.0,0.0,2,1,44__40
212,2021,40.0,43.0,3.3983823529411765,physical_harvested_weight,False,136.0,134.83369,7.140000000000001,3.766,232.258,464.594502,5.536,432.0,38.0,0.3477894736842105,0.717,0.201,0.1632587803546286,0.21025,0.44325,0.7003333333333334,0.0068708282540528,0.717,12.913260869565216,35.5,90.2,777.17,702.0799999999999,12.0,1.0,77.0,33.4,9.0,56.0,13.216000000000001,182.0,0.516,6.0,17.0,5.0,0.0,0.0,0.0,0.0,2,1,43__40
213,2021,43.0,43.0,1.3155714285714286,physical_harvested_weight,False,14.0,16.53751,7.2,3.39,148.5,272.23874,13.42,420.0,36.0,0.4099444444444444,0.672,0.197,0.1632411209844104,0.24725,0.5607500000000001,0.6713333333333334,0.0077368477445623,0.67,12.913260869565216,35.5,90.2,777.17,702.0799999999999,12.0,1.0,77.0,33.4,9.0,56.0,14.758000000000001,180.0,0.47500000000000003,13.0,17.0,5.0,0.0,0.0,0.0,0.0,3,1,43__43
214,2021,43.0,43.0,1.5857777777777775,physical_harvested_weight,False,9.0,10.99122,7.1,3.67,236.12,399.02591,8.82,420.0,36.0,0.4097777777777778,0.68,0.199,0.1627057861279253,0.246,0.55775,0.6790000000000002,0.0077287474552662,0.679,12.913260869565216,35.5,90.2,777.17,702.0799999999999,12.0,1.0,77.0,33.4,9.0,56.0,14.752000000000002,180.0,0.48100000000000004,13.0,17.0,5.0,0.0,0.0,0.0,0.0,2,1,43__43
215,2021,40.0,43.0,2.9865822784810128,physical_harvested_weight,False,79.0,78.14849,6.666666666666667,3.776666666666667,192.12,392.99891,12.116666666666667,430.0,36.0,0.3638888888888889,0.626,0.146,0.1314774542940892,0.2565,0.4675,0.6166666666666667,0.0067078295488056,0.626,12.913260869565216,35.5,90.2,777.17,702.0799999999999,12.0,1.0,77.0,33.4,9.0,56.0,13.100000000000001,182.0,0.48,6.0,17.0,5.0,0.0,0.0,0.0,0.0,2,1,43__40
216,2021,40.0,43.0,2.925945945945946,physical_harvested_weight,False,37.0,37.51924,6.4,3.71,242.68,688.96085,7.64,540.0,36.0,0.4806388888888888,0.708,0.188,0.1591835336224925,0.36225,0.5945,0.7050000000000001,0.008082396582972,0.702,12.913260869565216,35.5,90.2,777.17,702.0799999999999,12.0,1.0,77.0,33.4,9.0,56.0,17.302999999999997,180.0,0.52,24.0,17.0,5.0,0.0,0.0,0.0,0.0,2,1,43__40
217,2021,40.0,43.0,2.768578431372549,physical_harvested_weight,False,408.0,408.48131,6.94,3.484666666666667,201.10266666666664,313.7409,4.662000000000001,472.0,40.0,0.327625,0.694,0.174,0.1563721022912974,0.196,0.41,0.67275,0.0067352809514954,0.694,12.913260869565216,35.5,90.2,777.17,702.0799999999999,12.0,1.0,77.0,33.4,9.0,56.0,13.105,182.0,0.52,6.0,17.0,5.0,0.0,0.0,0.0,0.0,2,1,43__40
218,2021,40.0,43.0,2.12974358974359,physical_harvested_weight,False,39.0,39.30376,7.2,3.87,198.74,289.9543,4.86,390.0,35.0,0.3707142857142858,0.666,0.135,0.1676580825760011,0.2299999999999999,0.543,0.6549999999999999,0.0080831995182657,0.666,12.913260869565216,35.5,90.2,777.17,702.0799999999999,12.0,1.0,77.0,33.4,9.0,56.0,12.975000000000003,182.0,0.531,11.0,17.0,5.0,0.0,0.0,0.0,0.0,2,1,43__40
219,2021,40.0,43.0,2.818952380952381,physical_harvested_weight,False,210.0,209.86423,6.8,3.69625,212.37625,656.214605,8.491249999999999,446.25,36.0,0.3201111111111111,0.653,0.184,0.1425481941461237,0.194,0.433,0.6366666666666667,0.0063176981267252,0.653,12.913260869565216,35.5,90.2,777.17,702.0799999999999,12.0,1.0,77.0,33.4,9.0,56.0,11.524000000000001,182.0,0.46900000000000003,4.0,17.0,5.0,0.0,0.0,0.0,0.0,2,1,43__40
220,2021,40.0,43.0,2.0264,physical_harvested_weight,False,25.0,24.0006,7.3,3.74,197.06,380.11444,6.0,420.0,34.0,0.4319117647058823,0.722,0.193,0.1682743501559736,0.2695,0.5805,0.7113333333333333,0.0081383812229408,0.722,12.913260869565216,35.5,90.2,777.17,702.0799999999999,12.0,1.0,77.0,33.4,9.0,56.0,14.684999999999999,182.0,0.5289999999999999,12.0,17.0,5.0,0.0,0.0,0.0,0.0,2,1,43__40
221,2021,40.0,43.0,1.7475,physical_harvested_weight,False,8.0,8.18,,,,,,,36.0,0.4874166666666666,0.706,0.184,0.1617010916956207,0.33825,0.6054999999999999,0.7003333333333334,0.0082457695201958,0.706,12.913260869565216,35.5,90.2,777.17,702.0799999999999,12.0,1.0,77.0,33.4,9.0,56.0,17.547,182.0,0.522,20.0,17.0,5.0,0.0,0.0,0.0,0.0,2,1,43__40
222,2021,40.0,43.0,2.9396774193548385,physical_harvested_weight,False,62.0,62.12991,6.9,3.725,206.315,278.80506,4.845,420.0,38.0,0.3643157894736843,0.65,0.161,0.1411856011115115,0.236,0.46775,0.6376666666666666,0.0068457786962492,0.65,12.913260869565216,35.5,90.2,777.17,702.0799999999999,12.0,1.0,77.0,33.4,9.0,56.0,13.844000000000003,182.0,0.489,6.0,17.0,5.0,0.0,0.0,0.0,0.0,2,1,43__40
223,2021,40.0,43.0,2.8625714285714285,physical_harvested_weight,False,70.0,70.93112,6.433333333333334,3.6633333333333336,175.33333333333334,560.82853,6.72,430.0,38.0,0.3501842105263158,0.694,0.152,0.152397481548323,0.21575,0.4445,0.6779999999999999,0.0071825843249735,0.694,12.913260869565216,35.5,90.2,777.17,702.0799999999999,12.0,1.0,77.0,33.4,9.0,56.0,13.307000000000002,182.0,0.5419999999999999,7.0,17.0,5.0,0.0,0.0,0.0,0.0,2,1,43__40
224,2021,40.0,43.0,2.0925,physical_harvested_weight,False,104.0,106.08424,6.5,3.808,191.728,598.903534,18.618,516.0,37.0,0.3866486486486487,0.614,0.169,0.136318826646116,0.269,0.511,0.6063333333333333,0.0068252091473053,0.603,12.913260869565216,35.5,90.2,777.17,702.0799999999999,12.0,1.0,77.0,33.4,9.0,56.0,14.306000000000001,178.0,0.44499999999999995,11.0,17.0,5.0,0.0,0.0,0.0,0.0,2,1,43__40
225,2021,40.0,43.0,1.85,physical_harvested_weight,False,4.0,4.03,,,,,,,37.0,0.5445945945945947,0.715,0.168,0.1843349564976698,0.376,0.693,0.7143333333333333,0.0083917056876137,0.701,12.913260869565216,35.5,90.2,777.17,702.0799999999999,12.0,1.0,77.0,33.4,9.0,56.0,20.150000000000002,160.0,0.5469999999999999,27.0,17.0,5.0,0.0,0.0,0.0,0.0,2,1,43__40
226,2021,40.0,43.0,2.4555,physical_harvested_weight,False,40.0,41.00801,7.2,3.79,218.81,806.48818,8.56,420.0,38.0,0.3921578947368421,0.643,0.156,0.1380525312518446,0.25625,0.45525,0.64,0.0066268741741498,0.643,12.913260869565216,35.5,90.2,777.17,702.0799999999999,12.0,1.0,77.0,33.4,9.0,56.0,14.902000000000001,182.0,0.487,6.0,17.0,5.0,0.0,0.0,0.0,0.0,2,1,43__40
227,2021,44.0,44.0,2.8346242774566472,physical_harvested_weight,False,346.0,348.50924,6.953846153846154,3.8015384615384615,195.0484615384616,763.0697146153847,10.056153846153848,475.38461538461536,44.0,0.5287954545454544,0.719,0.208,0.1748349324811905,0.3525,0.6975,0.713,0.0078402974859697,0.702,13.651739130434782,35.5,60.9,831.17,750.98,16.0,2.0,78.0,14.4,9.0,57.0,23.266999999999996,166.0,0.511,28.0,23.0,4.0,0.0,1.0,0.0,0.0,3,1,44__44
228,2021,44.0,44.0,2.4169491525423727,physical_harvested_weight,False,59.0,55.06353,6.699999999999999,3.515,179.82,438.82045,7.755,420.0,37.0,0.5231351351351352,0.72,0.244,0.1697722102115563,0.315,0.689,0.7183333333333334,0.0078289605214991,0.7,12.913260869565216,35.5,90.2,777.17,702.0799999999999,12.0,1.0,77.0,33.4,9.0,56.0,19.356,167.0,0.476,22.0,17.0,5.0,0.0,0.0,0.0,0.0,4,1,44__44
229,2021,44.0,44.0,2.9450000000000003,physical_harvested_weight,False,12.0,9.82891,6.4,2.36,225.3,220.85171,12.11,480.0,36.0,0.4261944444444444,0.639,0.1,0.1933980953951437,0.21,0.57875,0.6303333333333333,0.008787546933667,0.613,12.913260869565216,35.5,90.2,777.17,702.0799999999999,12.0,1.0,77.0,33.4,9.0,56.0,15.342999999999998,160.0,0.539,19.0,17.0,5.0,0.0,0.0,0.0,0.0,4,1,44__44
230,2021,44.0,21.0,2.123766816143498,physical_harvested_weight,False,223.0,222.45567,7.1000000000000005,3.73,184.71,792.107215,3.6633333333333336,445.0,38.0,0.4293421052631579,0.707,0.208,0.179678554546693,0.2265,0.61275,0.7039999999999998,0.0082472515282981,0.701,12.913260869565216,35.5,90.2,777.17,702.0799999999999,12.0,1.0,77.0,33.4,9.0,56.0,16.315,180.0,0.499,15.0,17.0,5.0,0.0,0.0,0.0,0.0,3,2,21__44
231,2021,44.0,21.0,3.5069787234042553,physical_harvested_weight,False,235.0,231.50464,7.2625,3.685,204.0575,646.09227125,9.26,453.75,42.0,0.5106428571428572,0.712,0.196,0.1833336564623003,0.3195,0.6865000000000001,0.704,0.0080868881049633,0.685,12.913260869565216,35.5,90.2,777.17,702.0799999999999,12.0,1.0,77.0,33.4,9.0,56.0,21.447,167.0,0.516,27.0,17.0,5.0,0.0,0.0,0.0,0.0,5,2,21__44
232,2021,44.0,21.0,3.2479729729729727,physical_harvested_weight,False,296.0,296.88138,6.609090909090909,3.7290909090909095,211.9754545454545,649.4797309090909,7.533636363636364,452.7272727272728,42.0,0.4928095238095238,0.732,0.174,0.2027131726984892,0.26575,0.7204999999999999,0.7304999999999999,0.0090865736278535,0.732,12.913260869565216,35.5,90.2,777.17,702.0799999999999,12.0,1.0,77.0,33.4,9.0,56.0,20.698,182.0,0.558,23.0,17.0,5.0,0.0,0.0,0.0,0.0,5,2,21__44
233,2021,44.0,43.0,3.6453846153846152,physical_harvested_weight,False,39.0,38.82,6.7,3.57,211.75,698.55237,6.06,510.0,38.0,0.5240526315789474,0.701,0.215,0.1670103916351537,0.39075,0.68875,0.6993333333333333,0.0080964366631604,0.69,12.913260869565216,35.5,90.2,777.17,702.0799999999999,12.0,1.0,77.0,33.4,9.0,56.0,19.914,181.0,0.486,26.0,17.0,5.0,0.0,0.0,0.0,0.0,2,1,43__44
234,2021,44.0,9.0,5.389142857142858,physical_harvested_weight,False,35.0,36.18,6.5,3.73,181.31,492.74302,14.32,480.0,40.0,0.5394,0.726,0.197,0.1797464603267613,0.3959999999999999,0.703,0.71975,0.0084390909134105,0.702,12.913260869565216,35.5,90.2,777.17,702.0799999999999,12.0,1.0,77.0,33.4,9.0,56.0,21.576,181.0,0.5289999999999999,27.0,17.0,5.0,0.0,0.0,0.0,0.0,3,99,9__44
195,2022,44.0,3.0,2.1216260162601626,physical_harvested_weight,False,123.0,122.42127,6.9,3.6425,225.2,499.4803025,7.5175,427.5,45.0,0.4103555555555555,0.686,0.177,0.1760293101295672,0.236,0.579,0.67325,0.008110690711597,0.65,15.305434782608694,38.5,108.4,960.39,877.85,22.0,3.0,78.0,23.6,9.0,57.0,18.465999999999998,177.0,0.5090000000000001,19.0,29.0,6.0,0.0,0.0,0.0,0.0,4,3,3__44
197,2022,44.0,3.0,1.5206997084548106,physical_harvested_weight,False,343.0,343.71311,6.976923076923077,3.579230769230769,216.96,502.5284007692308,4.591538461538462,454.61538461538464,47.0,0.4044468085106383,0.718,0.155,0.1932704871759231,0.2255,0.5705,0.71475,0.0089839548393141,0.718,15.305434782608694,38.5,108.4,960.39,877.85,22.0,3.0,78.0,23.6,9.0,57.0,19.009,182.0,0.563,16.0,29.0,6.0,0.0,0.0,0.0,0.0,4,3,3__44
207,2022,44.0,3.0,1.8862140474258409,physical_harvested_weight,False,110.91,110.91329,6.875,3.55,244.935,425.663535,5.4125,412.5,46.0,0.3791521739130434,0.674,0.161,0.1771265780993557,0.2115,0.559,0.6575,0.0081615458937198,0.674,15.305434782608694,38.5,108.4,960.39,877.85,22.0,3.0,78.0,23.6,9.0,57.0,17.441,182.0,0.513,13.0,29.0,6.0,0.0,0.0,0.0,0.0,4,3,3__44
208,2022,43.0,40.0,2.356923076923077,physical_harvested_weight,False,130.0,128.21593,6.8,3.916,202.758,706.31834,5.7,504.0,44.0,0.4071136363636363,0.738,0.192,0.1700337153611134,0.251,0.54425,0.7022499999999999,0.0079296944673823,0.738,15.305434782608694,38.5,108.4,960.39,877.85,22.0,3.0,78.0,23.6,9.0,57.0,17.913,182.0,0.546,13.0,29.0,6.0,0.0,0.0,0.0,0.0,1,2,40__43
209,2022,43.0,40.0,2.657417536880491,physical_harvested_weight,False,301.65,301.6502,7.042857142857143,3.5357142857142856,171.9557142857143,277.5815457142857,7.35,437.1428571428572,49.0,0.3866122448979591,0.735,0.148,0.2111121006331374,0.201,0.586,0.733,0.0091674935962665,0.735,15.305434782608694,38.5,108.4,960.39,877.85,22.0,3.0,78.0,23.6,9.0,57.0,18.943999999999996,182.0,0.587,16.0,29.0,6.0,0.0,0.0,0.0,0.0,1,5,40__43
210,2022,43.0,40.0,3.0655870445344133,physical_harvested_weight,False,247.0,245.92428,7.2125,3.72,230.06625,480.10587375,9.455,423.75,48.0,0.3730833333333334,0.695,0.102,0.1760374999506891,0.2275,0.552,0.67275,0.0076815572170241,0.694,15.305434782608694,38.5,108.4,960.39,877.85,22.0,3.0,78.0,23.6,9.0,57.0,17.908,179.0,0.593,14.0,29.0,6.0,0.0,0.0,0.0,0.0,1,2,40__43
211,2022,43.0,40.0,3.4704,estimate_normalized,True,93.0,92.55,6.245,4.8,25.325,403.5,,342.0,43.0,0.3687674418604652,0.669,0.168,0.1751732480915516,0.2145,0.5295000000000001,0.6685,0.0076548924869557,0.669,15.305434782608694,38.5,108.4,960.39,877.85,22.0,3.0,78.0,23.6,9.0,57.0,15.857000000000003,177.0,0.501,12.0,29.0,6.0,0.0,0.0,0.0,0.0,1,2,40__43
212,2022,43.0,40.0,3.1773529411764705,physical_harvested_weight,False,136.0,134.83369,7.140000000000001,3.766,232.258,464.594502,5.536,432.0,46.0,0.3632391304347826,0.701,0.188,0.1850571221780158,0.2065,0.537,0.69125,0.0085083370512075,0.701,15.305434782608694,38.5,108.4,960.39,877.85,22.0,3.0,78.0,23.6,9.0,57.0,16.709,182.0,0.5129999999999999,13.0,29.0,6.0,0.0,0.0,0.0,0.0,1,2,40__43
213,2022,40.0,43.0,1.481428571428571,physical_harvested_weight,False,14.0,16.53751,7.2,3.39,148.5,272.23874,13.42,420.0,44.0,0.4044999999999999,0.741,0.105,0.1928704817416929,0.257,0.60175,0.7225,0.0084631974027669,0.741,15.305434782608694,38.5,108.4,960.39,877.85,22.0,3.0,78.0,23.6,9.0,57.0,17.798,182.0,0.636,12.0,29.0,6.0,0.0,0.0,0.0,0.0,4,1,43__40
214,2022,40.0,43.0,1.002222222222222,physical_harvested_weight,False,9.0,10.99122,7.1,3.67,236.12,399.02591,8.82,420.0,44.0,0.399590909090909,0.705,0.1,0.1865507874038374,0.25725,0.59,0.69575,0.0082098531958173,0.705,15.305434782608694,38.5,108.4,960.39,877.85,22.0,3.0,78.0,23.6,9.0,57.0,17.581999999999997,182.0,0.605,12.0,29.0,6.0,0.0,0.0,0.0,0.0,3,1,43__40
215,2022,43.0,40.0,2.858987341772152,physical_harvested_weight,False,79.0,78.14849,6.666666666666667,3.776666666666667,192.12,392.99891,12.116666666666667,430.0,44.0,0.4025454545454545,0.697,0.103,0.2020343641500639,0.2265,0.608,0.69375,0.0091259969037725,0.697,15.305434782608694,38.5,108.4,960.39,877.85,22.0,3.0,78.0,23.6,9.0,57.0,17.712,182.0,0.594,17.0,29.0,6.0,0.0,0.0,0.0,0.0,1,2,40__43
216,2022,43.0,40.0,3.1270270270270273,physical_harvested_weight,False,37.0,37.51924,6.4,3.71,242.68,688.96085,7.64,540.0,44.0,0.4522272727272726,0.742,0.174,0.2032829268460768,0.2685,0.646,0.74075,0.0098274646977864,0.728,15.305434782608694,38.5,108.4,960.39,877.85,22.0,3.0,78.0,23.6,9.0,57.0,19.897999999999996,174.0,0.5680000000000001,18.0,29.0,6.0,0.0,0.0,0.0,0.0,1,2,40__43
217,2022,43.0,40.0,3.063725490196078,physical_harvested_weight,False,408.0,408.48131,6.94,3.484666666666667,201.10266666666664,313.7409,4.662000000000001,472.0,44.0,0.3772045454545454,0.718,0.186,0.2048510078908187,0.19875,0.59275,0.7032499999999999,0.0093116224033657,0.713,15.305434782608694,38.5,108.4,960.39,877.85,22.0,3.0,78.0,23.6,9.0,57.0,16.597,179.0,0.532,14.0,29.0,6.0,0.0,0.0,0.0,0.0,1,2,40__43
218,2022,43.0,40.0,2.1723076923076925,physical_harvested_weight,False,39.0,39.30376,7.2,3.87,198.74,289.9543,4.86,390.0,43.0,0.3703953488372093,0.708,0.165,0.1862476645128905,0.2145,0.521,0.7004999999999999,0.0085484030800625,0.708,15.305434782608694,38.5,108.4,960.39,877.85,22.0,3.0,78.0,23.6,9.0,57.0,15.927,182.0,0.5429999999999999,11.0,29.0,6.0,0.0,0.0,0.0,0.0,1,2,40__43
219,2022,43.0,40.0,2.827547619047619,physical_harvested_weight,False,210.0,209.86423,6.8,3.69625,212.37625,656.214605,8.491249999999999,446.25,46.0,0.3249347826086957,0.665,0.134,0.1838792612102126,0.18225,0.4725,0.6607500000000001,0.0074550505030877,0.66,15.305434782608694,38.5,108.4,960.39,877.85,22.0,3.0,78.0,23.6,9.0,57.0,14.947000000000001,177.0,0.531,11.0,29.0,6.0,0.0,0.0,0.0,0.0,1,2,40__43
220,2022,43.0,40.0,3.4832,physical_harvested_weight,False,25.0,24.0006,7.3,3.74,197.06,380.11444,6.0,420.0,41.0,0.4155121951219511,0.719,0.199,0.1909335374022529,0.244,0.537,0.7167499999999999,0.0089621434324917,0.711,15.305434782608694,38.5,108.4,960.39,877.85,22.0,3.0,78.0,23.6,9.0,57.0,17.035999999999998,176.0,0.52,13.0,29.0,6.0,0.0,0.0,0.0,0.0,1,2,40__43
221,2022,43.0,40.0,4.1328000000000005,estimate_normalized,True,8.0,8.18,,,,,,,44.0,0.4735,0.746,0.159,0.2087259512549235,0.3,0.69675,0.74375,0.01004741645973,0.746,15.305434782608694,38.5,108.4,960.39,877.85,22.0,3.0,78.0,23.6,9.0,57.0,20.834,179.0,0.587,18.0,29.0,6.0,0.0,0.0,0.0,0.0,1,2,40__43
222,2022,43.0,40.0,3.2700483870967743,physical_harvested_weight,False,62.0,62.12991,6.9,3.725,206.315,278.80506,4.845,420.0,42.0,0.3946428571428571,0.745,0.173,0.1997430279406126,0.213,0.55775,0.7410000000000001,0.009271841303062,0.745,15.305434782608694,38.5,108.4,960.39,877.85,22.0,3.0,78.0,23.6,9.0,57.0,16.575,182.0,0.5720000000000001,13.0,29.0,6.0,0.0,0.0,0.0,0.0,1,2,40__43
223,2022,43.0,40.0,3.2311428571428573,physical_harvested_weight,False,70.0,70.93112,6.433333333333334,3.6633333333333336,175.33333333333334,560.82853,6.72,430.0,42.0,0.3634523809523809,0.686,0.182,0.1866080948559296,0.20225,0.52275,0.68425,0.0087110530658637,0.679,15.305434782608694,38.5,108.4,960.39,877.85,22.0,3.0,78.0,23.6,9.0,57.0,15.265,172.0,0.504,11.0,29.0,6.0,0.0,0.0,0.0,0.0,1,2,40__43
224,2022,43.0,40.0,3.079423076923077,physical_harvested_weight,False,104.0,106.08424,6.5,3.808,191.728,598.903534,18.618,516.0,44.0,0.4039999999999999,0.72,0.147,0.1986732127251821,0.23825,0.58775,0.7144999999999999,0.0094564245830272,0.717,15.305434782608694,38.5,108.4,960.39,877.85,22.0,3.0,78.0,23.6,9.0,57.0,17.775999999999996,176.0,0.573,16.0,29.0,6.0,0.0,0.0,0.0,0.0,1,2,40__43
225,2022,43.0,40.0,4.58,estimate_normalized,True,4.0,4.03,,,,,,,44.0,0.5081590909090911,0.72,0.147,0.1957040835712077,0.365,0.69875,0.7189999999999999,0.0087195804259216,0.716,15.305434782608694,38.5,108.4,960.39,877.85,22.0,3.0,78.0,23.6,9.0,57.0,22.359000000000005,170.0,0.573,25.0,29.0,6.0,0.0,0.0,0.0,0.0,1,2,40__43
226,2022,43.0,40.0,1.6934999999999998,physical_harvested_weight,False,40.0,41.00801,7.2,3.79,218.81,806.48818,8.56,420.0,45.0,0.4405333333333333,0.735,0.173,0.205171971228474,0.251,0.651,0.733,0.0097533582319122,0.735,15.305434782608694,38.5,108.4,960.39,877.85,22.0,3.0,78.0,23.6,9.0,57.0,19.823999999999998,182.0,0.562,19.0,29.0,6.0,0.0,0.0,0.0,0.0,1,2,40__43
227,2022,44.0,44.0,2.217514450867052,physical_harvested_weight,False,346.0,348.50924,6.953846153846154,3.8015384615384615,195.0484615384616,763.0697146153847,10.056153846153848,475.38461538461536,48.0,0.426125,0.695,0.116,0.1762331108929306,0.2685,0.5725,0.68675,0.0079853087011214,0.682,15.831630434782609,37.2,90.4,1004.7,920.06,20.0,3.0,78.0,49.4,9.0,57.0,20.454,177.0,0.579,20.0,22.0,4.0,0.0,0.0,0.0,0.0,4,1,44__44
228,2022,43.0,44.0,4.564745762711865,physical_harvested_weight,False,59.0,55.06353,6.699999999999999,3.515,179.82,438.82045,7.755,420.0,45.0,0.4132222222222222,0.709,0.191,0.1993577341686033,0.219,0.623,0.7035,0.0090239490429555,0.709,15.305434782608694,38.5,108.4,960.39,877.85,22.0,3.0,78.0,23.6,9.0,57.0,18.595000000000002,182.0,0.518,18.0,29.0,6.0,0.0,0.0,0.0,0.0,5,1,44__43
229,2022,43.0,44.0,2.841666666666667,physical_harvested_weight,False,12.0,9.82891,6.4,2.36,225.3,220.85171,12.11,480.0,43.0,0.3479302325581395,0.648,0.024,0.207664912931233,0.177,0.5565,0.63675,0.009685210046841,0.605,15.305434782608694,38.5,108.4,960.39,877.85,22.0,3.0,78.0,23.6,9.0,57.0,14.960999999999999,174.0,0.624,13.0,29.0,6.0,0.0,0.0,0.0,0.0,5,1,44__43
230,2022,40.0,44.0,3.257219730941704,physical_harvested_weight,False,223.0,222.45567,7.1000000000000005,3.73,184.71,792.107215,3.6633333333333336,445.0,47.0,0.3627021276595744,0.734,0.085,0.1770119499384292,0.216,0.479,0.70025,0.0077908375435277,0.734,15.305434782608694,38.5,108.4,960.39,877.85,22.0,3.0,78.0,23.6,9.0,57.0,17.046999999999997,182.0,0.649,11.0,29.0,6.0,0.0,0.0,0.0,0.0,4,1,44__40
231,2022,44.0,44.0,1.5712340425531914,physical_harvested_weight,False,235.0,231.50464,7.2625,3.685,204.0575,646.09227125,9.26,453.75,48.0,0.4280624999999999,0.635,0.181,0.1444151143766353,0.2837499999999999,0.5415,0.6305000000000001,0.0066702073274637,0.621,15.305434782608694,38.5,108.4,960.39,877.85,22.0,3.0,78.0,23.6,9.0,57.0,20.546999999999997,176.0,0.454,18.0,29.0,6.0,0.0,0.0,0.0,0.0,6,1,44__44
232,2022,44.0,44.0,1.847837837837838,physical_harvested_weight,False,296.0,296.88138,6.609090909090909,3.7290909090909095,211.9754545454545,649.4797309090909,7.533636363636364,452.7272727272728,45.0,0.3780222222222222,0.587,0.166,0.1282954037262596,0.25,0.471,0.5734999999999999,0.0059632440391912,0.587,15.305434782608694,38.5,108.4,960.39,877.85,22.0,3.0,78.0,23.6,9.0,57.0,17.011,182.0,0.42099999999999993,9.0,29.0,6.0,0.0,0.0,0.0,0.0,6,1,44__44
233,2022,46.0,44.0,4.4169230769230765,physical_harvested_weight,False,39.0,38.82,6.7,3.57,211.75,698.55237,6.06,510.0,,,,,,,,,,,15.305434782608694,38.5,108.4,960.39,877.85,22.0,3.0,78.0,23.6,9.0,57.0,,,,,29.0,6.0,0.0,0.0,0.0,0.0,3,1,44__46
234,2022,43.0,44.0,3.975428571428571,physical_harvested_weight,False,35.0,36.18,6.5,3.73,181.31,492.74302,14.32,480.0,45.0,0.4579555555555555,0.7,0.13,0.1846222516449984,0.299,0.625,0.6970000000000001,0.0083974862330798,0.695,15.305434782608694,38.5,108.4,960.39,877.85,22.0,3.0,78.0,23.6,9.0,57.0,20.608,177.0,0.57,20.0,29.0,6.0,0.0,0.0,0.0,0.0,4,1,44__43
195,2023,44.0,44.0,0.8904065040650406,physical_harvested_weight,False,123.0,122.42127,6.9,3.6425,225.2,499.4803025,7.5175,427.5,45.0,0.3234666666666667,0.459,0.171,0.1036945514479907,0.194,0.428,0.45525,0.0051417731445177,0.459,12.759021739130434,39.5,38.2,808.97,736.52,15.0,6.0,82.0,12.1,1.0,58.0,14.556000000000003,180.0,0.28800000000000003,0.0,39.0,8.0,1.0,0.0,0.0,0.0,5,1,44__44
197,2023,44.0,44.0,1.0820991253644316,physical_harvested_weight,False,343.0,343.71311,6.976923076923077,3.579230769230769,216.96,502.5284007692308,4.591538461538462,454.61538461538464,46.0,0.2974782608695652,0.428,0.166,0.0853144411880913,0.193,0.37,0.4245,0.0042693180573942,0.423,12.759021739130434,39.5,38.2,808.97,736.52,15.0,6.0,82.0,12.1,1.0,58.0,13.684000000000001,169.0,0.262,0.0,39.0,8.0,1.0,0.0,0.0,0.0,5,1,44__44
207,2023,44.0,44.0,1.068974844468488,physical_harvested_weight,False,110.91,110.91329,6.875,3.55,244.935,425.663535,5.4125,412.5,45.0,0.3033111111111111,0.445,0.165,0.0953997023573792,0.188,0.387,0.4435,0.0047671839812004,0.393,12.759021739130434,39.5,38.2,808.97,736.52,15.0,6.0,82.0,12.1,1.0,58.0,13.649000000000001,162.0,0.28,0.0,39.0,8.0,1.0,0.0,0.0,0.0,5,1,44__44
208,2023,43.0,43.0,2.018076923076923,physical_harvested_weight,False,130.0,128.21593,6.8,3.916,202.758,706.31834,5.7,504.0,44.0,0.344340909090909,0.568,0.045,0.1182708646174338,0.31,0.4175,0.5307499999999999,0.0059985008742511,0.564,12.759021739130434,39.5,38.2,808.97,736.52,15.0,6.0,82.0,12.1,1.0,58.0,15.150999999999998,179.0,0.5229999999999999,3.0,39.0,8.0,1.0,0.0,0.0,0.0,2,1,43__43
209,2023,44.0,43.0,1.4882148184982598,physical_harvested_weight,False,301.65,301.6502,7.042857142857143,3.5357142857142856,171.9557142857143,277.5815457142857,7.35,437.1428571428572,49.0,0.3023265306122449,0.51,0.178,0.0898616596082844,0.201,0.379,0.4664999999999999,0.0042242185747583,0.51,12.759021739130434,39.5,38.2,808.97,736.52,15.0,6.0,82.0,12.1,1.0,58.0,14.814,180.0,0.332,2.0,39.0,8.0,1.0,0.0,0.0,0.0,2,1,43__44
210,2023,24.0,43.0,1.7267206477732793,physical_harvested_weight,False,247.0,245.92428,7.2125,3.72,230.06625,480.10587375,9.455,423.75,48.0,0.3334166666666667,0.631,0.16,0.1186637113396041,0.2125,0.40625,0.5822499999999999,0.0058473047414393,0.631,12.759021739130434,39.5,38.2,808.97,736.52,15.0,6.0,82.0,12.1,1.0,58.0,16.004,180.0,0.471,4.0,39.0,8.0,1.0,0.0,0.0,0.0,2,1,43__24
212,2023,43.0,43.0,2.9445588235294116,physical_harvested_weight,False,136.0,134.83369,7.140000000000001,3.766,232.258,464.594502,5.536,432.0,44.0,0.2839318181818182,0.517,0.131,0.0926332940654788,0.21525,0.3452499999999999,0.487,0.0044979981395753,0.517,12.759021739130434,39.5,38.2,808.97,736.52,15.0,6.0,82.0,12.1,1.0,58.0,12.492999999999999,182.0,0.386,2.0,39.0,8.0,1.0,0.0,0.0,0.0,2,1,43__43
213,2023,43.0,40.0,1.6768999999999998,estimate_normalized,True,14.0,16.53751,7.2,3.39,148.5,272.23874,13.42,420.0,46.0,0.3667173913043478,0.592,0.166,0.119875599113247,0.22225,0.46375,0.5615,0.0059688519536415,0.582,12.759021739130434,39.5,38.2,808.97,736.52,15.0,6.0,82.0,12.1,1.0,58.0,16.869,179.0,0.42599999999999993,4.0,39.0,8.0,1.0,0.0,0.0,0.0,1,2,40__43
214,2023,43.0,40.0,1.6103999999999998,estimate_normalized,True,9.0,10.99122,7.1,3.67,236.12,399.02591,8.82,420.0,46.0,0.3648913043478261,0.599,0.168,0.1206859431785962,0.2225,0.4595,0.5685,0.0059928119893018,0.591,12.759021739130434,39.5,38.2,808.97,736.52,15.0,6.0,82.0,12.1,1.0,58.0,16.785,179.0,0.43099999999999994,4.0,39.0,8.0,1.0,0.0,0.0,0.0,1,2,40__43
215,2023,3.0,43.0,2.2745063291139243,physical_harvested_weight,False,79.0,78.14849,6.666666666666667,3.776666666666667,192.12,392.99891,12.116666666666667,430.0,38.0,0.3714210526315789,0.58,0.189,0.121942098334662,0.2365,0.4912499999999999,0.559,0.0064705064285485,0.58,12.759021739130434,39.5,38.2,808.97,736.52,15.0,6.0,82.0,12.1,1.0,58.0,14.113999999999999,180.0,0.39099999999999996,4.0,39.0,8.0,1.0,0.0,0.0,0.0,2,1,43__3
216,2023,3.0,43.0,2.696783783783784,physical_harvested_weight,False,37.0,37.51924,6.4,3.71,242.68,688.96085,7.64,540.0,35.0,0.4407714285714286,0.664,0.165,0.1582638097272644,0.3155,0.5734999999999999,0.66,0.0086198692402828,0.621,12.759021739130434,39.5,38.2,808.97,736.52,15.0,6.0,82.0,12.1,1.0,58.0,15.427000000000001,162.0,0.499,12.0,39.0,8.0,1.0,0.0,0.0,0.0,2,1,43__3
217,2023,3.0,43.0,2.021480392156863,physical_harvested_weight,False,408.0,408.48131,6.94,3.484666666666667,201.10266666666664,313.7409,4.662000000000001,472.0,47.0,0.2560638297872341,0.489,0.138,0.0802733108598154,0.193,0.3,0.44775,0.0034469321231075,0.475,12.759021739130434,39.5,38.2,808.97,736.52,15.0,6.0,82.0,12.1,1.0,58.0,12.035000000000002,180.0,0.351,0.0,39.0,8.0,1.0,0.0,0.0,0.0,2,1,43__3
218,2023,3.0,43.0,3.3693589743589745,physical_harvested_weight,False,39.0,39.30376,7.2,3.87,198.74,289.9543,4.86,390.0,39.0,0.3727179487179486,0.607,0.132,0.1339100250393847,0.2525,0.5085,0.5806666666666667,0.0077615911178673,0.607,12.759021739130434,39.5,38.2,808.97,736.52,15.0,6.0,82.0,12.1,1.0,58.0,14.535999999999998,180.0,0.475,13.0,39.0,8.0,1.0,0.0,0.0,0.0,2,1,43__3
219,2023,40.0,43.0,2.802523809523809,physical_harvested_weight,False,210.0,209.86423,6.8,3.69625,212.37625,656.214605,8.491249999999999,446.25,47.0,0.2436382978723404,0.496,0.171,0.0729294107943077,0.1835,0.2735,0.44075,0.0030230508230346,0.496,12.759021739130434,39.5,38.2,808.97,736.52,15.0,6.0,82.0,12.1,1.0,58.0,11.450999999999999,180.0,0.32499999999999996,0.0,39.0,8.0,1.0,0.0,0.0,0.0,2,1,43__40
220,2023,3.0,43.0,3.3728800000000003,physical_harvested_weight,False,25.0,24.0006,7.3,3.74,197.06,380.11444,6.0,420.0,40.0,0.427875,0.64,0.058,0.1539318335335482,0.38075,0.577,0.62,0.0085708552912049,0.639,12.759021739130434,39.5,38.2,808.97,736.52,15.0,6.0,82.0,12.1,1.0,58.0,17.115000000000002,177.0,0.582,14.0,39.0,8.0,1.0,0.0,0.0,0.0,2,1,43__3
222,2023,3.0,43.0,4.5005,physical_harvested_weight,False,62.0,62.12991,6.9,3.725,206.315,278.80506,4.845,420.0,42.0,0.339547619047619,0.607,0.138,0.1256529995816052,0.24075,0.44575,0.57175,0.0066031862902548,0.606,12.759021739130434,39.5,38.2,808.97,736.52,15.0,6.0,82.0,12.1,1.0,58.0,14.261,180.0,0.469,4.0,39.0,8.0,1.0,0.0,0.0,0.0,2,1,43__3
223,2023,3.0,43.0,2.3584285714285715,physical_harvested_weight,False,70.0,70.93112,6.433333333333334,3.6633333333333336,175.33333333333334,560.82853,6.72,430.0,41.0,0.2889268292682926,0.541,0.116,0.1002690016646446,0.2,0.369,0.4872499999999999,0.0050155342807183,0.541,12.759021739130434,39.5,38.2,808.97,736.52,15.0,6.0,82.0,12.1,1.0,58.0,11.846,180.0,0.42500000000000004,2.0,39.0,8.0,1.0,0.0,0.0,0.0,2,1,43__3
224,2023,3.0,43.0,2.481451923076923,physical_harvested_weight,False,104.0,106.08424,6.5,3.808,191.728,598.903534,18.618,516.0,39.0,0.3703333333333333,0.568,0.18,0.1439897313527695,0.203,0.539,0.565,0.0071389892070325,0.568,12.759021739130434,39.5,38.2,808.97,736.52,15.0,6.0,82.0,12.1,1.0,58.0,14.443000000000001,180.0,0.38799999999999996,12.0,39.0,8.0,1.0,0.0,0.0,0.0,2,1,43__3
226,2023,3.0,43.0,1.1793749999999998,physical_harvested_weight,False,40.0,41.00801,7.2,3.79,218.81,806.48818,8.56,420.0,39.0,0.3508717948717949,0.581,0.144,0.1250885182964405,0.2135,0.478,0.5436666666666666,0.006556945628343,0.581,12.759021739130434,39.5,38.2,808.97,736.52,15.0,6.0,82.0,12.1,1.0,58.0,13.684000000000001,180.0,0.43699999999999994,7.0,39.0,8.0,1.0,0.0,0.0,0.0,2,1,43__3
227,2023,40.0,44.0,2.6015895953757227,physical_harvested_weight,False,346.0,348.50924,6.953846153846154,3.8015384615384615,195.0484615384616,763.0697146153847,10.056153846153848,475.38461538461536,46.0,0.2647391304347826,0.473,0.149,0.0786730810773315,0.1935,0.313,0.4425,0.0037653456280216,0.473,13.349347826086955,37.1,73.1,841.99,769.5,12.0,5.0,79.0,65.4,1.0,52.0,12.178,179.0,0.32399999999999995,0.0,20.0,7.0,2.0,0.0,0.0,0.0,5,1,44__40
228,2023,44.0,43.0,1.5016949152542372,physical_harvested_weight,False,59.0,55.06353,6.699999999999999,3.515,179.82,438.82045,7.755,420.0,39.0,0.3710769230769231,0.551,0.231,0.109703419439352,0.2495,0.4669999999999999,0.5446666666666667,0.0056510554537432,0.493,12.759021739130434,39.5,38.2,808.97,736.52,15.0,6.0,82.0,12.1,1.0,58.0,14.472000000000001,169.0,0.32000000000000006,6.0,39.0,8.0,1.0,0.0,0.0,0.0,6,1,43__44
229,2023,44.0,43.0,3.443333333333334,physical_harvested_weight,False,12.0,9.82891,6.4,2.36,225.3,220.85171,12.11,480.0,40.0,0.3567,0.568,0.154,0.1562045453884105,0.184,0.5245,0.56625,0.0078715930569907,0.542,12.759021739130434,39.5,38.2,808.97,736.52,15.0,6.0,82.0,12.1,1.0,58.0,14.268,167.0,0.4139999999999999,12.0,39.0,8.0,1.0,0.0,0.0,0.0,6,1,43__44
230,2023,43.0,40.0,0.9786995515695068,physical_harvested_weight,False,223.0,222.45567,7.1000000000000005,3.73,184.71,792.107215,3.6633333333333336,445.0,46.0,0.2755652173913044,0.484,0.14,0.076308484961547,0.21275,0.33175,0.4425,0.0037226436693886,0.483,12.759021739130434,39.5,38.2,808.97,736.52,15.0,6.0,82.0,12.1,1.0,58.0,12.676000000000002,179.0,0.344,0.0,39.0,8.0,1.0,0.0,0.0,0.0,1,2,40__43
231,2023,40.0,44.0,2.2995063829787235,physical_harvested_weight,False,235.0,231.50464,7.2625,3.685,204.0575,646.09227125,9.26,453.75,45.0,0.2884666666666667,0.502,0.166,0.0832534550500925,0.196,0.338,0.4635,0.004202207856952,0.502,12.759021739130434,39.5,38.2,808.97,736.52,15.0,6.0,82.0,12.1,1.0,58.0,12.981000000000003,180.0,0.33599999999999997,1.0,39.0,8.0,1.0,0.0,0.0,0.0,7,1,44__40
232,2023,40.0,44.0,2.6881993243243243,physical_harvested_weight,False,296.0,296.88138,6.609090909090909,3.7290909090909095,211.9754545454545,649.4797309090909,7.533636363636364,452.7272727272728,47.0,0.2688936170212766,0.47,0.146,0.0719397602733964,0.193,0.319,0.41825,0.003624660349327,0.47,12.759021739130434,39.5,38.2,808.97,736.52,15.0,6.0,82.0,12.1,1.0,58.0,12.638000000000002,181.0,0.32399999999999995,0.0,39.0,8.0,1.0,0.0,0.0,0.0,7,1,44__40
234,2023,44.0,43.0,1.7062857142857142,physical_harvested_weight,False,35.0,36.18,6.5,3.73,181.31,492.74302,14.32,480.0,38.0,0.4331578947368421,0.624,0.197,0.150553806838162,0.23825,0.5547500000000001,0.6226666666666666,0.0076429480018976,0.623,12.759021739130434,39.5,38.2,808.97,736.52,15.0,6.0,82.0,12.1,1.0,58.0,16.46,167.0,0.427,16.0,39.0,8.0,1.0,0.0,0.0,0.0,5,1,43__44
195,2024,40.0,44.0,2.7365853658536587,physical_harvested_weight,False,123.0,122.42127,6.9,3.6425,225.2,499.4803025,7.5175,427.5,42.0,0.3463571428571428,0.747,0.176,0.1810598192953514,0.2085,0.424,0.72425,0.0067950477553037,0.747,14.415869565217392,35.1,160.5,881.04,798.28,10.0,1.0,69.0,104.2,0.0,48.0,14.546999999999999,181.0,0.571,9.0,12.0,4.0,3.0,1.0,0.0,0.0,6,1,44__40
197,2024,40.0,44.0,3.2877551020408164,physical_harvested_weight,False,343.0,343.71311,6.976923076923077,3.579230769230769,216.96,502.5284007692308,4.591538461538462,454.61538461538464,41.0,0.3278292682926829,0.715,0.144,0.1649712321468502,0.211,0.396,0.6835,0.0061660049771758,0.715,14.415869565217392,35.1,160.5,881.04,798.28,10.0,1.0,69.0,104.2,0.0,48.0,13.441,181.0,0.571,8.0,12.0,4.0,3.0,1.0,0.0,0.0,6,1,44__40
207,2024,40.0,44.0,3.107023712920386,physical_harvested_weight,False,110.91,110.91329,6.875,3.55,244.935,425.663535,5.4125,412.5,39.0,0.3615641025641026,0.766,0.123,0.2131059439029299,0.1935,0.4925,0.7633333333333333,0.0082176997428394,0.766,14.415869565217392,35.1,160.5,881.04,798.28,10.0,1.0,69.0,104.2,0.0,48.0,14.101,181.0,0.643,10.0,12.0,4.0,3.0,1.0,0.0,0.0,6,1,44__40
208,2024,40.0,43.0,2.360615384615385,physical_harvested_weight,False,130.0,128.21593,6.8,3.916,202.758,706.31834,5.7,504.0,39.0,0.4243333333333333,0.685,0.17,0.1597147029073601,0.3225,0.5834999999999999,0.659,0.0067853910732386,0.685,14.415869565217392,35.1,160.5,881.04,798.28,10.0,1.0,69.0,104.2,0.0,48.0,16.549,181.0,0.515,14.0,12.0,4.0,3.0,1.0,0.0,0.0,3,1,43__40
209,2024,44.0,44.0,4.5289739764627885,physical_harvested_weight,False,301.65,301.6502,7.042857142857143,3.5357142857142856,171.9557142857143,277.5815457142857,7.35,437.1428571428572,42.0,0.6452142857142859,0.792,0.246,0.1703336411861377,0.486,0.77575,0.7915000000000001,0.0062660827623259,0.763,14.415869565217392,35.1,160.5,881.04,798.28,10.0,1.0,69.0,104.2,0.0,48.0,27.099000000000004,163.0,0.546,31.0,12.0,4.0,3.0,1.0,0.0,0.0,3,1,44__44
210,2024,44.0,24.0,5.519493927125506,physical_harvested_weight,False,247.0,245.92428,7.2125,3.72,230.06625,480.10587375,9.455,423.75,43.0,0.6617674418604651,0.806,0.274,0.1625678873878079,0.5455,0.7825,0.8037500000000001,0.0061080759305599,0.77,14.415869565217392,35.1,160.5,881.04,798.28,10.0,1.0,69.0,104.2,0.0,48.0,28.456,173.0,0.532,32.0,12.0,4.0,3.0,1.0,0.0,0.0,3,2,24__44
212,2024,40.0,43.0,1.900882352941176,physical_harvested_weight,False,136.0,134.83369,7.140000000000001,3.766,232.258,464.594502,5.536,432.0,40.0,0.405425,0.728,0.162,0.1870249832910031,0.2685,0.626,0.7072499999999999,0.0080089476369545,0.728,14.415869565217392,35.1,160.5,881.04,798.28,10.0,1.0,69.0,104.2,0.0,48.0,16.217,181.0,0.566,13.0,12.0,4.0,3.0,1.0,0.0,0.0,3,1,43__40
215,2024,44.0,3.0,4.476708860759494,physical_harvested_weight,False,79.0,78.14849,6.666666666666667,3.776666666666667,192.12,392.99891,12.116666666666667,430.0,35.0,0.5876571428571428,0.747,0.228,0.1774199123720966,0.499,0.737,0.745,0.006459337416111,0.668,14.415869565217392,35.1,160.5,881.04,798.28,10.0,1.0,69.0,104.2,0.0,48.0,20.567999999999998,172.0,0.519,26.0,12.0,4.0,3.0,1.0,0.0,0.0,3,2,3__44
216,2024,44.0,3.0,5.342162162162162,physical_harvested_weight,False,37.0,37.51924,6.4,3.71,242.68,688.96085,7.64,540.0,37.0,0.603864864864865,0.781,0.218,0.2008760761133875,0.467,0.761,0.7800000000000001,0.0077581685794939,0.759,14.415869565217392,35.1,160.5,881.04,798.28,10.0,1.0,69.0,104.2,0.0,48.0,22.343000000000004,165.0,0.5630000000000001,26.0,12.0,4.0,3.0,1.0,0.0,0.0,3,2,3__44
217,2024,40.0,3.0,2.9758823529411766,physical_harvested_weight,False,408.0,408.48131,6.94,3.484666666666667,201.10266666666664,313.7409,4.662000000000001,472.0,43.0,0.3665116279069767,0.744,0.163,0.1743190568633332,0.2375,0.4785,0.7195,0.0071171674062054,0.744,14.415869565217392,35.1,160.5,881.04,798.28,10.0,1.0,69.0,104.2,0.0,48.0,15.76,181.0,0.581,10.0,12.0,4.0,3.0,1.0,0.0,0.0,3,2,3__40
218,2024,43.0,3.0,4.027153846153846,physical_harvested_weight,False,39.0,39.30376,7.2,3.87,198.74,289.9543,4.86,390.0,37.0,0.4664324324324325,0.78,0.193,0.1973426900762116,0.32,0.724,0.765,0.0079188090792391,0.78,14.415869565217392,35.1,160.5,881.04,798.28,10.0,1.0,69.0,104.2,0.0,48.0,17.258000000000003,181.0,0.587,13.0,12.0,4.0,3.0,1.0,0.0,0.0,3,2,3__43
219,2024,43.0,40.0,3.6718380952380953,physical_harvested_weight,False,210.0,209.86423,6.8,3.69625,212.37625,656.214605,8.491249999999999,446.25,39.0,0.4021025641025641,0.768,0.185,0.23023597647896,0.242,0.6859999999999999,0.7673333333333333,0.0090691864941958,0.767,14.415869565217392,35.1,160.5,881.04,798.28,10.0,1.0,69.0,104.2,0.0,48.0,15.682,180.0,0.583,13.0,12.0,4.0,3.0,1.0,0.0,0.0,1,2,40__43
220,2024,43.0,3.0,3.12756,physical_harvested_weight,False,25.0,24.0006,7.3,3.74,197.06,380.11444,6.0,420.0,37.0,0.4682432432432432,0.77,0.168,0.2082013585392503,0.29,0.699,0.7680000000000001,0.0085718587403533,0.767,14.415869565217392,35.1,160.5,881.04,798.28,10.0,1.0,69.0,104.2,0.0,48.0,17.325,180.0,0.602,15.0,12.0,4.0,3.0,1.0,0.0,0.0,3,2,3__43
222,2024,43.0,3.0,3.6562580645161287,physical_harvested_weight,False,62.0,62.12991,6.9,3.725,206.315,278.80506,4.845,420.0,41.0,0.4563170731707317,0.787,0.116,0.2065179894159569,0.36,0.672,0.78325,0.0086086499895777,0.787,14.415869565217392,35.1,160.5,881.04,798.28,10.0,1.0,69.0,104.2,0.0,48.0,18.709,181.0,0.671,13.0,12.0,4.0,3.0,1.0,0.0,0.0,3,2,3__43
223,2024,43.0,3.0,3.350857142857143,physical_harvested_weight,False,70.0,70.93112,6.433333333333334,3.6633333333333336,175.33333333333334,560.82853,6.72,430.0,42.0,0.4257857142857141,0.767,0.148,0.2081883917575258,0.238,0.6385000000000001,0.7645,0.0088118751603211,0.746,14.415869565217392,35.1,160.5,881.04,798.28,10.0,1.0,69.0,104.2,0.0,48.0,17.882999999999996,178.0,0.619,14.0,12.0,4.0,3.0,1.0,0.0,0.0,3,2,3__43
224,2024,44.0,3.0,5.0582692307692305,physical_harvested_weight,False,104.0,106.08424,6.5,3.808,191.728,598.903534,18.618,516.0,37.0,0.613054054054054,0.803,0.21,0.1994139990675308,0.495,0.77,0.801,0.0076043710601011,0.75,14.415869565217392,35.1,160.5,881.04,798.28,10.0,1.0,69.0,104.2,0.0,48.0,22.683,161.0,0.5930000000000001,27.0,12.0,4.0,3.0,1.0,0.0,0.0,3,2,3__44
226,2024,44.0,3.0,4.9315,physical_harvested_weight,False,40.0,41.00801,7.2,3.79,218.81,806.48818,8.56,420.0,38.0,0.5952368421052632,0.789,0.238,0.1846319859114521,0.47025,0.75375,0.7836666666666666,0.0071056795048194,0.727,14.415869565217392,35.1,160.5,881.04,798.28,10.0,1.0,69.0,104.2,0.0,48.0,22.619,162.0,0.551,26.0,12.0,4.0,3.0,1.0,0.0,0.0,3,2,3__44
227,2024,3.0,40.0,3.007739884393064,physical_harvested_weight,False,346.0,348.50924,6.953846153846154,3.8015384615384615,195.0484615384616,763.0697146153847,10.056153846153848,475.38461538461536,41.0,0.4717560975609756,0.754,0.171,0.2426520926606153,0.23,0.737,0.75175,0.0100740633690249,0.739,15.436304347826088,36.0,153.9,967.76,881.69,14.0,2.0,69.0,99.2,2.0,48.0,19.342000000000002,168.0,0.583,21.0,18.0,6.0,0.5,1.0,0.0,0.0,1,2,40__3
228,2024,40.0,44.0,3.052881355932203,physical_harvested_weight,False,59.0,55.06353,6.699999999999999,3.515,179.82,438.82045,7.755,420.0,38.0,0.4067894736842106,0.694,0.192,0.1636572409665262,0.264,0.472,0.6923333333333334,0.0065776121837521,0.694,14.415869565217392,35.1,160.5,881.04,798.28,10.0,1.0,69.0,104.2,0.0,48.0,15.458000000000002,181.0,0.502,9.0,12.0,4.0,3.0,1.0,0.0,0.0,7,1,44__40
229,2024,40.0,44.0,3.2544166666666663,physical_harvested_weight,False,12.0,9.82891,6.4,2.36,225.3,220.85171,12.11,480.0,37.0,0.3657027027027027,0.635,0.127,0.1631871525257186,0.281,0.469,0.6293333333333334,0.0066277939612637,0.628,14.415869565217392,35.1,160.5,881.04,798.28,10.0,1.0,69.0,104.2,0.0,48.0,13.531,180.0,0.508,9.0,12.0,4.0,3.0,1.0,0.0,0.0,7,1,44__40
230,2024,40.0,43.0,3.2521793721973093,physical_harvested_weight,False,223.0,222.45567,7.1000000000000005,3.73,184.71,792.107215,3.6633333333333336,445.0,39.0,0.4096153846153846,0.742,0.181,0.1893983206522109,0.2675,0.5834999999999999,0.737,0.0079173913043478,0.742,14.415869565217392,35.1,160.5,881.04,798.28,10.0,1.0,69.0,104.2,0.0,48.0,15.975000000000001,181.0,0.5609999999999999,13.0,12.0,4.0,3.0,1.0,0.0,0.0,2,1,43__40
231,2024,43.0,40.0,3.806382978723404,physical_harvested_weight,False,235.0,231.50464,7.2625,3.685,204.0575,646.09227125,9.26,453.75,40.0,0.458375,0.79,0.182,0.2392204723158116,0.247,0.73175,0.789,0.0098778482941915,0.789,14.415869565217392,35.1,160.5,881.04,798.28,10.0,1.0,69.0,104.2,0.0,48.0,18.335,178.0,0.6080000000000001,17.0,12.0,4.0,3.0,1.0,0.0,0.0,1,2,40__43
232,2024,43.0,40.0,3.330304054054054,physical_harvested_weight,False,296.0,296.88138,6.609090909090909,3.7290909090909095,211.9754545454545,649.4797309090909,7.533636363636364,452.7272727272728,43.0,0.4236976744186047,0.786,0.13,0.2399201935996994,0.2265,0.694,0.7835000000000001,0.0098026565090392,0.785,14.415869565217392,35.1,160.5,881.04,798.28,10.0,1.0,69.0,104.2,0.0,48.0,18.219,178.0,0.656,17.0,12.0,4.0,3.0,1.0,0.0,0.0,1,2,40__43
234,2024,40.0,44.0,3.295057142857143,physical_harvested_weight,False,35.0,36.18,6.5,3.73,181.31,492.74302,14.32,480.0,34.0,0.5316764705882353,0.728,0.194,0.1719619863239676,0.4685,0.668,0.7256666666666666,0.0066150770458747,0.726,14.415869565217392,35.1,160.5,881.04,798.28,10.0,1.0,69.0,104.2,0.0,48.0,18.077,180.0,0.534,22.0,12.0,4.0,3.0,1.0,0.0,0.0,6,1,44__40
195,2025,43.0,40.0,2.7195121951219514,physical_harvested_weight,False,123.0,122.42127,6.9,3.6425,225.2,499.4803025,7.5175,427.5,52.0,0.3910961538461539,0.744,0.148,0.2026473120032194,0.21725,0.6045,0.7289999999999999,0.00859207917044,0.681,15.89195652173913,36.0,259.66,1015.4,929.63,13.0,3.0,60.0,142.26,6.0,42.0,20.337000000000003,174.0,0.596,18.0,11.0,3.0,1.63,0.0,0.0,0.0,1,2,40__43
197,2025,43.0,40.0,3.779416909620991,physical_harvested_weight,False,343.0,343.71311,6.976923076923077,3.579230769230769,216.96,502.5284007692308,4.591538461538462,454.61538461538464,53.0,0.3960377358490565,0.75,0.167,0.2169671710028658,0.206,0.665,0.7434000000000001,0.0090785562868336,0.72,15.89195652173913,36.0,259.66,1015.4,929.63,13.0,3.0,60.0,142.26,6.0,42.0,20.99,174.0,0.583,17.0,11.0,3.0,1.63,0.0,0.0,0.0,1,2,40__43
207,2025,43.0,40.0,1.3522676043638986,physical_harvested_weight,False,110.91,110.91329,6.875,3.55,244.935,425.663535,5.4125,412.5,50.0,0.39014,0.766,0.151,0.2314956595705414,0.18725,0.6567500000000001,0.7487999999999999,0.00977350226887,0.698,15.89195652173913,36.0,259.66,1015.4,929.63,13.0,3.0,60.0,142.26,6.0,42.0,19.507,174.0,0.615,18.0,11.0,3.0,1.63,0.0,0.0,0.0,1,2,40__43
208,2025,43.0,40.0,3.8430769230769233,physical_harvested_weight,False,130.0,128.21593,6.8,3.916,202.758,706.31834,5.7,504.0,47.0,0.4337872340425531,0.745,0.184,0.1793960240753724,0.2535,0.5845,0.7265,0.0082531766906306,0.745,15.89195652173913,36.0,259.66,1015.4,929.63,13.0,3.0,60.0,142.26,6.0,42.0,20.387999999999998,181.0,0.5609999999999999,18.0,11.0,3.0,1.63,0.0,0.0,0.0,1,2,40__43
209,2025,40.0,44.0,2.332040444223438,physical_harvested_weight,False,301.65,301.6502,7.042857142857143,3.5357142857142856,171.9557142857143,277.5815457142857,7.35,437.1428571428572,48.0,0.3643333333333333,0.718,0.148,0.1865968619481283,0.195,0.5275,0.7075,0.007959036903957,0.718,15.89195652173913,36.0,259.66,1015.4,929.63,13.0,3.0,60.0,142.26,6.0,42.0,17.488,181.0,0.57,13.0,11.0,3.0,1.63,0.0,0.0,0.0,4,1,44__40
210,2025,40.0,44.0,3.192550607287449,physical_harvested_weight,False,247.0,245.92428,7.2125,3.72,230.06625,480.10587375,9.455,423.75,51.0,0.3707450980392158,0.722,0.165,0.1681522236519875,0.215,0.4825,0.6958,0.007226093828084,0.722,15.89195652173913,36.0,259.66,1015.4,929.63,13.0,3.0,60.0,142.26,6.0,42.0,18.908000000000005,181.0,0.5569999999999999,13.0,11.0,3.0,1.63,0.0,0.0,0.0,4,1,44__40
212,2025,43.0,40.0,1.7024264705882353,physical_harvested_weight,False,136.0,134.83369,7.140000000000001,3.766,232.258,464.594502,5.536,432.0,50.0,0.3782199999999999,0.613,0.173,0.1506749202754061,0.23,0.5447500000000001,0.6079999999999999,0.0066391563423149,0.602,15.89195652173913,36.0,259.66,1015.4,929.63,13.0,3.0,60.0,142.26,6.0,42.0,18.910999999999998,176.0,0.44,15.0,11.0,3.0,1.63,0.0,0.0,0.0,1,2,40__43
213,2025,3.0,9.0,1.53,physical_harvested_weight,False,14.0,16.53751,7.2,3.39,148.5,272.23874,13.42,420.0,46.0,0.408608695652174,0.716,0.195,0.1669029239148977,0.26075,0.5487500000000001,0.706,0.0075491533031378,0.716,15.89195652173913,36.0,259.66,1015.4,929.63,13.0,3.0,60.0,142.26,6.0,42.0,18.796000000000003,181.0,0.5209999999999999,13.0,11.0,3.0,1.63,0.0,0.0,0.0,3,2,9__3
214,2025,3.0,9.0,1.53,physical_harvested_weight,False,9.0,10.99122,7.1,3.67,236.12,399.02591,8.82,420.0,46.0,0.406304347826087,0.716,0.196,0.1663635188852382,0.2505,0.54325,0.70475,0.0075392581711347,0.716,15.89195652173913,36.0,259.66,1015.4,929.63,13.0,3.0,60.0,142.26,6.0,42.0,18.69,181.0,0.52,13.0,11.0,3.0,1.63,0.0,0.0,0.0,3,2,9__3
215,2025,40.0,44.0,3.0739240506329115,physical_harvested_weight,False,79.0,78.14849,6.666666666666667,3.776666666666667,192.12,392.99891,12.116666666666667,430.0,48.0,0.4525833333333333,0.72,0.168,0.1869672245489983,0.292,0.654,0.7164999999999999,0.0085083744716563,0.714,15.89195652173913,36.0,259.66,1015.4,929.63,13.0,3.0,60.0,142.26,6.0,42.0,21.724,174.0,0.5519999999999999,20.0,11.0,3.0,1.63,0.0,0.0,0.0,4,1,44__40
216,2025,40.0,44.0,2.986756756756757,physical_harvested_weight,False,37.0,37.51924,6.4,3.71,242.68,688.96085,7.64,540.0,46.0,0.4978478260869564,0.746,0.156,0.1953140133211693,0.2947499999999999,0.71275,0.7415,0.0091846652418368,0.746,15.89195652173913,36.0,259.66,1015.4,929.63,13.0,3.0,60.0,142.26,6.0,42.0,22.900999999999996,181.0,0.59,24.0,11.0,3.0,1.63,0.0,0.0,0.0,4,1,44__40
217,2025,43.0,40.0,2.5629901960784314,physical_harvested_weight,False,408.0,408.48131,6.94,3.484666666666667,201.10266666666664,313.7409,4.662000000000001,472.0,52.0,0.3763461538461538,0.645,0.169,0.1635041618636833,0.2225,0.538,0.6408,0.0071610833447964,0.645,15.89195652173913,36.0,259.66,1015.4,929.63,13.0,3.0,60.0,142.26,6.0,42.0,19.57,178.0,0.476,16.0,11.0,3.0,1.63,0.0,0.0,0.0,1,3,40__43
218,2025,43.0,43.0,4.112820512820513,physical_harvested_weight,False,39.0,39.30376,7.2,3.87,198.74,289.9543,4.86,390.0,47.0,0.4260212765957447,0.719,0.179,0.1793765194152212,0.272,0.6005,0.7142499999999999,0.0081366886817493,0.719,15.89195652173913,36.0,259.66,1015.4,929.63,13.0,3.0,60.0,142.26,6.0,42.0,20.023000000000003,181.0,0.54,14.0,11.0,3.0,1.63,0.0,0.0,0.0,4,1,43__43
219,2025,3.0,43.0,3.528095238095238,physical_harvested_weight,False,210.0,209.86423,6.8,3.69625,212.37625,656.214605,8.491249999999999,446.25,49.0,0.3737551020408163,0.718,0.178,0.2058576415788788,0.187,0.615,0.709,0.008750237233904,0.718,15.89195652173913,36.0,259.66,1015.4,929.63,13.0,3.0,60.0,142.26,6.0,42.0,18.314,181.0,0.54,14.0,11.0,3.0,1.63,0.0,0.0,0.0,2,1,43__3
220,2025,43.0,43.0,3.3072000000000004,physical_harvested_weight,False,25.0,24.0006,7.3,3.74,197.06,380.11444,6.0,420.0,47.0,0.4346382978723404,0.755,0.15,0.1788417136276461,0.2625,0.5685,0.727,0.0082106123482767,0.755,15.89195652173913,36.0,259.66,1015.4,929.63,13.0,3.0,60.0,142.26,6.0,42.0,20.428,181.0,0.605,19.0,11.0,3.0,1.63,0.0,0.0,0.0,4,1,43__43
222,2025,40.0,43.0,2.972258064516129,physical_harvested_weight,False,62.0,62.12991,6.9,3.725,206.315,278.80506,4.845,420.0,49.0,0.3752857142857143,0.681,0.174,0.1569559927924683,0.266,0.467,0.6717500000000001,0.0070854852113169,0.675,15.89195652173913,36.0,259.66,1015.4,929.63,13.0,3.0,60.0,142.26,6.0,42.0,18.389,180.0,0.5070000000000001,11.0,11.0,3.0,1.63,0.0,0.0,0.0,4,1,43__40
223,2025,40.0,43.0,3.305142857142857,physical_harvested_weight,False,70.0,70.93112,6.433333333333334,3.6633333333333336,175.33333333333334,560.82853,6.72,430.0,49.0,0.3905714285714285,0.714,0.171,0.1692380282444865,0.225,0.501,0.707,0.0072550028357571,0.714,15.89195652173913,36.0,259.66,1015.4,929.63,13.0,3.0,60.0,142.26,6.0,42.0,19.137999999999998,181.0,0.5429999999999999,13.0,11.0,3.0,1.63,0.0,0.0,0.0,4,1,43__40
224,2025,40.0,44.0,3.0742307692307693,physical_harvested_weight,False,104.0,106.08424,6.5,3.808,191.728,598.903534,18.618,516.0,47.0,0.4443829787234044,0.725,0.156,0.1955061682861584,0.244,0.679,0.72425,0.0086659176694906,0.725,15.89195652173913,36.0,259.66,1015.4,929.63,13.0,3.0,60.0,142.26,6.0,42.0,20.886000000000006,181.0,0.569,18.0,11.0,3.0,1.63,0.0,0.0,0.0,4,1,44__40
226,2025,40.0,44.0,3.0420000000000003,physical_harvested_weight,False,40.0,41.00801,7.2,3.79,218.81,806.48818,8.56,420.0,50.0,0.4376,0.718,0.15,0.1806569124058085,0.26725,0.61625,0.7133999999999999,0.0080966599377887,0.718,15.89195652173913,36.0,259.66,1015.4,929.63,13.0,3.0,60.0,142.26,6.0,42.0,21.880000000000003,181.0,0.568,18.0,11.0,3.0,1.63,0.0,0.0,0.0,4,1,44__40
227,2025,24.0,3.0,1.5521965317919073,physical_harvested_weight,False,346.0,348.50924,6.953846153846154,3.8015384615384615,195.0484615384616,763.0697146153847,10.056153846153848,475.38461538461536,51.0,0.4373137254901961,0.783,0.153,0.2349924062349282,0.2015,0.6885,0.7784000000000001,0.0104498040779021,0.751,16.96445652173913,34.8,284.8,1109.99,1022.54,19.0,0.0,61.0,173.5,6.0,43.0,22.303,169.0,0.63,22.0,12.0,7.0,0.73,0.0,0.0,0.0,2,3,3__24
228,2025,43.0,40.0,3.004576271186441,physical_harvested_weight,False,59.0,55.06353,6.699999999999999,3.515,179.82,438.82045,7.755,420.0,44.0,0.4222727272727272,0.747,0.2,0.1994583989020316,0.24225,0.58625,0.746,0.0088747298404814,0.744,15.89195652173913,36.0,259.66,1015.4,929.63,13.0,3.0,60.0,142.26,6.0,42.0,18.58,172.0,0.5469999999999999,13.0,11.0,3.0,1.63,0.0,0.0,0.0,1,2,40__43
229,2025,43.0,40.0,3.5050000000000003,physical_harvested_weight,False,12.0,9.82891,6.4,2.36,225.3,220.85171,12.11,480.0,45.0,0.4011777777777777,0.708,0.024,0.2249237193053966,0.185,0.633,0.7050000000000001,0.0098501671430647,0.695,15.89195652173913,36.0,259.66,1015.4,929.63,13.0,3.0,60.0,142.26,6.0,42.0,18.052999999999997,173.0,0.6839999999999999,16.0,11.0,3.0,1.63,0.0,0.0,0.0,1,2,40__43
230,2025,43.0,40.0,3.6687443946188343,physical_harvested_weight,False,223.0,222.45567,7.1000000000000005,3.73,184.71,792.107215,3.6633333333333336,445.0,48.0,0.3927291666666666,0.742,0.183,0.1836022353240075,0.2215,0.5745,0.72075,0.0080013703715836,0.742,15.89195652173913,36.0,259.66,1015.4,929.63,13.0,3.0,60.0,142.26,6.0,42.0,18.851,181.0,0.5589999999999999,13.0,11.0,3.0,1.63,0.0,0.0,0.0,1,2,40__43
231,2025,24.0,43.0,1.3324255319148937,physical_harvested_weight,False,235.0,231.50464,7.2625,3.685,204.0575,646.09227125,9.26,453.75,52.0,0.4195192307692308,0.767,0.167,0.2299039507125843,0.1935,0.67,0.7609999999999999,0.0100260534418372,0.749,15.89195652173913,36.0,259.66,1015.4,929.63,13.0,3.0,60.0,142.26,6.0,42.0,21.815,174.0,0.6,20.0,11.0,3.0,1.63,0.0,0.0,0.0,2,1,43__24
232,2025,24.0,43.0,1.8102027027027028,physical_harvested_weight,False,296.0,296.88138,6.609090909090909,3.7290909090909095,211.9754545454545,649.4797309090909,7.533636363636364,452.7272727272728,52.0,0.4008461538461538,0.755,0.16,0.2295786596065618,0.18875,0.626,0.7487999999999999,0.0098994671274423,0.741,15.89195652173913,36.0,259.66,1015.4,929.63,13.0,3.0,60.0,142.26,6.0,42.0,20.843999999999998,173.0,0.595,19.0,11.0,3.0,1.63,0.0,0.0,0.0,2,1,43__24
234,2025,62.0,40.0,4.494857142857143,physical_harvested_weight,False,35.0,36.18,6.5,3.73,181.31,492.74302,14.32,480.0,45.0,0.5158888888888888,0.775,0.186,0.204528316129492,0.311,0.744,0.77325,0.0091528773165276,0.744,15.89195652173913,36.0,259.66,1015.4,929.63,13.0,3.0,60.0,142.26,6.0,42.0,23.214999999999996,173.0,0.589,28.0,11.0,3.0,1.63,0.0,0.0,0.0,1,2,40__62
