field_id,year,crop_id,prev_crop_id,field_tillable_area,field_soil_pH,field_soil_OM,field_soil_P,field_soil_K,field_soil_N,field_soil_Mg,ndvi_n_obs_asof,ndvi_mean_asof,ndvi_max_asof,ndvi_min_asof,ndvi_std_asof,ndvi_p25_asof,ndvi_p75_asof,ndvi_slope_asof,ndvi_last_value_asof,ndvi_integral_asof,ndvi_peak_doy_asof,ndvi_amplitude_asof,ndvi_above_05_days_asof,years_since_sunflower,years_since_wheat,rotation_pair,wx_temp_mean_to_asof,wx_temp_max_to_asof,wx_precip_sum_to_asof,wx_srad_sum_to_asof,wx_vpd_max_to_asof,wx_vpd_mean_to_asof,wx_vpd_days_high_to_asof,wx_et0_sum_to_asof,wx_water_balance_to_asof,wx_gdd_sunflower_to_asof,wx_hot_d30_to_asof,wx_dry_days_to_asof,wx_drought_run_to_asof,wx_heat_run_to_asof,wx_apr_precip,wx_apr_srad,wx_apr_et0,wx_may_precip,wx_may_temp_mean,wx_may_temp_max,wx_may_srad,wx_may_et0,wx_may_vpd_max,wx_jun_precip,wx_jun_temp_mean,wx_jun_temp_max,wx_jun_srad,wx_jun_et0,wx_jun_vpd_max,wx_jun_hot_d30,wx_jul_precip,wx_jul_temp_mean,wx_jul_temp_max,wx_jul_srad,wx_jul_et0,wx_jul_vpd_max,wx_jul_hot_d30,ndvi_anom_mean_asof,ndvi_anom_max_asof,ndvi_anom_min_asof,ndvi_anom_last_value_asof,ndvi_anom_last30d_mean_asof,ndvi_baseline_n_years,sowing_date,harvesting_date,sowing_date_valid,days_after_sowing_asof,sowing_doy,gdd_base_temp,gdd_from_sowing_asof,wx_sow_precip_sum,wx_sow_et0_sum,wx_sow_water_balance,wx_sow_srad_sum,wx_sow_vpd_max,wx_sow_vpd_days_high,wx_sow_hot_d30,wx_sow_dry_days,wx_sow_drought_run,ndvi_sow_n_obs,ndvi_sow_mean,ndvi_sow_max,ndvi_sow_last,ndvi_sow_peak_das,ndvi_at_das_30,ndvi_at_das_45,ndvi_at_das_60,ndvi_at_das_75,ndvi_at_das_90,ndvi_at_das_120,ndvi_sow_peak_gdd,ndvi_at_sow_gdd_200,ndvi_at_sow_gdd_400,ndvi_at_sow_gdd_600,ndvi_at_sow_gdd_800,ndvi_at_sow_gdd_1000,ndvi_at_sow_gdd_1200,ndvi_growth_per_100gdd_from_sow,scout_n_reports_asof,scout_has_report_asof,soil_sample_n_asof,soil_sample_has_asof,soil_sample_days_since_latest,soil_sample_n_tests_asof,soil_sample_latest_soil_K,soil_sample_mean_soil_K,soil_sample_latest_soil_P,soil_sample_mean_soil_P,soil_sample_latest_soil_S,soil_sample_mean_soil_S,soil_sample_latest_soil_Cu,soil_sample_mean_soil_Cu,soil_sample_latest_soil_Fe,soil_sample_mean_soil_Fe,soil_sample_latest_soil_Mg,soil_sample_mean_soil_Mg,soil_sample_latest_soil_Mn,soil_sample_mean_soil_Mn,soil_sample_latest_soil_Mo,soil_sample_mean_soil_Mo,soil_sample_latest_soil_Zn,soil_sample_mean_soil_Zn,soil_sample_latest_soil_pH,soil_sample_mean_soil_pH,soil_sample_latest_soil_N_NO3,soil_sample_mean_soil_N_NO3,soil_sample_latest_soil_organic_matter,soil_sample_mean_soil_organic_matter,soil_sample_latest_soil_B,soil_sample_mean_soil_B,soil_sample_latest_soil_N,soil_sample_mean_soil_N,scout_last_report_doy,scout_days_since_last_report,scout_growth_stage_max,scout_growth_stage_last,scout_risk_yield_decreasing_n,scout_risk_yield_decreasing_any,scout_condition_score_min,scout_condition_score_last,scout_condition_bad_n,scout_condition_not_good_n,scout_threat_reports_n,scout_threat_total_n,scout_threat_disease_any,scout_threat_insect_any,scout_threat_weed_any,standard_name,field_name,prod_crop_ru,target_yield_t_ha,target_source,unit_fix_applied,mgmt_fertilizer_items_n,mgmt_fertilizer_fact_rate_sum,mgmt_seed_items_n,mgmt_seed_fact_rate_sum,mgmt_chemical_items_n,mgmt_chemical_fact_rate_sum,mgmt_fert_N_rate_sum,mgmt_fert_P2O5_rate_sum,mgmt_fert_K2O_rate_sum,mgmt_fert_S_rate_sum,mgmt_fert_Mg_rate_sum,physical_t_ha,productivity_t_ha,prod_fact_t_ha,target_v17,target_v17_source,target_v17_conflict
207,2018,40.0,40.0,110.91,6.875,3.55,244.935,425.663535,5.4125,412.5,46.0,0.4640652173913043,0.8,0.164,0.248029661810833,0.22275,0.742,0.0086878962496199,0.744,21.347,210.0,0.636,20.0,1,99,40__40,13.31065573770492,32.2,226.3,2453.68,3.93,1.625655737704918,45,473.87,-247.57,975.3,7,81,12,2,71.9,427.45,72.12,104.3,8.829032258064515,26.5,523.04,92.05,2.17,21.3,19.726666666666667,32.2,771.79,162.41,3.93,4,28.799999999999997,19.24516129032258,30.8,731.4,147.29,3.41,3,-0.0283114295761331,0.2524546536796538,-0.2342627213695395,0.2159989898989899,0.1324026333837318,11,,,0,,,,,,,,,,,,,,,,,,,,,,,,,,,,,,,,,0,0,0,0,,,,,,,,,,,,,,,,,,,,,,,,,,,,,,,,,,,,,,,,,,,,,,sunflower,Александров ключ,Подсолнечник,3.496,v17_prod_fact_t_ha,True,,,,,,,,,,,,,3.496,3.496,3.496,prod_fact_t_ha,False
209,2018,40.0,44.0,301.65,7.042857142857143,3.5357142857142856,171.9557142857143,277.5815457142857,7.35,437.1428571428572,54.0,0.5043703703703704,0.756,0.168,0.2104629197829549,0.2785,0.72375,0.0078871171097135,0.695,27.236,208.0,0.588,29.0,2,1,44__40,13.511475409836066,32.0,234.3,2474.03,3.93,1.6140983606557378,42,487.8,-253.50000000000003,996.8000000000002,5,81,12,2,63.4,434.49,74.98,101.3,8.935483870967742,26.8,529.24,95.22,2.41,23.2,20.126666666666665,32.0,775.11,167.64,3.93,4,46.4,19.32903225806452,30.0,735.19,149.96,3.25,1,-0.0033592053236466,0.0973648629148628,-0.0884711038961039,0.0666427456382002,0.0505806242093534,11,,,0,,,,,,,,,,,,,,,,,,,,,,,,,,,,,,,,,0,0,0,0,,,,,,,,,,,,,,,,,,,,,,,,,,,,,,,,,,,,,,,,,,,,,,sunflower,Козлов Увал левый,Подсолнечник,1.7399999999999998,v17_prod_fact_t_ha,True,,,,,,,,,,,,,1.7399999999999998,1.7399999999999998,1.7399999999999998,prod_fact_t_ha,False
210,2018,21.0,44.0,247.0,7.2125,3.72,230.06625,480.10587375,9.455,423.75,53.0,0.4518867924528301,0.714,0.177,0.1873141504468793,0.305,0.648,0.0069403257335242,0.712,23.949999999999996,209.0,0.5369999999999999,21.0,2,1,44__21,13.511475409836066,32.0,234.3,2474.03,3.93,1.6140983606557378,42,487.8,-253.50000000000003,996.8000000000002,5,81,12,2,63.4,434.49,74.98,101.3,8.935483870967742,26.8,529.24,95.22,2.41,23.2,20.126666666666665,32.0,775.11,167.64,3.93,4,46.4,19.32903225806452,30.0,735.19,149.96,3.25,1,-0.0613088361416008,0.0797041191132098,-0.1882465531942805,0.0797041191132098,0.0188696379693538,11,,,0,,,,,,,,,,,,,,,,,,,,,,,,,,,,,,,,,0,0,0,0,,,,,,,,,,,,,,,,,,,,,,,,,,,,,,,,,,,,,,,,,,,,,,oil_seed_raps_winter,Козлов увал правый,Рапс озимый,0.978,v17_prod_fact_t_ha,True,,,,,,,,,,,,,0.978,0.978,0.978,prod_fact_t_ha,False
227,2018,40.0,40.0,346.0,6.953846153846154,3.8015384615384615,195.0484615384616,763.0697146153847,10.056153846153848,475.38461538461536,52.0,0.443076923076923,0.743,0.172,0.216498964836204,0.2465,0.6972499999999999,0.0075229495406591,0.698,23.039999999999996,210.0,0.571,21.0,1,99,40__40,13.31065573770492,32.2,226.3,2453.68,3.93,1.625655737704918,45,473.87,-247.57,975.3,7,81,12,2,71.9,427.45,72.12,104.3,8.829032258064515,26.5,523.04,92.05,2.17,21.3,19.726666666666667,32.2,771.79,162.41,3.93,4,28.799999999999997,19.24516129032258,30.8,731.4,147.29,3.41,3,-0.037957260415381,0.1262599927849927,-0.1863816849816849,0.1050610389610389,0.0480838164639719,11,,,0,,,,,,,,,,,,,,,,,,,,,,,,,,,,,,,,,0,0,0,0,,,,,,,,,,,,,,,,,,,,,,,,,,,,,,,,,,,,,,,,,,,,,,sunflower,Большая Семёниха СК,Подсолнечник,2.613,v17_prod_fact_t_ha,True,,,,,,,,,,,,,2.613,2.613,2.613,prod_fact_t_ha,False
228,2018,16.0,40.0,59.0,6.699999999999999,3.515,179.82,438.82045,7.755,420.0,46.0,0.4166521739130435,0.629,0.184,0.1212523809522041,0.30425,0.52125,0.0046957074303096,0.629,19.166,212.0,0.445,17.0,1,99,40__16,13.139344262295085,31.8,242.90000000000003,2438.63,3.72,1.5836065573770493,43,459.46,-216.55999999999997,954.8,5,78,12,2,72.2,423.51,69.33,106.5,8.741935483870968,26.6,519.05,89.07,2.25,24.9,19.209999999999997,31.8,768.8199999999999,155.38,3.72,4,39.3,19.335483870967742,30.7,727.25,145.68,3.34,1,-0.09359666205391,0.0460461662075297,-0.1652070346320346,0.0460461662075297,-0.0814772502537335,11,,,0,,,,,,,,,,,,,,,,,,,,,,,,,,,,,,,,,0,0,0,0,,,,,,,,,,,,,,,,,,,,,,,,,,,,,,,,,,,,,,,,,,,,,,maize,Бонн 1,Кукуруза,3.312,v17_prod_fact_t_ha,True,,,,,,,,,,,,,3.312,3.312,3.312,prod_fact_t_ha,False
229,2018,16.0,40.0,12.0,6.4,2.36,225.3,220.85171,12.11,480.0,41.0,0.4389268292682927,0.577,0.075,0.1154595040915576,0.35,0.522,0.0042690843857484,0.573,17.996000000000002,210.0,0.502,18.0,1,99,40__16,13.139344262295085,31.8,242.90000000000003,2438.63,3.72,1.5836065573770493,43,459.46,-216.55999999999997,954.8,5,78,12,2,72.2,423.51,69.33,106.5,8.741935483870968,26.6,519.05,89.07,2.25,24.9,19.209999999999997,31.8,768.8199999999999,155.38,3.72,4,39.3,19.335483870967742,30.7,727.25,145.68,3.34,1,-0.0188784038054141,0.0491680670339761,-0.0729968614718614,0.0491680670339761,-0.0151943655712973,11,,,0,,,,,,,,,,,,,,,,,,,,,,,,,,,,,,,,,0,0,0,0,,,,,,,,,,,,,,,,,,,,,,,,,,,,,,,,,,,,,,,,,,,,,,maize,Бонн 2,Кукуруза,3.312,v17_prod_fact_t_ha,True,,,,,,,,,,,,,3.312,3.312,3.312,prod_fact_t_ha,False
231,2018,36.0,43.0,235.0,7.2625,3.685,204.0575,646.09227125,9.26,453.75,50.0,0.45732,0.712,0.158,0.1880723733034706,0.26675,0.64575,0.0069117807411773,0.704,22.866,208.0,0.5539999999999999,26.0,2,1,43__36,13.31065573770492,32.2,226.3,2453.68,3.93,1.625655737704918,45,473.87,-247.57,975.3,7,81,12,2,71.9,427.45,72.12,104.3,8.829032258064515,26.5,523.04,92.05,2.17,21.3,19.726666666666667,32.2,771.79,162.41,3.93,4,28.799999999999997,19.24516129032258,30.8,731.4,147.29,3.41,3,-0.0424757114152261,0.1091137675455855,-0.1567686147186147,0.1091137675455855,0.007748994780472,11,,,0,,,,,,,,,,,,,,,,,,,,,,,,,,,,,,,,,0,0,0,0,,,,,,,,,,,,,,,,,,,,,,,,,,,,,,,,,,,,,,,,,,,,,,soya,Давыдкин увал левый,Соя,0.93,v17_prod_fact_t_ha,True,,,,,,,,,,,,,0.93,0.93,0.93,prod_fact_t_ha,False
232,2018,36.0,43.0,296.0,6.609090909090909,3.7290909090909095,211.9754545454545,649.4797309090909,7.533636363636364,452.7272727272728,49.0,0.4882244897959184,0.673,0.161,0.1924949260191214,0.267,0.654,0.0068174506770869,0.647,23.923,190.0,0.512,30.0,2,1,43__36,13.31065573770492,32.2,226.3,2453.68,3.93,1.625655737704918,45,473.87,-247.57,975.3,7,81,12,2,71.9,427.45,72.12,104.3,8.829032258064515,26.5,523.04,92.05,2.17,21.3,19.726666666666667,32.2,771.79,162.41,3.93,4,28.799999999999997,19.24516129032258,30.8,731.4,147.29,3.41,3,-0.0153913709116074,0.0325467794831431,-0.0712924999999999,0.0325467794831431,-0.0118033479916547,11,,,0,,,,,,,,,,,,,,,,,,,,,,,,,,,,,,,,,0,0,0,0,,,,,,,,,,,,,,,,,,,,,,,,,,,,,,,,,,,,,,,,,,,,,,soya,Давыдкин увал правый,Соя,0.9,v17_prod_fact_t_ha,True,,,,,,,,,,,,,0.9,0.9,0.9,prod_fact_t_ha,False
207,2019,43.0,40.0,110.91,6.875,3.55,244.935,425.663535,5.4125,412.5,56.0,0.447375,0.737,0.167,0.2401877660215619,0.175,0.6902499999999999,0.0068632903310175,0.494,25.053,187.0,0.57,28.0,1,99,40__43,12.984426229508198,30.0,278.0,2594.9100000000003,3.03,1.3779508196721313,21,460.6,-182.6,916.9,1,81,16,1,51.4,477.14,73.63,63.1,9.712903225806452,25.9,688.78,113.15,2.28,101.8,16.436666666666667,28.5,700.99,124.64,2.3,0,61.7,20.04516129032258,30.0,728.0,149.18,3.03,1,0.0204451976256831,0.105040254190254,-0.0517219598583235,0.0201631042568543,0.0551845310063112,12,,,0,,,,,,,,,,,,,,,,,,,,,,,,,,,,,,,,,0,0,0,0,,,,,,,,,,,,,,,,,,,,,,,,,,,,,,,,,,,,,,,,,,,,,,wheat_spring,Александров ключ,Пшеница яровая,3.5799999999999996,v17_prod_fact_t_ha,True,,,,,,,,,,,,,3.5799999999999996,3.5799999999999996,3.5799999999999996,prod_fact_t_ha,False
208,2019,40.0,40.0,130.0,6.8,3.916,202.758,706.31834,5.7,504.0,55.0,0.4560727272727273,0.699,0.158,0.2137209611998747,0.2175,0.6395,0.0064538872187441,0.697,25.084000000000003,196.0,0.5409999999999999,30.0,1,99,40__40,12.258196721311476,28.4,284.70000000000005,2611.48,2.62,1.2865573770491805,16,460.44,-175.73999999999995,849.4000000000001,0,81,13,0,45.9,486.12,73.82,70.1,9.151612903225804,25.0,693.09,114.07,2.17,103.4,15.61,26.6,702.02,122.46,2.13,0,65.3,19.27741935483871,28.4,730.25,150.09,2.62,0,-0.0027780121160171,0.0554203241203241,-0.1095716033966033,0.033652417027417,0.0148131023910853,12,,,0,,,,,,,,,,,,,,,,,,,,,,,,,,,,,,,,,0,0,0,0,,,,,,,,,,,,,,,,,,,,,,,,,,,,,,,,,,,,,,,,,,,,,,sunflower,Карелкино,Подсолнечник,2.133,v17_prod_fact_t_ha,True,,,,,,,,,,,,,2.133,2.133,2.133,prod_fact_t_ha,False
210,2019,40.0,21.0,247.0,7.2125,3.72,230.06625,480.10587375,9.455,423.75,58.0,0.4618275862068965,0.756,0.168,0.2367696492906303,0.20775,0.708,0.006908301135666,0.73,26.786,193.0,0.588,30.0,3,2,21__40,13.242622950819673,29.9,286.7,2603.8899999999994,2.99,1.3804918032786886,21,471.6799999999999,-184.97999999999996,946.8,0,82,15,0,49.4,480.41,76.11,67.3,9.941935483870967,26.0,690.37,115.65,2.34,112.4,16.666666666666668,27.9,703.74,126.81,2.34,0,57.6,20.270967741935483,29.9,729.37,153.11,2.99,0,0.018136773435009,0.0958622685185184,-0.1195596615505706,0.0958622685185184,0.0784209116838022,12,,,0,,,,,,,,,,,,,,,,,,,,,,,,,,,,,,,,,0,0,0,0,,,,,,,,,,,,,,,,,,,,,,,,,,,,,,,,,,,,,,,,,,,,,,sunflower,Козлов увал правый,Подсолнечник,1.9649999999999999,v17_prod_fact_t_ha,True,,,,,,,,,,,,,1.9649999999999999,1.9649999999999999,1.9649999999999999,prod_fact_t_ha,False
211,2019,40.0,,93.0,6.245,4.8,25.325,403.5,,342.0,52.0,0.4668461538461539,0.741,0.176,0.2261372442885909,0.20275,0.702,0.0067064116578562,0.698,24.276000000000003,194.0,0.565,28.0,99,2,-1__40,13.242622950819673,29.9,286.7,2603.8899999999994,2.99,1.3804918032786886,21,471.6799999999999,-184.97999999999996,946.8,0,82,15,0,49.4,480.41,76.11,67.3,9.941935483870967,26.0,690.37,115.65,2.34,112.4,16.666666666666668,27.9,703.74,126.81,2.34,0,57.6,20.270967741935483,29.9,729.37,153.11,2.99,0,0.0254890481786649,0.0957728505291005,-0.0873469696969697,0.0761202621452621,0.08487848545394,12,,,0,,,,,,,,,,,,,,,,,,,,,,,,,,,,,,,,,0,0,0,0,,,,,,,,,,,,,,,,,,,,,,,,,,,,,,,,,,,,,,,,,,,,,,sunflower,Козлов ув.пр(низ) 05-080-025-208,Подсолнечник,1.8679999999999999,v17_prod_fact_t_ha,True,,,,,,,,,,,,,1.8679999999999999,1.8679999999999999,1.8679999999999999,prod_fact_t_ha,False
215,2019,40.0,40.0,79.0,6.666666666666667,3.776666666666667,192.12,392.99891,12.116666666666667,430.0,50.0,0.4235199999999999,0.717,0.146,0.2114333218771346,0.20025,0.647,0.0063278092913157,0.717,21.176,212.0,0.571,23.0,1,99,40__40,12.862295081967211,29.8,315.30000000000007,2590.3599999999997,2.86,1.3685245901639342,20,454.01,-138.70999999999992,902.3,0,81,16,0,55.7,479.8,72.1,68.2,9.78064516129032,25.9,687.07,113.08,2.28,113.2,16.256666666666668,28.4,696.59,121.82,2.32,0,78.2,19.996774193548383,29.8,726.9,147.01,2.86,0,-0.0494280765259614,0.1156,-0.206423494687131,0.1156,0.0335964485976985,12,,,0,,,,,,,,,,,,,,,,,,,,,,,,,,,,,,,,,0,0,0,0,,,,,,,,,,,,,,,,,,,,,,,,,,,,,,,,,,,,,,,,,,,,,,sunflower,Лоскутиха,Подсолнечник,1.672,v17_prod_fact_t_ha,True,,,,,,,,,,,,,1.672,1.672,1.672,prod_fact_t_ha,False
216,2019,40.0,40.0,37.0,6.4,3.71,242.68,688.96085,7.64,540.0,47.0,0.5341702127659573,0.737,0.168,0.2171155510712579,0.2705,0.7144999999999999,0.00689521262816,0.714,25.105999999999995,195.0,0.569,29.0,1,99,40__40,12.862295081967211,29.8,315.30000000000007,2590.3599999999997,2.86,1.3685245901639342,20,453.30999999999995,-138.00999999999988,902.3,0,81,16,0,55.7,479.8,71.94,68.2,9.78064516129032,25.9,687.07,112.9,2.28,113.2,16.256666666666668,28.4,696.59,121.62,2.32,0,78.2,19.996774193548383,29.8,726.9,146.85,2.86,0,-0.0109620259042121,0.113491652097902,-0.1652658074248983,0.0499795454545454,0.0240745113206098,12,,,0,,,,,,,,,,,,,,,,,,,,,,,,,,,,,,,,,0,0,0,0,,,,,,,,,,,,,,,,,,,,,,,,,,,,,,,,,,,,,,,,,,,,,,sunflower,Никитушкин,Подсолнечник,1.95,v17_prod_fact_t_ha,True,,,,,,,,,,,,,1.95,1.95,1.95,prod_fact_t_ha,False
217,2019,40.0,40.0,408.0,6.94,3.484666666666667,201.10266666666664,313.7409,4.662000000000001,472.0,57.0,0.4450526315789472,0.715,0.165,0.2243341352702721,0.206,0.649,0.0065895875475607,0.708,25.367999999999995,209.0,0.5499999999999999,29.0,1,99,40__40,12.258196721311476,28.4,284.70000000000005,2611.48,2.62,1.2865573770491805,16,460.44,-175.73999999999995,849.4000000000001,0,81,13,0,45.9,486.12,73.82,70.1,9.151612903225804,25.0,693.09,114.07,2.17,103.4,15.61,26.6,702.02,122.46,2.13,0,65.3,19.27741935483871,28.4,730.25,150.09,2.62,0,0.0275706279196843,0.143286485042735,-0.0947065906315905,0.0975485209235209,0.0584062035042503,12,,,0,,,,,,,,,,,,,,,,,,,,,,,,,,,,,,,,,0,0,0,0,,,,,,,,,,,,,,,,,,,,,,,,,,,,,,,,,,,,,,,,,,,,,,sunflower,Овчинников увал,Подсолнечник,1.9620000000000002,v17_prod_fact_t_ha,True,,,,,,,,,,,,,1.9620000000000002,1.9620000000000002,1.9620000000000002,prod_fact_t_ha,False
219,2019,40.0,40.0,210.0,6.8,3.69625,212.37625,656.214605,8.491249999999999,446.25,53.0,0.4221509433962265,0.718,0.163,0.2147913771701675,0.187,0.632,0.0062368519381932,0.718,22.37400000000001,213.0,0.5549999999999999,22.0,1,2,40__40,13.242622950819673,29.9,286.7,2603.8899999999994,2.99,1.3804918032786886,21,471.6799999999999,-184.97999999999996,946.8,0,82,15,0,49.4,480.41,76.11,67.3,9.941935483870967,26.0,690.37,115.65,2.34,112.4,16.666666666666668,27.9,703.74,126.81,2.34,0,57.6,20.270967741935483,29.9,729.37,153.11,2.99,0,-0.0131089805372366,0.1045998857623856,-0.0882511937557391,0.1045998857623856,0.042882293809673,12,,,0,,,,,,,,,,,,,,,,,,,,,,,,,,,,,,,,,0,0,0,0,,,,,,,,,,,,,,,,,,,,,,,,,,,,,,,,,,,,,,,,,,,,,,sunflower,Подхозный увал 1,Подсолнечник,2.273,v17_prod_fact_t_ha,True,,,,,,,,,,,,,2.273,2.273,2.273,prod_fact_t_ha,False
220,2019,40.0,40.0,25.0,7.3,3.74,197.06,380.11444,6.0,420.0,49.0,0.5070816326530612,0.719,0.171,0.1914544584558964,0.308,0.687,0.0060816153754364,0.711,24.847,193.0,0.5479999999999999,29.0,1,99,40__40,12.258196721311476,28.4,284.70000000000005,2611.48,2.62,1.2865573770491805,16,460.44,-175.73999999999995,849.4000000000001,0,81,13,0,45.9,486.12,73.82,70.1,9.151612903225804,25.0,693.09,114.07,2.17,103.4,15.61,26.6,702.02,122.46,2.13,0,65.3,19.27741935483871,28.4,730.25,150.09,2.62,0,0.0081420575496333,0.0860236772486772,-0.1167053719008264,0.0860236772486772,0.0510284785198492,12,,,0,,,,,,,,,,,,,,,,,,,,,,,,,,,,,,,,,0,0,0,0,,,,,,,,,,,,,,,,,,,,,,,,,,,,,,,,,,,,,,,,,,,,,,sunflower,Сапог,Подсолнечник,2.7649999999999997,v17_prod_fact_t_ha,True,,,,,,,,,,,,,2.7649999999999997,2.7649999999999997,2.7649999999999997,prod_fact_t_ha,False
221,2019,40.0,,8.0,,,,,,,47.0,0.5585106382978724,0.741,0.181,0.2012462102025008,0.3365,0.724,0.00647570936637,0.712,26.250000000000004,193.0,0.56,30.0,99,99,-1__40,12.862295081967211,29.8,315.30000000000007,2590.3599999999997,2.86,1.3685245901639342,20,453.30999999999995,-138.00999999999988,902.3,0,81,16,0,55.7,479.8,71.94,68.2,9.78064516129032,25.9,687.07,112.9,2.28,113.2,16.256666666666668,28.4,696.59,121.62,2.32,0,78.2,19.996774193548383,29.8,726.9,146.85,2.86,0,-0.0006817495201512,0.0414653018278017,-0.0654982782369145,0.0354285353535352,0.016754145746229,12,,,0,,,,,,,,,,,,,,,,,,,,,,,,,,,,,,,,,0,0,0,0,,,,,,,,,,,,,,,,,,,,,,,,,,,,,,,,,,,,,,,,,,,,,,sunflower,Сметанина пасека (низ огород) 05-080-025-120,Подсолнечник,1.982,v17_prod_fact_t_ha,True,,,,,,,,,,,,,1.982,1.982,1.982,prod_fact_t_ha,False
222,2019,40.0,40.0,62.0,6.9,3.725,206.315,278.80506,4.845,420.0,51.0,0.4373725490196078,0.709,0.167,0.2097300749641855,0.202,0.655,0.0064119120670201,0.709,22.306,213.0,0.5419999999999999,25.0,1,99,40__40,12.258196721311476,28.4,284.70000000000005,2611.48,2.62,1.2865573770491805,16,460.44,-175.73999999999995,849.4000000000001,0,81,13,0,45.9,486.12,73.82,70.1,9.151612903225804,25.0,693.09,114.07,2.17,103.4,15.61,26.6,702.02,122.46,2.13,0,65.3,19.27741935483871,28.4,730.25,150.09,2.62,0,-0.0184754897159518,0.1292171206108706,-0.1548530303030303,0.1292171206108706,0.0578764770096801,12,,,0,,,,,,,,,,,,,,,,,,,,,,,,,,,,,,,,,0,0,0,0,,,,,,,,,,,,,,,,,,,,,,,,,,,,,,,,,,,,,,,,,,,,,,sunflower,Соколки 1,Подсолнечник,2.648,v17_prod_fact_t_ha,True,,,,,,,,,,,,,2.648,2.648,2.648,prod_fact_t_ha,False
223,2019,40.0,40.0,70.0,6.433333333333334,3.6633333333333336,175.33333333333334,560.82853,6.72,430.0,56.0,0.438,0.745,0.122,0.230115266147828,0.193,0.6815,0.0067286386546664,0.705,24.528,191.0,0.623,28.0,1,99,40__40,12.258196721311476,28.4,284.70000000000005,2611.48,2.62,1.2865573770491805,16,460.44,-175.73999999999995,849.4000000000001,0,81,13,0,45.9,486.12,73.82,70.1,9.151612903225804,25.0,693.09,114.07,2.17,103.4,15.61,26.6,702.02,122.46,2.13,0,65.3,19.27741935483871,28.4,730.25,150.09,2.62,0,-0.013281652038121,0.1125816290191289,-0.1568645271395272,0.1121329365079365,0.0758885021568845,12,,,0,,,,,,,,,,,,,,,,,,,,,,,,,,,,,,,,,0,0,0,0,,,,,,,,,,,,,,,,,,,,,,,,,,,,,,,,,,,,,,,,,,,,,,sunflower,Соколки 2,Подсолнечник,2.6510000000000002,v17_prod_fact_t_ha,True,,,,,,,,,,,,,2.6510000000000002,2.6510000000000002,2.6510000000000002,prod_fact_t_ha,False
224,2019,40.0,40.0,104.0,6.5,3.808,191.728,598.903534,18.618,516.0,54.0,0.4867222222222221,0.736,0.159,0.2240788896023721,0.22975,0.7035,0.0066527273360175,0.716,26.283,199.0,0.577,32.0,1,99,40__40,12.862295081967211,29.8,315.30000000000007,2590.3599999999997,2.86,1.3685245901639342,20,453.30999999999995,-138.00999999999988,902.3,0,81,16,0,55.7,479.8,71.94,68.2,9.78064516129032,25.9,687.07,112.9,2.28,113.2,16.256666666666668,28.4,696.59,121.62,2.32,0,78.2,19.996774193548383,29.8,726.9,146.85,2.86,0,0.0035840407095445,0.0675217953342953,-0.1106333464515282,0.0568588293650793,0.0379258844865852,12,,,0,,,,,,,,,,,,,,,,,,,,,,,,,,,,,,,,,0,0,0,0,,,,,,,,,,,,,,,,,,,,,,,,,,,,,,,,,,,,,,,,,,,,,,sunflower,Холодный ключ,Подсолнечник,3.961,v17_prod_fact_t_ha,True,,,,,,,,,,,,,3.961,3.961,3.961,prod_fact_t_ha,False
225,2019,40.0,,4.0,,,,,,,48.0,0.5362916666666666,0.75,0.144,0.2074536050877132,0.349,0.7022499999999999,0.006102999132357,0.699,25.741999999999997,187.0,0.606,28.0,99,99,-1__40,12.862295081967211,29.8,315.30000000000007,2590.3599999999997,2.86,1.3685245901639342,20,453.30999999999995,-138.00999999999988,902.3,0,81,16,0,55.7,479.8,71.94,68.2,9.78064516129032,25.9,687.07,112.9,2.28,113.2,16.256666666666668,28.4,696.59,121.62,2.32,0,78.2,19.996774193548383,29.8,726.9,146.85,2.86,0,-0.0213982366930565,0.0547239417989418,-0.1519111111111111,0.0547239417989418,0.0183330478076216,12,,,0,,,,,,,,,,,,,,,,,,,,,,,,,,,,,,,,,0,0,0,0,,,,,,,,,,,,,,,,,,,,,,,,,,,,,,,,,,,,,,,,,,,,,,sunflower,Холодный ключ (сенокос) 05-080-025-120,Подсолнечник,3.961,v17_prod_fact_t_ha,True,,,,,,,,,,,,,3.961,3.961,3.961,prod_fact_t_ha,False
226,2019,40.0,40.0,40.0,7.2,3.79,218.81,806.48818,8.56,420.0,48.0,0.4801041666666666,0.728,0.144,0.1965769823317035,0.261,0.64775,0.0061147212284355,0.724,23.045,209.0,0.584,27.0,1,99,40__40,12.984426229508198,30.0,278.0,2594.9100000000003,3.03,1.3779508196721313,21,460.6,-182.6,916.9,1,81,16,1,51.4,477.14,73.63,63.1,9.712903225806452,25.9,688.78,113.15,2.28,101.8,16.436666666666667,28.5,700.99,124.64,2.3,0,61.7,20.04516129032258,30.0,728.0,149.18,3.03,1,-0.0182098175556444,0.1069798941798941,-0.133620165945166,0.1069798941798941,0.0216041410287243,12,,,0,,,,,,,,,,,,,,,,,,,,,,,,,,,,,,,,,0,0,0,0,,,,,,,,,,,,,,,,,,,,,,,,,,,,,,,,,,,,,,,,,,,,,,sunflower,Штаны,Подсолнечник,2.9829999999999997,v17_prod_fact_t_ha,True,,,,,,,,,,,,,2.9829999999999997,2.9829999999999997,2.9829999999999997,prod_fact_t_ha,False
227,2019,20.0,40.0,346.0,6.953846153846154,3.8015384615384615,195.0484615384616,763.0697146153847,10.056153846153848,475.38461538461536,58.0,0.4076896551724138,0.667,0.144,0.2045418941065831,0.195,0.63275,0.0060308338043637,0.666,23.646000000000004,212.0,0.523,24.0,1,99,40__20,12.984426229508198,30.0,278.0,2594.9100000000003,3.03,1.3779508196721313,21,460.6,-182.6,916.9,1,81,16,1,51.4,477.14,73.63,63.1,9.712903225806452,25.9,688.78,113.15,2.28,101.8,16.436666666666667,28.5,700.99,124.64,2.3,0,61.7,20.04516129032258,30.0,728.0,149.18,3.03,1,-0.0195419020628262,0.0665642857142857,-0.0999047568172567,0.0665642857142857,-0.0199377761942392,12,,,0,,,,,,,,,,,,,,,,,,,,,,,,,,,,,,,,,0,0,0,0,,,,,,,,,,,,,,,,,,,,,,,,,,,,,,,,,,,,,,,,,,,,,,oil_seed_raps_spring,Большая Семёниха СК,Рапс яровой,1.161,v17_prod_fact_t_ha,True,,,,,,,,,,,,,1.161,1.161,1.161,prod_fact_t_ha,False
228,2019,36.0,16.0,59.0,6.699999999999999,3.515,179.82,438.82045,7.755,420.0,46.0,0.355195652173913,0.752,0.185,0.1698377255634762,0.19975,0.529,0.0046583084220552,0.752,16.339,213.0,0.567,12.0,2,99,16__36,12.862295081967211,29.8,315.30000000000007,2590.3599999999997,2.86,1.3685245901639342,20,453.30999999999995,-138.00999999999988,902.3,0,81,16,0,55.7,479.8,71.94,68.2,9.78064516129032,25.9,687.07,112.9,2.28,113.2,16.256666666666668,28.4,696.59,121.62,2.32,0,78.2,19.996774193548383,29.8,726.9,146.85,2.86,0,-0.0791549978469902,0.1371839736652236,-0.1928201899951899,0.1371839736652236,-0.0338780064517668,12,,,0,,,,,,,,,,,,,,,,,,,,,,,,,,,,,,,,,0,0,0,0,,,,,,,,,,,,,,,,,,,,,,,,,,,,,,,,,,,,,,,,,,,,,,soya,Бонн 1,Соя,1.468,v17_prod_fact_t_ha,True,,,,,,,,,,,,,1.468,1.468,1.468,prod_fact_t_ha,False
229,2019,36.0,16.0,12.0,6.4,2.36,225.3,220.85171,12.11,480.0,48.0,0.3707916666666667,0.626,0.081,0.2045092661239474,0.14725,0.59725,0.0058891203569177,0.615,17.798000000000002,187.0,0.545,22.0,2,99,16__36,12.862295081967211,29.8,315.30000000000007,2590.3599999999997,2.86,1.3685245901639342,20,453.30999999999995,-138.00999999999988,902.3,0,81,16,0,55.7,479.8,71.94,68.2,9.78064516129032,25.9,687.07,112.9,2.28,113.2,16.256666666666668,28.4,696.59,121.62,2.32,0,78.2,19.996774193548383,29.8,726.9,146.85,2.86,0,-0.0071854481571333,0.0819309523809522,-0.080710606060606,0.0791161766474265,0.0553062350528259,12,,,0,,,,,,,,,,,,,,,,,,,,,,,,,,,,,,,,,0,0,0,0,,,,,,,,,,,,,,,,,,,,,,,,,,,,,,,,,,,,,,,,,,,,,,soya,Бонн 2,Соя,1.468,v17_prod_fact_t_ha,True,,,,,,,,,,,,,1.468,1.468,1.468,prod_fact_t_ha,False
230,2019,44.0,40.0,223.0,7.1000000000000005,3.73,184.71,792.107215,3.6633333333333336,445.0,56.0,0.5285535714285715,0.761,0.163,0.2119838201072074,0.3175,0.735,0.0051845304827322,0.41,29.599000000000004,171.0,0.598,32.0,1,99,40__44,13.242622950819673,29.9,286.7,2603.8899999999994,2.99,1.3804918032786886,21,471.6799999999999,-184.97999999999996,946.8,0,82,15,0,49.4,480.41,76.11,67.3,9.941935483870967,26.0,690.37,115.65,2.34,112.4,16.666666666666668,27.9,703.74,126.81,2.34,0,57.6,20.270967741935483,29.9,729.37,153.11,2.99,0,0.0798016779203349,0.2722726662226662,-0.194284196127946,-0.1922428781866281,-0.0097009211981434,12,,,0,,,,,,,,,,,,,,,,,,,,,,,,,,,,,,,,,0,0,0,0,,,,,,,,,,,,,,,,,,,,,,,,,,,,,,,,,,,,,,,,,,,,,,wheat_winter,Бригадная стрелка,Пшеница озимая,4.503,v17_prod_fact_t_ha,True,,,,,,,,,,,,,4.503,4.503,4.503,prod_fact_t_ha,False
231,2019,44.0,36.0,235.0,7.2625,3.685,204.0575,646.09227125,9.26,453.75,59.0,0.5217627118644068,0.767,0.201,0.2205935244207649,0.2815,0.7435,0.0056972044388686,0.396,30.784,178.0,0.5660000000000001,32.0,3,2,36__44,12.984426229508198,30.0,278.0,2594.9100000000003,3.03,1.3779508196721313,21,460.6,-182.6,916.9,1,81,16,1,51.4,477.14,73.63,63.1,9.712903225806452,25.9,688.78,113.15,2.28,101.8,16.436666666666667,28.5,700.99,124.64,2.3,0,61.7,20.04516129032258,30.0,728.0,149.18,3.03,1,0.0885244702720989,0.257651497113997,-0.180576446007696,-0.180576446007696,0.0377509402090284,12,,,0,,,,,,,,,,,,,,,,,,,,,,,,,,,,,,,,,0,0,0,0,,,,,,,,,,,,,,,,,,,,,,,,,,,,,,,,,,,,,,,,,,,,,,wheat_winter,Давыдкин увал левый,Пшеница озимая,4.303,v17_prod_fact_t_ha,True,,,,,,,,,,,,,4.303,4.303,4.303,prod_fact_t_ha,False
232,2019,44.0,36.0,296.0,6.609090909090909,3.7290909090909095,211.9754545454545,649.4797309090909,7.533636363636364,452.7272727272728,56.0,0.5109107142857142,0.757,0.182,0.2118302282477404,0.27775,0.7224999999999999,0.0051968285452487,0.335,28.610999999999997,178.0,0.575,30.0,3,2,36__44,12.984426229508198,30.0,278.0,2594.9100000000003,3.03,1.3779508196721313,21,460.6,-182.6,916.9,1,81,16,1,51.4,477.14,73.63,63.1,9.712903225806452,25.9,688.78,113.15,2.28,101.8,16.436666666666667,28.5,700.99,124.64,2.3,0,61.7,20.04516129032258,30.0,728.0,149.18,3.03,1,0.0759879518622638,0.3266399320376593,-0.2545399200336701,-0.2545399200336701,-0.0295611335857429,12,,,0,,,,,,,,,,,,,,,,,,,,,,,,,,,,,,,,,0,0,0,0,,,,,,,,,,,,,,,,,,,,,,,,,,,,,,,,,,,,,,,,,,,,,,wheat_winter,Давыдкин увал правый,Пшеница озимая,3.404,v17_prod_fact_t_ha,True,,,,,,,,,,,,,3.404,3.404,3.404,prod_fact_t_ha,False
207,2020,20.0,43.0,110.91,6.875,3.55,244.935,425.663535,5.4125,412.5,47.0,0.3665744680851063,0.61,0.159,0.1552282800348873,0.2135,0.5335000000000001,0.0055037630584655,0.553,17.229,199.0,0.4509999999999999,17.0,2,1,43__20,15.37704918032787,34.6,166.29999999999998,2754.87,4.07,1.7613114754098358,45,525.0400000000001,-358.7400000000001,1180.1,6,91,14,5,32.6,564.9,95.81,14.4,15.65483870967742,29.8,743.2,141.02,2.81,47.2,17.04,30.3,722.21,139.34,3.12,1,72.1,20.16774193548387,34.6,724.5600000000001,148.87,4.07,5,-0.0672290416689559,-0.0065295965608465,-0.1347043134216212,-0.0392776556776556,-0.0608069604443729,13,2020-05-10,2020-09-20,1,83.0,131.0,5.0,1107.9,123.9,395.5100000000001,-271.61000000000007,1985.47,4.07,40.0,6.0,60.0,14.0,40.0,0.3914071428571429,0.5737142857142857,0.5558571428571429,69.0,0.3432142857142857,0.4938571428571428,0.5511428571428572,0.5545,,,909.5,0.2218285714285714,0.3760855130784708,0.5288888888888889,0.554732268907563,0.553551201011378,,0.0474775805439716,0,0,4,1,213.0,1.0,447.0,447.0,44.3,44.3,7.3975,7.3975,0.1425,0.1425,1.835,1.835,379.5,379.5,24.925,24.925,0.1725,0.1725,0.5325,0.5325,6.475,6.475,5.550000000000001,5.550000000000001,5.275,5.275,,,,,,,,,,,,,,,,,,,,oil_seed_raps_spring,Александров ключ,Рапс яровой,0.438,v17_prod_fact_t_ha,True,,,,,,,,,,,,,4.38,0.438,0.438,prod_fact_t_ha,False
208,2020,43.0,40.0,130.0,6.8,3.916,202.758,706.31834,5.7,504.0,48.0,0.4292916666666667,0.524,0.206,0.0886542813248306,0.3895,0.50525,0.0027468941380284,0.465,20.606,177.0,0.318,14.0,1,99,40__43,14.767213114754098,33.5,196.8,2761.42,4.03,1.6415573770491807,36,535.0,-338.2,1117.0,2,92,14,2,31.0,562.48,93.87,19.1,15.287096774193548,28.8,748.3,145.82,2.74,55.7,16.41,29.9,715.78,141.46,3.09,0,91.0,19.44193548387097,33.5,734.86,153.85,4.03,2,-0.0498294292151595,0.0764526124338624,-0.2256131535131534,-0.2256131535131534,-0.1757426552080398,13,,,0,,,,,,,,,,,,,,,,,,,,,,,,,,,,,,,,,0,0,4,1,213.0,1.0,593.25,593.25,27.725,27.725,20.45,20.45,0.2725,0.2725,5.5,5.5,397.5,397.5,16.325000000000003,16.325000000000003,0.07,0.07,2.62,2.62,5.325,5.325,12.1,12.1,6.025,6.025,,,,,,,,,,,,,,,,,,,,wheat_spring,Карелкино,Пшеница яровая,0.505,v17_prod_fact_t_ha,True,,,,,,,,,,,,,5.05,0.505,0.505,prod_fact_t_ha,False
209,2020,16.0,20.0,301.65,7.042857142857143,3.5357142857142856,171.9557142857143,277.5815457142857,7.35,437.1428571428572,53.0,0.3642075471698113,0.526,0.188,0.0821683404326467,0.282,0.423,0.0020236885615913,0.526,19.302999999999997,214.0,0.338,1.0,2,3,20__16,15.764754098360656,34.8,178.9,2760.58,4.29,1.76655737704918,45,546.01,-367.11,1223.2,6,90,14,5,30.8,561.99,99.11,15.3,16.16774193548387,29.9,748.52,147.66,2.92,54.0,17.30666666666667,30.6,719.36,143.89,3.23,1,78.8,20.406451612903226,34.8,730.71,155.35,4.29,5,-0.042053567296855,0.1356183048433048,-0.3084589466089465,-0.2301548840048841,-0.2868040876761157,13,2020-05-10,2020-09-14,1,83.0,131.0,5.0,1134.4,137.7,411.8,-274.1,1993.15,4.29,40.0,6.0,60.0,12.0,43.0,0.3908172757475084,0.4651428571428571,0.4651428571428571,78.0,0.4482857142857143,0.383,0.3835714285714285,0.4344285714285714,,,1085.1,0.3800578898225957,0.4480610599078341,0.3817564989267827,0.3834461385482267,0.4108727678571429,,0.0190422850742089,2,1,13,1,213.0,1.0,422.15384615384613,422.15384615384613,16.492307692307694,16.492307692307694,5.675384615384615,5.675384615384615,0.1661538461538461,0.1661538461538461,1.709230769230769,1.709230769230769,436.53846153846155,436.53846153846155,18.653846153846153,18.653846153846153,0.1299999999999999,0.1299999999999999,0.6561538461538462,0.6561538461538462,6.184615384615385,6.184615384615385,8.205384615384615,8.205384615384615,5.653846153846154,5.653846153846154,,,,,197.0,16.0,,,2.0,1.0,0.0,0.0,2.0,2.0,0.0,0.0,0.0,0.0,0.0,maize,Козлов Увал левый,Кукуруза,0.5780000000000001,v17_prod_fact_t_ha,True,,,,,,,,,,,,,5.78,0.5780000000000001,0.5780000000000001,prod_fact_t_ha,False
210,2020,44.0,40.0,247.0,7.2125,3.72,230.06625,480.10587375,9.455,423.75,50.0,0.3980799999999999,0.519,0.171,0.0860011255740295,0.34625,0.448,0.0024081232598863,0.519,19.903999999999996,214.0,0.348,1.0,1,3,40__44,15.764754098360656,34.8,178.9,2760.58,4.29,1.76655737704918,45,546.01,-367.11,1223.2,6,90,14,5,30.8,561.99,99.11,15.3,16.16774193548387,29.9,748.52,147.66,2.92,54.0,17.30666666666667,30.6,719.36,143.89,3.23,1,78.8,20.406451612903226,34.8,730.71,155.35,4.29,5,-0.0452005872739389,0.0976869769119768,-0.2273810369118061,-0.2098194444444445,-0.218832489266755,13,,,0,,,,,,,,,,,,,,,,,,,,,,,,,,,,,,,,,0,0,6,1,213.0,1.0,420.0,420.0,21.91166666666666,21.91166666666666,12.033333333333331,12.033333333333331,0.285,0.285,1.4533333333333334,1.4533333333333334,393.1666666666667,393.1666666666667,8.85,8.85,0.1016666666666666,0.1016666666666666,0.5800000000000001,0.5800000000000001,5.791666666666667,5.791666666666667,7.993333333333332,7.993333333333332,5.086666666666667,5.086666666666667,,,,,,,,,,,,,,,,,,,,wheat_winter,Козлов увал правый,Пшеница озимая,0.211,v17_prod_fact_t_ha,True,,,,,,,,,,,,,2.11,0.211,0.211,prod_fact_t_ha,False
211,2020,44.0,40.0,93.0,6.245,4.8,25.325,403.5,,342.0,46.0,0.3980869565217391,0.519,0.182,0.089774070548857,0.3765,0.4775,0.0025898811242482,0.431,18.312,174.0,0.337,4.0,1,3,40__44,15.764754098360656,34.8,178.9,2760.58,4.29,1.76655737704918,45,546.01,-367.11,1223.2,6,90,14,5,30.8,561.99,99.11,15.3,16.16774193548387,29.9,748.52,147.66,2.92,54.0,17.30666666666667,30.6,719.36,143.89,3.23,1,78.8,20.406451612903226,34.8,730.71,155.35,4.29,5,-0.0418763544069099,0.0895228174603174,-0.2399031662781662,-0.2399031662781662,-0.186681319214973,13,,,0,,,,,,,,,,,,,,,,,,,,,,,,,,,,,,,,,0,0,4,1,213.0,1.0,403.5,403.5,25.325,25.325,10.5775,10.5775,0.265,0.265,1.3975,1.3975,342.0,342.0,11.0325,11.0325,0.1,0.1,0.5325,0.5325,6.244999999999999,6.244999999999999,8.455,8.455,4.8,4.8,,,,,,,,,,,,,,,,,,,,wheat_winter,Козлов ув.пр(низ) 05-080-025-208,Пшеница озимая,0.319,v17_prod_fact_t_ha,True,,,,,,,,,,,,,3.19,0.319,0.319,prod_fact_t_ha,False
213,2020,43.0,20.0,14.0,7.2,3.39,148.5,272.23874,13.42,420.0,45.0,0.4406444444444444,0.574,0.229,0.0721021360619181,0.421,0.478,0.002276170396009,0.574,19.829,214.0,0.345,4.0,2,99,20__43,15.764754098360656,34.8,178.9,2760.58,4.29,1.76655737704918,45,546.01,-367.11,1223.2,6,90,14,5,30.8,561.99,99.11,15.3,16.16774193548387,29.9,748.52,147.66,2.92,54.0,17.30666666666667,30.6,719.36,143.89,3.23,1,78.8,20.406451612903226,34.8,730.71,155.35,4.29,5,-0.0269058524254656,0.1098610119047618,-0.2041726689976689,-0.1525973748473749,-0.1766033235606663,13,2020-05-17,2020-09-14,1,76.0,138.0,5.0,1034.9999999999998,136.9,375.24000000000007,-238.3400000000001,1822.4699999999996,4.29,34.0,6.0,53.0,12.0,35.0,0.4705224489795918,0.5287142857142857,0.5287142857142857,71.0,0.4737142857142857,0.4845999999999999,0.4948571428571428,,,,985.6999999999996,0.4618235294117647,0.47437256292095,0.4854826913700633,0.4956749482401656,,,0.0147134666140824,0,0,0,0,,,,,,,,,,,,,,,,,,,,,,,,,,,,,,,,,,,,,,,,,,,,,,wheat_spring,Лесополосы (Козлов увал левый) 05-080-025-182,Пшеница яровая,0.5780000000000001,v17_prod_fact_t_ha,True,,,,,,,,,,,,,5.78,0.5780000000000001,0.5780000000000001,prod_fact_t_ha,False
214,2020,43.0,40.0,9.0,7.1,3.67,236.12,399.02591,8.82,420.0,45.0,0.4408222222222222,0.556,0.226,0.0716821034193143,0.421,0.487,0.0022275772274492,0.556,19.837,214.0,0.33,4.0,1,99,40__43,15.764754098360656,34.8,178.9,2760.58,4.29,1.76655737704918,45,546.01,-367.11,1223.2,6,90,14,5,30.8,561.99,99.11,15.3,16.16774193548387,29.9,748.52,147.66,2.92,54.0,17.30666666666667,30.6,719.36,143.89,3.23,1,78.8,20.406451612903226,34.8,730.71,155.35,4.29,5,-0.0281410814693594,0.1166494708994708,-0.1997194139194139,-0.1623363247863247,-0.1782767608459916,13,,,0,,,,,,,,,,,,,,,,,,,,,,,,,,,,,,,,,0,0,0,0,,,,,,,,,,,,,,,,,,,,,,,,,,,,,,,,,,,,,,,,,,,,,,wheat_spring,Лесополосы (Козлов увал правый) 05-080-025-208,Пшеница яровая,0.319,v17_prod_fact_t_ha,True,,,,,,,,,,,,,3.19,0.319,0.319,prod_fact_t_ha,False
215,2020,43.0,40.0,79.0,6.666666666666667,3.776666666666667,192.12,392.99891,12.116666666666667,430.0,47.0,0.4434468085106383,0.681,0.176,0.1384230039470654,0.3745,0.5680000000000001,0.005012954813156,0.625,20.842,199.0,0.5050000000000001,14.0,1,99,40__43,15.314754098360655,34.7,180.10000000000002,2748.2799999999997,4.01,1.7831147540983605,48,521.4000000000001,-341.30000000000007,1179.2,7,92,15,5,30.5,567.3,92.94,16.7,15.764516129032256,30.1,737.26,141.15,2.86,46.0,17.07,30.9,721.15,138.57,3.32,1,86.9,20.322580645161292,34.7,722.57,148.74,4.01,5,-0.0227072304033331,0.0714331018518518,-0.099484681984682,-0.0098030219780219,-0.0202297995985496,13,,,0,,,,,,,,,,,,,,,,,,,,,,,,,,,,,,,,,0,0,3,1,213.0,1.0,330.6666666666667,330.6666666666667,17.5,17.5,12.303333333333333,12.303333333333333,0.35,0.35,5.23,5.23,453.0,453.0,21.366666666666664,21.366666666666664,0.0933333333333333,0.0933333333333333,0.9633333333333334,0.9633333333333334,5.633333333333333,5.633333333333333,3.9,3.9,5.433333333333334,5.433333333333334,,,,,,,,,,,,,,,,,,,,wheat_spring,Лоскутиха,Пшеница яровая,1.409,v17_prod_fact_t_ha,True,,,,,,,,,,,,,1.409,1.409,1.409,prod_fact_t_ha,False
216,2020,43.0,40.0,37.0,6.4,3.71,242.68,688.96085,7.64,540.0,47.0,0.4908297872340426,0.618,0.196,0.1089359208773742,0.435,0.577,0.00356476977778,0.591,23.069000000000003,197.0,0.422,26.0,1,99,40__43,15.314754098360655,34.7,180.10000000000002,2748.2799999999997,4.01,1.7831147540983605,48,520.8100000000001,-340.71000000000004,1179.2,7,92,15,5,30.5,567.3,92.79,16.7,15.764516129032256,30.1,737.26,140.98,2.86,46.0,17.07,30.9,721.15,138.47,3.32,1,86.9,20.322580645161292,34.7,722.57,148.57,4.01,5,-0.0409411799335265,0.0985158399470899,-0.1854249084249083,-0.0997748751248751,-0.1187228549984559,13,,,0,,,,,,,,,,,,,,,,,,,,,,,,,,,,,,,,,0,0,2,1,213.0,1.0,591.0,591.0,37.599999999999994,37.599999999999994,1.815,1.815,0.175,0.175,5.085,5.085,426.5,426.5,21.950000000000003,21.950000000000003,0.145,0.145,0.94,0.94,5.35,5.35,6.195,6.195,5.65,5.65,,,,,,,,,,,,,,,,,,,,wheat_spring,Никитушкин,Пшеница яровая,1.246,v17_prod_fact_t_ha,True,,,,,,,,,,,,,1.246,1.246,1.246,prod_fact_t_ha,False
217,2020,43.0,40.0,408.0,6.94,3.484666666666667,201.10266666666664,313.7409,4.662000000000001,472.0,48.0,0.39075,0.538,0.197,0.0996528348819038,0.31775,0.5055000000000001,0.0036196677554174,0.538,18.756,214.0,0.341,13.0,1,99,40__43,14.767213114754098,33.5,196.8,2761.42,4.03,1.6415573770491807,36,535.0,-338.2,1117.0,2,92,14,2,31.0,562.48,93.87,19.1,15.287096774193548,28.8,748.3,145.82,2.74,55.7,16.41,29.9,715.78,141.46,3.09,0,91.0,19.44193548387097,33.5,734.86,153.85,4.03,2,-0.0557000296306863,0.0469940476190475,-0.178454365079365,-0.1171398268398268,-0.1334168818971016,13,,,0,,,,,,,,,,,,,,,,,,,,,,,,,,,,,,,,,0,0,14,1,213.0,1.0,435.8571428571428,435.8571428571428,43.11428571428571,43.11428571428571,6.672142857142857,6.672142857142857,0.1442857142857143,0.1442857142857143,2.87,2.87,429.1428571428572,429.1428571428572,33.885714285714286,33.885714285714286,0.0978571428571428,0.0978571428571428,1.7071428571428569,1.7071428571428569,6.021428571428572,6.021428571428572,9.128571428571428,9.128571428571428,5.757142857142858,5.757142857142858,,,,,,,,,,,,,,,,,,,,wheat_spring,Овчинников увал,Пшеница яровая,0.337,v17_prod_fact_t_ha,True,,,,,,,,,,,,,3.37,0.337,0.337,prod_fact_t_ha,False
219,2020,43.0,40.0,210.0,6.8,3.69625,212.37625,656.214605,8.491249999999999,446.25,49.0,0.3190612244897959,0.571,0.185,0.1062101129285556,0.234,0.374,0.0036032262481263,0.571,15.634,214.0,0.3859999999999999,4.0,1,3,40__43,15.764754098360656,34.8,178.9,2760.58,4.29,1.76655737704918,45,546.01,-367.11,1223.2,6,90,14,5,30.8,561.99,99.11,15.3,16.16774193548387,29.9,748.52,147.66,2.92,54.0,17.30666666666667,30.6,719.36,143.89,3.23,1,78.8,20.406451612903226,34.8,730.71,155.35,4.29,5,-0.0956045881539371,0.0254619949494949,-0.264922619047619,-0.1554212842712843,-0.1685443831421104,13,,,0,,,,,,,,,,,,,,,,,,,,,,,,,,,,,,,,,0,0,9,1,213.0,1.0,339.3333333333333,339.3333333333333,32.71111111111111,32.71111111111111,9.583333333333334,9.583333333333334,0.1633333333333333,0.1633333333333333,1.9911111111111113,1.9911111111111113,406.22222222222223,406.22222222222223,19.322222222222223,19.322222222222223,0.1177777777777777,0.1177777777777777,0.8244444444444443,0.8244444444444443,6.177777777777777,6.177777777777777,7.362222222222223,7.362222222222223,5.766666666666667,5.766666666666667,,,,,,,,,,,,,,,,,,,,wheat_spring,Подхозный увал 1,Пшеница яровая,0.425,v17_prod_fact_t_ha,True,,,,,,,,,,,,,4.25,0.425,0.425,prod_fact_t_ha,False
220,2020,43.0,40.0,25.0,7.3,3.74,197.06,380.11444,6.0,420.0,44.0,0.4967500000000001,0.685,0.221,0.1096764093719669,0.4285,0.5872499999999999,0.0038352217400128,0.685,21.857000000000003,214.0,0.4640000000000001,23.0,1,99,40__43,14.767213114754098,33.5,196.8,2761.42,4.03,1.6415573770491807,36,535.0,-338.2,1117.0,2,92,14,2,31.0,562.48,93.87,19.1,15.287096774193548,28.8,748.3,145.82,2.74,55.7,16.41,29.9,715.78,141.46,3.09,0,91.0,19.44193548387097,33.5,734.86,153.85,4.03,2,-0.0111532040025667,0.0763739748677248,-0.0921333988660911,-0.0025319902319902,-0.0342616856612049,13,,,0,,,,,,,,,,,,,,,,,,,,,,,,,,,,,,,,,0,0,1,1,213.0,1.0,453.0,453.0,38.9,38.9,6.07,6.07,0.2,0.2,6.55,6.55,430.0,430.0,41.3,41.3,0.17,0.17,1.7,1.7,5.4,5.4,6.75,6.75,5.9,5.9,,,,,,,,,,,,,,,,,,,,wheat_spring,Сапог,Пшеница яровая,0.513,v17_prod_fact_t_ha,True,,,,,,,,,,,,,5.13,0.513,0.513,prod_fact_t_ha,False
221,2020,43.0,40.0,8.0,,,,,,,47.0,0.5338085106382978,0.643,0.234,0.1034600628668864,0.5055000000000001,0.608,0.0032582782618939,0.608,25.088999999999995,191.0,0.409,36.0,1,99,40__43,15.314754098360655,34.7,180.10000000000002,2748.2799999999997,4.01,1.7831147540983605,48,520.8100000000001,-340.71000000000004,1179.2,7,92,15,5,30.5,567.3,92.79,16.7,15.764516129032256,30.1,737.26,140.98,2.86,46.0,17.07,30.9,721.15,138.47,3.32,1,86.9,20.322580645161292,34.7,722.57,148.57,4.01,5,-0.0141295014276806,0.1167206018518517,-0.0967022533022533,-0.0913313186813186,-0.0898041535120862,13,,,0,,,,,,,,,,,,,,,,,,,,,,,,,,,,,,,,,0,0,0,0,,,,,,,,,,,,,,,,,,,,,,,,,,,,,,,,,,,,,,,,,,,,,,wheat_spring,Сметанина пасека (низ огород) 05-080-025-120,Пшеница яровая,0.38,v17_prod_fact_t_ha,True,,,,,,,,,,,,,3.8,0.38,0.38,prod_fact_t_ha,False
222,2020,43.0,40.0,62.0,6.9,3.725,206.315,278.80506,4.845,420.0,47.0,0.383,0.468,0.195,0.0732509530836259,0.325,0.4425,0.0023881063092911,0.446,18.001,202.0,0.273,0.0,1,99,40__43,14.767213114754098,33.5,196.8,2761.42,4.03,1.6415573770491807,36,535.0,-338.2,1117.0,2,92,14,2,31.0,562.48,93.87,19.1,15.287096774193548,28.8,748.3,145.82,2.74,55.7,16.41,29.9,715.78,141.46,3.09,0,91.0,19.44193548387097,33.5,734.86,153.85,4.03,2,-0.0733495660628081,0.0441307539682539,-0.2023305555555555,-0.1543688117438117,-0.1665040244436693,13,,,0,,,,,,,,,,,,,,,,,,,,,,,,,,,,,,,,,0,0,2,1,213.0,1.0,337.0,337.0,27.25,27.25,3.385,3.385,0.19,0.19,3.77,3.77,449.0,449.0,23.15,23.15,0.08,0.08,1.795,1.795,5.45,5.45,9.465,9.465,5.6,5.6,,,,,,,,,,,,,,,,,,,,wheat_spring,Соколки 1,Пшеница яровая,0.21000000000000002,v17_prod_fact_t_ha,True,,,,,,,,,,,,,2.1,0.21000000000000002,0.21000000000000002,prod_fact_t_ha,False
223,2020,43.0,40.0,70.0,6.433333333333334,3.6633333333333336,175.33333333333334,560.82853,6.72,430.0,44.0,0.3981363636363637,0.496,0.191,0.0882791519991325,0.35875,0.465,0.0026141731093326,0.419,17.518000000000004,167.0,0.305,0.0,1,99,40__43,14.767213114754098,33.5,196.8,2761.42,4.03,1.6415573770491807,36,535.0,-338.2,1117.0,2,92,14,2,31.0,562.48,93.87,19.1,15.287096774193548,28.8,748.3,145.82,2.74,55.7,16.41,29.9,715.78,141.46,3.09,0,91.0,19.44193548387097,33.5,734.86,153.85,4.03,2,-0.0778157150235638,0.0258476851851851,-0.2050945436507936,-0.1793234432234431,-0.1679378704259251,13,,,0,,,,,,,,,,,,,,,,,,,,,,,,,,,,,,,,,0,0,0,0,,,,,,,,,,,,,,,,,,,,,,,,,,,,,,,,,,,,,,,,,,,,,,wheat_spring,Соколки 2,Пшеница яровая,0.21000000000000002,v17_prod_fact_t_ha,True,,,,,,,,,,,,,2.1,0.21000000000000002,0.21000000000000002,prod_fact_t_ha,False
224,2020,43.0,40.0,104.0,6.5,3.808,191.728,598.903534,18.618,516.0,48.0,0.4176875,0.528,0.193,0.0830951152420124,0.421,0.4705,0.0023014104392885,0.44,20.049,169.0,0.335,3.0,1,99,40__43,15.314754098360655,34.7,180.10000000000002,2748.2799999999997,4.01,1.7831147540983605,48,520.8100000000001,-340.71000000000004,1179.2,7,92,15,5,30.5,567.3,92.79,16.7,15.764516129032256,30.1,737.26,140.98,2.86,46.0,17.07,30.9,721.15,138.47,3.32,1,86.9,20.322580645161292,34.7,722.57,148.57,4.01,5,-0.05259768009768,0.1363275462962963,-0.2397800366300366,-0.2386628787878786,-0.2204580630034301,13,,,0,,,,,,,,,,,,,,,,,,,,,,,,,,,,,,,,,0,0,4,1,213.0,1.0,474.25,474.25,27.125,27.125,5.6175,5.6175,0.2075,0.2075,3.6175,3.6175,447.0,447.0,19.7,19.7,0.1575,0.1575,0.8775000000000001,0.8775000000000001,5.625,5.625,9.2325,9.2325,5.9750000000000005,5.9750000000000005,,,,,,,,,,,,,,,,,,,,wheat_spring,Холодный ключ,Пшеница яровая,0.857,v17_prod_fact_t_ha,True,,,,,,,,,,,,,0.857,0.857,0.857,prod_fact_t_ha,False
225,2020,43.0,40.0,4.0,,,,,,,44.0,0.5668863636363636,0.647,0.27,0.0868313977327982,0.517,0.639,0.0009933373770305,0.505,24.943,147.0,0.377,38.0,1,99,40__43,15.314754098360655,34.7,180.10000000000002,2748.2799999999997,4.01,1.7831147540983605,48,520.8100000000001,-340.71000000000004,1179.2,7,92,15,5,30.5,567.3,92.79,16.7,15.764516129032256,30.1,737.26,140.98,2.86,46.0,17.07,30.9,721.15,138.47,3.32,1,86.9,20.322580645161292,34.7,722.57,148.57,4.01,5,-0.0175945809151757,0.1263650883838383,-0.1750237179487178,-0.1692388111888111,-0.1357505034673303,13,,,0,,,,,,,,,,,,,,,,,,,,,,,,,,,,,,,,,0,0,0,0,,,,,,,,,,,,,,,,,,,,,,,,,,,,,,,,,,,,,,,,,,,,,,wheat_spring,Холодный ключ (сенокос) 05-080-025-120,Пшеница яровая,2.335,v17_prod_fact_t_ha,True,,,,,,,,,,,,,2.335,2.335,2.335,prod_fact_t_ha,False
226,2020,43.0,40.0,40.0,7.2,3.79,218.81,806.48818,8.56,420.0,45.0,0.4260222222222221,0.506,0.196,0.070194488194156,0.408,0.483,0.0021724125837337,0.505,19.170999999999996,174.0,0.31,4.0,1,99,40__43,15.37704918032787,34.6,166.29999999999998,2754.87,4.07,1.7613114754098358,45,525.0400000000001,-358.7400000000001,1180.1,6,91,14,5,32.6,564.9,95.81,14.4,15.65483870967742,29.8,743.2,141.02,2.81,47.2,17.04,30.3,722.21,139.34,3.12,1,72.1,20.16774193548387,34.6,724.5600000000001,148.87,4.07,5,-0.0830227999481525,0.0929769179894179,-0.1998371017871017,-0.1072055555555555,-0.1659424266875316,13,,,0,,,,,,,,,,,,,,,,,,,,,,,,,,,,,,,,,0,0,1,1,213.0,1.0,443.0,443.0,29.4,29.4,1.03,1.03,0.14,0.14,1.3,1.3,388.0,388.0,18.0,18.0,0.12,0.12,0.3,0.3,6.8,6.8,5.78,5.78,5.7,5.7,,,,,,,,,,,,,,,,,,,,wheat_spring,Штаны,Пшеница яровая,0.502,v17_prod_fact_t_ha,True,,,,,,,,,,,,,5.02,0.502,0.502,prod_fact_t_ha,False
227,2020,44.0,20.0,346.0,6.953846153846154,3.8015384615384615,195.0484615384616,763.0697146153847,10.056153846153848,475.38461538461536,55.0,0.3881999999999999,0.469,0.136,0.0769525001070613,0.352,0.4465,0.001081475535386,0.432,21.350999999999996,157.0,0.3329999999999999,0.0,2,99,20__44,15.37704918032787,34.6,166.29999999999998,2754.87,4.07,1.7613114754098358,45,525.0400000000001,-358.7400000000001,1180.1,6,91,14,5,32.6,564.9,95.81,14.4,15.65483870967742,29.8,743.2,141.02,2.81,47.2,17.04,30.3,722.21,139.34,3.12,1,72.1,20.16774193548387,34.6,724.5600000000001,148.87,4.07,5,-0.0246137729149214,0.2017180555555555,-0.3104114923538001,-0.243834188034188,-0.2855882305071654,13,,,0,,,,,,,,,,,,,,,,,,,,,,,,,,,,,,,,,0,0,14,1,213.0,1.0,441.57142857142856,441.57142857142856,26.40357142857143,26.40357142857143,9.212142857142856,9.212142857142856,0.2999999999999999,0.2999999999999999,1.2228571428571426,1.2228571428571426,364.2142857142857,364.2142857142857,8.708571428571428,8.708571428571428,0.1121428571428571,0.1121428571428571,0.5778571428571428,0.5778571428571428,5.786428571428572,5.786428571428572,13.137142857142855,13.137142857142855,5.120714285714286,5.120714285714286,,,,,,,,,,,,,,,,,,,,wheat_winter,Большая Семёниха СК,Пшеница озимая,0.5650000000000001,v17_prod_fact_t_ha,True,,,,,,,,,,,,,5.65,0.5650000000000001,0.5650000000000001,prod_fact_t_ha,False
228,2020,44.0,36.0,59.0,6.699999999999999,3.515,179.82,438.82045,7.755,420.0,41.0,0.469609756097561,0.578,0.223,0.088451965205534,0.441,0.536,0.002161693505003,0.488,19.254,174.0,0.355,19.0,3,99,36__44,15.314754098360655,34.7,180.10000000000002,2748.2799999999997,4.01,1.7831147540983605,48,520.8100000000001,-340.71000000000004,1179.2,7,92,15,5,30.5,567.3,92.79,16.7,15.764516129032256,30.1,737.26,140.98,2.86,46.0,17.07,30.9,721.15,138.47,3.32,1,86.9,20.322580645161292,34.7,722.57,148.57,4.01,5,0.0289367381992616,0.1455318181818181,-0.1568076590076589,-0.1262861111111112,-0.1318035492048312,13,,,0,,,,,,,,,,,,,,,,,,,,,,,,,,,,,,,,,0,0,2,1,213.0,1.0,257.0,257.0,23.23,23.23,13.295,13.295,0.345,0.345,7.09,7.09,386.0,386.0,12.7,12.7,0.13,0.13,1.7999999999999998,1.7999999999999998,5.65,5.65,2.765,2.765,3.71,3.71,,,,,,,,,,,,,,,,,,,,wheat_winter,Бонн 1,Пшеница озимая,1.3,v17_prod_fact_t_ha,True,,,,,,,,,,,,,1.3,1.3,1.3,prod_fact_t_ha,False
229,2020,44.0,36.0,12.0,6.4,2.36,225.3,220.85171,12.11,480.0,42.0,0.4584285714285714,0.573,0.123,0.128241985335229,0.4405,0.548,0.0036497187060478,0.486,19.254,169.0,0.4499999999999999,21.0,3,99,36__44,15.314754098360655,34.7,180.10000000000002,2748.2799999999997,4.01,1.7831147540983605,48,520.8100000000001,-340.71000000000004,1179.2,7,92,15,5,30.5,567.3,92.79,16.7,15.764516129032256,30.1,737.26,140.98,2.86,46.0,17.07,30.9,721.15,138.47,3.32,1,86.9,20.322580645161292,34.7,722.57,148.57,4.01,5,0.0611807541774803,0.1524030513468013,-0.0629303418803418,-0.0629303418803418,-0.0345331508769008,13,,,0,,,,,,,,,,,,,,,,,,,,,,,,,,,,,,,,,0,0,1,1,213.0,1.0,296.0,296.0,23.9,23.9,19.46,19.46,0.41,0.41,3.21,3.21,284.0,284.0,13.0,13.0,0.13,0.13,2.17,2.17,6.68,6.68,5.3,5.3,3.12,3.12,,,,,,,,,,,,,,,,,,,,wheat_winter,Бонн 2,Пшеница озимая,3.285,v17_prod_fact_t_ha,True,,,,,,,,,,,,,3.285,3.285,3.285,prod_fact_t_ha,False
230,2020,21.0,44.0,223.0,7.1000000000000005,3.73,184.71,792.107215,3.6633333333333336,445.0,52.0,0.4418461538461539,0.562,0.168,0.1055304157058677,0.418,0.52375,0.0030927521589662,0.44,22.976000000000003,193.0,0.394,20.0,2,1,44__21,15.764754098360656,34.8,178.9,2760.58,4.29,1.76655737704918,45,546.01,-367.11,1223.2,6,90,14,5,30.8,561.99,99.11,15.3,16.16774193548387,29.9,748.52,147.66,2.92,54.0,17.30666666666667,30.6,719.36,143.89,3.23,1,78.8,20.406451612903226,34.8,730.71,155.35,4.29,5,-0.0133629893481609,0.1628481812169312,-0.1764290015540014,-0.1764290015540014,-0.1400858987319152,13,,,0,,,,,,,,,,,,,,,,,,,,,,,,,,,,,,,,,1,1,8,1,213.0,1.0,498.5,498.5,20.31,20.31,7.0525,7.0525,0.34875,0.34875,1.7525,1.7525,384.0,384.0,9.36625,9.36625,0.12,0.12,0.6637500000000001,0.6637500000000001,5.62125,5.62125,7.86625,7.86625,5.7075,5.7075,,,,,169.0,44.0,,,0.0,0.0,0.0,0.0,1.0,1.0,0.0,0.0,0.0,0.0,0.0,oil_seed_raps_winter,Бригадная стрелка,Рапс озимый,0.16799999999999998,v17_prod_fact_t_ha,True,,,,,,,,,,,,,1.68,0.16799999999999998,0.16799999999999998,prod_fact_t_ha,False
231,2020,21.0,44.0,235.0,7.2625,3.685,204.0575,646.09227125,9.26,453.75,55.0,0.3940909090909092,0.501,0.168,0.0878093539699962,0.3805,0.457,0.0025791605301914,0.425,21.675000000000008,199.0,0.3329999999999999,1.0,4,1,44__21,15.37704918032787,34.6,166.29999999999998,2754.87,4.07,1.7613114754098358,45,525.0400000000001,-358.7400000000001,1180.1,6,91,14,5,32.6,564.9,95.81,14.4,15.65483870967742,29.8,743.2,141.02,2.81,47.2,17.04,30.3,722.21,139.34,3.12,1,72.1,20.16774193548387,34.6,724.5600000000001,148.87,4.07,5,-0.0466247257892735,0.1092479166666666,-0.2349882783882783,-0.1431106643356642,-0.1726672896794198,13,,,0,,,,,,,,,,,,,,,,,,,,,,,,,,,,,,,,,0,0,9,1,213.0,1.0,420.55555555555554,420.55555555555554,27.633333333333333,27.633333333333333,10.624444444444444,10.624444444444444,0.2788888888888888,0.2788888888888888,1.9811111111111108,1.9811111111111108,414.8888888888889,414.8888888888889,13.133333333333333,13.133333333333333,0.1144444444444444,0.1144444444444444,0.8033333333333333,0.8033333333333333,6.022222222222222,6.022222222222222,7.4,7.4,5.493333333333333,5.493333333333333,,,,,,,,,,,,,,,,,,,,oil_seed_raps_winter,Давыдкин увал левый,Рапс озимый,0.362,v17_prod_fact_t_ha,True,,,,,,,,,,,,,3.62,0.362,0.362,prod_fact_t_ha,False
232,2020,21.0,44.0,296.0,6.609090909090909,3.7290909090909095,211.9754545454545,649.4797309090909,7.533636363636364,452.7272727272728,54.0,0.369925925925926,0.472,0.163,0.0809215101770094,0.347,0.426,0.0022250836850275,0.356,19.97600000000001,197.0,0.3089999999999999,0.0,4,1,44__21,15.37704918032787,34.6,166.29999999999998,2754.87,4.07,1.7613114754098358,45,525.0400000000001,-358.7400000000001,1180.1,6,91,14,5,32.6,564.9,95.81,14.4,15.65483870967742,29.8,743.2,141.02,2.81,47.2,17.04,30.3,722.21,139.34,3.12,1,72.1,20.16774193548387,34.6,724.5600000000001,148.87,4.07,5,-0.0600290937912944,0.1148385251322751,-0.2903697802197802,-0.2625881313131313,-0.2344420109448955,13,,,0,,,,,,,,,,,,,,,,,,,,,,,,,,,,,,,,,0,0,12,1,213.0,1.0,426.8333333333333,426.8333333333333,33.0075,33.0075,10.916666666666666,10.916666666666666,0.2808333333333333,0.2808333333333333,1.5549999999999995,1.5549999999999995,375.5,375.5,11.740833333333336,11.740833333333336,0.1125,0.1125,0.6,0.6,5.8900000000000015,5.8900000000000015,7.688333333333333,7.688333333333333,4.966666666666668,4.966666666666668,,,,,,,,,,,,,,,,,,,,oil_seed_raps_winter,Давыдкин увал правый,Рапс озимый,0.223,v17_prod_fact_t_ha,True,,,,,,,,,,,,,2.23,0.223,0.223,prod_fact_t_ha,False
195,2021,3.0,20.0,123.0,6.9,3.6425,225.2,499.4803025,7.5175,427.5,59.0,0.4755423728813559,0.753,0.18,0.2143004640277408,0.2615,0.702,0.0065686074612041,0.597,28.057,199.0,0.573,31.0,3,2,20__3,13.790983606557376,33.2,197.4,2700.9599999999996,3.84,1.6840983606557378,44,491.86999999999995,-294.46999999999997,1042.8,9,91,18,5,8.0,571.28,79.95,28.5,14.109677419354838,32.5,737.35,138.06,3.83,104.7,16.413333333333334,33.2,667.39,129.02,3.84,2,56.2,20.338709677419356,33.0,724.94,144.84,3.55,5,0.055207977056521,0.1403089852607709,-0.0228394688644688,0.0631193594104307,0.1058360215065047,14,2021-05-12,2021-08-22,1,81.0,132.0,5.0,1021.2999999999998,185.9,366.7,-180.8,1882.68,3.84,38.0,9.0,54.0,10.0,46.0,0.5451024844720497,0.7327142857142858,0.6125714285714287,67.0,0.5174285714285715,0.6702857142857143,0.7275714285714286,0.6864285714285714,,,824.3,0.336051948051948,0.5888571428571429,0.7120522273425499,0.731675644028103,0.63873249857712,,0.0626161876161876,1,1,3,1,578.0,1.0,261.6666666666667,261.6666666666667,29.26666666666667,29.26666666666667,15.9,15.9,0.2833333333333334,0.2833333333333334,2.6633333333333336,2.6633333333333336,452.3333333333333,452.3333333333333,26.133333333333336,26.133333333333336,0.0666666666666666,0.0666666666666666,0.9133333333333334,0.9133333333333334,6.0,6.0,7.223333333333334,7.223333333333334,6.133333333333333,6.133333333333333,,,,,202.0,10.0,77.0,77.0,0.0,0.0,3.0,3.0,0.0,0.0,0.0,0.0,0.0,0.0,0.0,barley_spring,Коновалиха 1,Ячмень яровой,2.022276422764228,v17_physical_t_ha,True,1.0,58.36206896551724,1.0,193.7578125,6.0,1.154853912601626,18.675862068965515,0.0,0.0,0.0,0.0,2.022276422764228,2.0222764,2.0222764,2.022276422764228,physical_t_ha,False
197,2021,3.0,20.0,343.0,6.976923076923077,3.579230769230769,216.96,502.5284007692308,4.591538461538462,454.61538461538464,60.0,0.4917666666666667,0.758,0.15,0.2326474705548194,0.25125,0.74,0.0069573927420859,0.659,29.506,186.0,0.608,31.0,3,2,20__3,14.16967213114754,32.7,184.2,2707.26,3.82,1.6839344262295084,42,509.57,-325.37,1082.2,8,94,18,4,7.7,572.73,82.36,27.2,14.625806451612902,32.2,737.06,144.55,3.82,100.8,16.793333333333333,32.3,669.74,133.55,3.59,2,48.5,20.548387096774192,32.7,727.73,149.11,3.52,4,0.0460115116427828,0.1203948801198802,-0.0141741666666666,0.0704565218511646,0.0646960727874418,14,2021-05-11,2021-08-23,1,82.0,131.0,5.0,1055.9,171.8,383.58,-211.78000000000003,1910.04,3.82,37.0,8.0,58.0,15.0,46.0,0.5743074534161492,0.7512857142857143,0.6588571428571429,65.0,0.5447857142857142,0.7015238095238095,0.7502857142857143,0.7207142857142858,,,814.1999999999998,0.3483588301462317,0.5829235880398671,0.7466730937773882,0.7511492632927611,0.700470588235294,,0.0672161406458451,1,1,26,1,578.0,1.0,382.15384615384613,382.15384615384613,29.47692307692307,29.47692307692307,7.899230769230769,7.899230769230769,0.1715384615384615,0.1715384615384615,1.780769230769231,1.780769230769231,387.0,387.0,23.89230769230769,23.89230769230769,0.1553846153846154,0.1553846153846154,0.5392307692307692,0.5392307692307692,6.515384615384617,6.515384615384617,4.764615384615386,4.764615384615386,5.715384615384614,5.715384615384614,,,,,202.0,10.0,77.0,77.0,0.0,0.0,3.0,3.0,0.0,0.0,0.0,0.0,0.0,0.0,0.0,barley_spring,Казачий увал,Ячмень яровой,2.5284548104956266,v17_physical_t_ha,True,1.0,62.121212121212125,1.0,193.75454545454545,6.0,1.1874668844129923,19.87878787878788,0.0,0.0,0.0,0.0,2.5284548104956266,2.5965868,2.5965868,2.5284548104956266,physical_t_ha,False
207,2021,3.0,20.0,110.91,6.875,3.55,244.935,425.663535,5.4125,412.5,59.0,0.4702033898305084,0.754,0.181,0.2271651963421928,0.216,0.6995,0.0066358622456688,0.601,27.741999999999997,198.0,0.573,30.0,3,2,20__3,13.790983606557376,33.2,197.4,2700.9599999999996,3.84,1.6840983606557378,44,491.86999999999995,-294.46999999999997,1042.8,9,91,18,5,8.0,571.28,79.95,28.5,14.109677419354838,32.5,737.35,138.06,3.83,104.7,16.413333333333334,33.2,667.39,129.02,3.84,2,56.2,20.338709677419356,33.0,724.94,144.84,3.55,5,0.0487029882410755,0.1527324578199578,-0.0258067765567765,0.0694341553287981,0.0888511151080478,14,2021-05-13,2021-08-24,1,80.0,133.0,5.0,1015.0,185.6,362.5,-176.9,1860.77,3.84,38.0,9.0,53.0,10.0,45.0,0.5480063492063492,0.7408571428571429,0.6111428571428572,60.0,0.5509285714285714,0.7111428571428571,0.7408571428571429,0.6581428571428571,,,733.4000000000001,0.3426938775510203,0.6158131176999102,0.7333579109062979,0.7346932084309135,0.6290904951622083,,0.0743272959897645,2,1,4,1,578.0,1.0,447.0,447.0,44.3,44.3,7.3975,7.3975,0.1425,0.1425,1.835,1.835,379.5,379.5,24.925,24.925,0.1725,0.1725,0.5325,0.5325,6.475,6.475,5.550000000000001,5.550000000000001,5.275,5.275,,,,,202.0,10.0,77.0,77.0,0.0,0.0,,,0.0,0.0,0.0,0.0,0.0,0.0,0.0,barley_spring,Александров ключ,Ячмень яровой,3.525020286718961,v17_physical_t_ha,True,1.0,60.989010989010985,1.0,202.84545454545457,6.0,1.142272727272727,19.516483516483515,0.0,0.0,0.0,0.0,3.525020286718961,3.5541818,3.5541818,3.525020286718961,physical_t_ha,False
208,2021,40.0,43.0,130.0,6.8,3.916,202.758,706.31834,5.7,504.0,53.0,0.4958867924528302,0.779,0.126,0.2105378252554551,0.321,0.705,0.0067809341883981,0.725,26.282,197.0,0.653,28.0,2,1,43__40,13.089344262295082,31.3,206.4,2713.6800000000003,3.5,1.5109016393442625,30,494.9500000000001,-288.55000000000007,975.5,5,95,18,2,7.7,575.99,78.27,24.1,13.545161290322582,31.0,735.04,140.2,3.5,108.7,15.773333333333332,30.6,674.31,130.56,3.11,1,65.9,19.458064516129035,31.3,728.34,145.92,3.09,2,0.0503947359295845,0.1199998846391703,-0.0482224999999999,0.0880444392908679,0.1007674865808794,14,2021-05-07,2021-10-15,1,86.0,127.0,5.0,1005.7,197.3,391.68999999999994,-194.38999999999993,1992.68,3.5,28.0,5.0,62.0,14.0,43.0,0.5540531561461794,0.7661428571428571,0.7294285714285714,68.0,0.4815714285714286,0.60975,0.7524285714285713,0.7618571428571429,,,769.6999999999999,0.4037732919254659,0.5360110497237569,0.7194138248847926,0.7642739726027398,0.7320194805194805,,0.0677911371968013,0,0,4,1,578.0,1.0,593.25,593.25,27.725,27.725,20.45,20.45,0.2725,0.2725,5.5,5.5,397.5,397.5,16.325000000000003,16.325000000000003,0.07,0.07,2.62,2.62,5.325,5.325,12.1,12.1,6.025,6.025,,,,,,,,,,,,,,,,,,,,sunflower,Карелкино,Подсолнечник,2.1216153846153847,v17_physical_t_ha,True,9.0,155.38863265306122,3.0,0.42,2.0,1.1030927835051547,24.653061224489797,24.653061224489797,24.653061224489797,0.0,0.0,2.1216153846153847,2.8434021,2.8434021,2.1216153846153847,physical_t_ha,False
209,2021,40.0,16.0,301.65,7.042857142857143,3.5357142857142856,171.9557142857143,277.5815457142857,7.35,437.1428571428572,55.0,0.4801090909090909,0.753,0.186,0.201157891195157,0.267,0.624,0.0063718880564683,0.736,26.406,206.0,0.567,31.0,3,4,16__40,14.16967213114754,32.7,184.2,2707.26,3.82,1.6839344262295084,42,509.57,-325.37,1082.2,8,94,18,4,7.7,572.73,82.36,27.2,14.625806451612902,32.2,737.06,144.55,3.82,100.8,16.793333333333333,32.3,669.74,133.55,3.59,2,48.5,20.548387096774192,32.7,727.73,149.11,3.52,4,0.0499640108300441,0.231400357578929,-0.0236086996336996,0.1148204906204906,0.0426722728021749,14,2021-05-08,2021-10-24,1,85.0,128.0,5.0,1084.7999999999995,172.39999999999998,398.12,-225.72000000000003,1979.76,3.82,39.0,8.0,61.0,15.0,45.0,0.5317714285714286,0.7458571428571429,0.7405714285714285,83.0,0.549,0.5709285714285715,0.665,0.7241785714285713,,,1070.8999999999996,0.3470338733431516,0.5812183055040198,0.5912380952380953,0.6775629370629371,0.7259489489489489,,0.0502603150686774,0,0,13,1,578.0,1.0,422.15384615384613,422.15384615384613,16.492307692307694,16.492307692307694,5.675384615384615,5.675384615384615,0.1661538461538461,0.1661538461538461,1.709230769230769,1.709230769230769,436.53846153846155,436.53846153846155,18.653846153846153,18.653846153846153,0.1299999999999999,0.1299999999999999,0.6561538461538462,0.6561538461538462,6.184615384615385,6.184615384615385,8.205384615384615,8.205384615384615,5.653846153846154,5.653846153846154,,,,,,,,,,,,,,,,,,,,sunflower,Козлов Увал левый,Подсолнечник,2.268059008785016,v17_physical_t_ha,True,9.0,107.9941065535125,3.0,0.43,3.0,1.2407590759075906,10.829113625648278,48.63768505421971,0.3267326732673267,0.0,0.0,2.268059008785016,2.2579538,2.2579538,2.268059008785016,physical_t_ha,False
210,2021,40.0,44.0,247.0,7.2125,3.72,230.06625,480.10587375,9.455,423.75,52.0,0.4843846153846154,0.775,0.194,0.2127400141239711,0.32175,0.72725,0.00674874164703,0.728,25.188,200.0,0.581,25.0,2,1,44__40,14.16967213114754,32.7,184.2,2707.26,3.82,1.6839344262295084,42,509.57,-325.37,1082.2,8,94,18,4,7.7,572.73,82.36,27.2,14.625806451612902,32.2,737.06,144.55,3.82,100.8,16.793333333333333,32.3,669.74,133.55,3.59,2,48.5,20.548387096774192,32.7,727.73,149.11,3.52,4,0.0378923902755471,0.1217144815501958,-0.0212514208014208,0.0985185142238712,0.1012771908230149,14,2021-05-07,2021-10-08,1,86.0,127.0,5.0,1096.2999999999995,174.3,401.22,-226.92,1989.94,3.82,39.0,8.0,61.0,15.0,42.0,0.5383571428571428,0.7638571428571429,0.7358571428571429,75.0,0.4361428571428571,0.5784107142857142,0.7351428571428571,0.7638571428571429,,,946.2999999999996,0.3419513991163476,0.4875355596784169,0.6398956859971713,0.7495697278911565,0.7625900900900902,,0.0569083109588618,0,0,6,1,578.0,1.0,420.0,420.0,21.91166666666666,21.91166666666666,12.033333333333331,12.033333333333331,0.285,0.285,1.4533333333333334,1.4533333333333334,393.1666666666667,393.1666666666667,8.85,8.85,0.1016666666666666,0.1016666666666666,0.5800000000000001,0.5800000000000001,5.791666666666667,5.791666666666667,7.993333333333332,7.993333333333332,5.086666666666667,5.086666666666667,,,,,,,,,,,,,,,,,,,,sunflower,Козлов увал правый,Подсолнечник,1.4783400809716598,v17_physical_t_ha,True,3.0,145.0,3.0,0.42,2.0,1.2499999999999998,23.2,23.2,23.2,0.0,0.0,1.4783400809716598,2.4023026,2.4023026,1.4783400809716598,physical_t_ha,False
211,2021,40.0,44.0,93.0,6.245,4.8,25.325,403.5,,342.0,53.0,0.4791698113207546,0.77,0.158,0.2300446007493474,0.262,0.73,0.007041166217372,0.719,25.395999999999997,197.0,0.612,24.0,2,1,44__40,14.16967213114754,32.7,184.2,2707.26,3.82,1.6839344262295084,42,509.57,-325.37,1082.2,8,94,18,4,7.7,572.73,82.36,27.2,14.625806451612902,32.2,737.06,144.55,3.82,100.8,16.793333333333333,32.3,669.74,133.55,3.59,2,48.5,20.548387096774192,32.7,727.73,149.11,3.52,4,0.0507787046481448,0.1450345083487939,-0.0432983070500928,0.1051883992991135,0.1257604420315134,14,2021-05-07,2021-10-08,1,86.0,127.0,5.0,1096.2999999999995,174.3,401.22,-226.92,1989.94,3.82,39.0,8.0,61.0,15.0,42.0,0.5430068027210885,0.7647142857142858,0.7264285714285713,61.0,0.4084285714285714,0.6084285714285714,0.7617142857142857,0.7567142857142857,,,742.7999999999998,0.3389057437407952,0.458095238095238,0.691872023809524,0.7644950166112957,0.7525675675675675,,0.0763434267518443,0,0,4,1,578.0,1.0,403.5,403.5,25.325,25.325,10.5775,10.5775,0.265,0.265,1.3975,1.3975,342.0,342.0,11.0325,11.0325,0.1,0.1,0.5325,0.5325,6.244999999999999,6.244999999999999,8.455,8.455,4.8,4.8,,,,,,,,,,,,,,,,,,,,sunflower,Козлов ув.пр(низ) 05-080-025-208,Подсолнечник,2.1389247311827955,v17_physical_t_ha,True,3.0,160.0,3.0,0.42,2.0,1.2499999999999998,25.6,25.6,25.6,0.0,0.0,2.1389247311827955,2.1389247,2.1389247,2.1389247311827955,physical_t_ha,False
212,2021,40.0,43.0,136.0,7.140000000000001,3.766,232.258,464.594502,5.536,432.0,53.0,0.4621320754716981,0.79,0.201,0.2289452466252492,0.241,0.717,0.0070103357823681,0.712,24.493,197.0,0.589,21.0,2,1,43__40,13.089344262295082,31.3,206.4,2713.6800000000003,3.5,1.5109016393442625,30,494.9500000000001,-288.55000000000007,975.5,5,95,18,2,7.7,575.99,78.27,24.1,13.545161290322582,31.0,735.04,140.2,3.5,108.7,15.773333333333332,30.6,674.31,130.56,3.11,1,65.9,19.458064516129035,31.3,728.34,145.92,3.09,2,0.045712643718285,0.163300414862915,-0.047300641025641,0.1169384637188208,0.1397114121564377,14,2021-05-05,2021-10-09,1,88.0,125.0,5.0,1025.6,197.3,401.28,-203.97999999999996,2040.55,3.5,29.0,5.0,64.0,14.0,43.0,0.5097109634551494,0.7764285714285715,0.7198571428571429,70.0,0.3629142857142857,0.5786607142857142,0.7524285714285714,0.7675000000000001,,,789.6,0.2886130298273155,0.4470426203630623,0.7226033834586465,0.7754958360025626,0.7306390041493777,,0.072332268370607,1,1,5,1,578.0,1.0,624.0,624.0,71.34,71.34,14.2,14.2,0.244,0.244,3.566,3.566,515.8,515.8,56.8,56.8,0.034,0.034,1.672,1.672,5.9,5.9,9.292,9.292,6.06,6.06,,,,,167.0,45.0,,,0.0,0.0,,,0.0,0.0,0.0,0.0,0.0,0.0,0.0,sunflower,Костенькина стрелка,Подсолнечник,3.3983823529411765,v17_physical_t_ha,True,11.0,61.17980384030944,3.0,0.3937007874015748,2.0,1.1023622047244095,5.39719298245614,24.035087719298243,0.22,0.0,0.0,3.3983823529411765,3.6392125999999996,3.6392125999999996,3.3983823529411765,physical_t_ha,False
213,2021,43.0,43.0,14.0,7.2,3.39,148.5,272.23874,13.42,420.0,50.0,0.49668,0.746,0.197,0.1966841569623745,0.3325,0.672,0.0063869377861567,0.71,24.834,202.0,0.5489999999999999,27.0,3,1,43__43,14.16967213114754,32.7,184.2,2707.26,3.82,1.6839344262295084,42,509.57,-325.37,1082.2,8,94,18,4,7.7,572.73,82.36,27.2,14.625806451612902,32.2,737.06,144.55,3.82,100.8,16.793333333333333,32.3,669.74,133.55,3.59,2,48.5,20.548387096774192,32.7,727.73,149.11,3.52,4,0.0452735764917223,0.1121752860235002,-0.0215446581196581,0.0818152648938362,0.0739615232295177,14,2021-05-12,2021-09-06,1,81.0,132.0,5.0,1049.4,171.8,379.28,-207.48,1885.83,3.82,37.0,8.0,57.0,15.0,38.0,0.5706240601503759,0.7384285714285713,0.7157142857142856,70.0,0.559,0.6224285714285714,0.727031746031746,0.7341428571428572,,,899.3999999999997,0.4419693192713327,0.5649162052417867,0.6825223488168275,0.730843362425356,0.7311548619447779,,0.0509666655762373,0,0,0,0,,,,,,,,,,,,,,,,,,,,,,,,,,,,,,,,,,,,,,,,,,,,,,wheat_spring,Лесополосы (Козлов увал левый) 05-080-025-182,Пшеница яровая,1.3155714285714286,v17_physical_t_ha,True,5.0,47.05882352941177,4.0,227.94117647058823,9.0,0.564,4.705882352941177,21.647058823529413,0.0,0.0,0.0,1.3155714285714286,1.3155714,1.3155714,1.3155714285714286,physical_t_ha,False
214,2021,43.0,43.0,9.0,7.1,3.67,236.12,399.02591,8.82,420.0,50.0,0.4984,0.752,0.199,0.1984761950461566,0.336,0.68625,0.0064461800879791,0.71,24.92,197.0,0.5529999999999999,27.0,2,1,43__43,14.16967213114754,32.7,184.2,2707.26,3.82,1.6839344262295084,42,509.57,-325.37,1082.2,8,94,18,4,7.7,572.73,82.36,27.2,14.625806451612902,32.2,737.06,144.55,3.82,100.8,16.793333333333333,32.3,669.74,133.55,3.59,2,48.5,20.548387096774192,32.7,727.73,149.11,3.52,4,0.0454154132478869,0.1042074417645845,-0.0226049145299145,0.0817806431663574,0.0819916093826808,14,2021-05-12,2021-09-06,1,81.0,132.0,5.0,1049.4,171.8,379.28,-207.48,1885.83,3.82,37.0,8.0,57.0,15.0,38.0,0.5726015037593987,0.7441428571428571,0.7168571428571429,68.0,0.5519999999999999,0.6252857142857142,0.7369365079365079,0.7379285714285714,,,865.7999999999998,0.4353787152444871,0.5601819859726836,0.693085013146363,0.740411805236564,0.7340864345738294,,0.053516143299425,0,0,0,0,,,,,,,,,,,,,,,,,,,,,,,,,,,,,,,,,,,,,,,,,,,,,,wheat_spring,Лесополосы (Козлов увал правый) 05-080-025-208,Пшеница яровая,1.5857777777777777,v17_physical_t_ha,True,6.0,500.0,4.0,227.91666666666663,9.0,0.564,80.0,80.0,80.0,0.0,0.0,1.5857777777777777,1.5857778,1.5857778,1.5857777777777777,physical_t_ha,False
215,2021,40.0,43.0,79.0,6.666666666666667,3.776666666666667,192.12,392.99891,12.116666666666667,430.0,51.0,0.4651960784313724,0.73,0.146,0.1923494593036986,0.3329999999999999,0.6799999999999999,0.0066199749647764,0.714,23.72499999999999,202.0,0.584,21.0,2,1,43__40,13.605737704918033,33.0,243.2,2692.25,3.73,1.646967213114754,40,481.05,-237.85,1027.8000000000002,9,90,10,5,9.1,569.79,76.93,28.1,13.806451612903226,32.1,734.91,134.07999999999998,3.67,111.9,16.336666666666666,33.0,666.35,126.5,3.73,2,94.1,20.361290322580647,32.9,721.2,143.54,3.45,5,0.0003075592994307,0.1048362811791384,-0.0631159523809523,0.1048362811791384,0.0742144030714183,14,2021-05-04,2021-09-26,1,89.0,124.0,5.0,1082.9000000000003,232.3,393.42,-161.12,2050.91,3.73,39.0,9.0,61.0,10.0,45.0,0.491663492063492,0.7227142857142856,0.7114285714285715,73.0,0.4117142857142856,0.5311428571428571,0.6672857142857144,0.7226571428571428,,,857.0000000000002,0.357366124893071,0.4596556456643793,0.5908976833976834,0.718956512605042,0.7213791554357593,,0.0608070664494785,1,1,3,1,578.0,1.0,330.6666666666667,330.6666666666667,17.5,17.5,12.303333333333333,12.303333333333333,0.35,0.35,5.23,5.23,453.0,453.0,21.366666666666664,21.366666666666664,0.0933333333333333,0.0933333333333333,0.9633333333333334,0.9633333333333334,5.633333333333333,5.633333333333333,3.9,3.9,5.433333333333334,5.433333333333334,,,,,185.0,27.0,,,0.0,0.0,,,0.0,0.0,0.0,0.0,0.0,0.0,0.0,sunflower,Лоскутиха,Подсолнечник,2.9865822784810128,v17_physical_t_ha,True,5.0,74.60000000000001,3.0,0.42,1.0,1.1139240506329111,7.56,33.984,0.22,0.0,0.0,2.9865822784810128,2.9865823,2.9865823,2.9865822784810128,physical_t_ha,False
216,2021,40.0,43.0,37.0,6.4,3.71,242.68,688.96085,7.64,540.0,49.0,0.5483265306122449,0.759,0.188,0.1771684759994377,0.505,0.708,0.0059790111164626,0.719,26.868,200.0,0.571,37.0,2,1,43__40,13.605737704918033,33.0,243.2,2692.25,3.73,1.646967213114754,40,480.29,-237.09000000000003,1027.8000000000002,9,90,10,5,9.1,569.79,76.74,28.1,13.806451612903226,32.1,734.91,133.85,3.67,111.9,16.336666666666666,33.0,666.35,126.34,3.73,2,94.1,20.361290322580647,32.9,721.2,143.36,3.45,5,0.0241405867524047,0.1032205433455433,-0.0404757936507936,0.0606173076923076,0.0514106174249031,14,2021-05-03,2021-09-24,1,90.0,123.0,5.0,1086.1,232.3,396.88000000000005,-164.58000000000007,2076.9700000000003,3.73,39.0,9.0,62.0,10.0,45.0,0.5672793650793652,0.7497142857142858,0.7262857142857142,74.0,0.5427857142857143,0.6264285714285714,0.7144285714285713,0.7494761904761905,,,860.2000000000002,0.5083130881094953,0.5833112913287585,0.6874044401544401,0.7473019434982969,0.7438519003931847,,0.061610268378063,2,1,2,1,578.0,1.0,591.0,591.0,37.599999999999994,37.599999999999994,1.815,1.815,0.175,0.175,5.085,5.085,426.5,426.5,21.950000000000003,21.950000000000003,0.145,0.145,0.94,0.94,5.35,5.35,6.195,6.195,5.65,5.65,,,,,185.0,27.0,,,0.0,0.0,,,0.0,0.0,0.0,0.0,0.0,0.0,0.0,sunflower,Никитушкин,Подсолнечник,2.925945945945946,v17_physical_t_ha,True,5.0,68.00555555555556,3.0,0.4194444444444444,1.0,1.135135135135135,6.900555555555555,30.950555555555557,0.22,0.0,0.0,2.925945945945946,2.9259459,2.9259459,2.925945945945946,physical_t_ha,False
217,2021,40.0,43.0,408.0,6.94,3.484666666666667,201.10266666666664,313.7409,4.662000000000001,472.0,57.0,0.4529649122807018,0.785,0.174,0.2330616186056759,0.24,0.712,0.0072407330360062,0.71,25.819000000000003,198.0,0.611,23.0,2,1,43__40,13.089344262295082,31.3,206.4,2713.6800000000003,3.5,1.5109016393442625,30,494.9500000000001,-288.55000000000007,975.5,5,95,18,2,7.7,575.99,78.27,24.1,13.545161290322582,31.0,735.04,140.2,3.5,108.7,15.773333333333332,30.6,674.31,130.56,3.11,1,65.9,19.458064516129035,31.3,728.34,145.92,3.09,2,0.0361036383668006,0.1538406256441972,-0.043739898989899,0.1054093820861677,0.1315879110082149,14,2021-05-06,2021-10-10,1,87.0,126.0,5.0,1018.5,197.3,397.09,-199.79000000000005,2016.86,3.5,29.0,5.0,63.0,14.0,46.0,0.5047080745341616,0.7735714285714286,0.7182857142857142,71.0,0.3507619047619047,0.5581071428571429,0.7510000000000001,0.7631428571428571,,,804.8000000000001,0.2728744113029827,0.425748224151539,0.7095112781954886,0.7732331838565022,0.7251078838174273,,0.0736791617473435,0,0,14,1,578.0,1.0,435.8571428571428,435.8571428571428,43.11428571428571,43.11428571428571,6.672142857142857,6.672142857142857,0.1442857142857143,0.1442857142857143,2.87,2.87,429.1428571428572,429.1428571428572,33.885714285714286,33.885714285714286,0.0978571428571428,0.0978571428571428,1.7071428571428569,1.7071428571428569,6.021428571428572,6.021428571428572,9.128571428571428,9.128571428571428,5.757142857142858,5.757142857142858,,,,,,,,,,,,,,,,,,,,sunflower,Овчинников увал,Подсолнечник,2.768578431372549,v17_physical_t_ha,True,11.0,80.8498680024952,3.0,0.4214285714285714,3.0,1.25,7.317724542230587,33.026992834913514,0.1762611275964391,0.0,0.0,2.768578431372549,2.6894762,2.6894762,2.768578431372549,physical_t_ha,False
218,2021,40.0,43.0,39.0,7.2,3.87,198.74,289.9543,4.86,390.0,50.0,0.4715399999999999,0.732,0.135,0.2086121961918813,0.26175,0.68325,0.0069350934244197,0.706,23.576999999999995,197.0,0.597,26.0,2,1,43__40,13.089344262295082,31.3,206.4,2713.6800000000003,3.5,1.5109016393442625,30,494.9500000000001,-288.55000000000007,975.5,5,95,18,2,7.7,575.99,78.27,24.1,13.545161290322582,31.0,735.04,140.2,3.5,108.7,15.773333333333332,30.6,674.31,130.56,3.11,1,65.9,19.458064516129035,31.3,728.34,145.92,3.09,2,0.0367798621414167,0.1243295351473923,-0.0600832341269841,0.1126877551020407,0.108304759129759,14,2021-05-05,2021-10-19,1,88.0,125.0,5.0,1025.6,197.3,401.28,-203.97999999999996,2040.55,3.5,29.0,5.0,64.0,14.0,43.0,0.5070033222591361,0.7255714285714285,0.7124285714285714,81.0,0.4165142857142857,0.5913928571428573,0.682142857142857,0.718857142857143,,,948.1,0.3036624803767661,0.5155386740331491,0.6685798872180451,0.7116271620755925,0.7184908120924719,,0.0550630028844694,0,0,1,1,578.0,1.0,465.0,465.0,46.0,46.0,5.52,5.52,0.21,0.21,7.24,7.24,522.0,522.0,52.5,52.5,0.19,0.19,2.36,2.36,5.5,5.5,7.14,7.14,6.6,6.6,,,,,,,,,,,,,,,,,,,,sunflower,Палатьи,Подсолнечник,2.12974358974359,v17_physical_t_ha,True,9.0,97.82857142857144,3.0,0.42,2.0,1.15625,8.642857142857144,39.75714285714286,0.0,0.0,0.0,2.12974358974359,2.595625,2.595625,2.12974358974359,physical_t_ha,False
219,2021,40.0,43.0,210.0,6.8,3.69625,212.37625,656.214605,8.491249999999999,446.25,51.0,0.447686274509804,0.792,0.184,0.2319128884965788,0.2205,0.708,0.007278876948958,0.739,22.832000000000004,200.0,0.6080000000000001,19.0,2,1,43__40,14.16967213114754,32.7,184.2,2707.26,3.82,1.6839344262295084,42,509.57,-325.37,1082.2,8,94,18,4,7.7,572.73,82.36,27.2,14.625806451612902,32.2,737.06,144.55,3.82,100.8,16.793333333333333,32.3,669.74,133.55,3.59,2,48.5,20.548387096774192,32.7,727.73,149.11,3.52,4,0.038835579004024,0.1606374892964179,-0.0521459060780489,0.1298872036693465,0.138875633040429,14,2021-05-07,2021-10-16,1,86.0,127.0,5.0,1096.2999999999995,174.3,401.22,-226.92,1989.94,3.82,39.0,8.0,61.0,15.0,41.0,0.4969756097560976,0.7854285714285715,0.7488571428571429,75.0,0.382,0.5287678571428571,0.7518571428571429,0.7854285714285715,,,946.2999999999996,0.2661089837997055,0.4266437847866419,0.6053497171145688,0.7644836568773852,0.7823185328185328,,0.0635908474100416,0,0,9,1,578.0,1.0,339.3333333333333,339.3333333333333,32.71111111111111,32.71111111111111,9.583333333333334,9.583333333333334,0.1633333333333333,0.1633333333333333,1.9911111111111113,1.9911111111111113,406.22222222222223,406.22222222222223,19.322222222222223,19.322222222222223,0.1177777777777777,0.1177777777777777,0.8244444444444443,0.8244444444444443,6.177777777777777,6.177777777777777,7.362222222222223,7.362222222222223,5.766666666666667,5.766666666666667,,,,,,,,,,,,,,,,,,,,sunflower,Подхозный увал 1,Подсолнечник,2.818952380952381,v17_physical_t_ha,True,9.0,73.88333333333333,3.0,0.42,3.0,1.2547619047619047,6.6,30.36,0.0,0.0,0.0,2.818952380952381,2.8189523999999997,2.8189523999999997,2.818952380952381,physical_t_ha,False
220,2021,40.0,43.0,25.0,7.3,3.74,197.06,380.11444,6.0,420.0,48.0,0.5239166666666667,0.777,0.193,0.2018064081957976,0.389,0.72275,0.0065620326106734,0.719,25.148000000000003,195.0,0.5840000000000001,26.0,2,1,43__40,13.089344262295082,31.3,206.4,2713.6800000000003,3.5,1.5109016393442625,30,494.9500000000001,-288.55000000000007,975.5,5,95,18,2,7.7,575.99,78.27,24.1,13.545161290322582,31.0,735.04,140.2,3.5,108.7,15.773333333333332,30.6,674.31,130.56,3.11,1,65.9,19.458064516129035,31.3,728.34,145.92,3.09,2,0.0329051687914091,0.1223756880024737,-0.0533542735042734,0.0949669501133786,0.1095436883781664,14,2021-05-05,2021-10-16,1,88.0,125.0,5.0,1025.6,197.3,401.28,-203.97999999999996,2040.55,3.5,29.0,5.0,64.0,14.0,41.0,0.5652195121951219,0.7641428571428571,0.7281428571428571,70.0,0.5118285714285714,0.6279107142857143,0.7475714285714286,0.7616857142857144,,,789.6,0.3947386185243328,0.5726639242084267,0.7228890977443607,0.7636764894298527,0.7364588026081802,,0.0671291647649475,0,0,1,1,578.0,1.0,453.0,453.0,38.9,38.9,6.07,6.07,0.2,0.2,6.55,6.55,430.0,430.0,41.3,41.3,0.17,0.17,1.7,1.7,5.4,5.4,6.75,6.75,5.9,5.9,,,,,,,,,,,,,,,,,,,,sunflower,Сапог,Подсолнечник,2.0263999999999998,v17_physical_t_ha,True,9.0,66.63529411764706,3.0,0.42,2.0,1.12,5.523529411764706,25.40823529411765,0.0,0.0,0.0,2.0263999999999998,2.0263999999999998,2.0263999999999998,2.0263999999999998,physical_t_ha,False
221,2021,40.0,43.0,8.0,,,,,,,49.0,0.5523673469387755,0.754,0.184,0.175947428822611,0.486,0.708,0.0059170001749433,0.726,27.066,197.0,0.5700000000000001,33.0,2,1,43__40,13.605737704918033,33.0,243.2,2692.25,3.73,1.646967213114754,40,480.29,-237.09000000000003,1027.8000000000002,9,90,10,5,9.1,569.79,76.74,28.1,13.806451612903226,32.1,734.91,133.85,3.67,111.9,16.336666666666666,33.0,666.35,126.34,3.73,2,94.1,20.361290322580647,32.9,721.2,143.36,3.45,5,0.0086358573215529,0.0559290120593691,-0.0320977182539682,0.0460260683760683,0.0295648634599527,14,2021-05-03,2021-09-24,1,90.0,123.0,5.0,1086.1,232.3,396.88000000000005,-164.58000000000007,2076.9700000000003,3.73,39.0,9.0,62.0,10.0,45.0,0.5712031746031746,0.7432857142857143,0.7281428571428572,77.0,0.5667142857142857,0.6411428571428572,0.7097142857142857,0.7429047619047618,,,903.7000000000002,0.500201881950385,0.6052177167810355,0.6934594594594594,0.7403622520536967,0.7410642201834862,,0.0570000793210121,0,0,0,0,,,,,,,,,,,,,,,,,,,,,,,,,,,,,,,,,,,,,,,,,,,,,,sunflower,Сметанина пасека (низ огород) 05-080-025-120,Подсолнечник,1.7475,v17_physical_t_ha,True,2.0,1.2,3.0,0.3142857142857143,1.0,1.1,0.22,0.22,0.22,0.0,0.0,1.7475,1.7475,1.7475,1.7475,physical_t_ha,False
222,2021,40.0,43.0,62.0,6.9,3.725,206.315,278.80506,4.845,420.0,51.0,0.4571176470588235,0.773,0.161,0.2007257075926781,0.2915,0.6575,0.0066703582206247,0.714,23.313,195.0,0.612,19.0,2,1,43__40,13.089344262295082,31.3,206.4,2713.6800000000003,3.5,1.5109016393442625,30,494.9500000000001,-288.55000000000007,975.5,5,95,18,2,7.7,575.99,78.27,24.1,13.545161290322582,31.0,735.04,140.2,3.5,108.7,15.773333333333332,30.6,674.31,130.56,3.11,1,65.9,19.458064516129035,31.3,728.34,145.92,3.09,2,0.0303231938037542,0.1620066052994624,-0.0584373931623931,0.1557374498517355,0.1412607723460402,14,2021-05-04,2021-09-26,1,89.0,124.0,5.0,1031.5,197.3,405.86999999999995,-208.56999999999996,2066.12,3.5,29.0,5.0,65.0,14.0,44.0,0.4880227272727273,0.7518571428571429,0.7225714285714285,78.0,0.3988857142857143,0.5441428571428572,0.689857142857143,0.7493714285714286,,,890.8000000000001,0.3548021978021978,0.4468374112075768,0.6560827067669172,0.7393901345291479,0.7346064018968582,,0.0613467219863422,0,0,2,1,578.0,1.0,337.0,337.0,27.25,27.25,3.385,3.385,0.19,0.19,3.77,3.77,449.0,449.0,23.15,23.15,0.08,0.08,1.795,1.795,5.45,5.45,9.465,9.465,5.6,5.6,,,,,,,,,,,,,,,,,,,,sunflower,Соколки 1,Подсолнечник,2.9396774193548385,v17_physical_t_ha,True,5.0,57.29836065573771,3.0,0.42,1.0,1.1129032258064515,5.82983606557377,26.025245901639344,0.22,0.0,0.0,2.9396774193548385,2.9396774,2.9396774,2.9396774193548385,physical_t_ha,False
223,2021,40.0,43.0,70.0,6.433333333333334,3.6633333333333336,175.33333333333334,560.82853,6.72,430.0,51.0,0.4491960784313726,0.789,0.152,0.2148217701393361,0.271,0.7035,0.0069135350180652,0.714,22.909,197.0,0.637,20.0,2,1,43__40,13.089344262295082,31.3,206.4,2713.6800000000003,3.5,1.5109016393442625,30,494.9500000000001,-288.55000000000007,975.5,5,95,18,2,7.7,575.99,78.27,24.1,13.545161290322582,31.0,735.04,140.2,3.5,108.7,15.773333333333332,30.6,674.31,130.56,3.11,1,65.9,19.458064516129035,31.3,728.34,145.92,3.09,2,0.0193233042882026,0.1665030303030303,-0.0520153513153512,0.1398347505668934,0.1370936962343212,14,2021-05-04,2021-09-27,1,89.0,124.0,5.0,1031.5,197.3,405.86999999999995,-208.56999999999996,2066.12,3.5,29.0,5.0,65.0,14.0,43.0,0.4869800664451827,0.758,0.7171428571428571,78.0,0.3918571428571429,0.5765714285714285,0.7218571428571429,0.7572285714285714,,,890.8000000000001,0.3158571428571428,0.4626945540647198,0.6892913533834585,0.7546617552850736,0.7313657379964434,,0.0627868372229274,0,0,0,0,,,,,,,,,,,,,,,,,,,,,,,,,,,,,,,,,,,,,,,,,,,,,,sunflower,Соколки 2,Подсолнечник,2.8625714285714285,v17_physical_t_ha,True,5.0,65.2952380952381,3.0,0.42,1.0,1.1,6.62952380952381,29.703809523809525,0.22,0.0,0.0,2.8625714285714285,2.8625713999999998,2.8625713999999998,2.8625714285714285,physical_t_ha,False
224,2021,40.0,43.0,104.0,6.5,3.808,191.728,598.903534,18.618,516.0,52.0,0.4796346153846154,0.75,0.169,0.1873978725811181,0.3482499999999999,0.63,0.0064558664669408,0.722,24.941000000000003,200.0,0.581,26.0,2,1,43__40,13.605737704918033,33.0,243.2,2692.25,3.73,1.646967213114754,40,480.29,-237.09000000000003,1027.8000000000002,9,90,10,5,9.1,569.79,76.74,28.1,13.806451612903226,32.1,734.91,133.85,3.67,111.9,16.336666666666666,33.0,666.35,126.34,3.73,2,94.1,20.361290322580647,32.9,721.2,143.36,3.45,5,0.0142569020263289,0.0796822613894041,-0.0460874510410225,0.0743660997732426,0.0493909772483751,14,2021-05-03,2021-09-25,1,90.0,123.0,5.0,1086.1,232.3,396.88000000000005,-164.58000000000007,2076.9700000000003,3.73,39.0,9.0,62.0,10.0,47.0,0.4997902735562311,0.7432857142857142,0.7272857142857143,79.0,0.424,0.5401428571428571,0.6252857142857143,0.7303571428571429,,,936.7000000000002,0.3842343883661249,0.4829488459139114,0.5924546332046333,0.7135212221304708,0.7399672346002621,,0.0582090472081843,0,0,4,1,578.0,1.0,474.25,474.25,27.125,27.125,5.6175,5.6175,0.2075,0.2075,3.6175,3.6175,447.0,447.0,19.7,19.7,0.1575,0.1575,0.8775000000000001,0.8775000000000001,5.625,5.625,9.2325,9.2325,5.9750000000000005,5.9750000000000005,,,,,,,,,,,,,,,,,,,,sunflower,Холодный ключ,Подсолнечник,2.0925000000000002,v17_physical_t_ha,True,5.0,54.7,3.0,0.41,1.0,1.113,5.569999999999999,24.83,0.22,0.0,0.0,2.0925000000000002,2.1762,2.1762,2.0925000000000002,physical_t_ha,False
225,2021,40.0,43.0,4.0,,,,,,,51.0,0.5841176470588235,0.715,0.168,0.1699102008569467,0.596,0.6984999999999999,0.0047035742083916,0.692,29.79,160.0,0.5469999999999999,41.0,2,1,43__40,13.605737704918033,33.0,243.2,2692.25,3.73,1.646967213114754,40,480.29,-237.09000000000003,1027.8000000000002,9,90,10,5,9.1,569.79,76.74,28.1,13.806451612903226,32.1,734.91,133.85,3.67,111.9,16.336666666666666,33.0,666.35,126.34,3.73,2,94.1,20.361290322580647,32.9,721.2,143.36,3.45,5,0.0116888326740719,0.1147334554334554,-0.0736614087301587,0.0526773809523809,0.0071340774305059,14,2021-05-04,2021-09-25,1,89.0,124.0,5.0,1082.9000000000003,232.3,392.88,-160.57999999999998,2050.91,3.73,39.0,9.0,61.0,10.0,45.0,0.6231047619047619,0.7061428571428571,0.6895714285714286,42.0,0.6622857142857143,0.6985714285714285,0.7039999999999998,0.6767142857142857,,,447.8,0.6127519247219847,0.697548970679975,0.6967818532818533,0.6824701899256813,0.6793059299191373,,0.1006309658631289,0,0,0,0,,,,,,,,,,,,,,,,,,,,,,,,,,,,,,,,,,,,,,,,,,,,,,sunflower,Холодный ключ (сенокос) 05-080-025-120,Подсолнечник,1.85,v17_physical_t_ha,True,2.0,1.2,3.0,0.41,1.0,1.1,0.22,0.22,0.22,0.0,0.0,1.85,1.85,1.85,1.85,physical_t_ha,False
226,2021,40.0,43.0,40.0,7.2,3.79,218.81,806.48818,8.56,420.0,55.0,0.4957636363636363,0.763,0.156,0.1935668983380975,0.372,0.7075,0.0063891195510784,0.726,27.267,196.0,0.607,23.0,2,1,43__40,13.790983606557376,33.2,197.4,2700.9599999999996,3.84,1.6840983606557378,44,491.86999999999995,-294.46999999999997,1042.8,9,91,18,5,8.0,571.28,79.95,28.5,14.109677419354838,32.5,737.35,138.06,3.83,104.7,16.413333333333334,33.2,667.39,129.02,3.84,2,56.2,20.338709677419356,33.0,724.94,144.84,3.55,5,-0.0001645567666253,0.1223411667697381,-0.1229160997732426,0.121593537414966,0.0936469222951194,14,2021-05-02,2021-09-26,1,91.0,122.0,5.0,1097.0,188.1,408.5899999999999,-220.48999999999992,2110.0,3.84,43.0,9.0,63.0,10.0,50.0,0.5164828571428571,0.7537142857142857,0.7231428571428572,77.0,0.4414285714285714,0.4888571428571429,0.65,0.7515714285714286,0.7231428571428572,,900.0,0.4151363636363636,0.4512547452547453,0.6040354285714287,0.7408912294140175,0.7440437051532942,,0.0608465608465608,0,0,1,1,578.0,1.0,443.0,443.0,29.4,29.4,1.03,1.03,0.14,0.14,1.3,1.3,388.0,388.0,18.0,18.0,0.12,0.12,0.3,0.3,6.8,6.8,5.78,5.78,5.7,5.7,,,,,,,,,,,,,,,,,,,,sunflower,Штаны,Подсолнечник,2.4555,v17_physical_t_ha,True,11.0,62.45,3.0,0.4205128205128204,2.0,2.1,5.22,23.22,0.22,0.0,0.0,2.4555,2.4555,2.4555,2.4555,physical_t_ha,False
227,2021,44.0,44.0,346.0,6.953846153846154,3.8015384615384615,195.0484615384616,763.0697146153847,10.056153846153848,475.38461538461536,62.0,0.5361290322580644,0.719,0.208,0.1541865736038927,0.47975,0.69025,0.0028070654325152,0.471,33.239999999999995,166.0,0.511,39.0,3,1,44__44,13.790983606557376,33.2,197.4,2700.9599999999996,3.84,1.6840983606557378,44,491.86999999999995,-294.46999999999997,1042.8,9,91,18,5,8.0,571.28,79.95,28.5,14.109677419354838,32.5,737.35,138.06,3.83,104.7,16.413333333333334,33.2,667.39,129.02,3.84,2,56.2,20.338709677419356,33.0,724.94,144.84,3.55,5,0.1250393437681836,0.3385838827838827,-0.1477457364064507,-0.1075480725623582,-0.0760699285541722,14,2020-09-03,2021-08-02,1,332.0,247.0,5.0,1325.4000000000003,630.9,685.28,-54.379999999999995,4210.639999999999,3.84,49.0,9.0,229.0,20.0,83.0,0.4916041308089501,0.7094285714285713,0.4572857142857143,286.0,0.3812857142857143,0.4392857142857143,0.3737857142857143,0.3599747899159664,0.3569915966386555,0.3510252100840336,704.9000000000001,0.2642448979591837,0.5501670020120725,0.6704897959183673,0.7034398868458274,0.6080147710487446,0.4999071537290716,0.0552419689549265,3,1,14,1,578.0,1.0,441.57142857142856,441.57142857142856,26.40357142857143,26.40357142857143,9.212142857142856,9.212142857142856,0.2999999999999999,0.2999999999999999,1.2228571428571426,1.2228571428571426,364.2142857142857,364.2142857142857,8.708571428571428,8.708571428571428,0.1121428571428571,0.1121428571428571,0.5778571428571428,0.5778571428571428,5.786428571428572,5.786428571428572,13.137142857142855,13.137142857142855,5.120714285714286,5.120714285714286,,,,,181.0,31.0,77.0,77.0,0.0,0.0,2.0,2.0,0.0,0.0,1.0,1.0,0.0,0.0,0.0,wheat_winter,Большая Семёниха СК,Пшеница озимая,2.8346242774566472,v17_physical_t_ha,True,3.0,153.36122857142857,1.0,0.0,13.0,1.9685714285714284,50.896989142857144,0.0,0.0,2.732094,0.0,2.8346242774566472,2.8022286000000003,2.8022286000000003,2.8346242774566472,physical_t_ha,False
228,2021,44.0,44.0,59.0,6.699999999999999,3.515,179.82,438.82045,7.755,420.0,51.0,0.5424117647058824,0.72,0.244,0.153894434975712,0.4705,0.692,0.003364583827214,0.513,27.663,167.0,0.476,36.0,4,1,44__44,13.605737704918033,33.0,243.2,2692.25,3.73,1.646967213114754,40,480.29,-237.09000000000003,1027.8000000000002,9,90,10,5,9.1,569.79,76.74,28.1,13.806451612903226,32.1,734.91,133.85,3.67,111.9,16.336666666666666,33.0,666.35,126.34,3.73,2,94.1,20.361290322580647,32.9,721.2,143.36,3.45,5,0.1053376207547031,0.2553400155400155,-0.0888400155400156,-0.0815555632859204,-0.000139342342639,14,2020-09-03,2021-08-04,1,332.0,247.0,5.0,1306.6,697.2,660.9200000000001,36.27999999999997,4118.250000000001,3.73,45.0,9.0,228.0,12.0,66.0,0.4985281385281384,0.7102857142857142,0.5095714285714286,285.0,0.3028571428571429,0.2413809523809523,0.2415227629513343,0.241640502354788,0.2417582417582417,0.2419937205651491,671.4999999999999,0.2645855130784708,0.529164989939638,0.6830609318996415,0.6883371428571429,0.6251177539223782,0.5373695937090434,0.0239003028388417,2,1,2,1,578.0,1.0,257.0,257.0,23.23,23.23,13.295,13.295,0.345,0.345,7.09,7.09,386.0,386.0,12.7,12.7,0.13,0.13,1.7999999999999998,1.7999999999999998,5.65,5.65,2.765,2.765,3.71,3.71,,,,,180.0,32.0,75.0,75.0,0.0,0.0,2.0,3.0,0.0,0.0,0.0,0.0,0.0,0.0,0.0,wheat_winter,Бонн 1,Пшеница озимая,2.4169491525423727,v17_physical_t_ha,True,3.0,52.88135593220339,1.0,0.0,13.0,2.1284745762711865,16.922033898305084,0.0,0.0,0.0,0.0,2.4169491525423727,2.4169492000000004,2.4169492000000004,2.4169491525423727,physical_t_ha,False
229,2021,44.0,44.0,12.0,6.4,2.36,225.3,220.85171,12.11,480.0,49.0,0.4699183673469387,0.639,0.1,0.1817443637207856,0.346,0.609,0.0048917561450564,0.541,23.026,160.0,0.539,32.0,4,1,44__44,13.605737704918033,33.0,243.2,2692.25,3.73,1.646967213114754,40,480.29,-237.09000000000003,1027.8000000000002,9,90,10,5,9.1,569.79,76.74,28.1,13.806451612903226,32.1,734.91,133.85,3.67,111.9,16.336666666666666,33.0,666.35,126.34,3.73,2,94.1,20.361290322580647,32.9,721.2,143.36,3.45,5,0.0746797067942529,0.1987687645687645,-0.0321146825396825,0.012935624098124,0.0511830283638319,14,2020-09-03,2021-08-04,1,332.0,247.0,5.0,1306.6,697.2,660.9200000000001,36.27999999999997,4118.250000000001,3.73,45.0,9.0,228.0,12.0,64.0,0.4263102678571428,0.619,0.5488571428571428,304.0,0.2614285714285714,0.1546666666666666,0.1317864992150706,0.1311624803767661,0.1305384615384615,0.1292904238618524,898.5999999999999,0.1300281690140845,0.4823963782696179,0.6058417818740399,0.5956483516483517,0.6103523342015628,0.5815648754914811,0.0146611431160592,2,1,1,1,578.0,1.0,296.0,296.0,23.9,23.9,19.46,19.46,0.41,0.41,3.21,3.21,284.0,284.0,13.0,13.0,0.13,0.13,2.17,2.17,6.68,6.68,5.3,5.3,3.12,3.12,,,,,180.0,32.0,75.0,75.0,0.0,0.0,2.0,3.0,0.0,0.0,0.0,0.0,0.0,0.0,0.0,wheat_winter,Бонн 2,Пшеница озимая,2.9450000000000003,v17_physical_t_ha,True,3.0,60.0,1.0,0.0,13.0,2.174318181818182,19.200000000000003,0.0,0.0,0.0,0.0,2.9450000000000003,2.945,2.945,2.9450000000000003,physical_t_ha,False
230,2021,44.0,21.0,223.0,7.1000000000000005,3.73,184.71,792.107215,3.6633333333333336,445.0,54.0,0.5093703703703704,0.724,0.208,0.195101900848448,0.31875,0.701,0.0059670714440391,0.65,27.505999999999997,200.0,0.516,31.0,3,2,21__44,14.16967213114754,32.7,184.2,2707.26,3.82,1.6839344262295084,42,509.57,-325.37,1082.2,8,94,18,4,7.7,572.73,82.36,27.2,14.625806451612902,32.2,737.06,144.55,3.82,100.8,16.793333333333333,32.3,669.74,133.55,3.59,2,48.5,20.548387096774192,32.7,727.73,149.11,3.52,4,0.0695662418327577,0.1838349077509791,-0.0020644577644577,0.0786886440940013,0.0618823974173973,14,2020-09-03,2021-09-06,1,332.0,247.0,5.0,1374.7999999999993,608.8,706.8199999999999,-98.01999999999998,4195.15,3.82,48.0,8.0,232.0,20.0,72.0,0.4424900793650794,0.7164285714285714,0.6607142857142857,312.0,0.2434285714285714,0.2591428571428571,0.2417142857142857,0.2381308755760368,0.2373566820276497,0.2358082949308755,1088.4999999999995,0.2307609618104667,0.3403326810176125,0.5524181438998957,0.6519321540528438,0.7127749128919859,0.7108163265306121,0.0378096305786888,3,1,8,1,578.0,1.0,498.5,498.5,20.31,20.31,7.0525,7.0525,0.34875,0.34875,1.7525,1.7525,384.0,384.0,9.36625,9.36625,0.12,0.12,0.6637500000000001,0.6637500000000001,5.62125,5.62125,7.86625,7.86625,5.7075,5.7075,,,,,181.0,31.0,75.0,75.0,0.0,0.0,1.0,2.0,0.0,1.0,1.0,1.0,0.0,0.0,0.0,wheat_winter,Бригадная стрелка,Пшеница озимая,2.123766816143498,v17_physical_t_ha,True,3.0,156.3337655890949,1.0,0.0,15.0,3.5468289557975656,51.91685473975414,0.0,0.0,2.835074626865672,0.0,2.123766816143498,2.1237668,2.1237668,2.123766816143498,physical_t_ha,False
231,2021,44.0,21.0,235.0,7.2625,3.685,204.0575,646.09227125,9.26,453.75,60.0,0.5282666666666667,0.712,0.196,0.1613492967308985,0.4795,0.68,0.0032683947823167,0.487,31.696,167.0,0.516,39.0,5,2,21__44,13.790983606557376,33.2,197.4,2700.9599999999996,3.84,1.6840983606557378,44,491.86999999999995,-294.46999999999997,1042.8,9,91,18,5,8.0,571.28,79.95,28.5,14.109677419354838,32.5,737.35,138.06,3.83,104.7,16.413333333333334,33.2,667.39,129.02,3.84,2,56.2,20.338709677419356,33.0,724.94,144.84,3.55,5,0.0928211419180954,0.2697904345654345,-0.1206974232117088,-0.0823320397856112,-0.0502083301269225,14,2020-09-03,2021-08-06,1,332.0,247.0,5.0,1325.4000000000003,630.9,685.28,-54.379999999999995,4210.639999999999,3.84,49.0,9.0,229.0,20.0,78.0,0.4722142857142857,0.6965714285714286,0.4824285714285714,285.0,0.2837142857142857,0.3273809523809524,0.2994285714285714,0.2928795518207283,0.291563025210084,0.2889299719887955,690.7,0.2404671201814059,0.5061146881287726,0.6585204081632652,0.6932899575671853,0.6381881092790951,0.5251000217438575,0.0511081917192863,2,1,9,1,578.0,1.0,420.55555555555554,420.55555555555554,27.633333333333333,27.633333333333333,10.624444444444444,10.624444444444444,0.2788888888888888,0.2788888888888888,1.9811111111111108,1.9811111111111108,414.8888888888889,414.8888888888889,13.133333333333333,13.133333333333333,0.1144444444444444,0.1144444444444444,0.8033333333333333,0.8033333333333333,6.022222222222222,6.022222222222222,7.4,7.4,5.493333333333333,5.493333333333333,,,,,181.0,31.0,77.0,77.0,0.0,0.0,3.0,3.0,0.0,0.0,0.0,0.0,0.0,0.0,0.0,wheat_winter,Давыдкин увал левый,Пшеница озимая,3.5069787234042553,v17_physical_t_ha,True,3.0,151.52731485607345,1.0,0.0,15.0,3.497372777349659,50.25404687639248,0.0,0.0,2.6479591836734695,0.0,3.5069787234042553,3.5988646,3.5988646,3.5069787234042553,physical_t_ha,False
232,2021,44.0,21.0,296.0,6.609090909090909,3.7290909090909095,211.9754545454545,649.4797309090909,7.533636363636364,452.7272727272728,60.0,0.53265,0.736,0.174,0.1845377852003937,0.43275,0.7084999999999999,0.0044951177593572,0.523,31.958999999999996,183.0,0.562,41.0,5,2,21__44,13.790983606557376,33.2,197.4,2700.9599999999996,3.84,1.6840983606557378,44,491.86999999999995,-294.46999999999997,1042.8,9,91,18,5,8.0,571.28,79.95,28.5,14.109677419354838,32.5,737.35,138.06,3.83,104.7,16.413333333333334,33.2,667.39,129.02,3.84,2,56.2,20.338709677419356,33.0,724.94,144.84,3.55,5,0.1029483024704853,0.2789611253825538,-0.0679583904191047,-0.0392735621521336,-0.0067368750763708,14,2020-09-03,2021-08-09,1,332.0,247.0,5.0,1325.4000000000003,630.9,685.28,-54.379999999999995,4210.639999999999,3.84,49.0,9.0,229.0,20.0,76.0,0.4757330827067669,0.7297142857142858,0.5305714285714286,301.0,0.2605714285714285,0.2983333333333333,0.2697142857142857,0.263016806722689,0.261672268907563,0.2589831932773109,866.1000000000001,0.216546485260771,0.4529657947686117,0.652173469387755,0.724022630834512,0.68822842700686,0.5887814742335291,0.0487624428302394,4,1,12,1,578.0,1.0,426.8333333333333,426.8333333333333,33.0075,33.0075,10.916666666666666,10.916666666666666,0.2808333333333333,0.2808333333333333,1.5549999999999995,1.5549999999999995,375.5,375.5,11.740833333333336,11.740833333333336,0.1125,0.1125,0.6,0.6,5.8900000000000015,5.8900000000000015,7.688333333333333,7.688333333333333,4.966666666666668,4.966666666666668,,,,,181.0,31.0,77.0,77.0,0.0,0.0,2.0,3.0,0.0,0.0,0.0,0.0,0.0,0.0,0.0,wheat_winter,Давыдкин увал правый,Пшеница озимая,3.2479729729729727,v17_physical_t_ha,True,3.0,136.43884592228963,1.0,0.0,15.0,3.4816225165562913,45.556095030797024,0.0,0.0,2.8434965034965036,0.0,3.2479729729729727,3.1834437,3.1834437,3.2479729729729727,physical_t_ha,False
233,2021,44.0,43.0,39.0,6.7,3.57,211.75,698.55237,6.06,510.0,54.0,0.5587962962962963,0.701,0.215,0.1530480897105885,0.516,0.68875,0.0039574676878889,0.538,30.175,181.0,0.486,42.0,2,1,43__44,13.790983606557376,33.2,197.4,2700.9599999999996,3.84,1.6840983606557378,44,491.86999999999995,-294.46999999999997,1042.8,9,91,18,5,8.0,571.28,79.95,28.5,14.109677419354838,32.5,737.35,138.06,3.83,104.7,16.413333333333334,33.2,667.39,129.02,3.84,2,56.2,20.338709677419356,33.0,724.94,144.84,3.55,5,0.0781471702638481,0.1749819902319902,-0.0379655067155066,-0.0199287131519273,0.050068874617446,14,2020-09-03,2021-08-30,1,332.0,247.0,5.0,1325.4000000000003,630.9,685.28,-54.379999999999995,4210.639999999999,3.84,49.0,9.0,229.0,20.0,68.0,0.5062394957983194,0.6938571428571428,0.5582857142857144,296.0,0.2809285714285714,0.2545238095238095,0.2449529042386184,0.2448940345368916,0.2448351648351648,0.2447174254317111,801.6000000000001,0.2475362811791383,0.5030945674044266,0.6464489795918367,0.6938209764918626,0.6848244047619048,0.6351761252446185,0.0370835380388303,1,1,2,1,578.0,1.0,478.5,478.5,33.6,33.6,11.15,11.15,0.24,0.24,3.355,3.355,439.5,439.5,22.65,22.65,0.0849999999999999,0.0849999999999999,1.335,1.335,5.25,5.25,12.55,12.55,5.35,5.35,,,,,121.0,91.0,,,0.0,0.0,1.0,1.0,0.0,1.0,1.0,1.0,0.0,0.0,0.0,wheat_winter,Корнеюшкин ,Пшеница озимая,3.6453846153846152,v17_physical_t_ha,True,3.0,153.71255060728743,1.0,0.0,13.0,2.3055330634278004,51.10801619433199,0.0,0.0,2.88,0.0,3.6453846153846152,3.6453846,3.6453846,3.6453846153846152,physical_t_ha,False
234,2021,44.0,9.0,35.0,6.5,3.73,181.31,492.74302,14.32,480.0,55.0,0.5635454545454546,0.726,0.197,0.1618374962936944,0.5055000000000001,0.6964999999999999,0.0038309628404316,0.504,30.995,181.0,0.5289999999999999,42.0,3,99,9__44,13.605737704918033,33.0,243.2,2692.25,3.73,1.646967213114754,40,480.29,-237.09000000000003,1027.8000000000002,9,90,10,5,9.1,569.79,76.74,28.1,13.806451612903226,32.1,734.91,133.85,3.67,111.9,16.336666666666666,33.0,666.35,126.34,3.73,2,94.1,20.361290322580647,32.9,721.2,143.36,3.45,5,0.0516742312940097,0.1679525462962962,-0.1037215136054422,-0.0967392857142858,-0.0149310136575443,14,2020-09-03,2021-08-05,1,332.0,247.0,5.0,1306.6,697.2,660.9200000000001,36.27999999999997,4118.250000000001,3.73,45.0,9.0,228.0,12.0,68.0,0.5316218487394958,0.7147142857142857,0.5277142857142857,296.0,0.3702857142857143,0.316952380952381,0.2760973312401884,0.2747904238618525,0.2734835164835165,0.2708697017268446,781.7999999999998,0.2370321931589537,0.5804305835010062,0.694100358422939,0.7130525714285714,0.6573197478991596,0.5950127372627373,0.0296531145095113,1,1,0,0,,,,,,,,,,,,,,,,,,,,,,,,,,,,,,,121.0,91.0,14.0,14.0,0.0,0.0,1.0,1.0,0.0,1.0,0.0,0.0,0.0,0.0,0.0,wheat_winter,Красный яр,Пшеница озимая,5.389142857142858,v17_physical_t_ha,True,2.0,56.57142857142857,1.0,0.0,13.0,2.367142857142857,18.102857142857143,0.0,0.0,0.0,0.0,5.389142857142858,5.3891429,5.3891429,5.389142857142858,physical_t_ha,False
195,2022,44.0,3.0,123.0,6.9,3.6425,225.2,499.4803025,7.5175,427.5,63.0,0.4365714285714286,0.686,0.177,0.158749649596985,0.276,0.5635,0.0038913905306724,0.428,27.504,177.0,0.5090000000000001,27.0,4,3,3__44,15.449180327868852,32.9,226.5,2762.63,3.97,1.8990983606557377,51,533.87,-307.37,1189.9999999999998,11,90,12,2,36.2,590.8,89.34,18.0,16.412903225806453,30.6,725.39,145.58,3.39,87.5,18.953333333333333,32.8,709.09,145.76,3.68,7,84.8,19.82903225806452,32.9,737.35,153.19,3.97,2,0.0186353264791813,0.1779025030525031,-0.1598134920634922,-0.1395265079365078,-0.1067833676633478,15,2021-09-08,2022-08-10,1,327.0,251.0,5.0,1419.999999999999,627.2,716.0899999999999,-88.88999999999987,4253.000000000001,3.97,55.0,12.0,224.0,17.0,82.0,0.3839320557491289,0.6641428571428571,0.4207142857142857,290.0,0.1993506493506493,0.2309285714285714,0.2246952380952381,0.2197631103074141,0.2192884267631103,0.2183390596745027,875.6999999999997,0.2066881496881497,0.3837844674029212,0.5013367346938774,0.6535375722543355,0.6103392857142852,0.4863829024344215,0.0603890992240507,1,1,3,1,943.0,1.0,261.6666666666667,261.6666666666667,29.26666666666667,29.26666666666667,15.9,15.9,0.2833333333333334,0.2833333333333334,2.6633333333333336,2.6633333333333336,452.3333333333333,452.3333333333333,26.133333333333336,26.133333333333336,0.0666666666666666,0.0666666666666666,0.9133333333333334,0.9133333333333334,6.0,6.0,7.223333333333334,7.223333333333334,6.133333333333333,6.133333333333333,,,,,196.0,16.0,91.0,91.0,0.0,0.0,1.0,1.0,0.0,1.0,1.0,1.0,0.0,0.0,0.0,wheat_winter,Коновалиха 1,Пшеница озимая,2.1216260162601626,v17_physical_t_ha,True,4.0,91.5840108401084,4.0,0.0,12.0,0.925,30.917994579945805,0.0,0.0,2.416666666666667,0.0,2.1216260162601626,2.121626,2.121626,2.1216260162601626,physical_t_ha,False
197,2022,44.0,3.0,343.0,6.976923076923077,3.579230769230769,216.96,502.5284007692308,4.591538461538462,454.61538461538464,64.0,0.451609375,0.727,0.155,0.1899752136124851,0.2435,0.645,0.0051351847983349,0.451,28.903,185.0,0.572,28.0,4,3,3__44,15.932786885245902,32.8,228.0,2773.68,3.78,1.9048360655737704,54,557.77,-329.77,1240.6999999999998,13,90,12,3,25.0,589.41,94.12,25.6,16.983870967741936,30.8,725.76,154.23,3.51,102.8,19.39,32.8,713.33,152.74,3.76,9,74.60000000000001,19.98064516129032,32.5,745.1800000000001,156.68,3.78,2,0.0178998583728605,0.1568834750566893,-0.194500683020683,-0.1655413708513709,-0.0929806484979384,15,2021-09-11,2022-08-09,1,324.0,254.0,5.0,1448.3000000000004,618.1000000000001,732.97,-114.86999999999988,4189.7300000000005,3.78,57.0,13.0,222.0,17.0,79.0,0.4044864376130199,0.7172857142857143,0.4228571428571429,290.0,0.1943428571428571,0.218447619047619,0.2115714285714285,0.2110967450271247,0.2106220614828209,0.2096726943942133,952.8000000000004,0.2082773298935827,0.3523385989010989,0.4690621637776449,0.692071217867678,0.7136023900054318,0.5923402433528617,0.0592253997590719,1,1,26,1,943.0,1.0,382.15384615384613,382.15384615384613,29.47692307692307,29.47692307692307,7.899230769230769,7.899230769230769,0.1715384615384615,0.1715384615384615,1.780769230769231,1.780769230769231,387.0,387.0,23.89230769230769,23.89230769230769,0.1553846153846154,0.1553846153846154,0.5392307692307692,0.5392307692307692,6.515384615384617,6.515384615384617,4.764615384615386,4.764615384615386,5.715384615384614,5.715384615384614,,,,,196.0,16.0,85.0,85.0,1.0,1.0,0.0,0.0,1.0,1.0,1.0,1.0,0.0,0.0,0.0,wheat_winter,Казачий увал,Пшеница озимая,1.5206997084548106,v17_physical_t_ha,True,4.0,113.83381924198252,4.0,0.0,12.0,2.650801749271137,38.49387755102041,0.0,0.0,3.1005830903790086,0.0,1.5206997084548106,1.5206997,1.5206997,1.5206997084548106,physical_t_ha,False
207,2022,44.0,3.0,110.91,6.875,3.55,244.935,425.663535,5.4125,412.5,63.0,0.4292539682539681,0.676,0.161,0.1756292061127889,0.2264999999999999,0.5925,0.0051515749252546,0.493,27.042999999999996,184.0,0.515,23.0,4,3,3__44,15.449180327868852,32.9,226.5,2762.63,3.97,1.8990983606557377,51,533.87,-307.37,1189.9999999999998,11,90,12,2,36.2,590.8,89.34,18.0,16.412903225806453,30.6,725.39,145.58,3.39,87.5,18.953333333333333,32.8,709.09,145.76,3.68,7,84.8,19.82903225806452,32.9,737.35,153.19,3.97,2,0.011633424343566,0.1243512709512709,-0.1507140909090908,-0.0753596681096681,-0.0690361270623245,15,2021-09-13,2022-08-11,1,322.0,256.0,5.0,1373.1999999999991,610.0999999999999,699.51,-89.41000000000008,4191.83,3.97,54.0,11.0,222.0,17.0,78.0,0.3828241758241758,0.6611428571428571,0.4818571428571429,288.0,0.1816857142857142,0.2000857142857142,0.1973996383363472,0.1971826401446655,0.1969656419529837,0.1965316455696202,882.5999999999996,0.2090323450134771,0.357204433497537,0.5010245310245312,0.6460070189925683,0.6296101404590612,0.5203986710963451,0.0559303323929842,2,1,4,1,943.0,1.0,447.0,447.0,44.3,44.3,7.3975,7.3975,0.1425,0.1425,1.835,1.835,379.5,379.5,24.925,24.925,0.1725,0.1725,0.5325,0.5325,6.475,6.475,5.550000000000001,5.550000000000001,5.275,5.275,,,,,196.0,16.0,87.0,87.0,0.0,0.0,1.0,1.0,0.0,1.0,1.0,1.0,0.0,0.0,0.0,wheat_winter,Александров ключ,Пшеница озимая,1.8862140474258406,v17_physical_t_ha,True,4.0,165.31283422459893,6.0,226.0,12.0,0.925,49.98363636363637,11.5,0.0,3.875294117647059,0.0,1.8862140474258406,1.9018182,1.9018182,1.8862140474258406,physical_t_ha,False
208,2022,43.0,40.0,130.0,6.8,3.916,202.758,706.31834,5.7,504.0,60.0,0.4773666666666666,0.738,0.192,0.1873070533167991,0.287,0.65425,0.0059561363543287,0.633,28.642,182.0,0.546,29.0,1,2,40__43,14.750819672131149,31.7,175.4,2779.01,3.52,1.734672131147541,39,537.93,-362.53,1115.1,5,92,22,2,21.6,591.54,90.71,25.299999999999997,15.729032258064516,29.3,723.23,148.12,3.12,72.10000000000001,18.27,31.7,716.56,147.98,3.52,4,56.4,18.793548387096777,30.9,747.6800000000001,151.12,3.35,1,0.0232642167393893,0.1405119047619048,-0.0516049422799421,-0.0112400048100047,0.0068524547492851,15,2022-05-24,2022-09-05,1,69.0,144.0,5.0,943.5,131.9,338.9800000000001,-207.08000000000007,1650.72,3.52,31.0,5.0,46.0,7.0,40.0,0.590175,0.7167142857142856,0.6292857142857143,41.0,0.6607142857142857,0.7136666666666666,0.6477142857142858,,,,566.3,0.4751009852216748,0.6578723404255319,0.7155167022032692,0.6532432959531936,,,0.0649655563869037,2,1,4,1,943.0,1.0,593.25,593.25,27.725,27.725,20.45,20.45,0.2725,0.2725,5.5,5.5,397.5,397.5,16.325000000000003,16.325000000000003,0.07,0.07,2.62,2.62,5.325,5.325,12.1,12.1,6.025,6.025,,,,,211.0,1.0,75.0,75.0,0.0,0.0,2.0,2.0,0.0,0.0,0.0,0.0,0.0,0.0,0.0,wheat_spring,Карелкино,Пшеница яровая,2.356923076923077,v17_physical_t_ha,True,4.0,164.0007930214116,4.0,168.3,8.0,3.1656145915939735,54.380253766851695,0.0,0.0,2.85,0.0,2.356923076923077,2.3569231,2.3569231,2.356923076923077,physical_t_ha,False
209,2022,43.0,40.0,301.65,7.042857142857143,3.5357142857142856,171.9557142857143,277.5815457142857,7.35,437.1428571428572,66.0,0.4642575757575757,0.747,0.148,0.2257010835358894,0.218,0.67325,0.0069976459659761,0.646,30.641,191.0,0.599,33.0,1,5,40__43,15.932786885245902,32.8,228.0,2773.68,3.78,1.9048360655737704,54,557.77,-329.77,1240.6999999999998,13,90,12,3,25.0,589.41,94.12,25.6,16.983870967741936,30.8,725.76,154.23,3.51,102.8,19.39,32.8,713.33,152.74,3.76,9,74.60000000000001,19.98064516129032,32.5,745.1800000000001,156.68,3.78,2,0.0443768875389681,0.1801707960557961,-0.0335712265512265,0.0005224338624337,0.0266127567071894,15,2022-05-19,2022-08-28,1,74.0,139.0,5.0,1090.9,192.1,376.34,-184.24,1761.0,3.78,42.0,13.0,50.0,7.0,45.0,0.5871238095238095,0.7411428571428571,0.5964285714285714,49.0,0.6565714285714286,0.7377142857142858,0.6628571428571429,,,,726.0,0.3588258928571428,0.6302641509433962,0.7336691729323307,0.7221294396211523,0.6392050420168068,,0.070602394891985,2,1,13,1,943.0,1.0,422.15384615384613,422.15384615384613,16.492307692307694,16.492307692307694,5.675384615384615,5.675384615384615,0.1661538461538461,0.1661538461538461,1.709230769230769,1.709230769230769,436.53846153846155,436.53846153846155,18.653846153846153,18.653846153846153,0.1299999999999999,0.1299999999999999,0.6561538461538462,0.6561538461538462,6.184615384615385,6.184615384615385,8.205384615384615,8.205384615384615,5.653846153846154,5.653846153846154,,,,,206.0,6.0,75.0,75.0,0.0,0.0,1.0,3.0,0.0,1.0,0.0,0.0,0.0,0.0,0.0,wheat_spring,Козлов Увал левый,Пшеница яровая,2.657417536880491,v17_physical_t_ha,True,5.0,215.99407059350008,4.0,216.1,8.0,2.240924092409241,72.66174637802763,0.0,0.0,5.315465682161437,0.0,2.657417536880491,2.6455776,2.6455776,2.657417536880491,physical_t_ha,False
210,2022,43.0,40.0,247.0,7.2125,3.72,230.06625,480.10587375,9.455,423.75,67.0,0.4697611940298508,0.765,0.102,0.214904775132368,0.244,0.677,0.0068071658919743,0.666,31.474000000000004,193.0,0.663,33.0,1,2,40__43,15.932786885245902,32.8,228.0,2773.68,3.78,1.9048360655737704,54,557.77,-329.77,1240.6999999999998,13,90,12,3,25.0,589.41,94.12,25.6,16.983870967741936,30.8,725.76,154.23,3.51,102.8,19.39,32.8,713.33,152.74,3.76,9,74.60000000000001,19.98064516129032,32.5,745.1800000000001,156.68,3.78,2,0.022077384150044,0.1196260052910052,-0.0784707792207792,0.0167964814814813,0.0589215517391269,15,2022-05-23,2022-09-07,1,70.0,143.0,5.0,1033.6,181.8,356.12,-174.32,1671.42,3.78,39.0,13.0,49.0,7.0,44.0,0.5973538961038961,0.7544285714285716,0.6557142857142857,45.0,0.6394285714285715,0.7544285714285716,0.6828571428571429,,,,668.7,0.3856792809839167,0.6301071428571429,0.7259099378881987,0.7218574314574315,,,0.066412145964663,2,1,6,1,943.0,1.0,420.0,420.0,21.91166666666666,21.91166666666666,12.033333333333331,12.033333333333331,0.285,0.285,1.4533333333333334,1.4533333333333334,393.1666666666667,393.1666666666667,8.85,8.85,0.1016666666666666,0.1016666666666666,0.5800000000000001,0.5800000000000001,5.791666666666667,5.791666666666667,7.993333333333332,7.993333333333332,5.086666666666667,5.086666666666667,,,,,206.0,6.0,71.0,71.0,0.0,0.0,1.0,3.0,0.0,1.0,0.0,0.0,0.0,0.0,0.0,wheat_spring,Козлов увал правый,Пшеница яровая,3.0655870445344133,v17_physical_t_ha,True,4.0,133.4795918367347,4.0,196.5,8.0,2.083061224489796,44.613469387755096,0.0,0.0,2.85,0.0,3.0655870445344133,3.0906122,3.0906122,3.0655870445344133,physical_t_ha,False
212,2022,43.0,40.0,136.0,7.140000000000001,3.766,232.258,464.594502,5.536,432.0,63.0,0.4546507936507936,0.769,0.188,0.2194122855967702,0.215,0.6625000000000001,0.0070819434298737,0.661,28.643,191.0,0.581,30.0,1,2,40__43,14.750819672131149,31.7,175.4,2779.01,3.52,1.734672131147541,39,537.93,-362.53,1115.1,5,92,22,2,21.6,591.54,90.71,25.299999999999997,15.729032258064516,29.3,723.23,148.12,3.12,72.10000000000001,18.27,31.7,716.56,147.98,3.52,4,56.4,18.793548387096777,30.9,747.6800000000001,151.12,3.35,1,0.0339403050202086,0.127753465053465,-0.051420238095238,0.0486019721019722,0.0725772738295007,15,2022-05-19,2022-09-02,1,74.0,139.0,5.0,1004.8,140.5,363.48,-222.98,1765.4200000000003,3.52,33.0,5.0,50.0,9.0,43.0,0.5671262458471761,0.7498571428571429,0.5908571428571429,52.0,0.6102857142857143,0.726,0.6951428571428571,,,,706.9999999999999,0.3430774526678141,0.630760544217687,0.7193723849372385,0.701360708138677,,,0.0733799436502139,2,1,5,1,943.0,1.0,624.0,624.0,71.34,71.34,14.2,14.2,0.244,0.244,3.566,3.566,515.8,515.8,56.8,56.8,0.034,0.034,1.672,1.672,5.9,5.9,9.292,9.292,6.06,6.06,,,,,211.0,1.0,75.0,75.0,0.0,0.0,2.0,2.0,0.0,0.0,0.0,0.0,0.0,0.0,0.0,wheat_spring,Костенькина стрелка,Пшеница яровая,3.1773529411764705,v17_physical_t_ha,True,4.0,142.7941176470588,4.0,152.206,8.0,0.9558823529411764,47.59411764705882,0.0,0.0,2.85,0.0,3.1773529411764705,3.1773529,3.1773529,3.1773529411764705,physical_t_ha,False
213,2022,40.0,43.0,14.0,7.2,3.39,148.5,272.23874,13.42,420.0,59.0,0.4817966101694915,0.75,0.105,0.2134720860298432,0.274,0.687,0.0067399038198112,0.651,28.426,192.0,0.645,27.0,4,1,43__40,15.932786885245902,32.8,228.0,2773.68,3.78,1.9048360655737704,54,557.77,-329.77,1240.6999999999998,13,90,12,3,25.0,589.41,94.12,25.6,16.983870967741936,30.8,725.76,154.23,3.51,102.8,19.39,32.8,713.33,152.74,3.76,9,74.60000000000001,19.98064516129032,32.5,745.1800000000001,156.68,3.78,2,0.0366873893138965,0.1329782732082732,-0.0745177489177489,0.0043356084656084,0.0475279322000751,15,2022-05-10,2022-09-09,1,83.0,130.0,5.0,1195.5,200.1,420.73,-220.6299999999999,1978.93,3.78,48.0,13.0,58.0,7.0,45.0,0.5671206349206349,0.7457142857142857,0.6341428571428571,58.0,0.4894285714285714,0.7035,0.7434285714285713,0.6747142857142858,,,830.6000000000001,0.3501745574310415,0.5181734693877551,0.6935564285714285,0.7444197852261634,0.7006063936063937,,0.0569623548605446,2,1,0,0,,,,,,,,,,,,,,,,,,,,,,,,,,,,,,,206.0,6.0,,,0.0,0.0,1.0,2.0,0.0,1.0,0.0,0.0,0.0,0.0,0.0,sunflower,Лесополосы (Козлов увал левый) 05-080-025-182,Подсолнечник,1.4814285714285713,v17_physical_t_ha,True,12.0,57.142857142857146,7.0,0.0,13.0,0.0,5.714285714285714,26.28571428571429,0.0,0.0,0.0,1.4814285714285713,1.4814285999999999,1.4814285999999999,1.4814285714285713,physical_t_ha,False
214,2022,40.0,43.0,9.0,7.1,3.67,236.12,399.02591,8.82,420.0,59.0,0.4772542372881356,0.751,0.1,0.2095227501275898,0.267,0.68,0.006662126629603,0.654,28.158,192.0,0.651,27.0,3,1,43__40,15.932786885245902,32.8,228.0,2773.68,3.78,1.9048360655737704,54,557.77,-329.77,1240.6999999999998,13,90,12,3,25.0,589.41,94.12,25.6,16.983870967741936,30.8,725.76,154.23,3.51,102.8,19.39,32.8,713.33,152.74,3.76,9,74.60000000000001,19.98064516129032,32.5,745.1800000000001,156.68,3.78,2,0.0310514372594941,0.1098506177156177,-0.0804963203463203,0.0079785185185186,0.0446936246980533,15,2022-05-10,2022-09-09,1,83.0,130.0,5.0,1195.5,200.1,420.73,-220.6299999999999,1978.93,3.78,48.0,13.0,58.0,7.0,45.0,0.5616603174603174,0.7351428571428571,0.6372857142857143,61.0,0.4851428571428571,0.6852142857142857,0.7345714285714285,0.6742857142857144,,,873.0000000000001,0.3531926718814326,0.5127687074829933,0.6791771428571428,0.7281509925154571,0.6998906093906094,,0.0531979863002393,2,1,0,0,,,,,,,,,,,,,,,,,,,,,,,,,,,,,,,206.0,6.0,,,0.0,0.0,1.0,1.0,0.0,2.0,0.0,0.0,0.0,0.0,0.0,sunflower,Лесополосы (Козлов увал правый) 05-080-025-208,Подсолнечник,1.0022222222222221,v17_physical_t_ha,True,12.0,88.88888888888889,7.0,0.0,13.0,0.0,8.88888888888889,40.888888888888886,0.0,0.0,0.0,1.0022222222222221,1.0022221999999998,1.0022221999999998,1.0022222222222221,physical_t_ha,False
215,2022,43.0,40.0,79.0,6.666666666666667,3.776666666666667,192.12,392.99891,12.116666666666667,430.0,57.0,0.452719298245614,0.697,0.103,0.2015253894923263,0.242,0.649,0.0062251547155691,0.537,25.805,182.0,0.594,30.0,1,2,40__43,15.168032786885249,32.9,254.4,2752.61,4.0,1.8533606557377047,48,518.33,-263.93000000000006,1158.7,10,89,12,2,26.5,591.52,86.86,20.8,16.1,30.4,723.91,142.38,3.28,122.7,18.746666666666663,32.6,706.37,140.29,3.51,6,84.39999999999999,19.64516129032258,32.9,730.81,148.8,4.0,2,0.0146063805943661,0.1501122165532879,-0.1015994444444442,-0.0882403439153438,-0.0216023588346939,15,2022-05-11,2022-08-24,1,82.0,131.0,5.0,1138.1999999999998,224.5,387.79,-163.28999999999996,1931.44,4.0,44.0,10.0,53.0,7.0,43.0,0.5355714285714287,0.688,0.5047142857142857,49.0,0.5922857142857143,0.6835714285714286,0.6561428571428571,0.5725,,,670.5999999999999,0.39961316211878,0.6097741935483871,0.6834740834386852,0.6601274561869358,0.5919663865546219,,0.0674728922804975,2,1,3,1,943.0,1.0,330.6666666666667,330.6666666666667,17.5,17.5,12.303333333333333,12.303333333333333,0.35,0.35,5.23,5.23,453.0,453.0,21.366666666666664,21.366666666666664,0.0933333333333333,0.0933333333333333,0.9633333333333334,0.9633333333333334,5.633333333333333,5.633333333333333,3.9,3.9,5.433333333333334,5.433333333333334,,,,,211.0,1.0,77.0,77.0,0.0,0.0,2.0,2.0,0.0,0.0,0.0,0.0,0.0,0.0,0.0,wheat_spring,Лоскутиха,Пшеница яровая,2.858987341772152,v17_physical_t_ha,True,5.0,90.4,4.0,217.21518987341773,8.0,2.25,29.928,0.0,0.0,1.5,0.0,2.858987341772152,2.8589873,2.8589873,2.858987341772152,physical_t_ha,False
216,2022,43.0,40.0,37.0,6.4,3.71,242.68,688.96085,7.64,540.0,59.0,0.509322033898305,0.742,0.174,0.2022258714255655,0.2975,0.698,0.006148854961832,0.566,30.049999999999997,174.0,0.5680000000000001,33.0,1,2,40__43,15.168032786885249,32.9,254.4,2752.61,4.0,1.8533606557377047,48,517.59,-263.19000000000005,1158.7,10,89,12,2,26.5,591.52,86.63,20.8,16.1,30.4,723.91,142.2,3.28,122.7,18.746666666666663,32.6,706.37,140.1,3.51,6,84.39999999999999,19.64516129032258,32.9,730.81,148.66,4.0,2,0.0073032688986573,0.0832067821067821,-0.1018757653061224,-0.1018757653061224,-0.0152601926671212,15,2022-05-11,2022-08-24,1,82.0,131.0,5.0,1138.1999999999998,224.5,387.33,-162.82999999999998,1931.44,4.0,44.0,10.0,53.0,7.0,46.0,0.5901521739130434,0.7371428571428572,0.5765714285714285,45.0,0.6275714285714286,0.7371428571428572,0.7058571428571428,0.6498571428571429,,,601.0999999999999,0.459373996789727,0.6585668202764977,0.7371150442477877,0.7090642591609134,0.6720268179473954,,0.0763413929293902,2,1,2,1,943.0,1.0,591.0,591.0,37.599999999999994,37.599999999999994,1.815,1.815,0.175,0.175,5.085,5.085,426.5,426.5,21.950000000000003,21.950000000000003,0.145,0.145,0.94,0.94,5.35,5.35,6.195,6.195,5.65,5.65,,,,,211.0,1.0,77.0,77.0,0.0,0.0,2.0,2.0,0.0,0.0,0.0,0.0,0.0,0.0,0.0,wheat_spring,Никитушкин,Пшеница яровая,3.1270270270270273,v17_physical_t_ha,True,5.0,83.91351351351351,4.0,0.0,8.0,2.244594594594594,27.852324324324325,0.0,0.0,1.5,0.0,3.1270270270270273,3.127027,3.127027,3.1270270270270273,physical_t_ha,False
217,2022,43.0,40.0,408.0,6.94,3.484666666666667,201.10266666666664,313.7409,4.662000000000001,472.0,61.0,0.4610491803278689,0.72,0.186,0.2207327904829957,0.201,0.679,0.0069606490594511,0.621,28.124,193.0,0.534,31.0,1,2,40__43,14.750819672131149,31.7,175.4,2779.01,3.52,1.734672131147541,39,537.93,-362.53,1115.1,5,92,22,2,21.6,591.54,90.71,25.299999999999997,15.729032258064516,29.3,723.23,148.12,3.12,72.10000000000001,18.27,31.7,716.56,147.98,3.52,4,56.4,18.793548387096777,30.9,747.6800000000001,151.12,3.35,1,0.040332308827221,0.1847425779775781,-0.0518567717996289,-0.0032111832611831,0.0412843494398536,15,2022-05-17,2022-09-04,1,76.0,137.0,5.0,1031.0,140.50000000000003,373.9,-233.4,1818.2400000000005,3.52,34.0,5.0,52.0,9.0,44.0,0.5601461038961039,0.7137142857142857,0.5578571428571429,51.0,0.6074285714285714,0.706857142857143,0.6779285714285714,,,,693.9999999999999,0.3479432773109244,0.6374802197802198,0.7052943942133816,0.6810808950086057,,,0.0727695595692075,2,1,14,1,943.0,1.0,435.8571428571428,435.8571428571428,43.11428571428571,43.11428571428571,6.672142857142857,6.672142857142857,0.1442857142857143,0.1442857142857143,2.87,2.87,429.1428571428572,429.1428571428572,33.885714285714286,33.885714285714286,0.0978571428571428,0.0978571428571428,1.7071428571428569,1.7071428571428569,6.021428571428572,6.021428571428572,9.128571428571428,9.128571428571428,5.757142857142858,5.757142857142858,,,,,211.0,1.0,75.0,75.0,0.0,0.0,2.0,2.0,0.0,0.0,0.0,0.0,0.0,0.0,0.0,wheat_spring,Овчинников увал,Пшеница яровая,3.0637254901960786,v17_physical_t_ha,True,5.0,212.5038296568627,4.0,221.37254901960785,8.0,1.97328431372549,71.37189031862745,0.0,0.0,5.0559972426470585,0.0,3.0637254901960786,3.0637255,3.0637255,3.0637254901960786,physical_t_ha,False
218,2022,43.0,40.0,39.0,7.2,3.87,198.74,289.9543,4.86,390.0,55.0,0.4330363636363635,0.708,0.165,0.2038272854993894,0.2215,0.63,0.0065834504186876,0.619,23.816999999999993,182.0,0.5429999999999999,23.0,1,2,40__43,14.750819672131149,31.7,175.4,2779.01,3.52,1.734672131147541,39,537.93,-362.53,1115.1,5,92,22,2,21.6,591.54,90.71,25.299999999999997,15.729032258064516,29.3,723.23,148.12,3.12,72.10000000000001,18.27,31.7,716.56,147.98,3.52,4,56.4,18.793548387096777,30.9,747.6800000000001,151.12,3.35,1,0.026476406826608,0.1628544081844082,-0.0390562074829931,0.0087548148148147,0.0444432540662599,15,2022-05-19,2022-09-01,1,74.0,139.0,5.0,1004.8,140.5,363.48,-222.98,1765.4200000000003,3.52,33.0,5.0,50.0,9.0,35.0,0.5590938775510204,0.704,0.6128571428571429,46.0,0.5987142857142856,0.7033809523809523,0.6481428571428571,,,,627.5999999999999,0.3799507469654529,0.6366755952380952,0.7026823356591994,0.6528205065158593,,,0.0664116911018249,2,1,1,1,943.0,1.0,465.0,465.0,46.0,46.0,5.52,5.52,0.21,0.21,7.24,7.24,522.0,522.0,52.5,52.5,0.19,0.19,2.36,2.36,5.5,5.5,7.14,7.14,6.6,6.6,,,,,211.0,1.0,75.0,75.0,0.0,0.0,1.0,1.0,0.0,1.0,0.0,0.0,0.0,0.0,0.0,wheat_spring,Палатьи,Пшеница яровая,2.1723076923076925,v17_physical_t_ha,True,4.0,135.8846153846154,4.0,226.8,8.0,1.6666666666666663,45.38307692307691,0.0,0.0,2.85,0.0,2.1723076923076925,2.1723077,2.1723077,2.1723076923076925,physical_t_ha,False
219,2022,43.0,40.0,210.0,6.8,3.69625,212.37625,656.214605,8.491249999999999,446.25,61.0,0.4153606557377049,0.734,0.134,0.2254951588144418,0.192,0.656,0.007038238989189,0.636,25.337,191.0,0.6,26.0,1,2,40__43,15.932786885245902,32.8,228.0,2773.68,3.78,1.9048360655737704,54,557.77,-329.77,1240.6999999999998,13,90,12,3,25.0,589.41,94.12,25.6,16.983870967741936,30.8,725.76,154.23,3.51,102.8,19.39,32.8,713.33,152.74,3.76,9,74.60000000000001,19.98064516129032,32.5,745.1800000000001,156.68,3.78,2,0.011060293222802,0.1259049206349205,-0.1057629228179227,0.0085365536315535,0.0593998353401448,15,2022-05-21,2022-09-09,1,72.0,141.0,5.0,1065.1999999999998,182.8,367.2999999999999,-184.49999999999991,1716.7400000000002,3.78,41.0,13.0,50.0,7.0,40.0,0.5362928571428571,0.7241428571428571,0.622,50.0,0.6087142857142858,0.7126190476190476,0.6813571428571428,,,,742.7,0.2758924088463837,0.5741750503018108,0.6852307943772475,0.7019192037470726,0.6360408163265306,,0.0695044372889342,2,1,9,1,943.0,1.0,339.3333333333333,339.3333333333333,32.71111111111111,32.71111111111111,9.583333333333334,9.583333333333334,0.1633333333333333,0.1633333333333333,1.9911111111111113,1.9911111111111113,406.22222222222223,406.22222222222223,19.322222222222223,19.322222222222223,0.1177777777777777,0.1177777777777777,0.8244444444444443,0.8244444444444443,6.177777777777777,6.177777777777777,7.362222222222223,7.362222222222223,5.766666666666667,5.766666666666667,,,,,206.0,6.0,,,0.0,0.0,1.0,3.0,0.0,1.0,0.0,0.0,0.0,0.0,0.0,wheat_spring,Подхозный увал 1,Пшеница яровая,2.827547619047619,v17_physical_t_ha,True,4.0,144.69523809523807,4.0,215.8,8.0,3.2214285714285715,48.40304761904762,0.0,0.0,3.150857142857143,0.0,2.827547619047619,2.8275476,2.8275476,2.827547619047619,physical_t_ha,False
220,2022,43.0,40.0,25.0,7.3,3.74,197.06,380.11444,6.0,420.0,55.0,0.4947818181818182,0.777,0.199,0.2140569755002872,0.284,0.7115,0.006988281327077,0.68,27.213,193.0,0.5780000000000001,27.0,1,2,40__43,14.750819672131149,31.7,175.4,2779.01,3.52,1.734672131147541,39,537.93,-362.53,1115.1,5,92,22,2,21.6,591.54,90.71,25.299999999999997,15.729032258064516,29.3,723.23,148.12,3.12,72.10000000000001,18.27,31.7,716.56,147.98,3.52,4,56.4,18.793548387096777,30.9,747.6800000000001,151.12,3.35,1,0.0223519918089366,0.1154040476190474,-0.0653528679653679,0.0378111111111112,0.0731501152315182,15,2022-05-20,2022-09-01,1,73.0,140.0,5.0,992.9,132.9,359.40000000000003,-226.50000000000003,1745.6400000000003,3.52,33.0,5.0,50.0,9.0,36.0,0.6215039682539683,0.7532857142857142,0.6574285714285715,51.0,0.7072857142857142,0.744,0.7149642857142857,,,,695.0999999999999,0.4542683982683982,0.7095442176870748,0.736240286909743,0.7201711335136464,,,0.0622352081811541,2,1,1,1,943.0,1.0,453.0,453.0,38.9,38.9,6.07,6.07,0.2,0.2,6.55,6.55,430.0,430.0,41.3,41.3,0.17,0.17,1.7,1.7,5.4,5.4,6.75,6.75,5.9,5.9,,,,,211.0,1.0,75.0,75.0,0.0,0.0,2.0,2.0,0.0,0.0,0.0,0.0,0.0,0.0,0.0,wheat_spring,Сапог,Пшеница яровая,3.4832,v17_physical_t_ha,True,4.0,140.8181818181818,4.0,226.8,8.0,1.68,47.04818181818181,0.0,0.0,2.9795454545454545,0.0,3.4832,3.4832,3.4832,3.4832,physical_t_ha,False
222,2022,43.0,40.0,62.0,6.9,3.725,206.315,278.80506,4.845,420.0,57.0,0.4807017543859649,0.771,0.173,0.2244922508655399,0.24,0.699,0.0073893416858015,0.695,27.4,192.0,0.5980000000000001,28.0,1,2,40__43,14.750819672131149,31.7,175.4,2779.01,3.52,1.734672131147541,39,537.93,-362.53,1115.1,5,92,22,2,21.6,591.54,90.71,25.299999999999997,15.729032258064516,29.3,723.23,148.12,3.12,72.10000000000001,18.27,31.7,716.56,147.98,3.52,4,56.4,18.793548387096777,30.9,747.6800000000001,151.12,3.35,1,0.0492593588422159,0.1883400913900914,-0.0506253968253968,0.1025644684944684,0.113311030403459,15,2022-05-16,2022-08-31,1,77.0,136.0,5.0,1041.0,140.50000000000003,378.1700000000001,-237.67000000000004,1842.9400000000005,3.52,34.0,5.0,53.0,9.0,41.0,0.5856655052264809,0.7547142857142858,0.6157142857142858,52.0,0.5684285714285714,0.7420000000000001,0.7223214285714286,,,,704.0,0.3855221755368814,0.6107142857142857,0.7414907775768536,0.7264922077922078,,,0.0706742655994636,2,1,2,1,943.0,1.0,337.0,337.0,27.25,27.25,3.385,3.385,0.19,0.19,3.77,3.77,449.0,449.0,23.15,23.15,0.08,0.08,1.795,1.795,5.45,5.45,9.465,9.465,5.6,5.6,,,,,211.0,1.0,75.0,75.0,0.0,0.0,2.0,2.0,0.0,0.0,0.0,0.0,0.0,0.0,0.0,wheat_spring,Соколки 1,Пшеница яровая,3.2700483870967743,v17_physical_t_ha,True,4.0,0.0,4.0,204.4,8.0,0.0,0.0,0.0,0.0,0.0,0.0,3.2700483870967743,3.2700484000000003,3.2700484000000003,3.2700483870967743,physical_t_ha,False
223,2022,43.0,40.0,70.0,6.433333333333334,3.6633333333333336,175.33333333333334,560.82853,6.72,430.0,57.0,0.4455789473684211,0.734,0.182,0.2118301162565841,0.227,0.653,0.0068739420698145,0.634,25.398,191.0,0.552,26.0,1,2,40__43,14.750819672131149,31.7,175.4,2779.01,3.52,1.734672131147541,39,537.93,-362.53,1115.1,5,92,22,2,21.6,591.54,90.71,25.299999999999997,15.729032258064516,29.3,723.23,148.12,3.12,72.10000000000001,18.27,31.7,716.56,147.98,3.52,4,56.4,18.793548387096777,30.9,747.6800000000001,151.12,3.35,1,0.0101996036118342,0.120331507936508,-0.0873998556998557,0.0329257671957671,0.0528765493624541,15,2022-05-18,2022-09-01,1,75.0,138.0,5.0,1018.8,140.50000000000003,368.8900000000001,-228.39000000000007,1792.2100000000005,3.52,34.0,5.0,51.0,9.0,39.0,0.5546959706959707,0.7088571428571429,0.577,54.0,0.6187142857142858,0.6872857142857143,0.6747142857142856,,,,737.1999999999999,0.3589983660130719,0.645948051948052,0.6836911392405063,0.6798436193754609,,,0.0629938369152971,2,1,0,0,,,,,,,,,,,,,,,,,,,,,,,,,,,,,,,211.0,1.0,75.0,75.0,0.0,0.0,1.0,1.0,0.0,1.0,0.0,0.0,0.0,0.0,0.0,wheat_spring,Соколки 2,Пшеница яровая,3.2311428571428573,v17_physical_t_ha,True,4.0,0.0,4.0,0.0,8.0,0.0,0.0,0.0,0.0,0.0,0.0,3.2311428571428573,3.2311428999999996,3.2311428999999996,3.2311428571428573,physical_t_ha,False
224,2022,43.0,40.0,104.0,6.5,3.808,191.728,598.903534,18.618,516.0,59.0,0.4709152542372881,0.72,0.147,0.2071515688552048,0.254,0.681,0.006276179389898,0.589,27.784,176.0,0.573,31.0,1,2,40__43,15.168032786885249,32.9,254.4,2752.61,4.0,1.8533606557377047,48,517.59,-263.19000000000005,1158.7,10,89,12,2,26.5,591.52,86.63,20.8,16.1,30.4,723.91,142.2,3.28,122.7,18.746666666666663,32.6,706.37,140.1,3.51,6,84.39999999999999,19.64516129032258,32.9,730.81,148.66,4.0,2,0.0364141691850158,0.132884126984127,-0.0569440211640212,-0.0569440211640212,0.0084492256335878,15,2022-05-13,2022-08-25,1,80.0,133.0,5.0,1122.0,224.5,378.62,-154.12,1883.47,4.0,44.0,10.0,51.0,7.0,42.0,0.5684353741496598,0.7048571428571427,0.6048571428571429,41.0,0.6252857142857142,0.7034761904761905,0.6922857142857143,0.6374285714285713,,,551.0,0.4151083743842363,0.6295631981187536,0.7040169029443838,0.6948863515666489,0.6702483279025897,,0.0791363108436278,2,1,4,1,943.0,1.0,474.25,474.25,27.125,27.125,5.6175,5.6175,0.2075,0.2075,3.6175,3.6175,447.0,447.0,19.7,19.7,0.1575,0.1575,0.8775000000000001,0.8775000000000001,5.625,5.625,9.2325,9.2325,5.9750000000000005,5.9750000000000005,,,,,211.0,1.0,,,0.0,0.0,2.0,2.0,0.0,0.0,0.0,0.0,0.0,0.0,0.0,wheat_spring,Холодный ключ,Пшеница яровая,3.079423076923077,v17_physical_t_ha,True,5.0,75.4,5.0,0.0,8.0,2.226923076923077,25.128000000000004,0.0,0.0,1.5,0.0,3.079423076923077,3.0794231,3.0794231,3.079423076923077,physical_t_ha,False
226,2022,43.0,40.0,40.0,7.2,3.79,218.81,806.48818,8.56,420.0,59.0,0.4962542372881355,0.744,0.173,0.207939006150014,0.2764999999999999,0.715,0.006268143495921,0.541,29.278999999999996,184.0,0.571,33.0,1,2,40__43,15.449180327868852,32.9,226.5,2762.63,3.97,1.8990983606557377,51,533.87,-307.37,1189.9999999999998,11,90,12,2,36.2,590.8,89.34,18.0,16.412903225806453,30.6,725.39,145.58,3.39,87.5,18.953333333333333,32.8,709.09,145.76,3.68,7,84.8,19.82903225806452,32.9,737.35,153.19,3.97,2,0.023192722833748,0.1430718734968734,-0.0590883116883116,-0.0543376984126983,0.0436370220459231,15,2022-05-13,2022-08-25,1,80.0,133.0,5.0,1141.9,187.8,390.71,-202.91000000000005,1893.18,3.97,45.0,11.0,54.0,9.0,43.0,0.590468438538206,0.7379999999999999,0.558,55.0,0.6262857142857143,0.7338571428571428,0.7145714285714285,0.6134285714285715,,,778.4999999999999,0.4134543325526931,0.6285900494617399,0.7314999999999999,0.737629948364888,0.6720420168067227,,0.0593314970594803,2,1,1,1,943.0,1.0,443.0,443.0,29.4,29.4,1.03,1.03,0.14,0.14,1.3,1.3,388.0,388.0,18.0,18.0,0.12,0.12,0.3,0.3,6.8,6.8,5.78,5.78,5.7,5.7,,,,,211.0,1.0,,,0.0,0.0,2.0,2.0,0.0,0.0,0.0,0.0,0.0,0.0,0.0,wheat_spring,Штаны,Пшеница яровая,1.6934999999999998,v17_physical_t_ha,True,6.0,223.025,4.0,0.0,8.0,2.275,67.50049999999999,14.3175,0.0,4.470000000000001,0.0,1.6934999999999998,1.6934999999999998,1.6934999999999998,1.6934999999999998,physical_t_ha,False
227,2022,44.0,44.0,346.0,6.953846153846154,3.8015384615384615,195.0484615384616,763.0697146153847,10.056153846153848,475.38461538461536,66.0,0.4558030303030302,0.695,0.116,0.16470968212208,0.2847499999999999,0.60375,0.0040263486251034,0.427,30.083,177.0,0.579,30.0,4,1,44__44,15.449180327868852,32.9,226.5,2762.63,3.97,1.8990983606557377,51,533.87,-307.37,1189.9999999999998,11,90,12,2,36.2,590.8,89.34,18.0,16.412903225806453,30.6,725.39,145.58,3.39,87.5,18.953333333333333,32.8,709.09,145.76,3.68,7,84.8,19.82903225806452,32.9,737.35,153.19,3.97,2,0.0379577077429945,0.1927242063492064,-0.1874487956487955,-0.1569337566137565,-0.0969305181723038,15,2021-08-29,2022-08-15,1,337.0,241.0,5.0,1548.8999999999992,631.6,754.9699999999999,-123.36999999999988,4442.870000000001,3.97,62.0,14.0,232.0,17.0,91.0,0.4124631083202511,0.679,0.4277142857142857,303.0,0.3371428571428571,0.3530571428571429,0.2966160714285714,0.2766960873521383,0.2744167424931756,0.2698580527752502,1058.2999999999993,0.2856218872870249,0.2933846153846156,0.4700608899297426,0.5716937689969609,0.674744838976053,0.6120808950086056,0.0429994253974334,2,1,14,1,943.0,1.0,441.57142857142856,441.57142857142856,26.40357142857143,26.40357142857143,9.212142857142856,9.212142857142856,0.2999999999999999,0.2999999999999999,1.2228571428571426,1.2228571428571426,364.2142857142857,364.2142857142857,8.708571428571428,8.708571428571428,0.1121428571428571,0.1121428571428571,0.5778571428571428,0.5778571428571428,5.786428571428572,5.786428571428572,13.137142857142855,13.137142857142855,5.120714285714286,5.120714285714286,,,,,196.0,16.0,91.0,91.0,0.0,0.0,1.0,1.0,0.0,1.0,0.0,0.0,0.0,0.0,0.0,wheat_winter,Большая Семёниха СК,Пшеница озимая,2.217514450867052,v17_physical_t_ha,True,5.0,110.20231213872832,4.0,705.0,12.0,1.3356936416184972,37.25895953757225,0.0,0.0,2.991329479768786,0.0,2.217514450867052,2.2175145,2.2175145,2.217514450867052,physical_t_ha,False
228,2022,43.0,44.0,59.0,6.699999999999999,3.515,179.82,438.82045,7.755,420.0,59.0,0.4557966101694915,0.712,0.191,0.1985923155238369,0.2329999999999999,0.6665000000000001,0.0053694383949138,0.417,26.892,188.0,0.5209999999999999,27.0,5,1,44__43,15.168032786885249,32.9,254.4,2752.61,4.0,1.8533606557377047,48,517.59,-263.19000000000005,1158.7,10,89,12,2,26.5,591.52,86.63,20.8,16.1,30.4,723.91,142.2,3.28,122.7,18.746666666666663,32.6,706.37,140.1,3.51,6,84.39999999999999,19.64516129032258,32.9,730.81,148.66,4.0,2,0.0230325148857957,0.1565840043290043,-0.1697101924001924,-0.1697101924001924,-0.0110337914183322,15,2022-05-03,2022-08-16,1,90.0,123.0,5.0,1185.4999999999998,225.2,421.8299999999999,-196.6299999999999,2129.74,4.0,46.0,10.0,61.0,12.0,51.0,0.4957310924369748,0.7067142857142857,0.4287142857142857,59.0,0.5038809523809524,0.6442857142857142,0.7053571428571428,0.5708285714285715,,,743.6999999999999,0.3704152572867938,0.5814244897959184,0.6855345982142858,0.6999149159663866,0.5600481907048533,,0.0691346305964246,2,1,2,1,943.0,1.0,257.0,257.0,23.23,23.23,13.295,13.295,0.345,0.345,7.09,7.09,386.0,386.0,12.7,12.7,0.13,0.13,1.7999999999999998,1.7999999999999998,5.65,5.65,2.765,2.765,3.71,3.71,,,,,194.0,18.0,69.0,69.0,0.0,0.0,2.0,2.0,0.0,0.0,0.0,0.0,0.0,0.0,0.0,wheat_spring,Бонн 1,Пшеница яровая,4.564745762711865,v17_physical_t_ha,True,2.0,44.74576271186441,2.0,215.0,10.0,2.1860169491525427,15.213559322033898,0.0,0.0,1.342372881355932,0.0,4.564745762711865,4.5647458,4.5647458,4.564745762711865,physical_t_ha,False
229,2022,43.0,44.0,12.0,6.4,2.36,225.3,220.85171,12.11,480.0,57.0,0.3994912280701754,0.648,0.024,0.2044734892786595,0.204,0.589,0.0057755408907432,0.455,22.771,174.0,0.624,22.0,5,1,44__43,15.168032786885249,32.9,254.4,2752.61,4.0,1.8533606557377047,48,517.59,-263.19000000000005,1158.7,10,89,12,2,26.5,591.52,86.63,20.8,16.1,30.4,723.91,142.2,3.28,122.7,18.746666666666663,32.6,706.37,140.1,3.51,6,84.39999999999999,19.64516129032258,32.9,730.81,148.66,4.0,2,0.0148828769911977,0.1391126334776334,-0.0993496031746031,-0.0787934175084175,0.0076682320410126,15,2022-05-03,2022-08-16,1,90.0,123.0,5.0,1185.4999999999998,225.2,421.8299999999999,-196.6299999999999,2129.74,4.0,46.0,10.0,61.0,12.0,49.0,0.4541253644314869,0.6262857142857143,0.4674285714285714,57.0,0.4696904761904761,0.587952380952381,0.6240714285714286,0.5609142857142858,,,717.8999999999999,0.4107984886649874,0.5184734693877552,0.6217462797619048,0.6233714985994397,0.5527574511819116,,0.0631399685270215,2,1,1,1,943.0,1.0,296.0,296.0,23.9,23.9,19.46,19.46,0.41,0.41,3.21,3.21,284.0,284.0,13.0,13.0,0.13,0.13,2.17,2.17,6.68,6.68,5.3,5.3,3.12,3.12,,,,,194.0,18.0,87.0,87.0,0.0,0.0,1.0,2.0,0.0,1.0,0.0,0.0,0.0,0.0,0.0,wheat_spring,Бонн 2,Пшеница яровая,2.841666666666667,v17_physical_t_ha,True,2.0,37.5,2.0,236.66666666666663,10.0,2.185416666666667,12.75,0.0,0.0,1.125,0.0,2.841666666666667,2.8416667,2.8416667,2.841666666666667,physical_t_ha,False
230,2022,40.0,44.0,223.0,7.1000000000000005,3.73,184.71,792.107215,3.6633333333333336,445.0,64.0,0.4595625,0.75,0.085,0.2216028172062575,0.23675,0.69,0.0071328291611908,0.693,29.412000000000003,188.0,0.665,28.0,4,1,44__40,15.932786885245902,32.8,228.0,2773.68,3.78,1.9048360655737704,54,557.77,-329.77,1240.6999999999998,13,90,12,3,25.0,589.41,94.12,25.6,16.983870967741936,30.8,725.76,154.23,3.51,102.8,19.39,32.8,713.33,152.74,3.76,9,74.60000000000001,19.98064516129032,32.5,745.1800000000001,156.68,3.78,2,0.0131685571779823,0.1073962018140589,-0.1114490442890442,0.1029538455988456,0.0764767346309152,15,2022-05-13,2022-09-27,1,80.0,133.0,5.0,1169.9,200.1,406.18,-206.08,1904.64,3.78,46.0,13.0,55.0,7.0,49.0,0.5409096209912536,0.7478571428571429,0.6885714285714285,59.0,0.4195714285714286,0.6987142857142857,0.7467142857142858,0.695857142857143,,,864.7,0.3005057915057914,0.4114008746355685,0.6653179466772781,0.7452098926130817,0.7325996360327571,,0.0607243366389707,1,1,8,1,943.0,1.0,498.5,498.5,20.31,20.31,7.0525,7.0525,0.34875,0.34875,1.7525,1.7525,384.0,384.0,9.36625,9.36625,0.12,0.12,0.6637500000000001,0.6637500000000001,5.62125,5.62125,7.86625,7.86625,5.7075,5.7075,,,,,194.0,18.0,59.0,59.0,0.0,0.0,3.0,3.0,0.0,0.0,0.0,0.0,0.0,0.0,0.0,sunflower,Бригадная стрелка,Подсолнечник,3.257219730941704,v17_physical_t_ha,True,11.0,55.27264573991032,7.0,0.3420627802690583,11.0,1.0896860986547086,5.419560538116592,24.48556053811659,0.1055605381165919,0.0,0.0,3.257219730941704,3.2572197000000003,3.2572197000000003,3.257219730941704,physical_t_ha,False
231,2022,44.0,44.0,235.0,7.2625,3.685,204.0575,646.09227125,9.26,453.75,63.0,0.446031746031746,0.635,0.181,0.1335754906058823,0.3055,0.5575000000000001,0.0033885615641535,0.451,28.1,176.0,0.454,25.0,6,1,44__44,15.449180327868852,32.9,226.5,2762.63,3.97,1.8990983606557377,51,533.87,-307.37,1189.9999999999998,11,90,12,2,36.2,590.8,89.34,18.0,16.412903225806453,30.6,725.39,145.58,3.39,87.5,18.953333333333333,32.8,709.09,145.76,3.68,7,84.8,19.82903225806452,32.9,737.35,153.19,3.97,2,0.010793592803434,0.1604357142857143,-0.1874177705627706,-0.1129432371332372,-0.1191397430999335,15,2021-08-27,2022-08-15,1,339.0,239.0,5.0,1576.5999999999992,631.5999999999999,763.5,-131.9000000000001,4486.610000000001,3.97,64.0,14.0,234.0,17.0,91.0,0.3859811616954474,0.622,0.44,303.0,0.2532142857142857,0.2701714285714285,0.2707904761904762,0.2511428571428571,0.2501799276672695,0.248254068716094,1053.0999999999992,0.2335407319952774,0.2546088435374151,0.457047619047619,0.5095238095238097,0.6171610239471511,0.582301130524152,0.0370416219636323,2,1,9,1,943.0,1.0,420.55555555555554,420.55555555555554,27.633333333333333,27.633333333333333,10.624444444444444,10.624444444444444,0.2788888888888888,0.2788888888888888,1.9811111111111108,1.9811111111111108,414.8888888888889,414.8888888888889,13.133333333333333,13.133333333333333,0.1144444444444444,0.1144444444444444,0.8033333333333333,0.8033333333333333,6.022222222222222,6.022222222222222,7.4,7.4,5.493333333333333,5.493333333333333,,,,,195.0,17.0,92.0,92.0,0.0,0.0,1.0,1.0,0.0,1.0,0.0,0.0,0.0,0.0,0.0,wheat_winter,Давыдкин увал левый,Пшеница озимая,1.5712340425531914,v17_physical_t_ha,True,4.0,104.78723404255318,5.0,211.7,12.0,1.4831096868559894,35.42127659574467,0.0,0.0,2.834042553191489,0.0,1.5712340425531914,1.571234,1.571234,1.5712340425531914,physical_t_ha,False
232,2022,44.0,44.0,296.0,6.609090909090909,3.7290909090909095,211.9754545454545,649.4797309090909,7.533636363636364,452.7272727272728,62.0,0.4016129032258064,0.595,0.166,0.1208698786937517,0.301,0.485,0.0030129937557736,0.4,24.9,184.0,0.4289999999999999,15.0,6,1,44__44,15.449180327868852,32.9,226.5,2762.63,3.97,1.8990983606557377,51,533.87,-307.37,1189.9999999999998,11,90,12,2,36.2,590.8,89.34,18.0,16.412903225806453,30.6,725.39,145.58,3.39,87.5,18.953333333333333,32.8,709.09,145.76,3.68,7,84.8,19.82903225806452,32.9,737.35,153.19,3.97,2,-0.0336986598506673,0.1069113662131519,-0.2299574847374848,-0.1742353246753247,-0.1754656506013438,15,2021-08-31,2022-08-13,1,335.0,243.0,5.0,1519.499999999999,631.4,746.3599999999999,-114.95999999999992,4403.639999999999,3.97,60.0,14.0,230.0,17.0,87.0,0.3679064039408867,0.5728571428571428,0.3974285714285715,299.0,0.3094935064935065,0.3447142857142857,0.3366190476190476,0.3011537070524412,0.2990515370705244,0.2948471971066908,995.9999999999992,0.2730827526132404,0.3045905743740796,0.4005491329479771,0.4781772151898736,0.5727702996092053,0.5336470588235285,0.0373931307872082,1,1,12,1,943.0,1.0,426.8333333333333,426.8333333333333,33.0075,33.0075,10.916666666666666,10.916666666666666,0.2808333333333333,0.2808333333333333,1.5549999999999995,1.5549999999999995,375.5,375.5,11.740833333333336,11.740833333333336,0.1125,0.1125,0.6,0.6,5.8900000000000015,5.8900000000000015,7.688333333333333,7.688333333333333,4.966666666666668,4.966666666666668,,,,,195.0,17.0,,,0.0,0.0,2.0,2.0,0.0,0.0,0.0,0.0,0.0,0.0,0.0,wheat_winter,Давыдкин увал правый,Пшеница озимая,1.847837837837838,v17_physical_t_ha,True,4.0,159.93243243243242,5.0,218.0,14.0,1.1759034230198844,42.17162162162162,23.0,0.0,2.9898648648648645,0.0,1.847837837837838,1.8478378,1.8478378,1.847837837837838,physical_t_ha,False
234,2022,43.0,44.0,35.0,6.5,3.73,181.31,492.74302,14.32,480.0,59.0,0.5020169491525424,0.7,0.13,0.1814366856486496,0.324,0.6705000000000001,0.0054427410307854,0.517,29.619,177.0,0.57,34.0,4,1,44__43,15.168032786885249,32.9,254.4,2752.61,4.0,1.8533606557377047,48,517.59,-263.19000000000005,1158.7,10,89,12,2,26.5,591.52,86.63,20.8,16.1,30.4,723.91,142.2,3.28,122.7,18.746666666666663,32.6,706.37,140.1,3.51,6,84.39999999999999,19.64516129032258,32.9,730.81,148.66,4.0,2,-0.0004557883957581,0.0910893990929706,-0.1030633503401361,-0.1030633503401361,-0.0084778508519069,15,2022-05-05,2022-08-17,1,88.0,125.0,5.0,1170.9999999999998,225.2,413.2999999999999,-188.09999999999997,2086.1099999999997,4.0,46.0,10.0,59.0,10.0,51.0,0.5464817927170869,0.6938571428571427,0.507,55.0,0.5820357142857142,0.6605714285714287,0.6881428571428572,0.6405714285714286,,,703.3999999999999,0.4799025010597711,0.6224441154700222,0.6885714285714285,0.6855546218487396,0.6357291005291005,,0.0626102292768959,2,1,0,0,,,,,,,,,,,,,,,,,,,,,,,,,,,,,,,206.0,6.0,,,0.0,0.0,2.0,2.0,0.0,0.0,0.0,0.0,0.0,0.0,0.0,wheat_spring,Красный яр,Пшеница яровая,3.975428571428571,v17_physical_t_ha,True,3.0,37.142857142857146,2.0,0.195,10.0,2.2035714285714283,12.628571428571428,0.0,0.0,1.1142857142857143,0.0,3.975428571428571,3.9754286,3.9754286,3.975428571428571,physical_t_ha,False
195,2023,44.0,44.0,123.0,6.9,3.6425,225.2,499.4803025,7.5175,427.5,64.0,0.364328125,0.474,0.171,0.1074294906391367,0.27775,0.455,0.003411161215727,0.44,23.317,195.0,0.3029999999999999,0.0,5,1,44__44,13.717213114754095,36.6,194.49999999999997,2810.98,5.06,1.8557377049180328,49,530.6100000000001,-336.1100000000001,1084.0999999999997,14,88,13,6,43.6,566.39,77.7,31.4,11.361290322580643,26.9,731.18,131.1,2.79,54.0,19.486666666666668,35.2,770.04,164.27,4.68,8,65.5,21.038709677419355,36.6,743.37,157.54,5.06,6,-0.0605663337230712,0.0285188552188551,-0.1574630456349205,-0.1112639497655123,-0.1405162157158684,16,2022-08-29,2023-08-09,1,337.0,241.0,5.0,1562.4999999999998,616.3999999999999,790.3,-173.9000000000001,4612.84,5.06,68.0,17.0,224.0,19.0,105.0,0.2923972789115646,0.4695714285714286,0.4517142857142857,318.0,0.1784285714285714,0.182,0.1790612244897959,0.1755579036348266,0.1755325443786982,0.1754818258664412,1252.1,0.1925368558382257,0.1778134920634921,0.3278768472906406,0.4153408521303259,0.4403414634146342,0.4677763365468886,0.0326408438157003,0,0,3,1,1308.0,1.0,261.6666666666667,261.6666666666667,29.26666666666667,29.26666666666667,15.9,15.9,0.2833333333333334,0.2833333333333334,2.6633333333333336,2.6633333333333336,452.3333333333333,452.3333333333333,26.133333333333336,26.133333333333336,0.0666666666666666,0.0666666666666666,0.9133333333333334,0.9133333333333334,6.0,6.0,7.223333333333334,7.223333333333334,6.133333333333333,6.133333333333333,,,,,,,,,,,,,,,,,,,,wheat_winter,Коновалиха 1,Пшеница озимая,0.8904065040650406,v17_physical_t_ha,True,4.0,133.78048780487805,8.0,236.78277235772356,7.0,1.1749999999999998,18.87804878048781,50.0390243902439,0.0,0.0,0.0,0.8904065040650406,0.8904064999999999,0.8904064999999999,0.8904065040650406,physical_t_ha,False
197,2023,44.0,44.0,343.0,6.976923076923077,3.579230769230769,216.96,502.5284007692308,4.591538461538462,454.61538461538464,65.0,0.347,0.493,0.166,0.1056056525293691,0.264,0.444,0.0035786619383724,0.455,22.555,196.0,0.3269999999999999,0.0,5,1,44__44,14.235245901639344,37.0,156.1,2822.13,5.16,1.9070491803278689,50,556.4300000000001,-400.33,1139.1,14,94,20,6,37.9,569.96,80.9,24.1,11.86774193548387,27.3,732.59,137.07,2.9,40.2,20.046666666666667,34.9,769.79,173.3,4.68,8,53.9,21.570967741935487,37.0,749.79,165.16,5.16,6,-0.1061877175840652,0.0172290259740259,-0.2589274680180929,-0.1386270044191919,-0.2008325460708273,16,2022-08-27,2023-08-20,1,339.0,239.0,5.0,1660.9000000000003,570.6,833.3199999999999,-262.7199999999999,4649.65,5.16,70.0,17.0,234.0,20.0,110.0,0.280751948051948,0.4817142857142857,0.4661428571428571,326.0,0.179,0.1756785714285714,0.1867142857142857,0.1775004226542688,0.1773229078613693,0.1769678782755705,1457.5000000000005,0.1954138655462184,0.175631469979296,0.2328367346938775,0.3345822704081632,0.4046471004243281,0.450779946761313,0.0185075276475359,3,1,26,1,1308.0,1.0,382.15384615384613,382.15384615384613,29.47692307692307,29.47692307692307,7.899230769230769,7.899230769230769,0.1715384615384615,0.1715384615384615,1.780769230769231,1.780769230769231,387.0,387.0,23.89230769230769,23.89230769230769,0.1553846153846154,0.1553846153846154,0.5392307692307692,0.5392307692307692,6.515384615384617,6.515384615384617,4.764615384615386,4.764615384615386,5.715384615384614,5.715384615384614,,,,,18.0,194.0,9.0,9.0,0.0,0.0,0.0,0.0,1.0,2.0,0.0,0.0,0.0,0.0,0.0,wheat_winter,Казачий увал,Пшеница озимая,1.0820991253644316,v17_physical_t_ha,True,4.0,318.661263128315,8.0,252.91545189504373,7.0,1.1752915451895043,82.52179739365626,48.521282798833816,0.0,5.634036144578313,0.0,1.0820991253644316,1.0820991,1.0820991,1.0820991253644316,physical_t_ha,False
207,2023,44.0,44.0,110.91,6.875,3.55,244.935,425.663535,5.4125,412.5,63.0,0.3438253968253969,0.475,0.165,0.104032738998705,0.2475,0.4345,0.0034318138822238,0.475,21.661000000000005,207.0,0.3099999999999999,0.0,5,1,44__44,13.717213114754095,36.6,194.49999999999997,2810.98,5.06,1.8557377049180328,49,530.6100000000001,-336.1100000000001,1084.0999999999997,14,88,13,6,43.6,566.39,77.7,31.4,11.361290322580643,26.9,731.18,131.1,2.79,54.0,19.486666666666668,35.2,770.04,164.27,4.68,8,65.5,21.038709677419355,36.6,743.37,157.54,5.06,6,-0.0796573156484079,0.0275188407888407,-0.2599223958333333,-0.0842982142857142,-0.1852073597052457,16,2022-08-30,2023-08-18,1,336.0,242.0,5.0,1551.7999999999995,616.4000000000001,785.9,-169.4999999999999,4591.0599999999995,5.06,67.0,17.0,223.0,19.0,103.0,0.2787919556171983,0.4791428571428571,0.4791428571428571,333.0,0.1723571428571428,0.1683571428571428,0.1702142857142857,0.1686990701606086,0.1686737109044801,0.1686229923922231,1516.9,0.1870300751879699,0.1764518518518518,0.31399852724595,0.4128766917293234,0.3911428571428571,0.4219195442594216,0.017797785248922,3,1,4,1,1308.0,1.0,447.0,447.0,44.3,44.3,7.3975,7.3975,0.1425,0.1425,1.835,1.835,379.5,379.5,24.925,24.925,0.1725,0.1725,0.5325,0.5325,6.475,6.475,5.550000000000001,5.550000000000001,5.275,5.275,,,,,18.0,194.0,0.0,0.0,1.0,1.0,0.0,0.0,1.0,1.0,1.0,1.0,0.0,0.0,0.0,wheat_winter,Александров ключ,Пшеница озимая,1.0689748444684881,v17_physical_t_ha,True,4.0,125.0,8.0,236.78277272727271,8.0,1.175,18.0,46.0,0.0,0.0,0.0,1.0689748444684881,1.0778181999999998,1.0778181999999998,1.0689748444684881,physical_t_ha,False
208,2023,43.0,43.0,130.0,6.8,3.916,202.758,706.31834,5.7,504.0,62.0,0.4086451612903225,0.592,0.045,0.1416320877592309,0.354,0.557,0.0048051426238453,0.57,25.335999999999995,186.0,0.5469999999999999,21.0,2,1,43__43,13.404098360655736,36.2,158.1,2830.5299999999997,5.01,1.8172131147540984,46,550.18,-392.0799999999999,1059.4,12,95,13,6,41.5,571.1,77.82,34.2,11.1,26.6,732.41,136.25,2.82,30.3,19.05666666666667,33.5,773.73,170.32,4.26,7,52.1,20.961290322580645,36.2,753.29,165.79,5.01,5,-0.0610507536396024,0.0616979365079365,-0.1407262471655328,-0.0761208378427129,-0.0923128000063661,16,2023-05-25,2023-09-20,1,68.0,145.0,5.0,963.5000000000002,92.09999999999998,369.08,-276.9800000000001,1699.9299999999998,5.01,38.0,12.0,51.0,11.0,45.0,0.4710603174603175,0.5714285714285714,0.5678571428571428,41.0,0.4894285714285714,0.571047619047619,0.5602142857142858,,,,533.5999999999999,0.4035735090152565,0.4862457757296467,0.5709519023689877,0.5590449101796408,,,0.0415326756417943,1,1,4,1,1308.0,1.0,593.25,593.25,27.725,27.725,20.45,20.45,0.2725,0.2725,5.5,5.5,397.5,397.5,16.325000000000003,16.325000000000003,0.07,0.07,2.62,2.62,5.325,5.325,12.1,12.1,6.025,6.025,,,,,151.0,61.0,,,0.0,0.0,,,0.0,0.0,0.0,0.0,0.0,0.0,0.0,wheat_spring,Карелкино,Пшеница яровая,2.018076923076923,v17_physical_t_ha,True,4.0,180.12307692307692,6.0,138.91846153846154,7.0,2.2,60.652307692307694,0.0,0.0,4.615384615384616,0.0,2.018076923076923,2.0180769,2.0180769,2.018076923076923,physical_t_ha,False
209,2023,44.0,43.0,301.65,7.042857142857143,3.5357142857142856,171.9557142857143,277.5815457142857,7.35,437.1428571428572,66.0,0.3476666666666667,0.547,0.178,0.1111008732657131,0.262,0.4347499999999999,0.0035821105791018,0.442,22.946,192.0,0.369,9.0,2,1,43__44,14.235245901639344,37.0,156.1,2822.13,5.16,1.9070491803278689,50,556.4300000000001,-400.33,1139.1,14,94,20,6,37.9,569.96,80.9,24.1,11.86774193548387,27.3,732.59,137.07,2.9,40.2,20.046666666666667,34.9,769.79,173.3,4.68,8,53.9,21.570967741935487,37.0,749.79,165.16,5.16,6,-0.0736393616015394,0.0254793915343915,-0.2357697056415805,-0.1997970238095237,-0.1788410165680673,16,2022-09-08,2023-09-03,1,327.0,251.0,5.0,1477.0000000000002,570.3,773.5,-203.20000000000005,4404.989999999999,5.16,59.0,14.0,222.0,20.0,100.0,0.2866628571428571,0.5248571428571429,0.439,299.0,0.1685714285714286,0.1575238095238095,0.1690459183673469,0.1692755102040816,0.1695051020408163,0.1699642857142857,1017.1000000000004,0.1652266009852216,0.2371604395604395,0.3453156462585033,0.3825652173913044,0.5209774436090223,0.4836294219988402,0.0318479553956628,2,1,13,1,1308.0,1.0,422.15384615384613,422.15384615384613,16.492307692307694,16.492307692307694,5.675384615384615,5.675384615384615,0.1661538461538461,0.1661538461538461,1.709230769230769,1.709230769230769,436.53846153846155,436.53846153846155,18.653846153846153,18.653846153846153,0.1299999999999999,0.1299999999999999,0.6561538461538462,0.6561538461538462,6.184615384615385,6.184615384615385,8.205384615384615,8.205384615384615,5.653846153846154,5.653846153846154,,,,,306.0,271.0,6.0,6.0,0.0,0.0,0.0,0.0,1.0,1.0,0.0,0.0,0.0,0.0,0.0,wheat_winter,Козлов Увал левый,Пшеница озимая,1.4882148184982598,v17_physical_t_ha,True,6.0,346.00656684844614,8.0,203.96039603960395,13.0,3.1440533239370447,93.18430979664362,44.87656765676567,0.0,5.887372013651877,0.0,1.4882148184982598,1.4815842,1.4815842,1.4882148184982598,physical_t_ha,False
210,2023,24.0,43.0,247.0,7.2125,3.72,230.06625,480.10587375,9.455,423.75,66.0,0.4063484848484848,0.669,0.16,0.1591186418829485,0.2745,0.5467500000000001,0.0052950617827092,0.486,26.819,186.0,0.509,20.0,2,1,43__24,14.235245901639344,37.0,156.1,2822.13,5.16,1.9070491803278689,50,556.4300000000001,-400.33,1139.1,14,94,20,6,37.9,569.96,80.9,24.1,11.86774193548387,27.3,732.59,137.07,2.9,40.2,20.046666666666667,34.9,769.79,173.3,4.68,8,53.9,21.570967741935487,37.0,749.79,165.16,5.16,6,-0.0472614816034087,0.021435141941392,-0.1528246617965367,-0.1528246617965367,-0.0498923296780833,16,2023-05-10,2023-08-05,1,83.0,130.0,5.0,1145.0,116.6,440.78,-324.17999999999995,2036.3499999999997,5.16,46.0,14.0,65.0,20.0,53.0,0.4534312668463611,0.6437142857142858,0.5037142857142858,63.0,0.3981428571428572,0.5345714285714286,0.6430476190476191,0.5517857142857143,,,801.7000000000002,0.3378279883381924,0.4038937728937729,0.5763061224489797,0.6436526468455404,0.571935309973046,,0.0522520242914979,3,1,6,1,1308.0,1.0,420.0,420.0,21.91166666666666,21.91166666666666,12.033333333333331,12.033333333333331,0.285,0.285,1.4533333333333334,1.4533333333333334,393.1666666666667,393.1666666666667,8.85,8.85,0.1016666666666666,0.1016666666666666,0.5800000000000001,0.5800000000000001,5.791666666666667,5.791666666666667,7.993333333333332,7.993333333333332,5.086666666666667,5.086666666666667,,,,,184.0,28.0,12.0,12.0,0.0,0.0,2.0,2.0,0.0,0.0,0.0,0.0,0.0,0.0,0.0,pea,Козлов увал правый,Горох,1.7267206477732793,v17_physical_t_ha,True,2.0,85.78940816326529,2.0,373.0,8.0,6.006122448979592,8.559183673469386,39.37224489795918,0.0,0.0,0.0,1.7267206477732793,1.7408162999999999,1.7408162999999999,1.7267206477732793,physical_t_ha,False
212,2023,43.0,43.0,136.0,7.140000000000001,3.766,232.258,464.594502,5.536,432.0,60.0,0.3614833333333333,0.603,0.131,0.1516671236256852,0.2405,0.52325,0.0053381075049243,0.589,21.689,212.0,0.472,18.0,2,1,43__43,13.404098360655736,36.2,158.1,2830.5299999999997,5.01,1.8172131147540984,46,550.18,-392.0799999999999,1059.4,12,95,13,6,41.5,571.1,77.82,34.2,11.1,26.6,732.41,136.25,2.82,30.3,19.05666666666667,33.5,773.73,170.32,4.26,7,52.1,20.961290322580645,36.2,753.29,165.79,5.01,5,-0.0736646478135408,-0.0023296378968253,-0.1765563686313686,-0.0023296378968253,-0.0583142781292781,16,2023-06-14,2023-09-17,1,48.0,165.0,5.0,703.1000000000003,79.9,254.86,-174.96,1175.61,5.01,28.0,6.0,34.0,11.0,27.0,0.4972486772486771,0.5935714285714286,0.5935714285714286,47.0,0.5864285714285714,0.5879642857142857,,,,,703.1000000000003,0.4879722410291131,0.5864285714285714,0.5888059098639454,,,,0.0357142857142857,1,1,5,1,1308.0,1.0,624.0,624.0,71.34,71.34,14.2,14.2,0.244,0.244,3.566,3.566,515.8,515.8,56.8,56.8,0.034,0.034,1.672,1.672,5.9,5.9,9.292,9.292,6.06,6.06,,,,,184.0,28.0,,,0.0,0.0,2.0,2.0,0.0,0.0,0.0,0.0,0.0,0.0,0.0,wheat_spring,Костенькина стрелка,Пшеница яровая,2.9445588235294116,v17_physical_t_ha,True,5.0,174.75882352941173,8.0,229.0,7.0,2.2173529411764705,58.82941176470588,0.0,0.0,4.455882352941177,0.0,2.9445588235294116,2.9445588000000003,2.9445588000000003,2.9445588235294116,physical_t_ha,False
215,2023,3.0,43.0,79.0,6.666666666666667,3.776666666666667,192.12,392.99891,12.116666666666667,430.0,54.0,0.4349259259259259,0.604,0.189,0.1416472995718397,0.3325,0.5794999999999999,0.0050509451368789,0.567,23.486,192.0,0.415,20.0,2,1,43__3,13.577868852459018,37.2,186.29999999999995,2808.87,5.25,1.82155737704918,47,519.62,-333.32000000000005,1074.4,16,88,13,6,45.2,570.22,74.26,27.0,11.316129032258065,26.3,729.15,129.18,2.6,56.9,19.233333333333334,34.2,770.41,158.9,4.3,8,57.2,21.200000000000003,37.2,739.09,157.28,5.25,8,-0.0429983173969511,-0.0050231488997113,-0.0784638933982684,-0.0590296875,-0.0560259630762755,16,2023-05-07,2023-08-22,1,86.0,127.0,5.0,1124.4,139.5,425.92,-286.41999999999996,2100.9500000000003,5.25,46.0,16.0,63.0,13.0,46.0,0.4671521739130433,0.5897142857142857,0.5638571428571428,66.0,0.431,0.5059523809523809,0.5885714285714285,0.5872857142857143,,,791.6999999999998,0.370204081632653,0.4725477450239355,0.5561389285714287,0.5896606334841629,0.5814975649350649,,0.047357571556269,0,0,3,1,1308.0,1.0,330.6666666666667,330.6666666666667,17.5,17.5,12.303333333333333,12.303333333333333,0.35,0.35,5.23,5.23,453.0,453.0,21.366666666666664,21.366666666666664,0.0933333333333333,0.0933333333333333,0.9633333333333334,0.9633333333333334,5.633333333333333,5.633333333333333,3.9,3.9,5.433333333333334,5.433333333333334,,,,,,,,,,,,,,,,,,,,barley_spring,Лоскутиха,Ячмень яровой,2.2745063291139243,v17_physical_t_ha,True,2.0,54.50632911392405,2.0,208.91139240506328,6.0,2.1275316455696203,18.44607594936709,0.0,0.0,1.627594936708861,0.0,2.2745063291139243,2.2745062999999996,2.2745062999999996,2.2745063291139243,physical_t_ha,False
216,2023,3.0,43.0,37.0,6.4,3.71,242.68,688.96085,7.64,540.0,53.0,0.4972830188679246,0.664,0.165,0.1524012055316171,0.414,0.627,0.0045751374620989,0.552,26.356000000000005,162.0,0.499,30.0,2,1,43__3,13.577868852459018,37.2,186.29999999999995,2808.87,5.25,1.82155737704918,47,518.9399999999999,-332.64,1074.4,16,88,13,6,45.2,570.22,74.12,27.0,11.316129032258065,26.3,729.15,128.98,2.6,56.9,19.233333333333334,34.2,770.41,158.74,4.3,8,57.2,21.200000000000003,37.2,739.09,157.1,5.25,8,-0.0473883098396439,0.0693927556818181,-0.1353632169913419,-0.1064673809523808,-0.0823446469931212,16,2023-05-07,2023-08-22,1,86.0,127.0,5.0,1124.4,139.5,425.42,-285.92,2100.9500000000003,5.25,46.0,16.0,63.0,13.0,46.0,0.5346987577639751,0.6487142857142858,0.5660000000000001,59.0,0.5697142857142857,0.6014285714285714,0.6483142857142857,0.5861428571428571,,,689.6999999999998,0.4538367346938775,0.6049074446680082,0.6081996428571428,0.6252979961215255,0.5752540584415583,,0.0588753487006313,1,1,2,1,1308.0,1.0,591.0,591.0,37.599999999999994,37.599999999999994,1.815,1.815,0.175,0.175,5.085,5.085,426.5,426.5,21.950000000000003,21.950000000000003,0.145,0.145,0.94,0.94,5.35,5.35,6.195,6.195,5.65,5.65,,,,,185.0,27.0,,,0.0,0.0,2.0,2.0,0.0,0.0,0.0,0.0,0.0,0.0,0.0,barley_spring,Никитушкин,Ячмень яровой,2.696783783783784,v17_physical_t_ha,True,2.0,55.31351351351351,2.0,203.0,6.0,2.125,18.7,0.0,0.0,1.65,0.0,2.696783783783784,2.6967838,2.6967838,2.696783783783784,physical_t_ha,False
217,2023,3.0,43.0,408.0,6.94,3.484666666666667,201.10266666666664,313.7409,4.662000000000001,472.0,64.0,0.33015625,0.582,0.138,0.1425266662275431,0.21575,0.481,0.0047107994939759,0.574,21.130000000000003,212.0,0.4439999999999999,13.0,2,1,43__3,13.404098360655736,36.2,158.1,2830.5299999999997,5.01,1.8172131147540984,46,550.18,-392.0799999999999,1059.4,12,95,13,6,41.5,571.1,77.82,34.2,11.1,26.6,732.41,136.25,2.82,30.3,19.05666666666667,33.5,773.73,170.32,4.26,7,52.1,20.961290322580645,36.2,753.29,165.79,5.01,5,-0.0973910605950486,-0.00817791005291,-0.2258308705183705,-0.0286606398809524,-0.1024230276992972,16,2023-05-18,2023-09-01,1,75.0,138.0,5.0,1021.7000000000002,92.09999999999998,408.74,-316.64000000000004,1891.62,5.01,41.0,12.0,58.0,11.0,49.0,0.3682390670553935,0.5787142857142856,0.5787142857142856,74.0,0.3002857142857142,0.481,0.5343928571428571,,,,1021.7000000000002,0.2621044234952864,0.3194566987416729,0.4896915542413602,0.5359258358662614,0.5780871180842279,,0.0368672721613897,0,0,14,1,1308.0,1.0,435.8571428571428,435.8571428571428,43.11428571428571,43.11428571428571,6.672142857142857,6.672142857142857,0.1442857142857143,0.1442857142857143,2.87,2.87,429.1428571428572,429.1428571428572,33.885714285714286,33.885714285714286,0.0978571428571428,0.0978571428571428,1.7071428571428569,1.7071428571428569,6.021428571428572,6.021428571428572,9.128571428571428,9.128571428571428,5.757142857142858,5.757142857142858,,,,,,,,,,,,,,,,,,,,barley_spring,Овчинников увал,Ячмень яровой,2.021480392156863,v17_physical_t_ha,True,3.0,50.52467532467533,2.0,66.91911764705883,6.0,1.4877450980392155,17.11038961038961,0.0,0.0,1.5097402597402598,0.0,2.021480392156863,2.0214804,2.0214804,2.021480392156863,physical_t_ha,False
218,2023,3.0,43.0,39.0,7.2,3.87,198.74,289.9543,4.86,390.0,56.0,0.4423035714285714,0.655,0.132,0.154538011926199,0.31425,0.5782499999999999,0.0053580826595691,0.561,24.769,195.0,0.523,30.0,2,1,43__3,13.404098360655736,36.2,158.1,2830.5299999999997,5.01,1.8172131147540984,46,550.18,-392.0799999999999,1059.4,12,95,13,6,41.5,571.1,77.82,34.2,11.1,26.6,732.41,136.25,2.82,30.3,19.05666666666667,33.5,773.73,170.32,4.26,7,52.1,20.961290322580645,36.2,753.29,165.79,5.01,5,-0.0100934106131362,0.0756225925925926,-0.0801637188208616,-0.0381968253968254,-0.0073591785818348,16,2023-05-11,2023-08-26,1,82.0,131.0,5.0,1068.6000000000004,115.8,433.5,-317.7,2023.16,5.01,42.0,12.0,63.0,13.0,47.0,0.4817294832826747,0.6341428571428571,0.5545714285714286,64.0,0.4735714285714286,0.5576428571428571,0.6161632653061225,0.5917142857142856,,,784.2000000000002,0.3774107142857142,0.5114009852216749,0.5919083011583011,0.6335985815602837,0.5804060846560847,,0.0557749062774188,1,1,1,1,1308.0,1.0,465.0,465.0,46.0,46.0,5.52,5.52,0.21,0.21,7.24,7.24,522.0,522.0,52.5,52.5,0.19,0.19,2.36,2.36,5.5,5.5,7.14,7.14,6.6,6.6,,,,,184.0,28.0,,,0.0,0.0,1.0,1.0,0.0,1.0,0.0,0.0,0.0,0.0,0.0,barley_spring,Палатьи,Ячмень яровой,3.3693589743589745,v17_physical_t_ha,True,3.0,50.0974358974359,6.0,206.692,8.0,2.1014102564102566,16.965128205128206,0.0,0.0,1.4969230769230768,0.0,3.3693589743589745,3.369359,3.369359,3.3693589743589745,physical_t_ha,False
219,2023,40.0,43.0,210.0,6.8,3.69625,212.37625,656.214605,8.491249999999999,446.25,64.0,0.3510625,0.716,0.171,0.1932690704529568,0.219,0.501,0.0061950433944069,0.689,22.468,203.0,0.5449999999999999,16.0,2,1,43__40,14.235245901639344,37.0,156.1,2822.13,5.16,1.9070491803278689,50,556.4300000000001,-400.33,1139.1,14,94,20,6,37.9,569.96,80.9,24.1,11.86774193548387,27.3,732.59,137.07,2.9,40.2,20.046666666666667,34.9,769.79,173.3,4.68,8,53.9,21.570967741935487,37.0,749.79,165.16,5.16,6,-0.0645072081801943,0.0787566648629147,-0.2110049405455655,0.0787566648629147,0.0108412790876658,16,2023-05-13,2023-10-11,1,80.0,133.0,5.0,1111.8,116.2,427.25,-311.05,1971.86,5.16,45.0,14.0,62.0,20.0,49.0,0.3921895043731778,0.705,0.691,71.0,0.2655714285714285,0.4295,0.627,0.696047619047619,,,975.9,0.2283541033434651,0.2783773173391494,0.4781807328118567,0.6618310104529616,0.7042635599694423,,0.0532919651412145,1,1,9,1,1308.0,1.0,339.3333333333333,339.3333333333333,32.71111111111111,32.71111111111111,9.583333333333334,9.583333333333334,0.1633333333333333,0.1633333333333333,1.9911111111111113,1.9911111111111113,406.22222222222223,406.22222222222223,19.322222222222223,19.322222222222223,0.1177777777777777,0.1177777777777777,0.8244444444444443,0.8244444444444443,6.177777777777777,6.177777777777777,7.362222222222223,7.362222222222223,5.766666666666667,5.766666666666667,,,,,184.0,28.0,,,0.0,0.0,,,0.0,0.0,0.0,0.0,0.0,0.0,0.0,sunflower,Подхозный увал 1,Подсолнечник,2.802523809523809,v17_physical_t_ha,True,4.0,91.26190476190476,4.0,414.0,5.0,4.676190476190476,9.047619047619047,41.61904761904762,0.0,0.0,0.0,2.802523809523809,2.8025238000000003,2.8025238000000003,2.802523809523809,physical_t_ha,False
220,2023,3.0,43.0,25.0,7.3,3.74,197.06,380.11444,6.0,420.0,54.0,0.4876296296296296,0.691,0.058,0.1671483369031605,0.3915,0.6335,0.0058937456965345,0.601,26.331999999999997,194.0,0.6329999999999999,28.0,2,1,43__3,13.404098360655736,36.2,158.1,2830.5299999999997,5.01,1.8172131147540984,46,550.18,-392.0799999999999,1059.4,12,95,13,6,41.5,571.1,77.82,34.2,11.1,26.6,732.41,136.25,2.82,30.3,19.05666666666667,33.5,773.73,170.32,4.26,7,52.1,20.961290322580645,36.2,753.29,165.79,5.01,5,-0.0150850079277378,0.0596902910052909,-0.1573404151404151,-0.0130566964285714,0.0065012522466849,16,2023-05-10,2023-08-26,1,83.0,130.0,5.0,1078.7000000000005,115.8,437.96,-322.16,2044.68,5.01,42.0,12.0,64.0,13.0,45.0,0.5373714285714286,0.6811428571428572,0.6278571428571428,65.0,0.5380952380952381,0.6108571428571429,0.6642040816326531,0.6536071428571428,,,794.3000000000002,0.4553062499999999,0.5795702857142856,0.6412926617455492,0.6809234042553192,0.6390638655462187,,0.0495682588261012,0,0,1,1,1308.0,1.0,453.0,453.0,38.9,38.9,6.07,6.07,0.2,0.2,6.55,6.55,430.0,430.0,41.3,41.3,0.17,0.17,1.7,1.7,5.4,5.4,6.75,6.75,5.9,5.9,,,,,,,,,,,,,,,,,,,,barley_spring,Сапог,Ячмень яровой,3.3728800000000003,v17_physical_t_ha,True,2.0,50.2,2.0,204.8,6.0,2.105,17.0,0.0,0.0,1.5,0.0,3.3728800000000003,3.37288,3.37288,3.3728800000000003,physical_t_ha,False
222,2023,3.0,43.0,62.0,6.9,3.725,206.315,278.80506,4.845,420.0,57.0,0.4068771929824561,0.617,0.138,0.1564229612722291,0.28,0.57,0.005608989730275,0.541,23.192,184.0,0.479,19.0,2,1,43__3,13.404098360655736,36.2,158.1,2830.5299999999997,5.01,1.8172131147540984,46,550.18,-392.0799999999999,1059.4,12,95,13,6,41.5,571.1,77.82,34.2,11.1,26.6,732.41,136.25,2.82,30.3,19.05666666666667,33.5,773.73,170.32,4.26,7,52.1,20.961290322580645,36.2,753.29,165.79,5.01,5,-0.0426452984757058,0.0217771462912088,-0.0912162169312169,-0.0268677522130645,-0.0147707686311704,16,2023-05-13,2023-08-25,1,80.0,133.0,5.0,1048.9,113.8,424.7999999999999,-310.99999999999994,1980.09,5.01,41.0,12.0,62.0,13.0,46.0,0.4516055900621119,0.6098571428571429,0.5484285714285714,61.0,0.4305714285714286,0.5531904761904762,0.6088571428571428,0.5626,,,740.4999999999999,0.3639886018237082,0.4564661224489796,0.608088948787062,0.6054913880445795,0.559562614763129,,0.0545236058495254,1,1,2,1,1308.0,1.0,337.0,337.0,27.25,27.25,3.385,3.385,0.19,0.19,3.77,3.77,449.0,449.0,23.15,23.15,0.08,0.08,1.795,1.795,5.45,5.45,9.465,9.465,5.6,5.6,,,,,184.0,28.0,,,0.0,0.0,1.0,1.0,0.0,1.0,0.0,0.0,0.0,0.0,0.0,barley_spring,Соколки 1,Ячмень яровой,4.5005,v17_physical_t_ha,True,3.0,50.2,6.0,206.0,8.0,2.095,17.0,0.0,0.0,1.5,0.0,4.5005,4.500500000000001,4.500500000000001,4.5005,physical_t_ha,False
223,2023,3.0,43.0,70.0,6.433333333333334,3.6633333333333336,175.33333333333334,560.82853,6.72,430.0,58.0,0.373551724137931,0.607,0.116,0.1565972400793693,0.2565,0.5525,0.0054360339896051,0.595,21.665999999999997,203.0,0.491,19.0,2,1,43__3,13.404098360655736,36.2,158.1,2830.5299999999997,5.01,1.8172131147540984,46,550.18,-392.0799999999999,1059.4,12,95,13,6,41.5,571.1,77.82,34.2,11.1,26.6,732.41,136.25,2.82,30.3,19.05666666666667,33.5,773.73,170.32,4.26,7,52.1,20.961290322580645,36.2,753.29,165.79,5.01,5,-0.0852399409050176,0.0202173859126983,-0.1941528115981241,0.0202173859126983,-0.0464063748678983,16,2023-05-16,2023-08-30,1,77.0,136.0,5.0,1033.4,92.5,416.43000000000006,-323.93000000000006,1934.3099999999995,5.01,41.0,12.0,60.0,12.0,46.0,0.4164223602484472,0.6011428571428572,0.5997142857142856,74.0,0.3728571428571428,0.5012857142857143,0.5743571428571428,0.6004285714285714,,,998.8000000000002,0.305313995649021,0.3993071798667653,0.5502652005174645,0.5780091185410334,0.6010933113129645,,0.0386440876596742,1,1,0,0,,,,,,,,,,,,,,,,,,,,,,,,,,,,,,,184.0,28.0,,,0.0,0.0,1.0,1.0,0.0,1.0,0.0,0.0,0.0,0.0,0.0,barley_spring,Соколки 2,Ячмень яровой,2.3584285714285715,v17_physical_t_ha,True,3.0,55.2,6.0,192.0,8.0,2.095,18.7,0.0,0.0,1.65,0.0,2.3584285714285715,2.3584286,2.3584286,2.3584285714285715,physical_t_ha,False
224,2023,3.0,43.0,104.0,6.5,3.808,191.728,598.903534,18.618,516.0,57.0,0.4321754385964911,0.606,0.18,0.1511747127753261,0.327,0.564,0.0047634274680728,0.49,24.633999999999997,192.0,0.426,28.0,2,1,43__3,13.577868852459018,37.2,186.29999999999995,2808.87,5.25,1.82155737704918,47,518.9399999999999,-332.64,1074.4,16,88,13,6,45.2,570.22,74.12,27.0,11.316129032258065,26.3,729.15,128.98,2.6,56.9,19.233333333333334,34.2,770.41,158.74,4.3,8,57.2,21.200000000000003,37.2,739.09,157.1,5.25,8,-0.0419782316821323,0.0592857458513709,-0.1645955086580086,-0.153794742063492,-0.0955890609186565,16,2023-05-18,2023-08-23,1,75.0,138.0,5.0,1040.0,121.4,383.83,-262.42999999999995,1868.67,5.25,42.0,16.0,54.0,11.0,44.0,0.4932727272727273,0.593,0.5162857142857142,55.0,0.554,0.5637142857142857,0.5868928571428571,,,,707.2999999999998,0.4449351988217968,0.5502243788819876,0.5814603174603175,0.5872602179836511,0.5201290790427846,,0.0465130837611118,0,0,4,1,1308.0,1.0,474.25,474.25,27.125,27.125,5.6175,5.6175,0.2075,0.2075,3.6175,3.6175,447.0,447.0,19.7,19.7,0.1575,0.1575,0.8775000000000001,0.8775000000000001,5.625,5.625,9.2325,9.2325,5.9750000000000005,5.9750000000000005,,,,,,,,,,,,,,,,,,,,barley_spring,Холодный ключ,Ячмень яровой,2.481451923076923,v17_physical_t_ha,True,2.0,55.24038461538461,2.0,203.0,6.0,2.121153846153846,18.7,0.0,0.0,1.65,0.0,2.481451923076923,2.4814519,2.4814519,2.481451923076923,physical_t_ha,False
226,2023,3.0,43.0,40.0,7.2,3.79,218.81,806.48818,8.56,420.0,55.0,0.4109454545454544,0.584,0.144,0.1414116387368731,0.313,0.544,0.0048355668299054,0.524,22.601999999999993,183.0,0.4399999999999999,23.0,2,1,43__3,13.717213114754095,36.6,194.49999999999997,2810.98,5.06,1.8557377049180328,49,530.6100000000001,-336.1100000000001,1084.0999999999997,14,88,13,6,43.6,566.39,77.7,31.4,11.361290322580643,26.9,731.18,131.1,2.79,54.0,19.486666666666668,35.2,770.04,164.27,4.68,8,65.5,21.038709677419355,36.6,743.37,157.54,5.06,6,-0.0866601418992101,-0.0444980687830688,-0.1376515534812409,-0.1135547619047618,-0.0889506600228475,16,2023-05-10,2023-08-24,1,83.0,130.0,5.0,1100.7999999999993,149.29999999999998,419.33,-270.0300000000001,2028.1700000000003,5.06,45.0,14.0,60.0,13.0,44.0,0.4581201298701299,0.5712857142857143,0.5448571428571428,55.0,0.426,0.5260952380952382,0.5639047619047619,0.548,,,655.9999999999999,0.3647250673854447,0.4873516483516483,0.5505912220309811,0.551688198757764,0.5471744233104006,,0.0501194901752522,0,0,1,1,1308.0,1.0,443.0,443.0,29.4,29.4,1.03,1.03,0.14,0.14,1.3,1.3,388.0,388.0,18.0,18.0,0.12,0.12,0.3,0.3,6.8,6.8,5.78,5.78,5.7,5.7,,,,,,,,,,,,,,,,,,,,barley_spring,Штаны,Ячмень яровой,1.1793749999999998,v17_physical_t_ha,True,2.0,56.86666666666667,2.0,203.57894736842104,6.0,2.123684210526316,19.266666666666666,0.0,0.0,1.7,0.0,1.1793749999999998,2.4828947,2.4828947,1.1793749999999998,physical_t_ha,True
227,2023,40.0,44.0,346.0,6.953846153846154,3.8015384615384615,195.0484615384616,763.0697146153847,10.056153846153848,475.38461538461536,64.0,0.3844062499999999,0.746,0.149,0.2048036192574181,0.22975,0.5812499999999999,0.0068495724962985,0.684,24.601999999999997,204.0,0.597,18.0,5,1,44__40,13.717213114754095,36.6,194.49999999999997,2810.98,5.06,1.8557377049180328,49,530.6100000000001,-336.1100000000001,1084.0999999999997,14,88,13,6,43.6,566.39,77.7,31.4,11.361290322580643,26.9,731.18,131.1,2.79,54.0,19.486666666666668,35.2,770.04,164.27,4.68,8,65.5,21.038709677419355,36.6,743.37,157.54,5.06,6,-0.0515030090399123,0.1310078255078255,-0.1938289659992784,0.1018265625,0.0615095173107121,16,2023-05-11,2023-10-09,1,82.0,131.0,5.0,1090.3999999999994,149.1,414.92,-265.81999999999994,2006.53,5.06,45.0,14.0,59.0,13.0,50.0,0.4296971428571429,0.7335714285714285,0.7014285714285714,71.0,0.3036428571428571,0.4569285714285714,0.6557619047619047,0.7212857142857142,,,928.8999999999996,0.2486816326530612,0.3236923076923076,0.5209755771160924,0.7145527950310561,0.7182250830564781,,0.0594448979591836,0,0,14,1,1308.0,1.0,441.57142857142856,441.57142857142856,26.40357142857143,26.40357142857143,9.212142857142856,9.212142857142856,0.2999999999999999,0.2999999999999999,1.2228571428571426,1.2228571428571426,364.2142857142857,364.2142857142857,8.708571428571428,8.708571428571428,0.1121428571428571,0.1121428571428571,0.5778571428571428,0.5778571428571428,5.786428571428572,5.786428571428572,13.137142857142855,13.137142857142855,5.120714285714286,5.120714285714286,,,,,,,,,,,,,,,,,,,,sunflower,Большая Семёниха СК,Подсолнечник,2.6015895953757227,v17_physical_t_ha,True,7.0,116.54007707129097,4.0,0.4132947976878612,9.0,0.8226878612716764,13.869980732177265,48.10057803468209,0.0,0.0,0.0,2.6015895953757227,2.6015896,2.6015896,2.6015895953757227,physical_t_ha,False
228,2023,44.0,43.0,59.0,6.699999999999999,3.515,179.82,438.82045,7.755,420.0,55.0,0.3992,0.551,0.231,0.1039780396394966,0.312,0.486,0.0028495955470126,0.379,21.956,169.0,0.32,6.0,6,1,43__44,13.577868852459018,37.2,186.29999999999995,2808.87,5.25,1.82155737704918,47,518.9399999999999,-332.64,1074.4,16,88,13,6,45.2,570.22,74.12,27.0,11.316129032258065,26.3,729.15,128.98,2.6,56.9,19.233333333333334,34.2,770.41,158.74,4.3,8,57.2,21.200000000000003,37.2,739.09,157.1,5.25,8,-0.0442602757541241,0.0370523809523809,-0.1760798678751803,-0.1760798678751803,-0.1283638701691826,16,2022-08-31,2023-07-26,1,335.0,243.0,5.0,1526.0,620.4,758.78,-138.38,4490.370000000001,5.25,64.0,19.0,222.0,20.0,89.0,0.3348780096308186,0.5255714285714286,0.4102857142857142,289.0,0.2175714285714285,0.2167142857142857,0.2147321428571428,0.2249831932773109,0.225172268907563,0.2255504201680672,847.2999999999998,0.2473348214285714,0.2364642857142857,0.4036938775510205,0.4865535168195719,0.4901195923860796,0.4855404007756949,0.0259289051669547,2,1,2,1,1308.0,1.0,257.0,257.0,23.23,23.23,13.295,13.295,0.345,0.345,7.09,7.09,386.0,386.0,12.7,12.7,0.13,0.13,1.7999999999999998,1.7999999999999998,5.65,5.65,2.765,2.765,3.71,3.71,,,,,184.0,28.0,75.0,75.0,0.0,0.0,0.0,1.0,1.0,2.0,1.0,1.0,0.0,0.0,0.0,wheat_winter,Бонн 1,Пшеница озимая,1.5016949152542372,v17_physical_t_ha,True,4.0,325.0,8.0,236.78,10.0,1.253813559322034,86.0,46.0,0.0,6.0,0.0,1.5016949152542372,1.5016949,1.5016949,1.5016949152542372,physical_t_ha,False
229,2023,44.0,43.0,12.0,6.4,2.36,225.3,220.85171,12.11,480.0,56.0,0.4022321428571428,0.568,0.154,0.1513570743864875,0.2515,0.5357500000000001,0.0043619211950633,0.455,22.525,167.0,0.4139999999999999,24.0,6,1,43__44,13.577868852459018,37.2,186.29999999999995,2808.87,5.25,1.82155737704918,47,518.9399999999999,-332.64,1074.4,16,88,13,6,45.2,570.22,74.12,27.0,11.316129032258065,26.3,729.15,128.98,2.6,56.9,19.233333333333334,34.2,770.41,158.74,4.3,8,57.2,21.200000000000003,37.2,739.09,157.1,5.25,8,-0.0010465887194515,0.0732966666666667,-0.0778219539141414,-0.0778219539141414,-0.0326629510882635,16,2022-09-01,2023-07-26,1,334.0,244.0,5.0,1513.4,620.4000000000001,754.57,-134.16999999999996,4469.22,5.25,63.0,19.0,221.0,20.0,89.0,0.3438410914927768,0.5608571428571428,0.4635714285714286,288.0,0.2334047619047619,0.1992857142857143,0.1663571428571428,0.1571344040574809,0.1565384615384615,0.1553465765004226,834.6999999999999,0.2870857142857143,0.1749142857142857,0.4223036963036963,0.5337443609022556,0.5477691197691198,0.529563025210084,0.0243350114097583,0,0,1,1,1308.0,1.0,296.0,296.0,23.9,23.9,19.46,19.46,0.41,0.41,3.21,3.21,284.0,284.0,13.0,13.0,0.13,0.13,2.17,2.17,6.68,6.68,5.3,5.3,3.12,3.12,,,,,,,,,,,,,,,,,,,,wheat_winter,Бонн 2,Пшеница озимая,3.4433333333333334,v17_physical_t_ha,True,4.0,325.0,8.0,236.78275,10.0,1.3416666666666666,86.0,46.0,0.0,6.0,0.0,3.4433333333333334,3.4433333,3.4433333,3.4433333333333334,physical_t_ha,False
230,2023,43.0,40.0,223.0,7.1000000000000005,3.73,184.71,792.107215,3.6633333333333336,445.0,63.0,0.3460317460317459,0.58,0.14,0.1339697867210895,0.2575,0.4825,0.0046412107447513,0.58,21.799999999999997,213.0,0.4399999999999999,14.0,1,2,40__43,14.235245901639344,37.0,156.1,2822.13,5.16,1.9070491803278689,50,556.4300000000001,-400.33,1139.1,14,94,20,6,37.9,569.96,80.9,24.1,11.86774193548387,27.3,732.59,137.07,2.9,40.2,20.046666666666667,34.9,769.79,173.3,4.68,8,53.9,21.570967741935487,37.0,749.79,165.16,5.16,6,-0.1079052590765342,-0.010313112073112,-0.2338507308663558,-0.0183835475288599,-0.1212022247392364,16,2023-05-27,2023-09-20,1,66.0,147.0,5.0,998.6,102.2,359.46,-257.26,1634.89,5.16,41.0,14.0,49.0,20.0,42.0,0.4040408163265307,0.5665714285714286,0.5665714285714286,65.0,0.4234285714285714,0.5192857142857142,0.5557142857142858,,,,998.6,0.3040714285714286,0.3888755980861245,0.5148054421768707,0.5526753246753247,,,0.0306184142338918,0,0,8,1,1308.0,1.0,498.5,498.5,20.31,20.31,7.0525,7.0525,0.34875,0.34875,1.7525,1.7525,384.0,384.0,9.36625,9.36625,0.12,0.12,0.6637500000000001,0.6637500000000001,5.62125,5.62125,7.86625,7.86625,5.7075,5.7075,,,,,,,,,,,,,,,,,,,,wheat_spring,Бригадная стрелка,Пшеница яровая,0.9786995515695067,v17_physical_t_ha,True,5.0,244.0535337055195,6.0,233.0,8.0,3.6,65.54610338287146,32.2975799223185,0.0,4.439461883408071,0.0,0.9786995515695067,1.1861413,1.1861413,0.9786995515695067,physical_t_ha,False
231,2023,40.0,44.0,235.0,7.2625,3.685,204.0575,646.09227125,9.26,453.75,63.0,0.3749523809523809,0.633,0.166,0.1553632127987718,0.255,0.5225,0.0054882558132597,0.623,23.622,204.0,0.4669999999999999,19.0,7,1,44__40,13.717213114754095,36.6,194.49999999999997,2810.98,5.06,1.8557377049180328,49,530.6100000000001,-336.1100000000001,1084.0999999999997,14,88,13,6,43.6,566.39,77.7,31.4,11.361290322580643,26.9,731.18,131.1,2.79,54.0,19.486666666666668,35.2,770.04,164.27,4.68,8,65.5,21.038709677419355,36.6,743.37,157.54,5.06,6,-0.0811416198694525,0.054769780393218,-0.2383934088480963,0.054769780393218,-0.0335642984262469,16,2023-05-08,2023-10-04,1,85.0,128.0,5.0,1121.1999999999994,149.29999999999998,428.79,-279.49,2079.9100000000003,5.06,47.0,14.0,62.0,13.0,52.0,0.4071620879120879,0.6254285714285714,0.6234285714285714,78.0,0.3301428571428571,0.3874285714285714,0.5484285714285715,0.6244285714285714,,,1025.2999999999995,0.2961992136304063,0.3430514285714285,0.4606128431828757,0.5770405315614618,0.6252237960339944,,0.0417059079855498,0,0,9,1,1308.0,1.0,420.55555555555554,420.55555555555554,27.633333333333333,27.633333333333333,10.624444444444444,10.624444444444444,0.2788888888888888,0.2788888888888888,1.9811111111111108,1.9811111111111108,414.8888888888889,414.8888888888889,13.133333333333333,13.133333333333333,0.1144444444444444,0.1144444444444444,0.8033333333333333,0.8033333333333333,6.022222222222222,6.022222222222222,7.4,7.4,5.493333333333333,5.493333333333333,,,,,,,,,,,,,,,,,,,,sunflower,Давыдкин увал левый,Подсолнечник,2.2995063829787235,v17_physical_t_ha,True,6.0,97.41063829787234,4.0,0.4163090128755364,9.0,1.8574468085106384,9.554468085106382,43.885957446808504,0.0,0.0,0.0,2.2995063829787235,2.2995064,2.2995064,2.2995063829787235,physical_t_ha,False
232,2023,40.0,44.0,296.0,6.609090909090909,3.7290909090909095,211.9754545454545,649.4797309090909,7.533636363636364,452.7272727272728,65.0,0.3717384615384615,0.707,0.146,0.1809633432428599,0.243,0.499,0.0061517134069773,0.68,24.163,204.0,0.5609999999999999,16.0,7,1,44__40,13.717213114754095,36.6,194.49999999999997,2810.98,5.06,1.8557377049180328,49,530.6100000000001,-336.1100000000001,1084.0999999999997,14,88,13,6,43.6,566.39,77.7,31.4,11.361290322580643,26.9,731.18,131.1,2.79,54.0,19.486666666666668,35.2,770.04,164.27,4.68,8,65.5,21.038709677419355,36.6,743.37,157.54,5.06,6,-0.0695838116234893,0.1038483225108225,-0.2459558986152736,0.1038483225108225,0.0005834921410289,16,2023-05-08,2023-10-05,1,85.0,128.0,5.0,1121.1999999999994,149.29999999999998,428.79,-279.49,2079.9100000000003,5.06,47.0,14.0,62.0,13.0,53.0,0.4057547169811321,0.6932857142857143,0.6827142857142857,75.0,0.3005714285714286,0.363,0.5777142857142857,0.6932857142857143,,,974.9999999999998,0.2747155963302752,0.31588,0.4299134481154024,0.6291548172757477,0.6914119789558884,,0.0510351966873706,1,1,12,1,1308.0,1.0,426.8333333333333,426.8333333333333,33.0075,33.0075,10.916666666666666,10.916666666666666,0.2808333333333333,0.2808333333333333,1.5549999999999995,1.5549999999999995,375.5,375.5,11.740833333333336,11.740833333333336,0.1125,0.1125,0.6,0.6,5.8900000000000015,5.8900000000000015,7.688333333333333,7.688333333333333,4.966666666666668,4.966666666666668,,,,,177.0,35.0,19.0,19.0,0.0,0.0,,,0.0,0.0,0.0,0.0,0.0,0.0,0.0,sunflower,Давыдкин увал правый,Подсолнечник,2.6881993243243243,v17_physical_t_ha,True,6.0,101.92567567567568,4.0,277.0,9.0,1.839527027027027,10.00722972972973,45.96891891891892,0.0,0.0,0.0,2.6881993243243243,2.6881993,2.6881993,2.6881993243243243,physical_t_ha,False
234,2023,44.0,43.0,35.0,6.5,3.73,181.31,492.74302,14.32,480.0,53.0,0.4711320754716981,0.652,0.197,0.1459779044712096,0.408,0.584,0.0042347484724424,0.426,24.97,192.0,0.455,28.0,5,1,43__44,13.577868852459018,37.2,186.29999999999995,2808.87,5.25,1.82155737704918,47,518.9399999999999,-332.64,1074.4,16,88,13,6,45.2,570.22,74.12,27.0,11.316129032258065,26.3,729.15,128.98,2.6,56.9,19.233333333333334,34.2,770.41,158.74,4.3,8,57.2,21.200000000000003,37.2,739.09,157.1,5.25,8,-0.0599792571009131,0.0096140873015873,-0.200284548611111,-0.200284548611111,-0.0788728165435754,16,2022-09-02,2023-09-08,1,333.0,245.0,5.0,1498.7999999999995,620.4,750.23,-129.83000000000004,4448.8099999999995,5.25,62.0,19.0,220.0,20.0,87.0,0.3825057471264367,0.6344285714285715,0.4748571428571428,304.0,0.24,0.2148095238095237,0.202875,0.2003550784475639,0.2004417836498761,0.2006151940545004,1035.1999999999998,0.2631311475409836,0.2933296703296703,0.4835410714285715,0.5782639225181598,0.6174573094543941,0.5890488559059985,0.0338062094752615,2,1,0,0,,,,,,,,,,,,,,,,,,,,,,,,,,,,,,,58.0,154.0,0.0,0.0,0.0,0.0,0.0,0.0,1.0,1.0,1.0,1.0,0.0,0.0,0.0,wheat_winter,Красный яр,Пшеница озимая,1.7062857142857142,v17_physical_t_ha,True,4.0,325.0,8.0,236.78277142857144,7.0,1.7985714285714285,86.0,46.0,0.0,6.0,0.0,1.7062857142857142,1.7062857,1.7062857,1.7062857142857142,physical_t_ha,False
195,2024,40.0,44.0,123.0,6.9,3.6425,225.2,499.4803025,7.5175,427.5,58.0,0.4611551724137931,0.801,0.176,0.2424666206479121,0.22325,0.724,0.0069920322926292,0.694,26.747,196.0,0.625,25.0,6,1,44__40,14.626229508196722,33.2,533.5,2572.9399999999996,3.5,1.3404918032786888,22,453.21,80.29000000000002,1108.3000000000002,8,69,11,4,66.4,540.35,77.63,107.9,13.703225806451613,27.5,614.96,111.59,2.41,196.3,18.773333333333333,33.2,724.09,133.66,3.5,7,162.89999999999998,20.438709677419357,30.5,693.54,130.33,2.61,1,0.0450155126549028,0.193511274509804,-0.0922002693385046,0.1576848654613359,0.1765101757596978,17,2024-05-12,2024-09-29,1,81.0,133.0,5.0,1075.6,436.6,337.89,98.70999999999998,1825.91,3.5,19.0,8.0,40.0,11.0,42.0,0.5495986394557824,0.7984285714285715,0.7065714285714285,62.0,0.3854285714285714,0.6852857142857143,0.7895714285714286,0.7187142857142856,,,782.4000000000001,0.3021229159856162,0.5070527950310558,0.7566645097063215,0.7980996138996139,0.7173594470046082,,0.0733222634750648,1,1,3,1,1674.0,1.0,261.6666666666667,261.6666666666667,29.26666666666667,29.26666666666667,15.9,15.9,0.2833333333333334,0.2833333333333334,2.6633333333333336,2.6633333333333336,452.3333333333333,452.3333333333333,26.133333333333336,26.133333333333336,0.0666666666666666,0.0666666666666666,0.9133333333333334,0.9133333333333334,6.0,6.0,7.223333333333334,7.223333333333334,6.133333333333333,6.133333333333333,,,,,201.0,12.0,61.0,61.0,0.0,0.0,2.0,2.0,0.0,0.0,0.0,0.0,0.0,0.0,0.0,sunflower,Коновалиха 1,Подсолнечник,2.7365853658536587,v17_physical_t_ha,True,1.0,105.0,4.0,0.0,7.0,1.8097967479674797,10.5,48.3,0.0,0.0,0.0,2.7365853658536587,2.7365854,2.7365854,2.7365853658536587,physical_t_ha,False
197,2024,40.0,44.0,343.0,6.976923076923077,3.579230769230769,216.96,502.5284007692308,4.591538461538462,454.61538461538464,58.0,0.4584137931034483,0.798,0.144,0.2460667161061559,0.22775,0.7315,0.0071056333018817,0.721,26.588,201.0,0.654,25.0,6,1,44__40,14.9672131147541,32.5,409.30000000000007,2595.14,3.24,1.35,24,466.73,-57.42999999999995,1142.4,8,72,6,4,62.8,544.65,80.48,81.3,14.029032258064516,27.2,622.74,116.16,2.41,110.9,19.01,32.5,730.26,136.94,3.24,7,154.3,20.625806451612902,30.5,697.49,133.15,2.62,1,0.0106852503339358,0.1549492657669129,-0.1777103163176693,0.1549492657669129,0.1255218751243395,17,2024-05-13,2024-10-02,1,80.0,134.0,5.0,1086.5000000000002,320.9,342.02,-21.120000000000005,1814.0,3.24,22.0,8.0,43.0,6.0,42.0,0.547122448979592,0.7944285714285714,0.7357142857142858,63.0,0.3771428571428571,0.6718571428571428,0.7907142857142857,0.7448571428571428,,,825.2000000000002,0.290384126984127,0.4504395604395602,0.7302332112332113,0.792147672552167,0.7468452380952382,,0.0687058988321397,2,1,26,1,1674.0,1.0,382.15384615384613,382.15384615384613,29.47692307692307,29.47692307692307,7.899230769230769,7.899230769230769,0.1715384615384615,0.1715384615384615,1.780769230769231,1.780769230769231,387.0,387.0,23.89230769230769,23.89230769230769,0.1553846153846154,0.1553846153846154,0.5392307692307692,0.5392307692307692,6.515384615384617,6.515384615384617,4.764615384615386,4.764615384615386,5.715384615384614,5.715384615384614,,,,,200.0,13.0,53.0,53.0,0.0,0.0,2.0,2.0,0.0,0.0,0.0,0.0,0.0,0.0,0.0,sunflower,Казачий увал,Подсолнечник,3.2877551020408164,v17_physical_t_ha,True,1.0,104.0,4.0,0.2082111436950146,7.0,1.95,10.4,47.84,0.0,0.0,0.0,3.2877551020408164,3.2877550999999996,3.2877550999999996,3.2877551020408164,physical_t_ha,False
207,2024,40.0,44.0,110.91,6.875,3.55,244.935,425.663535,5.4125,412.5,55.0,0.4803454545454544,0.818,0.123,0.2590055259629393,0.2175,0.7404999999999999,0.0073046569815369,0.711,26.418999999999993,195.0,0.695,26.0,6,1,44__40,14.626229508196722,33.2,533.5,2572.9399999999996,3.5,1.3404918032786888,22,453.21,80.29000000000002,1108.3000000000002,8,69,11,4,66.4,540.35,77.63,107.9,13.703225806451613,27.5,614.96,111.59,2.41,196.3,18.773333333333333,33.2,724.09,133.66,3.5,7,162.89999999999998,20.438709677419357,30.5,693.54,130.33,2.61,1,0.0619026391945397,0.1842633626177743,-0.0620605805652681,0.1795891711229946,0.1705449006678234,17,2024-05-06,2024-09-29,1,87.0,127.0,5.0,1126.9000000000003,448.0,359.86999999999995,88.13000000000005,1954.42,3.5,21.0,8.0,44.0,11.0,44.0,0.5444512987012987,0.8105714285714286,0.7208571428571428,69.0,0.3509142857142857,0.6242857142857143,0.7889642857142857,0.7755714285714286,,,851.2000000000002,0.2950348913759052,0.5185045438022536,0.7619469808541972,0.8006190476190476,0.7512223214285716,,0.0719098846537077,3,1,4,1,1674.0,1.0,447.0,447.0,44.3,44.3,7.3975,7.3975,0.1425,0.1425,1.835,1.835,379.5,379.5,24.925,24.925,0.1725,0.1725,0.5325,0.5325,6.475,6.475,5.550000000000001,5.550000000000001,5.275,5.275,,,,,201.0,12.0,63.0,63.0,0.0,0.0,2.0,2.0,0.0,0.0,0.0,0.0,0.0,0.0,0.0,sunflower,Александров ключ,Подсолнечник,3.107023712920386,v17_physical_t_ha,True,1.0,102.0,4.0,0.4636363636363636,7.0,1.7895454545454546,10.2,46.92,0.0,0.0,0.0,3.107023712920386,3.1327273,3.1327273,3.107023712920386,physical_t_ha,False
208,2024,40.0,43.0,130.0,6.8,3.916,202.758,706.31834,5.7,504.0,56.0,0.5170357142857143,0.765,0.17,0.1943622321746649,0.331,0.6890000000000001,0.0056825839866038,0.682,28.954,197.0,0.595,31.0,3,1,43__40,14.022131147540984,31.1,482.69999999999993,2606.9199999999996,3.05,1.2822131147540985,16,456.36,26.33999999999992,1039.3,5,71,6,3,79.8,546.82,77.95,83.1,12.948387096774193,26.3,627.31,112.97,2.29,120.1,18.066666666666663,31.1,733.29,134.72,3.05,5,199.7,19.706451612903223,29.4,699.5,130.72,2.62,0,0.0647316343673709,0.1394251443001442,0.0048096153846154,0.0443522472625413,0.0741804878504614,17,2024-05-06,2024-09-26,1,87.0,127.0,5.0,1065.4999999999998,390.1,362.64,27.45999999999998,1976.32,3.05,16.0,5.0,47.0,6.0,46.0,0.5721739130434782,0.7592857142857142,0.6894285714285715,69.0,0.5334857142857142,0.5924285714285713,0.7070000000000001,0.7462142857142857,,,800.3999999999999,0.4882857142857142,0.5833864337101746,0.6966417338443242,0.7592556390977443,0.6943669803250642,,0.0597480891376897,1,1,4,1,1674.0,1.0,593.25,593.25,27.725,27.725,20.45,20.45,0.2725,0.2725,5.5,5.5,397.5,397.5,16.325000000000003,16.325000000000003,0.07,0.07,2.62,2.62,5.325,5.325,12.1,12.1,6.025,6.025,,,,,164.0,49.0,,,0.0,0.0,2.0,2.0,0.0,0.0,0.0,0.0,0.0,0.0,0.0,sunflower,Карелкино,Подсолнечник,2.3606153846153846,v17_physical_t_ha,True,1.0,159.69230769230768,4.0,0.0,7.0,1.4615384615384617,15.969230769230768,73.45846153846153,0.0,0.0,0.0,2.3606153846153846,2.3606154,2.3606154,2.3606153846153846,physical_t_ha,False
209,2024,44.0,44.0,301.65,7.042857142857143,3.5357142857142856,171.9557142857143,277.5815457142857,7.35,437.1428571428572,56.0,0.6001785714285715,0.792,0.246,0.1721257956868067,0.4375,0.77175,0.000510373748405,0.352,33.61,163.0,0.546,36.0,3,1,44__44,14.9672131147541,32.5,409.30000000000007,2595.14,3.24,1.35,24,466.73,-57.42999999999995,1142.4,8,72,6,4,62.8,544.65,80.48,81.3,14.029032258064516,27.2,622.74,116.16,2.41,110.9,19.01,32.5,730.26,136.94,3.24,7,154.3,20.625806451612902,30.5,697.49,133.15,2.62,1,0.1989366188305159,0.5129019638347764,-0.257649533146592,-0.2456882098293862,-0.1772257790239549,17,2023-09-01,2024-07-30,1,335.0,244.0,5.0,1573.1,949.7,675.69,274.01,4202.41,3.24,25.0,8.0,201.0,12.0,79.0,0.5671211573236891,0.7898571428571428,0.3582857142857142,289.0,0.4497857142857143,0.5927142857142857,0.4811052631578947,0.4459172932330827,0.4406780952380952,0.4344780952380952,854.7999999999996,0.4282560646900271,0.5212355838887279,0.7628928571428572,0.7887820197044335,0.7663393357342937,0.6399775844764135,0.0533069253296768,3,1,13,1,1674.0,1.0,422.15384615384613,422.15384615384613,16.492307692307694,16.492307692307694,5.675384615384615,5.675384615384615,0.1661538461538461,0.1661538461538461,1.709230769230769,1.709230769230769,436.53846153846155,436.53846153846155,18.653846153846153,18.653846153846153,0.1299999999999999,0.1299999999999999,0.6561538461538462,0.6561538461538462,6.184615384615385,6.184615384615385,8.205384615384615,8.205384615384615,5.653846153846154,5.653846153846154,,,,,211.0,2.0,92.0,92.0,0.0,0.0,2.0,2.0,0.0,0.0,0.0,0.0,0.0,0.0,0.0,wheat_winter,Козлов Увал левый,Пшеница озимая,4.5289739764627885,v17_physical_t_ha,True,5.0,400.3674179952355,6.0,289.3457943925234,7.0,0.9876168224299064,110.52436137071652,47.84,0.0,7.930181418361737,0.0,4.5289739764627885,6.3839486,6.3839486,4.5289739764627885,physical_t_ha,True
210,2024,44.0,24.0,247.0,7.2125,3.72,230.06625,480.10587375,9.455,423.75,60.0,0.6008666666666668,0.806,0.274,0.1709949771841916,0.4365,0.77725,-0.0002039435015239,0.369,36.05200000000001,173.0,0.532,35.0,3,2,24__44,14.9672131147541,32.5,409.30000000000007,2595.14,3.24,1.35,24,466.73,-57.42999999999995,1142.4,8,72,6,4,62.8,544.65,80.48,81.3,14.029032258064516,27.2,622.74,116.16,2.41,110.9,19.01,32.5,730.26,136.94,3.24,7,154.3,20.625806451612902,30.5,697.49,133.15,2.62,1,0.1665882529581077,0.4585483089826839,-0.2577167833800187,-0.2577167833800187,-0.2030053566939596,17,2023-08-29,2024-07-27,1,338.0,241.0,5.0,1614.6999999999998,955.0,686.62,268.38,4254.4400000000005,3.24,26.0,8.0,203.0,12.0,85.0,0.6031478991596638,0.7952857142857145,0.3772857142857143,297.0,0.5851428571428572,0.6937428571428572,0.6401428571428571,0.5909761904761904,0.5245704761904761,0.5148276190476191,959.2999999999996,0.4866938775510204,0.4058035714285713,0.731651760981401,0.785743563856638,0.7924485714285714,0.6465706959706958,0.0457861901237179,4,1,6,1,1674.0,1.0,420.0,420.0,21.91166666666666,21.91166666666666,12.033333333333331,12.033333333333331,0.285,0.285,1.4533333333333334,1.4533333333333334,393.1666666666667,393.1666666666667,8.85,8.85,0.1016666666666666,0.1016666666666666,0.5800000000000001,0.5800000000000001,5.791666666666667,5.791666666666667,7.993333333333332,7.993333333333332,5.086666666666667,5.086666666666667,,,,,208.0,5.0,97.0,97.0,0.0,0.0,2.0,2.0,0.0,0.0,0.0,0.0,0.0,0.0,0.0,wheat_winter,Козлов увал правый,Пшеница озимая,5.519493927125506,v17_physical_t_ha,True,5.0,387.0081797901347,6.0,263.1578947368421,12.0,3.353425101214575,108.2554738494588,43.93469387755102,0.0,8.137651821862347,0.0,5.519493927125506,5.5194939,5.5194939,5.519493927125506,physical_t_ha,False
212,2024,40.0,43.0,136.0,7.140000000000001,3.766,232.258,464.594502,5.536,432.0,55.0,0.4978545454545454,0.776,0.162,0.2204955095961505,0.283,0.7035,0.0065482070842269,0.669,27.382,195.0,0.614,28.0,3,1,43__40,14.022131147540984,31.1,482.69999999999993,2606.9199999999996,3.05,1.2822131147540985,16,456.36,26.33999999999992,1039.3,5,71,6,3,79.8,546.82,77.95,83.1,12.948387096774193,26.3,627.31,112.97,2.29,120.1,18.066666666666663,31.1,733.29,134.72,3.05,5,199.7,19.706451612903223,29.4,699.5,130.72,2.62,0,0.0814581392926623,0.1491002304884658,-0.0180929487179487,0.0681829725829725,0.1204403647545848,17,2024-05-07,2024-09-27,1,86.0,128.0,5.0,1061.3,387.49999999999994,359.46,28.039999999999964,1954.18,3.05,16.0,5.0,47.0,6.0,44.0,0.5598441558441558,0.7725714285714285,0.6891428571428572,68.0,0.4891428571428571,0.6594285714285714,0.7436964285714286,0.75675,,,796.1999999999999,0.4148123100303951,0.6080226104830423,0.7349308841020219,0.7715345104333867,0.707171206225681,,0.0646525243034223,1,1,5,1,1674.0,1.0,624.0,624.0,71.34,71.34,14.2,14.2,0.244,0.244,3.566,3.566,515.8,515.8,56.8,56.8,0.034,0.034,1.672,1.672,5.9,5.9,9.292,9.292,6.06,6.06,,,,,163.0,50.0,16.0,16.0,0.0,0.0,1.0,1.0,0.0,1.0,0.0,0.0,0.0,0.0,0.0,sunflower,Костенькина стрелка,Подсолнечник,1.9008823529411762,v17_physical_t_ha,True,1.0,140.0,4.0,0.0,7.0,0.0,14.0,64.4,0.0,0.0,0.0,1.9008823529411762,1.9008824,1.9008824,1.9008823529411762,physical_t_ha,False
215,2024,44.0,3.0,79.0,6.666666666666667,3.776666666666667,192.12,392.99891,12.116666666666667,430.0,50.0,0.57068,0.747,0.228,0.1544699893183138,0.4895,0.7195,0.0017023444969217,0.402,28.534,172.0,0.519,36.0,3,2,3__44,14.549180327868852,34.0,566.6000000000001,2559.7499999999995,3.82,1.3684426229508198,25,448.45,118.15000000000016,1103.8,9,69,11,4,70.4,539.09,77.18,114.9,13.625806451612904,27.8,611.66,109.87,2.51,179.7,18.716666666666665,34.0,720.31,132.49,3.82,7,201.6,20.42258064516129,30.6,688.69,128.91,2.77,2,0.1147903933370578,0.3839441716269841,-0.1523019374416434,-0.1309358246328834,-0.0957443272705352,17,2023-09-04,2024-07-31,1,332.0,247.0,5.0,1471.3000000000004,1223.1,626.46,596.6400000000001,4083.06,3.82,25.0,9.0,190.0,12.0,65.0,0.5511296703296703,0.7415714285714285,0.4415714285714285,289.0,0.4767142857142857,0.5168571428571429,0.4089446738232865,0.4060710156895127,0.403197357555739,0.3974500412881915,802.9999999999999,0.4825918367346938,0.5732259641499186,0.7279901477832512,0.7415382916053019,0.6588717277486911,0.5594685099846389,0.0417432246210381,3,1,3,1,1674.0,1.0,330.6666666666667,330.6666666666667,17.5,17.5,12.303333333333333,12.303333333333333,0.35,0.35,5.23,5.23,453.0,453.0,21.366666666666664,21.366666666666664,0.0933333333333333,0.0933333333333333,0.9633333333333334,0.9633333333333334,5.633333333333333,5.633333333333333,3.9,3.9,5.433333333333334,5.433333333333334,,,,,199.0,14.0,85.0,85.0,0.0,0.0,2.0,2.0,0.0,0.0,1.0,1.0,0.0,0.0,0.0,wheat_winter,Лоскутиха,Пшеница озимая,4.476708860759494,v17_physical_t_ha,True,5.0,319.0506329113924,6.0,250.126582278481,8.0,2.988177215189874,87.44683544303798,39.1,0.0,6.075949367088608,0.0,4.476708860759494,4.4767089,4.4767089,4.476708860759494,physical_t_ha,False
216,2024,44.0,3.0,37.0,6.4,3.71,242.68,688.96085,7.64,540.0,50.0,0.5983200000000001,0.781,0.218,0.1784221331561754,0.4885,0.75475,0.0027610490742491,0.468,29.916000000000004,165.0,0.5630000000000001,36.0,3,2,3__44,14.549180327868852,34.0,566.6000000000001,2559.7499999999995,3.82,1.3684426229508198,25,447.6,119.00000000000016,1103.8,9,69,11,4,70.4,539.09,77.0,114.9,13.625806451612904,27.8,611.66,109.69,2.51,179.7,18.716666666666665,34.0,720.31,132.26,3.82,7,201.6,20.42258064516129,30.6,688.69,128.65,2.77,2,0.092180822068669,0.3210906452922077,-0.1655378968253967,-0.1655378968253967,-0.0894719868281908,17,2023-09-05,2024-07-31,1,331.0,248.0,5.0,1458.8000000000002,1221.9,621.79,600.1100000000001,4068.4299999999994,3.82,25.0,9.0,190.0,12.0,66.0,0.5719155844155844,0.7781428571428571,0.4891428571428571,282.0,0.4765357142857142,0.4624285714285714,0.3914145334434352,0.3884417836498762,0.3854690338563171,0.379523534269199,712.0999999999998,0.476388349514563,0.5641808799565453,0.7565057471264368,0.7706895043731777,0.7263844427823486,0.6012826420890933,0.0417023096663815,1,1,2,1,1674.0,1.0,591.0,591.0,37.599999999999994,37.599999999999994,1.815,1.815,0.175,0.175,5.085,5.085,426.5,426.5,21.950000000000003,21.950000000000003,0.145,0.145,0.94,0.94,5.35,5.35,6.195,6.195,5.65,5.65,,,,,310.0,268.0,22.0,22.0,0.0,0.0,2.0,2.0,0.0,0.0,0.0,0.0,0.0,0.0,0.0,wheat_winter,Никитушкин,Пшеница озимая,5.342162162162162,v17_physical_t_ha,True,5.0,331.48648648648646,6.0,265.4054054054054,8.0,2.9777027027027025,91.92,38.64,0.0,6.486486486486487,0.0,5.342162162162162,5.3421622,5.3421622,5.342162162162162,physical_t_ha,False
217,2024,40.0,3.0,408.0,6.94,3.484666666666667,201.10266666666664,313.7409,4.662000000000001,472.0,59.0,0.4726779661016949,0.796,0.163,0.2300032748976846,0.2725,0.719,0.0068639090900806,0.687,27.888,200.0,0.633,26.0,3,2,3__40,14.022131147540984,31.1,482.69999999999993,2606.9199999999996,3.05,1.2822131147540985,16,456.36,26.33999999999992,1039.3,5,71,6,3,79.8,546.82,77.95,83.1,12.948387096774193,26.3,627.31,112.97,2.29,120.1,18.066666666666663,31.1,733.29,134.72,3.05,5,199.7,19.706451612903223,29.4,699.5,130.72,2.62,0,0.0565751808210524,0.1717066844919786,-0.0712092577561327,0.0852270350564468,0.1278941690859522,17,2024-05-10,2024-09-28,1,83.0,131.0,5.0,1036.8999999999996,387.2999999999999,346.65999999999997,40.639999999999986,1880.0599999999995,3.05,16.0,5.0,44.0,6.0,45.0,0.5453047619047618,0.7927142857142856,0.700857142857143,64.0,0.3852857142857143,0.6587142857142857,0.7703809523809524,0.7454285714285714,,,754.6999999999997,0.3239686147186147,0.5670728862973764,0.7535681247522136,0.7846190476190475,0.7076042245692051,,0.0712936186620397,1,1,14,1,1674.0,1.0,435.8571428571428,435.8571428571428,43.11428571428571,43.11428571428571,6.672142857142857,6.672142857142857,0.1442857142857143,0.1442857142857143,2.87,2.87,429.1428571428572,429.1428571428572,33.885714285714286,33.885714285714286,0.0978571428571428,0.0978571428571428,1.7071428571428569,1.7071428571428569,6.021428571428572,6.021428571428572,9.128571428571428,9.128571428571428,5.757142857142858,5.757142857142858,,,,,164.0,49.0,16.0,16.0,0.0,0.0,2.0,2.0,0.0,0.0,0.0,0.0,0.0,0.0,0.0,sunflower,Овчинников увал,Подсолнечник,2.9758823529411766,v17_physical_t_ha,True,2.0,109.0,4.0,0.0,7.0,0.7235294117647059,10.9,50.14,0.0,0.0,0.0,2.9758823529411766,2.9758824,2.9758824,2.9758823529411766,physical_t_ha,False
218,2024,43.0,3.0,39.0,7.2,3.87,198.74,289.9543,4.86,390.0,54.0,0.5576851851851852,0.787,0.193,0.2121925945642983,0.3885,0.74975,0.0059483947056836,0.708,30.115,197.0,0.5940000000000001,30.0,3,2,3__43,14.022131147540984,31.1,482.69999999999993,2606.9199999999996,3.05,1.2822131147540985,16,456.36,26.33999999999992,1039.3,5,71,6,3,79.8,546.82,77.95,83.1,12.948387096774193,26.3,627.31,112.97,2.29,120.1,18.066666666666663,31.1,733.29,134.72,3.05,5,199.7,19.706451612903223,29.4,699.5,130.72,2.62,0,0.119827531269048,0.236953373015873,-0.0983877254689755,0.1199540807231982,0.1445532567979661,17,2024-05-21,2024-09-04,1,72.0,142.0,5.0,927.4,361.3,302.0,59.30000000000001,1649.0500000000002,3.05,13.0,5.0,36.0,6.0,35.0,0.6692367346938775,0.7788571428571428,0.7165714285714285,54.0,0.7187142857142856,0.7721428571428571,0.7656428571428572,,,,662.3,0.5681209654785293,0.7527065637065637,0.7752423469387755,0.7557999999999999,,,0.05747101290746,1,1,1,1,1674.0,1.0,465.0,465.0,46.0,46.0,5.52,5.52,0.21,0.21,7.24,7.24,522.0,522.0,52.5,52.5,0.19,0.19,2.36,2.36,5.5,5.5,7.14,7.14,6.6,6.6,,,,,165.0,48.0,14.0,14.0,0.0,0.0,,,0.0,0.0,0.0,0.0,0.0,0.0,0.0,wheat_spring,Палатьи,Пшеница яровая,4.027153846153846,v17_physical_t_ha,True,1.0,102.56410256410255,3.0,0.0,5.0,1.3153846153846154,34.871794871794876,0.0,0.0,3.0769230769230775,0.0,4.027153846153846,4.0271538,4.0271538,4.027153846153846,physical_t_ha,False
219,2024,43.0,40.0,210.0,6.8,3.69625,212.37625,656.214605,8.491249999999999,446.25,55.0,0.4950545454545455,0.772,0.185,0.244220348953512,0.251,0.7555000000000001,0.0066983153488906,0.596,27.228000000000005,196.0,0.587,29.0,1,2,40__43,14.9672131147541,32.5,409.30000000000007,2595.14,3.24,1.35,24,466.73,-57.42999999999995,1142.4,8,72,6,4,62.8,544.65,80.48,81.3,14.029032258064516,27.2,622.74,116.16,2.41,110.9,19.01,32.5,730.26,136.94,3.24,7,154.3,20.625806451612902,30.5,697.49,133.15,2.62,1,0.0779192760514645,0.2274659383100559,-0.0590329613095237,-0.005990592903828,0.08790894505957,17,2024-05-19,2024-09-08,1,74.0,140.0,5.0,1021.3000000000004,318.90000000000003,315.21,3.6900000000000546,1675.0499999999995,3.24,19.0,8.0,38.0,6.0,36.0,0.626468253968254,0.7691428571428572,0.6194285714285714,54.0,0.695,0.7678571428571428,0.7482857142857142,,,,706.7000000000003,0.4727395529640427,0.7522279715035619,0.7679150183150183,0.7502285714285715,0.6350929839391382,,0.0766051723403348,1,1,9,1,1674.0,1.0,339.3333333333333,339.3333333333333,32.71111111111111,32.71111111111111,9.583333333333334,9.583333333333334,0.1633333333333333,0.1633333333333333,1.9911111111111113,1.9911111111111113,406.22222222222223,406.22222222222223,19.322222222222223,19.322222222222223,0.1177777777777777,0.1177777777777777,0.8244444444444443,0.8244444444444443,6.177777777777777,6.177777777777777,7.362222222222223,7.362222222222223,5.766666666666667,5.766666666666667,,,,,165.0,48.0,17.0,17.0,0.0,0.0,,,0.0,0.0,0.0,0.0,0.0,0.0,0.0,wheat_spring,Подхозный увал 1,Пшеница яровая,3.6718380952380953,v17_physical_t_ha,True,0.0,0.0,3.0,0.0,5.0,0.7185714285714285,,,,,,3.6718380952380953,3.6718381,3.6718381,3.6718380952380953,physical_t_ha,False
220,2024,43.0,3.0,25.0,7.3,3.74,197.06,380.11444,6.0,420.0,53.0,0.553811320754717,0.8,0.168,0.2188500871065796,0.362,0.763,0.0061186095245866,0.663,29.352,195.0,0.632,31.0,3,2,3__43,14.022131147540984,31.1,482.69999999999993,2606.9199999999996,3.05,1.2822131147540985,16,456.36,26.33999999999992,1039.3,5,71,6,3,79.8,546.82,77.95,83.1,12.948387096774193,26.3,627.31,112.97,2.29,120.1,18.066666666666663,31.1,733.29,134.72,3.05,5,199.7,19.706451612903223,29.4,699.5,130.72,2.62,0,0.0671624801514877,0.1586056547619048,-0.1211915369352868,0.0394359710550887,0.1021039654327154,17,2024-05-22,2024-09-04,1,71.0,143.0,5.0,918.1,359.59999999999997,298.15,61.44999999999999,1626.7800000000002,3.05,13.0,5.0,36.0,6.0,33.0,0.6909393939393939,0.7937142857142858,0.6711428571428572,53.0,0.741,0.7772142857142857,0.77025,,,,653.0,0.5688502693665242,0.7643289575289576,0.7844189044038669,0.7548571428571427,,,0.0514411619227483,1,1,1,1,1674.0,1.0,453.0,453.0,38.9,38.9,6.07,6.07,0.2,0.2,6.55,6.55,430.0,430.0,41.3,41.3,0.17,0.17,1.7,1.7,5.4,5.4,6.75,6.75,5.9,5.9,,,,,165.0,48.0,14.0,14.0,0.0,0.0,,,0.0,0.0,0.0,0.0,0.0,0.0,0.0,wheat_spring,Сапог,Пшеница яровая,3.12756,v17_physical_t_ha,True,1.0,80.0,3.0,0.0,5.0,1.3160000000000005,27.2,0.0,0.0,2.4,0.0,3.12756,3.12756,3.12756,3.12756,physical_t_ha,False
222,2024,43.0,3.0,62.0,6.9,3.725,206.315,278.80506,4.845,420.0,55.0,0.5368,0.822,0.116,0.2271239469380701,0.384,0.769,0.0065698484413484,0.641,29.524,200.0,0.706,27.0,3,2,3__43,14.022131147540984,31.1,482.69999999999993,2606.9199999999996,3.05,1.2822131147540985,16,456.36,26.33999999999992,1039.3,5,71,6,3,79.8,546.82,77.95,83.1,12.948387096774193,26.3,627.31,112.97,2.29,120.1,18.066666666666663,31.1,733.29,134.72,3.05,5,199.7,19.706451612903223,29.4,699.5,130.72,2.62,0,0.1146274931724125,0.2269209483225107,-0.0775350649350649,0.1151881652661064,0.1703599297761062,17,2024-05-20,2024-09-03,1,73.0,141.0,5.0,937.5,373.4,303.95,69.44999999999999,1660.4,3.05,13.0,5.0,36.0,6.0,34.0,0.6701134453781512,0.8168571428571427,0.6842857142857143,54.0,0.721,0.795,0.7903571428571428,,,,655.3,0.5626300870053326,0.7737829751369576,0.8009723032069971,0.773823675240161,,,0.0659582593848987,1,1,2,1,1674.0,1.0,337.0,337.0,27.25,27.25,3.385,3.385,0.19,0.19,3.77,3.77,449.0,449.0,23.15,23.15,0.08,0.08,1.795,1.795,5.45,5.45,9.465,9.465,5.6,5.6,,,,,165.0,48.0,15.0,15.0,0.0,0.0,,,0.0,0.0,0.0,0.0,0.0,0.0,0.0,wheat_spring,Соколки 1,Пшеница яровая,3.6562580645161287,v17_physical_t_ha,True,1.0,96.7741935483871,3.0,0.0,5.0,1.3080645161290323,32.903225806451616,0.0,0.0,2.9032258064516134,0.0,3.6562580645161287,3.6562581,3.6562581,3.6562580645161287,physical_t_ha,False
223,2024,43.0,3.0,70.0,6.433333333333334,3.6633333333333336,175.33333333333334,560.82853,6.72,430.0,57.0,0.5046842105263157,0.775,0.148,0.2238026353179379,0.348,0.742,0.006457457175736,0.601,28.766999999999996,195.0,0.627,29.0,3,2,3__43,14.022131147540984,31.1,482.69999999999993,2606.9199999999996,3.05,1.2822131147540985,16,456.36,26.33999999999992,1039.3,5,71,6,3,79.8,546.82,77.95,83.1,12.948387096774193,26.3,627.31,112.97,2.29,120.1,18.066666666666663,31.1,733.29,134.72,3.05,5,199.7,19.706451612903223,29.4,699.5,130.72,2.62,0,0.0735413022373139,0.1784556701468467,-0.0454250078046952,0.0707209489856548,0.114022859581624,17,2024-05-19,2024-08-30,1,74.0,140.0,5.0,951.2999999999998,373.4,309.0,64.39999999999998,1682.04,3.05,13.0,5.0,37.0,6.0,36.0,0.6366785714285713,0.7677142857142858,0.6422857142857142,55.0,0.6892857142857143,0.7580714285714286,0.7471428571428571,,,,669.0999999999999,0.5222697859631658,0.7547100716392751,0.7591567055393587,0.738240885768296,,,0.0621840810549727,1,1,0,0,,,,,,,,,,,,,,,,,,,,,,,,,,,,,,,165.0,48.0,14.0,14.0,0.0,0.0,,,0.0,0.0,0.0,0.0,0.0,0.0,0.0,wheat_spring,Соколки 2,Пшеница яровая,3.350857142857143,v17_physical_t_ha,True,1.0,66.66666666666667,3.0,0.0,5.0,1.3271428571428572,22.66666666666667,0.0,0.0,2.0,0.0,3.350857142857143,3.3508571000000003,3.3508571000000003,3.350857142857143,physical_t_ha,False
224,2024,44.0,3.0,104.0,6.5,3.808,191.728,598.903534,18.618,516.0,52.0,0.5909423076923076,0.803,0.21,0.1764846270774725,0.48975,0.76125,0.0019344870423907,0.415,30.728999999999996,161.0,0.5930000000000001,35.0,3,2,3__44,14.549180327868852,34.0,566.6000000000001,2559.7499999999995,3.82,1.3684426229508198,25,447.6,119.00000000000016,1103.8,9,69,11,4,70.4,539.09,77.0,114.9,13.625806451612904,27.8,611.66,109.69,2.51,179.7,18.716666666666665,34.0,720.31,132.26,3.82,7,201.6,20.42258064516129,30.6,688.69,128.65,2.77,2,0.1338814481075216,0.4161321203102453,-0.182256862745098,-0.17881454248366,-0.1149409459369412,17,2023-09-07,2024-08-01,1,329.0,250.0,5.0,1443.4,1194.3,617.7099999999999,576.59,4043.85,3.82,25.0,9.0,190.0,12.0,68.0,0.5695588235294118,0.7901428571428571,0.4462857142857143,280.0,0.496,0.5281428571428571,0.4225689368770764,0.4189933554817275,0.4154177740863787,0.4082666112956811,696.6999999999998,0.5180781954887218,0.6097189314750291,0.7773579638752054,0.7743222789115646,0.6863402433528615,0.526463889182616,0.0530581693755346,3,1,4,1,1674.0,1.0,474.25,474.25,27.125,27.125,5.6175,5.6175,0.2075,0.2075,3.6175,3.6175,447.0,447.0,19.7,19.7,0.1575,0.1575,0.8775000000000001,0.8775000000000001,5.625,5.625,9.2325,9.2325,5.9750000000000005,5.9750000000000005,,,,,199.0,14.0,83.0,83.0,0.0,0.0,2.0,2.0,0.0,0.0,2.0,4.0,0.0,0.0,0.0,wheat_winter,Холодный ключ,Пшеница озимая,5.0582692307692305,v17_physical_t_ha,True,5.0,324.7307692307692,6.0,291.44230769230774,8.0,2.9817307692307686,89.44461538461539,39.1,0.0,6.346153846153847,0.0,5.0582692307692305,5.0582692,5.0582692,5.0582692307692305,physical_t_ha,False
226,2024,44.0,3.0,40.0,7.2,3.79,218.81,806.48818,8.56,420.0,52.0,0.576,0.789,0.238,0.162298158670061,0.483,0.73875,0.0019140226475099,0.45,29.952,162.0,0.551,35.0,3,2,3__44,14.626229508196722,33.2,533.5,2572.9399999999996,3.5,1.3404918032786888,22,453.21,80.29000000000002,1108.3000000000002,8,69,11,4,66.4,540.35,77.63,107.9,13.703225806451613,27.5,614.96,111.59,2.41,196.3,18.773333333333333,33.2,724.09,133.66,3.5,7,162.89999999999998,20.438709677419357,30.5,693.54,130.33,2.61,1,0.1100526835201606,0.3249354392135642,-0.1419643790849672,-0.1419643790849672,-0.1097080664951564,17,2023-09-10,2024-08-02,1,326.0,253.0,5.0,1436.5000000000002,1103.5,626.22,477.28,4020.64,3.5,22.0,8.0,191.0,12.0,69.0,0.5404513457556936,0.771,0.4621428571428572,277.0,0.4485714285714285,0.4388571428571429,0.3774916943521594,0.3752491694352159,0.3730066445182724,0.3685215946843854,688.5000000000001,0.4712366071428571,0.6000698611733094,0.7642576354679803,0.7452070844686649,0.6466938775510205,0.5314453292132161,0.0498608534322819,0,0,1,1,1674.0,1.0,443.0,443.0,29.4,29.4,1.03,1.03,0.14,0.14,1.3,1.3,388.0,388.0,18.0,18.0,0.12,0.12,0.3,0.3,6.8,6.8,5.78,5.78,5.7,5.7,,,,,,,,,,,,,,,,,,,,wheat_winter,Штаны,Пшеница озимая,4.9315,v17_physical_t_ha,True,5.0,353.75,6.0,317.5,8.0,3.0,93.25,50.6,0.0,6.375,0.0,4.9315,4.9315,4.9315,4.9315,physical_t_ha,False
227,2024,3.0,40.0,346.0,6.953846153846154,3.8015384615384615,195.0484615384616,763.0697146153847,10.056153846153848,475.38461538461536,57.0,0.5265087719298246,0.754,0.171,0.2279088093112018,0.262,0.735,0.0059019477198124,0.519,30.011,168.0,0.583,37.0,1,2,40__3,14.626229508196722,33.2,533.5,2572.9399999999996,3.5,1.3404918032786888,22,453.21,80.29000000000002,1108.3000000000002,8,69,11,4,66.4,540.35,77.63,107.9,13.703225806451613,27.5,614.96,111.59,2.41,196.3,18.773333333333333,33.2,724.09,133.66,3.5,7,162.89999999999998,20.438709677419357,30.5,693.54,130.33,2.61,1,0.0958819405133831,0.268599536737772,-0.0469131652661063,-0.0380905695611577,0.046667216545029,17,2024-05-10,2024-08-16,1,83.0,131.0,5.0,1097.0000000000002,444.9,344.30999999999995,100.59000000000005,1858.74,3.5,20.0,8.0,41.0,11.0,43.0,0.6249900332225914,0.748,0.5401428571428571,40.0,0.6668571428571429,0.74,0.7356190476190476,0.6405714285714286,,,426.9,0.5323958060288334,0.7439081632653061,0.7365801749271137,0.7304444444444445,0.6045650080256825,,0.1206878690562519,1,1,14,1,1674.0,1.0,441.57142857142856,441.57142857142856,26.40357142857143,26.40357142857143,9.212142857142856,9.212142857142856,0.2999999999999999,0.2999999999999999,1.2228571428571426,1.2228571428571426,364.2142857142857,364.2142857142857,8.708571428571428,8.708571428571428,0.1121428571428571,0.1121428571428571,0.5778571428571428,0.5778571428571428,5.786428571428572,5.786428571428572,13.137142857142855,13.137142857142855,5.120714285714286,5.120714285714286,,,,,159.0,54.0,21.0,21.0,0.0,0.0,2.0,2.0,0.0,0.0,0.0,0.0,0.0,0.0,0.0,barley_spring,Большая Семёниха СК,Ячмень яровой,3.007739884393064,v17_physical_t_ha,True,1.0,0.0,2.0,0.0,5.0,3.0342485549132947,0.0,0.0,0.0,0.0,0.0,3.007739884393064,3.0077399,3.0077399,3.007739884393064,physical_t_ha,False
228,2024,40.0,44.0,59.0,6.699999999999999,3.515,179.82,438.82045,7.755,420.0,52.0,0.4954999999999999,0.769,0.192,0.2027732249810876,0.34725,0.6975,0.0058915868092212,0.724,25.766,192.0,0.577,23.0,7,1,44__40,14.549180327868852,34.0,566.6000000000001,2559.7499999999995,3.82,1.3684426229508198,25,447.6,119.00000000000016,1103.8,9,69,11,4,70.4,539.09,77.0,114.9,13.625806451612904,27.8,611.66,109.69,2.51,179.7,18.716666666666665,34.0,720.31,132.26,3.82,7,201.6,20.42258064516129,30.6,688.69,128.65,2.77,2,0.0565464711007866,0.1636789915966385,-0.0657755005411254,0.1636789915966385,0.1469082718587031,17,2024-04-29,2024-09-20,1,94.0,120.0,5.0,1164.5,511.4,374.98,136.42000000000002,2042.75,3.82,25.0,9.0,47.0,11.0,42.0,0.552625850340136,0.7595714285714286,0.7194285714285714,75.0,0.412,0.4862857142857142,0.7055714285714286,0.7595714285714286,0.7132857142857143,,872.4999999999999,0.4068978102189781,0.4658559218559219,0.6613033707865168,0.7381006036217302,0.7286383884238898,,0.0627561519705328,2,1,2,1,1674.0,1.0,257.0,257.0,23.23,23.23,13.295,13.295,0.345,0.345,7.09,7.09,386.0,386.0,12.7,12.7,0.13,0.13,1.7999999999999998,1.7999999999999998,5.65,5.65,2.765,2.765,3.71,3.71,,,,,200.0,13.0,61.0,61.0,0.0,0.0,2.0,2.0,0.0,0.0,0.0,0.0,0.0,0.0,0.0,sunflower,Бонн 1,Подсолнечник,3.0528813559322034,v17_physical_t_ha,True,1.0,101.69491525423727,4.0,0.0,7.0,2.139576271186441,10.169491525423728,46.77966101694915,0.0,0.0,0.0,3.0528813559322034,3.0528814,3.0528814,3.0528813559322034,physical_t_ha,False
229,2024,40.0,44.0,12.0,6.4,2.36,225.3,220.85171,12.11,480.0,52.0,0.4446923076923077,0.676,0.127,0.1855686207788145,0.2995,0.62325,0.0053660774119693,0.658,23.124,197.0,0.549,24.0,7,1,44__40,14.549180327868852,34.0,566.6000000000001,2559.7499999999995,3.82,1.3684426229508198,25,447.6,119.00000000000016,1103.8,9,69,11,4,70.4,539.09,77.0,114.9,13.625806451612904,27.8,611.66,109.69,2.51,179.7,18.716666666666665,34.0,720.31,132.26,3.82,7,201.6,20.42258064516129,30.6,688.69,128.65,2.77,2,0.0458167657008984,0.1390401027077498,-0.0598569964349376,0.1390401027077498,0.0915358695372088,17,2024-04-29,2024-09-20,1,94.0,120.0,5.0,1164.5,511.4,374.98,136.42000000000002,2042.75,3.82,25.0,9.0,47.0,11.0,42.0,0.5012993197278911,0.6564285714285714,0.6564285714285714,93.0,0.4038571428571428,0.4652857142857143,0.6147142857142857,0.6364285714285715,0.6438095238095237,,1164.5,0.3790807453416149,0.4510500610500611,0.5995160513643659,0.6267454728370222,0.6373342857142859,,0.0375765009518698,1,1,1,1,1674.0,1.0,296.0,296.0,23.9,23.9,19.46,19.46,0.41,0.41,3.21,3.21,284.0,284.0,13.0,13.0,0.13,0.13,2.17,2.17,6.68,6.68,5.3,5.3,3.12,3.12,,,,,162.0,51.0,,,0.0,0.0,2.0,2.0,0.0,0.0,0.0,0.0,0.0,0.0,0.0,sunflower,Бонн 2,Подсолнечник,3.2544166666666663,v17_physical_t_ha,True,1.0,100.0,4.0,0.0,7.0,2.235,10.0,46.0,0.0,0.0,0.0,3.2544166666666663,3.2544167,3.2544167,3.2544166666666663,physical_t_ha,False
230,2024,40.0,43.0,223.0,7.1000000000000005,3.73,184.71,792.107215,3.6633333333333336,445.0,57.0,0.5184736842105263,0.797,0.181,0.2251170537830718,0.308,0.728,0.0066306718908122,0.688,29.552999999999997,194.0,0.6160000000000001,31.0,2,1,43__40,14.9672131147541,32.5,409.30000000000007,2595.14,3.24,1.35,24,466.73,-57.42999999999995,1142.4,8,72,6,4,62.8,544.65,80.48,81.3,14.029032258064516,27.2,622.74,116.16,2.41,110.9,19.01,32.5,730.26,136.94,3.24,7,154.3,20.625806451612902,30.5,697.49,133.15,2.62,1,0.0618696576731289,0.1276594949168479,-0.0429546054639804,0.0949887976402682,0.1127417794209587,17,2024-05-12,2024-09-23,1,81.0,133.0,5.0,1093.9000000000003,320.9,346.5,-25.600000000000023,1840.69,3.24,22.0,8.0,44.0,6.0,43.0,0.6032259136212624,0.791,0.7031428571428571,62.0,0.4892142857142857,0.7105714285714286,0.7834285714285715,0.7182857142857142,,,796.2000000000003,0.3889657142857142,0.5944567541302234,0.7572842490842491,0.7906645264847513,0.7224034536891681,,0.0643819298084852,3,1,8,1,1674.0,1.0,498.5,498.5,20.31,20.31,7.0525,7.0525,0.34875,0.34875,1.7525,1.7525,384.0,384.0,9.36625,9.36625,0.12,0.12,0.6637500000000001,0.6637500000000001,5.62125,5.62125,7.86625,7.86625,5.7075,5.7075,,,,,204.0,9.0,63.0,63.0,0.0,0.0,2.0,2.0,0.0,0.0,1.0,1.0,0.0,0.0,0.0,sunflower,Бригадная стрелка,Подсолнечник,3.2521793721973093,v17_physical_t_ha,True,1.0,180.1121076233184,4.0,0.4545454545454545,7.0,2.195403587443946,18.01121076233184,82.85156950672646,0.0,0.0,0.0,3.2521793721973093,3.2521794,3.2521794,3.2521793721973093,physical_t_ha,False
231,2024,43.0,40.0,235.0,7.2625,3.685,204.0575,646.09227125,9.26,453.75,57.0,0.5334736842105264,0.79,0.182,0.2362054640293145,0.267,0.766,0.006298594052457,0.486,30.408000000000005,178.0,0.6080000000000001,33.0,1,2,40__43,14.626229508196722,33.2,533.5,2572.9399999999996,3.5,1.3404918032786888,22,453.21,80.29000000000002,1108.3000000000002,8,69,11,4,66.4,540.35,77.63,107.9,13.703225806451613,27.5,614.96,111.59,2.41,196.3,18.773333333333333,33.2,724.09,133.66,3.5,7,162.89999999999998,20.438709677419357,30.5,693.54,130.33,2.61,1,0.090659280046566,0.1940667066593537,-0.0293031994047618,-0.0010969251336898,0.1115339811676783,17,2024-05-13,2024-09-09,1,80.0,134.0,5.0,1068.0000000000002,436.6,333.41999999999996,103.18,1799.27,3.5,19.0,8.0,39.0,11.0,42.0,0.6364149659863946,0.7877142857142857,0.5592857142857143,46.0,0.6883571428571429,0.7868571428571428,0.7807142857142857,0.6131904761904762,,,551.6,0.5030647270349787,0.7487029702970298,0.7856411149825785,0.7715521235521235,0.6130544863106534,,0.0975905200789993,2,1,9,1,1674.0,1.0,420.55555555555554,420.55555555555554,27.633333333333333,27.633333333333333,10.624444444444444,10.624444444444444,0.2788888888888888,0.2788888888888888,1.9811111111111108,1.9811111111111108,414.8888888888889,414.8888888888889,13.133333333333333,13.133333333333333,0.1144444444444444,0.1144444444444444,0.8033333333333333,0.8033333333333333,6.022222222222222,6.022222222222222,7.4,7.4,5.493333333333333,5.493333333333333,,,,,184.0,29.0,61.0,61.0,0.0,0.0,1.0,2.0,0.0,1.0,0.0,0.0,0.0,0.0,0.0,wheat_spring,Давыдкин увал левый,Пшеница яровая,3.8063829787234043,v17_physical_t_ha,True,1.0,103.28638497652582,3.0,0.0,5.0,2.206382978723404,35.11737089201878,0.0,0.0,3.0985915492957745,0.0,3.8063829787234043,3.8063830000000003,3.8063830000000003,3.8063829787234043,physical_t_ha,False
232,2024,43.0,40.0,296.0,6.609090909090909,3.7290909090909095,211.9754545454545,649.4797309090909,7.533636363636364,452.7272727272728,61.0,0.5050819672131148,0.786,0.13,0.2415434180216316,0.236,0.748,0.0064768445931596,0.484,30.81,178.0,0.656,34.0,1,2,40__43,14.626229508196722,33.2,533.5,2572.9399999999996,3.5,1.3404918032786888,22,453.21,80.29000000000002,1108.3000000000002,8,69,11,4,66.4,540.35,77.63,107.9,13.703225806451613,27.5,614.96,111.59,2.41,196.3,18.773333333333333,33.2,724.09,133.66,3.5,7,162.89999999999998,20.438709677419357,30.5,693.54,130.33,2.61,1,0.0722083287428122,0.1951702908202908,-0.0411091269841269,-0.0129456115779644,0.0821020968788756,17,2024-05-15,2024-09-13,1,78.0,136.0,5.0,1046.5000000000002,436.6,323.82,112.78000000000004,1747.84,3.5,18.0,8.0,37.0,11.0,43.0,0.6245913621262459,0.7788571428571428,0.551,43.0,0.6854761904761904,0.7741428571428571,0.7522857142857143,0.5847142857142857,,,510.7,0.4919973847662634,0.7518435870698644,0.7718894972623196,0.7513064182194618,0.5928145838980754,,0.1092910848549945,2,1,12,1,1674.0,1.0,426.8333333333333,426.8333333333333,33.0075,33.0075,10.916666666666666,10.916666666666666,0.2808333333333333,0.2808333333333333,1.5549999999999995,1.5549999999999995,375.5,375.5,11.740833333333336,11.740833333333336,0.1125,0.1125,0.6,0.6,5.8900000000000015,5.8900000000000015,7.688333333333333,7.688333333333333,4.966666666666668,4.966666666666668,,,,,184.0,29.0,57.0,57.0,0.0,0.0,2.0,2.0,0.0,0.0,0.0,0.0,0.0,0.0,0.0,wheat_spring,Давыдкин увал правый,Пшеница яровая,3.330304054054054,v17_physical_t_ha,True,1.0,101.35135135135135,3.0,0.0,5.0,2.2121621621621625,34.45945945945946,0.0,0.0,3.040540540540541,0.0,3.330304054054054,3.3303041,3.3303041,3.330304054054054,physical_t_ha,False
234,2024,40.0,44.0,35.0,6.5,3.73,181.31,492.74302,14.32,480.0,49.0,0.5852448979591837,0.752,0.194,0.1655536821023399,0.567,0.682,0.0042664217251422,0.678,28.677,195.0,0.558,37.0,6,1,44__40,14.549180327868852,34.0,566.6000000000001,2559.7499999999995,3.82,1.3684426229508198,25,447.6,119.00000000000016,1103.8,9,69,11,4,70.4,539.09,77.0,114.9,13.625806451612904,27.8,611.66,109.69,2.51,179.7,18.716666666666665,34.0,720.31,132.26,3.82,7,201.6,20.42258064516129,30.6,688.69,128.65,2.77,2,0.0740728525438681,0.2367000877594627,-0.0050851851851851,0.0836204715219421,0.0727384599396285,17,2024-05-03,2024-09-21,1,90.0,124.0,5.0,1152.9,478.1,366.84,111.26000000000003,1994.1,3.82,25.0,9.0,46.0,11.0,40.0,0.6462428571428571,0.743857142857143,0.6765714285714285,70.0,0.6071142857142857,0.6612857142857144,0.7288928571428571,0.7150357142857142,,,844.0999999999999,0.5867725524992605,0.6458583638583639,0.7058227374719521,0.7357910798122066,0.7081499162479061,,0.0438650685777832,1,1,0,0,,,,,,,,,,,,,,,,,,,,,,,,,,,,,,,200.0,13.0,63.0,63.0,0.0,0.0,2.0,2.0,0.0,0.0,0.0,0.0,0.0,0.0,0.0,sunflower,Красный яр,Подсолнечник,3.295057142857143,v17_physical_t_ha,True,1.0,109.0,4.0,0.0,7.0,1.4285714285714286,10.9,50.14,0.0,0.0,0.0,3.295057142857143,3.2950570999999997,3.2950570999999997,3.295057142857143,physical_t_ha,False
195,2025,43.0,40.0,123.0,6.9,3.6425,225.2,499.4803025,7.5175,427.5,71.0,0.4665211267605634,0.758,0.148,0.2165507362828533,0.269,0.6825000000000001,0.0059154002239509,0.517,33.123000000000005,196.0,0.61,37.0,1,2,40__43,15.583606557377047,33.2,291.8,2742.6299999999997,3.67,1.629590163934426,39,512.3499999999999,-220.5499999999999,1201.3,9,79,10,2,46.4,567.36,100.52,57.1,14.667741935483871,31.5,695.83,131.17,3.34,64.2,20.083333333333332,30.8,746.16,143.39,2.65,2,124.1,19.20967741935484,33.2,733.28,137.27,3.67,5,0.072645640346277,0.2110408967575633,-0.0339730158730159,0.0320284411576078,0.0830305612279877,18,2025-05-14,2025-09-18,1,79.0,134.0,5.0,1081.9,218.6,358.62,-140.02,1886.1800000000003,3.67,30.0,9.0,48.0,8.0,49.0,0.5736384839650146,0.7402857142857143,0.5404285714285714,57.0,0.6565714285714286,0.7164999999999999,0.7386571428571429,0.5714285714285714,,,776.3999999999997,0.4166835891381346,0.6713593073593075,0.7159874213836477,0.7392941176470589,0.6077644599303134,,0.0601849246985127,0,0,7,1,285.0,2.0,499.4803025,397.5601728571429,225.2,141.22857142857143,27.9125,22.764285714285716,0.6575000000000001,0.4971428571428571,3.235,2.99,427.5,438.1428571428572,12.75,18.485714285714288,0.0675,0.0671428571428571,2.4025000000000003,1.7642857142857145,6.8999999999999995,6.514285714285714,,7.223333333333334,3.6425,4.71,0.0475,0.0475,7.5175,7.5175,,,,,,,,,,,,,,,,wheat_spring,Коновалиха 1,Пшеница яровая,2.7195121951219514,v17_physical_t_ha,True,2.0,0.0,1.0,205.0,7.0,1.1,0.0,0.0,0.0,0.0,0.0,2.7195121951219514,2.7195122,2.7195122,2.7195121951219514,physical_t_ha,False
197,2025,43.0,40.0,343.0,6.976923076923077,3.579230769230769,216.96,502.5284007692308,4.591538461538462,454.61538461538464,73.0,0.4676301369863014,0.762,0.167,0.2234507396818475,0.224,0.694,0.0058844528937314,0.462,34.137,191.0,0.595,36.0,1,2,40__43,16.2827868852459,33.5,285.20000000000005,2760.3900000000003,3.93,1.7201639344262298,42,545.03,-259.8299999999999,1285.1,11,79,10,2,63.1,571.86,105.13,66.8,15.30967741935484,32.5,700.53,142.44,3.53,53.6,21.01,31.9,747.62,153.83,3.32,4,101.7,19.719354838709677,33.5,740.38,143.63,3.93,5,0.0500598152221918,0.1841485791985792,-0.0784116241782908,-0.0535677809844475,0.0108908057585689,18,2025-05-16,2025-08-17,1,77.0,136.0,5.0,1110.3999999999996,191.49999999999997,372.7,-181.2,1844.69,3.93,34.0,11.0,48.0,8.0,49.0,0.5877696793002916,0.748,0.4767142857142857,50.0,0.6951428571428571,0.7385714285714285,0.7362857142857143,0.4916190476190477,,,728.8999999999997,0.4114367056431114,0.6899745042492917,0.7378968253968254,0.7462379504993486,0.5892563417890517,,0.0666460968836779,20,1,39,1,285.0,2.0,502.5284007692307,422.2786976923078,216.96000000000004,91.97128205128205,15.039230769230768,10.279230769230768,0.2407692307692308,0.1946153846153846,2.1592307692307693,1.9069230769230767,454.61538461538464,409.53846153846155,12.615384615384617,20.133333333333333,0.1746153846153846,0.1617948717948718,1.8138461538461537,0.964102564102564,6.976923076923076,6.6692307692307695,,4.764615384615384,3.579230769230769,5.003333333333333,0.0738461538461538,0.0738461538461538,4.591538461538462,4.591538461538462,212.0,0.0,83.0,83.0,0.0,0.0,2.0,2.0,0.0,0.0,18.0,143.0,0.0,0.0,0.0,wheat_spring,Казачий увал,Пшеница яровая,3.779416909620991,v17_physical_t_ha,True,2.0,0.0,1.0,200.0,6.0,1.8580174927113704,0.0,0.0,0.0,0.0,0.0,3.779416909620991,3.7794168999999997,3.7794168999999997,3.779416909620991,physical_t_ha,False
207,2025,43.0,40.0,110.91,6.875,3.55,244.935,425.663535,5.4125,412.5,70.0,0.4680000000000001,0.781,0.151,0.2358685469251282,0.21025,0.7075,0.0061146520589102,0.452,32.760000000000005,191.0,0.63,37.0,1,2,40__43,15.583606557377047,33.2,291.8,2742.6299999999997,3.67,1.629590163934426,39,512.3499999999999,-220.5499999999999,1201.3,9,79,10,2,46.4,567.36,100.52,57.1,14.667741935483871,31.5,695.83,131.17,3.34,64.2,20.083333333333332,30.8,746.16,143.39,2.65,2,124.1,19.20967741935484,33.2,733.28,137.27,3.67,5,0.068329775090656,0.2430759216092549,-0.0258502725669391,-0.0258502725669391,0.0573818254682289,18,2025-05-13,2025-09-18,1,80.0,133.0,5.0,1092.4,218.6,363.09,-144.49000000000004,1910.27,3.67,30.0,9.0,49.0,8.0,50.0,0.5747942857142858,0.742,0.4915714285714285,39.0,0.6934285714285714,0.730857142857143,0.7395428571428571,0.5574285714285715,,,519.8,0.4456139315230225,0.7129268398268398,0.7319078657191865,0.738782176028306,0.5883313069908811,,0.1040924518246332,0,0,8,1,285.0,2.0,425.663535,436.3317675,244.93499999999997,144.61749999999998,17.4575,12.427499999999998,0.21,0.17625,1.82,1.8275,412.5,396.0,14.5,19.7125,0.04,0.1062499999999999,1.9075,1.2200000000000002,6.875,6.675,,5.550000000000001,3.5500000000000003,4.4125000000000005,0.105,0.105,5.4125,5.4125,,,,,,,,,,,,,,,,wheat_spring,Александров ключ,Пшеница яровая,1.3522676043638986,v17_physical_t_ha,True,2.0,0.0,1.0,200.0,6.0,1.1,0.0,0.0,0.0,0.0,0.0,1.3522676043638986,2.6312281,2.6312281,1.3522676043638986,physical_t_ha,True
208,2025,43.0,40.0,130.0,6.8,3.916,202.758,706.31834,5.7,504.0,64.0,0.512546875,0.78,0.184,0.2031348789664994,0.32275,0.71475,0.0061122541954217,0.619,32.803,191.0,0.5960000000000001,35.0,1,2,40__43,15.15655737704918,32.4,301.1,2763.99,3.72,1.5640983606557382,34,521.6600000000001,-220.5600000000001,1158.6,5,82,10,2,58.5,571.58,99.24,56.6,14.28064516129032,32.4,701.82,136.68,3.72,93.0,19.77,30.4,748.34,146.64,2.65,1,93.0,18.664516129032258,31.9,742.25,139.1,3.34,2,0.0781260307257592,0.149079330700164,0.0058466666666666,0.0261879352129351,0.0817602957035248,18,2025-05-20,2025-10-09,1,73.0,140.0,5.0,965.5,214.3,336.45000000000005,-122.15000000000003,1769.34,3.34,23.0,3.0,46.0,8.0,42.0,0.6307482993197279,0.7657142857142857,0.6295714285714286,46.0,0.6821904761904761,0.7652857142857143,0.7468571428571428,,,,611.6,0.5541006802721088,0.6870570892522111,0.7654129870129871,0.7429337662337663,,,0.0592692571807439,0,0,9,1,285.0,2.0,706.31834,656.0657444444444,202.758,124.96555555555555,22.828,21.77111111111111,0.3179999999999999,0.2977777777777778,3.5519999999999996,4.417777777777778,504.0,456.6666666666667,23.8,20.477777777777774,0.3219999999999999,0.21,3.378,3.0411111111111113,6.8,6.144444444444444,,12.1,3.915999999999999,4.8533333333333335,0.054,0.054,5.7,5.7,,,,,,,,,,,,,,,,wheat_spring,Карелкино,Пшеница яровая,3.8430769230769233,v17_physical_t_ha,True,3.0,0.0,1.0,205.0,7.0,3.0311475409836066,0.0,0.0,0.0,0.0,0.0,3.8430769230769233,3.8430769,3.8430769,3.8430769230769233,physical_t_ha,False
209,2025,40.0,44.0,301.65,7.042857142857143,3.5357142857142856,171.9557142857143,277.5815457142857,7.35,437.1428571428572,65.0,0.4600461538461537,0.759,0.148,0.2274478084355401,0.242,0.7,0.0069416767074515,0.705,29.902999999999995,196.0,0.611,30.0,4,1,44__40,16.2827868852459,33.5,285.20000000000005,2760.3900000000003,3.93,1.7201639344262298,42,545.03,-259.8299999999999,1285.1,11,79,10,2,63.1,571.86,105.13,66.8,15.30967741935484,32.5,700.53,142.44,3.53,53.6,21.01,31.9,747.62,153.83,3.32,4,101.7,19.719354838709677,33.5,740.38,143.63,3.93,5,0.0445140332790358,0.1438192751692752,-0.0280678571428571,0.070637974833808,0.0887140525369691,18,2025-05-07,2025-10-16,1,86.0,127.0,5.0,1220.3,221.69999999999996,415.32,-193.62000000000003,2052.77,3.93,38.0,11.0,54.0,8.0,49.0,0.537131195335277,0.7538571428571428,0.6981428571428571,69.0,0.4392857142857142,0.6707142857142857,0.7498285714285714,0.7244285714285714,,,967.1999999999996,0.2856358543417367,0.4793806451612903,0.6641240731586753,0.7353166023166025,0.7480248447204967,,0.0542195601644913,1,1,20,1,285.0,2.0,277.5815457142857,371.553541,171.9557142857143,70.90450000000001,13.94,8.568,0.4057142857142857,0.25,2.3728571428571423,1.9415,437.1428571428572,436.75,10.285714285714286,15.725,0.3428571428571428,0.2045,2.03,1.137,7.042857142857144,6.484999999999999,,8.205384615384615,3.535714285714285,4.9125,0.0442857142857142,0.0442857142857142,7.35,7.35,165.0,47.0,8.0,8.0,0.0,0.0,2.0,2.0,0.0,0.0,0.0,0.0,0.0,0.0,0.0,sunflower,Козлов Увал левый,Подсолнечник,2.332040444223438,v17_physical_t_ha,True,3.0,70.0,1.0,0.3999999999999999,9.0,1.0,0.0,0.0,0.0,0.0,0.0,2.332040444223438,3.2871963,3.2871963,2.332040444223438,physical_t_ha,False
210,2025,40.0,44.0,247.0,7.2125,3.72,230.06625,480.10587375,9.455,423.75,69.0,0.4661739130434783,0.763,0.165,0.2162758542153334,0.256,0.717,0.0065952792100703,0.709,32.166000000000004,196.0,0.598,31.0,4,1,44__40,16.2827868852459,33.5,285.20000000000005,2760.3900000000003,3.93,1.7201639344262298,42,545.03,-259.8299999999999,1285.1,11,79,10,2,63.1,571.86,105.13,66.8,15.30967741935484,32.5,700.53,142.44,3.53,53.6,21.01,31.9,747.62,153.83,3.32,4,101.7,19.719354838709677,33.5,740.38,143.63,3.93,5,0.0301661800776526,0.1097481922398588,-0.0550091144149967,0.0857054012345678,0.0925976336027806,18,2025-05-12,2025-10-18,1,81.0,132.0,5.0,1158.4,193.4,392.01,-198.61,1943.62,3.93,36.0,11.0,51.0,8.0,48.0,0.5651041666666666,0.753,0.7064285714285713,65.0,0.4955714285714285,0.6900357142857143,0.7513142857142856,0.7114285714285715,,,919.5999999999996,0.344563122923588,0.515018487394958,0.6736867295141409,0.7506020082154267,0.7333119266055045,,0.0528125807284939,3,1,14,1,285.0,2.0,480.10587375,454.34621357142856,230.06625000000005,140.85714285714286,15.845,14.211428571428574,0.63125,0.4828571428571429,2.12125,1.835,423.75,410.6428571428572,14.25,11.935714285714283,0.0875,0.0935714285714285,2.1175,1.4585714285714284,7.2125,6.6035714285714295,,7.993333333333333,3.72,4.305714285714286,0.12875,0.12875,9.455,9.455,177.0,35.0,39.0,39.0,0.0,0.0,1.0,2.0,0.0,1.0,0.0,0.0,0.0,0.0,0.0,sunflower,Козлов увал правый,Подсолнечник,3.192550607287449,v17_physical_t_ha,True,3.0,70.0,1.0,0.3999999999999999,9.0,0.0,0.0,0.0,0.0,0.0,0.0,3.192550607287449,3.1925505999999997,3.1925505999999997,3.192550607287449,physical_t_ha,False
212,2025,43.0,40.0,136.0,7.140000000000001,3.766,232.258,464.594502,5.536,432.0,69.0,0.4611739130434782,0.733,0.173,0.187487426169449,0.301,0.616,0.0058140334435413,0.621,31.821,197.0,0.56,34.0,1,2,40__43,15.15655737704918,32.4,301.1,2763.99,3.72,1.5640983606557382,34,521.6600000000001,-220.5600000000001,1158.6,5,82,10,2,58.5,571.58,99.24,56.6,14.28064516129032,32.4,701.82,136.68,3.72,93.0,19.77,30.4,748.34,146.64,2.65,1,93.0,18.664516129032258,31.9,742.25,139.1,3.34,2,0.0404287968428816,0.1174316271691272,-0.015603781512605,0.0063343734968734,0.052430472562417,18,2025-05-22,2025-09-27,1,71.0,142.0,5.0,946.5,214.3,326.78000000000003,-112.48000000000002,1713.61,3.34,23.0,3.0,44.0,8.0,45.0,0.5663746031746032,0.7281428571428571,0.635,58.0,0.5794285714285714,0.6723428571428571,0.7215714285714286,,,,775.3000000000001,0.4692625850340136,0.5816680672268907,0.6711179060665361,0.7210961810466762,,,0.0482944951030057,0,0,10,1,285.0,2.0,464.594502,544.297251,232.258,151.79900000000004,22.130000000000003,18.165,0.5279999999999999,0.386,2.826,3.196,432.0,473.9,13.2,35.0,0.134,0.084,2.2619999999999996,1.967,7.140000000000001,6.5200000000000005,,9.292,3.766,4.912999999999999,0.068,0.068,5.536,5.536,,,,,,,,,,,,,,,,wheat_spring,Костенькина стрелка,Пшеница яровая,1.7024264705882353,v17_physical_t_ha,True,3.0,100.0,1.0,205.0,6.0,0.0,34.0,0.0,0.0,3.0,0.0,1.7024264705882353,1.7024265,1.7024265,1.7024264705882353,physical_t_ha,False
213,2025,3.0,9.0,14.0,7.2,3.39,148.5,272.23874,13.42,420.0,62.0,0.4899677419354838,0.747,0.195,0.1995557135999494,0.2985,0.7062499999999999,0.006326580962367,0.665,30.377999999999997,191.0,0.552,29.0,3,2,9__3,16.2827868852459,33.5,285.20000000000005,2760.3900000000003,3.93,1.7201639344262298,42,545.03,-259.8299999999999,1285.1,11,79,10,2,63.1,571.86,105.13,66.8,15.30967741935484,32.5,700.53,142.44,3.53,53.6,21.01,31.9,747.62,153.83,3.32,4,101.7,19.719354838709677,33.5,740.38,143.63,3.93,5,0.0451324881403902,0.1047079380496047,-0.0062049253034547,0.0546457281915615,0.0756556925070813,18,2025-05-29,2025-09-22,1,64.0,149.0,5.0,956.9999999999995,155.3,311.37,-156.07,1573.0300000000002,3.93,29.0,9.0,41.0,8.0,37.0,0.6224942084942084,0.7415714285714285,0.6855714285714285,37.0,0.7072857142857142,0.7396857142857143,,,,,575.4999999999998,0.5670151260504201,0.6889847715736042,0.7412359653126427,0.7163800786369592,,,0.0628171478565179,0,0,1,1,285.0,1.0,272.23874,272.23874,148.5,148.5,14.9,14.9,0.2,0.2,1.93,1.93,420.0,420.0,11.0,11.0,0.07,0.07,1.58,1.58,7.2,7.2,,,3.39,3.39,0.09,0.09,13.42,13.42,,,,,,,,,,,,,,,,barley_spring,Лесополосы (Козлов увал левый) 05-080-025-182,Ячмень яровой,1.53,v17_physical_t_ha,True,2.0,0.0,1.0,0.0,12.0,1.0,0.0,0.0,0.0,0.0,0.0,1.53,1.53,1.53,1.53,physical_t_ha,False
214,2025,3.0,9.0,9.0,7.1,3.67,236.12,399.02591,8.82,420.0,62.0,0.4889354838709677,0.748,0.196,0.2006601099088626,0.299,0.7084999999999999,0.0063846648632931,0.673,30.314,191.0,0.552,29.0,3,2,9__3,16.2827868852459,33.5,285.20000000000005,2760.3900000000003,3.93,1.7201639344262298,42,545.03,-259.8299999999999,1285.1,11,79,10,2,63.1,571.86,105.13,66.8,15.30967741935484,32.5,700.53,142.44,3.53,53.6,21.01,31.9,747.62,153.83,3.32,4,101.7,19.719354838709677,33.5,740.38,143.63,3.93,5,0.0426590298923979,0.1034389951098284,-0.0129912016088487,0.0623483245149911,0.0793700811431366,18,2025-05-25,2025-09-22,1,68.0,145.0,5.0,981.3999999999996,173.0,323.71,-150.70999999999998,1643.9,3.93,29.0,9.0,42.0,8.0,38.0,0.6158684210526316,0.7417142857142858,0.6912857142857142,41.0,0.6903571428571429,0.7413714285714286,0.7085714285714285,,,,599.8999999999997,0.5244511819116136,0.6719984214680348,0.7417136010953903,0.7295988095238093,,,0.0617340872139581,0,0,1,1,285.0,1.0,399.02591,399.02591,236.12,236.12,16.24,16.24,0.45,0.45,1.93,1.93,420.0,420.0,7.0,7.0,0.01,0.01,2.8,2.8,7.1,7.1,,,3.67,3.67,0.14,0.14,8.82,8.82,,,,,,,,,,,,,,,,barley_spring,Лесополосы (Козлов увал правый) 05-080-025-208,Ячмень яровой,1.53,v17_physical_t_ha,True,2.0,0.0,1.0,0.0,12.0,1.0,0.0,0.0,0.0,0.0,0.0,1.53,1.53,1.53,1.53,physical_t_ha,False
215,2025,40.0,44.0,79.0,6.666666666666667,3.776666666666667,192.12,392.99891,12.116666666666667,430.0,66.0,0.5176212121212121,0.73,0.168,0.192037540928339,0.33175,0.69275,0.005499862655354,0.643,34.163000000000004,184.0,0.5619999999999999,38.0,4,1,44__40,15.3327868852459,33.2,334.59999999999997,2730.74,3.7,1.6133606557377047,33,497.39,-162.79000000000008,1171.4,9,76,8,2,57.8,565.26,95.95,93.0,14.296774193548387,31.5,693.74,125.33,3.36,64.6,20.0,31.2,745.88,141.87,2.91,3,119.2,19.10967741935484,33.2,725.86,134.24,3.7,4,0.0676314801065486,0.1600138447971779,-0.0207616666666666,0.0503788680455346,0.0634145181071651,18,2025-05-04,2025-09-26,1,89.0,124.0,5.0,1163.4,276.6,390.28,-113.68,2092.24,3.7,30.0,9.0,53.0,8.0,53.0,0.5816792452830188,0.7207142857142858,0.6517142857142858,57.0,0.5304285714285714,0.6962857142857143,0.7184285714285714,0.7037857142857142,,,726.0000000000001,0.4296041439476554,0.6169873015873016,0.7090838323353293,0.7146617982656321,0.6991964285714286,,0.0600379686758424,0,0,6,1,285.0,2.0,392.99891,361.8327883333333,192.12,104.81,14.336666666666668,13.32,0.4266666666666667,0.3883333333333333,3.51,4.37,430.0,441.5,13.333333333333334,17.349999999999998,0.0433333333333333,0.0683333333333333,2.26,1.6116666666666666,6.666666666666667,6.1499999999999995,,3.9,3.776666666666667,4.6049999999999995,0.0566666666666666,0.0566666666666666,12.116666666666667,12.116666666666667,,,,,,,,,,,,,,,,sunflower,Лоскутиха,Подсолнечник,3.0739240506329115,v17_physical_t_ha,True,3.0,60.0,1.0,0.4,9.0,1.3,0.0,0.0,0.0,0.0,0.0,3.0739240506329115,3.0739241,3.0739241,3.0739240506329115,physical_t_ha,False
216,2025,40.0,44.0,37.0,6.4,3.71,242.68,688.96085,7.64,540.0,64.0,0.555015625,0.772,0.156,0.1902837923493732,0.4015,0.72275,0.0052013816779125,0.656,35.521,184.0,0.616,42.0,4,1,44__40,15.3327868852459,33.2,334.59999999999997,2730.74,3.7,1.6133606557377047,33,496.62000000000006,-162.0200000000001,1171.4,9,76,8,2,57.8,565.26,95.79,93.0,14.296774193548387,31.5,693.74,125.16,3.36,64.6,20.0,31.2,745.88,141.66,2.91,3,119.2,19.10967741935484,33.2,725.86,134.01,3.7,4,0.0489340701762265,0.1231340367965366,-0.0384523809523809,0.0072268207282912,0.0243929988392358,18,2025-05-04,2025-09-26,1,89.0,124.0,5.0,1163.4,276.6,389.68000000000006,-113.08000000000004,2092.24,3.7,30.0,9.0,53.0,8.0,52.0,0.6211483516483517,0.7528571428571429,0.6601428571428573,60.0,0.585,0.7352857142857143,0.7528571428571429,0.7164285714285714,,,764.9000000000001,0.5021842966194112,0.6745042643923241,0.7346167664670659,0.7492081241442264,0.7008321428571429,,0.0595034808879548,0,0,3,1,285.0,2.0,688.96085,623.6536166666666,242.68,105.96,12.73,5.453333333333333,0.15,0.1666666666666666,4.0,4.723333333333334,540.0,464.3333333333333,20.0,21.3,0.16,0.15,3.78,1.8866666666666667,6.4,5.7,,6.195,3.71,5.003333333333334,0.02,0.02,7.64,7.64,,,,,,,,,,,,,,,,sunflower,Никитушкин,Подсолнечник,2.986756756756757,v17_physical_t_ha,True,3.0,60.0,1.0,0.4,9.0,1.0,0.0,0.0,0.0,0.0,0.0,2.986756756756757,2.9867567999999998,2.9867567999999998,2.986756756756757,physical_t_ha,False
217,2025,43.0,40.0,408.0,6.94,3.484666666666667,201.10266666666664,313.7409,4.662000000000001,472.0,72.0,0.4602222222222221,0.727,0.169,0.194909539004795,0.29525,0.64275,0.0059553577439863,0.619,33.135999999999996,197.0,0.5579999999999999,36.0,1,3,40__43,15.15655737704918,32.4,301.1,2763.99,3.72,1.5640983606557382,34,521.6600000000001,-220.5600000000001,1158.6,5,82,10,2,58.5,571.58,99.24,56.6,14.28064516129032,32.4,701.82,136.68,3.72,93.0,19.77,30.4,748.34,146.64,2.65,1,93.0,18.664516129032258,31.9,742.25,139.1,3.34,2,0.04481409749112,0.1069047470503352,-0.0335188070099835,-0.0045120390412057,0.0468726657601657,18,2025-05-20,2025-09-25,1,73.0,140.0,5.0,965.5,214.3,336.45000000000005,-122.15000000000003,1769.34,3.34,23.0,3.0,46.0,8.0,49.0,0.5598950437317785,0.7155714285714286,0.6221428571428572,58.0,0.5864285714285715,0.6868571428571428,0.7152857142857142,,,,759.7,0.4579850340136054,0.5951783496007098,0.6903359307359307,0.7117324675324675,,,0.0511236168675615,1,1,29,1,285.0,2.0,313.7409,372.6935689655172,201.10266666666664,124.83241379310344,13.820666666666666,10.369655172413792,0.554,0.3562068965517241,2.5380000000000007,2.6982758620689653,472.0,451.3103448275862,21.533333333333335,27.496551724137937,0.06,0.0782758620689655,2.8773333333333335,2.3124137931034485,6.94,6.496551724137931,,9.12857142857143,3.4846666666666666,4.581724137931035,0.1466666666666666,0.1466666666666666,4.662,4.662,165.0,47.0,31.0,31.0,0.0,0.0,1.0,1.0,0.0,1.0,0.0,0.0,0.0,0.0,0.0,wheat_spring,Овчинников увал,Пшеница яровая,2.5629901960784314,v17_physical_t_ha,True,3.0,0.0,1.0,205.0,6.0,0.8999999999999999,0.0,0.0,0.0,0.0,0.0,2.5629901960784314,2.5629902,2.5629902,2.5629901960784314,physical_t_ha,False
218,2025,43.0,43.0,39.0,7.2,3.87,198.74,289.9543,4.86,390.0,63.0,0.4982380952380952,0.766,0.179,0.1999572743478612,0.331,0.706,0.0059789734588279,0.601,31.389,184.0,0.587,30.0,4,1,43__43,15.15655737704918,32.4,301.1,2763.99,3.72,1.5640983606557382,34,521.6600000000001,-220.5600000000001,1158.6,5,82,10,2,58.5,571.58,99.24,56.6,14.28064516129032,32.4,701.82,136.68,3.72,93.0,19.77,30.4,748.34,146.64,2.65,1,93.0,18.664516129032258,31.9,742.25,139.1,3.34,2,0.0773456686777917,0.1712051265092931,-0.0129824652777777,0.0116167107583774,0.0975931664220553,18,2025-05-23,2025-09-25,1,70.0,143.0,5.0,932.6,214.3,321.40000000000003,-107.10000000000002,1685.6199999999997,3.34,22.0,3.0,43.0,8.0,39.0,0.6267326007326008,0.7485714285714286,0.6255714285714286,54.0,0.6967142857142857,0.743,0.7271428571428571,,,,712.1,0.5251558441558442,0.697287284144427,0.7430186915887851,0.7202551020408164,,,0.0489820130929429,0,0,2,1,285.0,2.0,289.9543,377.47715,198.74,122.37,9.44,7.48,0.13,0.1699999999999999,1.1,4.17,390.0,456.0,4.0,28.25,0.02,0.105,1.6,1.98,7.2,6.35,,7.14,3.87,5.234999999999999,0.04,0.04,4.86,4.86,,,,,,,,,,,,,,,,wheat_spring,Палатьи,Пшеница яровая,4.112820512820513,v17_physical_t_ha,True,3.0,100.0,1.0,205.0,6.0,0.0,34.0,0.0,0.0,3.0,0.0,4.112820512820513,4.1128205,4.1128205,4.112820512820513,physical_t_ha,False
219,2025,3.0,43.0,210.0,6.8,3.69625,212.37625,656.214605,8.491249999999999,446.25,67.0,0.4626567164179104,0.775,0.178,0.2319605313981918,0.214,0.698,0.0066922321704816,0.531,30.998,191.0,0.597,32.0,2,1,43__3,16.2827868852459,33.5,285.20000000000005,2760.3900000000003,3.93,1.7201639344262298,42,545.03,-259.8299999999999,1285.1,11,79,10,2,63.1,571.86,105.13,66.8,15.30967741935484,32.5,700.53,142.44,3.53,53.6,21.01,31.9,747.62,153.83,3.32,4,101.7,19.719354838709677,33.5,740.38,143.63,3.93,5,0.0625382584616877,0.2058379409171075,-0.0422744588744589,-0.0422744588744589,0.0750061079806177,18,2025-05-12,2025-09-06,1,81.0,132.0,5.0,1158.4,193.4,392.01,-198.61,1943.62,3.93,36.0,11.0,51.0,8.0,48.0,0.5611934523809524,0.7597142857142858,0.5484285714285714,59.0,0.5824285714285714,0.7053571428571428,0.7596857142857143,0.6328571428571428,,,839.4999999999998,0.2977491694352159,0.6065697478991599,0.6990188542422044,0.755928343222273,0.7170445609436429,,0.0673897992153242,2,1,17,1,285.0,2.0,656.214605,488.45393176470594,212.37625000000003,117.25941176470587,19.18125,14.1,0.37125,0.2611764705882353,3.1075,2.5164705882352942,446.25,425.05882352941177,14.625,17.11176470588235,0.03875,0.0805882352941176,3.1975,1.9411764705882353,6.8,6.470588235294118,,7.362222222222223,3.69625,4.79235294117647,0.07625,0.07625,8.49125,8.491249999999999,165.0,47.0,,,0.0,0.0,2.0,2.0,0.0,0.0,0.0,0.0,0.0,0.0,0.0,barley_spring,Подхозный увал 1,Ячмень яровой,3.528095238095238,v17_physical_t_ha,True,2.0,120.0,1.0,200.0,7.0,0.8250000000000001,40.8,0.0,0.0,3.6,0.0,3.528095238095238,3.5280952,3.5280952,3.528095238095238,physical_t_ha,False
220,2025,43.0,43.0,25.0,7.3,3.74,197.06,380.11444,6.0,420.0,62.0,0.5010806451612903,0.788,0.15,0.1975925506617168,0.3027499999999999,0.6757500000000001,0.0057793927214952,0.598,31.066999999999997,184.0,0.638,34.0,4,1,43__43,15.15655737704918,32.4,301.1,2763.99,3.72,1.5640983606557382,34,521.6600000000001,-220.5600000000001,1158.6,5,82,10,2,58.5,571.58,99.24,56.6,14.28064516129032,32.4,701.82,136.68,3.72,93.0,19.77,30.4,748.34,146.64,2.65,1,93.0,18.664516129032258,31.9,742.25,139.1,3.34,2,0.0377341068997507,0.1321433201058202,-0.0403016016663075,-0.0113175925925926,0.0578614228254109,18,2025-05-22,2025-09-26,1,71.0,142.0,5.0,946.5,214.3,326.78000000000003,-112.48000000000002,1713.61,3.34,23.0,3.0,44.0,8.0,38.0,0.6311052631578948,0.7707142857142857,0.6168571428571429,49.0,0.6775714285714285,0.7692857142857144,0.7235714285714286,,,,651.0,0.5605918367346938,0.6816714285714285,0.7692551974060653,0.721872313527181,,,0.0506312083772451,0,0,2,1,285.0,2.0,380.11444,416.55722,197.06,117.98,10.21,8.14,0.4,0.3,3.03,4.79,420.0,425.0,2.0,21.65,0.05,0.11,3.03,2.365,7.3,6.35,,6.75,3.74,4.82,0.06,0.06,6.0,6.0,,,,,,,,,,,,,,,,wheat_spring,Сапог,Пшеница яровая,3.3072000000000004,v17_physical_t_ha,True,3.0,100.0,1.0,205.0,6.0,0.0,34.0,0.0,0.0,3.0,0.0,3.3072000000000004,3.3072000000000004,3.3072000000000004,3.3072000000000004,physical_t_ha,False
222,2025,40.0,43.0,62.0,6.9,3.725,206.315,278.80506,4.845,420.0,66.0,0.4644090909090908,0.754,0.174,0.2035535799669349,0.276,0.674,0.0064541629960964,0.65,30.650999999999996,197.0,0.5800000000000001,28.0,4,1,43__40,15.15655737704918,32.4,301.1,2763.99,3.72,1.5640983606557382,34,521.6600000000001,-220.5600000000001,1158.6,5,82,10,2,58.5,571.58,99.24,56.6,14.28064516129032,32.4,701.82,136.68,3.72,93.0,19.77,30.4,748.34,146.64,2.65,1,93.0,18.664516129032258,31.9,742.25,139.1,3.34,2,0.0314101667968295,0.1227808922558922,-0.0609071399189045,0.0795808472391806,0.1078813678548666,18,2025-05-17,2025-10-18,1,76.0,137.0,5.0,1008.5999999999998,229.4,352.1500000000001,-122.75000000000009,1825.92,3.72,25.0,5.0,47.0,8.0,46.0,0.5592204968944099,0.7458571428571429,0.6868571428571428,63.0,0.5165000000000001,0.6885000000000001,0.7362857142857143,0.6868571428571428,,,837.4,0.3947241379310345,0.5401918850380389,0.6901793313069909,0.7411428571428571,0.6880730486008836,,0.0542996685853828,0,0,4,1,285.0,2.0,278.80506,307.90253,206.315,116.7825,13.475,8.43,0.4649999999999999,0.3275,2.165,2.9675,420.0,434.5,10.5,16.825,0.03,0.055,2.325,2.0599999999999996,6.9,6.175,,9.465,3.725,4.6625,0.155,0.155,4.845,4.845,,,,,,,,,,,,,,,,sunflower,Соколки 1,Подсолнечник,2.972258064516129,v17_physical_t_ha,True,3.0,100.0,1.0,0.4,9.0,0.0,0.0,0.0,0.0,0.0,0.0,2.972258064516129,2.9722581000000003,2.9722581000000003,2.972258064516129,physical_t_ha,False
223,2025,40.0,43.0,70.0,6.433333333333334,3.6633333333333336,175.33333333333334,560.82853,6.72,430.0,68.0,0.4852941176470588,0.754,0.171,0.2096057264333043,0.336,0.70675,0.0064607779105512,0.675,33.0,198.0,0.583,32.0,4,1,43__40,15.15655737704918,32.4,301.1,2763.99,3.72,1.5640983606557382,34,521.6600000000001,-220.5600000000001,1158.6,5,82,10,2,58.5,571.58,99.24,56.6,14.28064516129032,32.4,701.82,136.68,3.72,93.0,19.77,30.4,748.34,146.64,2.65,1,93.0,18.664516129032258,31.9,742.25,139.1,3.34,2,0.0392213059700984,0.1342617222646634,-0.093736582208641,0.0961524911816579,0.1093026515615023,18,2025-05-16,2025-10-18,1,77.0,136.0,5.0,1021.9999999999998,229.4,356.68000000000006,-127.28000000000006,1846.0,3.72,26.0,5.0,48.0,8.0,49.0,0.5737113702623907,0.7498571428571429,0.6897142857142856,61.0,0.5145714285714286,0.7191428571428571,0.748,0.6921904761904761,,,801.4999999999999,0.3498267631103074,0.534824060150376,0.7196680851063829,0.7496492537313433,0.6930839469808541,,0.0493698843705339,0,0,3,1,285.0,1.0,560.82853,560.82853,175.33333333333334,175.33333333333334,14.01,14.01,0.57,0.57,2.2533333333333334,2.2533333333333334,430.0,430.0,11.333333333333334,11.333333333333334,0.0433333333333333,0.0433333333333333,2.3033333333333332,2.3033333333333332,6.433333333333334,6.433333333333334,,,3.6633333333333336,3.6633333333333336,0.0633333333333333,0.0633333333333333,6.72,6.72,,,,,,,,,,,,,,,,sunflower,Соколки 2,Подсолнечник,3.305142857142857,v17_physical_t_ha,True,3.0,100.0,1.0,0.4,9.0,0.0,0.0,0.0,0.0,0.0,0.0,3.305142857142857,3.3051429,3.3051429,3.305142857142857,physical_t_ha,False
224,2025,40.0,44.0,104.0,6.5,3.808,191.728,598.903534,18.618,516.0,65.0,0.5139076923076923,0.735,0.156,0.2009602121413722,0.334,0.701,0.0057233304357459,0.681,33.403999999999996,185.0,0.579,36.0,4,1,44__40,15.3327868852459,33.2,334.59999999999997,2730.74,3.7,1.6133606557377047,33,496.62000000000006,-162.0200000000001,1171.4,9,76,8,2,57.8,565.26,95.79,93.0,14.296774193548387,31.5,693.74,125.16,3.36,64.6,20.0,31.2,745.88,141.66,2.91,3,119.2,19.10967741935484,33.2,725.86,134.01,3.7,4,0.0604688281423154,0.1640932219015553,-0.0113499999999999,0.0473710036876703,0.0420023400346929,18,2025-05-06,2025-09-28,1,87.0,126.0,5.0,1150.4999999999998,275.6000000000001,382.42,-106.81999999999994,2053.51,3.7,30.0,9.0,52.0,8.0,51.0,0.5870420168067227,0.7271428571428571,0.6714285714285715,55.0,0.5202857142857144,0.7152142857142858,0.7220000000000001,0.6968571428571428,,,713.1,0.423545988258317,0.6097070607553366,0.7197943485086342,0.7211675034230945,0.6922899786780384,,0.0642513444664591,2,1,9,1,285.0,2.0,598.903534,543.5019633333334,191.728,118.5711111111111,19.36,13.252222222222224,0.322,0.2711111111111111,4.593999999999999,4.16,516.0,485.3333333333333,26.0,23.200000000000003,0.026,0.0844444444444444,3.684,2.4366666666666665,6.5,6.111111111111111,,9.2325,3.808,4.771111111111112,0.078,0.078,18.618,18.618,177.0,35.0,51.0,51.0,0.0,0.0,2.0,2.0,0.0,0.0,0.0,0.0,0.0,0.0,0.0,sunflower,Холодный ключ,Подсолнечник,3.0742307692307693,v17_physical_t_ha,True,3.0,60.0,1.0,0.4,9.0,1.0,0.0,0.0,0.0,0.0,0.0,3.0742307692307693,3.0742308,3.0742308,3.0742307692307693,physical_t_ha,False
226,2025,40.0,44.0,40.0,7.2,3.79,218.81,806.48818,8.56,420.0,68.0,0.509985294117647,0.741,0.15,0.1966918680581574,0.3475,0.697,0.0057281493736705,0.696,34.678999999999995,191.0,0.591,36.0,4,1,44__40,15.583606557377047,33.2,291.8,2742.6299999999997,3.67,1.629590163934426,39,512.3499999999999,-220.5499999999999,1201.3,9,79,10,2,46.4,567.36,100.52,57.1,14.667741935483871,31.5,695.83,131.17,3.34,64.2,20.083333333333332,30.8,746.16,143.39,2.65,2,124.1,19.20967741935484,33.2,733.28,137.27,3.67,5,0.0433044573666453,0.1151485543777209,-0.0760489898989898,0.0948184724226389,0.0801909558760048,18,2025-05-05,2025-09-28,1,88.0,125.0,5.0,1175.5,245.4,397.18,-151.78,2081.24,3.67,33.0,9.0,55.0,8.0,53.0,0.5807735849056603,0.7357142857142857,0.6811428571428572,66.0,0.5037142857142857,0.6937619047619048,0.7322857142857143,0.7254285714285714,,,869.9999999999999,0.4030683229813664,0.6055837808807734,0.6975254056930035,0.7340297274979356,0.7249363745498199,,0.0530124114366112,0,0,2,1,285.0,2.0,806.48818,624.74409,218.81,124.105,12.75,6.89,0.38,0.26,1.88,1.59,420.0,404.0,16.0,17.0,0.02,0.0699999999999999,2.03,1.1649999999999998,7.2,7.0,,5.78,3.79,4.745,0.04,0.04,8.56,8.56,,,,,,,,,,,,,,,,sunflower,Штаны,Подсолнечник,3.0420000000000003,v17_physical_t_ha,True,3.0,60.0,1.0,0.4,9.0,1.0,0.0,0.0,0.0,0.0,0.0,3.0420000000000003,3.0420000000000003,3.0420000000000003,3.0420000000000003,physical_t_ha,False
227,2025,24.0,3.0,346.0,6.953846153846154,3.8015384615384615,195.0484615384616,763.0697146153847,10.056153846153848,475.38461538461536,69.0,0.5182898550724637,0.784,0.153,0.2447856857049978,0.222,0.756,0.006931346832874,0.627,35.762,186.0,0.631,40.0,2,3,3__24,15.583606557377047,33.2,291.8,2742.6299999999997,3.67,1.629590163934426,39,512.3499999999999,-220.5499999999999,1201.3,9,79,10,2,46.4,567.36,100.52,57.1,14.667741935483871,31.5,695.83,131.17,3.34,64.2,20.083333333333332,30.8,746.16,143.39,2.65,2,124.1,19.20967741935484,33.2,733.28,137.27,3.67,5,0.1148410780511633,0.2935668562918563,-0.0119898268398268,0.0721601410934744,0.1257549543230916,18,2025-05-01,2025-08-28,1,92.0,121.0,5.0,1192.7,245.40000000000003,411.83,-166.42999999999995,2175.2699999999995,3.67,33.0,9.0,59.0,9.0,57.0,0.5798972431077695,0.7807142857142857,0.6252857142857142,70.0,0.507,0.7685714285714286,0.7644285714285715,0.7795714285714286,0.63525,,887.1999999999998,0.3591904761904761,0.6853636363636364,0.7713743016759778,0.7713540753724804,0.7737602905569008,,0.0659540891860673,0,0,27,1,285.0,2.0,763.0697146153847,596.3668996296296,195.0484615384615,107.60296296296292,18.682307692307692,13.771851851851851,0.2753846153846153,0.2881481481481481,3.5861538461538456,2.3607407407407406,475.38461538461536,417.7407407407408,21.153846153846153,14.70074074074074,1.033846153846154,0.5559259259259259,3.366153846153846,1.9203703703703705,6.953846153846154,6.348518518518518,,13.13714285714286,3.8015384615384615,4.485555555555556,0.0392307692307692,0.0392307692307692,10.056153846153848,10.056153846153848,,,,,,,,,,,,,,,,pea,Большая Семёниха СК,Горох,1.5521965317919073,v17_physical_t_ha,True,5.0,20.39624277456647,1.0,362.5433526011561,10.0,6.13092485549133,0.0527225433526011,0.0,0.0,0.0028872832369942,0.0,1.5521965317919073,1.5521965,1.5521965,1.5521965317919073,physical_t_ha,False
228,2025,43.0,40.0,59.0,6.699999999999999,3.515,179.82,438.82045,7.755,420.0,62.0,0.4927419354838709,0.748,0.2,0.2050855003040526,0.2775,0.7175,0.0053622159513504,0.497,30.55,185.0,0.548,30.0,1,2,40__43,15.3327868852459,33.2,334.59999999999997,2730.74,3.7,1.6133606557377047,33,496.62000000000006,-162.0200000000001,1171.4,9,76,8,2,57.8,565.26,95.79,93.0,14.296774193548387,31.5,693.74,125.16,3.36,64.6,20.0,31.2,745.88,141.66,2.91,3,119.2,19.10967741935484,33.2,725.86,134.01,3.7,4,0.0627550220840402,0.2290706752397929,-0.0480171216129549,-0.0480171216129549,0.0790084573986823,18,2025-05-17,2025-09-16,1,76.0,137.0,5.0,1030.9999999999995,223.1,336.96000000000004,-113.86000000000004,1808.45,3.7,26.0,9.0,44.0,8.0,42.0,0.6030068027210884,0.7460000000000001,0.535,43.0,0.725,0.7445238095238095,0.7257142857142858,0.535,,,581.1999999999999,0.481743062692703,0.7289732142857144,0.7446926184355489,0.7278350515463917,0.5508226404334187,,0.0681841224779479,0,0,4,1,285.0,2.0,438.82045,347.91022499999997,179.82,101.525,23.635,18.465,0.565,0.4549999999999999,19.615,13.3525,420.0,403.0,12.5,12.6,0.025,0.0775,4.475,3.1375,6.699999999999999,6.175000000000001,,2.765,3.5149999999999997,3.6125,0.025,0.025,7.755,7.755,,,,,,,,,,,,,,,,wheat_spring,Бонн 1,Пшеница яровая,3.004576271186441,v17_physical_t_ha,True,2.0,0.0,1.0,200.0,6.0,1.1,0.0,0.0,0.0,0.0,0.0,3.004576271186441,3.0045763,3.0045763,3.004576271186441,physical_t_ha,False
229,2025,43.0,40.0,12.0,6.4,2.36,225.3,220.85171,12.11,480.0,63.0,0.465031746031746,0.708,0.024,0.2166136908315851,0.2925,0.6425000000000001,0.0056824925173942,0.525,29.297,173.0,0.6839999999999999,34.0,1,2,40__43,15.3327868852459,33.2,334.59999999999997,2730.74,3.7,1.6133606557377047,33,496.62000000000006,-162.0200000000001,1171.4,9,76,8,2,57.8,565.26,95.79,93.0,14.296774193548387,31.5,693.74,125.16,3.36,64.6,20.0,31.2,745.88,141.66,2.91,3,119.2,19.10967741935484,33.2,725.86,134.01,3.7,4,0.0759983900277173,0.2131554132595798,-0.0826197172619047,0.0048851150392816,0.0792276979993819,18,2025-05-17,2025-09-16,1,76.0,137.0,5.0,1030.9999999999995,223.1,336.96000000000004,-113.86000000000004,1808.45,3.7,26.0,9.0,44.0,8.0,43.0,0.5902225913621263,0.7012857142857143,0.5398571428571429,35.0,0.6909285714285713,0.6910952380952381,0.6435,0.5398571428571429,,,463.2,0.5228006166495376,0.6971193181818182,0.6924939405067939,0.6451899852724594,0.5583316224693469,,0.0772313413695819,0,0,2,1,285.0,2.0,220.85171,258.425855,225.3,124.6,28.75,24.105,0.58,0.495,6.8,5.005,480.0,382.0,22.0,17.5,0.1,0.115,4.8,3.485,6.4,6.54,,5.3,2.36,2.74,0.07,0.07,12.11,12.11,,,,,,,,,,,,,,,,wheat_spring,Бонн 2,Пшеница яровая,3.5050000000000003,v17_physical_t_ha,True,2.0,0.0,1.0,200.0,6.0,1.4,0.0,0.0,0.0,0.0,0.0,3.5050000000000003,3.505,3.505,3.5050000000000003,physical_t_ha,False
230,2025,43.0,40.0,223.0,7.1000000000000005,3.73,184.71,792.107215,3.6633333333333336,445.0,68.0,0.4838235294117647,0.784,0.183,0.2115054540512504,0.2955,0.6932499999999999,0.0061001434252783,0.566,32.9,186.0,0.601,33.0,1,2,40__43,16.2827868852459,33.5,285.20000000000005,2760.3900000000003,3.93,1.7201639344262298,42,545.03,-259.8299999999999,1285.1,11,79,10,2,63.1,571.86,105.13,66.8,15.30967741935484,32.5,700.53,142.44,3.53,53.6,21.01,31.9,747.62,153.83,3.32,4,101.7,19.719354838709677,33.5,740.38,143.63,3.93,5,0.0466171144928498,0.1268851851851852,-0.0534883717589599,0.0197573594615263,0.0589542205439135,18,2025-05-18,2025-10-07,1,75.0,138.0,5.0,1075.9999999999995,191.49999999999991,360.7600000000001,-169.2600000000001,1801.34,3.93,32.0,10.0,46.0,8.0,47.0,0.5862857142857143,0.7647142857142858,0.5652857142857143,48.0,0.6371428571428571,0.7558571428571429,0.7291428571428572,,,,694.4999999999998,0.4176039783001808,0.6338157894736842,0.7286228354978355,0.7536728180633956,0.6389775421085462,,0.0653472899097343,1,1,14,1,285.0,2.0,792.107215,624.3316635714285,184.71000000000004,90.76714285714289,21.921666666666667,13.425,0.6733333333333333,0.4878571428571429,2.065,1.8864285714285711,445.0,410.1428571428572,15.166666666666666,11.852142857142857,0.0383333333333333,0.085,3.365,1.8214285714285712,7.1000000000000005,6.255000000000001,,7.86625,3.73,4.859999999999999,0.1483333333333333,0.1483333333333333,3.6633333333333336,3.6633333333333336,165.0,47.0,31.0,31.0,0.0,0.0,2.0,2.0,0.0,0.0,0.0,0.0,0.0,0.0,0.0,wheat_spring,Бригадная стрелка,Пшеница яровая,3.6687443946188343,v17_physical_t_ha,True,3.0,0.0,1.0,205.0,6.0,1.1,0.0,0.0,0.0,0.0,0.0,3.6687443946188343,3.6687444,3.6687444,3.6687443946188343,physical_t_ha,False
231,2025,24.0,43.0,235.0,7.2625,3.685,204.0575,646.09227125,9.26,453.75,72.0,0.5094444444444445,0.772,0.167,0.2438113961930004,0.22425,0.74825,0.0070120434524375,0.662,36.68,185.0,0.605,40.0,2,1,43__24,15.583606557377047,33.2,291.8,2742.6299999999997,3.67,1.629590163934426,39,512.3499999999999,-220.5499999999999,1201.3,9,79,10,2,46.4,567.36,100.52,57.1,14.667741935483871,31.5,695.83,131.17,3.34,64.2,20.083333333333332,30.8,746.16,143.39,2.65,2,124.1,19.20967741935484,33.2,733.28,137.27,3.67,5,0.0832544484478834,0.2299096597846597,-0.0291834542908072,0.126773957832291,0.1282099019726212,18,2025-04-29,2025-08-24,1,94.0,119.0,5.0,1210.8000000000002,249.8,419.97,-170.16999999999996,2220.2199999999993,3.67,34.0,9.0,60.0,10.0,62.0,0.5545806451612904,0.7675714285714286,0.654,72.0,0.4051428571428571,0.7111428571428571,0.7569285714285714,0.7667999999999999,0.6915714285714285,,905.2999999999998,0.2930754996299037,0.5963428571428572,0.7431662676243682,0.7603753694581281,0.7614693301049235,0.6620033812341506,0.0661273302849103,0,0,17,1,285.0,2.0,646.09227125,526.6904805882353,204.0575,110.6564705882353,9.31375,10.00764705882353,0.335,0.3052941176470587,3.085,2.5005882352941176,453.75,433.1764705882353,23.875,18.188235294117646,0.7775,0.4264705882352941,2.3225,1.518235294117647,7.2625,6.605882352941176,,7.4,3.685,4.64235294117647,0.06125,0.06125,9.26,9.260000000000002,,,,,,,,,,,,,,,,pea,Давыдкин увал левый,Горох,1.3324255319148937,v17_physical_t_ha,True,5.0,1.1,1.0,320.0,9.0,2.4,0.034,0.0,0.0,0.003,0.0,1.3324255319148937,1.3324255,1.3324255,1.3324255319148937,physical_t_ha,False
232,2025,24.0,43.0,296.0,6.609090909090909,3.7290909090909095,211.9754545454545,649.4797309090909,7.533636363636364,452.7272727272728,72.0,0.4933194444444445,0.784,0.16,0.2465942926701044,0.2025,0.74,0.0069234469525942,0.632,35.519000000000005,191.0,0.624,39.0,2,1,43__24,15.583606557377047,33.2,291.8,2742.6299999999997,3.67,1.629590163934426,39,512.3499999999999,-220.5499999999999,1201.3,9,79,10,2,46.4,567.36,100.52,57.1,14.667741935483871,31.5,695.83,131.17,3.34,64.2,20.083333333333332,30.8,746.16,143.39,2.65,2,124.1,19.20967741935484,33.2,733.28,137.27,3.67,5,0.0816590483590387,0.2475497191080524,-0.0123070876835582,0.0850952541285875,0.1049682738233177,18,2025-05-01,2025-08-27,1,92.0,121.0,5.0,1192.7,245.40000000000003,411.83,-166.42999999999995,2175.2699999999995,3.67,33.0,9.0,59.0,9.0,59.0,0.5547941888619855,0.7732857142857144,0.6237142857142858,75.0,0.4468571428571429,0.7331428571428571,0.7480000000000001,0.7732857142857144,0.6361428571428571,,951.7999999999998,0.2875238095238095,0.625192118226601,0.7452697525937749,0.761059596844873,0.7634891041162228,,0.0625883239644506,0,0,23,1,285.0,2.0,649.4797309090909,533.3163930434783,211.9754545454545,118.60086956521738,13.80363636363636,12.297391304347828,0.2,0.2421739130434783,3.8363636363636378,2.6460869565217395,452.72727272727275,412.4347826086956,17.454545454545453,14.473478260869564,0.1127272727272727,0.1126086956521739,3.3072727272727276,1.8947826086956523,6.609090909090909,6.23391304347826,,7.688333333333333,3.729090909090909,4.374782608695652,0.03,0.03,7.533636363636364,7.533636363636364,,,,,,,,,,,,,,,,pea,Давыдкин увал правый,Горох,1.8102027027027028,v17_physical_t_ha,True,5.0,101.3,1.0,320.0,9.0,2.4,34.0,0.0,0.0,3.0,0.0,1.8102027027027028,1.8102027,1.8102027,1.8102027027027028,physical_t_ha,False
234,2025,62.0,40.0,35.0,6.5,3.73,181.31,492.74302,14.32,480.0,64.0,0.5740937500000001,0.775,0.186,0.194658813596861,0.41075,0.74475,0.005069049825873,0.633,36.742,173.0,0.589,47.0,1,2,40__62,15.3327868852459,33.2,334.59999999999997,2730.74,3.7,1.6133606557377047,33,496.62000000000006,-162.0200000000001,1171.4,9,76,8,2,57.8,565.26,95.79,93.0,14.296774193548387,31.5,693.74,125.16,3.36,64.6,20.0,31.2,745.88,141.66,2.91,3,119.2,19.10967741935484,33.2,725.86,134.01,3.7,4,0.0725207448084519,0.1829433802308803,-0.0239054421768707,0.0574231962481961,0.0718628968057481,18,2025-05-15,2025-09-08,1,78.0,135.0,5.0,1056.5999999999997,223.5,345.98,-122.48000000000002,1854.5599999999995,3.7,28.0,9.0,46.0,8.0,45.0,0.6830571428571428,0.7701428571428571,0.6181428571428572,33.0,0.7628571428571428,0.755,0.7477714285714285,0.6431904761904763,,,417.7,0.6244224270353302,0.7700585714285714,0.7555828571428571,0.7480677627193957,0.6612643678160919,,0.072222418233779,0,0,1,1,285.0,1.0,492.74302,492.74302,181.31,181.31,24.24,24.24,0.48,0.48,2.9,2.9,480.0,480.0,20.0,20.0,0.01,0.01,2.88,2.88,6.5,6.5,,,3.73,3.73,0.04,0.04,14.32,14.32,,,,,,,,,,,,,,,,,Красный яр,Пшеница яровая семеноводство,4.494857142857143,v17_physical_t_ha,True,2.0,0.0,1.0,200.0,6.0,1.1,0.0,0.0,0.0,0.0,0.0,4.494857142857143,4.4948571,4.4948571,4.494857142857143,physical_t_ha,False
