field_id,year,crop_id,prev_crop_id,target_yield_t_ha,target_source,unit_fix_applied,field_tillable_area,field_calculated_area,field_soil_pH,field_soil_OM,field_soil_P,field_soil_K,field_soil_N,field_soil_Mg,ndvi_n_obs_asof,ndvi_mean_asof,ndvi_max_asof,ndvi_min_asof,ndvi_std_asof,ndvi_p25_asof,ndvi_p75_asof,ndvi_p10_max_asof,ndvi_slope_asof,ndvi_last_value_asof,wx_temp_avg_asof,wx_temp_max_asof,wx_precip_sum_asof,wx_gdd_t5_asof,wx_gdd_t6_asof,wx_hot_d30_asof,wx_hot_d35_asof,wx_dry_days_asof,wx_precip_sum_early_asof,wx_hot_d30_early_asof,wx_dry_days_early_asof
195,2010,40.0,40.0,1.7763000000000002,estimate_normalized,True,123.0,122.42127,6.9,3.6425,225.2,499.4803025,7.5175,427.5,47.0,0.4218936170212767,0.667,0.194,0.15762860120138222,0.29200000000000004,0.5665,0.66525,0.006248887504646106,0.664,,,,,,,,,,,
197,2010,40.0,40.0,2.2140999999999997,estimate_normalized,True,343.0,343.71311,6.976923076923077,3.579230769230769,216.96,502.5284007692308,4.591538461538462,454.61538461538464,50.0,0.44670000000000004,0.701,0.171,0.2016786800829478,0.213,0.674,0.6983999999999999,0.007599422574926891,0.68,,,,,,,,,,,
207,2010,40.0,40.0,2.1087,estimate_normalized,True,110.91,110.91329,6.875,3.55,244.935,425.663535,5.4125,412.5,46.0,0.3705869565217391,0.721,0.161,0.21733590272312664,0.18925,0.645,0.7172499999999999,0.0076731792960563,0.631,,,,,,,,,,,
208,2010,40.0,40.0,2.4501,estimate_normalized,True,130.0,128.21593,6.8,3.916,202.758,706.31834,5.7,504.0,44.0,0.41172727272727266,0.719,0.142,0.1948291050261466,0.21225,0.61425,0.7104999999999999,0.007272140188366181,0.7,,,,,,,,,,,
209,2010,40.0,40.0,2.0058,estimate_normalized,True,301.65,301.6502,7.042857142857143,3.5357142857142856,171.9557142857143,277.5815457142857,7.35,437.1428571428572,53.0,0.37035849056603776,0.722,0.153,0.1962685966999097,0.197,0.583,0.7136,0.007100944458445454,0.704,,,,,,,,,,,
210,2010,40.0,40.0,2.4812000000000003,estimate_normalized,True,247.0,245.92428,7.2125,3.72,230.06625,480.10587375,9.455,423.75,48.0,0.4176666666666667,0.742,0.15,0.19906053657674647,0.21675,0.65375,0.73125,0.007270616016414667,0.724,,,,,,,,,,,
212,2010,40.0,40.0,2.5728999999999997,estimate_normalized,True,136.0,134.83369,7.140000000000001,3.766,232.258,464.594502,5.536,432.0,41.0,0.3792439024390244,0.685,0.169,0.1877937088854845,0.206,0.599,0.6847500000000001,0.00672050369744348,0.685,,,,,,,,,,,
213,2010,40.0,40.0,2.1619,estimate_normalized,True,14.0,16.53751,7.2,3.39,148.5,272.23874,13.42,420.0,44.0,0.40993181818181823,0.715,0.179,0.18046535775943165,0.23875,0.6025,0.7034999999999999,0.006670709092878392,0.701,,,,,,,,,,,
214,2010,40.0,40.0,1.955,estimate_normalized,True,9.0,10.99122,7.1,3.67,236.12,399.02591,8.82,420.0,44.0,0.41345454545454546,0.713,0.18,0.17897174161727503,0.2405,0.602,0.70175,0.006630215772949545,0.698,,,,,,,,,,,
215,2010,40.0,40.0,2.5285,estimate_normalized,True,79.0,78.14849,6.666666666666667,3.776666666666667,192.12,392.99891,12.116666666666667,430.0,42.0,0.46342857142857147,0.692,0.187,0.175464979935238,0.30525,0.64275,0.6875,0.006763378200919241,0.683,,,,,,,,,,,
216,2010,40.0,40.0,2.8838,estimate_normalized,True,37.0,37.51924,6.4,3.71,242.68,688.96085,7.64,540.0,36.0,0.5111388888888888,0.715,0.193,0.1714074341668246,0.39975000000000005,0.6932499999999999,0.7133333333333333,0.006841324462583514,0.691,,,,,,,,,,,
217,2010,40.0,40.0,2.0382,estimate_normalized,True,408.0,408.48131,6.94,3.484666666666667,201.10266666666664,313.7409,4.662000000000001,472.0,47.0,0.3906808510638298,0.709,0.171,0.17683459110717462,0.237,0.53,0.707,0.006506023012714374,0.709,,,,,,,,,,,
218,2010,40.0,40.0,2.4997,estimate_normalized,True,39.0,39.30376,7.2,3.87,198.74,289.9543,4.86,390.0,37.0,0.470918918918919,0.728,0.147,0.20422488642834177,0.257,0.664,0.726,0.007574820169897921,0.664,,,,,,,,,,,
219,2010,40.0,40.0,2.4063,estimate_normalized,True,210.0,209.86423,6.8,3.69625,212.37625,656.214605,8.491249999999999,446.25,49.0,0.4215714285714285,0.767,0.158,0.22751954390149182,0.186,0.732,0.75575,0.008072175041023064,0.732,,,,,,,,,,,
220,2010,40.0,40.0,1.9949,estimate_normalized,True,25.0,24.0006,7.3,3.74,197.06,380.11444,6.0,420.0,38.0,0.47407894736842104,0.694,0.174,0.1851520543796294,0.24975,0.6205,0.69,0.006741670485874349,0.672,,,,,,,,,,,
222,2010,40.0,40.0,2.4025,estimate_normalized,True,62.0,62.12991,6.9,3.725,206.315,278.80506,4.845,420.0,41.0,0.4563414634146341,0.749,0.135,0.21767884262070047,0.202,0.696,0.747,0.00801681330703959,0.737,,,,,,,,,,,
223,2010,40.0,40.0,2.8213,estimate_normalized,True,70.0,70.93112,6.433333333333334,3.6633333333333336,175.33333333333334,560.82853,6.72,430.0,42.0,0.5016190476190477,0.697,0.176,0.1965665950863851,0.2485,0.672,0.69125,0.006853972262226521,0.687,,,,,,,,,,,
224,2010,40.0,40.0,2.7485,estimate_normalized,True,104.0,106.08424,6.5,3.808,191.728,598.903534,18.618,516.0,44.0,0.49938636363636363,0.769,0.152,0.216873676669695,0.32475,0.7424999999999999,0.76575,0.008501422084212116,0.742,,,,,,,,,,,
226,2010,40.0,40.0,2.0662,estimate_normalized,True,40.0,41.00801,7.2,3.79,218.81,806.48818,8.56,420.0,40.0,0.4486,0.667,0.165,0.1585934740145382,0.334,0.61025,0.66425,0.006396253935789448,0.667,,,,,,,,,,,
227,2010,40.0,40.0,2.7361,estimate_normalized,True,346.0,348.50924,6.953846153846154,3.8015384615384615,195.0484615384616,763.0697146153847,10.056153846153848,475.38461538461536,50.0,0.4349,0.756,0.124,0.23450895505289346,0.198,0.73775,0.7524000000000001,0.00819170908294994,0.721,,,,,,,,,,,
228,2010,40.0,40.0,2.3478000000000003,estimate_normalized,True,59.0,55.06353,6.699999999999999,3.515,179.82,438.82045,7.755,420.0,39.0,0.520948717948718,0.633,0.191,0.13683059875176531,0.4385,0.618,0.6323333333333333,0.0035334524669951143,0.455,,,,,,,,,,,
229,2010,40.0,40.0,1.4924,estimate_normalized,True,12.0,9.82891,6.4,2.36,225.3,220.85171,12.11,480.0,40.0,0.42119999999999996,0.562,0.124,0.15696913709388863,0.26,0.545,0.5587500000000001,0.0049883194072735835,0.486,,,,,,,,,,,
230,2010,40.0,40.0,2.5814,estimate_normalized,True,223.0,222.45567,7.1000000000000005,3.73,184.71,792.107215,3.6633333333333336,445.0,48.0,0.420125,0.768,0.187,0.21173623774639994,0.22999999999999998,0.65525,0.7625,0.0078295010033027,0.748,,,,,,,,,,,
231,2010,40.0,40.0,2.7244,estimate_normalized,True,235.0,231.50464,7.2625,3.685,204.0575,646.09227125,9.26,453.75,45.0,0.438,0.73,0.192,0.17012361518744082,0.298,0.569,0.7252500000000001,0.0066041848399283915,0.723,,,,,,,,,,,
232,2010,40.0,40.0,2.0457,estimate_normalized,True,296.0,296.88138,6.609090909090909,3.7290909090909095,211.9754545454545,649.4797309090909,7.533636363636364,452.7272727272728,48.0,0.39018749999999996,0.748,0.163,0.21186460458765483,0.211,0.60375,0.7437499999999999,0.007819472784480511,0.733,,,,,,,,,,,
233,2010,40.0,40.0,2.9024,estimate_normalized,True,39.0,38.82,6.7,3.57,211.75,698.55237,6.06,510.0,40.0,0.5506,0.728,0.181,0.18025049237103347,0.49075,0.6922499999999999,0.7262500000000001,0.006474058467210955,0.657,,,,,,,,,,,
234,2010,40.0,40.0,3.0815,estimate_normalized,True,35.0,36.18,6.5,3.73,181.31,492.74302,14.32,480.0,40.0,0.50735,0.723,0.194,0.17888188141899672,0.32525000000000004,0.67125,0.7137499999999999,0.00639880651679717,0.671,,,,,,,,,,,
195,2011,40.0,40.0,1.6393999999999995,estimate_normalized,True,123.0,122.42127,6.9,3.6425,225.2,499.4803025,7.5175,427.5,62.0,0.4013870967741936,0.676,0.161,0.19170393460538102,0.19925,0.56275,0.6718333333333333,0.005537490144752096,0.537,,,,,,,,,,,
197,2011,40.0,40.0,2.1288,estimate_normalized,True,343.0,343.71311,6.976923076923077,3.579230769230769,216.96,502.5284007692308,4.591538461538462,454.61538461538464,70.0,0.44612857142857143,0.747,0.111,0.23389997382450053,0.18725,0.696,0.7304285714285713,0.0071386691326857194,0.654,,,,,,,,,,,
207,2011,40.0,40.0,1.7486000000000002,estimate_normalized,True,110.91,110.91329,6.875,3.55,244.935,425.663535,5.4125,412.5,65.0,0.4269538461538462,0.725,0.152,0.21456427624153385,0.183,0.626,0.7193333333333333,0.005716149549261194,0.478,,,,,,,,,,,
208,2011,40.0,40.0,2.301,estimate_normalized,True,130.0,128.21593,6.8,3.916,202.758,706.31834,5.7,504.0,62.0,0.4986774193548386,0.798,0.119,0.24301896741277734,0.216,0.7464999999999999,0.7878333333333334,0.006282013863553447,0.494,,,,,,,,,,,
209,2011,40.0,40.0,2.1288,estimate_normalized,True,301.65,301.6502,7.042857142857143,3.5357142857142856,171.9557142857143,277.5815457142857,7.35,437.1428571428572,73.0,0.48439726027397256,0.817,0.155,0.2412697995126565,0.209,0.732,0.807,0.006012208422311976,0.403,,,,,,,,,,,
210,2011,40.0,40.0,2.3706,estimate_normalized,True,247.0,245.92428,7.2125,3.72,230.06625,480.10587375,9.455,423.75,65.0,0.49918461538461545,0.817,0.135,0.251060635783941,0.221,0.753,0.8116666666666669,0.006401417742353882,0.462,,,,,,,,,,,
212,2011,40.0,40.0,2.1887,estimate_normalized,True,136.0,134.83369,7.140000000000001,3.766,232.258,464.594502,5.536,432.0,63.0,0.44771428571428573,0.737,0.167,0.2261144132760149,0.201,0.6765000000000001,0.7236666666666666,0.006409139806703546,0.603,,,,,,,,,,,
213,2011,40.0,40.0,1.984,estimate_normalized,True,14.0,16.53751,7.2,3.39,148.5,272.23874,13.42,420.0,62.0,0.4741935483870967,0.788,0.156,0.22352165506043778,0.22875,0.69275,0.7856666666666667,0.005668039249797614,0.458,,,,,,,,,,,
214,2011,40.0,40.0,2.053,estimate_normalized,True,9.0,10.99122,7.1,3.67,236.12,399.02591,8.82,420.0,62.0,0.47558064516129034,0.789,0.157,0.22545198676229855,0.22925,0.6935,0.7866666666666667,0.005780622232576844,0.466,,,,,,,,,,,
215,2011,40.0,40.0,2.2013000000000003,estimate_normalized,True,79.0,78.14849,6.666666666666667,3.776666666666667,192.12,392.99891,12.116666666666667,430.0,57.0,0.46938596491228074,0.735,0.136,0.21303082343370142,0.245,0.672,0.7215999999999999,0.006593692587206346,0.649,,,,,,,,,,,
216,2011,40.0,40.0,2.4407,estimate_normalized,True,37.0,37.51924,6.4,3.71,242.68,688.96085,7.64,540.0,56.0,0.5045178571428571,0.702,0.209,0.18559614288166393,0.30625,0.673,0.7001999999999999,0.005782444712473431,0.66,,,,,,,,,,,
217,2011,40.0,40.0,2.475,estimate_normalized,True,408.0,408.48131,6.94,3.484666666666667,201.10266666666664,313.7409,4.662000000000001,472.0,63.0,0.4439841269841269,0.71,0.167,0.22790512451411313,0.195,0.6865000000000001,0.7081666666666667,0.006978045002092784,0.65,,,,,,,,,,,
218,2011,40.0,40.0,1.6986,estimate_normalized,True,39.0,39.30376,7.2,3.87,198.74,289.9543,4.86,390.0,53.0,0.4170377358490567,0.706,0.15,0.2070573671545807,0.221,0.655,0.705,0.006376640694696248,0.638,,,,,,,,,,,
219,2011,40.0,40.0,2.0567,estimate_normalized,True,210.0,209.86423,6.8,3.69625,212.37625,656.214605,8.491249999999999,446.25,65.0,0.4517538461538462,0.766,0.169,0.21601211011417004,0.203,0.632,0.7533333333333333,0.005488290531895449,0.477,,,,,,,,,,,
220,2011,40.0,40.0,2.4819,estimate_normalized,True,25.0,24.0006,7.3,3.74,197.06,380.11444,6.0,420.0,58.0,0.4570862068965517,0.724,0.156,0.21138486590550476,0.218,0.6485000000000001,0.7172000000000001,0.00617288204224516,0.63,,,,,,,,,,,
222,2011,40.0,40.0,2.2814,estimate_normalized,True,62.0,62.12991,6.9,3.725,206.315,278.80506,4.845,420.0,60.0,0.49233333333333335,0.76,0.165,0.20309781442010205,0.258,0.684,0.742,0.005275059926048526,0.499,,,,,,,,,,,
223,2011,40.0,40.0,2.9623999999999997,estimate_normalized,True,70.0,70.93112,6.433333333333334,3.6633333333333336,175.33333333333334,560.82853,6.72,430.0,61.0,0.48457377049180317,0.748,0.168,0.2294754859593399,0.22,0.698,0.7413333333333334,0.006719279796536263,0.671,,,,,,,,,,,
224,2011,40.0,40.0,2.2157,estimate_normalized,True,104.0,106.08424,6.5,3.808,191.728,598.903534,18.618,516.0,58.0,0.4401034482758621,0.732,0.15,0.21092372290631775,0.22625,0.6847500000000001,0.7209999999999999,0.006653994657860413,0.664,,,,,,,,,,,
226,2011,40.0,40.0,2.5954,estimate_normalized,True,40.0,41.00801,7.2,3.79,218.81,806.48818,8.56,420.0,54.0,0.4876111111111111,0.737,0.12,0.18618036025104764,0.27625,0.6425000000000001,0.7246,0.0056752438721683245,0.601,,,,,,,,,,,
227,2011,40.0,40.0,1.7692,estimate_normalized,True,346.0,348.50924,6.953846153846154,3.8015384615384615,195.0484615384616,763.0697146153847,10.056153846153848,475.38461538461536,69.0,0.4227246376811594,0.696,0.143,0.2033576761901267,0.196,0.604,0.6888333333333333,0.005669548485721528,0.519,,,,,,,,,,,
228,2011,40.0,40.0,1.8424,estimate_normalized,True,59.0,55.06353,6.699999999999999,3.515,179.82,438.82045,7.755,420.0,55.0,0.449309090909091,0.73,0.181,0.2230183745163183,0.2045,0.702,0.7248,0.006879748044031324,0.693,,,,,,,,,,,
229,2011,40.0,40.0,1.6809,estimate_normalized,True,12.0,9.82891,6.4,2.36,225.3,220.85171,12.11,480.0,52.0,0.359923076923077,0.609,0.024,0.19193647247841047,0.177,0.516,0.6035999999999999,0.0059388910324990815,0.585,,,,,,,,,,,
230,2011,40.0,40.0,1.7643,estimate_normalized,True,223.0,222.45567,7.1000000000000005,3.73,184.71,792.107215,3.6633333333333336,445.0,67.0,0.44017910447761194,0.759,0.154,0.21468462988683149,0.214,0.6345000000000001,0.7468333333333333,0.00529255101259856,0.415,,,,,,,,,,,
231,2011,40.0,40.0,1.6755,estimate_normalized,True,235.0,231.50464,7.2625,3.685,204.0575,646.09227125,9.26,453.75,66.0,0.41948484848484846,0.716,0.167,0.20176180393723522,0.201,0.5854999999999999,0.7113333333333333,0.005374993609588457,0.475,,,,,,,,,,,
232,2011,40.0,40.0,1.7736,estimate_normalized,True,296.0,296.88138,6.609090909090909,3.7290909090909095,211.9754545454545,649.4797309090909,7.533636363636364,452.7272727272728,67.0,0.41101492537313433,0.703,0.151,0.21138389018788678,0.191,0.6014999999999999,0.699,0.005993633690406065,0.536,,,,,,,,,,,
233,2011,40.0,40.0,2.1271,estimate_normalized,True,39.0,38.82,6.7,3.57,211.75,698.55237,6.06,510.0,50.0,0.46643999999999997,0.711,0.171,0.18359860130186179,0.29374999999999996,0.6234999999999999,0.7061999999999999,0.005376648991517861,0.581,,,,,,,,,,,
234,2011,40.0,40.0,2.5765,estimate_normalized,True,35.0,36.18,6.5,3.73,181.31,492.74302,14.32,480.0,55.0,0.489109090909091,0.728,0.173,0.20582381457117177,0.263,0.7015,0.7271999999999998,0.006211339150210401,0.692,,,,,,,,,,,
195,2012,40.0,40.0,2.0692,estimate_normalized,True,123.0,122.42127,6.9,3.6425,225.2,499.4803025,7.5175,427.5,68.0,0.36604411764705885,0.76,0.168,0.21768619034150494,0.2075,0.52625,0.7586666666666666,0.006224853857961334,0.712,,,,,,,,,,,
197,2012,40.0,40.0,1.5663,estimate_normalized,True,343.0,343.71311,6.976923076923077,3.579230769230769,216.96,502.5284007692308,4.591538461538462,454.61538461538464,69.0,0.3827536231884057,0.681,0.121,0.1955955903149164,0.206,0.606,0.6763333333333333,0.005842818380414134,0.65,,,,,,,,,,,
207,2012,40.0,40.0,2.0149,estimate_normalized,True,110.91,110.91329,6.875,3.55,244.935,425.663535,5.4125,412.5,66.0,0.40615151515151515,0.752,0.143,0.23956312778613073,0.185,0.71075,0.7486666666666667,0.0069546012875392775,0.671,,,,,,,,,,,
208,2012,40.0,40.0,2.0003,estimate_normalized,True,130.0,128.21593,6.8,3.916,202.758,706.31834,5.7,504.0,64.0,0.414734375,0.767,0.15,0.19465211293063164,0.25475000000000003,0.435,0.7658333333333333,0.005830271381878846,0.732,,,,,,,,,,,
209,2012,40.0,40.0,2.1412,estimate_normalized,True,301.65,301.6502,7.042857142857143,3.5357142857142856,171.9557142857143,277.5815457142857,7.35,437.1428571428572,66.0,0.38731818181818184,0.736,0.124,0.20585550677458567,0.2255,0.621,0.729,0.006121771458104415,0.67,,,,,,,,,,,
210,2012,40.0,40.0,1.8137,estimate_normalized,True,247.0,245.92428,7.2125,3.72,230.06625,480.10587375,9.455,423.75,66.0,0.4435757575757576,0.666,0.201,0.14254016558936733,0.33925000000000005,0.546,0.6601666666666667,0.004374090305124482,0.65,,,,,,,,,,,
212,2012,40.0,40.0,2.4481,estimate_normalized,True,136.0,134.83369,7.140000000000001,3.766,232.258,464.594502,5.536,432.0,62.0,0.36909677419354836,0.772,0.149,0.22393041183464316,0.199,0.5327500000000001,0.7698333333333335,0.0064621928825457295,0.741,,,,,,,,,,,
213,2012,40.0,40.0,1.6418,estimate_normalized,True,14.0,16.53751,7.2,3.39,148.5,272.23874,13.42,420.0,62.0,0.43114516129032254,0.694,0.174,0.1714398085639909,0.2985,0.6145,0.6925,0.005265344543113077,0.656,,,,,,,,,,,
214,2012,40.0,40.0,1.6657,estimate_normalized,True,9.0,10.99122,7.1,3.67,236.12,399.02591,8.82,420.0,62.0,0.4336612903225807,0.689,0.176,0.1679820404713424,0.306,0.6085,0.6883333333333334,0.005163591399275225,0.651,,,,,,,,,,,
215,2012,40.0,40.0,1.9233,estimate_normalized,True,79.0,78.14849,6.666666666666667,3.776666666666667,192.12,392.99891,12.116666666666667,430.0,57.0,0.4078245614035088,0.644,0.14,0.14748941357275683,0.306,0.555,0.6366,0.004596181380310422,0.619,,,,,,,,,,,
216,2012,40.0,40.0,2.4394,estimate_normalized,True,37.0,37.51924,6.4,3.71,242.68,688.96085,7.64,540.0,59.0,0.48867796610169495,0.689,0.159,0.1716069060162598,0.3465,0.67,0.6878,0.0052444723343491925,0.685,,,,,,,,,,,
217,2012,40.0,40.0,1.6152000000000002,estimate_normalized,True,408.0,408.48131,6.94,3.484666666666667,201.10266666666664,313.7409,4.662000000000001,472.0,63.0,0.35179365079365066,0.672,0.153,0.18645414421834533,0.19,0.5005,0.6678333333333334,0.005506670934699107,0.64,,,,,,,,,,,
218,2012,40.0,40.0,1.8592,estimate_normalized,True,39.0,39.30376,7.2,3.87,198.74,289.9543,4.86,390.0,58.0,0.41336206896551725,0.682,0.129,0.18010396406404122,0.247,0.61325,0.6772000000000001,0.005517352171920722,0.614,,,,,,,,,,,
219,2012,40.0,40.0,1.8639,estimate_normalized,True,210.0,209.86423,6.8,3.69625,212.37625,656.214605,8.491249999999999,446.25,64.0,0.361296875,0.754,0.157,0.2205838615815635,0.20675,0.532,0.754,0.006301006891060055,0.754,,,,,,,,,,,
220,2012,40.0,40.0,1.7906,estimate_normalized,True,25.0,24.0006,7.3,3.74,197.06,380.11444,6.0,420.0,60.0,0.42611666666666675,0.682,0.15,0.17965616156672415,0.25525,0.6185,0.6791666666666667,0.005401382531850586,0.648,,,,,,,,,,,
222,2012,40.0,40.0,1.3562,estimate_normalized,True,62.0,62.12991,6.9,3.725,206.315,278.80506,4.845,420.0,61.0,0.3776393442622951,0.669,0.171,0.15636076745644992,0.263,0.438,0.6618333333333334,0.0045358606977138885,0.626,,,,,,,,,,,
223,2012,40.0,40.0,1.3923,estimate_normalized,True,70.0,70.93112,6.433333333333334,3.6633333333333336,175.33333333333334,560.82853,6.72,430.0,61.0,0.38663934426229496,0.71,0.151,0.18956542473591462,0.246,0.539,0.7055000000000001,0.005687351702287952,0.649,,,,,,,,,,,
224,2012,40.0,40.0,2.8529,estimate_normalized,True,104.0,106.08424,6.5,3.808,191.728,598.903534,18.618,516.0,61.0,0.44000000000000006,0.694,0.161,0.1902465182465057,0.27,0.673,0.6853333333333333,0.00587009700911719,0.694,,,,,,,,,,,
226,2012,40.0,40.0,1.3478,estimate_normalized,True,40.0,41.00801,7.2,3.79,218.81,806.48818,8.56,420.0,58.0,0.4272758620689655,0.654,0.112,0.1657675764960093,0.288,0.5845,0.6472,0.00503579422477585,0.635,,,,,,,,,,,
227,2012,40.0,40.0,1.6476,estimate_normalized,True,346.0,348.50924,6.953846153846154,3.8015384615384615,195.0484615384616,763.0697146153847,10.056153846153848,475.38461538461536,68.0,0.3621323529411764,0.645,0.129,0.17922274215687128,0.20175,0.5792499999999999,0.6371666666666667,0.005287592260255477,0.57,,,,,,,,,,,
228,2012,40.0,40.0,1.1162,estimate_normalized,True,59.0,55.06353,6.699999999999999,3.515,179.82,438.82045,7.755,420.0,57.0,0.3438421052631579,0.595,0.176,0.1219821369542227,0.241,0.449,0.5708,0.0036315980063090125,0.595,,,,,,,,,,,
229,2012,40.0,40.0,0.9024,estimate_normalized,True,12.0,9.82891,6.4,2.36,225.3,220.85171,12.11,480.0,61.0,0.30862295081967217,0.492,0.089,0.11763700264496993,0.24,0.392,0.4623333333333333,0.0033355173447216606,0.492,,,,,,,,,,,
230,2012,40.0,40.0,2.2159,estimate_normalized,True,223.0,222.45567,7.1000000000000005,3.73,184.71,792.107215,3.6633333333333336,445.0,63.0,0.37488888888888894,0.772,0.137,0.21907330882252174,0.211,0.5609999999999999,0.7648333333333334,0.006264103622981498,0.727,,,,,,,,,,,
231,2012,40.0,40.0,1.7558,estimate_normalized,True,235.0,231.50464,7.2625,3.685,204.0575,646.09227125,9.26,453.75,65.0,0.37560000000000004,0.655,0.159,0.19460728107178787,0.216,0.632,0.6485,0.00552981388853915,0.626,,,,,,,,,,,
232,2012,40.0,40.0,2.3602,estimate_normalized,True,296.0,296.88138,6.609090909090909,3.7290909090909095,211.9754545454545,649.4797309090909,7.533636363636364,452.7272727272728,67.0,0.43189552238805967,0.776,0.163,0.23907783871581578,0.1995,0.736,0.766,0.006965583499770148,0.686,,,,,,,,,,,
233,2012,40.0,40.0,1.9567,estimate_normalized,True,39.0,38.82,6.7,3.57,211.75,698.55237,6.06,510.0,59.0,0.4203050847457626,0.63,0.141,0.1602530048622044,0.284,0.604,0.625,0.004676173099161295,0.575,,,,,,,,,,,
234,2012,40.0,40.0,1.7617,estimate_normalized,True,35.0,36.18,6.5,3.73,181.31,492.74302,14.32,480.0,59.0,0.45028813559322034,0.757,0.16,0.17320851065787904,0.325,0.5555000000000001,0.7552000000000001,0.0053479137527232485,0.593,,,,,,,,,,,
195,2013,40.0,40.0,1.9425,estimate_normalized,True,123.0,122.42127,6.9,3.6425,225.2,499.4803025,7.5175,427.5,32.0,0.44865625,0.631,0.176,0.17281684838561748,0.2615,0.61075,0.624,0.005816090405466577,0.533,13.87788617886179,32.6,161.2,1142.8,1031.42,4.0,0.0,91.0,53.1,0.0,47.0
197,2013,40.0,40.0,1.6961,estimate_normalized,True,343.0,343.71311,6.976923076923077,3.579230769230769,216.96,502.5284007692308,4.591538461538462,454.61538461538464,39.0,0.4488717948717948,0.716,0.153,0.2021357984112229,0.266,0.6755,0.7149999999999999,0.007446253364009782,0.672,13.87788617886179,32.6,161.2,1142.8,1031.42,4.0,0.0,91.0,53.1,0.0,47.0
207,2013,40.0,40.0,2.2497,estimate_normalized,True,110.91,110.91329,6.875,3.55,244.935,425.663535,5.4125,412.5,39.0,0.5248974358974358,0.672,0.211,0.12110152445033302,0.48,0.6234999999999999,0.6666666666666666,0.003436751349727145,0.472,13.87788617886179,32.6,161.2,1142.8,1031.42,4.0,0.0,91.0,53.1,0.0,47.0
208,2013,40.0,40.0,2.7517,estimate_normalized,True,130.0,128.21593,6.8,3.916,202.758,706.31834,5.7,504.0,38.0,0.49457894736842123,0.748,0.177,0.2051200715856764,0.274,0.6935,0.7426666666666666,0.007518651541144961,0.699,13.87788617886179,32.6,161.2,1142.8,1031.42,4.0,0.0,91.0,53.1,0.0,47.0
209,2013,40.0,40.0,1.7872,estimate_normalized,True,301.65,301.6502,7.042857142857143,3.5357142857142856,171.9557142857143,277.5815457142857,7.35,437.1428571428572,35.0,0.46799999999999997,0.667,0.157,0.181438537409071,0.3145,0.661,0.665,0.006517697205989648,0.581,13.87788617886179,32.6,161.2,1142.8,1031.42,4.0,0.0,91.0,53.1,0.0,47.0
210,2013,40.0,40.0,1.9414,estimate_normalized,True,247.0,245.92428,7.2125,3.72,230.06625,480.10587375,9.455,423.75,36.0,0.4462777777777778,0.717,0.15,0.1690216309482164,0.33725,0.60875,0.7143333333333333,0.0059281765505227865,0.717,13.87788617886179,32.6,161.2,1142.8,1031.42,4.0,0.0,91.0,53.1,0.0,47.0
212,2013,40.0,40.0,2.199,estimate_normalized,True,136.0,134.83369,7.140000000000001,3.766,232.258,464.594502,5.536,432.0,37.0,0.4861891891891892,0.687,0.202,0.18155422655621012,0.302,0.663,0.6859999999999999,0.006896942203533149,0.66,13.87788617886179,32.6,161.2,1142.8,1031.42,4.0,0.0,91.0,53.1,0.0,47.0
213,2013,40.0,40.0,2.0484,estimate_normalized,True,14.0,16.53751,7.2,3.39,148.5,272.23874,13.42,420.0,31.0,0.47612903225806447,0.698,0.136,0.1733842910500673,0.347,0.677,0.6886666666666666,0.0064380108015801825,0.677,13.87788617886179,32.6,161.2,1142.8,1031.42,4.0,0.0,91.0,53.1,0.0,47.0
214,2013,40.0,40.0,2.064,estimate_normalized,True,9.0,10.99122,7.1,3.67,236.12,399.02591,8.82,420.0,30.0,0.4803666666666667,0.7,0.138,0.1707845588908891,0.38,0.6665000000000001,0.691,0.006325000579020912,0.688,13.87788617886179,32.6,161.2,1142.8,1031.42,4.0,0.0,91.0,53.1,0.0,47.0
215,2013,40.0,40.0,1.1653,estimate_normalized,True,79.0,78.14849,6.666666666666667,3.776666666666667,192.12,392.99891,12.116666666666667,430.0,29.0,0.4629655172413793,0.603,0.223,0.11817038626597487,0.377,0.564,0.6025,0.00458594649245606,0.59,13.87788617886179,32.6,161.2,1142.8,1031.42,4.0,0.0,91.0,53.1,0.0,47.0
216,2013,40.0,40.0,2.4091,estimate_normalized,True,37.0,37.51924,6.4,3.71,242.68,688.96085,7.64,540.0,30.0,0.5725666666666667,0.739,0.238,0.15468563461277052,0.507,0.7184999999999999,0.738,0.005889126861147845,0.732,13.87788617886179,32.6,161.2,1142.8,1031.42,4.0,0.0,91.0,53.1,0.0,47.0
217,2013,40.0,40.0,2.2975000000000003,estimate_normalized,True,408.0,408.48131,6.94,3.484666666666667,201.10266666666664,313.7409,4.662000000000001,472.0,38.0,0.44842105263157894,0.684,0.177,0.17481307785279013,0.3235,0.6285000000000001,0.684,0.006878457964864789,0.677,13.87788617886179,32.6,161.2,1142.8,1031.42,4.0,0.0,91.0,53.1,0.0,47.0
218,2013,40.0,40.0,1.376,estimate_normalized,True,39.0,39.30376,7.2,3.87,198.74,289.9543,4.86,390.0,28.0,0.3860357142857143,0.469,0.218,0.07200767922483642,0.381,0.429,0.4645,0.0025369053704478216,0.402,13.87788617886179,32.6,161.2,1142.8,1031.42,4.0,0.0,91.0,53.1,0.0,47.0
219,2013,40.0,40.0,1.7675999999999998,estimate_normalized,True,210.0,209.86423,6.8,3.69625,212.37625,656.214605,8.491249999999999,446.25,35.0,0.42337142857142857,0.69,0.161,0.1870095621259261,0.22999999999999998,0.598,0.6846666666666668,0.006643865244648789,0.69,13.87788617886179,32.6,161.2,1142.8,1031.42,4.0,0.0,91.0,53.1,0.0,47.0
220,2013,40.0,40.0,1.8199,estimate_normalized,True,25.0,24.0006,7.3,3.74,197.06,380.11444,6.0,420.0,36.0,0.4639166666666667,0.668,0.187,0.12268645107662776,0.46799999999999997,0.529,0.6333333333333333,0.0037820979165107587,0.515,13.87788617886179,32.6,161.2,1142.8,1031.42,4.0,0.0,91.0,53.1,0.0,47.0
222,2013,40.0,40.0,1.1753,estimate_normalized,True,62.0,62.12991,6.9,3.725,206.315,278.80506,4.845,420.0,32.0,0.40096875000000004,0.538,0.227,0.08748552893729054,0.363,0.46325000000000005,0.533,0.0018257053912164884,0.37,13.87788617886179,32.6,161.2,1142.8,1031.42,4.0,0.0,91.0,53.1,0.0,47.0
223,2013,40.0,40.0,1.459,estimate_normalized,True,70.0,70.93112,6.433333333333334,3.6633333333333336,175.33333333333334,560.82853,6.72,430.0,35.0,0.4392857142857143,0.606,0.193,0.10218766250065092,0.4155,0.501,0.6053333333333333,0.0021555307589688926,0.403,13.87788617886179,32.6,161.2,1142.8,1031.42,4.0,0.0,91.0,53.1,0.0,47.0
224,2013,40.0,40.0,2.4626,estimate_normalized,True,104.0,106.08424,6.5,3.808,191.728,598.903534,18.618,516.0,33.0,0.5107878787878787,0.738,0.215,0.18997938605491776,0.347,0.715,0.7376666666666667,0.0076045779208648336,0.715,13.87788617886179,32.6,161.2,1142.8,1031.42,4.0,0.0,91.0,53.1,0.0,47.0
226,2013,40.0,40.0,1.8177,estimate_normalized,True,40.0,41.00801,7.2,3.79,218.81,806.48818,8.56,420.0,28.0,0.5555714285714286,0.653,0.264,0.11893168164101264,0.5385,0.63325,0.6515,0.004060158116118034,0.635,13.87788617886179,32.6,161.2,1142.8,1031.42,4.0,0.0,91.0,53.1,0.0,47.0
227,2013,40.0,40.0,2.0164999999999997,estimate_normalized,True,346.0,348.50924,6.953846153846154,3.8015384615384615,195.0484615384616,763.0697146153847,10.056153846153848,475.38461538461536,35.0,0.42919999999999997,0.719,0.179,0.20470659142154796,0.228,0.646,0.7183333333333333,0.007199769060766165,0.718,,,,,,,,,,,
228,2013,40.0,40.0,2.4112,estimate_normalized,True,59.0,55.06353,6.699999999999999,3.515,179.82,438.82045,7.755,420.0,30.0,0.6266333333333332,0.707,0.506,0.058702914938035415,0.57675,0.6847500000000001,0.699,0.0004919845888335598,0.528,13.87788617886179,32.6,161.2,1142.8,1031.42,4.0,0.0,91.0,53.1,0.0,47.0
229,2013,40.0,40.0,1.8671,estimate_normalized,True,12.0,9.82891,6.4,2.36,225.3,220.85171,12.11,480.0,31.0,0.558258064516129,0.647,0.339,0.08311708327256061,0.5215000000000001,0.622,0.6456666666666667,0.0021631723880499274,0.52,13.87788617886179,32.6,161.2,1142.8,1031.42,4.0,0.0,91.0,53.1,0.0,47.0
230,2013,40.0,40.0,2.8546,estimate_normalized,True,223.0,222.45567,7.1000000000000005,3.73,184.71,792.107215,3.6633333333333336,445.0,39.0,0.4774615384615383,0.716,0.155,0.21300305115833748,0.267,0.6944999999999999,0.7153333333333333,0.007721848289007356,0.682,13.87788617886179,32.6,161.2,1142.8,1031.42,4.0,0.0,91.0,53.1,0.0,47.0
231,2013,40.0,40.0,2.2302,estimate_normalized,True,235.0,231.50464,7.2625,3.685,204.0575,646.09227125,9.26,453.75,39.0,0.46089743589743587,0.744,0.16,0.21493645988593268,0.2805,0.716,0.7440000000000001,0.007467892437509195,0.744,13.87788617886179,32.6,161.2,1142.8,1031.42,4.0,0.0,91.0,53.1,0.0,47.0
232,2013,40.0,40.0,2.3914999999999997,estimate_normalized,True,296.0,296.88138,6.609090909090909,3.7290909090909095,211.9754545454545,649.4797309090909,7.533636363636364,452.7272727272728,40.0,0.488575,0.746,0.175,0.23146942427672818,0.28175,0.7224999999999999,0.74575,0.007955199795820074,0.72,13.87788617886179,32.6,161.2,1142.8,1031.42,4.0,0.0,91.0,53.1,0.0,47.0
233,2013,40.0,40.0,1.5523,estimate_normalized,True,39.0,38.82,6.7,3.57,211.75,698.55237,6.06,510.0,31.0,0.4735483870967742,0.603,0.207,0.10478790828719216,0.4295,0.533,0.6,0.003175351201794083,0.603,13.87788617886179,32.6,161.2,1142.8,1031.42,4.0,0.0,91.0,53.1,0.0,47.0
234,2013,40.0,40.0,2.1286,estimate_normalized,True,35.0,36.18,6.5,3.73,181.31,492.74302,14.32,480.0,27.0,0.6466296296296297,0.736,0.489,0.07366548422788986,0.613,0.7064999999999999,0.7324999999999999,0.0014232401428431682,0.617,13.87788617886179,32.6,161.2,1142.8,1031.42,4.0,0.0,91.0,53.1,0.0,47.0
195,2014,40.0,40.0,2.7474,estimate_normalized,True,123.0,122.42127,6.9,3.6425,225.2,499.4803025,7.5175,427.5,60.0,0.41223333333333334,0.737,0.148,0.23055782836898472,0.19675,0.67025,0.726,0.00627386142795387,0.719,15.34089430894309,35.8,204.0,1294.1299999999999,1180.03,29.0,5.0,94.0,65.3,2.0,49.0
197,2014,40.0,40.0,2.2187,estimate_normalized,True,343.0,343.71311,6.976923076923077,3.579230769230769,216.96,502.5284007692308,4.591538461538462,454.61538461538464,62.0,0.43212903225806454,0.713,0.154,0.22275680966898,0.196,0.67,0.7025,0.006277486127465846,0.571,15.34089430894309,35.8,204.0,1294.1299999999999,1180.03,29.0,5.0,94.0,65.3,2.0,49.0
207,2014,40.0,40.0,2.2424,estimate_normalized,True,110.91,110.91329,6.875,3.55,244.935,425.663535,5.4125,412.5,58.0,0.41727586206896555,0.703,0.168,0.2113949395133267,0.204,0.6485000000000001,0.6926,0.005787679736919422,0.637,15.34089430894309,35.8,204.0,1294.1299999999999,1180.03,29.0,5.0,94.0,65.3,2.0,49.0
208,2014,40.0,40.0,2.9195,estimate_normalized,True,130.0,128.21593,6.8,3.916,202.758,706.31834,5.7,504.0,57.0,0.44652631578947366,0.738,0.145,0.2164860601049405,0.225,0.692,0.7325999999999999,0.006241939530186036,0.708,15.34089430894309,35.8,204.0,1294.1299999999999,1180.03,29.0,5.0,94.0,65.3,2.0,49.0
209,2014,40.0,40.0,2.7874,estimate_normalized,True,301.65,301.6502,7.042857142857143,3.5357142857142856,171.9557142857143,277.5815457142857,7.35,437.1428571428572,63.0,0.4278888888888889,0.711,0.159,0.22714907426629605,0.199,0.6924999999999999,0.7098333333333332,0.006285617382887825,0.634,15.34089430894309,35.8,204.0,1294.1299999999999,1180.03,29.0,5.0,94.0,65.3,2.0,49.0
210,2014,40.0,40.0,2.9256,estimate_normalized,True,247.0,245.92428,7.2125,3.72,230.06625,480.10587375,9.455,423.75,61.0,0.43898360655737695,0.783,0.167,0.23258923842176293,0.214,0.699,0.7666666666666667,0.006531499159427881,0.717,15.34089430894309,35.8,204.0,1294.1299999999999,1180.03,29.0,5.0,94.0,65.3,2.0,49.0
212,2014,40.0,40.0,2.45,estimate_normalized,True,136.0,134.83369,7.140000000000001,3.766,232.258,464.594502,5.536,432.0,57.0,0.3712631578947369,0.728,0.148,0.20975353342199068,0.18,0.605,0.6961999999999999,0.005846909302313522,0.728,15.34089430894309,35.8,204.0,1294.1299999999999,1180.03,29.0,5.0,94.0,65.3,2.0,49.0
213,2014,40.0,40.0,2.4244,estimate_normalized,True,14.0,16.53751,7.2,3.39,148.5,272.23874,13.42,420.0,58.0,0.4468793103448276,0.732,0.169,0.215379382804983,0.233,0.68225,0.7232,0.006052118388504925,0.674,15.34089430894309,35.8,204.0,1294.1299999999999,1180.03,29.0,5.0,94.0,65.3,2.0,49.0
214,2014,40.0,40.0,2.6513,estimate_normalized,True,9.0,10.99122,7.1,3.67,236.12,399.02591,8.82,420.0,58.0,0.44756896551724135,0.736,0.17,0.21647299043664783,0.2335,0.68525,0.7276,0.006090954286272732,0.68,15.34089430894309,35.8,204.0,1294.1299999999999,1180.03,29.0,5.0,94.0,65.3,2.0,49.0
215,2014,40.0,40.0,2.6138000000000003,estimate_normalized,True,79.0,78.14849,6.666666666666667,3.776666666666667,192.12,392.99891,12.116666666666667,430.0,54.0,0.6127037037037035,0.74,0.371,0.1068572307523471,0.54625,0.71,0.7342000000000001,0.0016439951009857578,0.443,15.34089430894309,35.8,204.0,1294.1299999999999,1180.03,29.0,5.0,94.0,65.3,2.0,49.0
216,2014,40.0,40.0,2.9909,estimate_normalized,True,37.0,37.51924,6.4,3.71,242.68,688.96085,7.64,540.0,52.0,0.5480192307692308,0.755,0.181,0.21288788042107404,0.31375,0.728,0.7496,0.006788880385756277,0.685,15.34089430894309,35.8,204.0,1294.1299999999999,1180.03,29.0,5.0,94.0,65.3,2.0,49.0
217,2014,40.0,40.0,3.0689,estimate_normalized,True,408.0,408.48131,6.94,3.484666666666667,201.10266666666664,313.7409,4.662000000000001,472.0,58.0,0.4100172413793104,0.776,0.159,0.23448766538983712,0.19225,0.61925,0.7736000000000001,0.006457241709898018,0.748,15.34089430894309,35.8,204.0,1294.1299999999999,1180.03,29.0,5.0,94.0,65.3,2.0,49.0
218,2014,40.0,40.0,2.1887,estimate_normalized,True,39.0,39.30376,7.2,3.87,198.74,289.9543,4.86,390.0,54.0,0.43464814814814823,0.658,0.156,0.16980775157975161,0.249,0.5905,0.6498,0.005389225955573139,0.601,15.34089430894309,35.8,204.0,1294.1299999999999,1180.03,29.0,5.0,94.0,65.3,2.0,49.0
219,2014,40.0,40.0,2.3038,estimate_normalized,True,210.0,209.86423,6.8,3.69625,212.37625,656.214605,8.491249999999999,446.25,58.0,0.4448448275862069,0.792,0.156,0.24890094981352265,0.1855,0.7015,0.7672000000000001,0.006731007659953227,0.577,15.34089430894309,35.8,204.0,1294.1299999999999,1180.03,29.0,5.0,94.0,65.3,2.0,49.0
220,2014,40.0,40.0,2.0431,estimate_normalized,True,25.0,24.0006,7.3,3.74,197.06,380.11444,6.0,420.0,49.0,0.5158571428571429,0.711,0.165,0.18697506108940773,0.32,0.693,0.709,0.004977773247686878,0.494,15.34089430894309,35.8,204.0,1294.1299999999999,1180.03,29.0,5.0,94.0,65.3,2.0,49.0
222,2014,40.0,40.0,2.3248,estimate_normalized,True,62.0,62.12991,6.9,3.725,206.315,278.80506,4.845,420.0,55.0,0.5742727272727273,0.735,0.265,0.1402111984304009,0.46499999999999997,0.7244999999999999,0.7318,0.0026422534202193947,0.455,15.34089430894309,35.8,204.0,1294.1299999999999,1180.03,29.0,5.0,94.0,65.3,2.0,49.0
223,2014,40.0,40.0,2.4033,estimate_normalized,True,70.0,70.93112,6.433333333333334,3.6633333333333336,175.33333333333334,560.82853,6.72,430.0,53.0,0.5733396226415095,0.733,0.253,0.1382402807523882,0.449,0.715,0.73,0.0016348418939790294,0.378,15.34089430894309,35.8,204.0,1294.1299999999999,1180.03,29.0,5.0,94.0,65.3,2.0,49.0
224,2014,40.0,40.0,2.6593,estimate_normalized,True,104.0,106.08424,6.5,3.808,191.728,598.903534,18.618,516.0,54.0,0.4914444444444444,0.747,0.169,0.20312837271653886,0.2695,0.71775,0.7452,0.00671891785454658,0.74,15.34089430894309,35.8,204.0,1294.1299999999999,1180.03,29.0,5.0,94.0,65.3,2.0,49.0
226,2014,40.0,40.0,2.2283,estimate_normalized,True,40.0,41.00801,7.2,3.79,218.81,806.48818,8.56,420.0,51.0,0.5629019607843138,0.724,0.228,0.15071063754979316,0.455,0.7015,0.7198,0.0034265667923011273,0.476,15.34089430894309,35.8,204.0,1294.1299999999999,1180.03,29.0,5.0,94.0,65.3,2.0,49.0
227,2014,40.0,40.0,2.401,estimate_normalized,True,346.0,348.50924,6.953846153846154,3.8015384615384615,195.0484615384616,763.0697146153847,10.056153846153848,475.38461538461536,63.0,0.4104761904761905,0.69,0.161,0.2165739623757628,0.195,0.6475,0.6808333333333335,0.005908541038708453,0.641,15.34089430894309,35.8,204.0,1294.1299999999999,1180.03,29.0,5.0,94.0,65.3,2.0,49.0
228,2014,40.0,40.0,3.021,estimate_normalized,True,59.0,55.06353,6.699999999999999,3.515,179.82,438.82045,7.755,420.0,50.0,0.42623999999999995,0.702,0.205,0.17861148451317457,0.2635,0.628,0.6936,0.0050036681479990715,0.685,15.34089430894309,35.8,204.0,1294.1299999999999,1180.03,29.0,5.0,94.0,65.3,2.0,49.0
229,2014,40.0,40.0,1.8888000000000005,estimate_normalized,True,12.0,9.82891,6.4,2.36,225.3,220.85171,12.11,480.0,52.0,0.37407692307692303,0.595,0.086,0.16721437715996215,0.2085,0.5427500000000001,0.5894,0.004815901152478824,0.54,15.34089430894309,35.8,204.0,1294.1299999999999,1180.03,29.0,5.0,94.0,65.3,2.0,49.0
230,2014,40.0,40.0,2.0745,estimate_normalized,True,223.0,222.45567,7.1000000000000005,3.73,184.71,792.107215,3.6633333333333336,445.0,59.0,0.43842372881355934,0.732,0.148,0.2238884561402745,0.2045,0.6715,0.7274,0.0061240107586610715,0.545,15.34089430894309,35.8,204.0,1294.1299999999999,1180.03,29.0,5.0,94.0,65.3,2.0,49.0
231,2014,40.0,40.0,2.6751,estimate_normalized,True,235.0,231.50464,7.2625,3.685,204.0575,646.09227125,9.26,453.75,59.0,0.4379830508474577,0.724,0.161,0.22653053758486721,0.201,0.6675,0.7075999999999999,0.006164199484958896,0.652,15.34089430894309,35.8,204.0,1294.1299999999999,1180.03,29.0,5.0,94.0,65.3,2.0,49.0
232,2014,40.0,40.0,2.4254,estimate_normalized,True,296.0,296.88138,6.609090909090909,3.7290909090909095,211.9754545454545,649.4797309090909,7.533636363636364,452.7272727272728,59.0,0.432728813559322,0.745,0.149,0.23697434821548025,0.197,0.6904999999999999,0.7338,0.006424515374109631,0.618,15.34089430894309,35.8,204.0,1294.1299999999999,1180.03,29.0,5.0,94.0,65.3,2.0,49.0
233,2014,40.0,40.0,2.4834,estimate_normalized,True,39.0,38.82,6.7,3.57,211.75,698.55237,6.06,510.0,54.0,0.6256111111111111,0.801,0.328,0.12135323656454884,0.559,0.73675,0.7736000000000001,0.0006833530921259987,0.38,15.34089430894309,35.8,204.0,1294.1299999999999,1180.03,29.0,5.0,94.0,65.3,2.0,49.0
234,2014,40.0,40.0,2.2455,estimate_normalized,True,35.0,36.18,6.5,3.73,181.31,492.74302,14.32,480.0,49.0,0.49985714285714283,0.671,0.222,0.1281195232776721,0.428,0.623,0.65675,0.004020424826282065,0.671,15.34089430894309,35.8,204.0,1294.1299999999999,1180.03,29.0,5.0,94.0,65.3,2.0,49.0
195,2015,40.0,40.0,0.8484,estimate_normalized,True,123.0,122.42127,6.9,3.6425,225.2,499.4803025,7.5175,427.5,52.0,0.3331923076923077,0.511,0.189,0.0706570913370556,0.29174999999999995,0.36824999999999997,0.4504,0.0012762421419479641,0.317,12.758333333333333,32.8,113.5,685.65,618.73,4.0,0.0,64.0,113.5,0.0,48.0
197,2015,40.0,40.0,2.0006,estimate_normalized,True,343.0,343.71311,6.976923076923077,3.579230769230769,216.96,502.5284007692308,4.591538461538462,454.61538461538464,54.0,0.4680185185185185,0.658,0.163,0.18627215162734148,0.2485,0.633,0.6534,0.004983934657910051,0.456,12.758333333333333,32.8,113.5,685.65,618.73,4.0,0.0,64.0,113.5,0.0,48.0
207,2015,40.0,40.0,1.7668,estimate_normalized,True,110.91,110.91329,6.875,3.55,244.935,425.663535,5.4125,412.5,54.0,0.4369814814814814,0.613,0.164,0.16718746306231402,0.25975,0.59075,0.6115999999999999,0.004132170178158435,0.376,12.758333333333333,32.8,113.5,685.65,618.73,4.0,0.0,64.0,113.5,0.0,48.0
208,2015,40.0,40.0,1.4288,estimate_normalized,True,130.0,128.21593,6.8,3.916,202.758,706.31834,5.7,504.0,56.0,0.4355357142857143,0.592,0.196,0.12265630906342008,0.32375,0.52675,0.5788,0.0028227426329135,0.466,12.758333333333333,32.8,113.5,685.65,618.73,4.0,0.0,64.0,113.5,0.0,48.0
209,2015,40.0,40.0,1.9986,estimate_normalized,True,301.65,301.6502,7.042857142857143,3.5357142857142856,171.9557142857143,277.5815457142857,7.35,437.1428571428572,57.0,0.49568421052631584,0.729,0.17,0.2122569741705225,0.235,0.675,0.727,0.006714025954644116,0.579,12.758333333333333,32.8,113.5,685.65,618.73,4.0,0.0,64.0,113.5,0.0,48.0
210,2015,40.0,40.0,2.4408000000000003,estimate_normalized,True,247.0,245.92428,7.2125,3.72,230.06625,480.10587375,9.455,423.75,59.0,0.49369491525423725,0.755,0.174,0.20729609170257485,0.305,0.706,0.7535999999999999,0.006855501259425819,0.7,12.758333333333333,32.8,113.5,685.65,618.73,4.0,0.0,64.0,113.5,0.0,48.0
212,2015,40.0,40.0,1.6854,estimate_normalized,True,136.0,134.83369,7.140000000000001,3.766,232.258,464.594502,5.536,432.0,53.0,0.4361132075471698,0.66,0.17,0.1831624354230119,0.289,0.648,0.659,0.0015089709982720701,0.283,12.758333333333333,32.8,113.5,685.65,618.73,4.0,0.0,64.0,113.5,0.0,48.0
213,2015,40.0,40.0,2.1305,estimate_normalized,True,14.0,16.53751,7.2,3.39,148.5,272.23874,13.42,420.0,51.0,0.5257450980392158,0.727,0.194,0.18653432035968398,0.3645,0.6835,0.725,0.006117182106105275,0.643,12.758333333333333,32.8,113.5,685.65,618.73,4.0,0.0,64.0,113.5,0.0,48.0
214,2015,40.0,40.0,2.2145,estimate_normalized,True,9.0,10.99122,7.1,3.67,236.12,399.02591,8.82,420.0,51.0,0.5216274509803922,0.73,0.194,0.18752986280196046,0.358,0.687,0.7293999999999999,0.006202062488356039,0.646,12.758333333333333,32.8,113.5,685.65,618.73,4.0,0.0,64.0,113.5,0.0,48.0
215,2015,40.0,40.0,1.4253,estimate_normalized,True,79.0,78.14849,6.666666666666667,3.776666666666667,192.12,392.99891,12.116666666666667,430.0,48.0,0.41281249999999997,0.575,0.191,0.10616666462257979,0.3765,0.47724999999999995,0.54,0.0027169082218095266,0.431,12.758333333333333,32.8,113.5,685.65,618.73,4.0,0.0,64.0,113.5,0.0,48.0
216,2015,40.0,40.0,2.7174,estimate_normalized,True,37.0,37.51924,6.4,3.71,242.68,688.96085,7.64,540.0,50.0,0.5754600000000001,0.719,0.196,0.1808226987963624,0.4195,0.70175,0.7121999999999999,0.005259419424894106,0.641,12.758333333333333,32.8,113.5,685.65,618.73,4.0,0.0,64.0,113.5,0.0,48.0
217,2015,40.0,40.0,1.251,estimate_normalized,True,408.0,408.48131,6.94,3.484666666666667,201.10266666666664,313.7409,4.662000000000001,472.0,55.0,0.3668,0.508,0.179,0.10429475712439415,0.271,0.4515,0.4974,0.0028591498771721913,0.365,12.758333333333333,32.8,113.5,685.65,618.73,4.0,0.0,64.0,113.5,0.0,48.0
218,2015,40.0,40.0,1.8712,estimate_normalized,True,39.0,39.30376,7.2,3.87,198.74,289.9543,4.86,390.0,52.0,0.47598076923076926,0.651,0.187,0.16807993638383167,0.26625,0.619,0.6406000000000001,0.005214201519931894,0.553,12.758333333333333,32.8,113.5,685.65,618.73,4.0,0.0,64.0,113.5,0.0,48.0
219,2015,40.0,40.0,2.5288,estimate_normalized,True,210.0,209.86423,6.8,3.69625,212.37625,656.214605,8.491249999999999,446.25,56.0,0.49905357142857143,0.735,0.172,0.21744206286165196,0.2225,0.68675,0.7318,0.007001038539041591,0.658,12.758333333333333,32.8,113.5,685.65,618.73,4.0,0.0,64.0,113.5,0.0,48.0
220,2015,40.0,40.0,2.3007,estimate_normalized,True,25.0,24.0006,7.3,3.74,197.06,380.11444,6.0,420.0,50.0,0.5343,0.693,0.177,0.1774363266076031,0.37424999999999997,0.667,0.6894,0.005430979752362777,0.593,12.758333333333333,32.8,113.5,685.65,618.73,4.0,0.0,64.0,113.5,0.0,48.0
222,2015,40.0,40.0,1.9893,estimate_normalized,True,62.0,62.12991,6.9,3.725,206.315,278.80506,4.845,420.0,51.0,0.46419607843137256,0.636,0.182,0.16039718099423012,0.3105,0.613,0.6294000000000001,0.003851139154860794,0.351,12.758333333333333,32.8,113.5,685.65,618.73,4.0,0.0,64.0,113.5,0.0,48.0
223,2015,40.0,40.0,1.401,estimate_normalized,True,70.0,70.93112,6.433333333333334,3.6633333333333336,175.33333333333334,560.82853,6.72,430.0,51.0,0.4528627450980392,0.626,0.179,0.16367795012514763,0.2545,0.6005,0.6212,0.004557578038739018,0.422,12.758333333333333,32.8,113.5,685.65,618.73,4.0,0.0,64.0,113.5,0.0,48.0
224,2015,40.0,40.0,1.9421,estimate_normalized,True,104.0,106.08424,6.5,3.808,191.728,598.903534,18.618,516.0,50.0,0.49851999999999996,0.662,0.166,0.1710303177802111,0.402,0.63275,0.6526,0.004726282518457495,0.501,12.758333333333333,32.8,113.5,685.65,618.73,4.0,0.0,64.0,113.5,0.0,48.0
226,2015,40.0,40.0,1.8338,estimate_normalized,True,40.0,41.00801,7.2,3.79,218.81,806.48818,8.56,420.0,50.0,0.53158,0.723,0.153,0.1815542993156593,0.34275,0.68,0.712,0.004903908756758849,0.568,12.758333333333333,32.8,113.5,685.65,618.73,4.0,0.0,64.0,113.5,0.0,48.0
227,2015,40.0,40.0,1.6342,estimate_normalized,True,346.0,348.50924,6.953846153846154,3.8015384615384615,195.0484615384616,763.0697146153847,10.056153846153848,475.38461538461536,55.0,0.4330727272727273,0.716,0.16,0.20632823404781336,0.218,0.638,0.7154,0.0067774331850074514,0.601,12.758333333333333,32.8,113.5,685.65,618.73,4.0,0.0,64.0,113.5,0.0,48.0
228,2015,40.0,40.0,1.6277,estimate_normalized,True,59.0,55.06353,6.699999999999999,3.515,179.82,438.82045,7.755,420.0,50.0,0.41828,0.636,0.183,0.1480510776725384,0.332,0.5842499999999999,0.6142,0.0017948046248839797,0.339,12.758333333333333,32.8,113.5,685.65,618.73,4.0,0.0,64.0,113.5,0.0,48.0
229,2015,40.0,40.0,1.6917000000000002,estimate_normalized,True,12.0,9.82891,6.4,2.36,225.3,220.85171,12.11,480.0,49.0,0.38528571428571423,0.578,0.076,0.16611662979327974,0.275,0.544,0.5702499999999999,0.0036378238995410346,0.411,12.758333333333333,32.8,113.5,685.65,618.73,4.0,0.0,64.0,113.5,0.0,48.0
230,2015,40.0,40.0,2.0985,estimate_normalized,True,223.0,222.45567,7.1000000000000005,3.73,184.71,792.107215,3.6633333333333336,445.0,57.0,0.49729824561403513,0.682,0.179,0.19180591112054335,0.258,0.662,0.678,0.005584585628891525,0.521,12.758333333333333,32.8,113.5,685.65,618.73,4.0,0.0,64.0,113.5,0.0,48.0
231,2015,40.0,40.0,1.9308,estimate_normalized,True,235.0,231.50464,7.2625,3.685,204.0575,646.09227125,9.26,453.75,52.0,0.47007692307692306,0.623,0.192,0.14779687804471145,0.38125,0.5874999999999999,0.6178000000000001,0.0033456746409365533,0.416,12.758333333333333,32.8,113.5,685.65,618.73,4.0,0.0,64.0,113.5,0.0,48.0
232,2015,40.0,40.0,1.3354,estimate_normalized,True,296.0,296.88138,6.609090909090909,3.7290909090909095,211.9754545454545,649.4797309090909,7.533636363636364,452.7272727272728,52.0,0.45049999999999996,0.631,0.166,0.17252285244391424,0.24825,0.585,0.6298,0.005104196992337829,0.455,12.758333333333333,32.8,113.5,685.65,618.73,4.0,0.0,64.0,113.5,0.0,48.0
233,2015,40.0,40.0,2.2576,estimate_normalized,True,39.0,38.82,6.7,3.57,211.75,698.55237,6.06,510.0,49.0,0.4948571428571429,0.649,0.181,0.1571851891033929,0.27,0.627,0.64575,0.004543087719298243,0.497,12.758333333333333,32.8,113.5,685.65,618.73,4.0,0.0,64.0,113.5,0.0,48.0
234,2015,40.0,40.0,2.3784,estimate_normalized,True,35.0,36.18,6.5,3.73,181.31,492.74302,14.32,480.0,46.0,0.5196956521739129,0.706,0.196,0.16556751802384026,0.43925000000000003,0.68,0.7032499999999999,0.0028046291584801187,0.461,12.758333333333333,32.8,113.5,685.65,618.73,4.0,0.0,64.0,113.5,0.0,48.0
195,2016,40.0,40.0,2.3569,estimate_normalized,True,123.0,122.42127,6.9,3.6425,225.2,499.4803025,7.5175,427.5,44.0,0.5045681818181817,0.652,0.243,0.1138963639229806,0.438,0.61175,0.651,0.0027881047026175653,0.455,19.89,24.9,0.0,14.89,13.89,0.0,0.0,1.0,,,
197,2016,40.0,40.0,2.4004000000000003,estimate_normalized,True,343.0,343.71311,6.976923076923077,3.579230769230769,216.96,502.5284007692308,4.591538461538462,454.61538461538464,48.0,0.42977083333333327,0.758,0.163,0.21721314796601415,0.2375,0.6735,0.7557499999999999,0.007359376450841044,0.631,19.89,24.9,0.0,14.89,13.89,0.0,0.0,1.0,,,
207,2016,40.0,40.0,1.9816,estimate_normalized,True,110.91,110.91329,6.875,3.55,244.935,425.663535,5.4125,412.5,46.0,0.4116521739130434,0.658,0.16,0.15787683936637947,0.27375000000000005,0.534,0.65775,0.005149256675573409,0.447,19.89,24.9,0.0,14.89,13.89,0.0,0.0,1.0,,,
208,2016,40.0,40.0,2.1872,estimate_normalized,True,130.0,128.21593,6.8,3.916,202.758,706.31834,5.7,504.0,48.0,0.4597083333333334,0.751,0.159,0.1897547713863577,0.284,0.64125,0.7487499999999999,0.006244339659608926,0.614,19.89,24.9,0.0,14.89,13.89,0.0,0.0,1.0,,,
209,2016,40.0,40.0,2.5161,estimate_normalized,True,301.65,301.6502,7.042857142857143,3.5357142857142856,171.9557142857143,277.5815457142857,7.35,437.1428571428572,56.0,0.393625,0.744,0.171,0.2042392296950529,0.235,0.5945,0.7417999999999999,0.006657331514250409,0.738,19.89,24.9,0.0,14.89,13.89,0.0,0.0,1.0,,,
210,2016,40.0,40.0,2.8707000000000003,estimate_normalized,True,247.0,245.92428,7.2125,3.72,230.06625,480.10587375,9.455,423.75,52.0,0.39536538461538456,0.613,0.179,0.13407504053358643,0.26775000000000004,0.5285,0.5913999999999999,0.003976480820014675,0.542,19.89,24.9,0.0,14.89,13.89,0.0,0.0,1.0,,,
212,2016,40.0,40.0,2.7669,estimate_normalized,True,136.0,134.83369,7.140000000000001,3.766,232.258,464.594502,5.536,432.0,45.0,0.5257777777777778,0.679,0.234,0.1236595485622412,0.44,0.625,0.6760000000000002,0.0024064316140364056,0.443,19.89,24.9,0.0,14.89,13.89,0.0,0.0,1.0,,,
213,2016,40.0,40.0,2.4174,estimate_normalized,True,14.0,16.53751,7.2,3.39,148.5,272.23874,13.42,420.0,44.0,0.4293181818181818,0.65,0.152,0.15026337071459697,0.30174999999999996,0.5892499999999999,0.631,0.005325714824218101,0.65,19.89,24.9,0.0,14.89,13.89,0.0,0.0,1.0,,,
214,2016,40.0,40.0,2.3114,estimate_normalized,True,9.0,10.99122,7.1,3.67,236.12,399.02591,8.82,420.0,44.0,0.4267954545454545,0.627,0.157,0.14347181851015747,0.307,0.57175,0.60975,0.0050088888765701745,0.627,19.89,24.9,0.0,14.89,13.89,0.0,0.0,1.0,,,
215,2016,40.0,40.0,1.9726,estimate_normalized,True,79.0,78.14849,6.666666666666667,3.776666666666667,192.12,392.99891,12.116666666666667,430.0,39.0,0.4945128205128205,0.765,0.199,0.1789076357882099,0.3615,0.6885,0.761,0.007162008305779906,0.681,19.89,24.9,0.0,14.89,13.89,0.0,0.0,1.0,,,
216,2016,40.0,40.0,2.6756,estimate_normalized,True,37.0,37.51924,6.4,3.71,242.68,688.96085,7.64,540.0,34.0,0.5578529411764706,0.777,0.321,0.14948935282820827,0.46175,0.7215,0.7726666666666667,0.006161424044154099,0.681,19.89,24.9,0.0,14.89,13.89,0.0,0.0,1.0,,,
217,2016,40.0,40.0,2.2364,estimate_normalized,True,408.0,408.48131,6.94,3.484666666666667,201.10266666666664,313.7409,4.662000000000001,472.0,50.0,0.53674,0.742,0.293,0.14331487152420716,0.41625,0.6705000000000001,0.7205999999999999,0.0024223952893224787,0.432,19.89,24.9,0.0,14.89,13.89,0.0,0.0,1.0,,,
218,2016,40.0,40.0,1.4839,estimate_normalized,True,39.0,39.30376,7.2,3.87,198.74,289.9543,4.86,390.0,42.0,0.46345238095238095,0.655,0.269,0.12846589363587677,0.35024999999999995,0.58375,0.6487499999999999,0.003977807986930448,0.374,19.89,24.9,0.0,14.89,13.89,0.0,0.0,1.0,,,
219,2016,40.0,40.0,2.2132,estimate_normalized,True,210.0,209.86423,6.8,3.69625,212.37625,656.214605,8.491249999999999,446.25,49.0,0.3682244897959184,0.713,0.19,0.15815018247405352,0.234,0.484,0.6837500000000001,0.0025567283570786204,0.427,19.89,24.9,0.0,14.89,13.89,0.0,0.0,1.0,,,
220,2016,40.0,40.0,2.7921,estimate_normalized,True,25.0,24.0006,7.3,3.74,197.06,380.11444,6.0,420.0,43.0,0.5023255813953489,0.728,0.187,0.1648354670756792,0.3995,0.687,0.72675,0.005925088969333325,0.681,19.89,24.9,0.0,14.89,13.89,0.0,0.0,1.0,,,
222,2016,40.0,40.0,1.6724,estimate_normalized,True,62.0,62.12991,6.9,3.725,206.315,278.80506,4.845,420.0,40.0,0.41537500000000005,0.727,0.204,0.17208801345532465,0.28475,0.52525,0.7164999999999999,0.005609282957091932,0.484,19.89,24.9,0.0,14.89,13.89,0.0,0.0,1.0,,,
223,2016,40.0,40.0,2.1369,estimate_normalized,True,70.0,70.93112,6.433333333333334,3.6633333333333336,175.33333333333334,560.82853,6.72,430.0,41.0,0.4665853658536586,0.742,0.219,0.186712375072875,0.295,0.635,0.74125,0.006296707675449518,0.548,19.89,24.9,0.0,14.89,13.89,0.0,0.0,1.0,,,
224,2016,40.0,40.0,2.7308,estimate_normalized,True,104.0,106.08424,6.5,3.808,191.728,598.903534,18.618,516.0,34.0,0.5049705882352941,0.774,0.252,0.18448616802831486,0.364,0.7035,0.7693333333333333,0.007517359814828641,0.636,19.89,24.9,0.0,14.89,13.89,0.0,0.0,1.0,,,
226,2016,40.0,40.0,2.7698,estimate_normalized,True,40.0,41.00801,7.2,3.79,218.81,806.48818,8.56,420.0,35.0,0.5252,0.71,0.234,0.1559922708707985,0.39549999999999996,0.676,0.7079999999999999,0.005825425785300806,0.63,19.89,24.9,0.0,14.89,13.89,0.0,0.0,1.0,,,
227,2016,40.0,40.0,1.8933,estimate_normalized,True,346.0,348.50924,6.953846153846154,3.8015384615384615,195.0484615384616,763.0697146153847,10.056153846153848,475.38461538461536,50.0,0.40178,0.689,0.153,0.1826343111247172,0.23275,0.578,0.6792,0.005609102638463085,0.513,19.54,24.9,0.0,14.54,13.54,0.0,0.0,1.0,,,
228,2016,40.0,40.0,1.5539999999999998,estimate_normalized,True,59.0,55.06353,6.699999999999999,3.515,179.82,438.82045,7.755,420.0,33.0,0.42596969696969694,0.728,0.228,0.1674340186368286,0.282,0.534,0.7243333333333334,0.006568291248575732,0.668,19.89,24.9,0.0,14.89,13.89,0.0,0.0,1.0,,,
229,2016,40.0,40.0,1.5335,estimate_normalized,True,12.0,9.82891,6.4,2.36,225.3,220.85171,12.11,480.0,33.0,0.3909393939393939,0.597,0.168,0.1354950383512788,0.258,0.529,0.597,0.005260612898379528,0.547,19.89,24.9,0.0,14.89,13.89,0.0,0.0,1.0,,,
230,2016,40.0,40.0,2.1473,estimate_normalized,True,223.0,222.45567,7.1000000000000005,3.73,184.71,792.107215,3.6633333333333336,445.0,50.0,0.43918000000000007,0.668,0.135,0.18446275396404557,0.25125,0.6225,0.6672,0.0057141170407159275,0.553,19.89,24.9,0.0,14.89,13.89,0.0,0.0,1.0,,,
231,2016,40.0,40.0,3.3901000000000003,estimate_normalized,True,235.0,231.50464,7.2625,3.685,204.0575,646.09227125,9.26,453.75,47.0,0.4186170212765958,0.768,0.172,0.20967345971838244,0.2395,0.6415,0.7582499999999999,0.007437828086880548,0.704,19.89,24.9,0.0,14.89,13.89,0.0,0.0,1.0,,,
232,2016,40.0,40.0,2.2876000000000003,estimate_normalized,True,296.0,296.88138,6.609090909090909,3.7290909090909095,211.9754545454545,649.4797309090909,7.533636363636364,452.7272727272728,50.0,0.43094,0.723,0.154,0.2043901572972632,0.223,0.6415,0.7112,0.006664465580861725,0.578,19.89,24.9,0.0,14.89,13.89,0.0,0.0,1.0,,,
233,2016,40.0,40.0,2.2677,estimate_normalized,True,39.0,38.82,6.7,3.57,211.75,698.55237,6.06,510.0,33.0,0.48896969696969694,0.676,0.313,0.12196956521732016,0.394,0.597,0.668,0.004859157899669627,0.529,19.89,24.9,0.0,14.89,13.89,0.0,0.0,1.0,,,
234,2016,40.0,40.0,2.7931999999999997,estimate_normalized,True,35.0,36.18,6.5,3.73,181.31,492.74302,14.32,480.0,29.0,0.5576896551724139,0.755,0.296,0.1328504742696623,0.471,0.664,0.755,0.005565258594247156,0.744,19.89,24.9,0.0,14.89,13.89,0.0,0.0,1.0,,,
195,2017,40.0,40.0,1.6511,estimate_normalized,True,123.0,122.42127,6.9,3.6425,225.2,499.4803025,7.5175,427.5,53.0,0.42201886792452825,0.677,0.177,0.16915132117521928,0.271,0.597,0.6594,0.003921133779428941,0.335,16.131951219512196,36.4,11.0,1428.53,1316.77,27.0,1.0,120.0,0.0,4.0,62.0
197,2017,40.0,40.0,1.8136,estimate_normalized,True,343.0,343.71311,6.976923076923077,3.579230769230769,216.96,502.5284007692308,4.591538461538462,454.61538461538464,59.0,0.45352542372881355,0.718,0.158,0.20713504609248456,0.2415,0.6545000000000001,0.705,0.0063125348386844325,0.525,16.131951219512196,36.4,11.0,1428.53,1316.77,27.0,1.0,120.0,0.0,4.0,62.0
207,2017,40.0,40.0,1.5516,estimate_normalized,True,110.91,110.91329,6.875,3.55,244.935,425.663535,5.4125,412.5,54.0,0.40590740740740744,0.659,0.127,0.18760866170070697,0.20675,0.59175,0.6522,0.005338419764352329,0.414,16.131951219512196,36.4,11.0,1428.53,1316.77,27.0,1.0,120.0,0.0,4.0,62.0
208,2017,40.0,40.0,2.0779,estimate_normalized,True,130.0,128.21593,6.8,3.916,202.758,706.31834,5.7,504.0,54.0,0.43229629629629635,0.712,0.089,0.17881354137445848,0.29125,0.5785,0.7059999999999998,0.006150229980592444,0.697,16.131951219512196,36.4,11.0,1428.53,1316.77,27.0,1.0,120.0,0.0,4.0,62.0
209,2017,44.0,40.0,2.22,productivity_normalized,True,301.65,301.6502,7.042857142857143,3.5357142857142856,171.9557142857143,277.5815457142857,7.35,437.1428571428572,60.0,0.4151166666666667,0.65,0.183,0.1724330876665561,0.2565,0.61325,0.6456666666666667,0.005617997881036787,0.65,16.131951219512196,36.4,11.0,1428.53,1316.77,27.0,1.0,120.0,0.0,4.0,62.0
210,2017,44.0,40.0,2.002,productivity_normalized,True,247.0,245.92428,7.2125,3.72,230.06625,480.10587375,9.455,423.75,60.0,0.49439999999999995,0.691,0.192,0.1536891017606649,0.40575,0.62175,0.6795,0.0037823068156340495,0.541,16.131951219512196,36.4,11.0,1428.53,1316.77,27.0,1.0,120.0,0.0,4.0,62.0
211,2017,44.0,,2.4379999999999997,productivity_normalized,True,93.0,92.55,6.245,4.8,25.325,403.5,,342.0,52.0,0.4463846153846154,0.603,0.185,0.124676373964164,0.384,0.535,0.5965999999999999,0.0029586429253794727,0.414,16.131951219512196,36.4,11.0,1428.53,1316.77,27.0,1.0,120.0,0.0,4.0,62.0
212,2017,40.0,40.0,1.6862,estimate_normalized,True,136.0,134.83369,7.140000000000001,3.766,232.258,464.594502,5.536,432.0,57.0,0.39368421052631575,0.662,0.182,0.16155485276662818,0.284,0.566,0.6532,0.005426564877054563,0.64,16.131951219512196,36.4,11.0,1428.53,1316.77,27.0,1.0,120.0,0.0,4.0,62.0
213,2017,40.0,40.0,2.4459,estimate_normalized,True,14.0,16.53751,7.2,3.39,148.5,272.23874,13.42,420.0,52.0,0.4712692307692308,0.645,0.169,0.15431662199026133,0.36575,0.60325,0.6408,0.005141956362116596,0.57,16.131951219512196,36.4,11.0,1428.53,1316.77,27.0,1.0,120.0,0.0,4.0,62.0
214,2017,40.0,40.0,2.4927,estimate_normalized,True,9.0,10.99122,7.1,3.67,236.12,399.02591,8.82,420.0,52.0,0.48074999999999996,0.663,0.174,0.1531594035135139,0.37625,0.60825,0.6494,0.004937017240817391,0.558,16.131951219512196,36.4,11.0,1428.53,1316.77,27.0,1.0,120.0,0.0,4.0,62.0
215,2017,20.0,40.0,3.08,productivity_normalized,False,79.0,78.14849,6.666666666666667,3.776666666666667,192.12,392.99891,12.116666666666667,430.0,53.0,0.4929245283018867,0.699,0.157,0.1818020745316807,0.337,0.677,0.6927999999999999,0.006244646210905406,0.637,16.131951219512196,36.4,11.0,1428.53,1316.77,27.0,1.0,120.0,0.0,4.0,62.0
216,2017,20.0,40.0,2.26,productivity_normalized,False,37.0,37.51924,6.4,3.71,242.68,688.96085,7.64,540.0,49.0,0.568265306122449,0.741,0.199,0.17478590700091007,0.462,0.718,0.74,0.006018829650477861,0.659,16.131951219512196,36.4,11.0,1428.53,1316.77,27.0,1.0,120.0,0.0,4.0,62.0
217,2017,20.0,40.0,0.8960000000000001,productivity_normalized,True,408.0,408.48131,6.94,3.484666666666667,201.10266666666664,313.7409,4.662000000000001,472.0,60.0,0.4101333333333333,0.7,0.159,0.18181276693956952,0.2885,0.61675,0.695,0.005730040177528003,0.674,16.131951219512196,36.4,11.0,1428.53,1316.77,27.0,1.0,120.0,0.0,4.0,62.0
218,2017,40.0,40.0,1.2974,estimate_normalized,True,39.0,39.30376,7.2,3.87,198.74,289.9543,4.86,390.0,52.0,0.4337692307692308,0.638,0.209,0.11730394697678062,0.37024999999999997,0.499,0.6282,0.003584913587319776,0.638,16.131951219512196,36.4,11.0,1428.53,1316.77,27.0,1.0,120.0,0.0,4.0,62.0
219,2017,44.0,40.0,1.873,productivity_normalized,True,210.0,209.86423,6.8,3.69625,212.37625,656.214605,8.491249999999999,446.25,54.0,0.509037037037037,0.705,0.19,0.16766401179287138,0.403,0.664,0.6970000000000001,0.004156171244966206,0.499,16.131951219512196,36.4,11.0,1428.53,1316.77,27.0,1.0,120.0,0.0,4.0,62.0
220,2017,20.0,40.0,1.93,productivity_normalized,False,25.0,24.0006,7.3,3.74,197.06,380.11444,6.0,420.0,48.0,0.5060416666666666,0.651,0.274,0.10745831717719925,0.471,0.5705,0.6435,0.0033706136210384366,0.614,16.131951219512196,36.4,11.0,1428.53,1316.77,27.0,1.0,120.0,0.0,4.0,62.0
221,2017,20.0,,1.06,productivity_normalized,False,8.0,8.18,,,,,,,49.0,0.572734693877551,0.732,0.177,0.17078053412831096,0.467,0.715,0.7304999999999999,0.0058340912698838995,0.681,16.131951219512196,36.4,11.0,1428.53,1316.77,27.0,1.0,120.0,0.0,4.0,62.0
222,2017,20.0,40.0,1.664,productivity_normalized,True,62.0,62.12991,6.9,3.725,206.315,278.80506,4.845,420.0,55.0,0.3976181818181818,0.733,0.186,0.16814295767255918,0.279,0.47150000000000003,0.7224,0.005575664539227268,0.712,16.131951219512196,36.4,11.0,1428.53,1316.77,27.0,1.0,120.0,0.0,4.0,62.0
223,2017,20.0,40.0,1.995,productivity_normalized,True,70.0,70.93112,6.433333333333334,3.6633333333333336,175.33333333333334,560.82853,6.72,430.0,53.0,0.3997547169811321,0.734,0.161,0.1594710484945113,0.306,0.49,0.7252,0.005641025413133773,0.724,16.131951219512196,36.4,11.0,1428.53,1316.77,27.0,1.0,120.0,0.0,4.0,62.0
224,2017,20.0,40.0,0.6639999999999999,productivity_normalized,True,104.0,106.08424,6.5,3.808,191.728,598.903534,18.618,516.0,51.0,0.4789607843137256,0.666,0.187,0.15245751073586702,0.419,0.6185,0.6639999999999999,0.005395818547735578,0.657,16.131951219512196,36.4,11.0,1428.53,1316.77,27.0,1.0,120.0,0.0,4.0,62.0
225,2017,20.0,,0.6639999999999999,productivity_normalized,True,4.0,4.03,,,,,,,52.0,0.5879230769230769,0.759,0.22,0.15544499969119008,0.58875,0.7032499999999999,0.7472,0.003369426482561342,0.599,16.131951219512196,36.4,11.0,1428.53,1316.77,27.0,1.0,120.0,0.0,4.0,62.0
226,2017,40.0,40.0,2.629,estimate_normalized,True,40.0,41.00801,7.2,3.79,218.81,806.48818,8.56,420.0,52.0,0.5283461538461539,0.693,0.181,0.1613912928515167,0.48275,0.6615,0.6876,0.005220101912364705,0.631,16.131951219512196,36.4,11.0,1428.53,1316.77,27.0,1.0,120.0,0.0,4.0,62.0
227,2017,40.0,40.0,1.7968,estimate_normalized,True,346.0,348.50924,6.953846153846154,3.8015384615384615,195.0484615384616,763.0697146153847,10.056153846153848,475.38461538461536,57.0,0.44280701754385965,0.714,0.174,0.20543573192303738,0.237,0.668,0.7128,0.0056277246065640244,0.431,16.555447154471544,38.2,23.0,1462.43,1349.33,32.0,4.0,120.0,0.0,7.0,62.0
228,2017,40.0,40.0,3.34,productivity_normalized,True,59.0,55.06353,6.699999999999999,3.515,179.82,438.82045,7.755,420.0,50.0,0.49742,0.762,0.198,0.21444804405729606,0.281,0.71175,0.7604,0.007155668456960374,0.698,16.131951219512196,36.4,11.0,1428.53,1316.77,27.0,1.0,120.0,0.0,4.0,62.0
229,2017,40.0,40.0,3.34,productivity_normalized,True,12.0,9.82891,6.4,2.36,225.3,220.85171,12.11,480.0,54.0,0.4716296296296296,0.671,0.081,0.19014305494628844,0.3785,0.61725,0.6648000000000002,0.00592710327852154,0.582,16.131951219512196,36.4,11.0,1428.53,1316.77,27.0,1.0,120.0,0.0,4.0,62.0
230,2017,40.0,40.0,2.8902,estimate_normalized,True,223.0,222.45567,7.1000000000000005,3.73,184.71,792.107215,3.6633333333333336,445.0,58.0,0.45644827586206893,0.776,0.17,0.2203469969133945,0.267,0.734,0.7688,0.007286880080850351,0.734,16.131951219512196,36.4,11.0,1428.53,1316.77,27.0,1.0,120.0,0.0,4.0,62.0
231,2017,43.0,40.0,1.95,productivity_normalized,True,235.0,231.50464,7.2625,3.685,204.0575,646.09227125,9.26,453.75,55.0,0.4128545454545454,0.647,0.181,0.16914667311180967,0.27,0.593,0.6324,0.0057477716495660655,0.59,16.131951219512196,36.4,11.0,1428.53,1316.77,27.0,1.0,120.0,0.0,4.0,62.0
232,2017,43.0,40.0,1.95,productivity_normalized,True,296.0,296.88138,6.609090909090909,3.7290909090909095,211.9754545454545,649.4797309090909,7.533636363636364,452.7272727272728,55.0,0.43092727272727266,0.721,0.165,0.20981575073430103,0.24,0.6575,0.7183999999999999,0.007025954417944995,0.662,16.131951219512196,36.4,11.0,1428.53,1316.77,27.0,1.0,120.0,0.0,4.0,62.0
233,2017,40.0,40.0,2.0928,estimate_normalized,True,39.0,38.82,6.7,3.57,211.75,698.55237,6.06,510.0,50.0,0.4486,0.623,0.168,0.12310824505288019,0.41325,0.5537500000000001,0.6112,0.004063567561885741,0.605,16.131951219512196,36.4,11.0,1428.53,1316.77,27.0,1.0,120.0,0.0,4.0,62.0
234,2017,40.0,40.0,2.7084,estimate_normalized,True,35.0,36.18,6.5,3.73,181.31,492.74302,14.32,480.0,53.0,0.5323773584905662,0.696,0.191,0.16414239405192646,0.462,0.682,0.6945999999999998,0.005597676196821097,0.696,16.131951219512196,36.4,11.0,1428.53,1316.77,27.0,1.0,120.0,0.0,4.0,62.0
195,2018,40.0,40.0,2.9440999999999997,estimate_normalized,True,123.0,122.42127,6.9,3.6425,225.2,499.4803025,7.5175,427.5,42.0,0.45842857142857146,0.769,0.152,0.23903926185353522,0.23075,0.725,0.76375,0.008443397749285122,0.725,14.174390243902439,35.6,187.8,1182.8,1077.92,25.0,2.0,92.0,140.3,2.0,39.0
197,2018,40.0,40.0,3.0602,estimate_normalized,True,343.0,343.71311,6.976923076923077,3.579230769230769,216.96,502.5284007692308,4.591538461538462,454.61538461538464,49.0,0.4922244897959184,0.773,0.168,0.2302515275320929,0.256,0.737,0.7685000000000001,0.008277976920081682,0.728,14.174390243902439,35.6,187.8,1182.8,1077.92,25.0,2.0,92.0,140.3,2.0,39.0
207,2018,40.0,40.0,3.496,productivity_normalized,True,110.91,110.91329,6.875,3.55,244.935,425.663535,5.4125,412.5,46.0,0.46406521739130435,0.8,0.164,0.24802966181083308,0.22275,0.742,0.7847500000000001,0.008687896249619976,0.744,14.174390243902439,35.6,187.8,1182.8,1077.92,25.0,2.0,92.0,140.3,2.0,39.0
208,2018,40.0,40.0,1.6354,estimate_normalized,True,130.0,128.21593,6.8,3.916,202.758,706.31834,5.7,504.0,51.0,0.42703921568627456,0.64,0.174,0.10970476615458377,0.349,0.4825,0.6294000000000001,0.004076814173144967,0.64,14.174390243902439,35.6,187.8,1182.8,1077.92,25.0,2.0,92.0,140.3,2.0,39.0
209,2018,40.0,44.0,1.7399999999999998,productivity_normalized,True,301.65,301.6502,7.042857142857143,3.5357142857142856,171.9557142857143,277.5815457142857,7.35,437.1428571428572,54.0,0.5043703703703704,0.756,0.168,0.21046291978295492,0.2785,0.72375,0.749,0.007887117109713583,0.695,14.174390243902439,35.6,187.8,1182.8,1077.92,25.0,2.0,92.0,140.3,2.0,39.0
210,2018,21.0,44.0,0.978,productivity_normalized,True,247.0,245.92428,7.2125,3.72,230.06625,480.10587375,9.455,423.75,53.0,0.4518867924528301,0.714,0.177,0.18731415044687938,0.305,0.648,0.7121999999999999,0.006940325733524293,0.712,14.174390243902439,35.6,187.8,1182.8,1077.92,25.0,2.0,92.0,140.3,2.0,39.0
212,2018,40.0,40.0,1.3272,estimate_normalized,True,136.0,134.83369,7.140000000000001,3.766,232.258,464.594502,5.536,432.0,49.0,0.3581836734693878,0.497,0.175,0.09098119865639605,0.255,0.426,0.48349999999999993,0.0030971783961153804,0.497,14.174390243902439,35.6,187.8,1182.8,1077.92,25.0,2.0,92.0,140.3,2.0,39.0
213,2018,40.0,40.0,2.6765,estimate_normalized,True,14.0,16.53751,7.2,3.39,148.5,272.23874,13.42,420.0,48.0,0.5070833333333333,0.722,0.192,0.17561758090300134,0.35375,0.6935,0.716,0.00681192521761929,0.695,14.174390243902439,35.6,187.8,1182.8,1077.92,25.0,2.0,92.0,140.3,2.0,39.0
214,2018,40.0,40.0,2.665,estimate_normalized,True,9.0,10.99122,7.1,3.67,236.12,399.02591,8.82,420.0,48.0,0.5038541666666667,0.724,0.189,0.17277273000285343,0.3515,0.68525,0.714,0.0067201378875430115,0.696,14.174390243902439,35.6,187.8,1182.8,1077.92,25.0,2.0,92.0,140.3,2.0,39.0
215,2018,40.0,20.0,2.353,estimate_normalized,True,79.0,78.14849,6.666666666666667,3.776666666666667,192.12,392.99891,12.116666666666667,430.0,47.0,0.5088936170212766,0.708,0.188,0.15178571598236396,0.40700000000000003,0.6545000000000001,0.70625,0.006137446631532751,0.699,14.174390243902439,35.6,187.8,1182.8,1077.92,25.0,2.0,92.0,140.3,2.0,39.0
216,2018,40.0,20.0,2.1175,estimate_normalized,True,37.0,37.51924,6.4,3.71,242.68,688.96085,7.64,540.0,42.0,0.5471190476190476,0.685,0.19,0.13454211632704324,0.5075000000000001,0.6567500000000001,0.6827500000000001,0.005359139400790084,0.685,14.174390243902439,35.6,187.8,1182.8,1077.92,25.0,2.0,92.0,140.3,2.0,39.0
217,2018,40.0,20.0,1.1881,estimate_normalized,True,408.0,408.48131,6.94,3.484666666666667,201.10266666666664,313.7409,4.662000000000001,472.0,53.0,0.4239245283018869,0.585,0.166,0.11858439380865503,0.392,0.491,0.5825999999999999,0.0026624789881727327,0.424,14.174390243902439,35.6,187.8,1182.8,1077.92,25.0,2.0,92.0,140.3,2.0,39.0
218,2018,40.0,40.0,1.6403,estimate_normalized,True,39.0,39.30376,7.2,3.87,198.74,289.9543,4.86,390.0,43.0,0.3701860465116279,0.609,0.181,0.09019210913093346,0.3075,0.406,0.5725,0.0034510724619571794,0.593,14.174390243902439,35.6,187.8,1182.8,1077.92,25.0,2.0,92.0,140.3,2.0,39.0
219,2018,40.0,44.0,1.8597,estimate_normalized,True,210.0,209.86423,6.8,3.69625,212.37625,656.214605,8.491249999999999,446.25,50.0,0.39012,0.671,0.175,0.13400770724103894,0.2735,0.47524999999999995,0.6448,0.005072756475201347,0.671,14.174390243902439,35.6,187.8,1182.8,1077.92,25.0,2.0,92.0,140.3,2.0,39.0
220,2018,40.0,20.0,1.9640999999999995,estimate_normalized,True,25.0,24.0006,7.3,3.74,197.06,380.11444,6.0,420.0,45.0,0.47788888888888886,0.623,0.196,0.10766991165847221,0.385,0.561,0.6085,0.00374731394668698,0.592,14.174390243902439,35.6,187.8,1182.8,1077.92,25.0,2.0,92.0,140.3,2.0,39.0
222,2018,40.0,20.0,2.0337,estimate_normalized,True,62.0,62.12991,6.9,3.725,206.315,278.80506,4.845,420.0,45.0,0.34044444444444444,0.585,0.154,0.11727584871301518,0.251,0.425,0.5755,0.003972877985121278,0.584,14.174390243902439,35.6,187.8,1182.8,1077.92,25.0,2.0,92.0,140.3,2.0,39.0
223,2018,40.0,20.0,1.5562,estimate_normalized,True,70.0,70.93112,6.433333333333334,3.6633333333333336,175.33333333333334,560.82853,6.72,430.0,51.0,0.3731568627450981,0.514,0.165,0.12308698861629615,0.2355,0.498,0.5077999999999999,0.004214621415610245,0.499,14.174390243902439,35.6,187.8,1182.8,1077.92,25.0,2.0,92.0,140.3,2.0,39.0
224,2018,40.0,20.0,2.1925,estimate_normalized,True,104.0,106.08424,6.5,3.808,191.728,598.903534,18.618,516.0,45.0,0.47464444444444454,0.668,0.173,0.14150636507954226,0.381,0.602,0.663,0.005443008828186616,0.667,14.174390243902439,35.6,187.8,1182.8,1077.92,25.0,2.0,92.0,140.3,2.0,39.0
226,2018,40.0,40.0,2.0143,estimate_normalized,True,40.0,41.00801,7.2,3.79,218.81,806.48818,8.56,420.0,41.0,0.5247317073170732,0.706,0.184,0.13911059372790044,0.447,0.654,0.69675,0.005419477359111889,0.706,14.174390243902439,35.6,187.8,1182.8,1077.92,25.0,2.0,92.0,140.3,2.0,39.0
227,2018,40.0,40.0,2.613,productivity_normalized,True,346.0,348.50924,6.953846153846154,3.8015384615384615,195.0484615384616,763.0697146153847,10.056153846153848,475.38461538461536,52.0,0.443076923076923,0.743,0.172,0.21649896483620407,0.2465,0.6972499999999999,0.7325999999999999,0.007522949540659125,0.698,14.735934959349594,36.7,163.0,1239.72,1130.62,30.0,3.0,90.0,104.3,1.0,39.0
228,2018,16.0,40.0,3.312,productivity_normalized,True,59.0,55.06353,6.699999999999999,3.515,179.82,438.82045,7.755,420.0,46.0,0.4166521739130435,0.629,0.184,0.12125238095220418,0.30425,0.52125,0.6064999999999999,0.004695707430309641,0.629,14.174390243902439,35.6,187.8,1182.8,1077.92,25.0,2.0,92.0,140.3,2.0,39.0
229,2018,16.0,40.0,3.312,productivity_normalized,True,12.0,9.82891,6.4,2.36,225.3,220.85171,12.11,480.0,41.0,0.43892682926829274,0.577,0.075,0.11545950409155761,0.35,0.522,0.56725,0.0042690843857484655,0.573,14.174390243902439,35.6,187.8,1182.8,1077.92,25.0,2.0,92.0,140.3,2.0,39.0
230,2018,40.0,40.0,1.6839,estimate_normalized,True,223.0,222.45567,7.1000000000000005,3.73,184.71,792.107215,3.6633333333333336,445.0,52.0,0.47682692307692304,0.653,0.152,0.16692959376679714,0.29625,0.62025,0.6466000000000001,0.005770582481741672,0.59,14.174390243902439,35.6,187.8,1182.8,1077.92,25.0,2.0,92.0,140.3,2.0,39.0
231,2018,36.0,43.0,0.93,productivity_normalized,True,235.0,231.50464,7.2625,3.685,204.0575,646.09227125,9.26,453.75,50.0,0.45732,0.712,0.158,0.1880723733034706,0.26675,0.64575,0.6976000000000001,0.0069117807411773445,0.704,14.174390243902439,35.6,187.8,1182.8,1077.92,25.0,2.0,92.0,140.3,2.0,39.0
232,2018,36.0,43.0,0.9,productivity_normalized,True,296.0,296.88138,6.609090909090909,3.7290909090909095,211.9754545454545,649.4797309090909,7.533636363636364,452.7272727272728,49.0,0.4882244897959184,0.673,0.161,0.19249492601912147,0.267,0.654,0.6712500000000001,0.006817450677086908,0.647,14.174390243902439,35.6,187.8,1182.8,1077.92,25.0,2.0,92.0,140.3,2.0,39.0
233,2018,40.0,40.0,1.9316,estimate_normalized,True,39.0,38.82,6.7,3.57,211.75,698.55237,6.06,510.0,43.0,0.5018139534883722,0.652,0.193,0.1211008143951172,0.4115,0.6134999999999999,0.6442500000000001,0.004691602839017307,0.652,14.174390243902439,35.6,187.8,1182.8,1077.92,25.0,2.0,92.0,140.3,2.0,39.0
234,2018,40.0,40.0,2.1424,estimate_normalized,True,35.0,36.18,6.5,3.73,181.31,492.74302,14.32,480.0,43.0,0.5473720930232558,0.686,0.2,0.12296965465262842,0.4795,0.642,0.683,0.004722206128695039,0.682,14.174390243902439,35.6,187.8,1182.8,1077.92,25.0,2.0,92.0,140.3,2.0,39.0
195,2019,43.0,40.0,2.9511,estimate_normalized,True,123.0,122.42127,6.9,3.6425,225.2,499.4803025,7.5175,427.5,55.0,0.48203636363636365,0.75,0.171,0.2367883568725735,0.1955,0.707,0.7444,0.006720587063236467,0.559,14.437479674796748,34.8,142.1,1201.04,1092.15,21.0,0.0,101.0,45.5,3.0,52.0
197,2019,43.0,40.0,3.3518,estimate_normalized,True,343.0,343.71311,6.976923076923077,3.579230769230769,216.96,502.5284007692308,4.591538461538462,454.61538461538464,58.0,0.4933275862068966,0.772,0.151,0.2578189279006271,0.18875,0.745,0.7638,0.007367546675880946,0.626,14.437479674796748,34.8,142.1,1201.04,1092.15,21.0,0.0,101.0,45.5,3.0,52.0
207,2019,43.0,40.0,3.5799999999999996,productivity_normalized,True,110.91,110.91329,6.875,3.55,244.935,425.663535,5.4125,412.5,56.0,0.447375,0.737,0.167,0.24018776602156192,0.175,0.6902499999999999,0.7278,0.006863290331017584,0.494,14.437479674796748,34.8,142.1,1201.04,1092.15,21.0,0.0,101.0,45.5,3.0,52.0
208,2019,40.0,40.0,2.133,productivity_normalized,True,130.0,128.21593,6.8,3.916,202.758,706.31834,5.7,504.0,55.0,0.45607272727272735,0.699,0.158,0.2137209611998747,0.2175,0.6395,0.6971999999999999,0.006453887218744188,0.697,14.437479674796748,34.8,142.1,1201.04,1092.15,21.0,0.0,101.0,45.5,3.0,52.0
209,2019,20.0,40.0,1.4083,estimate_normalized,True,301.65,301.6502,7.042857142857143,3.5357142857142856,171.9557142857143,277.5815457142857,7.35,437.1428571428572,61.0,0.4276557377049181,0.66,0.153,0.21042687957437048,0.191,0.641,0.656,0.006118012187661805,0.635,14.437479674796748,34.8,142.1,1201.04,1092.15,21.0,0.0,101.0,45.5,3.0,52.0
210,2019,40.0,21.0,1.965,productivity_normalized,True,247.0,245.92428,7.2125,3.72,230.06625,480.10587375,9.455,423.75,58.0,0.46182758620689657,0.756,0.168,0.23676964929063032,0.20775,0.708,0.7546000000000002,0.006908301135666098,0.73,14.437479674796748,34.8,142.1,1201.04,1092.15,21.0,0.0,101.0,45.5,3.0,52.0
211,2019,40.0,,1.868,productivity_normalized,True,93.0,92.55,6.245,4.8,25.325,403.5,,342.0,52.0,0.4668461538461539,0.741,0.176,0.22613724428859097,0.20275,0.702,0.7363999999999999,0.006706411657856284,0.698,14.437479674796748,34.8,142.1,1201.04,1092.15,21.0,0.0,101.0,45.5,3.0,52.0
212,2019,40.0,40.0,2.478,estimate_normalized,True,136.0,134.83369,7.140000000000001,3.766,232.258,464.594502,5.536,432.0,49.0,0.4614693877551021,0.727,0.193,0.2125406181627712,0.219,0.681,0.72425,0.006603191464051862,0.69,14.437479674796748,34.8,142.1,1201.04,1092.15,21.0,0.0,101.0,45.5,3.0,52.0
213,2019,20.0,40.0,1.9759,estimate_normalized,True,14.0,16.53751,7.2,3.39,148.5,272.23874,13.42,420.0,50.0,0.4677000000000001,0.708,0.168,0.21237045463058182,0.2245,0.67525,0.7064,0.0063126888788153515,0.678,14.437479674796748,34.8,142.1,1201.04,1092.15,21.0,0.0,101.0,45.5,3.0,52.0
214,2019,40.0,40.0,2.1573,estimate_normalized,True,9.0,10.99122,7.1,3.67,236.12,399.02591,8.82,420.0,50.0,0.4709199999999999,0.72,0.167,0.21598507726229607,0.2275,0.6827500000000001,0.7176,0.006433442883046237,0.691,14.437479674796748,34.8,142.1,1201.04,1092.15,21.0,0.0,101.0,45.5,3.0,52.0
215,2019,40.0,40.0,1.672,productivity_normalized,True,79.0,78.14849,6.666666666666667,3.776666666666667,192.12,392.99891,12.116666666666667,430.0,50.0,0.42351999999999995,0.717,0.146,0.2114333218771346,0.20025,0.647,0.7136,0.006327809291315741,0.717,14.437479674796748,34.8,142.1,1201.04,1092.15,21.0,0.0,101.0,45.5,3.0,52.0
216,2019,40.0,40.0,1.95,productivity_normalized,True,37.0,37.51924,6.4,3.71,242.68,688.96085,7.64,540.0,47.0,0.5341702127659573,0.737,0.168,0.21711555107125793,0.2705,0.7144999999999999,0.73525,0.006895212628160036,0.714,14.437479674796748,34.8,142.1,1201.04,1092.15,21.0,0.0,101.0,45.5,3.0,52.0
217,2019,40.0,40.0,1.962,productivity_normalized,True,408.0,408.48131,6.94,3.484666666666667,201.10266666666664,313.7409,4.662000000000001,472.0,57.0,0.44505263157894726,0.715,0.165,0.22433413527027213,0.206,0.649,0.7125999999999999,0.006589587547560741,0.708,14.437479674796748,34.8,142.1,1201.04,1092.15,21.0,0.0,101.0,45.5,3.0,52.0
218,2019,40.0,40.0,1.7299,estimate_normalized,True,39.0,39.30376,7.2,3.87,198.74,289.9543,4.86,390.0,46.0,0.46263043478260857,0.709,0.147,0.1984155015305937,0.24475,0.6795,0.7032499999999999,0.00625995352056962,0.693,14.437479674796748,34.8,142.1,1201.04,1092.15,21.0,0.0,101.0,45.5,3.0,52.0
219,2019,40.0,40.0,2.273,productivity_normalized,True,210.0,209.86423,6.8,3.69625,212.37625,656.214605,8.491249999999999,446.25,53.0,0.42215094339622655,0.718,0.163,0.21479137717016752,0.187,0.632,0.7135999999999999,0.006236851938193209,0.718,14.437479674796748,34.8,142.1,1201.04,1092.15,21.0,0.0,101.0,45.5,3.0,52.0
220,2019,40.0,40.0,2.7649999999999997,productivity_normalized,True,25.0,24.0006,7.3,3.74,197.06,380.11444,6.0,420.0,49.0,0.5070816326530612,0.719,0.171,0.1914544584558964,0.308,0.687,0.717,0.006081615375436473,0.711,14.437479674796748,34.8,142.1,1201.04,1092.15,21.0,0.0,101.0,45.5,3.0,52.0
221,2019,40.0,,1.982,productivity_normalized,True,8.0,8.18,,,,,,,47.0,0.5585106382978724,0.741,0.181,0.20124621020250086,0.3365,0.724,0.7395,0.006475709366370028,0.712,14.437479674796748,34.8,142.1,1201.04,1092.15,21.0,0.0,101.0,45.5,3.0,52.0
222,2019,40.0,40.0,2.648,productivity_normalized,True,62.0,62.12991,6.9,3.725,206.315,278.80506,4.845,420.0,51.0,0.43737254901960787,0.709,0.167,0.20973007496418555,0.202,0.655,0.6952,0.006411912067020108,0.709,14.437479674796748,34.8,142.1,1201.04,1092.15,21.0,0.0,101.0,45.5,3.0,52.0
223,2019,40.0,40.0,2.651,productivity_normalized,True,70.0,70.93112,6.433333333333334,3.6633333333333336,175.33333333333334,560.82853,6.72,430.0,56.0,0.438,0.745,0.122,0.230115266147828,0.193,0.6815,0.7264,0.006728638654666405,0.705,14.437479674796748,34.8,142.1,1201.04,1092.15,21.0,0.0,101.0,45.5,3.0,52.0
224,2019,40.0,40.0,3.961,productivity_normalized,True,104.0,106.08424,6.5,3.808,191.728,598.903534,18.618,516.0,54.0,0.48672222222222217,0.736,0.159,0.22407888960237216,0.22975,0.7035,0.735,0.006652727336017541,0.716,14.437479674796748,34.8,142.1,1201.04,1092.15,21.0,0.0,101.0,45.5,3.0,52.0
225,2019,40.0,,3.961,productivity_normalized,True,4.0,4.03,,,,,,,48.0,0.5362916666666666,0.75,0.144,0.20745360508771324,0.349,0.7022499999999999,0.73375,0.006102999132357014,0.699,14.437479674796748,34.8,142.1,1201.04,1092.15,21.0,0.0,101.0,45.5,3.0,52.0
226,2019,40.0,40.0,2.9829999999999997,productivity_normalized,True,40.0,41.00801,7.2,3.79,218.81,806.48818,8.56,420.0,48.0,0.4801041666666666,0.728,0.144,0.19657698233170354,0.261,0.64775,0.712,0.0061147212284355995,0.724,14.437479674796748,34.8,142.1,1201.04,1092.15,21.0,0.0,101.0,45.5,3.0,52.0
227,2019,20.0,40.0,1.161,productivity_normalized,True,346.0,348.50924,6.953846153846154,3.8015384615384615,195.0484615384616,763.0697146153847,10.056153846153848,475.38461538461536,58.0,0.40768965517241385,0.667,0.144,0.20454189410658313,0.195,0.63275,0.6609999999999999,0.006030833804363716,0.666,14.617723577235772,33.6,297.6,1212.56,1102.27,18.0,0.0,87.0,123.2,0.0,46.0
228,2019,36.0,16.0,1.468,productivity_normalized,True,59.0,55.06353,6.699999999999999,3.515,179.82,438.82045,7.755,420.0,46.0,0.355195652173913,0.752,0.185,0.16983772556347623,0.19975,0.529,0.6752499999999999,0.004658308422055205,0.752,14.437479674796748,34.8,142.1,1201.04,1092.15,21.0,0.0,101.0,45.5,3.0,52.0
229,2019,36.0,16.0,1.468,productivity_normalized,True,12.0,9.82891,6.4,2.36,225.3,220.85171,12.11,480.0,48.0,0.3707916666666667,0.626,0.081,0.20450926612394743,0.14725,0.59725,0.6194999999999999,0.005889120356917739,0.615,14.437479674796748,34.8,142.1,1201.04,1092.15,21.0,0.0,101.0,45.5,3.0,52.0
230,2019,44.0,40.0,4.503,productivity_normalized,True,223.0,222.45567,7.1000000000000005,3.73,184.71,792.107215,3.6633333333333336,445.0,56.0,0.5285535714285715,0.761,0.163,0.21198382010720748,0.3175,0.735,0.7584,0.0051845304827322185,0.41,14.437479674796748,34.8,142.1,1201.04,1092.15,21.0,0.0,101.0,45.5,3.0,52.0
231,2019,44.0,36.0,4.303,productivity_normalized,True,235.0,231.50464,7.2625,3.685,204.0575,646.09227125,9.26,453.75,59.0,0.5217627118644068,0.767,0.201,0.22059352442076494,0.2815,0.7435,0.7624,0.005697204438868637,0.396,14.437479674796748,34.8,142.1,1201.04,1092.15,21.0,0.0,101.0,45.5,3.0,52.0
232,2019,44.0,36.0,3.404,productivity_normalized,True,296.0,296.88138,6.609090909090909,3.7290909090909095,211.9754545454545,649.4797309090909,7.533636363636364,452.7272727272728,56.0,0.5109107142857142,0.757,0.182,0.2118302282477404,0.27775000000000005,0.7224999999999999,0.7494,0.005196828545248747,0.335,14.437479674796748,34.8,142.1,1201.04,1092.15,21.0,0.0,101.0,45.5,3.0,52.0
233,2019,40.0,40.0,2.564,estimate_normalized,True,39.0,38.82,6.7,3.57,211.75,698.55237,6.06,510.0,52.0,0.4968461538461538,0.712,0.191,0.19701946258949454,0.29425,0.6597500000000001,0.7076,0.005948708462347283,0.702,14.437479674796748,34.8,142.1,1201.04,1092.15,21.0,0.0,101.0,45.5,3.0,52.0
234,2019,33.0,40.0,0.6081000000000001,estimate_normalized,True,35.0,36.18,6.5,3.73,181.31,492.74302,14.32,480.0,48.0,0.49714583333333334,0.716,0.181,0.18815496600578704,0.30325,0.671,0.7064999999999999,0.0053700726840940575,0.671,14.437479674796748,34.8,142.1,1201.04,1092.15,21.0,0.0,101.0,45.5,3.0,52.0
195,2020,20.0,43.0,1.4514,estimate_normalized,True,123.0,122.42127,6.9,3.6425,225.2,499.4803025,7.5175,427.5,50.0,0.37229999999999996,0.617,0.165,0.152501836054521,0.228,0.52525,0.6042,0.005342909053108299,0.593,16.849593495934958,37.7,101.2,1468.34,1353.74,33.0,3.0,102.0,12.5,12.0,58.0
197,2020,20.0,43.0,1.5651,estimate_normalized,True,343.0,343.71311,6.976923076923077,3.579230769230769,216.96,502.5284007692308,4.591538461538462,454.61538461538464,49.0,0.39257142857142857,0.626,0.164,0.16206322777212098,0.231,0.573,0.6154999999999999,0.0057255974063063165,0.626,16.849593495934958,37.7,101.2,1468.34,1353.74,33.0,3.0,102.0,12.5,12.0,58.0
207,2020,20.0,43.0,4.38,productivity_normalized,False,110.91,110.91329,6.875,3.55,244.935,425.663535,5.4125,412.5,47.0,0.36657446808510635,0.61,0.159,0.15522828003488737,0.2135,0.5335000000000001,0.5874999999999999,0.00550376305846557,0.553,16.849593495934958,37.7,101.2,1468.34,1353.74,33.0,3.0,102.0,12.5,12.0,58.0
208,2020,43.0,40.0,5.05,productivity_normalized,False,130.0,128.21593,6.8,3.916,202.758,706.31834,5.7,504.0,48.0,0.4292916666666667,0.524,0.206,0.08865428132483068,0.3895,0.50525,0.5205000000000001,0.002746894138028452,0.465,16.849593495934958,37.7,101.2,1468.34,1353.74,33.0,3.0,102.0,12.5,12.0,58.0
209,2020,16.0,20.0,5.78,productivity_normalized,False,301.65,301.6502,7.042857142857143,3.5357142857142856,171.9557142857143,277.5815457142857,7.35,437.1428571428572,53.0,0.3642075471698113,0.526,0.188,0.0821683404326467,0.282,0.423,0.46840000000000004,0.002023688561591328,0.526,16.849593495934958,37.7,101.2,1468.34,1353.74,33.0,3.0,102.0,12.5,12.0,58.0
210,2020,44.0,40.0,2.11,productivity_normalized,False,247.0,245.92428,7.2125,3.72,230.06625,480.10587375,9.455,423.75,50.0,0.39807999999999993,0.519,0.171,0.08600112557402956,0.34625,0.448,0.4824,0.0024081232598863658,0.519,16.849593495934958,37.7,101.2,1468.34,1353.74,33.0,3.0,102.0,12.5,12.0,58.0
211,2020,44.0,40.0,3.19,productivity_normalized,False,93.0,92.55,6.245,4.8,25.325,403.5,,342.0,46.0,0.3980869565217391,0.519,0.182,0.089774070548857,0.3765,0.4775,0.51475,0.002589881124248235,0.431,16.849593495934958,37.7,101.2,1468.34,1353.74,33.0,3.0,102.0,12.5,12.0,58.0
212,2020,43.0,40.0,1.3132,estimate_normalized,True,136.0,134.83369,7.140000000000001,3.766,232.258,464.594502,5.536,432.0,45.0,0.36693333333333333,0.554,0.197,0.09443784552109746,0.315,0.476,0.5202500000000001,0.0034069405668859126,0.554,16.849593495934958,37.7,101.2,1468.34,1353.74,33.0,3.0,102.0,12.5,12.0,58.0
213,2020,43.0,20.0,5.78,productivity_normalized,False,14.0,16.53751,7.2,3.39,148.5,272.23874,13.42,420.0,45.0,0.44064444444444445,0.574,0.229,0.07210213606191815,0.421,0.478,0.52425,0.0022761703960090347,0.574,16.849593495934958,37.7,101.2,1468.34,1353.74,33.0,3.0,102.0,12.5,12.0,58.0
214,2020,43.0,40.0,3.19,productivity_normalized,False,9.0,10.99122,7.1,3.67,236.12,399.02591,8.82,420.0,45.0,0.4408222222222222,0.556,0.226,0.07168210341931439,0.421,0.487,0.51875,0.00222757722744926,0.556,16.849593495934958,37.7,101.2,1468.34,1353.74,33.0,3.0,102.0,12.5,12.0,58.0
215,2020,43.0,40.0,1.409,productivity_normalized,True,79.0,78.14849,6.666666666666667,3.776666666666667,192.12,392.99891,12.116666666666667,430.0,47.0,0.4434468085106383,0.681,0.176,0.13842300394706544,0.3745,0.5680000000000001,0.6667500000000001,0.005012954813156089,0.625,16.849593495934958,37.7,101.2,1468.34,1353.74,33.0,3.0,102.0,12.5,12.0,58.0
216,2020,43.0,40.0,1.246,productivity_normalized,True,37.0,37.51924,6.4,3.71,242.68,688.96085,7.64,540.0,47.0,0.49082978723404264,0.618,0.196,0.1089359208773742,0.435,0.577,0.61575,0.0035647697777800046,0.591,16.849593495934958,37.7,101.2,1468.34,1353.74,33.0,3.0,102.0,12.5,12.0,58.0
217,2020,43.0,40.0,3.37,productivity_normalized,False,408.0,408.48131,6.94,3.484666666666667,201.10266666666664,313.7409,4.662000000000001,472.0,48.0,0.39075,0.538,0.197,0.09965283488190389,0.31775,0.5055000000000001,0.52925,0.0036196677554174135,0.538,16.849593495934958,37.7,101.2,1468.34,1353.74,33.0,3.0,102.0,12.5,12.0,58.0
218,2020,43.0,40.0,1.7929,estimate_normalized,True,39.0,39.30376,7.2,3.87,198.74,289.9543,4.86,390.0,46.0,0.39739130434782594,0.528,0.221,0.08487035593003002,0.32675,0.4735,0.5035000000000001,0.002778578884494141,0.528,16.849593495934958,37.7,101.2,1468.34,1353.74,33.0,3.0,102.0,12.5,12.0,58.0
219,2020,43.0,40.0,4.25,productivity_normalized,False,210.0,209.86423,6.8,3.69625,212.37625,656.214605,8.491249999999999,446.25,49.0,0.3190612244897959,0.571,0.185,0.10621011292855563,0.234,0.374,0.5225,0.0036032262481263686,0.571,16.849593495934958,37.7,101.2,1468.34,1353.74,33.0,3.0,102.0,12.5,12.0,58.0
220,2020,43.0,40.0,5.13,productivity_normalized,False,25.0,24.0006,7.3,3.74,197.06,380.11444,6.0,420.0,44.0,0.4967500000000001,0.685,0.221,0.10967640937196692,0.4285,0.5872499999999999,0.6475,0.0038352217400128333,0.685,16.849593495934958,37.7,101.2,1468.34,1353.74,33.0,3.0,102.0,12.5,12.0,58.0
221,2020,43.0,40.0,3.8,productivity_normalized,False,8.0,8.18,,,,,,,47.0,0.5338085106382978,0.643,0.234,0.10346006286688646,0.5055000000000001,0.608,0.6375,0.0032582782618939873,0.608,16.849593495934958,37.7,101.2,1468.34,1353.74,33.0,3.0,102.0,12.5,12.0,58.0
222,2020,43.0,40.0,2.1,productivity_normalized,False,62.0,62.12991,6.9,3.725,206.315,278.80506,4.845,420.0,47.0,0.383,0.468,0.195,0.07325095308362599,0.325,0.4425,0.46425,0.0023881063092911366,0.446,16.849593495934958,37.7,101.2,1468.34,1353.74,33.0,3.0,102.0,12.5,12.0,58.0
223,2020,43.0,40.0,2.1,productivity_normalized,False,70.0,70.93112,6.433333333333334,3.6633333333333336,175.33333333333334,560.82853,6.72,430.0,44.0,0.39813636363636373,0.496,0.191,0.08827915199913255,0.35875,0.465,0.48524999999999996,0.002614173109332608,0.419,16.849593495934958,37.7,101.2,1468.34,1353.74,33.0,3.0,102.0,12.5,12.0,58.0
224,2020,43.0,40.0,0.857,productivity_normalized,True,104.0,106.08424,6.5,3.808,191.728,598.903534,18.618,516.0,48.0,0.4176875,0.528,0.193,0.08309511524201248,0.421,0.4705,0.50975,0.002301410439288522,0.44,16.849593495934958,37.7,101.2,1468.34,1353.74,33.0,3.0,102.0,12.5,12.0,58.0
225,2020,43.0,40.0,2.335,productivity_normalized,True,4.0,4.03,,,,,,,44.0,0.5668863636363636,0.647,0.27,0.08683139773279827,0.517,0.639,0.64675,0.0009933373770305348,0.505,16.849593495934958,37.7,101.2,1468.34,1353.74,33.0,3.0,102.0,12.5,12.0,58.0
226,2020,43.0,40.0,5.02,productivity_normalized,False,40.0,41.00801,7.2,3.79,218.81,806.48818,8.56,420.0,45.0,0.42602222222222214,0.506,0.196,0.070194488194156,0.408,0.483,0.50525,0.0021724125837337344,0.505,16.849593495934958,37.7,101.2,1468.34,1353.74,33.0,3.0,102.0,12.5,12.0,58.0
227,2020,44.0,20.0,5.65,productivity_normalized,False,346.0,348.50924,6.953846153846154,3.8015384615384615,195.0484615384616,763.0697146153847,10.056153846153848,475.38461538461536,55.0,0.38819999999999993,0.469,0.136,0.07695250010706133,0.352,0.4465,0.46180000000000004,0.0010814755353860041,0.432,17.254552845528455,37.4,123.4,1513.8,1397.32,32.0,3.0,104.0,26.7,12.0,56.0
228,2020,44.0,36.0,1.3,productivity_normalized,True,59.0,55.06353,6.699999999999999,3.515,179.82,438.82045,7.755,420.0,41.0,0.469609756097561,0.578,0.223,0.08845196520553401,0.441,0.536,0.56825,0.002161693505003049,0.488,16.849593495934958,37.7,101.2,1468.34,1353.74,33.0,3.0,102.0,12.5,12.0,58.0
229,2020,44.0,36.0,3.285,productivity_normalized,True,12.0,9.82891,6.4,2.36,225.3,220.85171,12.11,480.0,42.0,0.45842857142857146,0.573,0.123,0.12824198533522901,0.4405,0.548,0.5722499999999999,0.0036497187060478197,0.486,16.849593495934958,37.7,101.2,1468.34,1353.74,33.0,3.0,102.0,12.5,12.0,58.0
230,2020,21.0,44.0,1.68,productivity_normalized,False,223.0,222.45567,7.1000000000000005,3.73,184.71,792.107215,3.6633333333333336,445.0,52.0,0.4418461538461539,0.562,0.168,0.10553041570586776,0.418,0.52375,0.5564,0.0030927521589662436,0.44,16.849593495934958,37.7,101.2,1468.34,1353.74,33.0,3.0,102.0,12.5,12.0,58.0
231,2020,21.0,44.0,3.62,productivity_normalized,False,235.0,231.50464,7.2625,3.685,204.0575,646.09227125,9.26,453.75,55.0,0.3940909090909092,0.501,0.168,0.08780935396999626,0.3805,0.457,0.4974,0.0025791605301914568,0.425,16.849593495934958,37.7,101.2,1468.34,1353.74,33.0,3.0,102.0,12.5,12.0,58.0
232,2020,21.0,44.0,2.23,productivity_normalized,False,296.0,296.88138,6.609090909090909,3.7290909090909095,211.9754545454545,649.4797309090909,7.533636363636364,452.7272727272728,54.0,0.36992592592592605,0.472,0.163,0.08092151017700946,0.347,0.426,0.4692,0.002225083685027509,0.356,16.849593495934958,37.7,101.2,1468.34,1353.74,33.0,3.0,102.0,12.5,12.0,58.0
233,2020,43.0,40.0,1.75,estimate_normalized,True,39.0,38.82,6.7,3.57,211.75,698.55237,6.06,510.0,47.0,0.40787234042553194,0.491,0.218,0.05586595546152228,0.3825,0.456,0.48550000000000004,6.528456874633149e-05,0.413,16.849593495934958,37.7,101.2,1468.34,1353.74,33.0,3.0,102.0,12.5,12.0,58.0
195,2021,3.0,20.0,2.022276422764228,physical_harvested_weight,False,123.0,122.42127,6.9,3.6425,225.2,499.4803025,7.5175,427.5,59.0,0.4755423728813559,0.753,0.18,0.2143004640277408,0.2615,0.702,0.7396,0.006568607461204144,0.597,14.911869918699187,35.5,150.2,1268.31,1162.22,21.0,1.0,104.0,33.4,9.0,56.0
197,2021,3.0,20.0,2.5284548104956266,physical_harvested_weight,False,343.0,343.71311,6.976923076923077,3.579230769230769,216.96,502.5284007692308,4.591538461538462,454.61538461538464,60.0,0.4917666666666667,0.758,0.15,0.2326474705548194,0.25125000000000003,0.74,0.7538333333333332,0.006957392742085906,0.659,14.911869918699187,35.5,150.2,1268.31,1162.22,21.0,1.0,104.0,33.4,9.0,56.0
207,2021,3.0,20.0,3.525020286718961,physical_harvested_weight,False,110.91,110.91329,6.875,3.55,244.935,425.663535,5.4125,412.5,59.0,0.4702033898305084,0.754,0.181,0.22716519634219282,0.216,0.6995,0.7485999999999999,0.0066358622456688995,0.601,14.911869918699187,35.5,150.2,1268.31,1162.22,21.0,1.0,104.0,33.4,9.0,56.0
208,2021,40.0,43.0,2.1216153846153847,physical_harvested_weight,False,130.0,128.21593,6.8,3.916,202.758,706.31834,5.7,504.0,53.0,0.4958867924528302,0.779,0.126,0.2105378252554551,0.321,0.705,0.7718,0.006780934188398182,0.725,14.911869918699187,35.5,150.2,1268.31,1162.22,21.0,1.0,104.0,33.4,9.0,56.0
209,2021,40.0,16.0,2.268059008785016,physical_harvested_weight,False,301.65,301.6502,7.042857142857143,3.5357142857142856,171.9557142857143,277.5815457142857,7.35,437.1428571428572,55.0,0.48010909090909093,0.753,0.186,0.20115789119515703,0.267,0.624,0.7498000000000001,0.006371888056468322,0.736,14.911869918699187,35.5,150.2,1268.31,1162.22,21.0,1.0,104.0,33.4,9.0,56.0
210,2021,40.0,44.0,1.4783400809716598,physical_harvested_weight,False,247.0,245.92428,7.2125,3.72,230.06625,480.10587375,9.455,423.75,52.0,0.4843846153846154,0.775,0.194,0.21274001412397117,0.32175,0.72725,0.7687999999999999,0.006748741647030086,0.728,14.911869918699187,35.5,150.2,1268.31,1162.22,21.0,1.0,104.0,33.4,9.0,56.0
211,2021,40.0,44.0,2.1389247311827955,physical_harvested_weight,False,93.0,92.55,6.245,4.8,25.325,403.5,,342.0,53.0,0.47916981132075465,0.77,0.158,0.23004460074934746,0.262,0.73,0.766,0.0070411662173720056,0.719,14.911869918699187,35.5,150.2,1268.31,1162.22,21.0,1.0,104.0,33.4,9.0,56.0
212,2021,40.0,43.0,3.3983823529411765,physical_harvested_weight,False,136.0,134.83369,7.140000000000001,3.766,232.258,464.594502,5.536,432.0,53.0,0.4621320754716981,0.79,0.201,0.2289452466252492,0.241,0.717,0.7802,0.007010335782368145,0.712,14.911869918699187,35.5,150.2,1268.31,1162.22,21.0,1.0,104.0,33.4,9.0,56.0
213,2021,43.0,43.0,1.3155714285714286,physical_harvested_weight,False,14.0,16.53751,7.2,3.39,148.5,272.23874,13.42,420.0,50.0,0.49668,0.746,0.197,0.19668415696237457,0.3325,0.672,0.7414000000000001,0.006386937786156745,0.71,14.911869918699187,35.5,150.2,1268.31,1162.22,21.0,1.0,104.0,33.4,9.0,56.0
214,2021,43.0,43.0,1.5857777777777775,physical_harvested_weight,False,9.0,10.99122,7.1,3.67,236.12,399.02591,8.82,420.0,50.0,0.4984,0.752,0.199,0.1984761950461566,0.336,0.68625,0.7494,0.00644618008797917,0.71,14.911869918699187,35.5,150.2,1268.31,1162.22,21.0,1.0,104.0,33.4,9.0,56.0
215,2021,40.0,43.0,2.9865822784810128,physical_harvested_weight,False,79.0,78.14849,6.666666666666667,3.776666666666667,192.12,392.99891,12.116666666666667,430.0,51.0,0.46519607843137245,0.73,0.146,0.19234945930369862,0.33299999999999996,0.6799999999999999,0.7252,0.006619974964776457,0.714,14.911869918699187,35.5,150.2,1268.31,1162.22,21.0,1.0,104.0,33.4,9.0,56.0
216,2021,40.0,43.0,2.925945945945946,physical_harvested_weight,False,37.0,37.51924,6.4,3.71,242.68,688.96085,7.64,540.0,49.0,0.5483265306122449,0.759,0.188,0.17716847599943775,0.505,0.708,0.7559999999999999,0.005979011116462602,0.719,14.911869918699187,35.5,150.2,1268.31,1162.22,21.0,1.0,104.0,33.4,9.0,56.0
217,2021,40.0,43.0,2.768578431372549,physical_harvested_weight,False,408.0,408.48131,6.94,3.484666666666667,201.10266666666664,313.7409,4.662000000000001,472.0,57.0,0.4529649122807018,0.785,0.174,0.23306161860567598,0.24,0.712,0.7774000000000001,0.007240733036006292,0.71,14.911869918699187,35.5,150.2,1268.31,1162.22,21.0,1.0,104.0,33.4,9.0,56.0
218,2021,40.0,43.0,2.12974358974359,physical_harvested_weight,False,39.0,39.30376,7.2,3.87,198.74,289.9543,4.86,390.0,50.0,0.4715399999999999,0.732,0.135,0.20861219619188134,0.26175000000000004,0.68325,0.7285999999999999,0.006935093424419709,0.706,14.911869918699187,35.5,150.2,1268.31,1162.22,21.0,1.0,104.0,33.4,9.0,56.0
219,2021,40.0,43.0,2.818952380952381,physical_harvested_weight,False,210.0,209.86423,6.8,3.69625,212.37625,656.214605,8.491249999999999,446.25,51.0,0.447686274509804,0.792,0.184,0.23191288849657885,0.2205,0.708,0.79,0.007278876948958023,0.739,14.911869918699187,35.5,150.2,1268.31,1162.22,21.0,1.0,104.0,33.4,9.0,56.0
220,2021,40.0,43.0,2.0264,physical_harvested_weight,False,25.0,24.0006,7.3,3.74,197.06,380.11444,6.0,420.0,48.0,0.5239166666666667,0.777,0.193,0.2018064081957976,0.389,0.72275,0.7702500000000001,0.006562032610673429,0.719,14.911869918699187,35.5,150.2,1268.31,1162.22,21.0,1.0,104.0,33.4,9.0,56.0
221,2021,40.0,43.0,1.7475,physical_harvested_weight,False,8.0,8.18,,,,,,,49.0,0.5523673469387755,0.754,0.184,0.17594742882261108,0.486,0.708,0.753,0.00591700017494336,0.726,14.911869918699187,35.5,150.2,1268.31,1162.22,21.0,1.0,104.0,33.4,9.0,56.0
222,2021,40.0,43.0,2.9396774193548385,physical_harvested_weight,False,62.0,62.12991,6.9,3.725,206.315,278.80506,4.845,420.0,51.0,0.4571176470588235,0.773,0.161,0.2007257075926781,0.2915,0.6575,0.7594000000000001,0.006670358220624704,0.714,14.911869918699187,35.5,150.2,1268.31,1162.22,21.0,1.0,104.0,33.4,9.0,56.0
223,2021,40.0,43.0,2.8625714285714285,physical_harvested_weight,False,70.0,70.93112,6.433333333333334,3.6633333333333336,175.33333333333334,560.82853,6.72,430.0,51.0,0.4491960784313726,0.789,0.152,0.21482177013933612,0.271,0.7035,0.7687999999999999,0.006913535018065247,0.714,14.911869918699187,35.5,150.2,1268.31,1162.22,21.0,1.0,104.0,33.4,9.0,56.0
224,2021,40.0,43.0,2.0925,physical_harvested_weight,False,104.0,106.08424,6.5,3.808,191.728,598.903534,18.618,516.0,52.0,0.47963461538461544,0.75,0.169,0.18739787258111817,0.34824999999999995,0.63,0.748,0.006455866466940809,0.722,14.911869918699187,35.5,150.2,1268.31,1162.22,21.0,1.0,104.0,33.4,9.0,56.0
225,2021,40.0,43.0,1.85,physical_harvested_weight,False,4.0,4.03,,,,,,,51.0,0.5841176470588235,0.715,0.168,0.16991020085694672,0.596,0.6984999999999999,0.712,0.004703574208391676,0.692,14.911869918699187,35.5,150.2,1268.31,1162.22,21.0,1.0,104.0,33.4,9.0,56.0
226,2021,40.0,43.0,2.4555,physical_harvested_weight,False,40.0,41.00801,7.2,3.79,218.81,806.48818,8.56,420.0,55.0,0.49576363636363635,0.763,0.156,0.19356689833809756,0.372,0.7075,0.7602,0.006389119551078441,0.726,14.911869918699187,35.5,150.2,1268.31,1162.22,21.0,1.0,104.0,33.4,9.0,56.0
227,2021,44.0,44.0,2.8346242774566472,physical_harvested_weight,False,346.0,348.50924,6.953846153846154,3.8015384615384615,195.0484615384616,763.0697146153847,10.056153846153848,475.38461538461536,62.0,0.5361290322580644,0.719,0.208,0.15418657360389276,0.47975,0.69025,0.7103333333333333,0.002807065432515278,0.471,15.688048780487804,38.0,115.2,1349.84,1238.65,27.0,4.0,103.0,14.4,9.0,57.0
228,2021,44.0,44.0,2.4169491525423727,physical_harvested_weight,False,59.0,55.06353,6.699999999999999,3.515,179.82,438.82045,7.755,420.0,51.0,0.5424117647058824,0.72,0.244,0.15389443497571204,0.47050000000000003,0.692,0.7156,0.0033645838272140746,0.513,14.911869918699187,35.5,150.2,1268.31,1162.22,21.0,1.0,104.0,33.4,9.0,56.0
229,2021,44.0,44.0,2.9450000000000003,physical_harvested_weight,False,12.0,9.82891,6.4,2.36,225.3,220.85171,12.11,480.0,49.0,0.46991836734693876,0.639,0.1,0.18174436372078562,0.346,0.609,0.6292500000000001,0.004891756145056434,0.541,14.911869918699187,35.5,150.2,1268.31,1162.22,21.0,1.0,104.0,33.4,9.0,56.0
230,2021,44.0,21.0,2.123766816143498,physical_harvested_weight,False,223.0,222.45567,7.1000000000000005,3.73,184.71,792.107215,3.6633333333333336,445.0,54.0,0.5093703703703704,0.724,0.208,0.195101900848448,0.31875,0.701,0.7197999999999999,0.005967071444039112,0.65,14.911869918699187,35.5,150.2,1268.31,1162.22,21.0,1.0,104.0,33.4,9.0,56.0
231,2021,44.0,21.0,3.5069787234042553,physical_harvested_weight,False,235.0,231.50464,7.2625,3.685,204.0575,646.09227125,9.26,453.75,60.0,0.5282666666666667,0.712,0.196,0.16134929673089857,0.4795,0.68,0.7023333333333333,0.003268394782316777,0.487,14.911869918699187,35.5,150.2,1268.31,1162.22,21.0,1.0,104.0,33.4,9.0,56.0
232,2021,44.0,21.0,3.2479729729729727,physical_harvested_weight,False,296.0,296.88138,6.609090909090909,3.7290909090909095,211.9754545454545,649.4797309090909,7.533636363636364,452.7272727272728,60.0,0.53265,0.736,0.174,0.18453778520039374,0.43275,0.7084999999999999,0.7324999999999999,0.004495117759357225,0.523,14.911869918699187,35.5,150.2,1268.31,1162.22,21.0,1.0,104.0,33.4,9.0,56.0
233,2021,44.0,43.0,3.6453846153846152,physical_harvested_weight,False,39.0,38.82,6.7,3.57,211.75,698.55237,6.06,510.0,54.0,0.5587962962962963,0.701,0.215,0.15304808971058853,0.516,0.68875,0.6973999999999999,0.003957467687888942,0.538,14.911869918699187,35.5,150.2,1268.31,1162.22,21.0,1.0,104.0,33.4,9.0,56.0
234,2021,44.0,9.0,5.389142857142858,physical_harvested_weight,False,35.0,36.18,6.5,3.73,181.31,492.74302,14.32,480.0,55.0,0.5635454545454546,0.726,0.197,0.16183749629369448,0.5055000000000001,0.6964999999999999,0.7182,0.003830962840431677,0.504,14.911869918699187,35.5,150.2,1268.31,1162.22,21.0,1.0,104.0,33.4,9.0,56.0
195,2022,44.0,3.0,2.1216260162601626,physical_harvested_weight,False,123.0,122.42127,6.9,3.6425,225.2,499.4803025,7.5175,427.5,63.0,0.4365714285714286,0.686,0.177,0.15874964959698504,0.276,0.5635,0.6670000000000001,0.0038913905306724563,0.428,16.614227642276422,38.5,139.1,1440.84,1327.3,30.0,3.0,102.0,23.6,9.0,57.0
197,2022,44.0,3.0,1.5206997084548106,physical_harvested_weight,False,343.0,343.71311,6.976923076923077,3.579230769230769,216.96,502.5284007692308,4.591538461538462,454.61538461538464,64.0,0.451609375,0.727,0.155,0.18997521361248515,0.2435,0.645,0.718,0.005135184798334996,0.451,16.614227642276422,38.5,139.1,1440.84,1327.3,30.0,3.0,102.0,23.6,9.0,57.0
207,2022,44.0,3.0,1.8862140474258409,physical_harvested_weight,False,110.91,110.91329,6.875,3.55,244.935,425.663535,5.4125,412.5,63.0,0.42925396825396817,0.676,0.161,0.17562920611278898,0.22649999999999998,0.5925,0.6635,0.005151574925254632,0.493,16.614227642276422,38.5,139.1,1440.84,1327.3,30.0,3.0,102.0,23.6,9.0,57.0
208,2022,43.0,40.0,2.356923076923077,physical_harvested_weight,False,130.0,128.21593,6.8,3.916,202.758,706.31834,5.7,504.0,60.0,0.47736666666666666,0.738,0.192,0.18730705331679914,0.287,0.65425,0.721,0.005956136354328773,0.633,16.614227642276422,38.5,139.1,1440.84,1327.3,30.0,3.0,102.0,23.6,9.0,57.0
209,2022,43.0,40.0,2.657417536880491,physical_harvested_weight,False,301.65,301.6502,7.042857142857143,3.5357142857142856,171.9557142857143,277.5815457142857,7.35,437.1428571428572,66.0,0.46425757575757576,0.747,0.148,0.22570108353588947,0.218,0.67325,0.7421666666666668,0.006997645965976129,0.646,16.614227642276422,38.5,139.1,1440.84,1327.3,30.0,3.0,102.0,23.6,9.0,57.0
210,2022,43.0,40.0,3.0655870445344133,physical_harvested_weight,False,247.0,245.92428,7.2125,3.72,230.06625,480.10587375,9.455,423.75,67.0,0.4697611940298508,0.765,0.102,0.21490477513236808,0.244,0.677,0.7558333333333334,0.0068071658919743065,0.666,16.614227642276422,38.5,139.1,1440.84,1327.3,30.0,3.0,102.0,23.6,9.0,57.0
211,2022,43.0,40.0,3.4704,estimate_normalized,True,93.0,92.55,6.245,4.8,25.325,403.5,,342.0,60.0,0.45199999999999996,0.719,0.168,0.20017484024388946,0.22525,0.64,0.7115,0.006175040353473889,0.599,16.614227642276422,38.5,139.1,1440.84,1327.3,30.0,3.0,102.0,23.6,9.0,57.0
212,2022,43.0,40.0,3.1773529411764705,physical_harvested_weight,False,136.0,134.83369,7.140000000000001,3.766,232.258,464.594502,5.536,432.0,63.0,0.45465079365079364,0.769,0.188,0.21941228559677028,0.215,0.6625000000000001,0.7558333333333334,0.007081943429873778,0.661,16.614227642276422,38.5,139.1,1440.84,1327.3,30.0,3.0,102.0,23.6,9.0,57.0
213,2022,40.0,43.0,1.481428571428571,physical_harvested_weight,False,14.0,16.53751,7.2,3.39,148.5,272.23874,13.42,420.0,59.0,0.48179661016949155,0.75,0.105,0.2134720860298432,0.274,0.687,0.748,0.006739903819811234,0.651,16.614227642276422,38.5,139.1,1440.84,1327.3,30.0,3.0,102.0,23.6,9.0,57.0
214,2022,40.0,43.0,1.002222222222222,physical_harvested_weight,False,9.0,10.99122,7.1,3.67,236.12,399.02591,8.82,420.0,59.0,0.4772542372881356,0.751,0.1,0.2095227501275898,0.267,0.68,0.7422,0.006662126629603059,0.654,16.614227642276422,38.5,139.1,1440.84,1327.3,30.0,3.0,102.0,23.6,9.0,57.0
215,2022,43.0,40.0,2.858987341772152,physical_harvested_weight,False,79.0,78.14849,6.666666666666667,3.776666666666667,192.12,392.99891,12.116666666666667,430.0,57.0,0.452719298245614,0.697,0.103,0.20152538949232637,0.242,0.649,0.6912,0.006225154715569137,0.537,16.614227642276422,38.5,139.1,1440.84,1327.3,30.0,3.0,102.0,23.6,9.0,57.0
216,2022,43.0,40.0,3.1270270270270273,physical_harvested_weight,False,37.0,37.51924,6.4,3.71,242.68,688.96085,7.64,540.0,59.0,0.509322033898305,0.742,0.174,0.2022258714255655,0.2975,0.698,0.7404000000000001,0.006148854961832059,0.566,16.614227642276422,38.5,139.1,1440.84,1327.3,30.0,3.0,102.0,23.6,9.0,57.0
217,2022,43.0,40.0,3.063725490196078,physical_harvested_weight,False,408.0,408.48131,6.94,3.484666666666667,201.10266666666664,313.7409,4.662000000000001,472.0,61.0,0.4610491803278689,0.72,0.186,0.22073279048299577,0.201,0.679,0.7156666666666666,0.0069606490594511655,0.621,16.614227642276422,38.5,139.1,1440.84,1327.3,30.0,3.0,102.0,23.6,9.0,57.0
218,2022,43.0,40.0,2.1723076923076925,physical_harvested_weight,False,39.0,39.30376,7.2,3.87,198.74,289.9543,4.86,390.0,55.0,0.4330363636363635,0.708,0.165,0.20382728549938942,0.2215,0.63,0.7050000000000001,0.0065834504186876985,0.619,16.614227642276422,38.5,139.1,1440.84,1327.3,30.0,3.0,102.0,23.6,9.0,57.0
219,2022,43.0,40.0,2.827547619047619,physical_harvested_weight,False,210.0,209.86423,6.8,3.69625,212.37625,656.214605,8.491249999999999,446.25,61.0,0.4153606557377049,0.734,0.134,0.22549515881444182,0.192,0.656,0.7291666666666666,0.007038238989189031,0.636,16.614227642276422,38.5,139.1,1440.84,1327.3,30.0,3.0,102.0,23.6,9.0,57.0
220,2022,43.0,40.0,3.4832,physical_harvested_weight,False,25.0,24.0006,7.3,3.74,197.06,380.11444,6.0,420.0,55.0,0.4947818181818182,0.777,0.199,0.21405697550028724,0.284,0.7115,0.7630000000000001,0.00698828132707706,0.68,16.614227642276422,38.5,139.1,1440.84,1327.3,30.0,3.0,102.0,23.6,9.0,57.0
221,2022,43.0,40.0,4.1328000000000005,estimate_normalized,True,8.0,8.18,,,,,,,59.0,0.5321186440677966,0.746,0.159,0.20669662406087197,0.3165,0.718,0.743,0.006354716223755286,0.643,16.614227642276422,38.5,139.1,1440.84,1327.3,30.0,3.0,102.0,23.6,9.0,57.0
222,2022,43.0,40.0,3.2700483870967743,physical_harvested_weight,False,62.0,62.12991,6.9,3.725,206.315,278.80506,4.845,420.0,57.0,0.4807017543859649,0.771,0.173,0.22449225086553995,0.24,0.699,0.759,0.0073893416858015456,0.695,16.614227642276422,38.5,139.1,1440.84,1327.3,30.0,3.0,102.0,23.6,9.0,57.0
223,2022,43.0,40.0,3.2311428571428573,physical_harvested_weight,False,70.0,70.93112,6.433333333333334,3.6633333333333336,175.33333333333334,560.82853,6.72,430.0,57.0,0.4455789473684211,0.734,0.182,0.2118301162565841,0.227,0.653,0.7188,0.006873942069814516,0.634,16.614227642276422,38.5,139.1,1440.84,1327.3,30.0,3.0,102.0,23.6,9.0,57.0
224,2022,43.0,40.0,3.079423076923077,physical_harvested_weight,False,104.0,106.08424,6.5,3.808,191.728,598.903534,18.618,516.0,59.0,0.47091525423728814,0.72,0.147,0.2071515688552048,0.254,0.681,0.7121999999999999,0.006276179389898059,0.589,16.614227642276422,38.5,139.1,1440.84,1327.3,30.0,3.0,102.0,23.6,9.0,57.0
225,2022,43.0,40.0,4.58,estimate_normalized,True,4.0,4.03,,,,,,,57.0,0.5456491228070175,0.72,0.147,0.1865430190005164,0.405,0.707,0.7183999999999999,0.0052016163837468625,0.58,16.614227642276422,38.5,139.1,1440.84,1327.3,30.0,3.0,102.0,23.6,9.0,57.0
226,2022,43.0,40.0,1.6934999999999998,physical_harvested_weight,False,40.0,41.00801,7.2,3.79,218.81,806.48818,8.56,420.0,59.0,0.49625423728813556,0.744,0.173,0.207939006150014,0.27649999999999997,0.715,0.7389999999999999,0.006268143495921087,0.541,16.614227642276422,38.5,139.1,1440.84,1327.3,30.0,3.0,102.0,23.6,9.0,57.0
227,2022,44.0,44.0,2.217514450867052,physical_harvested_weight,False,346.0,348.50924,6.953846153846154,3.8015384615384615,195.0484615384616,763.0697146153847,10.056153846153848,475.38461538461536,66.0,0.45580303030303027,0.695,0.116,0.16470968212208006,0.28474999999999995,0.60375,0.6816666666666666,0.0040263486251034255,0.427,17.19252032520325,37.2,122.8,1507.87,1392.23,31.0,3.0,101.0,49.4,9.0,57.0
228,2022,43.0,44.0,4.564745762711865,physical_harvested_weight,False,59.0,55.06353,6.699999999999999,3.515,179.82,438.82045,7.755,420.0,59.0,0.4557966101694915,0.712,0.191,0.19859231552383697,0.23299999999999998,0.6665000000000001,0.7096,0.005369438394913806,0.417,16.614227642276422,38.5,139.1,1440.84,1327.3,30.0,3.0,102.0,23.6,9.0,57.0
229,2022,43.0,44.0,2.841666666666667,physical_harvested_weight,False,12.0,9.82891,6.4,2.36,225.3,220.85171,12.11,480.0,57.0,0.39949122807017545,0.648,0.024,0.20447348927865952,0.204,0.589,0.6394000000000001,0.0057755408907432595,0.455,16.614227642276422,38.5,139.1,1440.84,1327.3,30.0,3.0,102.0,23.6,9.0,57.0
230,2022,40.0,44.0,3.257219730941704,physical_harvested_weight,False,223.0,222.45567,7.1000000000000005,3.73,184.71,792.107215,3.6633333333333336,445.0,64.0,0.45956250000000004,0.75,0.085,0.22160281720625755,0.23675,0.69,0.7483333333333334,0.007132829161190813,0.693,16.614227642276422,38.5,139.1,1440.84,1327.3,30.0,3.0,102.0,23.6,9.0,57.0
231,2022,44.0,44.0,1.5712340425531914,physical_harvested_weight,False,235.0,231.50464,7.2625,3.685,204.0575,646.09227125,9.26,453.75,63.0,0.44603174603174606,0.635,0.181,0.13357549060588236,0.3055,0.5575000000000001,0.625,0.003388561564153562,0.451,16.614227642276422,38.5,139.1,1440.84,1327.3,30.0,3.0,102.0,23.6,9.0,57.0
232,2022,44.0,44.0,1.847837837837838,physical_harvested_weight,False,296.0,296.88138,6.609090909090909,3.7290909090909095,211.9754545454545,649.4797309090909,7.533636363636364,452.7272727272728,62.0,0.40161290322580645,0.595,0.166,0.1208698786937517,0.301,0.485,0.5750000000000001,0.003012993755773651,0.4,16.614227642276422,38.5,139.1,1440.84,1327.3,30.0,3.0,102.0,23.6,9.0,57.0
233,2022,46.0,44.0,4.4169230769230765,physical_harvested_weight,False,39.0,38.82,6.7,3.57,211.75,698.55237,6.06,510.0,,,,,,,,,,,16.614227642276422,38.5,139.1,1440.84,1327.3,30.0,3.0,102.0,23.6,9.0,57.0
234,2022,43.0,44.0,3.975428571428571,physical_harvested_weight,False,35.0,36.18,6.5,3.73,181.31,492.74302,14.32,480.0,59.0,0.5020169491525424,0.7,0.13,0.18143668564864965,0.324,0.6705000000000001,0.6960000000000001,0.005442741030785496,0.517,16.614227642276422,38.5,139.1,1440.84,1327.3,30.0,3.0,102.0,23.6,9.0,57.0
195,2023,44.0,44.0,0.8904065040650406,physical_harvested_weight,False,123.0,122.42127,6.9,3.6425,225.2,499.4803025,7.5175,427.5,64.0,0.364328125,0.474,0.171,0.10742949063913677,0.27775000000000005,0.455,0.4703333333333333,0.003411161215727088,0.44,15.161138211382113,40.2,99.9,1344.96,1241.51,32.0,12.0,108.0,12.1,1.0,58.0
197,2023,44.0,44.0,1.0820991253644316,physical_harvested_weight,False,343.0,343.71311,6.976923076923077,3.579230769230769,216.96,502.5284007692308,4.591538461538462,454.61538461538464,65.0,0.347,0.493,0.166,0.10560565252936911,0.264,0.444,0.48466666666666663,0.0035786619383724504,0.455,15.161138211382113,40.2,99.9,1344.96,1241.51,32.0,12.0,108.0,12.1,1.0,58.0
207,2023,44.0,44.0,1.068974844468488,physical_harvested_weight,False,110.91,110.91329,6.875,3.55,244.935,425.663535,5.4125,412.5,63.0,0.3438253968253969,0.475,0.165,0.10403273899870506,0.2475,0.4345,0.47200000000000003,0.003431813882223807,0.475,15.161138211382113,40.2,99.9,1344.96,1241.51,32.0,12.0,108.0,12.1,1.0,58.0
208,2023,43.0,43.0,2.018076923076923,physical_harvested_weight,False,130.0,128.21593,6.8,3.916,202.758,706.31834,5.7,504.0,62.0,0.4086451612903225,0.592,0.045,0.14163208775923095,0.354,0.557,0.576,0.0048051426238453826,0.57,15.161138211382113,40.2,99.9,1344.96,1241.51,32.0,12.0,108.0,12.1,1.0,58.0
209,2023,44.0,43.0,1.4882148184982598,physical_harvested_weight,False,301.65,301.6502,7.042857142857143,3.5357142857142856,171.9557142857143,277.5815457142857,7.35,437.1428571428572,66.0,0.3476666666666667,0.547,0.178,0.1111008732657131,0.262,0.43474999999999997,0.5273333333333333,0.003582110579101858,0.442,15.161138211382113,40.2,99.9,1344.96,1241.51,32.0,12.0,108.0,12.1,1.0,58.0
210,2023,24.0,43.0,1.7267206477732793,physical_harvested_weight,False,247.0,245.92428,7.2125,3.72,230.06625,480.10587375,9.455,423.75,66.0,0.40634848484848485,0.669,0.16,0.1591186418829485,0.2745,0.5467500000000001,0.646,0.005295061782709226,0.486,15.161138211382113,40.2,99.9,1344.96,1241.51,32.0,12.0,108.0,12.1,1.0,58.0
212,2023,43.0,43.0,2.9445588235294116,physical_harvested_weight,False,136.0,134.83369,7.140000000000001,3.766,232.258,464.594502,5.536,432.0,60.0,0.3614833333333333,0.603,0.131,0.1516671236256852,0.2405,0.52325,0.596,0.005338107504924339,0.589,15.161138211382113,40.2,99.9,1344.96,1241.51,32.0,12.0,108.0,12.1,1.0,58.0
213,2023,43.0,40.0,1.6768999999999998,estimate_normalized,True,14.0,16.53751,7.2,3.39,148.5,272.23874,13.42,420.0,61.0,0.41472131147540986,0.612,0.166,0.13489852058972487,0.316,0.523,0.5966666666666667,0.004629692361919674,0.494,15.161138211382113,40.2,99.9,1344.96,1241.51,32.0,12.0,108.0,12.1,1.0,58.0
214,2023,43.0,40.0,1.6103999999999998,estimate_normalized,True,9.0,10.99122,7.1,3.67,236.12,399.02591,8.82,420.0,61.0,0.4131475409836066,0.599,0.168,0.13567364846349442,0.309,0.526,0.5924999999999999,0.004657492249820148,0.488,15.161138211382113,40.2,99.9,1344.96,1241.51,32.0,12.0,108.0,12.1,1.0,58.0
215,2023,3.0,43.0,2.2745063291139243,physical_harvested_weight,False,79.0,78.14849,6.666666666666667,3.776666666666667,192.12,392.99891,12.116666666666667,430.0,54.0,0.43492592592592594,0.604,0.189,0.14164729957183975,0.3325,0.5794999999999999,0.5956,0.005050945136878958,0.567,15.161138211382113,40.2,99.9,1344.96,1241.51,32.0,12.0,108.0,12.1,1.0,58.0
216,2023,3.0,43.0,2.696783783783784,physical_harvested_weight,False,37.0,37.51924,6.4,3.71,242.68,688.96085,7.64,540.0,53.0,0.49728301886792464,0.664,0.165,0.15240120553161712,0.414,0.627,0.6574000000000001,0.004575137462098928,0.552,15.161138211382113,40.2,99.9,1344.96,1241.51,32.0,12.0,108.0,12.1,1.0,58.0
217,2023,3.0,43.0,2.021480392156863,physical_harvested_weight,False,408.0,408.48131,6.94,3.484666666666667,201.10266666666664,313.7409,4.662000000000001,472.0,64.0,0.33015625000000004,0.582,0.138,0.14252666622754318,0.21575,0.481,0.5766666666666665,0.004710799493975925,0.574,15.161138211382113,40.2,99.9,1344.96,1241.51,32.0,12.0,108.0,12.1,1.0,58.0
218,2023,3.0,43.0,3.3693589743589745,physical_harvested_weight,False,39.0,39.30376,7.2,3.87,198.74,289.9543,4.86,390.0,56.0,0.4423035714285714,0.655,0.132,0.15453801192619904,0.31425000000000003,0.5782499999999999,0.6450000000000001,0.005358082659569125,0.561,15.161138211382113,40.2,99.9,1344.96,1241.51,32.0,12.0,108.0,12.1,1.0,58.0
219,2023,40.0,43.0,2.802523809523809,physical_harvested_weight,False,210.0,209.86423,6.8,3.69625,212.37625,656.214605,8.491249999999999,446.25,64.0,0.3510625,0.716,0.171,0.19326907045295685,0.219,0.501,0.7066666666666667,0.0061950433944069384,0.689,15.161138211382113,40.2,99.9,1344.96,1241.51,32.0,12.0,108.0,12.1,1.0,58.0
220,2023,3.0,43.0,3.3728800000000003,physical_harvested_weight,False,25.0,24.0006,7.3,3.74,197.06,380.11444,6.0,420.0,54.0,0.4876296296296296,0.691,0.058,0.16714833690316053,0.3915,0.6335,0.6854,0.005893745696534541,0.601,15.161138211382113,40.2,99.9,1344.96,1241.51,32.0,12.0,108.0,12.1,1.0,58.0
222,2023,3.0,43.0,4.5005,physical_harvested_weight,False,62.0,62.12991,6.9,3.725,206.315,278.80506,4.845,420.0,57.0,0.40687719298245617,0.617,0.138,0.1564229612722291,0.28,0.57,0.6136,0.005608989730275015,0.541,15.161138211382113,40.2,99.9,1344.96,1241.51,32.0,12.0,108.0,12.1,1.0,58.0
223,2023,3.0,43.0,2.3584285714285715,physical_harvested_weight,False,70.0,70.93112,6.433333333333334,3.6633333333333336,175.33333333333334,560.82853,6.72,430.0,58.0,0.373551724137931,0.607,0.116,0.1565972400793693,0.2565,0.5525,0.6034,0.005436033989605177,0.595,15.161138211382113,40.2,99.9,1344.96,1241.51,32.0,12.0,108.0,12.1,1.0,58.0
224,2023,3.0,43.0,2.481451923076923,physical_harvested_weight,False,104.0,106.08424,6.5,3.808,191.728,598.903534,18.618,516.0,57.0,0.43217543859649116,0.606,0.18,0.15117471277532618,0.327,0.564,0.5955999999999999,0.004763427468072856,0.49,15.161138211382113,40.2,99.9,1344.96,1241.51,32.0,12.0,108.0,12.1,1.0,58.0
226,2023,3.0,43.0,1.1793749999999998,physical_harvested_weight,False,40.0,41.00801,7.2,3.79,218.81,806.48818,8.56,420.0,55.0,0.41094545454545445,0.584,0.144,0.14141163873687318,0.313,0.544,0.5816,0.0048355668299054355,0.524,15.161138211382113,40.2,99.9,1344.96,1241.51,32.0,12.0,108.0,12.1,1.0,58.0
227,2023,40.0,44.0,2.6015895953757227,physical_harvested_weight,False,346.0,348.50924,6.953846153846154,3.8015384615384615,195.0484615384616,763.0697146153847,10.056153846153848,475.38461538461536,64.0,0.38440624999999995,0.746,0.149,0.20480361925741813,0.22975,0.5812499999999999,0.7356666666666666,0.006849572496298571,0.684,15.787317073170732,39.9,107.2,1400.69,1297.2,27.0,9.0,104.0,65.4,1.0,52.0
228,2023,44.0,43.0,1.5016949152542372,physical_harvested_weight,False,59.0,55.06353,6.699999999999999,3.515,179.82,438.82045,7.755,420.0,55.0,0.3992,0.551,0.231,0.10397803963949662,0.312,0.486,0.534,0.0028495955470126534,0.379,15.161138211382113,40.2,99.9,1344.96,1241.51,32.0,12.0,108.0,12.1,1.0,58.0
229,2023,44.0,43.0,3.443333333333334,physical_harvested_weight,False,12.0,9.82891,6.4,2.36,225.3,220.85171,12.11,480.0,56.0,0.4022321428571428,0.568,0.154,0.15135707438648757,0.2515,0.5357500000000001,0.5646000000000001,0.0043619211950633755,0.455,15.161138211382113,40.2,99.9,1344.96,1241.51,32.0,12.0,108.0,12.1,1.0,58.0
230,2023,43.0,40.0,0.9786995515695068,physical_harvested_weight,False,223.0,222.45567,7.1000000000000005,3.73,184.71,792.107215,3.6633333333333336,445.0,63.0,0.34603174603174597,0.58,0.14,0.13396978672108958,0.2575,0.4825,0.5658333333333333,0.004641210744751323,0.58,15.161138211382113,40.2,99.9,1344.96,1241.51,32.0,12.0,108.0,12.1,1.0,58.0
231,2023,40.0,44.0,2.2995063829787235,physical_harvested_weight,False,235.0,231.50464,7.2625,3.685,204.0575,646.09227125,9.26,453.75,63.0,0.3749523809523809,0.633,0.166,0.15536321279877183,0.255,0.5225,0.6268333333333334,0.005488255813259739,0.623,15.161138211382113,40.2,99.9,1344.96,1241.51,32.0,12.0,108.0,12.1,1.0,58.0
232,2023,40.0,44.0,2.6881993243243243,physical_harvested_weight,False,296.0,296.88138,6.609090909090909,3.7290909090909095,211.9754545454545,649.4797309090909,7.533636363636364,452.7272727272728,65.0,0.3717384615384615,0.707,0.146,0.18096334324285993,0.243,0.499,0.6956666666666668,0.006151713406977379,0.68,15.161138211382113,40.2,99.9,1344.96,1241.51,32.0,12.0,108.0,12.1,1.0,58.0
234,2023,44.0,43.0,1.7062857142857142,physical_harvested_weight,False,35.0,36.18,6.5,3.73,181.31,492.74302,14.32,480.0,53.0,0.47113207547169816,0.652,0.197,0.14597790447120967,0.408,0.584,0.6404,0.0042347484724424,0.426,15.161138211382113,40.2,99.9,1344.96,1241.51,32.0,12.0,108.0,12.1,1.0,58.0
195,2024,40.0,44.0,2.7365853658536587,physical_harvested_weight,False,123.0,122.42127,6.9,3.6425,225.2,499.4803025,7.5175,427.5,58.0,0.4611551724137931,0.801,0.176,0.24246662064791216,0.22325,0.724,0.7998000000000001,0.006992032292629277,0.694,16.32260162601626,35.1,222.4,1407.46,1293.7,22.0,2.0,92.0,104.2,0.0,48.0
197,2024,40.0,44.0,3.2877551020408164,physical_harvested_weight,False,343.0,343.71311,6.976923076923077,3.579230769230769,216.96,502.5284007692308,4.591538461538462,454.61538461538464,58.0,0.4584137931034483,0.798,0.144,0.24606671610615594,0.22775,0.7315,0.7958000000000001,0.0071056333018817575,0.721,16.32260162601626,35.1,222.4,1407.46,1293.7,22.0,2.0,92.0,104.2,0.0,48.0
207,2024,40.0,44.0,3.107023712920386,physical_harvested_weight,False,110.91,110.91329,6.875,3.55,244.935,425.663535,5.4125,412.5,55.0,0.4803454545454544,0.818,0.123,0.25900552596293935,0.2175,0.7404999999999999,0.8138,0.007304656981536943,0.711,16.32260162601626,35.1,222.4,1407.46,1293.7,22.0,2.0,92.0,104.2,0.0,48.0
208,2024,40.0,43.0,2.360615384615385,physical_harvested_weight,False,130.0,128.21593,6.8,3.916,202.758,706.31834,5.7,504.0,56.0,0.5170357142857143,0.765,0.17,0.19436223217466497,0.331,0.6890000000000001,0.7616,0.005682583986603854,0.682,16.32260162601626,35.1,222.4,1407.46,1293.7,22.0,2.0,92.0,104.2,0.0,48.0
209,2024,44.0,44.0,4.5289739764627885,physical_harvested_weight,False,301.65,301.6502,7.042857142857143,3.5357142857142856,171.9557142857143,277.5815457142857,7.35,437.1428571428572,56.0,0.6001785714285715,0.792,0.246,0.17212579568680672,0.4375,0.77175,0.791,0.000510373748405044,0.352,16.32260162601626,35.1,222.4,1407.46,1293.7,22.0,2.0,92.0,104.2,0.0,48.0
210,2024,44.0,24.0,5.519493927125506,physical_harvested_weight,False,247.0,245.92428,7.2125,3.72,230.06625,480.10587375,9.455,423.75,60.0,0.6008666666666668,0.806,0.274,0.17099497718419168,0.4365,0.77725,0.8008333333333333,-0.0002039435015239584,0.369,16.32260162601626,35.1,222.4,1407.46,1293.7,22.0,2.0,92.0,104.2,0.0,48.0
212,2024,40.0,43.0,1.900882352941176,physical_harvested_weight,False,136.0,134.83369,7.140000000000001,3.766,232.258,464.594502,5.536,432.0,55.0,0.49785454545454544,0.776,0.162,0.22049550959615058,0.283,0.7035,0.7734,0.0065482070842269625,0.669,16.32260162601626,35.1,222.4,1407.46,1293.7,22.0,2.0,92.0,104.2,0.0,48.0
215,2024,44.0,3.0,4.476708860759494,physical_harvested_weight,False,79.0,78.14849,6.666666666666667,3.776666666666667,192.12,392.99891,12.116666666666667,430.0,50.0,0.57068,0.747,0.228,0.15446998931831385,0.4895,0.7195,0.743,0.0017023444969217522,0.402,16.32260162601626,35.1,222.4,1407.46,1293.7,22.0,2.0,92.0,104.2,0.0,48.0
216,2024,44.0,3.0,5.342162162162162,physical_harvested_weight,False,37.0,37.51924,6.4,3.71,242.68,688.96085,7.64,540.0,50.0,0.5983200000000001,0.781,0.218,0.17842213315617544,0.4885,0.75475,0.7792000000000001,0.002761049074249174,0.468,16.32260162601626,35.1,222.4,1407.46,1293.7,22.0,2.0,92.0,104.2,0.0,48.0
217,2024,40.0,3.0,2.9758823529411766,physical_harvested_weight,False,408.0,408.48131,6.94,3.484666666666667,201.10266666666664,313.7409,4.662000000000001,472.0,59.0,0.4726779661016949,0.796,0.163,0.2300032748976846,0.2725,0.719,0.7936,0.0068639090900806075,0.687,16.32260162601626,35.1,222.4,1407.46,1293.7,22.0,2.0,92.0,104.2,0.0,48.0
218,2024,43.0,3.0,4.027153846153846,physical_harvested_weight,False,39.0,39.30376,7.2,3.87,198.74,289.9543,4.86,390.0,54.0,0.5576851851851852,0.787,0.193,0.2121925945642983,0.3885,0.74975,0.784,0.005948394705683611,0.708,16.32260162601626,35.1,222.4,1407.46,1293.7,22.0,2.0,92.0,104.2,0.0,48.0
219,2024,43.0,40.0,3.6718380952380953,physical_harvested_weight,False,210.0,209.86423,6.8,3.69625,212.37625,656.214605,8.491249999999999,446.25,55.0,0.4950545454545455,0.772,0.185,0.24422034895351208,0.251,0.7555000000000001,0.7698,0.006698315348890693,0.596,16.32260162601626,35.1,222.4,1407.46,1293.7,22.0,2.0,92.0,104.2,0.0,48.0
220,2024,43.0,3.0,3.12756,physical_harvested_weight,False,25.0,24.0006,7.3,3.74,197.06,380.11444,6.0,420.0,53.0,0.553811320754717,0.8,0.168,0.21885008710657963,0.362,0.763,0.796,0.006118609524586691,0.663,16.32260162601626,35.1,222.4,1407.46,1293.7,22.0,2.0,92.0,104.2,0.0,48.0
222,2024,43.0,3.0,3.6562580645161287,physical_harvested_weight,False,62.0,62.12991,6.9,3.725,206.315,278.80506,4.845,420.0,55.0,0.5368,0.822,0.116,0.2271239469380701,0.384,0.769,0.8202,0.0065698484413484635,0.641,16.32260162601626,35.1,222.4,1407.46,1293.7,22.0,2.0,92.0,104.2,0.0,48.0
223,2024,43.0,3.0,3.350857142857143,physical_harvested_weight,False,70.0,70.93112,6.433333333333334,3.6633333333333336,175.33333333333334,560.82853,6.72,430.0,57.0,0.5046842105263157,0.775,0.148,0.22380263531793793,0.348,0.742,0.7722,0.006457457175736059,0.601,16.32260162601626,35.1,222.4,1407.46,1293.7,22.0,2.0,92.0,104.2,0.0,48.0
224,2024,44.0,3.0,5.0582692307692305,physical_harvested_weight,False,104.0,106.08424,6.5,3.808,191.728,598.903534,18.618,516.0,52.0,0.5909423076923076,0.803,0.21,0.17648462707747256,0.48975,0.76125,0.7958000000000001,0.0019344870423907371,0.415,16.32260162601626,35.1,222.4,1407.46,1293.7,22.0,2.0,92.0,104.2,0.0,48.0
226,2024,44.0,3.0,4.9315,physical_harvested_weight,False,40.0,41.00801,7.2,3.79,218.81,806.48818,8.56,420.0,52.0,0.576,0.789,0.238,0.16229815867006103,0.483,0.73875,0.7772000000000001,0.001914022647509974,0.45,16.32260162601626,35.1,222.4,1407.46,1293.7,22.0,2.0,92.0,104.2,0.0,48.0
227,2024,3.0,40.0,3.007739884393064,physical_harvested_weight,False,346.0,348.50924,6.953846153846154,3.8015384615384615,195.0484615384616,763.0697146153847,10.056153846153848,475.38461538461536,57.0,0.5265087719298246,0.754,0.171,0.2279088093112018,0.262,0.735,0.7508,0.005901947719812469,0.519,17.166585365853656,36.0,248.6,1504.11,1387.04,28.0,3.0,91.0,99.2,2.0,48.0
228,2024,40.0,44.0,3.052881355932203,physical_harvested_weight,False,59.0,55.06353,6.699999999999999,3.515,179.82,438.82045,7.755,420.0,52.0,0.49549999999999994,0.769,0.192,0.2027732249810876,0.34725,0.6975,0.7666000000000001,0.005891586809221208,0.724,16.32260162601626,35.1,222.4,1407.46,1293.7,22.0,2.0,92.0,104.2,0.0,48.0
229,2024,40.0,44.0,3.2544166666666663,physical_harvested_weight,False,12.0,9.82891,6.4,2.36,225.3,220.85171,12.11,480.0,52.0,0.4446923076923077,0.676,0.127,0.18556862077881453,0.2995,0.62325,0.6616000000000001,0.005366077411969325,0.658,16.32260162601626,35.1,222.4,1407.46,1293.7,22.0,2.0,92.0,104.2,0.0,48.0
230,2024,40.0,43.0,3.2521793721973093,physical_harvested_weight,False,223.0,222.45567,7.1000000000000005,3.73,184.71,792.107215,3.6633333333333336,445.0,57.0,0.5184736842105263,0.797,0.181,0.2251170537830718,0.308,0.728,0.7928000000000001,0.006630671890812213,0.688,16.32260162601626,35.1,222.4,1407.46,1293.7,22.0,2.0,92.0,104.2,0.0,48.0
231,2024,43.0,40.0,3.806382978723404,physical_harvested_weight,False,235.0,231.50464,7.2625,3.685,204.0575,646.09227125,9.26,453.75,57.0,0.5334736842105264,0.79,0.182,0.23620546402931453,0.267,0.766,0.789,0.0062985940524570095,0.486,16.32260162601626,35.1,222.4,1407.46,1293.7,22.0,2.0,92.0,104.2,0.0,48.0
232,2024,43.0,40.0,3.330304054054054,physical_harvested_weight,False,296.0,296.88138,6.609090909090909,3.7290909090909095,211.9754545454545,649.4797309090909,7.533636363636364,452.7272727272728,61.0,0.5050819672131148,0.786,0.13,0.24154341802163168,0.236,0.748,0.7808333333333334,0.006476844593159661,0.484,16.32260162601626,35.1,222.4,1407.46,1293.7,22.0,2.0,92.0,104.2,0.0,48.0
234,2024,40.0,44.0,3.295057142857143,physical_harvested_weight,False,35.0,36.18,6.5,3.73,181.31,492.74302,14.32,480.0,49.0,0.5852448979591837,0.752,0.194,0.16555368210233998,0.567,0.682,0.7509999999999999,0.004266421725142235,0.678,16.32260162601626,35.1,222.4,1407.46,1293.7,22.0,2.0,92.0,104.2,0.0,48.0
195,2025,43.0,40.0,2.7195121951219514,physical_harvested_weight,False,123.0,122.42127,6.9,3.6425,225.2,499.4803025,7.5175,427.5,71.0,0.46652112676056345,0.758,0.148,0.21655073628285337,0.269,0.6825000000000001,0.743,0.005915400223950989,0.517,17.104959349593496,37.0,366.75,1502.25,1385.48,23.0,5.0,79.0,142.26,6.0,42.0
197,2025,43.0,40.0,3.779416909620991,physical_harvested_weight,False,343.0,343.71311,6.976923076923077,3.579230769230769,216.96,502.5284007692308,4.591538461538462,454.61538461538464,73.0,0.4676301369863014,0.762,0.167,0.22345073968184753,0.224,0.694,0.756,0.00588445289373146,0.462,17.104959349593496,37.0,366.75,1502.25,1385.48,23.0,5.0,79.0,142.26,6.0,42.0
207,2025,43.0,40.0,1.3522676043638986,physical_harvested_weight,False,110.91,110.91329,6.875,3.55,244.935,425.663535,5.4125,412.5,70.0,0.4680000000000001,0.781,0.151,0.23586854692512824,0.21025,0.7075,0.7592857142857142,0.0061146520589102195,0.452,17.104959349593496,37.0,366.75,1502.25,1385.48,23.0,5.0,79.0,142.26,6.0,42.0
208,2025,43.0,40.0,3.8430769230769233,physical_harvested_weight,False,130.0,128.21593,6.8,3.916,202.758,706.31834,5.7,504.0,64.0,0.512546875,0.78,0.184,0.20313487896649945,0.32275,0.71475,0.7686666666666667,0.006112254195421769,0.619,17.104959349593496,37.0,366.75,1502.25,1385.48,23.0,5.0,79.0,142.26,6.0,42.0
209,2025,40.0,44.0,2.332040444223438,physical_harvested_weight,False,301.65,301.6502,7.042857142857143,3.5357142857142856,171.9557142857143,277.5815457142857,7.35,437.1428571428572,65.0,0.46004615384615377,0.759,0.148,0.22744780843554016,0.242,0.7,0.7558333333333334,0.006941676707451592,0.705,17.104959349593496,37.0,366.75,1502.25,1385.48,23.0,5.0,79.0,142.26,6.0,42.0
210,2025,40.0,44.0,3.192550607287449,physical_harvested_weight,False,247.0,245.92428,7.2125,3.72,230.06625,480.10587375,9.455,423.75,69.0,0.4661739130434783,0.763,0.165,0.2162758542153334,0.256,0.717,0.7551666666666668,0.00659527921007035,0.709,17.104959349593496,37.0,366.75,1502.25,1385.48,23.0,5.0,79.0,142.26,6.0,42.0
212,2025,43.0,40.0,1.7024264705882353,physical_harvested_weight,False,136.0,134.83369,7.140000000000001,3.766,232.258,464.594502,5.536,432.0,69.0,0.4611739130434782,0.733,0.173,0.18748742616944908,0.301,0.616,0.7291666666666666,0.005814033443541346,0.621,17.104959349593496,37.0,366.75,1502.25,1385.48,23.0,5.0,79.0,142.26,6.0,42.0
213,2025,3.0,9.0,1.53,physical_harvested_weight,False,14.0,16.53751,7.2,3.39,148.5,272.23874,13.42,420.0,62.0,0.4899677419354838,0.747,0.195,0.1995557135999494,0.2985,0.7062499999999999,0.7423333333333333,0.0063265809623670585,0.665,17.104959349593496,37.0,366.75,1502.25,1385.48,23.0,5.0,79.0,142.26,6.0,42.0
214,2025,3.0,9.0,1.53,physical_harvested_weight,False,9.0,10.99122,7.1,3.67,236.12,399.02591,8.82,420.0,62.0,0.48893548387096775,0.748,0.196,0.20066010990886265,0.299,0.7084999999999999,0.7421666666666668,0.0063846648632931245,0.673,17.104959349593496,37.0,366.75,1502.25,1385.48,23.0,5.0,79.0,142.26,6.0,42.0
215,2025,40.0,44.0,3.0739240506329115,physical_harvested_weight,False,79.0,78.14849,6.666666666666667,3.776666666666667,192.12,392.99891,12.116666666666667,430.0,66.0,0.5176212121212121,0.73,0.168,0.19203754092833902,0.33175,0.69275,0.7229999999999999,0.005499862655354077,0.643,17.104959349593496,37.0,366.75,1502.25,1385.48,23.0,5.0,79.0,142.26,6.0,42.0
216,2025,40.0,44.0,2.986756756756757,physical_harvested_weight,False,37.0,37.51924,6.4,3.71,242.68,688.96085,7.64,540.0,64.0,0.555015625,0.772,0.156,0.1902837923493732,0.4015,0.72275,0.758,0.005201381677912502,0.656,17.104959349593496,37.0,366.75,1502.25,1385.48,23.0,5.0,79.0,142.26,6.0,42.0
217,2025,43.0,40.0,2.5629901960784314,physical_harvested_weight,False,408.0,408.48131,6.94,3.484666666666667,201.10266666666664,313.7409,4.662000000000001,472.0,72.0,0.46022222222222214,0.727,0.169,0.19490953900479507,0.29525,0.64275,0.7155714285714286,0.005955357743986306,0.619,17.104959349593496,37.0,366.75,1502.25,1385.48,23.0,5.0,79.0,142.26,6.0,42.0
218,2025,43.0,43.0,4.112820512820513,physical_harvested_weight,False,39.0,39.30376,7.2,3.87,198.74,289.9543,4.86,390.0,63.0,0.4982380952380952,0.766,0.179,0.19995727434786126,0.331,0.706,0.7521666666666667,0.005978973458827959,0.601,17.104959349593496,37.0,366.75,1502.25,1385.48,23.0,5.0,79.0,142.26,6.0,42.0
219,2025,3.0,43.0,3.528095238095238,physical_harvested_weight,False,210.0,209.86423,6.8,3.69625,212.37625,656.214605,8.491249999999999,446.25,67.0,0.4626567164179104,0.775,0.178,0.2319605313981918,0.214,0.698,0.7611666666666667,0.006692232170481621,0.531,17.104959349593496,37.0,366.75,1502.25,1385.48,23.0,5.0,79.0,142.26,6.0,42.0
220,2025,43.0,43.0,3.3072000000000004,physical_harvested_weight,False,25.0,24.0006,7.3,3.74,197.06,380.11444,6.0,420.0,62.0,0.5010806451612903,0.788,0.15,0.19759255066171683,0.30274999999999996,0.6757500000000001,0.7733333333333333,0.005779392721495235,0.598,17.104959349593496,37.0,366.75,1502.25,1385.48,23.0,5.0,79.0,142.26,6.0,42.0
222,2025,40.0,43.0,2.972258064516129,physical_harvested_weight,False,62.0,62.12991,6.9,3.725,206.315,278.80506,4.845,420.0,66.0,0.4644090909090908,0.754,0.174,0.20355357996693493,0.276,0.674,0.7474999999999999,0.006454162996096402,0.65,17.104959349593496,37.0,366.75,1502.25,1385.48,23.0,5.0,79.0,142.26,6.0,42.0
223,2025,40.0,43.0,3.305142857142857,physical_harvested_weight,False,70.0,70.93112,6.433333333333334,3.6633333333333336,175.33333333333334,560.82853,6.72,430.0,68.0,0.4852941176470588,0.754,0.171,0.20960572643330433,0.336,0.70675,0.7515000000000001,0.006460777910551235,0.675,17.104959349593496,37.0,366.75,1502.25,1385.48,23.0,5.0,79.0,142.26,6.0,42.0
224,2025,40.0,44.0,3.0742307692307693,physical_harvested_weight,False,104.0,106.08424,6.5,3.808,191.728,598.903534,18.618,516.0,65.0,0.5139076923076923,0.735,0.156,0.20096021214137222,0.334,0.701,0.7276666666666666,0.00572333043574596,0.681,17.104959349593496,37.0,366.75,1502.25,1385.48,23.0,5.0,79.0,142.26,6.0,42.0
226,2025,40.0,44.0,3.0420000000000003,physical_harvested_weight,False,40.0,41.00801,7.2,3.79,218.81,806.48818,8.56,420.0,68.0,0.509985294117647,0.741,0.15,0.19669186805815742,0.34750000000000003,0.697,0.7383333333333333,0.005728149373670525,0.696,17.104959349593496,37.0,366.75,1502.25,1385.48,23.0,5.0,79.0,142.26,6.0,42.0
227,2025,24.0,3.0,1.5521965317919073,physical_harvested_weight,False,346.0,348.50924,6.953846153846154,3.8015384615384615,195.0484615384616,763.0697146153847,10.056153846153848,475.38461538461536,69.0,0.5182898550724637,0.784,0.153,0.24478568570499784,0.222,0.756,0.7828333333333334,0.006931346832874093,0.627,18.164471544715447,38.4,410.05,1628.49,1510.04,32.0,3.0,82.0,173.5,6.0,43.0
228,2025,43.0,40.0,3.004576271186441,physical_harvested_weight,False,59.0,55.06353,6.699999999999999,3.515,179.82,438.82045,7.755,420.0,62.0,0.49274193548387096,0.748,0.2,0.20508550030405265,0.2775,0.7175,0.7463333333333333,0.005362215951350451,0.497,17.104959349593496,37.0,366.75,1502.25,1385.48,23.0,5.0,79.0,142.26,6.0,42.0
229,2025,43.0,40.0,3.5050000000000003,physical_harvested_weight,False,12.0,9.82891,6.4,2.36,225.3,220.85171,12.11,480.0,63.0,0.465031746031746,0.708,0.024,0.2166136908315851,0.2925,0.6425000000000001,0.7033333333333333,0.0056824925173942645,0.525,17.104959349593496,37.0,366.75,1502.25,1385.48,23.0,5.0,79.0,142.26,6.0,42.0
230,2025,43.0,40.0,3.6687443946188343,physical_harvested_weight,False,223.0,222.45567,7.1000000000000005,3.73,184.71,792.107215,3.6633333333333336,445.0,68.0,0.4838235294117647,0.784,0.183,0.21150545405125043,0.2955,0.6932499999999999,0.7683333333333334,0.006100143425278361,0.566,17.104959349593496,37.0,366.75,1502.25,1385.48,23.0,5.0,79.0,142.26,6.0,42.0
231,2025,24.0,43.0,1.3324255319148937,physical_harvested_weight,False,235.0,231.50464,7.2625,3.685,204.0575,646.09227125,9.26,453.75,72.0,0.5094444444444445,0.772,0.167,0.24381139619300046,0.22425,0.74825,0.7688571428571429,0.007012043452437541,0.662,17.104959349593496,37.0,366.75,1502.25,1385.48,23.0,5.0,79.0,142.26,6.0,42.0
232,2025,24.0,43.0,1.8102027027027028,physical_harvested_weight,False,296.0,296.88138,6.609090909090909,3.7290909090909095,211.9754545454545,649.4797309090909,7.533636363636364,452.7272727272728,72.0,0.49331944444444453,0.784,0.16,0.24659429267010446,0.2025,0.74,0.7732857142857144,0.006923446952594286,0.632,17.104959349593496,37.0,366.75,1502.25,1385.48,23.0,5.0,79.0,142.26,6.0,42.0
234,2025,62.0,40.0,4.494857142857143,physical_harvested_weight,False,35.0,36.18,6.5,3.73,181.31,492.74302,14.32,480.0,64.0,0.5740937500000001,0.775,0.186,0.19465881359686105,0.41075,0.74475,0.7721666666666667,0.005069049825873021,0.633,17.104959349593496,37.0,366.75,1502.25,1385.48,23.0,5.0,79.0,142.26,6.0,42.0
