field_id,year,crop_id,prev_crop_id,target_yield_t_ha,target_source,unit_fix_applied,field_tillable_area,field_calculated_area,ndvi_observations,ndvi_mean_season,ndvi_max_season,ndvi_early,ndvi_mid,ndvi_late,field_soil_pH,field_soil_OM,field_soil_P,field_soil_K,field_soil_N,field_soil_Mg,weather_temp_avg_season,weather_gdd_season,weather_precip_sum_season,weather_precip_sum_early,weather_hot_days,wx_wheat_p1_precip_sum,wx_wheat_p2_precip_sum,wx_wheat_p3_precip_sum,wx_sunflower_p1_hot_days,wx_sunflower_p2_hot_days,wx_sunflower_p3_hot_days,ndvi_wheat_p1_max,ndvi_wheat_p2_max,ndvi_wheat_p3_max,ndvi_wheat_p1_mean,ndvi_wheat_p2_mean,ndvi_wheat_p3_mean,ndvi_sunflower_p1_max,ndvi_sunflower_p2_max,ndvi_sunflower_p3_max,ndvi_sunflower_p1_mean,ndvi_sunflower_p2_mean,ndvi_sunflower_p3_mean
195,2010,40.0,40.0,1.7763000000000002,estimate_normalized,True,123.0,122.42127,105,0.3876095238095238,0.667,0.3613714285714286,0.5615714285714286,0.2398857142857143,6.9,3.6425,225.2,499.4803025,7.5175,427.5,,,,,,,,,0.0,,,,,,,,,0.801,,,0.382805765271105,,
195,2011,40.0,40.0,1.6393999999999995,estimate_normalized,True,123.0,122.42127,105,0.3561142857142857,0.676,0.3231428571428572,0.5190285714285713,0.2261714285714285,6.9,3.6425,225.2,499.4803025,7.5175,427.5,,,,,,,,,0.0,,,,,,,,,0.801,,,0.3858150074294205,,
195,2012,40.0,40.0,2.0692,estimate_normalized,True,123.0,122.42127,98,0.4498163265306121,0.76,0.2551515151515151,0.6638484848484848,0.42984375,6.9,3.6425,225.2,499.4803025,7.5175,427.5,,,,,,,,,0.0,,,,,,,,,0.801,,,0.3832946428571429,,
195,2013,40.0,40.0,1.9425,estimate_normalized,True,123.0,122.42127,68,0.3640588235294117,0.631,0.4342173913043478,0.4228260869565218,0.2292727272727273,6.9,3.6425,225.2,499.4803025,7.5175,427.5,15.11,943.92,244.0,145.8,6.0,,,,1.0,3.0,2.0,,,,,,,0.631,0.609,0.801,0.3895454545454546,0.496,0.3813811922753988
195,2014,40.0,40.0,2.7474,estimate_normalized,True,123.0,122.42127,83,0.462843373493976,0.737,0.2820357142857143,0.691392857142857,0.4133333333333333,6.9,3.6425,225.2,499.4803025,7.5175,427.5,14.840054347826085,1072.9499999999998,293.6,162.1,43.0,,,,9.0,21.0,13.0,,,,,,,0.709,0.737,0.801,0.2923333333333333,0.6936249999999999,0.382410632447296
195,2015,40.0,40.0,0.8484,estimate_normalized,True,123.0,122.42127,83,0.3357590361445782,0.511,0.3220714285714285,0.3503928571428571,0.3347777777777778,6.9,3.6425,225.2,499.4803025,7.5175,427.5,16.413749999999997,307.86,62.5,62.5,4.0,,,,3.0,1.0,,,,,,,,0.511,0.801,,0.30608,0.3835963391136801,
195,2016,40.0,40.0,2.3569,estimate_normalized,True,123.0,122.42127,84,0.3865595238095237,0.652,0.5062857142857142,0.4255357142857143,0.2278571428571428,6.9,3.6425,225.2,499.4803025,7.5175,427.5,11.147977528089887,403.52,183.1,0.0,2.0,,,,2.0,0.0,,,,,,,,0.39,0.801,,0.2688823529411764,0.38469,
195,2017,40.0,40.0,1.6511,estimate_normalized,True,123.0,122.42127,89,0.3502359550561797,0.677,0.4367999999999999,0.3801,0.2297931034482759,6.9,3.6425,225.2,499.4803025,7.5175,427.5,15.284999999999998,1229.91,106.6,7.0,38.0,,,,6.0,19.0,13.0,,,,,,,0.601,0.677,0.801,0.3194137931034482,0.546,0.384173031026253
195,2018,40.0,40.0,2.9440999999999997,estimate_normalized,True,123.0,122.42127,83,0.4572409638554218,0.769,0.3554285714285714,0.7121428571428572,0.2984814814814815,6.9,3.6425,225.2,499.4803025,7.5175,427.5,14.329782608695652,1011.93,300.4,132.0,37.0,,,,16.0,14.0,7.0,,,,,,,0.446,0.769,0.801,0.26968,0.7195384615384615,0.384891129032258
195,2019,43.0,40.0,2.9511,estimate_normalized,True,123.0,122.42127,78,0.4465,0.75,0.3778846153846154,0.6761153846153847,0.2855,6.9,3.6425,225.2,499.4803025,7.5175,427.5,16.7218954248366,1807.89,207.4,127.70000000000002,36.0,104.7,43.3,358.9,,,,0.233,0.707,0.801,0.1898947368421052,0.5193846153846153,0.3881858407079646,,,,,,
195,2020,20.0,43.0,1.4514,estimate_normalized,True,123.0,122.42127,83,0.4010843373493977,0.617,0.2565714285714285,0.5516071428571429,0.3948518518518518,6.9,3.6425,225.2,499.4803025,7.5175,427.5,15.329728260869564,1212.46,248.2,92.20000000000002,41.0,,,,,,,,,,,,,,,,,,
195,2021,3.0,20.0,2.022276422764228,physical_harvested_weight,False,123.0,122.42127,94,0.4027978723404255,0.753,0.36684375,0.6269677419354839,0.215741935483871,6.9,3.6425,225.2,499.4803025,7.5175,427.5,14.716576086956524,1128.4399999999998,256.4,142.1,35.0,,,,,,,,,,,,,,,,,,
195,2022,44.0,3.0,2.1216260162601626,physical_harvested_weight,False,123.0,122.42127,107,0.3462990654205607,0.686,0.4512222222222222,0.3968888888888889,0.1863428571428571,6.9,3.6425,225.2,499.4803025,7.5175,427.5,15.912065217391303,1263.7199999999998,169.0,110.9,42.0,,,,,,,,,,,,,,,,,,
195,2023,44.0,44.0,0.8904065040650406,physical_harvested_weight,False,123.0,122.42127,93,0.367784946236559,0.617,0.3234193548387096,0.4559999999999999,0.3239354838709676,6.9,3.6425,225.2,499.4803025,7.5175,427.5,15.950489130434782,1221.05,324.20000000000005,89.8,42.0,,,,,,,,,,,,,,,,,,
195,2024,40.0,44.0,2.7365853658536587,physical_harvested_weight,False,123.0,122.42127,85,0.4973647058823528,0.801,0.3612758620689656,0.7383928571428573,0.3972857142857144,6.9,3.6425,225.2,499.4803025,7.5175,427.5,15.703804347826088,1234.36,266.7,189.4,32.0,,,,2.0,18.0,12.0,,,,,,,0.601,0.801,0.758,0.2875277777777777,0.7504000000000001,0.4154149659863946
195,2025,43.0,40.0,2.7195121951219514,physical_harvested_weight,False,123.0,122.42127,85,0.4470823529411766,0.758,0.3596551724137931,0.6931785714285715,0.2915357142857143,6.9,3.6425,225.2,499.4803025,7.5175,427.5,17.773464052287583,1958.2,549.16,310.95,24.0,193.38,127.18,676.18,,,,0.285,0.535,0.758,0.20625,0.3559411764705882,0.4521408450704225,,,,,,
197,2010,40.0,40.0,2.2140999999999997,estimate_normalized,True,343.0,343.71311,110,0.366990909090909,0.701,0.3751351351351351,0.528027027027027,0.1931111111111111,6.976923076923077,3.579230769230769,216.96,502.5284007692308,4.591538461538462,454.61538461538464,,,,,,,,,0.0,,,,,,,,,0.798,,,0.4062245567957977,,
197,2011,40.0,40.0,2.1288,estimate_normalized,True,343.0,343.71311,112,0.4397678571428571,0.747,0.3427368421052631,0.6622162162162163,0.316972972972973,6.976923076923077,3.579230769230769,216.96,502.5284007692308,4.591538461538462,454.61538461538464,,,,,,,,,0.0,,,,,,,,,0.798,,,0.4049486813970064,,
197,2012,40.0,40.0,1.5663,estimate_normalized,True,343.0,343.71311,99,0.3997272727272727,0.681,0.3005757575757576,0.5872727272727273,0.3113333333333333,6.976923076923077,3.579230769230769,216.96,502.5284007692308,4.591538461538462,454.61538461538464,,,,,,,,,0.0,,,,,,,,,0.798,,,0.4082616459627329,,
197,2013,40.0,40.0,1.6961,estimate_normalized,True,343.0,343.71311,78,0.4622179487179485,0.716,0.3659230769230769,0.6493846153846154,0.3713461538461538,6.976923076923077,3.579230769230769,216.96,502.5284007692308,4.591538461538462,454.61538461538464,15.11,943.92,244.0,145.8,6.0,,,,1.0,3.0,2.0,,,,,,,0.678,0.716,0.798,0.3512142857142857,0.6657619047619048,0.4051864406779661
197,2014,40.0,40.0,2.2187,estimate_normalized,True,343.0,343.71311,88,0.4320454545454545,0.713,0.3389666666666666,0.6453793103448278,0.315,6.976923076923077,3.579230769230769,216.96,502.5284007692308,4.591538461538462,454.61538461538464,14.840054347826085,1072.9499999999998,293.6,162.1,43.0,,,,9.0,21.0,13.0,,,,,,,0.681,0.713,0.798,0.3316590909090909,0.6397200000000001,0.4038809523809523
197,2015,40.0,40.0,2.0006,estimate_normalized,True,343.0,343.71311,84,0.4093571428571428,0.658,0.384,0.56375,0.2803214285714285,6.976923076923077,3.579230769230769,216.96,502.5284007692308,4.591538461538462,454.61538461538464,16.413749999999997,307.86,62.5,62.5,4.0,,,,3.0,1.0,,,,,,,,0.656,0.798,,0.29975,0.4087888888888889,
197,2016,40.0,40.0,2.4004000000000003,estimate_normalized,True,343.0,343.71311,86,0.4356162790697673,0.758,0.3124137931034483,0.6267586206896553,0.36525,6.976923076923077,3.579230769230769,216.96,502.5284007692308,4.591538461538462,454.61538461538464,11.147977528089887,403.52,183.1,0.0,2.0,,,,2.0,0.0,,,,,,,,0.597,0.798,,0.4670303030303031,0.403324439701174,
197,2017,40.0,40.0,1.8136,estimate_normalized,True,343.0,343.71311,102,0.3771470588235295,0.718,0.4037941176470588,0.5100588235294118,0.2175882352941176,6.976923076923077,3.579230769230769,216.96,502.5284007692308,4.591538461538462,454.61538461538464,15.284999999999998,1229.91,106.6,7.0,38.0,,,,6.0,19.0,13.0,,,,,,,0.64,0.718,0.798,0.2803870967741935,0.6452142857142856,0.4015857307249712
197,2018,40.0,40.0,3.0602,estimate_normalized,True,343.0,343.71311,91,0.4862967032967032,0.773,0.3803870967741936,0.7276666666666665,0.3543666666666666,6.976923076923077,3.579230769230769,216.96,502.5284007692308,4.591538461538462,454.61538461538464,14.329782608695652,1011.93,300.4,132.0,37.0,,,,16.0,14.0,7.0,,,,,,,0.449,0.773,0.798,0.2848461538461538,0.7197878787878788,0.4008331143232588
197,2019,43.0,40.0,3.3518,estimate_normalized,True,343.0,343.71311,79,0.4851898734177215,0.772,0.3838518518518518,0.7216153846153847,0.354,6.976923076923077,3.579230769230769,216.96,502.5284007692308,4.591538461538462,454.61538461538464,16.7218954248366,1807.89,207.4,127.70000000000002,36.0,104.7,43.3,358.9,,,,0.22,0.74,0.798,0.17925,0.5264285714285715,0.4049595959595959,,,,,,
197,2020,20.0,43.0,1.5651,estimate_normalized,True,343.0,343.71311,81,0.4318024691358024,0.631,0.2787407407407407,0.5844814814814815,0.4321851851851852,6.976923076923077,3.579230769230769,216.96,502.5284007692308,4.591538461538462,454.61538461538464,15.329728260869564,1212.46,248.2,92.20000000000002,41.0,,,,,,,,,,,,,,,,,,
197,2021,3.0,20.0,2.5284548104956266,physical_harvested_weight,False,343.0,343.71311,92,0.4306847826086957,0.758,0.3778709677419355,0.6721612903225805,0.2357333333333333,6.976923076923077,3.579230769230769,216.96,502.5284007692308,4.591538461538462,454.61538461538464,14.716576086956524,1128.4399999999998,256.4,142.1,35.0,,,,,,,,,,,,,,,,,,
197,2022,44.0,3.0,1.5206997084548106,physical_harvested_weight,False,343.0,343.71311,110,0.3538454545454546,0.727,0.4344324324324324,0.4349729729729729,0.1876388888888889,6.976923076923077,3.579230769230769,216.96,502.5284007692308,4.591538461538462,454.61538461538464,15.912065217391303,1263.7199999999998,169.0,110.9,42.0,,,,,,,,,,,,,,,,,,
197,2023,44.0,44.0,1.0820991253644316,physical_harvested_weight,False,343.0,343.71311,95,0.3763157894736841,0.644,0.29371875,0.4575625,0.3777096774193548,6.976923076923077,3.579230769230769,216.96,502.5284007692308,4.591538461538462,454.61538461538464,15.950489130434782,1221.05,324.20000000000005,89.8,42.0,,,,,,,,,,,,,,,,,,
197,2024,40.0,44.0,3.2877551020408164,physical_harvested_weight,False,343.0,343.71311,91,0.5088241758241758,0.798,0.3762258064516129,0.7486666666666666,0.4059999999999999,6.976923076923077,3.579230769230769,216.96,502.5284007692308,4.591538461538462,454.61538461538464,15.703804347826088,1234.36,266.7,189.4,32.0,,,,2.0,18.0,12.0,,,,,,,0.529,0.798,0.762,0.2721142857142857,0.7436190476190476,0.4326114649681529
197,2025,43.0,40.0,3.779416909620991,physical_harvested_weight,False,343.0,343.71311,88,0.4477727272727272,0.762,0.3592666666666667,0.6958620689655173,0.2912413793103448,6.976923076923077,3.579230769230769,216.96,502.5284007692308,4.591538461538462,454.61538461538464,17.773464052287583,1958.2,549.16,310.95,24.0,193.38,127.18,676.18,,,,0.236,0.535,0.762,0.19455,0.3474117647058823,0.4690933333333333,,,,,,
207,2010,40.0,40.0,2.1087,estimate_normalized,True,110.91,110.91329,104,0.36225,0.721,0.2871428571428571,0.5871142857142857,0.2080882352941176,6.875,3.55,244.935,425.663535,5.4125,412.5,,,,,,,,,0.0,,,,,,,,,0.818,,,0.3794274965800273,,
207,2011,40.0,40.0,1.7486000000000002,estimate_normalized,True,110.91,110.91329,106,0.3523679245283019,0.725,0.3691944444444444,0.4925714285714284,0.1948571428571428,6.875,3.55,244.935,425.663535,5.4125,412.5,,,,,,,,,0.0,,,,,,,,,0.818,,,0.3826590066716085,,
207,2012,40.0,40.0,2.0149,estimate_normalized,True,110.91,110.91329,95,0.4258842105263158,0.752,0.2975,0.5992500000000001,0.3794516129032257,6.875,3.55,244.935,425.663535,5.4125,412.5,,,,,,,,,0.0,,,,,,,,,0.818,,,0.3814188861985472,,
207,2013,40.0,40.0,2.2497,estimate_normalized,True,110.91,110.91329,76,0.4032368421052631,0.672,0.5357692307692309,0.42016,0.2484799999999999,6.875,3.55,244.935,425.663535,5.4125,412.5,15.11,943.92,244.0,145.8,6.0,,,,1.0,3.0,2.0,,,,,,,0.672,0.614,0.818,0.5140357142857143,0.4684,0.376840470193115
207,2014,40.0,40.0,2.2424,estimate_normalized,True,110.91,110.91329,83,0.4146506024096385,0.703,0.3180357142857142,0.6312500000000002,0.2902222222222222,6.875,3.55,244.935,425.663535,5.4125,412.5,14.840054347826085,1072.9499999999998,293.6,162.1,43.0,,,,9.0,21.0,13.0,,,,,,,0.627,0.703,0.818,0.3027,0.6437916666666667,0.3776163003663003
207,2015,40.0,40.0,1.7668,estimate_normalized,True,110.91,110.91329,84,0.3692857142857143,0.613,0.3780357142857142,0.4998928571428571,0.2299285714285714,6.875,3.55,244.935,425.663535,5.4125,412.5,16.413749999999997,307.86,62.5,62.5,4.0,,,,3.0,1.0,,,,,,,,0.613,0.818,,0.30375,0.3815712909441233,
207,2016,40.0,40.0,1.9816,estimate_normalized,True,110.91,110.91329,86,0.3476976744186046,0.658,0.3592068965517242,0.4637241379310345,0.2156071428571428,6.875,3.55,244.935,425.663535,5.4125,412.5,11.147977528089887,403.52,183.1,0.0,2.0,,,,2.0,0.0,,,,,,,,0.403,0.818,,0.285,0.3832343749999999,
207,2017,40.0,40.0,1.5516,estimate_normalized,True,110.91,110.91329,90,0.3418111111111111,0.659,0.3767000000000001,0.4444666666666667,0.2042666666666667,6.875,3.55,244.935,425.663535,5.4125,412.5,15.284999999999998,1229.91,106.6,7.0,38.0,,,,6.0,19.0,13.0,,,,,,,0.591,0.659,0.818,0.2667666666666666,0.5798333333333333,0.3837118847539015
207,2018,40.0,40.0,3.496,productivity_normalized,True,110.91,110.91329,89,0.4711910112359551,0.8,0.3452333333333332,0.7269333333333333,0.3369310344827586,6.875,3.55,244.935,425.663535,5.4125,412.5,14.329782608695652,1011.93,300.4,132.0,37.0,,,,16.0,14.0,7.0,,,,,,,0.437,0.8,0.818,0.2561923076923076,0.7228333333333333,0.3832452316076294
207,2019,43.0,40.0,3.5799999999999996,productivity_normalized,True,110.91,110.91329,76,0.4201710526315789,0.737,0.3284615384615384,0.6656,0.27012,6.875,3.55,244.935,425.663535,5.4125,412.5,16.7218954248366,1807.89,207.4,127.70000000000002,36.0,104.7,43.3,358.9,,,,0.209,0.693,0.818,0.1751904761904761,0.4809230769230769,0.3871157894736842,,,,,,
207,2020,20.0,43.0,4.38,productivity_normalized,False,110.91,110.91329,80,0.3942624999999999,0.61,0.263074074074074,0.5538148148148148,0.3648076923076923,6.875,3.55,244.935,425.663535,5.4125,412.5,15.329728260869564,1212.46,248.2,92.20000000000002,41.0,,,,,,,,,,,,,,,,,,
207,2021,3.0,20.0,3.525020286718961,physical_harvested_weight,False,110.91,110.91329,91,0.4010329670329671,0.754,0.3577096774193548,0.6396999999999999,0.2071333333333333,6.875,3.55,244.935,425.663535,5.4125,412.5,14.716576086956524,1128.4399999999998,256.4,142.1,35.0,,,,,,,,,,,,,,,,,,
207,2022,44.0,3.0,1.8862140474258409,physical_harvested_weight,False,110.91,110.91329,109,0.3440550458715595,0.676,0.4136486486486487,0.4332777777777777,0.1833055555555555,6.875,3.55,244.935,425.663535,5.4125,412.5,15.912065217391303,1263.7199999999998,169.0,110.9,42.0,,,,,,,,,,,,,,,,,,
207,2023,44.0,44.0,1.068974844468488,physical_harvested_weight,False,110.91,110.91329,93,0.3575806451612905,0.604,0.3039354838709677,0.445774193548387,0.3230322580645161,6.875,3.55,244.935,425.663535,5.4125,412.5,15.950489130434782,1221.05,324.20000000000005,89.8,42.0,,,,,,,,,,,,,,,,,,
207,2024,40.0,44.0,3.107023712920386,physical_harvested_weight,False,110.91,110.91329,85,0.5157176470588235,0.818,0.4269310344827587,0.7378928571428572,0.3855,6.875,3.55,244.935,425.663535,5.4125,412.5,15.703804347826088,1234.36,266.7,189.4,32.0,,,,2.0,18.0,12.0,,,,,,,0.676,0.818,0.781,0.2913030303030303,0.7692,0.4289724137931034
207,2025,43.0,40.0,1.3522676043638986,physical_harvested_weight,False,110.91,110.91329,82,0.4608658536585365,0.781,0.3428928571428571,0.7096296296296296,0.3344444444444445,6.875,3.55,244.935,425.663535,5.4125,412.5,17.773464052287583,1958.2,549.16,310.95,24.0,193.38,127.18,676.18,,,,0.216,0.595,0.781,0.1826842105263157,0.3549411764705882,0.4796567164179104,,,,,,
208,2010,40.0,40.0,2.4501,estimate_normalized,True,130.0,128.21593,102,0.3946470588235294,0.719,0.3468529411764706,0.5746176470588235,0.2624705882352942,6.8,3.916,202.758,706.31834,5.7,504.0,,,,,,,,,0.0,,,,,,,,,0.798,,,0.4400865051903114,,
208,2011,40.0,40.0,2.301,estimate_normalized,True,130.0,128.21593,104,0.4288557692307692,0.798,0.4487142857142857,0.5515142857142857,0.2821470588235294,6.8,3.916,202.758,706.31834,5.7,504.0,,,,,,,,,0.0,,,,,,,,,0.78,,,0.4422119850187265,,
208,2012,40.0,40.0,2.0003,estimate_normalized,True,130.0,128.21593,93,0.4898709677419355,0.767,0.3543225806451612,0.6473548387096775,0.4679354838709677,6.8,3.916,202.758,706.31834,5.7,504.0,,,,,,,,,0.0,,,,,,,,,0.78,,,0.4414918566775244,,
208,2013,40.0,40.0,2.7517,estimate_normalized,True,130.0,128.21593,76,0.4473289473684211,0.748,0.4502692307692308,0.61072,0.2808799999999999,6.8,3.916,202.758,706.31834,5.7,504.0,15.11,943.92,244.0,145.8,6.0,,,,1.0,3.0,2.0,,,,,,,0.692,0.748,0.78,0.4133928571428571,0.6617,0.4384262711864406
208,2014,40.0,40.0,2.9195,estimate_normalized,True,130.0,128.21593,82,0.5127073170731707,0.738,0.3879642857142857,0.689962962962963,0.4648148148148148,6.8,3.916,202.758,706.31834,5.7,504.0,14.840054347826085,1072.9499999999998,293.6,162.1,43.0,,,,9.0,21.0,13.0,,,,,,,0.632,0.738,0.78,0.341560975609756,0.7031818181818182,0.4413459759481961
208,2015,40.0,40.0,1.4288,estimate_normalized,True,130.0,128.21593,87,0.417057471264368,0.592,0.4132413793103448,0.4781379310344827,0.3597931034482758,6.8,3.916,202.758,706.31834,5.7,504.0,16.413749999999997,307.86,62.5,62.5,4.0,,,,3.0,1.0,,,,,,,,0.592,0.78,,0.3544166666666666,0.4424103313840156,
208,2016,40.0,40.0,2.1872,estimate_normalized,True,130.0,128.21593,86,0.4473837209302325,0.751,0.3922068965517241,0.6018275862068966,0.3445714285714286,6.8,3.916,202.758,706.31834,5.7,504.0,11.147977528089887,403.52,183.1,0.0,2.0,,,,2.0,0.0,,,,,,,,0.61,0.78,,0.4255142857142857,0.4427972665148064,
208,2017,40.0,40.0,2.0779,estimate_normalized,True,130.0,128.21593,94,0.4815212765957445,0.712,0.38134375,0.6506451612903227,0.4158064516129032,6.8,3.916,202.758,706.31834,5.7,504.0,15.284999999999998,1229.91,106.6,7.0,38.0,,,,6.0,19.0,13.0,,,,,,,0.416,0.712,0.78,0.3007,0.5924347826086956,0.445202205882353
208,2018,40.0,40.0,1.6354,estimate_normalized,True,130.0,128.21593,90,0.454211111111111,0.673,0.3714666666666667,0.5809999999999998,0.4101666666666666,6.8,3.916,202.758,706.31834,5.7,504.0,14.329782608695652,1011.93,300.4,132.0,37.0,,,,16.0,14.0,7.0,,,,,,,0.478,0.659,0.78,0.3587,0.5627333333333334,0.4408670438472418
208,2019,40.0,40.0,2.133,productivity_normalized,True,130.0,128.21593,91,0.5008461538461539,0.699,0.4110322580645162,0.6758666666666666,0.4186333333333333,6.8,3.916,202.758,706.31834,5.7,504.0,14.965054347826085,1104.38,287.0,127.70000000000002,36.0,,,,5.0,24.0,7.0,,,,,,,0.64,0.699,0.78,0.340861111111111,0.6725,0.4369214402618658
208,2020,43.0,40.0,5.05,productivity_normalized,False,130.0,128.21593,71,0.4276619718309858,0.524,0.3737499999999999,0.4959166666666667,0.4126956521739131,6.8,3.916,202.758,706.31834,5.7,504.0,17.62261437908497,1933.59,193.2,92.20000000000002,41.0,125.3,1.2,306.9,,,,0.289,0.412,0.78,0.2526,0.3677333333333333,0.4402346570397111,,,,,,
208,2021,40.0,43.0,2.1216153846153847,physical_harvested_weight,False,130.0,128.21593,87,0.5081264367816093,0.779,0.3973448275862069,0.7195172413793105,0.4075172413793104,6.8,3.916,202.758,706.31834,5.7,504.0,14.716576086956524,1128.4399999999998,256.4,142.1,35.0,,,,11.0,13.0,11.0,,,,,,,0.541,0.779,0.78,0.3471875,0.7224166666666667,0.4334233409610984
208,2022,43.0,40.0,2.356923076923077,physical_harvested_weight,False,130.0,128.21593,88,0.4519886363636363,0.738,0.3926333333333334,0.651103448275862,0.3142758620689654,6.8,3.916,202.758,706.31834,5.7,504.0,17.957712418300652,1994.12,148.2,110.9,42.0,113.2,25.2,248.3,,,,0.292,0.543,0.78,0.228125,0.4059999999999999,0.4405994623655914,,,,,,
208,2023,43.0,43.0,2.018076923076923,physical_harvested_weight,False,130.0,128.21593,77,0.4454805194805195,0.592,0.3324230769230769,0.5120769230769231,0.4938,6.8,3.916,202.758,706.31834,5.7,504.0,17.59457516339869,1933.47,241.6,89.8,42.0,128.9,0.8,423.7,,,,0.352,0.429,0.78,0.2048571428571428,0.3821428571428572,0.4625375494071146,,,,,,
208,2024,40.0,43.0,2.360615384615385,physical_harvested_weight,False,130.0,128.21593,83,0.523578313253012,0.765,0.4769285714285714,0.7131071428571429,0.3754074074074074,6.8,3.916,202.758,706.31834,5.7,504.0,15.703804347826088,1234.36,266.7,189.4,32.0,,,,2.0,18.0,12.0,,,,,,,0.596,0.765,0.78,0.3848484848484848,0.7091904761904763,0.4420287769784172
208,2025,43.0,40.0,3.8430769230769233,physical_harvested_weight,False,130.0,128.21593,80,0.4902000000000001,0.78,0.4085185185185185,0.7165555555555555,0.3399615384615384,6.8,3.916,202.758,706.31834,5.7,504.0,17.773464052287583,1958.2,549.16,310.95,24.0,193.38,127.18,676.18,,,,0.325,0.524,0.78,0.237235294117647,0.4433125,0.4792058823529411,,,,,,
209,2010,40.0,40.0,2.0058,estimate_normalized,True,301.65,301.6502,112,0.3720625000000001,0.722,0.2782105263157894,0.5963783783783784,0.2441351351351351,7.042857142857143,3.5357142857142856,171.9557142857143,277.5815457142857,7.35,437.1428571428572,,,,,,,,,0.0,,,,,,,,,0.817,,,0.4172205692108667,,
209,2011,40.0,40.0,2.1288,estimate_normalized,True,301.65,301.6502,115,0.4039130434782609,0.817,0.4135641025641026,0.5698421052631579,0.228078947368421,7.042857142857143,3.5357142857142856,171.9557142857143,277.5815457142857,7.35,437.1428571428572,,,,,,,,,0.0,,,,,,,,,0.792,,,0.4195386235955056,,
209,2012,40.0,40.0,2.1412,estimate_normalized,True,301.65,301.6502,92,0.3890978260869565,0.736,0.296,0.6057419354838709,0.2614333333333334,7.042857142857143,3.5357142857142856,171.9557142857143,277.5815457142857,7.35,437.1428571428572,,,,,,,,,0.0,,,,,,,,,0.792,,,0.4246641337386018,,
209,2013,40.0,40.0,1.7872,estimate_normalized,True,301.65,301.6502,76,0.4230394736842104,0.667,0.4414230769230769,0.5386,0.28836,7.042857142857143,3.5357142857142856,171.9557142857143,277.5815457142857,7.35,437.1428571428572,15.11,943.92,244.0,145.8,6.0,,,,1.0,3.0,2.0,,,,,,,0.657,0.667,0.792,0.381875,0.5838095238095238,0.4228426435877262
209,2014,40.0,40.0,2.7874,estimate_normalized,True,301.65,301.6502,88,0.4478977272727272,0.711,0.3437,0.6676896551724136,0.3358965517241379,7.042857142857143,3.5357142857142856,171.9557142857143,277.5815457142857,7.35,437.1428571428572,14.840054347826085,1072.9499999999998,293.6,162.1,43.0,,,,9.0,21.0,13.0,,,,,,,0.654,0.711,0.792,0.3025116279069767,0.6727037037037037,0.4248091143594153
209,2015,40.0,40.0,1.9986,estimate_normalized,True,301.65,301.6502,89,0.4363595505617978,0.729,0.3771333333333332,0.6413666666666668,0.285551724137931,7.042857142857143,3.5357142857142856,171.9557142857143,277.5815457142857,7.35,437.1428571428572,16.413749999999997,307.86,62.5,62.5,4.0,,,,3.0,1.0,,,,,,,,0.547,0.792,,0.2847692307692308,0.4305849909584086,
209,2016,40.0,40.0,2.5161,estimate_normalized,True,301.65,301.6502,90,0.4806666666666667,0.744,0.2917333333333333,0.6806000000000001,0.4696666666666665,7.042857142857143,3.5357142857142856,171.9557142857143,277.5815457142857,7.35,437.1428571428572,11.147977528089887,403.52,183.1,0.0,2.0,,,,2.0,0.0,,,,,,,,0.687,0.792,,0.5873529411764705,0.4234084210526316,
209,2017,44.0,40.0,2.22,productivity_normalized,True,301.65,301.6502,100,0.3844199999999999,0.65,0.3422647058823529,0.5676060606060607,0.2446666666666666,7.042857142857143,3.5357142857142856,171.9557142857143,277.5815457142857,7.35,437.1428571428572,15.284999999999998,1229.91,106.6,7.0,38.0,,,,,,,,,,,,,,,,,,
209,2018,40.0,44.0,1.7399999999999998,productivity_normalized,True,301.65,301.6502,99,0.4764747474747475,0.756,0.3935151515151515,0.7024242424242424,0.3334848484848484,7.042857142857143,3.5357142857142856,171.9557142857143,277.5815457142857,7.35,437.1428571428572,14.329782608695652,1011.93,300.4,132.0,37.0,,,,16.0,14.0,7.0,,,,,,,0.539,0.756,0.792,0.3259310344827586,0.6975714285714285,0.4228558441558441
209,2019,20.0,40.0,1.4083,estimate_normalized,True,301.65,301.6502,100,0.4732699999999999,0.66,0.379,0.6384242424242423,0.4052424242424243,7.042857142857143,3.5357142857142856,171.9557142857143,277.5815457142857,7.35,437.1428571428572,14.965054347826085,1104.38,287.0,127.70000000000002,36.0,,,,,,,,,,,,,,,,,,
209,2020,16.0,20.0,5.78,productivity_normalized,False,301.65,301.6502,85,0.4202117647058822,0.667,0.3521379310344829,0.4439642857142857,0.4669642857142858,7.042857142857143,3.5357142857142856,171.9557142857143,277.5815457142857,7.35,437.1428571428572,15.329728260869564,1212.46,248.2,92.20000000000002,41.0,,,,,,,,,,,,,,,,,,
209,2021,40.0,16.0,2.268059008785016,physical_harvested_weight,False,301.65,301.6502,91,0.511043956043956,0.753,0.402032258064516,0.6839333333333335,0.4507999999999999,7.042857142857143,3.5357142857142856,171.9557142857143,277.5815457142857,7.35,437.1428571428572,14.716576086956524,1128.4399999999998,256.4,142.1,35.0,,,,11.0,13.0,11.0,,,,,,,0.597,0.753,0.792,0.34665625,0.6720769230769231,0.4160926315789474
209,2022,43.0,40.0,2.657417536880491,physical_harvested_weight,False,301.65,301.6502,97,0.418,0.747,0.3717272727272727,0.6401875,0.24353125,7.042857142857143,3.5357142857142856,171.9557142857143,277.5815457142857,7.35,437.1428571428572,17.957712418300652,1994.12,148.2,110.9,42.0,113.2,25.2,248.3,,,,0.223,0.452,0.792,0.1897777777777777,0.3187142857142856,0.4231191066997518,,,,,,
209,2023,44.0,43.0,1.4882148184982598,physical_harvested_weight,False,301.65,301.6502,97,0.4037835051546392,0.648,0.3012121212121212,0.46065625,0.4526875,7.042857142857143,3.5357142857142856,171.9557142857143,277.5815457142857,7.35,437.1428571428572,15.950489130434782,1221.05,324.20000000000005,89.8,42.0,,,,,,,,,,,,,,,,,,
209,2024,44.0,44.0,4.5289739764627885,physical_harvested_weight,False,301.65,301.6502,85,0.4660117647058823,0.792,0.737137931034483,0.4108571428571428,0.2403571428571428,7.042857142857143,3.5357142857142856,171.9557142857143,277.5815457142857,7.35,437.1428571428572,15.703804347826088,1234.36,266.7,189.4,32.0,,,,,,,,,,,,,,,,,,
209,2025,40.0,44.0,2.332040444223438,physical_harvested_weight,False,301.65,301.6502,97,0.4758659793814432,0.759,0.367969696969697,0.7118125,0.3511875,7.042857142857143,3.5357142857142856,171.9557142857143,277.5815457142857,7.35,437.1428571428572,15.06396739130435,1205.04,598.56,310.95,24.0,,,,7.0,11.0,6.0,,,,,,,0.444,0.759,0.705,0.2594285714285714,0.6935,0.443090909090909
210,2010,40.0,40.0,2.4812000000000003,estimate_normalized,True,247.0,245.92428,107,0.4085514018691589,0.742,0.3534444444444445,0.6024166666666667,0.2658285714285714,7.2125,3.72,230.06625,480.10587375,9.455,423.75,,,,,,,,,0.0,,,,,,,,,0.817,,,0.4419299279633268,,
210,2011,40.0,40.0,2.3706,estimate_normalized,True,247.0,245.92428,106,0.4162169811320755,0.817,0.4445555555555556,0.5493142857142858,0.2539714285714285,7.2125,3.72,230.06625,480.10587375,9.455,423.75,,,,,,,,,0.0,,,,,,,,,0.806,,,0.4452079207920792,,
210,2012,40.0,40.0,1.8137,estimate_normalized,True,247.0,245.92428,96,0.4273958333333333,0.666,0.41696875,0.5474375,0.31778125,7.2125,3.72,230.06625,480.10587375,9.455,423.75,,,,,,,,,0.0,,,,,,,,,0.806,,,0.4490745007680491,,
210,2013,40.0,40.0,1.9414,estimate_normalized,True,247.0,245.92428,77,0.4999870129870129,0.734,0.393576923076923,0.6928461538461538,0.4100799999999999,7.2125,3.72,230.06625,480.10587375,9.455,423.75,15.11,943.92,244.0,145.8,6.0,,,,1.0,3.0,2.0,,,,,,,0.558,0.734,0.806,0.35196,0.6823809523809524,0.4471066878980892
210,2014,40.0,40.0,2.9256,estimate_normalized,True,247.0,245.92428,85,0.479,0.783,0.3452413793103447,0.714142857142857,0.3823928571428571,7.2125,3.72,230.06625,480.10587375,9.455,423.75,14.840054347826085,1072.9499999999998,293.6,162.1,43.0,,,,9.0,21.0,13.0,,,,,,,0.648,0.783,0.806,0.3126744186046511,0.72296,0.4461539130434782
210,2015,40.0,40.0,2.4408000000000003,estimate_normalized,True,247.0,245.92428,88,0.4991477272727272,0.755,0.3402666666666666,0.7019999999999998,0.4606551724137931,7.2125,3.72,230.06625,480.10587375,9.455,423.75,16.413749999999997,307.86,62.5,62.5,4.0,,,,3.0,1.0,,,,,,,,0.417,0.806,,0.2917407407407407,0.4516852698993596,
210,2016,40.0,40.0,2.8707000000000003,estimate_normalized,True,247.0,245.92428,87,0.4549655172413793,0.73,0.3598620689655172,0.6002758620689655,0.4047586206896552,7.2125,3.72,230.06625,480.10587375,9.455,423.75,11.147977528089887,403.52,183.1,0.0,2.0,,,,2.0,0.0,,,,,,,,0.73,0.806,,0.553375,0.4431703703703704,
210,2017,44.0,40.0,2.002,productivity_normalized,True,247.0,245.92428,99,0.4279696969696969,0.691,0.5065151515151514,0.5053333333333333,0.272060606060606,7.2125,3.72,230.06625,480.10587375,9.455,423.75,15.284999999999998,1229.91,106.6,7.0,38.0,,,,,,,,,,,,,,,,,,
210,2018,21.0,44.0,0.978,productivity_normalized,True,247.0,245.92428,96,0.4939270833333333,0.714,0.33434375,0.6828125,0.4646249999999999,7.2125,3.72,230.06625,480.10587375,9.455,423.75,14.329782608695652,1011.93,300.4,132.0,37.0,,,,,,,,,,,,,,,,,,
210,2019,40.0,21.0,1.965,productivity_normalized,True,247.0,245.92428,93,0.4926666666666666,0.756,0.4009032258064517,0.7159354838709677,0.3611612903225806,7.2125,3.72,230.06625,480.10587375,9.455,423.75,14.965054347826085,1104.38,287.0,127.70000000000002,36.0,,,,5.0,24.0,7.0,,,,,,,0.65,0.756,0.806,0.3327948717948717,0.7197857142857143,0.4385933734939759
210,2020,44.0,40.0,2.11,productivity_normalized,False,247.0,245.92428,82,0.4029146341463415,0.575,0.3803928571428572,0.4881851851851851,0.341,7.2125,3.72,230.06625,480.10587375,9.455,423.75,15.329728260869564,1212.46,248.2,92.20000000000002,41.0,,,,,,,,,,,,,,,,,,
210,2021,40.0,44.0,1.4783400809716598,physical_harvested_weight,False,247.0,245.92428,87,0.5013678160919541,0.775,0.3770689655172413,0.7227931034482759,0.4042413793103448,7.2125,3.72,230.06625,480.10587375,9.455,423.75,14.716576086956524,1128.4399999999998,256.4,142.1,35.0,,,,11.0,13.0,11.0,,,,,,,0.517,0.775,0.806,0.3267096774193548,0.7173333333333334,0.4436123711340206
210,2022,43.0,40.0,3.0655870445344133,physical_harvested_weight,False,247.0,245.92428,98,0.4458775510204082,0.765,0.3725757575757575,0.6675757575757576,0.29284375,7.2125,3.72,230.06625,480.10587375,9.455,423.75,17.957712418300652,1994.12,148.2,110.9,42.0,113.2,25.2,248.3,,,,0.261,0.382,0.806,0.2081052631578947,0.3391538461538461,0.4568671497584541,,,,,,
210,2023,24.0,43.0,1.7267206477732793,physical_harvested_weight,False,247.0,245.92428,98,0.466061224489796,0.742,0.313,0.5493939393939394,0.53796875,7.2125,3.72,230.06625,480.10587375,9.455,423.75,15.950489130434782,1221.05,324.20000000000005,89.8,42.0,,,,,,,,,,,,,,,,,,
210,2024,44.0,24.0,5.519493927125506,physical_harvested_weight,False,247.0,245.92428,90,0.4857444444444445,0.806,0.7481666666666666,0.4258666666666668,0.2832,7.2125,3.72,230.06625,480.10587375,9.455,423.75,15.703804347826088,1234.36,266.7,189.4,32.0,,,,,,,,,,,,,,,,,,
210,2025,40.0,44.0,3.192550607287449,physical_harvested_weight,False,247.0,245.92428,100,0.4972999999999999,0.763,0.3836470588235294,0.7139696969696969,0.3977272727272727,7.2125,3.72,230.06625,480.10587375,9.455,423.75,15.06396739130435,1205.04,598.56,310.95,24.0,,,,7.0,11.0,6.0,,,,,,,0.44,0.763,0.72,0.2801891891891891,0.6777586206896552,0.4802826086956521
211,2017,44.0,,2.4379999999999997,productivity_normalized,True,93.0,92.55,91,0.4067802197802197,0.603,0.4659999999999999,0.4393333333333333,0.3130333333333334,6.245,4.8,25.325,403.5,,342.0,15.284999999999998,1229.91,106.6,7.0,38.0,,,,,,,,,,,,,,,,,,
211,2019,40.0,,1.868,productivity_normalized,True,93.0,92.55,88,0.4659545454545454,0.741,0.4035333333333334,0.6819310344827586,0.314551724137931,6.245,4.8,25.325,403.5,,342.0,14.965054347826085,1104.38,287.0,127.70000000000002,36.0,,,,5.0,24.0,7.0,,,,,,,0.654,0.741,0.786,0.3361764705882353,0.7027599999999999,0.4259787581699346
211,2020,44.0,40.0,3.19,productivity_normalized,False,93.0,92.55,80,0.39225,0.519,0.3549629629629629,0.4702962962962963,0.3499230769230769,6.245,4.8,25.325,403.5,,342.0,15.329728260869564,1212.46,248.2,92.20000000000002,41.0,,,,,,,,,,,,,,,,,,
211,2021,40.0,44.0,2.1389247311827955,physical_harvested_weight,False,93.0,92.55,83,0.4919036144578312,0.77,0.3630357142857142,0.7191071428571428,0.3899259259259259,6.245,4.8,25.325,403.5,,342.0,14.716576086956524,1128.4399999999998,256.4,142.1,35.0,,,,11.0,13.0,11.0,,,,,,,0.527,0.77,0.786,0.2996774193548386,0.72992,0.4304655963302752
211,2022,43.0,40.0,3.4704,estimate_normalized,True,93.0,92.55,91,0.4203186813186814,0.719,0.3754516129032257,0.6010000000000001,0.2860000000000001,6.245,4.8,25.325,403.5,,342.0,17.957712418300652,1994.12,148.2,110.9,42.0,113.2,25.2,248.3,,,,0.252,0.387,0.786,0.2066470588235294,0.3330833333333333,0.4446854838709677,,,,,,
212,2010,40.0,40.0,2.5728999999999997,estimate_normalized,True,136.0,134.83369,98,0.3998979591836734,0.685,0.3240909090909091,0.6231212121212122,0.2478749999999999,7.140000000000001,3.766,232.258,464.594502,5.536,432.0,,,,,,,,,0.0,,,,,,,,,0.79,,,0.4132290076335878,,
212,2011,40.0,40.0,2.1887,estimate_normalized,True,136.0,134.83369,104,0.3974134615384616,0.737,0.3761714285714286,0.5766571428571429,0.234764705882353,7.140000000000001,3.766,232.258,464.594502,5.536,432.0,,,,,,,,,0.0,,,,,,,,,0.79,,,0.4156954887218045,,
212,2012,40.0,40.0,2.4481,estimate_normalized,True,136.0,134.83369,91,0.4532857142857143,0.772,0.2525806451612903,0.6817333333333334,0.4322333333333333,7.140000000000001,3.766,232.258,464.594502,5.536,432.0,,,,,,,,,0.0,,,,,,,,,0.79,,,0.4155967346938775,,
212,2013,40.0,40.0,2.199,estimate_normalized,True,136.0,134.83369,72,0.436,0.687,0.421875,0.5903333333333334,0.2957916666666667,7.140000000000001,3.766,232.258,464.594502,5.536,432.0,15.11,943.92,244.0,145.8,6.0,,,,1.0,3.0,2.0,,,,,,,0.675,0.687,0.79,0.4246071428571428,0.5978,0.41228632115548
212,2014,40.0,40.0,2.45,estimate_normalized,True,136.0,134.83369,82,0.4516463414634147,0.729,0.25825,0.6619259259259258,0.4419259259259259,7.140000000000001,3.766,232.258,464.594502,5.536,432.0,14.840054347826085,1072.9499999999998,293.6,162.1,43.0,,,,9.0,21.0,13.0,,,,,,,0.581,0.729,0.79,0.2578292682926829,0.6741304347826087,0.4162162661737523
212,2015,40.0,40.0,1.6854,estimate_normalized,True,136.0,134.83369,85,0.3844705882352942,0.66,0.4630344827586207,0.3933214285714284,0.2942499999999999,7.140000000000001,3.766,232.258,464.594502,5.536,432.0,16.413749999999997,307.86,62.5,62.5,4.0,,,,3.0,1.0,,,,,,,,0.649,0.79,,0.3593636363636363,0.4167012609117362,
212,2016,40.0,40.0,2.7669,estimate_normalized,True,136.0,134.83369,83,0.4699156626506024,0.679,0.5281785714285714,0.5096785714285714,0.3682592592592592,7.140000000000001,3.766,232.258,464.594502,5.536,432.0,11.147977528089887,403.52,183.1,0.0,2.0,,,,2.0,0.0,,,,,,,,0.462,0.79,,0.4193636363636364,0.4132837837837838,
212,2017,40.0,40.0,1.6862,estimate_normalized,True,136.0,134.83369,93,0.4173440860215054,0.662,0.3065161290322581,0.586483870967742,0.3590322580645161,7.140000000000001,3.766,232.258,464.594502,5.536,432.0,15.284999999999998,1229.91,106.6,7.0,38.0,,,,6.0,19.0,13.0,,,,,,,0.382,0.662,0.79,0.27478125,0.5419583333333333,0.4160594660194175
212,2018,40.0,40.0,1.3272,estimate_normalized,True,136.0,134.83369,87,0.4098965517241379,0.613,0.3351034482758621,0.4905862068965517,0.404,7.140000000000001,3.766,232.258,464.594502,5.536,432.0,14.329782608695652,1011.93,300.4,132.0,37.0,,,,16.0,14.0,7.0,,,,,,,0.448,0.599,0.79,0.3066206896551724,0.4627241379310345,0.4186191135734072
212,2019,40.0,40.0,2.478,estimate_normalized,True,136.0,134.83369,88,0.4774204545454546,0.727,0.3902,0.6862413793103448,0.3588275862068966,7.140000000000001,3.766,232.258,464.594502,5.536,432.0,14.965054347826085,1104.38,287.0,127.70000000000002,36.0,,,,5.0,24.0,7.0,,,,,,,0.601,0.727,0.79,0.3277096774193548,0.6861071428571428,0.4107174603174603
212,2020,43.0,40.0,1.3132,estimate_normalized,True,136.0,134.83369,70,0.4004142857142856,0.594,0.2983333333333333,0.4701304347826086,0.4372173913043479,7.140000000000001,3.766,232.258,464.594502,5.536,432.0,17.62261437908497,1933.59,193.2,92.20000000000002,41.0,125.3,1.2,306.9,,,,0.251,0.322,0.79,0.229,0.3020666666666666,0.4164825783972125,,,,,,
212,2021,40.0,43.0,3.3983823529411765,physical_harvested_weight,False,136.0,134.83369,87,0.4784137931034481,0.79,0.3408620689655172,0.7107241379310346,0.3836551724137931,7.140000000000001,3.766,232.258,464.594502,5.536,432.0,14.716576086956524,1128.4399999999998,256.4,142.1,35.0,,,,11.0,13.0,11.0,,,,,,,0.494,0.79,0.776,0.2880625,0.7247916666666666,0.4096026200873363
212,2022,43.0,40.0,3.1773529411764705,physical_harvested_weight,False,136.0,134.83369,91,0.416,0.769,0.3219677419354839,0.6553666666666668,0.2738,7.140000000000001,3.766,232.258,464.594502,5.536,432.0,17.957712418300652,1994.12,148.2,110.9,42.0,113.2,25.2,248.3,,,,0.218,0.406,0.776,0.200235294117647,0.2982142857142857,0.4205681233933162,,,,,,
212,2023,43.0,43.0,2.9445588235294116,physical_harvested_weight,False,136.0,134.83369,80,0.426675,0.62,0.2544814814814815,0.4972222222222222,0.5322307692307692,7.140000000000001,3.766,232.258,464.594502,5.536,432.0,17.59457516339869,1933.47,241.6,89.8,42.0,128.9,0.8,423.7,,,,0.226,0.347,0.776,0.1875,0.2870499999999999,0.4458111111111111,,,,,,
212,2024,40.0,43.0,1.900882352941176,physical_harvested_weight,False,136.0,134.83369,87,0.4990804597701149,0.776,0.449551724137931,0.710344827586207,0.337344827586207,7.140000000000001,3.766,232.258,464.594502,5.536,432.0,15.703804347826088,1234.36,266.7,189.4,32.0,,,,2.0,18.0,12.0,,,,,,,0.646,0.776,0.733,0.3541764705882353,0.737,0.4234834437086092
212,2025,43.0,40.0,1.7024264705882353,physical_harvested_weight,False,136.0,134.83369,87,0.4654712643678162,0.733,0.3530344827586206,0.6447931034482759,0.3985862068965518,7.140000000000001,3.766,232.258,464.594502,5.536,432.0,17.773464052287583,1958.2,549.16,310.95,24.0,193.38,127.18,676.18,,,,0.288,0.445,0.733,0.2125294117647058,0.3581875,0.4730666666666666,,,,,,
213,2010,40.0,40.0,2.1619,estimate_normalized,True,14.0,16.53751,102,0.4029117647058824,0.715,0.3449117647058823,0.591735294117647,0.2720882352941177,7.2,3.39,148.5,272.23874,13.42,420.0,,,,,,,,,0.0,,,,,,,,,0.788,,,0.4452856109906001,,
213,2011,40.0,40.0,1.984,estimate_normalized,True,14.0,16.53751,102,0.4104411764705883,0.788,0.4102647058823529,0.5478823529411765,0.2731764705882353,7.2,3.39,148.5,272.23874,13.42,420.0,,,,,,,,,0.0,,,,,,,,,0.75,,,0.4493388235294118,,
213,2012,40.0,40.0,1.6418,estimate_normalized,True,14.0,16.53751,88,0.425875,0.694,0.3714333333333333,0.6000344827586207,0.3080344827586206,7.2,3.39,148.5,272.23874,13.42,420.0,,,,,,,,,0.0,,,,,,,,,0.75,,,0.453924126172208,,
213,2013,40.0,40.0,2.0484,estimate_normalized,True,14.0,16.53751,67,0.4716268656716418,0.698,0.448695652173913,0.6160454545454545,0.3511818181818182,7.2,3.39,148.5,272.23874,13.42,420.0,15.11,943.92,244.0,145.8,6.0,,,,1.0,3.0,2.0,,,,,,,0.633,0.698,0.75,0.3914999999999999,0.6475294117647059,0.4522328042328042
213,2014,40.0,40.0,2.4244,estimate_normalized,True,14.0,16.53751,79,0.4806835443037974,0.732,0.3691111111111111,0.6821923076923077,0.3950384615384615,7.2,3.39,148.5,272.23874,13.42,420.0,14.840054347826085,1072.9499999999998,293.6,162.1,43.0,,,,9.0,21.0,13.0,,,,,,,0.649,0.732,0.75,0.331575,0.68192,0.4533768115942029
213,2015,40.0,40.0,2.1305,estimate_normalized,True,14.0,16.53751,79,0.4992658227848102,0.727,0.4164444444444444,0.6752307692307693,0.4093076923076922,7.2,3.39,148.5,272.23874,13.42,420.0,16.413749999999997,307.86,62.5,62.5,4.0,,,,3.0,1.0,,,,,,,,0.517,0.75,,0.3242857142857143,0.4580991902834008,
213,2016,40.0,40.0,2.4174,estimate_normalized,True,14.0,16.53751,79,0.4754810126582279,0.652,0.3946666666666666,0.6229615384615385,0.4119230769230769,7.2,3.39,148.5,272.23874,13.42,420.0,11.147977528089887,403.52,183.1,0.0,2.0,,,,2.0,0.0,,,,,,,,0.652,0.75,,0.5363548387096774,0.450242672919109,
213,2017,40.0,40.0,2.4459,estimate_normalized,True,14.0,16.53751,88,0.4267954545454545,0.645,0.4476666666666666,0.5397931034482759,0.2922068965517242,7.2,3.39,148.5,272.23874,13.42,420.0,15.284999999999998,1229.91,106.6,7.0,38.0,,,,6.0,19.0,13.0,,,,,,,0.588,0.645,0.75,0.3533214285714286,0.6088749999999999,0.4501868686868687
213,2018,40.0,40.0,2.6765,estimate_normalized,True,14.0,16.53751,90,0.5092111111111112,0.722,0.4231000000000001,0.687,0.4175333333333335,7.2,3.39,148.5,272.23874,13.42,420.0,14.329782608695652,1011.93,300.4,132.0,37.0,,,,16.0,14.0,7.0,,,,,,,0.53,0.722,0.75,0.3672962962962963,0.681483870967742,0.4497774566473988
213,2019,20.0,40.0,1.9759,estimate_normalized,True,14.0,16.53751,87,0.4831724137931034,0.708,0.4264827586206896,0.6643103448275864,0.3587241379310346,7.2,3.39,148.5,272.23874,13.42,420.0,14.965054347826085,1104.38,287.0,127.70000000000002,36.0,,,,,,,,,,,,,,,,,,
213,2020,43.0,20.0,5.78,productivity_normalized,False,14.0,16.53751,69,0.4698260869565217,0.583,0.4044347826086956,0.498,0.5070434782608697,7.2,3.39,148.5,272.23874,13.42,420.0,17.62261437908497,1933.59,193.2,92.20000000000002,41.0,125.3,1.2,306.9,,,,0.311,0.468,0.75,0.2862,0.4135333333333333,0.4514538745387453,,,,,,
213,2021,43.0,43.0,1.3155714285714286,physical_harvested_weight,False,14.0,16.53751,76,0.5286447368421053,0.746,0.3874999999999999,0.6947200000000001,0.50936,7.2,3.39,148.5,272.23874,13.42,420.0,16.966797385620914,1836.82,204.8,142.1,35.0,157.1,12.8,318.6,,,,0.332,0.57,0.75,0.2313846153846153,0.4482,0.4563274725274725,,,,,,
213,2022,40.0,43.0,1.481428571428571,physical_harvested_weight,False,14.0,16.53751,103,0.4210291262135922,0.75,0.4643142857142857,0.5604999999999999,0.237,7.2,3.39,148.5,272.23874,13.42,420.0,15.912065217391303,1263.7199999999998,169.0,110.9,42.0,,,,12.0,15.0,15.0,,,,,,,0.496,0.75,0.747,0.30178125,0.6968461538461538,0.4367373134328358
213,2023,43.0,40.0,1.6768999999999998,estimate_normalized,True,14.0,16.53751,77,0.4461038961038961,0.612,0.3377307692307693,0.5334230769230769,0.4679999999999999,7.2,3.39,148.5,272.23874,13.42,420.0,17.59457516339869,1933.47,241.6,89.8,42.0,128.9,0.8,423.7,,,,0.315,0.469,0.747,0.2178,0.4046666666666666,0.4803770491803278,,,,,,
213,2025,3.0,9.0,1.53,physical_harvested_weight,False,14.0,16.53751,90,0.4929666666666666,0.747,0.4019666666666666,0.6981333333333334,0.3787999999999999,7.2,3.39,148.5,272.23874,13.42,420.0,15.06396739130435,1205.04,598.56,310.95,24.0,,,,,,,,,,,,,,,,,,
214,2010,40.0,40.0,1.955,estimate_normalized,True,9.0,10.99122,102,0.4051274509803921,0.713,0.3499117647058823,0.5921470588235294,0.2733235294117647,7.1,3.67,236.12,399.02591,8.82,420.0,,,,,,,,,0.0,,,,,,,,,0.789,,,0.4464732272069464,,
214,2011,40.0,40.0,2.053,estimate_normalized,True,9.0,10.99122,102,0.4127941176470587,0.789,0.4085588235294117,0.5528529411764707,0.2769705882352941,7.1,3.67,236.12,399.02591,8.82,420.0,,,,,,,,,0.0,,,,,,,,,0.754,,,0.4504489795918367,,
214,2012,40.0,40.0,1.6657,estimate_normalized,True,9.0,10.99122,88,0.4273295454545455,0.689,0.3771333333333332,0.5971379310344828,0.3094482758620689,7.1,3.67,236.12,399.02591,8.82,420.0,,,,,,,,,0.0,,,,,,,,,0.754,,,0.4549718430034129,,
214,2013,40.0,40.0,2.064,estimate_normalized,True,9.0,10.99122,66,0.4817424242424242,0.7,0.4529090909090909,0.6345000000000002,0.3578181818181818,7.1,3.67,236.12,399.02591,8.82,420.0,15.11,943.92,244.0,145.8,6.0,,,,1.0,3.0,2.0,,,,,,,0.62,0.7,0.754,0.3951904761904761,0.6564705882352941,0.4530582010582011
214,2014,40.0,40.0,2.6513,estimate_normalized,True,9.0,10.99122,79,0.4835189873417722,0.736,0.3685925925925926,0.6865384615384615,0.3998461538461538,7.1,3.67,236.12,399.02591,8.82,420.0,14.840054347826085,1072.9499999999998,293.6,162.1,43.0,,,,9.0,21.0,13.0,,,,,,,0.648,0.736,0.754,0.3309499999999999,0.6871200000000001,0.453831884057971
214,2015,40.0,40.0,2.2145,estimate_normalized,True,9.0,10.99122,79,0.5017088607594936,0.73,0.4067407407407407,0.6784230769230769,0.4236153846153845,7.1,3.67,236.12,399.02591,8.82,420.0,16.413749999999997,307.86,62.5,62.5,4.0,,,,3.0,1.0,,,,,,,,0.493,0.754,,0.3183809523809524,0.458585020242915,
214,2016,40.0,40.0,2.3114,estimate_normalized,True,9.0,10.99122,79,0.4709620253164556,0.648,0.3988148148148148,0.6133461538461539,0.4034999999999999,7.1,3.67,236.12,399.02591,8.82,420.0,11.147977528089887,403.52,183.1,0.0,2.0,,,,2.0,0.0,,,,,,,,0.648,0.754,,0.5299032258064515,0.4508007033997656,
214,2017,40.0,40.0,2.4927,estimate_normalized,True,9.0,10.99122,88,0.4313295454545454,0.663,0.4667,0.5315862068965518,0.2944827586206896,7.1,3.67,236.12,399.02591,8.82,420.0,15.284999999999998,1229.91,106.6,7.0,38.0,,,,6.0,19.0,13.0,,,,,,,0.608,0.663,0.754,0.3697142857142857,0.6102916666666667,0.4502020202020202
214,2018,40.0,40.0,2.665,estimate_normalized,True,9.0,10.99122,90,0.5119444444444445,0.724,0.4201666666666667,0.6855333333333334,0.4301333333333333,7.1,3.67,236.12,399.02591,8.82,420.0,14.329782608695652,1011.93,300.4,132.0,37.0,,,,16.0,14.0,7.0,,,,,,,0.518,0.724,0.754,0.3658148148148148,0.6783548387096774,0.4501098265895953
214,2019,40.0,40.0,2.1573,estimate_normalized,True,9.0,10.99122,87,0.4835057471264368,0.72,0.4275517241379311,0.6712413793103449,0.3517241379310344,7.1,3.67,236.12,399.02591,8.82,420.0,14.965054347826085,1104.38,287.0,127.70000000000002,36.0,,,,5.0,24.0,7.0,,,,,,,0.646,0.72,0.754,0.3558787878787878,0.68596,0.445015
214,2020,43.0,40.0,3.19,productivity_normalized,False,9.0,10.99122,69,0.464768115942029,0.572,0.4041739130434783,0.4975217391304347,0.4926086956521739,7.1,3.67,236.12,399.02591,8.82,420.0,17.62261437908497,1933.59,193.2,92.20000000000002,41.0,125.3,1.2,306.9,,,,0.316,0.462,0.754,0.2868,0.4132666666666666,0.4511420664206642,,,,,,
214,2021,43.0,43.0,1.5857777777777775,physical_harvested_weight,False,9.0,10.99122,76,0.5283552631578947,0.752,0.3856923076923077,0.70068,0.5044000000000001,7.1,3.67,236.12,399.02591,8.82,420.0,16.966797385620914,1836.82,204.8,142.1,35.0,157.1,12.8,318.6,,,,0.335,0.563,0.754,0.2323846153846153,0.445,0.4567186813186813,,,,,,
214,2022,40.0,43.0,1.002222222222222,physical_harvested_weight,False,9.0,10.99122,103,0.4188640776699029,0.751,0.4583142857142857,0.5606176470588237,0.2365,7.1,3.67,236.12,399.02591,8.82,420.0,15.912065217391303,1263.7199999999998,169.0,110.9,42.0,,,,12.0,15.0,15.0,,,,,,,0.486,0.751,0.754,0.301125,0.6872307692307692,0.4379970149253732
214,2023,43.0,40.0,1.6103999999999998,estimate_normalized,True,9.0,10.99122,77,0.442844155844156,0.599,0.3339999999999999,0.5337692307692307,0.4614799999999999,7.1,3.67,236.12,399.02591,8.82,420.0,17.59457516339869,1933.47,241.6,89.8,42.0,128.9,0.8,423.7,,,,0.307,0.468,0.754,0.2153333333333333,0.4015714285714286,0.4823688524590163,,,,,,
214,2025,3.0,9.0,1.53,physical_harvested_weight,False,9.0,10.99122,90,0.4958555555555555,0.748,0.3991999999999999,0.7017666666666666,0.3865999999999999,7.1,3.67,236.12,399.02591,8.82,420.0,15.06396739130435,1205.04,598.56,310.95,24.0,,,,,,,,,,,,,,,,,,
215,2010,40.0,40.0,2.5285,estimate_normalized,True,79.0,78.14849,100,0.4185899999999999,0.692,0.4121470588235295,0.5711515151515152,0.2726666666666666,6.666666666666667,3.776666666666667,192.12,392.99891,12.116666666666667,430.0,,,,,,,,,0.0,,,,,,,,,0.765,,,0.4496952949962659,,
215,2011,40.0,40.0,2.2013000000000003,estimate_normalized,True,79.0,78.14849,98,0.4260918367346939,0.735,0.3739090909090909,0.6154545454545455,0.284625,6.666666666666667,3.776666666666667,192.12,392.99891,12.116666666666667,430.0,,,,,,,,,0.0,,,,,,,,,0.765,,,0.4524567502021018,,
215,2012,40.0,40.0,1.9233,estimate_normalized,True,79.0,78.14849,88,0.437715909090909,0.644,0.3672666666666666,0.5867931034482758,0.3615172413793103,6.666666666666667,3.776666666666667,192.12,392.99891,12.116666666666667,430.0,,,,,,,,,0.0,,,,,,,,,0.765,,,0.4562744063324538,,
215,2013,40.0,40.0,1.1653,estimate_normalized,True,79.0,78.14849,66,0.4190454545454545,0.603,0.4220000000000001,0.4354545454545455,0.3996818181818182,6.666666666666667,3.776666666666667,192.12,392.99891,12.116666666666667,430.0,15.11,943.92,244.0,145.8,6.0,,,,1.0,3.0,2.0,,,,,,,0.567,0.603,0.765,0.4152380952380953,0.4906875,0.4565572727272727
215,2014,40.0,40.0,2.6138000000000003,estimate_normalized,True,79.0,78.14849,77,0.5281948051948051,0.74,0.6490769230769231,0.5867692307692308,0.3415600000000001,6.666666666666667,3.776666666666667,192.12,392.99891,12.116666666666667,430.0,14.840054347826085,1072.9499999999998,293.6,162.1,43.0,,,,9.0,21.0,13.0,,,,,,,0.74,0.707,0.765,0.6079142857142857,0.56904,0.4506666666666667
215,2015,40.0,40.0,1.4253,estimate_normalized,True,79.0,78.14849,80,0.422875,0.575,0.3779259259259259,0.4651481481481482,0.4256538461538461,6.666666666666667,3.776666666666667,192.12,392.99891,12.116666666666667,430.0,16.413749999999997,307.86,62.5,62.5,4.0,,,,3.0,1.0,,,,,,,,0.519,0.765,,0.345590909090909,0.4561172199170124,
215,2016,40.0,40.0,1.9726,estimate_normalized,True,79.0,78.14849,78,0.4792820512820512,0.765,0.4344615384615385,0.5912307692307692,0.4121538461538461,6.666666666666667,3.776666666666667,192.12,392.99891,12.116666666666667,430.0,11.147977528089887,403.52,183.1,0.0,2.0,,,,2.0,0.0,,,,,,,,0.54,0.747,,0.4775161290322581,0.4541197604790419,
215,2017,20.0,40.0,3.08,productivity_normalized,False,79.0,78.14849,90,0.4934666666666667,0.699,0.4331333333333333,0.6494666666666666,0.3978,6.666666666666667,3.776666666666667,192.12,392.99891,12.116666666666667,430.0,15.284999999999998,1229.91,106.6,7.0,38.0,,,,,,,,,,,,,,,,,,
215,2018,40.0,20.0,2.353,estimate_normalized,True,79.0,78.14849,92,0.4907826086956522,0.718,0.4366451612903225,0.6780322580645161,0.3532333333333334,6.666666666666667,3.776666666666667,192.12,392.99891,12.116666666666667,430.0,14.329782608695652,1011.93,300.4,132.0,37.0,,,,16.0,14.0,7.0,,,,,,,0.491,0.718,0.747,0.3848,0.66384375,0.4450119047619048
215,2019,40.0,40.0,1.672,productivity_normalized,True,79.0,78.14849,87,0.4982298850574711,0.728,0.342,0.6957241379310346,0.4569655172413794,6.666666666666667,3.776666666666667,192.12,392.99891,12.116666666666667,430.0,14.965054347826085,1104.38,287.0,127.70000000000002,36.0,,,,5.0,24.0,7.0,,,,,,,0.533,0.728,0.747,0.288625,0.6834285714285714,0.4447899305555556
215,2020,43.0,40.0,1.409,productivity_normalized,True,79.0,78.14849,69,0.4578840579710144,0.681,0.3459565217391304,0.5525652173913044,0.4751304347826086,6.666666666666667,3.776666666666667,192.12,392.99891,12.116666666666667,430.0,17.62261437908497,1933.59,193.2,92.20000000000002,41.0,125.3,1.2,306.9,,,,0.259,0.452,0.747,0.2235714285714285,0.384,0.4480521235521236,,,,,,
215,2021,40.0,43.0,2.9865822784810128,physical_harvested_weight,False,79.0,78.14849,84,0.4811428571428572,0.73,0.3473571428571428,0.6775714285714286,0.4185,6.666666666666667,3.776666666666667,192.12,392.99891,12.116666666666667,430.0,14.716576086956524,1128.4399999999998,256.4,142.1,35.0,,,,11.0,13.0,11.0,,,,,,,0.513,0.73,0.747,0.3288709677419354,0.6784545454545454,0.4420684596577017
215,2022,43.0,40.0,2.858987341772152,physical_harvested_weight,False,79.0,78.14849,85,0.4227176470588235,0.697,0.3992068965517241,0.5747857142857142,0.295,6.666666666666667,3.776666666666667,192.12,392.99891,12.116666666666667,430.0,17.957712418300652,1994.12,148.2,110.9,42.0,113.2,25.2,248.3,,,,0.253,0.586,0.747,0.2037777777777777,0.4055833333333333,0.455067055393586,,,,,,
215,2023,3.0,43.0,2.2745063291139243,physical_harvested_weight,False,79.0,78.14849,79,0.4624050632911393,0.604,0.3475185185185185,0.5598461538461538,0.4842692307692307,6.666666666666667,3.776666666666667,192.12,392.99891,12.116666666666667,430.0,15.950489130434782,1221.05,324.20000000000005,89.8,42.0,,,,,,,,,,,,,,,,,,
215,2024,44.0,3.0,4.476708860759494,physical_harvested_weight,False,79.0,78.14849,79,0.490113924050633,0.747,0.6745555555555556,0.4774999999999999,0.3111923076923077,6.666666666666667,3.776666666666667,192.12,392.99891,12.116666666666667,430.0,15.703804347826088,1234.36,266.7,189.4,32.0,,,,,,,,,,,,,,,,,,
215,2025,40.0,44.0,3.0739240506329115,physical_harvested_weight,False,79.0,78.14849,87,0.5085402298850575,0.73,0.4420689655172414,0.6947241379310346,0.3888275862068966,6.666666666666667,3.776666666666667,192.12,392.99891,12.116666666666667,430.0,15.06396739130435,1205.04,598.56,310.95,24.0,,,,7.0,11.0,6.0,,,,,,,0.583,0.73,0.673,0.3622285714285714,0.7,0.4343142857142857
216,2010,40.0,40.0,2.8838,estimate_normalized,True,37.0,37.51924,93,0.4523763440860215,0.715,0.4804838709677419,0.5898064516129032,0.2868387096774193,6.4,3.71,242.68,688.96085,7.64,540.0,,,,,,,,,0.0,,,,,,,,,0.781,,,0.5031137586471945,,
216,2011,40.0,40.0,2.4407,estimate_normalized,True,37.0,37.51924,100,0.4653100000000001,0.702,0.4309705882352941,0.6398787878787878,0.3261212121212121,6.4,3.71,242.68,688.96085,7.64,540.0,,,,,,,,,0.0,,,,,,,,,0.781,,,0.5070025041736227,,
216,2012,40.0,40.0,2.4394,estimate_normalized,True,37.0,37.51924,90,0.5192222222222223,0.689,0.4602,0.6585333333333332,0.4389333333333333,6.4,3.71,242.68,688.96085,7.64,540.0,,,,,,,,,0.0,,,,,,,,,0.781,,,0.5091843065693431,,
216,2013,40.0,40.0,2.4091,estimate_normalized,True,37.0,37.51924,64,0.542734375,0.739,0.5155,0.6832857142857143,0.4307142857142857,6.4,3.71,242.68,688.96085,7.64,540.0,15.11,943.92,244.0,145.8,6.0,,,,1.0,3.0,2.0,,,,,,,0.693,0.739,0.781,0.5053809523809524,0.704125,0.506314447592068
216,2014,40.0,40.0,2.9909,estimate_normalized,True,37.0,37.51924,78,0.5447179487179487,0.755,0.4861153846153846,0.7104999999999999,0.4375384615384615,6.4,3.71,242.68,688.96085,7.64,540.0,14.840054347826085,1072.9499999999998,293.6,162.1,43.0,,,,9.0,21.0,13.0,,,,,,,0.727,0.755,0.781,0.449235294117647,0.70424,0.5040606372045221
216,2015,40.0,40.0,2.7174,estimate_normalized,True,37.0,37.51924,78,0.5269358974358974,0.719,0.4859615384615384,0.6756153846153846,0.4192307692307692,6.4,3.71,242.68,688.96085,7.64,540.0,16.413749999999997,307.86,62.5,62.5,4.0,,,,3.0,1.0,,,,,,,,0.711,0.781,,0.4463333333333333,0.5078504875406283,
216,2016,40.0,40.0,2.6756,estimate_normalized,True,37.0,37.51924,74,0.5363243243243243,0.777,0.4874,0.644,0.475125,6.4,3.71,242.68,688.96085,7.64,540.0,11.147977528089887,403.52,183.1,0.0,2.0,,,,2.0,0.0,,,,,,,,0.614,0.781,,0.54346875,0.501001246882793,
216,2017,20.0,40.0,2.26,productivity_normalized,False,37.0,37.51924,82,0.5388048780487805,0.741,0.5085000000000001,0.6885185185185185,0.4205185185185185,6.4,3.71,242.68,688.96085,7.64,540.0,15.284999999999998,1229.91,106.6,7.0,38.0,,,,,,,,,,,,,,,,,,
216,2018,40.0,20.0,2.1175,estimate_normalized,True,37.0,37.51924,86,0.5294883720930232,0.711,0.5077586206896553,0.6753793103448275,0.4008928571428571,6.4,3.71,242.68,688.96085,7.64,540.0,14.329782608695652,1011.93,300.4,132.0,37.0,,,,16.0,14.0,7.0,,,,,,,0.606,0.711,0.781,0.463625,0.6695000000000001,0.4928523592085235
216,2019,40.0,40.0,1.95,productivity_normalized,True,37.0,37.51924,87,0.5512183908045977,0.737,0.4724827586206896,0.714413793103448,0.4667586206896552,6.4,3.71,242.68,688.96085,7.64,540.0,14.965054347826085,1104.38,287.0,127.70000000000002,36.0,,,,5.0,24.0,7.0,,,,,,,0.719,0.737,0.781,0.4202413793103448,0.7162499999999999,0.4879805309734513
216,2020,43.0,40.0,1.246,productivity_normalized,True,37.0,37.51924,69,0.5022898550724637,0.618,0.4193478260869565,0.5751304347826086,0.5123913043478262,6.4,3.71,242.68,688.96085,7.64,540.0,17.62261437908497,1933.59,193.2,92.20000000000002,41.0,125.3,1.2,306.9,,,,0.349,0.533,0.781,0.2751666666666666,0.4508235294117647,0.4924852071005917,,,,,,
216,2021,40.0,43.0,2.925945945945946,physical_harvested_weight,False,37.0,37.51924,81,0.5345802469135803,0.759,0.4529259259259259,0.7082592592592591,0.4425555555555556,6.4,3.71,242.68,688.96085,7.64,540.0,14.716576086956524,1128.4399999999998,256.4,142.1,35.0,,,,11.0,13.0,11.0,,,,,,,0.611,0.759,0.781,0.4406,0.718047619047619,0.4831875
216,2022,43.0,40.0,3.1270270270270273,physical_harvested_weight,False,37.0,37.51924,89,0.471876404494382,0.742,0.4482333333333334,0.6406666666666666,0.3217241379310345,6.4,3.71,242.68,688.96085,7.64,540.0,17.957712418300652,1994.12,148.2,110.9,42.0,113.2,25.2,248.3,,,,0.311,0.597,0.781,0.2365882352941176,0.4772142857142857,0.4961127596439169,,,,,,
216,2023,3.0,43.0,2.696783783783784,physical_harvested_weight,False,37.0,37.51924,79,0.5095189873417721,0.664,0.4262222222222221,0.6009615384615384,0.504576923076923,6.4,3.71,242.68,688.96085,7.64,540.0,15.950489130434782,1221.05,324.20000000000005,89.8,42.0,,,,,,,,,,,,,,,,,,
216,2024,44.0,3.0,5.342162162162162,physical_harvested_weight,False,37.0,37.51924,76,0.5318026315789474,0.781,0.6886538461538461,0.55796,0.3425199999999999,6.4,3.71,242.68,688.96085,7.64,540.0,15.703804347826088,1234.36,266.7,189.4,32.0,,,,,,,,,,,,,,,,,,
216,2025,40.0,44.0,2.986756756756757,physical_harvested_weight,False,37.0,37.51924,84,0.5499047619047619,0.772,0.4933928571428572,0.7134285714285714,0.4428928571428571,6.4,3.71,242.68,688.96085,7.64,540.0,15.06396739130435,1205.04,598.56,310.95,24.0,,,,7.0,11.0,6.0,,,,,,,0.651,0.772,0.668,0.4063030303030303,0.723576923076923,0.4757878787878788
217,2010,40.0,40.0,2.0382,estimate_normalized,True,408.0,408.48131,105,0.4148380952380953,0.709,0.3163428571428571,0.6352857142857143,0.2928857142857142,6.94,3.484666666666667,201.10266666666664,313.7409,4.662000000000001,472.0,,,,,,,,,0.0,,,,,,,,,0.796,,,0.4104150566289141,,
217,2011,40.0,40.0,2.475,estimate_normalized,True,408.0,408.48131,106,0.4138490566037735,0.71,0.3579999999999999,0.6259714285714286,0.2591714285714286,6.94,3.484666666666667,201.10266666666664,313.7409,4.662000000000001,472.0,,,,,,,,,0.0,,,,,,,,,0.796,,,0.411328530259366,,
217,2012,40.0,40.0,1.6152000000000002,estimate_normalized,True,408.0,408.48131,94,0.4058510638297871,0.672,0.27778125,0.5608387096774196,0.3830645161290322,6.94,3.484666666666667,201.10266666666664,313.7409,4.662000000000001,472.0,,,,,,,,,0.0,,,,,,,,,0.796,,,0.414408913213448,,
217,2013,40.0,40.0,2.2975000000000003,estimate_normalized,True,408.0,408.48131,75,0.4293066666666668,0.684,0.3725199999999999,0.61972,0.29568,6.94,3.484666666666667,201.10266666666664,313.7409,4.662000000000001,472.0,15.11,943.92,244.0,145.8,6.0,,,,1.0,3.0,2.0,,,,,,,0.635,0.684,0.796,0.3769310344827586,0.63695,0.4116739837398374
217,2014,40.0,40.0,3.0689,estimate_normalized,True,408.0,408.48131,84,0.4910595238095239,0.776,0.2816071428571429,0.7046428571428571,0.4869285714285714,6.94,3.484666666666667,201.10266666666664,313.7409,4.662000000000001,472.0,14.840054347826085,1072.9499999999998,293.6,162.1,43.0,,,,9.0,21.0,13.0,,,,,,,0.525,0.776,0.796,0.267875,0.72,0.4133180212014134
217,2015,40.0,40.0,1.251,estimate_normalized,True,408.0,408.48131,86,0.3273720930232558,0.508,0.3238965517241379,0.4150689655172414,0.2401428571428571,6.94,3.484666666666667,201.10266666666664,313.7409,4.662000000000001,472.0,16.413749999999997,307.86,62.5,62.5,4.0,,,,3.0,1.0,,,,,,,,0.495,0.796,,0.2978333333333333,0.4138988868274582,
217,2016,40.0,40.0,2.2364,estimate_normalized,True,408.0,408.48131,91,0.4705274725274725,0.742,0.5430967741935484,0.5189999999999999,0.3470666666666667,6.94,3.484666666666667,201.10266666666664,313.7409,4.662000000000001,472.0,11.147977528089887,403.52,183.1,0.0,2.0,,,,2.0,0.0,,,,,,,,0.467,0.796,,0.4152285714285714,0.4127524219590958,
217,2017,20.0,40.0,0.8960000000000001,productivity_normalized,True,408.0,408.48131,97,0.4557319587628866,0.7,0.3108484848484848,0.6365937500000001,0.42428125,6.94,3.484666666666667,201.10266666666664,313.7409,4.662000000000001,472.0,15.284999999999998,1229.91,106.6,7.0,38.0,,,,,,,,,,,,,,,,,,
217,2018,40.0,20.0,1.1881,estimate_normalized,True,408.0,408.48131,94,0.4609893617021277,0.606,0.44753125,0.4487096774193547,0.4871612903225807,6.94,3.484666666666667,201.10266666666664,313.7409,4.662000000000001,472.0,14.329782608695652,1011.93,300.4,132.0,37.0,,,,16.0,14.0,7.0,,,,,,,0.585,0.497,0.796,0.4027241379310345,0.4467272727272727,0.4101405835543766
217,2019,40.0,40.0,1.962,productivity_normalized,True,408.0,408.48131,97,0.4824432989690722,0.715,0.4002424242424242,0.68778125,0.3618749999999999,6.94,3.484666666666667,201.10266666666664,313.7409,4.662000000000001,472.0,14.965054347826085,1104.38,287.0,127.70000000000002,36.0,,,,5.0,24.0,7.0,,,,,,,0.631,0.715,0.796,0.3251315789473684,0.6872758620689655,0.3983748079877112
217,2020,43.0,40.0,3.37,productivity_normalized,False,408.0,408.48131,73,0.4031780821917808,0.544,0.31764,0.4876666666666667,0.4077916666666666,6.94,3.484666666666667,201.10266666666664,313.7409,4.662000000000001,472.0,17.62261437908497,1933.59,193.2,92.20000000000002,41.0,125.3,1.2,306.9,,,,0.252,0.349,0.796,0.2342,0.3070666666666666,0.4016050847457627,,,,,,
217,2021,40.0,43.0,2.768578431372549,physical_harvested_weight,False,408.0,408.48131,90,0.4750666666666667,0.785,0.3102333333333333,0.7204333333333331,0.3945333333333333,6.94,3.484666666666667,201.10266666666664,313.7409,4.662000000000001,472.0,14.716576086956524,1128.4399999999998,256.4,142.1,35.0,,,,11.0,13.0,11.0,,,,,,,0.463,0.785,0.796,0.2720588235294117,0.7191923076923078,0.3923969957081545
217,2022,43.0,40.0,3.063725490196078,physical_harvested_weight,False,408.0,408.48131,91,0.4083846153846153,0.72,0.3579354838709677,0.6152333333333334,0.2536666666666666,6.94,3.484666666666667,201.10266666666664,313.7409,4.662000000000001,472.0,17.957712418300652,1994.12,148.2,110.9,42.0,113.2,25.2,248.3,,,,0.201,0.458,0.796,0.192875,0.3004615384615384,0.3994574999999999,,,,,,
217,2023,3.0,43.0,2.021480392156863,physical_harvested_weight,False,408.0,408.48131,92,0.3623695652173912,0.589,0.2406129032258064,0.4976774193548387,0.3483666666666666,6.94,3.484666666666667,201.10266666666664,313.7409,4.662000000000001,472.0,15.950489130434782,1221.05,324.20000000000005,89.8,42.0,,,,,,,,,,,,,,,,,,
217,2024,40.0,3.0,2.9758823529411766,physical_harvested_weight,False,408.0,408.48131,90,0.4846888888888889,0.796,0.3736333333333333,0.7309666666666668,0.3494666666666667,6.94,3.484666666666667,201.10266666666664,313.7409,4.662000000000001,472.0,15.703804347826088,1234.36,266.7,189.4,32.0,,,,2.0,18.0,12.0,,,,,,,0.601,0.796,0.727,0.3134324324324324,0.7458,0.4099032258064516
217,2025,43.0,40.0,2.5629901960784314,physical_harvested_weight,False,408.0,408.48131,92,0.4428369565217391,0.727,0.3417741935483872,0.655258064516129,0.3277666666666666,6.94,3.484666666666667,201.10266666666664,313.7409,4.662000000000001,472.0,17.773464052287583,1958.2,549.16,310.95,24.0,193.38,127.18,676.18,,,,0.258,0.427,0.727,0.1997058823529411,0.3395294117647059,0.4504556962025316,,,,,,
218,2010,40.0,40.0,2.4997,estimate_normalized,True,39.0,39.30376,97,0.388381443298969,0.728,0.4437272727272727,0.48975,0.2299375,7.2,3.87,198.74,289.9543,4.86,390.0,,,,,,,,,0.0,,,,,,,,,0.787,,,0.4180919366993217,,
218,2011,40.0,40.0,1.6986,estimate_normalized,True,39.0,39.30376,91,0.4253846153846154,0.706,0.3328064516129032,0.6274333333333334,0.3189999999999999,7.2,3.87,198.74,289.9543,4.86,390.0,,,,,,,,,0.0,,,,,,,,,0.787,,,0.4187967479674797,,
218,2012,40.0,40.0,1.8592,estimate_normalized,True,39.0,39.30376,84,0.3983095238095237,0.682,0.3315,0.5785357142857143,0.2848928571428571,7.2,3.87,198.74,289.9543,4.86,390.0,,,,,,,,,0.0,,,,,,,,,0.787,,,0.4227433862433862,,
218,2013,40.0,40.0,1.376,estimate_normalized,True,39.0,39.30376,64,0.397484375,0.601,0.3722727272727272,0.5161904761904762,0.3051904761904762,7.2,3.87,198.74,289.9543,4.86,390.0,15.11,943.92,244.0,145.8,6.0,,,,1.0,3.0,2.0,,,,,,,0.436,0.6,0.787,0.3656,0.4943529411764706,0.4226754785779398
218,2014,40.0,40.0,2.1887,estimate_normalized,True,39.0,39.30376,78,0.4115128205128205,0.658,0.3752307692307693,0.5866538461538462,0.2726538461538462,7.2,3.87,198.74,289.9543,4.86,390.0,14.840054347826085,1072.9499999999998,293.6,162.1,43.0,,,,9.0,21.0,13.0,,,,,,,0.591,0.658,0.787,0.3614871794871795,0.60025,0.4234277227722772
218,2015,40.0,40.0,1.8712,estimate_normalized,True,39.0,39.30376,84,0.4134642857142857,0.651,0.3870714285714286,0.5763571428571429,0.2769642857142857,7.2,3.87,198.74,289.9543,4.86,390.0,16.413749999999997,307.86,62.5,62.5,4.0,,,,3.0,1.0,,,,,,,,0.529,0.787,,0.3026363636363636,0.4304541666666666,
218,2016,40.0,40.0,1.4839,estimate_normalized,True,39.0,39.30376,83,0.4154096385542168,0.655,0.3984285714285714,0.4893214285714286,0.3563703703703704,7.2,3.87,198.74,289.9543,4.86,390.0,11.147977528089887,403.52,183.1,0.0,2.0,,,,2.0,0.0,,,,,,,,0.4,0.787,,0.3765454545454545,0.429836784409257,
218,2017,40.0,40.0,1.2974,estimate_normalized,True,39.0,39.30376,88,0.4578068181818182,0.638,0.3982333333333334,0.5733448275862069,0.4038965517241379,7.2,3.87,198.74,289.9543,4.86,390.0,15.284999999999998,1229.91,106.6,7.0,38.0,,,,6.0,19.0,13.0,,,,,,,0.499,0.63,0.787,0.3736896551724137,0.5036818181818181,0.4309580052493438
218,2018,40.0,40.0,1.6403,estimate_normalized,True,39.0,39.30376,82,0.4168048780487805,0.626,0.3249285714285714,0.5299259259259258,0.3989629629629629,7.2,3.87,198.74,289.9543,4.86,390.0,14.329782608695652,1011.93,300.4,132.0,37.0,,,,16.0,14.0,7.0,,,,,,,0.367,0.609,0.787,0.3140769230769231,0.4986538461538461,0.4307979041916168
218,2019,40.0,40.0,1.7299,estimate_normalized,True,39.0,39.30376,83,0.4866506024096385,0.709,0.4041428571428571,0.66725,0.3849259259259259,7.2,3.87,198.74,289.9543,4.86,390.0,14.965054347826085,1104.38,287.0,127.70000000000002,36.0,,,,5.0,24.0,7.0,,,,,,,0.619,0.709,0.787,0.3373448275862069,0.6664074074074073,0.4247314974182444
218,2020,43.0,40.0,1.7929,estimate_normalized,True,39.0,39.30376,69,0.4102318840579709,0.528,0.3348260869565218,0.4731304347826087,0.4227391304347827,7.2,3.87,198.74,289.9543,4.86,390.0,17.62261437908497,1933.59,193.2,92.20000000000002,41.0,125.3,1.2,306.9,,,,0.31,0.383,0.787,0.2565,0.3371333333333333,0.4300304182509505,,,,,,
218,2021,40.0,43.0,2.12974358974359,physical_harvested_weight,False,39.0,39.30376,86,0.500872093023256,0.732,0.3635862068965517,0.6970344827586207,0.4398928571428571,7.2,3.87,198.74,289.9543,4.86,390.0,14.716576086956524,1128.4399999999998,256.4,142.1,35.0,,,,11.0,13.0,11.0,,,,,,,0.546,0.732,0.787,0.3158275862068965,0.6882916666666666,0.4252578313253012
218,2022,43.0,40.0,2.1723076923076925,physical_harvested_weight,False,39.0,39.30376,82,0.4101463414634147,0.708,0.3319642857142857,0.6305555555555555,0.2708148148148148,7.2,3.87,198.74,289.9543,4.86,390.0,17.957712418300652,1994.12,148.2,110.9,42.0,113.2,25.2,248.3,,,,0.247,0.436,0.787,0.2021666666666666,0.3504166666666666,0.4320200573065902,,,,,,
218,2023,3.0,43.0,3.3693589743589745,physical_harvested_weight,False,39.0,39.30376,85,0.4249411764705881,0.655,0.3437931034482758,0.5729285714285715,0.3609999999999999,7.2,3.87,198.74,289.9543,4.86,390.0,15.950489130434782,1221.05,324.20000000000005,89.8,42.0,,,,,,,,,,,,,,,,,,
218,2024,43.0,3.0,4.027153846153846,physical_harvested_weight,False,39.0,39.30376,73,0.5360684931506849,0.787,0.48248,0.7516666666666666,0.3762916666666667,7.2,3.87,198.74,289.9543,4.86,390.0,17.551503267973857,1926.73,242.7,189.4,32.0,131.1,85.6,248.8,,,,0.472,0.629,0.787,0.3141428571428571,0.4162307692307692,0.4664842767295598,,,,,,
218,2025,43.0,43.0,4.112820512820513,physical_harvested_weight,False,39.0,39.30376,77,0.4872207792207792,0.766,0.3743076923076923,0.7011538461538461,0.38216,7.2,3.87,198.74,289.9543,4.86,390.0,17.773464052287583,1958.2,549.16,310.95,24.0,193.38,127.18,676.18,,,,0.34,0.496,0.766,0.2373125,0.4046875,0.4814615384615384,,,,,,
219,2010,40.0,40.0,2.4063,estimate_normalized,True,210.0,209.86423,106,0.3810849056603773,0.767,0.3373611111111111,0.5832571428571429,0.2238857142857143,6.8,3.69625,212.37625,656.214605,8.491249999999999,446.25,,,,,,,,,0.0,,,,,,,,,0.792,,,0.4009452804377565,,
219,2011,40.0,40.0,2.0567,estimate_normalized,True,210.0,209.86423,106,0.3858301886792453,0.766,0.4072777777777777,0.5218571428571428,0.2277428571428571,6.8,3.69625,212.37625,656.214605,8.491249999999999,446.25,,,,,,,,,0.0,,,,,,,,,0.792,,,0.4033083765752409,,
219,2012,40.0,40.0,1.8639,estimate_normalized,True,210.0,209.86423,92,0.4155760869565217,0.754,0.2399677419354838,0.6538709677419354,0.3507999999999999,6.8,3.69625,212.37625,656.214605,8.491249999999999,446.25,,,,,,,,,0.0,,,,,,,,,0.792,,,0.4051376811594203,,
219,2013,40.0,40.0,1.7675999999999998,estimate_normalized,True,210.0,209.86423,74,0.4154459459459459,0.692,0.3832399999999999,0.58164,0.275875,6.8,3.69625,212.37625,656.214605,8.491249999999999,446.25,15.11,943.92,244.0,145.8,6.0,,,,1.0,3.0,2.0,,,,,,,0.563,0.692,0.792,0.33188,0.6285263157894737,0.4031235392320534
219,2014,40.0,40.0,2.3038,estimate_normalized,True,210.0,209.86423,82,0.4261585365853658,0.792,0.3661785714285713,0.6514444444444445,0.263074074074074,6.8,3.69625,212.37625,656.214605,8.491249999999999,446.25,14.840054347826085,1072.9499999999998,293.6,162.1,43.0,,,,9.0,21.0,13.0,,,,,,,0.705,0.792,0.792,0.3284390243902438,0.6560833333333334,0.4034511415525114
219,2015,40.0,40.0,2.5288,estimate_normalized,True,210.0,209.86423,85,0.4841529411764705,0.735,0.3515517241379311,0.6897500000000001,0.4158928571428572,6.8,3.69625,212.37625,656.214605,8.491249999999999,446.25,16.413749999999997,307.86,62.5,62.5,4.0,,,,3.0,1.0,,,,,,,,0.506,0.792,,0.2677916666666666,0.4104347408829175,
219,2016,40.0,40.0,2.2132,estimate_normalized,True,210.0,209.86423,85,0.4410705882352941,0.713,0.3866206896551724,0.5372142857142858,0.4013214285714285,6.8,3.69625,212.37625,656.214605,8.491249999999999,446.25,11.147977528089887,403.52,183.1,0.0,2.0,,,,2.0,0.0,,,,,,,,0.701,0.792,,0.5631818181818182,0.3968461538461538,
219,2017,44.0,40.0,1.873,productivity_normalized,True,210.0,209.86423,92,0.4156413043478261,0.705,0.5407419354838711,0.4657419354838709,0.2346,6.8,3.69625,212.37625,656.214605,8.491249999999999,446.25,15.284999999999998,1229.91,106.6,7.0,38.0,,,,,,,,,,,,,,,,,,
219,2018,40.0,44.0,1.8597,estimate_normalized,True,210.0,209.86423,92,0.4360434782608695,0.677,0.3138064516129032,0.6040322580645162,0.3887666666666666,6.8,3.69625,212.37625,656.214605,8.491249999999999,446.25,14.329782608695652,1011.93,300.4,132.0,37.0,,,,16.0,14.0,7.0,,,,,,,0.389,0.677,0.792,0.2934137931034483,0.5696129032258065,0.3954175824175824
219,2019,40.0,40.0,2.273,productivity_normalized,True,210.0,209.86423,92,0.4766630434782608,0.718,0.3470967741935484,0.6924516129032257,0.3875666666666667,6.8,3.69625,212.37625,656.214605,8.491249999999999,446.25,14.965054347826085,1104.38,287.0,127.70000000000002,36.0,,,,5.0,24.0,7.0,,,,,,,0.52,0.718,0.792,0.2879411764705882,0.6752857142857142,0.387376582278481
219,2020,43.0,40.0,4.25,productivity_normalized,False,210.0,209.86423,72,0.3704861111111111,0.597,0.244875,0.4321666666666666,0.4344166666666666,6.8,3.69625,212.37625,656.214605,8.491249999999999,446.25,17.62261437908497,1933.59,193.2,92.20000000000002,41.0,125.3,1.2,306.9,,,,0.226,0.26,0.792,0.20675,0.2449333333333333,0.390678947368421,,,,,,
219,2021,40.0,43.0,2.818952380952381,physical_harvested_weight,False,210.0,209.86423,85,0.4858235294117647,0.792,0.3203793103448275,0.7265,0.4165,6.8,3.69625,212.37625,656.214605,8.491249999999999,446.25,14.716576086956524,1128.4399999999998,256.4,142.1,35.0,,,,11.0,13.0,11.0,,,,,,,0.45,0.792,0.775,0.2761935483870967,0.7145652173913043,0.3827604395604396
219,2022,43.0,40.0,2.827547619047619,physical_harvested_weight,False,210.0,209.86423,89,0.3914943820224719,0.734,0.2946,0.6330333333333334,0.2418620689655172,6.8,3.69625,212.37625,656.214605,8.491249999999999,446.25,17.957712418300652,1994.12,148.2,110.9,42.0,113.2,25.2,248.3,,,,0.202,0.299,0.775,0.1783333333333333,0.2471538461538461,0.3889740932642487,,,,,,
219,2023,40.0,43.0,2.802523809523809,physical_harvested_weight,False,210.0,209.86423,91,0.4107692307692307,0.716,0.2240322580645161,0.5645666666666667,0.4499333333333334,6.8,3.69625,212.37625,656.214605,8.491249999999999,446.25,15.950489130434782,1221.05,324.20000000000005,89.8,42.0,,,,11.0,21.0,10.0,,,,,,,0.279,0.716,0.775,0.218725,0.5716249999999999,0.4012881355932203
219,2024,43.0,40.0,3.6718380952380953,physical_harvested_weight,False,210.0,209.86423,75,0.458,0.772,0.4046,0.6997599999999998,0.26964,6.8,3.69625,212.37625,656.214605,8.491249999999999,446.25,17.551503267973857,1926.73,242.7,189.4,32.0,131.1,85.6,248.8,,,,0.269,0.666,0.775,0.2209375,0.3564615384615385,0.408953216374269,,,,,,
219,2025,3.0,43.0,3.528095238095238,physical_harvested_weight,False,210.0,209.86423,96,0.39734375,0.775,0.361375,0.6239375,0.20671875,6.8,3.69625,212.37625,656.214605,8.491249999999999,446.25,15.06396739130435,1205.04,598.56,310.95,24.0,,,,,,,,,,,,,,,,,,
220,2010,40.0,40.0,1.9949,estimate_normalized,True,25.0,24.0006,95,0.4229894736842105,0.694,0.43503125,0.559375,0.2697741935483871,7.3,3.74,197.06,380.11444,6.0,420.0,,,,,,,,,0.0,,,,,,,,,0.8,,,0.4628455162019593,,
220,2011,40.0,40.0,2.4819,estimate_normalized,True,25.0,24.0006,94,0.4391914893617022,0.724,0.4001875,0.6100645161290323,0.3085806451612903,7.3,3.74,197.06,380.11444,6.0,420.0,,,,,,,,,0.0,,,,,,,,,0.8,,,0.4662846655791191,,
220,2012,40.0,40.0,1.7906,estimate_normalized,True,25.0,24.0006,88,0.4579886363636363,0.682,0.3823999999999999,0.6222413793103447,0.3719310344827586,7.3,3.74,197.06,380.11444,6.0,420.0,,,,,,,,,0.0,,,,,,,,,0.8,,,0.4702669039145908,,
220,2013,40.0,40.0,1.8199,estimate_normalized,True,25.0,24.0006,71,0.4467464788732395,0.668,0.46075,0.5396666666666666,0.3351739130434782,7.3,3.74,197.06,380.11444,6.0,420.0,15.11,943.92,244.0,145.8,6.0,,,,1.0,3.0,2.0,,,,,,,0.668,0.573,0.8,0.4445555555555555,0.5367368421052632,0.4697393320964749
220,2014,40.0,40.0,2.0431,estimate_normalized,True,25.0,24.0006,73,0.4776164383561643,0.711,0.51044,0.59575,0.3252916666666666,7.3,3.74,197.06,380.11444,6.0,420.0,14.840054347826085,1072.9499999999998,293.6,162.1,43.0,,,,9.0,21.0,13.0,,,,,,,0.711,0.709,0.8,0.4618235294117647,0.6016999999999999,0.4708630412890232
220,2015,40.0,40.0,2.3007,estimate_normalized,True,25.0,24.0006,79,0.4763164556962025,0.693,0.4594814814814815,0.6324615384615385,0.3376538461538461,7.3,3.74,197.06,380.11444,6.0,420.0,16.413749999999997,307.86,62.5,62.5,4.0,,,,3.0,1.0,,,,,,,,0.609,0.8,,0.34335,0.4776564482029598,
220,2016,40.0,40.0,2.7921,estimate_normalized,True,25.0,24.0006,82,0.52,0.728,0.4271071428571429,0.6597777777777778,0.4765555555555555,7.3,3.74,197.06,380.11444,6.0,420.0,11.147977528089887,403.52,183.1,0.0,2.0,,,,2.0,0.0,,,,,,,,0.685,0.8,,0.5556060606060607,0.4707107540173053,
220,2017,20.0,40.0,1.93,productivity_normalized,False,25.0,24.0006,82,0.4974878048780487,0.651,0.4920000000000001,0.5894444444444444,0.4112222222222221,7.3,3.74,197.06,380.11444,6.0,420.0,15.284999999999998,1229.91,106.6,7.0,38.0,,,,,,,,,,,,,,,,,,
220,2018,40.0,20.0,1.9640999999999995,estimate_normalized,True,25.0,24.0006,83,0.4889397590361445,0.627,0.4660714285714286,0.5765000000000001,0.4218518518518518,7.3,3.74,197.06,380.11444,6.0,420.0,14.329782608695652,1011.93,300.4,132.0,37.0,,,,16.0,14.0,7.0,,,,,,,0.623,0.605,0.8,0.4350357142857143,0.5620769230769231,0.4680318664643399
220,2019,40.0,40.0,2.7649999999999997,productivity_normalized,True,25.0,24.0006,86,0.5215581395348837,0.719,0.4549310344827585,0.6885862068965518,0.4175714285714286,7.3,3.74,197.06,380.11444,6.0,420.0,14.965054347826085,1104.38,287.0,127.70000000000002,36.0,,,,5.0,24.0,7.0,,,,,,,0.638,0.719,0.8,0.3966774193548387,0.6899642857142857,0.4619225352112676
220,2020,43.0,40.0,5.13,productivity_normalized,False,25.0,24.0006,66,0.5224090909090909,0.689,0.420590909090909,0.5941818181818183,0.5524545454545454,7.3,3.74,197.06,380.11444,6.0,420.0,17.62261437908497,1933.59,193.2,92.20000000000002,41.0,125.3,1.2,306.9,,,,0.356,0.497,0.8,0.3107999999999999,0.4245333333333334,0.4663657587548638,,,,,,
220,2021,40.0,43.0,2.0264,physical_harvested_weight,False,25.0,24.0006,84,0.5255357142857141,0.777,0.4274642857142857,0.7113571428571428,0.4377857142857143,7.3,3.74,197.06,380.11444,6.0,420.0,14.716576086956524,1128.4399999999998,256.4,142.1,35.0,,,,11.0,13.0,11.0,,,,,,,0.589,0.777,0.8,0.3783214285714286,0.7263478260869565,0.4501523341523341
220,2022,43.0,40.0,3.4832,physical_harvested_weight,False,25.0,24.0006,78,0.4685769230769231,0.777,0.3784999999999999,0.7045384615384616,0.3226923076923077,7.3,3.74,197.06,380.11444,6.0,420.0,17.957712418300652,1994.12,148.2,110.9,42.0,113.2,25.2,248.3,,,,0.29,0.505,0.8,0.2427058823529412,0.3954166666666667,0.4588099415204679,,,,,,
220,2023,3.0,43.0,3.3728800000000003,physical_harvested_weight,False,25.0,24.0006,81,0.4777530864197531,0.691,0.3983333333333334,0.6282222222222222,0.4067037037037037,7.3,3.74,197.06,380.11444,6.0,420.0,15.950489130434782,1221.05,324.20000000000005,89.8,42.0,,,,,,,,,,,,,,,,,,
220,2024,43.0,3.0,3.12756,physical_harvested_weight,False,25.0,24.0006,73,0.540958904109589,0.8,0.5047600000000001,0.7304166666666667,0.3892083333333333,7.3,3.74,197.06,380.11444,6.0,420.0,17.551503267973857,1926.73,242.7,189.4,32.0,131.1,85.6,248.8,,,,0.467,0.622,0.8,0.2618666666666666,0.4770909090909091,0.4783354430379746,,,,,,
220,2025,43.0,43.0,3.3072000000000004,physical_harvested_weight,False,25.0,24.0006,74,0.5034459459459459,0.788,0.40344,0.6934,0.40975,7.3,3.74,197.06,380.11444,6.0,420.0,17.773464052287583,1958.2,549.16,310.95,24.0,193.38,127.18,676.18,,,,0.329,0.559,0.788,0.2339411764705882,0.4591875,0.4902741935483871,,,,,,
221,2017,20.0,,1.06,productivity_normalized,False,8.0,8.18,82,0.5463780487804879,0.732,0.5216071428571429,0.6872592592592595,0.4311851851851851,,,,,,,15.284999999999998,1229.91,106.6,7.0,38.0,,,,,,,,,,,,,,,,,,
221,2019,40.0,,1.982,productivity_normalized,True,8.0,8.18,87,0.5602988505747126,0.741,0.5063793103448276,0.7131724137931035,0.4613448275862069,,,,,,,14.965054347826085,1104.38,287.0,127.70000000000002,36.0,,,,5.0,24.0,7.0,,,,,,,0.719,0.741,0.788,0.4525172413793104,0.7208928571428571,0.508941592920354
221,2020,43.0,40.0,3.8,productivity_normalized,False,8.0,8.18,69,0.5341739130434782,0.643,0.4717826086956523,0.6088695652173913,0.5218695652173914,,,,,,,17.62261437908497,1933.59,193.2,92.20000000000002,41.0,125.3,1.2,306.9,,,,0.414,0.568,0.788,0.3231666666666666,0.5045294117647059,0.513887573964497,,,,,,
221,2021,40.0,43.0,1.7475,physical_harvested_weight,False,8.0,8.18,81,0.5430246913580247,0.754,0.4588888888888888,0.710037037037037,0.4601481481481481,,,,,,,14.716576086956524,1128.4399999999998,256.4,142.1,35.0,,,,11.0,13.0,11.0,,,,,,,0.639,0.754,0.788,0.4472666666666666,0.7187619047619047,0.506905
221,2022,43.0,40.0,4.1328000000000005,estimate_normalized,True,8.0,8.18,89,0.5010224719101124,0.746,0.4806,0.6675333333333332,0.349896551724138,,,,,,,17.957712418300652,1994.12,148.2,110.9,42.0,113.2,25.2,248.3,,,,0.327,0.671,0.788,0.2485882352941176,0.5106428571428572,0.5208456973293769,,,,,,
222,2010,40.0,40.0,2.4025,estimate_normalized,True,62.0,62.12991,96,0.3811145833333333,0.749,0.39453125,0.5271874999999999,0.221625,6.9,3.725,206.315,278.80506,4.845,420.0,,,,,,,,,0.0,,,,,,,,,0.822,,,0.4142153734590282,,
222,2011,40.0,40.0,2.2814,estimate_normalized,True,62.0,62.12991,100,0.4238500000000001,0.76,0.4753823529411765,0.5376969696969698,0.2569090909090909,6.9,3.725,206.315,278.80506,4.845,420.0,,,,,,,,,0.0,,,,,,,,,0.822,,,0.4146422955974842,,
222,2012,40.0,40.0,1.3562,estimate_normalized,True,62.0,62.12991,90,0.4136999999999999,0.669,0.2962333333333333,0.5594666666666667,0.3853999999999999,6.9,3.725,206.315,278.80506,4.845,420.0,,,,,,,,,0.0,,,,,,,,,0.822,,,0.4166278870829769,,
222,2013,40.0,40.0,1.1753,estimate_normalized,True,62.0,62.12991,67,0.3761194029850746,0.538,0.4193043478260869,0.3863636363636363,0.3207272727272727,6.9,3.725,206.315,278.80506,4.845,420.0,15.11,943.92,244.0,145.8,6.0,,,,1.0,3.0,2.0,,,,,,,0.538,0.46,0.822,0.4113333333333333,0.3900588235294118,0.4171409574468085
222,2014,40.0,40.0,2.3248,estimate_normalized,True,62.0,62.12991,78,0.4904615384615384,0.735,0.6232307692307693,0.5518076923076923,0.2963461538461538,6.9,3.725,206.315,278.80506,4.845,420.0,14.840054347826085,1072.9499999999998,293.6,162.1,43.0,,,,9.0,21.0,13.0,,,,,,,0.735,0.727,0.822,0.5637435897435897,0.5464285714285714,0.4112179363548698
222,2015,40.0,40.0,1.9893,estimate_normalized,True,62.0,62.12991,81,0.3875432098765431,0.636,0.4114444444444443,0.5104074074074073,0.2407777777777777,6.9,3.725,206.315,278.80506,4.845,420.0,16.413749999999997,307.86,62.5,62.5,4.0,,,,3.0,1.0,,,,,,,,0.591,0.822,,0.312047619047619,0.416741641337386,
222,2016,40.0,40.0,1.6724,estimate_normalized,True,62.0,62.12991,83,0.3705903614457831,0.727,0.3257857142857143,0.4827499999999999,0.3007407407407407,6.9,3.725,206.315,278.80506,4.845,420.0,11.147977528089887,403.52,183.1,0.0,2.0,,,,2.0,0.0,,,,,,,,0.488,0.822,,0.3437714285714285,0.4205505882352941,
222,2017,20.0,40.0,1.664,productivity_normalized,True,62.0,62.12991,89,0.4623370786516853,0.733,0.3151,0.6192999999999999,0.4522758620689655,6.9,3.725,206.315,278.80506,4.845,420.0,15.284999999999998,1229.91,106.6,7.0,38.0,,,,,,,,,,,,,,,,,,
222,2018,40.0,20.0,2.0337,estimate_normalized,True,62.0,62.12991,82,0.4026341463414635,0.631,0.2943928571428572,0.5560370370370371,0.3614814814814814,6.9,3.725,206.315,278.80506,4.845,420.0,14.329782608695652,1011.93,300.4,132.0,37.0,,,,16.0,14.0,7.0,,,,,,,0.395,0.631,0.822,0.2668965517241379,0.52228,0.422135838150289
222,2019,40.0,40.0,2.648,productivity_normalized,True,62.0,62.12991,89,0.4908089887640449,0.709,0.3857333333333333,0.6724666666666668,0.4115862068965517,6.9,3.725,206.315,278.80506,4.845,420.0,14.965054347826085,1104.38,287.0,127.70000000000002,36.0,,,,5.0,24.0,7.0,,,,,,,0.584,0.709,0.822,0.30490625,0.6683103448275862,0.4174941569282137
222,2020,43.0,40.0,2.1,productivity_normalized,False,62.0,62.12991,72,0.3879444444444445,0.503,0.3380416666666666,0.4420416666666666,0.38375,6.9,3.725,206.315,278.80506,4.845,420.0,17.62261437908497,1933.59,193.2,92.20000000000002,41.0,125.3,1.2,306.9,,,,0.274,0.389,0.822,0.2412,0.3349333333333333,0.4200959409594096,,,,,,
222,2021,40.0,43.0,2.9396774193548385,physical_harvested_weight,False,62.0,62.12991,85,0.4782235294117647,0.773,0.3446896551724138,0.6931428571428572,0.4016071428571428,6.9,3.725,206.315,278.80506,4.845,420.0,14.716576086956524,1128.4399999999998,256.4,142.1,35.0,,,,11.0,13.0,11.0,,,,,,,0.476,0.773,0.822,0.31734375,0.693952380952381,0.4190210280373831
222,2022,43.0,40.0,3.2700483870967743,physical_harvested_weight,False,62.0,62.12991,84,0.4399761904761904,0.771,0.3658571428571428,0.6699285714285715,0.2841428571428571,6.9,3.725,206.315,278.80506,4.845,420.0,17.957712418300652,1994.12,148.2,110.9,42.0,113.2,25.2,248.3,,,,0.243,0.449,0.822,0.2003125,0.36,0.4263791208791209,,,,,,
222,2023,3.0,43.0,4.5005,physical_harvested_weight,False,62.0,62.12991,85,0.3947647058823528,0.617,0.3125862068965517,0.5524642857142856,0.3221785714285713,6.9,3.725,206.315,278.80506,4.845,420.0,15.950489130434782,1221.05,324.20000000000005,89.8,42.0,,,,,,,,,,,,,,,,,,
222,2024,43.0,3.0,3.6562580645161287,physical_harvested_weight,False,62.0,62.12991,74,0.5092837837837838,0.822,0.4646,0.7418399999999999,0.3135833333333333,6.9,3.725,206.315,278.80506,4.845,420.0,17.551503267973857,1926.73,242.7,189.4,32.0,131.1,85.6,248.8,,,,0.47,0.672,0.822,0.2870588235294117,0.4466428571428572,0.4628658536585365,,,,,,
222,2025,40.0,43.0,2.972258064516129,physical_harvested_weight,False,62.0,62.12991,95,0.4666315789473684,0.754,0.3498124999999999,0.6879375000000001,0.3587741935483871,6.9,3.725,206.315,278.80506,4.845,420.0,15.06396739130435,1205.04,598.56,310.95,24.0,,,,7.0,11.0,6.0,,,,,,,0.409,0.754,0.73,0.282,0.6412758620689656,0.4366829268292683
223,2010,40.0,40.0,2.8213,estimate_normalized,True,70.0,70.93112,96,0.4387708333333333,0.697,0.460625,0.57734375,0.27834375,6.433333333333334,3.6633333333333336,175.33333333333334,560.82853,6.72,430.0,,,,,,,,,0.0,,,,,,,,,0.789,,,0.4166747503566333,,
223,2011,40.0,40.0,2.9623999999999997,estimate_normalized,True,70.0,70.93112,101,0.4550792079207921,0.748,0.4185882352941176,0.6336764705882353,0.3086666666666666,6.433333333333334,3.6633333333333336,175.33333333333334,560.82853,6.72,430.0,,,,,,,,,0.0,,,,,,,,,0.789,,,0.4149343122102009,,
223,2012,40.0,40.0,1.3923,estimate_normalized,True,70.0,70.93112,89,0.4186404494382023,0.71,0.2912666666666667,0.5994666666666667,0.3633448275862068,6.433333333333334,3.6633333333333336,175.33333333333334,560.82853,6.72,430.0,,,,,,,,,0.0,,,,,,,,,0.789,,,0.4170679530201342,,
223,2013,40.0,40.0,1.459,estimate_normalized,True,70.0,70.93112,71,0.4113802816901408,0.606,0.459375,0.4437083333333333,0.3275652173913043,6.433333333333334,3.6633333333333336,175.33333333333334,560.82853,6.72,430.0,15.11,943.92,244.0,145.8,6.0,,,,1.0,3.0,2.0,,,,,,,0.606,0.508,0.789,0.4411851851851852,0.4426666666666666,0.4160985178727114
223,2014,40.0,40.0,2.4033,estimate_normalized,True,70.0,70.93112,79,0.4794303797468354,0.733,0.636,0.5021538461538462,0.2941153846153846,6.433333333333334,3.6633333333333336,175.33333333333334,560.82853,6.72,430.0,14.840054347826085,1072.9499999999998,293.6,162.1,43.0,,,,9.0,21.0,13.0,,,,,,,0.733,0.709,0.789,0.5835135135135135,0.4981818181818181,0.4101364928909953
223,2015,40.0,40.0,1.401,estimate_normalized,True,70.0,70.93112,82,0.3985,0.626,0.3848214285714286,0.5240740740740741,0.2871111111111111,6.433333333333334,3.6633333333333336,175.33333333333334,560.82853,6.72,430.0,16.413749999999997,307.86,62.5,62.5,4.0,,,,3.0,1.0,,,,,,,,0.551,0.789,,0.2911818181818181,0.4161215139442231,
223,2016,40.0,40.0,2.1369,estimate_normalized,True,70.0,70.93112,83,0.4126144578313253,0.742,0.3982499999999999,0.5325357142857142,0.3031481481481481,6.433333333333334,3.6633333333333336,175.33333333333334,560.82853,6.72,430.0,11.147977528089887,403.52,183.1,0.0,2.0,,,,2.0,0.0,,,,,,,,0.509,0.789,,0.3743888888888889,0.4144924855491329,
223,2017,20.0,40.0,1.995,productivity_normalized,True,70.0,70.93112,88,0.4728636363636363,0.734,0.3262,0.6210689655172414,0.4763793103448276,6.433333333333334,3.6633333333333336,175.33333333333334,560.82853,6.72,430.0,15.284999999999998,1229.91,106.6,7.0,38.0,,,,,,,,,,,,,,,,,,
223,2018,40.0,20.0,1.5562,estimate_normalized,True,70.0,70.93112,88,0.3918522727272728,0.553,0.3268000000000001,0.5148275862068966,0.3361724137931035,6.433333333333334,3.6633333333333336,175.33333333333334,560.82853,6.72,430.0,14.329782608695652,1011.93,300.4,132.0,37.0,,,,16.0,14.0,7.0,,,,,,,0.469,0.544,0.789,0.2921935483870967,0.50675,0.4123886524822694
223,2019,40.0,40.0,2.651,productivity_normalized,True,70.0,70.93112,92,0.4802826086956521,0.745,0.3774838709677419,0.677451612903226,0.3827666666666666,6.433333333333334,3.6633333333333336,175.33333333333334,560.82853,6.72,430.0,14.965054347826085,1104.38,287.0,127.70000000000002,36.0,,,,5.0,24.0,7.0,,,,,,,0.625,0.745,0.789,0.2963055555555555,0.6816666666666666,0.4087227722772277
223,2020,43.0,40.0,2.1,productivity_normalized,False,70.0,70.93112,68,0.399014705882353,0.496,0.3553478260869565,0.4556521739130434,0.3854545454545454,6.433333333333334,3.6633333333333336,175.33333333333334,560.82853,6.72,430.0,17.62261437908497,1933.59,193.2,92.20000000000002,41.0,125.3,1.2,306.9,,,,0.234,0.42,0.789,0.2176,0.3452307692307692,0.4121905626134301,,,,,,
223,2021,40.0,43.0,2.8625714285714285,physical_harvested_weight,False,70.0,70.93112,84,0.4638452380952381,0.789,0.3292142857142857,0.69375,0.3685714285714286,6.433333333333334,3.6633333333333336,175.33333333333334,560.82853,6.72,430.0,14.716576086956524,1128.4399999999998,256.4,142.1,35.0,,,,11.0,13.0,11.0,,,,,,,0.508,0.789,0.775,0.3051818181818181,0.7123999999999999,0.4079817767653759
223,2022,43.0,40.0,3.2311428571428573,physical_harvested_weight,False,70.0,70.93112,85,0.4111411764705883,0.734,0.3414137931034482,0.6195714285714287,0.2749285714285714,6.433333333333334,3.6633333333333336,175.33333333333334,560.82853,6.72,430.0,17.957712418300652,1994.12,148.2,110.9,42.0,113.2,25.2,248.3,,,,0.229,0.438,0.775,0.1970625,0.3155384615384615,0.4187560321715817,,,,,,
223,2023,3.0,43.0,2.3584285714285715,physical_harvested_weight,False,70.0,70.93112,87,0.3853793103448275,0.607,0.2756896551724138,0.5462413793103448,0.3342068965517241,6.433333333333334,3.6633333333333336,175.33333333333334,560.82853,6.72,430.0,15.950489130434782,1221.05,324.20000000000005,89.8,42.0,,,,,,,,,,,,,,,,,,
223,2024,43.0,3.0,3.350857142857143,physical_harvested_weight,False,70.0,70.93112,77,0.4847012987012987,0.775,0.420576923076923,0.7090384615384616,0.31808,6.433333333333334,3.6633333333333336,175.33333333333334,560.82853,6.72,430.0,17.551503267973857,1926.73,242.7,189.4,32.0,131.1,85.6,248.8,,,,0.393,0.656,0.775,0.2377647058823529,0.4302666666666666,0.4675029585798816,,,,,,
223,2025,40.0,43.0,3.305142857142857,physical_harvested_weight,False,70.0,70.93112,99,0.4782626262626263,0.754,0.3695454545454545,0.7072424242424243,0.358,6.433333333333334,3.6633333333333336,175.33333333333334,560.82853,6.72,430.0,15.06396739130435,1205.04,598.56,310.95,24.0,,,,7.0,11.0,6.0,,,,,,,0.412,0.754,0.719,0.28459375,0.6587419354838709,0.4394545454545454
224,2010,40.0,40.0,2.7485,estimate_normalized,True,104.0,106.08424,102,0.4143039215686274,0.769,0.4233823529411764,0.5792352941176471,0.2402941176470588,6.5,3.808,191.728,598.903534,18.618,516.0,,,,,,,,,0.0,,,,,,,,,0.803,,,0.4610124724871607,,
224,2011,40.0,40.0,2.2157,estimate_normalized,True,104.0,106.08424,102,0.4375392156862744,0.732,0.3368529411764706,0.6563823529411765,0.3193823529411764,6.5,3.808,191.728,598.903534,18.618,516.0,,,,,,,,,0.0,,,,,,,,,0.803,,,0.4640891719745222,,
224,2012,40.0,40.0,2.8529,estimate_normalized,True,104.0,106.08424,96,0.4844895833333333,0.694,0.37725,0.6555,0.42071875,6.5,3.808,191.728,598.903534,18.618,516.0,,,,,,,,,0.0,,,,,,,,,0.803,,,0.4652134146341464,,
224,2013,40.0,40.0,2.4626,estimate_normalized,True,104.0,106.08424,70,0.4646571428571428,0.738,0.4300416666666667,0.6296521739130434,0.3357826086956522,6.5,3.808,191.728,598.903534,18.618,516.0,15.11,943.92,244.0,145.8,6.0,,,,1.0,3.0,2.0,,,,,,,0.711,0.738,0.803,0.4300416666666666,0.6600555555555556,0.4628056057866184
224,2014,40.0,40.0,2.6593,estimate_normalized,True,104.0,106.08424,81,0.5307037037037037,0.747,0.3903703703703703,0.7101851851851853,0.4915555555555556,6.5,3.808,191.728,598.903534,18.618,516.0,14.840054347826085,1072.9499999999998,293.6,162.1,43.0,,,,9.0,21.0,13.0,,,,,,,0.59,0.747,0.803,0.3668,0.7191153846153846,0.4621474926253687
224,2015,40.0,40.0,1.9421,estimate_normalized,True,104.0,106.08424,79,0.4549367088607595,0.662,0.4288518518518519,0.5791538461538462,0.3578076923076923,6.5,3.808,191.728,598.903534,18.618,516.0,16.413749999999997,307.86,62.5,62.5,4.0,,,,3.0,1.0,,,,,,,,0.648,0.803,,0.3589545454545454,0.464168388429752,
224,2016,40.0,40.0,2.7308,estimate_normalized,True,104.0,106.08424,77,0.4725194805194806,0.774,0.4320384615384615,0.5671923076923078,0.41616,6.5,3.808,191.728,598.903534,18.618,516.0,11.147977528089887,403.52,183.1,0.0,2.0,,,,2.0,0.0,,,,,,,,0.551,0.803,,0.4589411764705882,0.4612030878859858,
224,2017,20.0,40.0,0.6639999999999999,productivity_normalized,True,104.0,106.08424,83,0.4836987951807229,0.666,0.4281071428571428,0.6285,0.3911851851851851,6.5,3.808,191.728,598.903534,18.618,516.0,15.284999999999998,1229.91,106.6,7.0,38.0,,,,,,,,,,,,,,,,,,
224,2018,40.0,20.0,2.1925,estimate_normalized,True,104.0,106.08424,89,0.4893932584269663,0.676,0.4263666666666665,0.6428333333333331,0.3958620689655172,6.5,3.808,191.728,598.903534,18.618,516.0,14.329782608695652,1011.93,300.4,132.0,37.0,,,,16.0,14.0,7.0,,,,,,,0.509,0.676,0.803,0.36596,0.626,0.4574811594202898
224,2019,40.0,40.0,3.961,productivity_normalized,True,104.0,106.08424,92,0.5257065217391304,0.736,0.4213548387096773,0.7105483870967744,0.4425333333333333,6.5,3.808,191.728,598.903534,18.618,516.0,14.965054347826085,1104.38,287.0,127.70000000000002,36.0,,,,5.0,24.0,7.0,,,,,,,0.629,0.736,0.803,0.3472121212121212,0.706,0.4513898305084746
224,2020,43.0,40.0,0.857,productivity_normalized,True,104.0,106.08424,73,0.428,0.55,0.3787999999999999,0.4705416666666666,0.4367083333333333,6.5,3.808,191.728,598.903534,18.618,516.0,17.62261437908497,1933.59,193.2,92.20000000000002,41.0,125.3,1.2,306.9,,,,0.279,0.47,0.803,0.2423333333333333,0.4009411764705882,0.4550094161958569,,,,,,
224,2021,40.0,43.0,2.0925,physical_harvested_weight,False,104.0,106.08424,86,0.4900116279069767,0.75,0.3734482758620689,0.682103448275862,0.4117857142857142,6.5,3.808,191.728,598.903534,18.618,516.0,14.716576086956524,1128.4399999999998,256.4,142.1,35.0,,,,11.0,13.0,11.0,,,,,,,0.531,0.75,0.803,0.348258064516129,0.6774782608695652,0.4551127098321343
224,2022,43.0,40.0,3.079423076923077,physical_harvested_weight,False,104.0,106.08424,88,0.4450568181818182,0.72,0.4054,0.6268965517241379,0.3042413793103448,6.5,3.808,191.728,598.903534,18.618,516.0,17.957712418300652,1994.12,148.2,110.9,42.0,113.2,25.2,248.3,,,,0.293,0.585,0.803,0.2132222222222222,0.4210714285714285,0.4679171428571429,,,,,,
224,2023,3.0,43.0,2.481451923076923,physical_harvested_weight,False,104.0,106.08424,81,0.4711975308641976,0.606,0.3575555555555555,0.5578888888888889,0.498148148148148,6.5,3.808,191.728,598.903534,18.618,516.0,15.950489130434782,1221.05,324.20000000000005,89.8,42.0,,,,,,,,,,,,,,,,,,
224,2024,44.0,3.0,5.0582692307692305,physical_harvested_weight,False,104.0,106.08424,81,0.512641975308642,0.803,0.7020740740740742,0.5019259259259259,0.3339259259259259,6.5,3.808,191.728,598.903534,18.618,516.0,15.703804347826088,1234.36,266.7,189.4,32.0,,,,,,,,,,,,,,,,,,
224,2025,40.0,44.0,3.0742307692307693,physical_harvested_weight,False,104.0,106.08424,86,0.5246976744186046,0.735,0.4348620689655172,0.700448275862069,0.4357142857142858,6.5,3.808,191.728,598.903534,18.618,516.0,15.06396739130435,1205.04,598.56,310.95,24.0,,,,7.0,11.0,6.0,,,,,,,0.559,0.735,0.683,0.3348787878787879,0.703,0.4828571428571428
225,2017,20.0,,0.6639999999999999,productivity_normalized,True,4.0,4.03,85,0.5381294117647057,0.759,0.6283103448275861,0.5999285714285714,0.3829285714285714,,,,,,,15.284999999999998,1229.91,106.6,7.0,38.0,,,,,,,,,,,,,,,,,,
225,2019,40.0,,3.961,productivity_normalized,True,4.0,4.03,84,0.5587857142857142,0.75,0.5230714285714286,0.6898214285714284,0.4634642857142857,,,,,,,14.965054347826085,1104.38,287.0,127.70000000000002,36.0,,,,5.0,24.0,7.0,,,,,,,0.702,0.75,0.786,0.4217931034482758,0.6990344827586207,0.522475
225,2020,43.0,40.0,2.335,productivity_normalized,True,4.0,4.03,67,0.5593283582089552,0.647,0.5666956521739132,0.5779090909090909,0.5330454545454546,,,,,,,17.62261437908497,1933.59,193.2,92.20000000000002,41.0,125.3,1.2,306.9,,,,0.475,0.647,0.786,0.3778,0.5922666666666667,0.5252588932806325,,,,,,
225,2021,40.0,43.0,1.85,physical_harvested_weight,False,4.0,4.03,85,0.5732705882352941,0.715,0.5563448275862067,0.6838214285714284,0.48025,,,,,,,14.716576086956524,1128.4399999999998,256.4,142.1,35.0,,,,11.0,13.0,11.0,,,,,,,0.715,0.71,0.786,0.515483870967742,0.689695652173913,0.5154848484848485
225,2022,43.0,40.0,4.58,estimate_normalized,True,4.0,4.03,84,0.5149999999999999,0.72,0.539,0.6534642857142856,0.3525357142857143,,,,,,,17.957712418300652,1994.12,148.2,110.9,42.0,113.2,25.2,248.3,,,,0.41,0.689,0.786,0.2952777777777777,0.5993846153846154,0.5244652567975832,,,,,,
226,2010,40.0,40.0,2.0662,estimate_normalized,True,40.0,41.00801,97,0.4157113402061855,0.667,0.405060606060606,0.5675312499999999,0.274875,7.2,3.79,218.81,806.48818,8.56,420.0,,,,,,,,,0.0,,,,,,,,,0.789,,,0.4647371601208459,,
226,2011,40.0,40.0,2.5954,estimate_normalized,True,40.0,41.00801,95,0.4377684210526317,0.737,0.42953125,0.59496875,0.284,7.2,3.79,218.81,806.48818,8.56,420.0,,,,,,,,,0.0,,,,,,,,,0.789,,,0.4678114285714285,,
226,2012,40.0,40.0,1.3478,estimate_normalized,True,40.0,41.00801,91,0.4891538461538462,0.654,0.4108709677419354,0.6126666666666666,0.4465333333333332,7.2,3.79,218.81,806.48818,8.56,420.0,,,,,,,,,0.0,,,,,,,,,0.789,,,0.469314897413024,,
226,2013,40.0,40.0,1.8177,estimate_normalized,True,40.0,41.00801,61,0.4873442622950819,0.653,0.5262857142857144,0.5311000000000001,0.4027,7.2,3.79,218.81,806.48818,8.56,420.0,15.11,943.92,244.0,145.8,6.0,,,,1.0,3.0,2.0,,,,,,,0.633,0.653,0.789,0.51,0.570764705882353,0.4670524861878453
226,2014,40.0,40.0,2.2283,estimate_normalized,True,40.0,41.00801,76,0.5215526315789475,0.724,0.5904230769230769,0.5796399999999999,0.3918399999999999,7.2,3.79,218.81,806.48818,8.56,420.0,14.840054347826085,1072.9499999999998,293.6,162.1,43.0,,,,9.0,21.0,13.0,,,,,,,0.72,0.724,0.789,0.5323142857142857,0.5780869565217391,0.4635199600798403
226,2015,40.0,40.0,1.8338,estimate_normalized,True,40.0,41.00801,77,0.4846103896103897,0.723,0.4755384615384614,0.6168076923076923,0.35656,7.2,3.79,218.81,806.48818,8.56,420.0,16.413749999999997,307.86,62.5,62.5,4.0,,,,3.0,1.0,,,,,,,,0.718,0.789,,0.382695652173913,0.4675798319327731,
226,2016,40.0,40.0,2.7698,estimate_normalized,True,40.0,41.00801,77,0.5025844155844156,0.71,0.5030769230769231,0.5601153846153847,0.44224,7.2,3.79,218.81,806.48818,8.56,420.0,11.147977528089887,403.52,183.1,0.0,2.0,,,,2.0,0.0,,,,,,,,0.593,0.789,,0.4888857142857143,0.4611854545454545,
226,2017,40.0,40.0,2.629,estimate_normalized,True,40.0,41.00801,84,0.5035952380952381,0.693,0.4954285714285714,0.6322500000000001,0.3831071428571428,7.2,3.79,218.81,806.48818,8.56,420.0,15.284999999999998,1229.91,106.6,7.0,38.0,,,,6.0,19.0,13.0,,,,,,,0.622,0.693,0.789,0.4042962962962963,0.66232,0.4572329842931937
226,2018,40.0,40.0,2.0143,estimate_normalized,True,40.0,41.00801,81,0.5148395061728395,0.711,0.4648148148148148,0.6750740740740743,0.4046296296296296,7.2,3.79,218.81,806.48818,8.56,420.0,14.329782608695652,1011.93,300.4,132.0,37.0,,,,16.0,14.0,7.0,,,,,,,0.525,0.711,0.789,0.4190869565217391,0.6678518518518518,0.4517488921713442
226,2019,40.0,40.0,2.9829999999999997,productivity_normalized,True,40.0,41.00801,85,0.5182588235294119,0.728,0.4348620689655172,0.6901428571428573,0.43275,7.2,3.79,218.81,806.48818,8.56,420.0,14.965054347826085,1104.38,287.0,127.70000000000002,36.0,,,,5.0,24.0,7.0,,,,,,,0.603,0.728,0.789,0.3663333333333333,0.6836428571428571,0.4454633730834753
226,2020,43.0,40.0,5.02,productivity_normalized,False,40.0,41.00801,69,0.429086956521739,0.565,0.3860869565217391,0.4799565217391305,0.4212173913043479,7.2,3.79,218.81,806.48818,8.56,420.0,17.62261437908497,1933.59,193.2,92.20000000000002,41.0,125.3,1.2,306.9,,,,0.353,0.424,0.789,0.2714,0.4038124999999999,0.4482875939849624,,,,,,
226,2021,40.0,43.0,2.4555,physical_harvested_weight,False,40.0,41.00801,86,0.5006511627906978,0.763,0.3834137931034483,0.7003103448275863,0.4152857142857143,7.2,3.79,218.81,806.48818,8.56,420.0,14.716576086956524,1128.4399999999998,256.4,142.1,35.0,,,,11.0,13.0,11.0,,,,,,,0.495,0.763,0.789,0.35221875,0.69684,0.4442243436754176
226,2022,43.0,40.0,1.6934999999999998,physical_harvested_weight,False,40.0,41.00801,87,0.4511379310344827,0.744,0.4137586206896552,0.6408620689655172,0.2987931034482759,7.2,3.79,218.81,806.48818,8.56,420.0,17.957712418300652,1994.12,148.2,110.9,42.0,113.2,25.2,248.3,,,,0.299,0.565,0.789,0.2255294117647059,0.4324615384615384,0.4540168539325842,,,,,,
226,2023,3.0,43.0,1.1793749999999998,physical_harvested_weight,False,40.0,41.00801,80,0.444225,0.584,0.3307407407407407,0.5421851851851852,0.4603461538461539,7.2,3.79,218.81,806.48818,8.56,420.0,15.950489130434782,1221.05,324.20000000000005,89.8,42.0,,,,,,,,,,,,,,,,,,
226,2024,44.0,3.0,4.9315,physical_harvested_weight,False,40.0,41.00801,81,0.482962962962963,0.789,0.6810370370370371,0.4893333333333334,0.2785185185185185,7.2,3.79,218.81,806.48818,8.56,420.0,15.703804347826088,1234.36,266.7,189.4,32.0,,,,,,,,,,,,,,,,,,
226,2025,40.0,44.0,3.0420000000000003,physical_harvested_weight,False,40.0,41.00801,93,0.5076774193548388,0.741,0.4333225806451612,0.7016451612903227,0.3880645161290323,7.2,3.79,218.81,806.48818,8.56,420.0,15.06396739130435,1205.04,598.56,310.95,24.0,,,,7.0,11.0,6.0,,,,,,,0.59,0.741,0.696,0.3498108108108108,0.7040769230769232,0.45235
227,2010,40.0,40.0,2.7361,estimate_normalized,True,346.0,348.50924,107,0.3785981308411215,0.756,0.3481944444444445,0.5740000000000001,0.2088857142857142,6.953846153846154,3.8015384615384615,195.0484615384616,763.0697146153847,10.056153846153848,475.38461538461536,,,,,,,,,,,,,,,,,,,,,,,
227,2011,40.0,40.0,1.7692,estimate_normalized,True,346.0,348.50924,111,0.3643603603603603,0.696,0.3406756756756756,0.5393783783783783,0.213027027027027,6.953846153846154,3.8015384615384615,195.0484615384616,763.0697146153847,10.056153846153848,475.38461538461536,,,,,,,,,0.0,,,,,,,,,0.784,,,0.3994005661712668,,
227,2012,40.0,40.0,1.6476,estimate_normalized,True,346.0,348.50924,96,0.3611666666666666,0.645,0.2834375,0.5374687499999999,0.26259375,6.953846153846154,3.8015384615384615,195.0484615384616,763.0697146153847,10.056153846153848,475.38461538461536,,,,,,,,,0.0,,,,,,,,,0.784,,,0.4049661798616449,,
227,2013,40.0,40.0,2.0164999999999997,estimate_normalized,True,346.0,348.50924,75,0.4579466666666666,0.719,0.3805599999999999,0.6563599999999999,0.33692,6.953846153846154,3.8015384615384615,195.0484615384616,763.0697146153847,10.056153846153848,475.38461538461536,,,,,,,,,0.0,,,,,,,,,0.784,,,0.4031050903119869,,
227,2014,40.0,40.0,2.401,estimate_normalized,True,346.0,348.50924,89,0.4191685393258427,0.69,0.3144,0.6352333333333334,0.3040344827586207,6.953846153846154,3.8015384615384615,195.0484615384616,763.0697146153847,10.056153846153848,475.38461538461536,14.840054347826085,1072.9499999999998,293.6,162.1,43.0,,,,9.0,21.0,13.0,,,,,,,0.659,0.69,0.784,0.3013181818181818,0.6389615384615385,0.4016646341463414
227,2015,40.0,40.0,1.6342,estimate_normalized,True,346.0,348.50924,89,0.4038314606741573,0.716,0.2844666666666666,0.612,0.3119655172413794,6.953846153846154,3.8015384615384615,195.0484615384616,763.0697146153847,10.056153846153848,475.38461538461536,16.413749999999997,307.86,62.5,62.5,4.0,,,,3.0,1.0,,,,,,,,0.362,0.784,,0.22532,0.4084148351648351,
227,2016,40.0,40.0,1.8933,estimate_normalized,True,346.0,348.50924,89,0.3858089887640449,0.689,0.3513,0.5020666666666667,0.3012413793103449,6.953846153846154,3.8015384615384615,195.0484615384616,763.0697146153847,10.056153846153848,475.38461538461536,11.427977528089889,393.63,67.2,0.0,2.0,,,,2.0,0.0,,,,,,,,0.421,0.784,,0.37075,0.4062989361702127,
227,2017,40.0,40.0,1.7968,estimate_normalized,True,346.0,348.50924,92,0.3743152173913044,0.714,0.4240322580645161,0.4777096774193548,0.2161,6.953846153846154,3.8015384615384615,195.0484615384616,763.0697146153847,10.056153846153848,475.38461538461536,15.53391304347826,1235.68,144.0,18.0,46.0,,,,10.0,20.0,16.0,,,,,,,0.645,0.714,0.784,0.3006060606060606,0.6473478260869565,0.4059268571428571
227,2018,40.0,40.0,2.613,productivity_normalized,True,346.0,348.50924,93,0.453268817204301,0.743,0.299516129032258,0.6870967741935485,0.3731935483870968,6.953846153846154,3.8015384615384615,195.0484615384616,763.0697146153847,10.056153846153848,475.38461538461536,14.68320652173913,1050.15,306.3,121.5,40.0,,,,12.0,24.0,4.0,,,,,,,0.431,0.743,0.784,0.273516129032258,0.6816,0.4098880208333333
227,2019,20.0,40.0,1.161,productivity_normalized,True,346.0,348.50924,96,0.4481145833333333,0.667,0.3349999999999999,0.64003125,0.3693125,6.953846153846154,3.8015384615384615,195.0484615384616,763.0697146153847,10.056153846153848,475.38461538461536,15.118695652173912,1109.8200000000002,379.1,242.9,31.0,,,,,,,,,,,,,,,,,,
227,2020,44.0,20.0,5.65,productivity_normalized,False,346.0,348.50924,90,0.3929,0.498,0.4015666666666667,0.4232666666666665,0.3538666666666666,6.953846153846154,3.8015384615384615,195.0484615384616,763.0697146153847,10.056153846153848,475.38461538461536,15.763967391304346,1247.31,273.3,103.7,41.0,,,,,,,,,,,,,,,,,,
227,2021,44.0,44.0,2.8346242774566472,physical_harvested_weight,False,346.0,348.50924,95,0.4530105263157895,0.719,0.5515,0.5192187500000001,0.283,6.953846153846154,3.8015384615384615,195.0484615384616,763.0697146153847,10.056153846153848,475.38461538461536,15.228478260869563,1186.8200000000002,232.9,111.6,38.0,,,,,,,,,,,,,,,,,,
227,2022,44.0,44.0,2.217514450867052,physical_harvested_weight,False,346.0,348.50924,110,0.3835363636363635,0.695,0.4689459459459459,0.4646756756756756,0.2123611111111111,6.953846153846154,3.8015384615384615,195.0484615384616,763.0697146153847,10.056153846153848,475.38461538461536,16.310543478260872,1320.27,173.8,103.0,40.0,,,,,,,,,,,,,,,,,,
227,2023,40.0,44.0,2.6015895953757227,physical_harvested_weight,False,346.0,348.50924,93,0.4355268817204301,0.746,0.2454516129032258,0.6015483870967743,0.4595806451612904,6.953846153846154,3.8015384615384615,195.0484615384616,763.0697146153847,10.056153846153848,475.38461538461536,16.64608695652174,1328.4899999999998,341.80000000000007,79.4,39.0,,,,9.0,15.0,15.0,,,,,,,0.332,0.746,0.784,0.2366315789473684,0.5930833333333333,0.4370487804878049
227,2024,3.0,40.0,3.007739884393064,physical_harvested_weight,False,346.0,348.50924,89,0.4567415730337078,0.754,0.541,0.5597,0.2630689655172413,6.953846153846154,3.8015384615384615,195.0484615384616,763.0697146153847,10.056153846153848,475.38461538461536,16.378749999999997,1339.2,314.6,211.9,39.0,,,,,,,,,,,,,,,,,,
227,2025,24.0,3.0,1.5521965317919073,physical_harvested_weight,False,346.0,348.50924,98,0.4545306122448979,0.784,0.4542424242424242,0.6731515151515151,0.229375,6.953846153846154,3.8015384615384615,195.0484615384616,763.0697146153847,10.056153846153848,475.38461538461536,15.885597826086956,1322.15,792.1400000000001,367.55,33.0,,,,,,,,,,,,,,,,,,
228,2010,40.0,40.0,2.3478000000000003,estimate_normalized,True,59.0,55.06353,96,0.3818333333333333,0.633,0.5157812500000001,0.4105625,0.21915625,6.699999999999999,3.515,179.82,438.82045,7.755,420.0,,,,,,,,,0.0,,,,,,,,,0.769,,,0.427315749235474,,
228,2011,40.0,40.0,1.8424,estimate_normalized,True,59.0,55.06353,97,0.4491649484536082,0.73,0.3693636363636363,0.65290625,0.32771875,6.699999999999999,3.515,179.82,438.82045,7.755,420.0,,,,,,,,,0.0,,,,,,,,,0.769,,,0.426759336099585,,
228,2012,40.0,40.0,1.1162,estimate_normalized,True,59.0,55.06353,86,0.3801627906976744,0.595,0.3125172413793103,0.4463448275862068,0.3816785714285713,6.699999999999999,3.515,179.82,438.82045,7.755,420.0,,,,,,,,,0.0,,,,,,,,,0.769,,,0.4326401446654611,,
228,2013,40.0,40.0,2.4112,estimate_normalized,True,59.0,55.06353,63,0.4786507936507936,0.707,0.6475714285714286,0.4670000000000001,0.3213809523809524,6.699999999999999,3.515,179.82,438.82045,7.755,420.0,15.11,943.92,244.0,145.8,6.0,,,,1.0,3.0,2.0,,,,,,,0.707,0.615,0.769,0.6411363636363636,0.5042857142857142,0.4274158878504672
228,2014,40.0,40.0,3.021,estimate_normalized,True,59.0,55.06353,77,0.4785064935064935,0.702,0.3500384615384615,0.6655,0.4176399999999999,6.699999999999999,3.515,179.82,438.82045,7.755,420.0,14.840054347826085,1072.9499999999998,293.6,162.1,43.0,,,,9.0,21.0,13.0,,,,,,,0.509,0.702,0.769,0.30421875,0.6577200000000001,0.4286863543788187
228,2015,40.0,40.0,1.6277,estimate_normalized,True,59.0,55.06353,79,0.386886075949367,0.636,0.4308148148148148,0.4059230769230769,0.3222307692307692,6.699999999999999,3.515,179.82,438.82045,7.755,420.0,16.413749999999997,307.86,62.5,62.5,4.0,,,,3.0,1.0,,,,,,,,0.596,0.769,,0.3456190476190476,0.4303733905579399,
228,2016,40.0,40.0,1.5539999999999998,estimate_normalized,True,59.0,55.06353,73,0.4197260273972603,0.728,0.37404,0.5040416666666666,0.383,6.699999999999999,3.515,179.82,438.82045,7.755,420.0,11.147977528089887,403.52,183.1,0.0,2.0,,,,2.0,0.0,,,,,,,,0.545,0.769,,0.4204545454545454,0.4336240694789081,
228,2017,40.0,40.0,3.34,productivity_normalized,True,59.0,55.06353,84,0.5133809523809525,0.762,0.4248928571428571,0.7162857142857143,0.3989642857142858,6.699999999999999,3.515,179.82,438.82045,7.755,420.0,15.284999999999998,1229.91,106.6,7.0,38.0,,,,6.0,19.0,13.0,,,,,,,0.565,0.762,0.769,0.3072692307692307,0.7036521739130436,0.4306898395721925
228,2018,16.0,40.0,3.312,productivity_normalized,True,59.0,55.06353,84,0.4460476190476191,0.666,0.3563571428571429,0.5926785714285714,0.3891071428571428,6.699999999999999,3.515,179.82,438.82045,7.755,420.0,14.329782608695652,1011.93,300.4,132.0,37.0,,,,,,,,,,,,,,,,,,
228,2019,36.0,16.0,1.468,productivity_normalized,True,59.0,55.06353,80,0.4539125,0.767,0.3017037037037037,0.6886296296296296,0.3682307692307692,6.699999999999999,3.515,179.82,438.82045,7.755,420.0,14.965054347826085,1104.38,287.0,127.70000000000002,36.0,,,,,,,,,,,,,,,,,,
228,2020,44.0,36.0,1.3,productivity_normalized,True,59.0,55.06353,71,0.4600281690140845,0.578,0.4474166666666666,0.5153333333333333,0.4154782608695652,6.699999999999999,3.515,179.82,438.82045,7.755,420.0,15.329728260869564,1212.46,248.2,92.20000000000002,41.0,,,,,,,,,,,,,,,,,,
228,2021,44.0,44.0,2.4169491525423727,physical_harvested_weight,False,59.0,55.06353,83,0.4572771084337349,0.72,0.5345,0.5429642857142858,0.2883333333333333,6.699999999999999,3.515,179.82,438.82045,7.755,420.0,14.716576086956524,1128.4399999999998,256.4,142.1,35.0,,,,,,,,,,,,,,,,,,
228,2022,43.0,44.0,4.564745762711865,physical_harvested_weight,False,59.0,55.06353,85,0.4169176470588235,0.712,0.3945517241379309,0.5823928571428573,0.2746071428571429,6.699999999999999,3.515,179.82,438.82045,7.755,420.0,17.957712418300652,1994.12,148.2,110.9,42.0,113.2,25.2,248.3,,,,0.248,0.569,0.769,0.2137222222222222,0.4191538461538461,0.4260589970501475,,,,,,
228,2023,44.0,43.0,1.5016949152542372,physical_harvested_weight,False,59.0,55.06353,79,0.3882278481012658,0.551,0.359,0.4676153846153846,0.3391923076923077,6.699999999999999,3.515,179.82,438.82045,7.755,420.0,15.950489130434782,1221.05,324.20000000000005,89.8,42.0,,,,,,,,,,,,,,,,,,
228,2024,40.0,44.0,3.052881355932203,physical_harvested_weight,False,59.0,55.06353,75,0.5260533333333335,0.769,0.43672,0.72148,0.4199599999999999,6.699999999999999,3.515,179.82,438.82045,7.755,420.0,15.703804347826088,1234.36,266.7,189.4,32.0,,,,2.0,18.0,12.0,,,,,,,0.61,0.769,0.748,0.35665625,0.7169444444444444,0.4476015625
228,2025,43.0,40.0,3.004576271186441,physical_harvested_weight,False,59.0,55.06353,75,0.4782666666666666,0.748,0.37524,0.70852,0.35104,6.699999999999999,3.515,179.82,438.82045,7.755,420.0,17.773464052287583,1958.2,549.16,310.95,24.0,193.38,127.18,676.18,,,,0.288,0.533,0.748,0.2297647058823529,0.4058,0.4900645161290323,,,,,,
229,2010,40.0,40.0,1.4924,estimate_normalized,True,12.0,9.82891,97,0.353340206185567,0.562,0.412969696969697,0.41996875,0.22521875,6.4,2.36,225.3,220.85171,12.11,480.0,,,,,,,,,0.0,,,,,,,,,0.708,,,0.3970265755504935,,
229,2011,40.0,40.0,1.6809,estimate_normalized,True,12.0,9.82891,95,0.3808421052631578,0.609,0.3199375,0.5238750000000001,0.2960645161290323,6.4,2.36,225.3,220.85171,12.11,480.0,,,,,,,,,0.0,,,,,,,,,0.708,,,0.3999679276315789,,
229,2012,40.0,40.0,0.9024,estimate_normalized,True,12.0,9.82891,89,0.3556966292134831,0.492,0.3207666666666666,0.4118999999999999,0.3336896551724138,6.4,2.36,225.3,220.85171,12.11,480.0,,,,,,,,,0.0,,,,,,,,,0.708,,,0.4066370170709793,,
229,2013,40.0,40.0,1.8671,estimate_normalized,True,12.0,9.82891,65,0.4410923076923077,0.647,0.5652727272727273,0.4358636363636364,0.3164761904761905,6.4,2.36,225.3,220.85171,12.11,480.0,15.11,943.92,244.0,145.8,6.0,,,,1.0,3.0,2.0,,,,,,,0.647,0.607,0.708,0.5530909090909091,0.4901875,0.4023962790697674
229,2014,40.0,40.0,1.8888000000000005,estimate_normalized,True,12.0,9.82891,77,0.4274025974025973,0.595,0.334576923076923,0.5656538461538462,0.38016,6.4,2.36,225.3,220.85171,12.11,480.0,14.840054347826085,1072.9499999999998,293.6,162.1,43.0,,,,9.0,21.0,13.0,,,,,,,0.473,0.595,0.708,0.2759117647058823,0.56025,0.4062042682926829
229,2015,40.0,40.0,1.6917000000000002,estimate_normalized,True,12.0,9.82891,78,0.3814615384615384,0.578,0.3519230769230769,0.4442692307692307,0.3481923076923077,6.4,2.36,225.3,220.85171,12.11,480.0,16.413749999999997,307.86,62.5,62.5,4.0,,,,3.0,1.0,,,,,,,,0.545,0.708,,0.2584761904761904,0.4099197002141327,
229,2016,40.0,40.0,1.5335,estimate_normalized,True,12.0,9.82891,72,0.4195972222222222,0.597,0.3515,0.5050833333333333,0.4022083333333333,6.4,2.36,225.3,220.85171,12.11,480.0,11.147977528089887,403.52,183.1,0.0,2.0,,,,2.0,0.0,,,,,,,,0.497,0.708,,0.4515151515151515,0.4086044499381953,
229,2017,40.0,40.0,3.34,productivity_normalized,True,12.0,9.82891,87,0.4621149425287357,0.671,0.4477241379310345,0.5943793103448276,0.3442413793103447,6.4,2.36,225.3,220.85171,12.11,480.0,15.284999999999998,1229.91,106.6,7.0,38.0,,,,6.0,19.0,13.0,,,,,,,0.569,0.671,0.708,0.3406206896551724,0.6253333333333333,0.4049679144385026
229,2018,16.0,40.0,3.312,productivity_normalized,True,12.0,9.82891,79,0.4381772151898734,0.612,0.4174814814814815,0.5599615384615385,0.3378846153846154,6.4,2.36,225.3,220.85171,12.11,480.0,14.329782608695652,1011.93,300.4,132.0,37.0,,,,,,,,,,,,,,,,,,
229,2019,36.0,16.0,1.468,productivity_normalized,True,12.0,9.82891,84,0.442202380952381,0.677,0.3469285714285713,0.6193928571428572,0.3602857142857142,6.4,2.36,225.3,220.85171,12.11,480.0,14.965054347826085,1104.38,287.0,127.70000000000002,36.0,,,,,,,,,,,,,,,,,,
229,2020,44.0,36.0,3.285,productivity_normalized,True,12.0,9.82891,71,0.4381267605633803,0.573,0.4292083333333333,0.5215,0.3604347826086956,6.4,2.36,225.3,220.85171,12.11,480.0,15.329728260869564,1212.46,248.2,92.20000000000002,41.0,,,,,,,,,,,,,,,,,,
229,2021,44.0,44.0,2.9450000000000003,physical_harvested_weight,False,12.0,9.82891,83,0.4281204819277108,0.639,0.4484285714285713,0.5323928571428572,0.2989259259259259,6.4,2.36,225.3,220.85171,12.11,480.0,14.716576086956524,1128.4399999999998,256.4,142.1,35.0,,,,,,,,,,,,,,,,,,
229,2022,43.0,44.0,2.841666666666667,physical_harvested_weight,False,12.0,9.82891,82,0.4103292682926829,0.648,0.3625357142857143,0.5515925925925925,0.3186296296296296,6.4,2.36,225.3,220.85171,12.11,480.0,17.957712418300652,1994.12,148.2,110.9,42.0,113.2,25.2,248.3,,,,0.245,0.506,0.708,0.1316666666666666,0.4136923076923077,0.4077999999999999,,,,,,
229,2023,44.0,43.0,3.443333333333334,physical_harvested_weight,False,12.0,9.82891,78,0.3872820512820513,0.568,0.3234230769230769,0.5273076923076924,0.3111153846153845,6.4,2.36,225.3,220.85171,12.11,480.0,15.950489130434782,1221.05,324.20000000000005,89.8,42.0,,,,,,,,,,,,,,,,,,
229,2024,40.0,44.0,3.2544166666666663,physical_harvested_weight,False,12.0,9.82891,79,0.4891518987341772,0.676,0.4301851851851851,0.6381153846153846,0.4014230769230769,6.4,2.36,225.3,220.85171,12.11,480.0,15.703804347826088,1234.36,266.7,189.4,32.0,,,,2.0,18.0,12.0,,,,,,,0.575,0.676,0.708,0.3189677419354839,0.6272631578947369,0.4261515151515151
229,2025,43.0,40.0,3.5050000000000003,physical_harvested_weight,False,12.0,9.82891,75,0.4711733333333333,0.708,0.38212,0.66732,0.36408,6.4,2.36,225.3,220.85171,12.11,480.0,17.773464052287583,1958.2,549.16,310.95,24.0,193.38,127.18,676.18,,,,0.306,0.575,0.708,0.1561176470588235,0.4354666666666666,0.4667903225806451,,,,,,
230,2010,40.0,40.0,2.5814,estimate_normalized,True,223.0,222.45567,108,0.3910462962962962,0.768,0.3309722222222222,0.6108611111111111,0.2313055555555555,7.1000000000000005,3.73,184.71,792.107215,3.6633333333333336,445.0,,,,,,,,,0.0,,,,,,,,,0.797,,,0.415256444150694,,
230,2011,40.0,40.0,1.7643,estimate_normalized,True,223.0,222.45567,110,0.3720545454545455,0.759,0.3929459459459459,0.4998378378378378,0.21925,7.1000000000000005,3.73,184.71,792.107215,3.6633333333333336,445.0,,,,,,,,,0.0,,,,,,,,,0.797,,,0.4199111747851003,,
230,2012,40.0,40.0,2.2159,estimate_normalized,True,223.0,222.45567,91,0.4453736263736263,0.772,0.2653870967741935,0.6737,0.4030333333333333,7.1000000000000005,3.73,184.71,792.107215,3.6633333333333336,445.0,,,,,,,,,0.0,,,,,,,,,0.797,,,0.4209348837209302,,
230,2013,40.0,40.0,2.8546,estimate_normalized,True,223.0,222.45567,78,0.4043589743589743,0.716,0.424076923076923,0.5469615384615385,0.2420384615384615,7.1000000000000005,3.73,184.71,792.107215,3.6633333333333336,445.0,15.11,943.92,244.0,145.8,6.0,,,,1.0,3.0,2.0,,,,,,,0.706,0.716,0.797,0.3981379310344827,0.60325,0.4185294117647058
230,2014,40.0,40.0,2.0745,estimate_normalized,True,223.0,222.45567,86,0.4343953488372093,0.732,0.3816206896551724,0.6133448275862069,0.3037142857142857,7.1000000000000005,3.73,184.71,792.107215,3.6633333333333336,445.0,14.840054347826085,1072.9499999999998,293.6,162.1,43.0,,,,9.0,21.0,13.0,,,,,,,0.695,0.732,0.797,0.3409285714285714,0.6291666666666667,0.4223339191564147
230,2015,40.0,40.0,2.0985,estimate_normalized,True,223.0,222.45567,89,0.4284719101123594,0.682,0.4034999999999999,0.6050666666666665,0.2716206896551724,7.1000000000000005,3.73,184.71,792.107215,3.6633333333333336,445.0,16.413749999999997,307.86,62.5,62.5,4.0,,,,3.0,1.0,,,,,,,,0.597,0.797,,0.31516,0.4280915818686401,
230,2016,40.0,40.0,2.1473,estimate_normalized,True,223.0,222.45567,87,0.4184597701149426,0.668,0.3928275862068965,0.5572068965517242,0.3053448275862069,7.1000000000000005,3.73,184.71,792.107215,3.6633333333333336,445.0,11.147977528089887,403.52,183.1,0.0,2.0,,,,2.0,0.0,,,,,,,,0.545,0.797,,0.3933235294117647,0.4262287862513426,
230,2017,40.0,40.0,2.8902,estimate_normalized,True,223.0,222.45567,100,0.48492,0.776,0.3646176470588236,0.7051818181818182,0.3886060606060607,7.1000000000000005,3.73,184.71,792.107215,3.6633333333333336,445.0,15.284999999999998,1229.91,106.6,7.0,38.0,,,,6.0,19.0,13.0,,,,,,,0.441,0.776,0.797,0.2700645161290322,0.6679999999999999,0.4265202312138728
230,2018,40.0,40.0,1.6839,estimate_normalized,True,223.0,222.45567,94,0.4493829787234044,0.653,0.4234375,0.5888387096774192,0.3367096774193548,7.1000000000000005,3.73,184.71,792.107215,3.6633333333333336,445.0,14.329782608695652,1011.93,300.4,132.0,37.0,,,,16.0,14.0,7.0,,,,,,,0.653,0.631,0.797,0.3873548387096774,0.5955806451612904,0.4178683510638298
230,2019,44.0,40.0,4.503,productivity_normalized,True,223.0,222.45567,95,0.4799368421052631,0.761,0.5587187499999999,0.47325,0.405516129032258,7.1000000000000005,3.73,184.71,792.107215,3.6633333333333336,445.0,14.965054347826085,1104.38,287.0,127.70000000000002,36.0,,,,,,,,,,,,,,,,,,
230,2020,21.0,44.0,1.68,productivity_normalized,False,223.0,222.45567,87,0.403471264367816,0.562,0.401448275862069,0.4989310344827586,0.3100344827586206,7.1000000000000005,3.73,184.71,792.107215,3.6633333333333336,445.0,15.329728260869564,1212.46,248.2,92.20000000000002,41.0,,,,,,,,,,,,,,,,,,
230,2021,44.0,21.0,2.123766816143498,physical_harvested_weight,False,223.0,222.45567,89,0.4440898876404494,0.724,0.4386,0.615,0.2729655172413793,7.1000000000000005,3.73,184.71,792.107215,3.6633333333333336,445.0,14.716576086956524,1128.4399999999998,256.4,142.1,35.0,,,,,,,,,,,,,,,,,,
230,2022,40.0,44.0,3.257219730941704,physical_harvested_weight,False,223.0,222.45567,111,0.4457207207207206,0.75,0.3833783783783783,0.6751891891891891,0.2785945945945946,7.1000000000000005,3.73,184.71,792.107215,3.6633333333333336,445.0,15.912065217391303,1263.7199999999998,169.0,110.9,42.0,,,,12.0,15.0,15.0,,,,,,,0.494,0.75,0.797,0.2665454545454545,0.6632413793103449,0.4101369863013698
230,2023,43.0,40.0,0.9786995515695068,physical_harvested_weight,False,223.0,222.45567,80,0.397775,0.598,0.2534444444444444,0.4529259259259259,0.4903846153846153,7.1000000000000005,3.73,184.71,792.107215,3.6633333333333336,445.0,17.59457516339869,1933.47,241.6,89.8,42.0,128.9,0.8,423.7,,,,0.261,0.335,0.797,0.200375,0.2849047619047619,0.4375917602996255,,,,,,
230,2024,40.0,43.0,3.2521793721973093,physical_harvested_weight,False,223.0,222.45567,91,0.5047692307692307,0.797,0.4649354838709677,0.7256333333333334,0.3250666666666667,7.1000000000000005,3.73,184.71,792.107215,3.6633333333333336,445.0,15.703804347826088,1234.36,266.7,189.4,32.0,,,,2.0,18.0,12.0,,,,,,,0.662,0.797,0.784,0.3534242424242424,0.7507727272727273,0.410430463576159
230,2025,43.0,40.0,3.6687443946188343,physical_harvested_weight,False,223.0,222.45567,86,0.4481162790697675,0.784,0.3536551724137931,0.7018620689655171,0.2831428571428571,7.1000000000000005,3.73,184.71,792.107215,3.6633333333333336,445.0,17.773464052287583,1958.2,549.16,310.95,24.0,193.38,127.18,676.18,,,,0.279,0.45,0.784,0.2158235294117647,0.3508124999999999,0.4510405405405405,,,,,,
231,2010,40.0,40.0,2.7244,estimate_normalized,True,235.0,231.50464,103,0.4141067961165048,0.73,0.3806,0.6175588235294118,0.2451470588235294,7.2625,3.685,204.0575,646.09227125,9.26,453.75,,,,,,,,,0.0,,,,,,,,,0.79,,,0.4014294314381271,,
231,2011,40.0,40.0,1.6755,estimate_normalized,True,235.0,231.50464,110,0.3590545454545454,0.716,0.3478378378378378,0.5097027027027028,0.21575,7.2625,3.685,204.0575,646.09227125,9.26,453.75,,,,,,,,,0.0,,,,,,,,,0.79,,,0.4057621464829587,,
231,2012,40.0,40.0,1.7558,estimate_normalized,True,235.0,231.50464,96,0.3841458333333333,0.655,0.30715625,0.56240625,0.282875,7.2625,3.685,204.0575,646.09227125,9.26,453.75,,,,,,,,,0.0,,,,,,,,,0.79,,,0.4102991318074191,,
231,2013,40.0,40.0,2.2302,estimate_normalized,True,235.0,231.50464,74,0.5014054054054053,0.744,0.3969999999999999,0.69076,0.4129166666666666,7.2625,3.685,204.0575,646.09227125,9.26,453.75,15.11,943.92,244.0,145.8,6.0,,,,1.0,3.0,2.0,,,,,,,0.713,0.744,0.79,0.3550357142857142,0.7031428571428572,0.4065205254515599
231,2014,40.0,40.0,2.6751,estimate_normalized,True,235.0,231.50464,85,0.4375647058823531,0.724,0.3615862068965518,0.6537142857142858,0.3001071428571428,7.2625,3.685,204.0575,646.09227125,9.26,453.75,14.840054347826085,1072.9499999999998,293.6,162.1,43.0,,,,9.0,21.0,13.0,,,,,,,0.686,0.724,0.79,0.322225,0.6578461538461539,0.4033273703041145
231,2015,40.0,40.0,1.9308,estimate_normalized,True,235.0,231.50464,84,0.4041904761904761,0.623,0.4450714285714286,0.5058571428571428,0.2616428571428571,7.2625,3.685,204.0575,646.09227125,9.26,453.75,16.413749999999997,307.86,62.5,62.5,4.0,,,,3.0,1.0,,,,,,,,0.615,0.79,,0.3612727272727273,0.4069380863039399,
231,2016,40.0,40.0,3.3901000000000003,estimate_normalized,True,235.0,231.50464,84,0.4722857142857143,0.768,0.3278214285714286,0.6797142857142856,0.4093214285714287,7.2625,3.685,204.0575,646.09227125,9.26,453.75,11.147977528089887,403.52,183.1,0.0,2.0,,,,2.0,0.0,,,,,,,,0.67,0.79,,0.543909090909091,0.4010629067245119,
231,2017,43.0,40.0,1.95,productivity_normalized,True,235.0,231.50464,81,0.397962962962963,0.647,0.3243333333333333,0.5798148148148148,0.2897407407407407,7.2625,3.685,204.0575,646.09227125,9.26,453.75,17.533398692810454,1931.87,66.2,7.0,38.0,64.4,0.0,154.1,,,,0.246,0.376,0.79,0.2046153846153846,0.3051875,0.4066489241223103,,,,,,
231,2018,36.0,43.0,0.93,productivity_normalized,True,235.0,231.50464,93,0.4530215053763441,0.712,0.3635483870967741,0.6585806451612906,0.3369354838709678,7.2625,3.685,204.0575,646.09227125,9.26,453.75,14.329782608695652,1011.93,300.4,132.0,37.0,,,,,,,,,,,,,,,,,,
231,2019,44.0,36.0,4.303,productivity_normalized,True,235.0,231.50464,95,0.4489894736842104,0.767,0.52321875,0.51528125,0.3039354838709678,7.2625,3.685,204.0575,646.09227125,9.26,453.75,14.965054347826085,1104.38,287.0,127.70000000000002,36.0,,,,,,,,,,,,,,,,,,
231,2020,21.0,44.0,3.62,productivity_normalized,False,235.0,231.50464,87,0.3663218390804597,0.501,0.3622758620689654,0.4295862068965517,0.3071034482758621,7.2625,3.685,204.0575,646.09227125,9.26,453.75,15.329728260869564,1212.46,248.2,92.20000000000002,41.0,,,,,,,,,,,,,,,,,,
231,2021,44.0,21.0,3.5069787234042553,physical_harvested_weight,False,235.0,231.50464,92,0.4403695652173912,0.712,0.5377741935483871,0.5273548387096775,0.2498333333333333,7.2625,3.685,204.0575,646.09227125,9.26,453.75,14.716576086956524,1128.4399999999998,256.4,142.1,35.0,,,,,,,,,,,,,,,,,,
231,2022,44.0,44.0,1.5712340425531914,physical_harvested_weight,False,235.0,231.50464,107,0.3549345794392523,0.635,0.4524722222222223,0.41825,0.1894857142857143,7.2625,3.685,204.0575,646.09227125,9.26,453.75,15.912065217391303,1263.7199999999998,169.0,110.9,42.0,,,,,,,,,,,,,,,,,,
231,2023,40.0,44.0,2.2995063829787235,physical_harvested_weight,False,235.0,231.50464,93,0.4234838709677419,0.658,0.2758387096774193,0.5388709677419355,0.4557419354838709,7.2625,3.685,204.0575,646.09227125,9.26,453.75,15.950489130434782,1221.05,324.20000000000005,89.8,42.0,,,,11.0,21.0,10.0,,,,,,,0.347,0.633,0.79,0.2658157894736841,0.54084,0.4332041666666666
231,2024,43.0,40.0,3.806382978723404,physical_harvested_weight,False,235.0,231.50464,78,0.4807948717948718,0.79,0.4870769230769231,0.6845769230769232,0.2707307692307693,7.2625,3.685,204.0575,646.09227125,9.26,453.75,17.551503267973857,1926.73,242.7,189.4,32.0,131.1,85.6,248.8,,,,0.31,0.697,0.79,0.2260625,0.4808461538461538,0.4400909090909091,,,,,,
231,2025,24.0,43.0,1.3324255319148937,physical_harvested_weight,False,235.0,231.50464,97,0.4561855670103094,0.772,0.4198787878787878,0.7165937499999999,0.23321875,7.2625,3.685,204.0575,646.09227125,9.26,453.75,15.06396739130435,1205.04,598.56,310.95,24.0,,,,,,,,,,,,,,,,,,
232,2010,40.0,40.0,2.0457,estimate_normalized,True,296.0,296.88138,107,0.4152990654205606,0.748,0.2978611111111111,0.6513611111111111,0.2932857142857142,6.609090909090909,3.7290909090909095,211.9754545454545,649.4797309090909,7.533636363636364,452.7272727272728,,,,,,,,,0.0,,,,,,,,,0.786,,,0.396032,,
232,2011,40.0,40.0,1.7736,estimate_normalized,True,296.0,296.88138,110,0.3631090909090909,0.703,0.3132432432432432,0.5467027027027027,0.2256666666666666,6.609090909090909,3.7290909090909095,211.9754545454545,649.4797309090909,7.533636363636364,452.7272727272728,,,,,,,,,0.0,,,,,,,,,0.786,,,0.399664739884393,,
232,2012,40.0,40.0,2.3602,estimate_normalized,True,296.0,296.88138,97,0.4507835051546391,0.776,0.3348484848484849,0.63090625,0.39021875,6.609090909090909,3.7290909090909095,211.9754545454545,649.4797309090909,7.533636363636364,452.7272727272728,,,,,,,,,0.0,,,,,,,,,0.786,,,0.3980621069182389,,
232,2013,40.0,40.0,2.3914999999999997,estimate_normalized,True,296.0,296.88138,76,0.4122499999999999,0.746,0.4416153846153846,0.5429999999999999,0.25096,6.609090909090909,3.7290909090909095,211.9754545454545,649.4797309090909,7.533636363636364,452.7272727272728,15.11,943.92,244.0,145.8,6.0,,,,1.0,3.0,2.0,,,,,,,0.733,0.746,0.786,0.395551724137931,0.601047619047619,0.394633387888707
232,2014,40.0,40.0,2.4254,estimate_normalized,True,296.0,296.88138,83,0.4394819277108435,0.745,0.3258571428571428,0.668892857142857,0.3194074074074074,6.609090909090909,3.7290909090909095,211.9754545454545,649.4797309090909,7.533636363636364,452.7272727272728,14.840054347826085,1072.9499999999998,293.6,162.1,43.0,,,,9.0,21.0,13.0,,,,,,,0.688,0.745,0.786,0.303925,0.6675384615384614,0.3958492417484389
232,2015,40.0,40.0,1.3354,estimate_normalized,True,296.0,296.88138,83,0.3872650602409639,0.631,0.3706071428571428,0.5303571428571429,0.2561481481481482,6.609090909090909,3.7290909090909095,211.9754545454545,649.4797309090909,7.533636363636364,452.7272727272728,16.413749999999997,307.86,62.5,62.5,4.0,,,,3.0,1.0,,,,,,,,0.564,0.786,,0.2778181818181818,0.4003930905695612,
232,2016,40.0,40.0,2.2876000000000003,estimate_normalized,True,296.0,296.88138,87,0.3931264367816091,0.723,0.3611034482758621,0.567896551724138,0.2503793103448276,6.609090909090909,3.7290909090909095,211.9754545454545,649.4797309090909,7.533636363636364,452.7272727272728,11.147977528089887,403.52,183.1,0.0,2.0,,,,2.0,0.0,,,,,,,,0.511,0.786,,0.3477878787878788,0.3993783783783784,
232,2017,43.0,40.0,1.95,productivity_normalized,True,296.0,296.88138,81,0.4710246913580247,0.721,0.3099629629629629,0.6654444444444444,0.4376666666666666,6.609090909090909,3.7290909090909095,211.9754545454545,649.4797309090909,7.533636363636364,452.7272727272728,17.533398692810454,1931.87,66.2,7.0,38.0,64.4,0.0,154.1,,,,0.221,0.358,0.786,0.1906923076923077,0.2792666666666666,0.4064847801578354,,,,,,
232,2018,36.0,43.0,0.9,productivity_normalized,True,296.0,296.88138,93,0.4480215053763441,0.673,0.4209354838709678,0.6135806451612905,0.3095483870967742,6.609090909090909,3.7290909090909095,211.9754545454545,649.4797309090909,7.533636363636364,452.7272727272728,14.329782608695652,1011.93,300.4,132.0,37.0,,,,,,,,,,,,,,,,,,
232,2019,44.0,36.0,3.404,productivity_normalized,True,296.0,296.88138,92,0.4434673913043478,0.757,0.5255483870967742,0.4700967741935484,0.3311333333333333,6.609090909090909,3.7290909090909095,211.9754545454545,649.4797309090909,7.533636363636364,452.7272727272728,14.965054347826085,1104.38,287.0,127.70000000000002,36.0,,,,,,,,,,,,,,,,,,
232,2020,21.0,44.0,2.23,productivity_normalized,False,296.0,296.88138,85,0.3515294117647059,0.472,0.3449655172413793,0.4121071428571429,0.29775,6.609090909090909,3.7290909090909095,211.9754545454545,649.4797309090909,7.533636363636364,452.7272727272728,15.329728260869564,1212.46,248.2,92.20000000000002,41.0,,,,,,,,,,,,,,,,,,
232,2021,44.0,21.0,3.2479729729729727,physical_harvested_weight,False,296.0,296.88138,92,0.4520108695652173,0.736,0.5127419354838709,0.5744516129032257,0.2627333333333334,6.609090909090909,3.7290909090909095,211.9754545454545,649.4797309090909,7.533636363636364,452.7272727272728,14.716576086956524,1128.4399999999998,256.4,142.1,35.0,,,,,,,,,,,,,,,,,,
232,2022,44.0,44.0,1.847837837837838,physical_harvested_weight,False,296.0,296.88138,109,0.3356330275229357,0.595,0.4152162162162162,0.39075,0.1987222222222222,6.609090909090909,3.7290909090909095,211.9754545454545,649.4797309090909,7.533636363636364,452.7272727272728,15.912065217391303,1263.7199999999998,169.0,110.9,42.0,,,,,,,,,,,,,,,,,,
232,2023,40.0,44.0,2.6881993243243243,physical_harvested_weight,False,296.0,296.88138,94,0.422659574468085,0.707,0.2588125,0.5670322580645161,0.4474193548387096,6.609090909090909,3.7290909090909095,211.9754545454545,649.4797309090909,7.533636363636364,452.7272727272728,15.950489130434782,1221.05,324.20000000000005,89.8,42.0,,,,11.0,21.0,10.0,,,,,,,0.322,0.707,0.786,0.248725,0.5685600000000001,0.4219139344262295
232,2024,43.0,40.0,3.330304054054054,physical_harvested_weight,False,296.0,296.88138,80,0.4676625,0.786,0.4367407407407407,0.6887407407407408,0.2701923076923077,6.609090909090909,3.7290909090909095,211.9754545454545,649.4797309090909,7.533636363636364,452.7272727272728,17.551503267973857,1926.73,242.7,189.4,32.0,131.1,85.6,248.8,,,,0.242,0.68,0.786,0.1978823529411764,0.4358,0.4331647727272727,,,,,,
232,2025,24.0,43.0,1.8102027027027028,physical_harvested_weight,False,296.0,296.88138,96,0.4461666666666666,0.784,0.40003125,0.7053437499999999,0.233125,6.609090909090909,3.7290909090909095,211.9754545454545,649.4797309090909,7.533636363636364,452.7272727272728,15.06396739130435,1205.04,598.56,310.95,24.0,,,,,,,,,,,,,,,,,,
233,2010,40.0,40.0,2.9024,estimate_normalized,True,39.0,38.82,95,0.421578947368421,0.728,0.51509375,0.5114062500000001,0.2323225806451613,6.7,3.57,211.75,698.55237,6.06,510.0,,,,,,,,,0.0,,,,,,,,,0.801,,,0.4556467020470053,,
233,2011,40.0,40.0,2.1271,estimate_normalized,True,39.0,38.82,89,0.4298426966292135,0.711,0.429,0.5577666666666666,0.2983793103448276,6.7,3.57,211.75,698.55237,6.06,510.0,,,,,,,,,0.0,,,,,,,,,0.801,,,0.4585877551020408,,
233,2012,40.0,40.0,1.9567,estimate_normalized,True,39.0,38.82,89,0.4442247191011235,0.63,0.4031333333333333,0.5639333333333333,0.362896551724138,6.7,3.57,211.75,698.55237,6.06,510.0,,,,,,,,,0.0,,,,,,,,,0.801,,,0.4629483065953654,,
233,2013,40.0,40.0,1.5523,estimate_normalized,True,39.0,38.82,64,0.429796875,0.603,0.4565909090909091,0.4232857142857143,0.4082380952380952,6.7,3.57,211.75,698.55237,6.06,510.0,15.11,943.92,244.0,145.8,6.0,,,,1.0,3.0,2.0,,,,,,,0.565,0.603,0.801,0.4436818181818181,0.4714666666666666,0.463221198156682
233,2014,40.0,40.0,2.4834,estimate_normalized,True,39.0,38.82,80,0.51115,0.801,0.6953703703703703,0.5210740740740741,0.3095384615384615,6.7,3.57,211.75,698.55237,6.06,510.0,14.840054347826085,1072.9499999999998,293.6,162.1,43.0,,,,9.0,21.0,13.0,,,,,,,0.801,0.734,0.756,0.64575,0.5204,0.4572861445783132
233,2015,40.0,40.0,2.2576,estimate_normalized,True,39.0,38.82,77,0.4228831168831168,0.649,0.4345769230769231,0.5598076923076922,0.26832,6.7,3.57,211.75,698.55237,6.06,510.0,16.413749999999997,307.86,62.5,62.5,4.0,,,,3.0,1.0,,,,,,,,0.616,0.756,,0.3591739130434782,0.4640867724867725,
233,2016,40.0,40.0,2.2677,estimate_normalized,True,39.0,38.82,76,0.4333552631578947,0.676,0.4618461538461538,0.45584,0.3812399999999999,6.7,3.57,211.75,698.55237,6.06,510.0,11.147977528089887,403.52,183.1,0.0,2.0,,,,2.0,0.0,,,,,,,,0.515,0.756,,0.3943333333333333,0.4679157509157509,
233,2017,40.0,40.0,2.0928,estimate_normalized,True,39.0,38.82,81,0.4628765432098765,0.623,0.4252222222222223,0.5738148148148148,0.3895925925925926,6.7,3.57,211.75,698.55237,6.06,510.0,15.284999999999998,1229.91,106.6,7.0,38.0,,,,6.0,19.0,13.0,,,,,,,0.508,0.623,0.756,0.3742142857142857,0.5432727272727272,0.4702720105124836
233,2018,40.0,40.0,1.9316,estimate_normalized,True,39.0,38.82,86,0.5140697674418605,0.653,0.4702068965517241,0.6356896551724136,0.4335357142857142,6.7,3.57,211.75,698.55237,6.06,510.0,14.329782608695652,1011.93,300.4,132.0,37.0,,,,16.0,14.0,7.0,,,,,,,0.533,0.652,0.756,0.4049565217391304,0.6225333333333333,0.4673263785394933
233,2019,40.0,40.0,2.564,estimate_normalized,True,39.0,38.82,88,0.5261818181818181,0.712,0.4531666666666668,0.6862758620689654,0.4416206896551725,6.7,3.57,211.75,698.55237,6.06,510.0,14.965054347826085,1104.38,287.0,127.70000000000002,36.0,,,,5.0,24.0,7.0,,,,,,,0.622,0.712,0.756,0.3898181818181818,0.6827241379310345,0.4603623693379791
233,2020,43.0,40.0,1.75,estimate_normalized,True,39.0,38.82,71,0.4001690140845069,0.491,0.4279166666666666,0.3939999999999999,0.3776521739130434,6.7,3.57,211.75,698.55237,6.06,510.0,17.62261437908497,1933.59,193.2,92.20000000000002,41.0,125.3,1.2,306.9,,,,0.401,0.491,0.756,0.3263333333333333,0.4578823529411764,0.4626866537717601,,,,,,
233,2021,44.0,43.0,3.6453846153846152,physical_harvested_weight,False,39.0,38.82,88,0.4756477272727273,0.701,0.5257000000000001,0.5962068965517241,0.3033103448275863,6.7,3.57,211.75,698.55237,6.06,510.0,14.716576086956524,1128.4399999999998,256.4,142.1,35.0,,,,,,,,,,,,,,,,,,
233,2022,46.0,44.0,4.4169230769230765,physical_harvested_weight,False,39.0,38.82,0,,,,,,6.7,3.57,211.75,698.55237,6.06,510.0,15.912065217391303,1263.7199999999998,169.0,110.9,42.0,,,,,,,,,,,,,,,,,,
234,2010,40.0,40.0,3.0815,estimate_normalized,True,35.0,36.18,96,0.4416041666666667,0.723,0.4659062499999999,0.5760625000000001,0.2828437499999999,6.5,3.73,181.31,492.74302,14.32,480.0,,,,,,,,,0.0,,,,,,,,,0.775,,,0.4877815912636505,,
234,2011,40.0,40.0,2.5765,estimate_normalized,True,35.0,36.18,93,0.4559247311827956,0.728,0.4139032258064515,0.6445483870967741,0.3093225806451614,6.5,3.73,181.31,492.74302,14.32,480.0,,,,,,,,,0.0,,,,,,,,,0.775,,,0.4916956889264582,,
234,2012,40.0,40.0,1.7617,estimate_normalized,True,35.0,36.18,90,0.4694222222222222,0.757,0.4142666666666666,0.5509333333333333,0.4430666666666667,6.5,3.73,181.31,492.74302,14.32,480.0,,,,,,,,,0.0,,,,,,,,,0.775,,,0.4964981481481481,,
234,2013,40.0,40.0,2.1286,estimate_normalized,True,35.0,36.18,62,0.513241935483871,0.736,0.6485238095238094,0.4897142857142856,0.3959,6.5,3.73,181.31,492.74302,14.32,480.0,15.11,943.92,244.0,145.8,6.0,,,,1.0,3.0,2.0,,,,,,,0.736,0.658,0.775,0.6472222222222223,0.5728666666666666,0.4928127984718243
234,2014,40.0,40.0,2.2455,estimate_normalized,True,35.0,36.18,75,0.5287866666666666,0.671,0.45868,0.6408799999999999,0.4868,6.5,3.73,181.31,492.74302,14.32,480.0,14.840054347826085,1072.9499999999998,293.6,162.1,43.0,,,,9.0,21.0,13.0,,,,,,,0.575,0.671,0.775,0.4216774193548386,0.6408800000000001,0.4942497398543184
234,2015,40.0,40.0,2.3784,estimate_normalized,True,35.0,36.18,75,0.4858799999999999,0.706,0.502,0.5344,0.42124,6.5,3.73,181.31,492.74302,14.32,480.0,16.413749999999997,307.86,62.5,62.5,4.0,,,,3.0,1.0,,,,,,,,0.703,0.775,,0.42735,0.4961879781420765,
234,2016,40.0,40.0,2.7931999999999997,estimate_normalized,True,35.0,36.18,69,0.5011884057971016,0.755,0.5266956521739129,0.5811739130434781,0.395695652173913,6.5,3.73,181.31,492.74302,14.32,480.0,11.147977528089887,403.52,183.1,0.0,2.0,,,,2.0,0.0,,,,,,,,0.662,0.775,,0.478875,0.4942669172932331,
234,2017,40.0,40.0,2.7084,estimate_normalized,True,35.0,36.18,85,0.5363294117647059,0.696,0.4896896551724138,0.683607142857143,0.4373571428571429,6.5,3.73,181.31,492.74302,14.32,480.0,15.284999999999998,1229.91,106.6,7.0,38.0,,,,6.0,19.0,13.0,,,,,,,0.587,0.696,0.775,0.4093214285714285,0.6701999999999999,0.4929728260869565
234,2018,40.0,40.0,2.1424,estimate_normalized,True,35.0,36.18,83,0.5304819277108433,0.686,0.5081428571428571,0.6464642857142858,0.4333703703703703,6.5,3.73,181.31,492.74302,14.32,480.0,14.329782608695652,1011.93,300.4,132.0,37.0,,,,16.0,14.0,7.0,,,,,,,0.648,0.686,0.775,0.4737916666666666,0.6445714285714287,0.4869180834621329
234,2019,33.0,40.0,0.6081000000000001,estimate_normalized,True,35.0,36.18,84,0.5502738095238096,0.716,0.4877857142857142,0.6774285714285716,0.4856071428571428,6.5,3.73,181.31,492.74302,14.32,480.0,14.965054347826085,1104.38,287.0,127.70000000000002,36.0,,,,,,,,,,,,,,,,,,
234,2021,44.0,9.0,5.389142857142858,physical_harvested_weight,False,35.0,36.18,85,0.5335764705882352,0.726,0.5431724137931034,0.6180357142857144,0.4391785714285715,6.5,3.73,181.31,492.74302,14.32,480.0,14.716576086956524,1128.4399999999998,256.4,142.1,35.0,,,,,,,,,,,,,,,,,,
234,2022,43.0,44.0,3.975428571428571,physical_harvested_weight,False,35.0,36.18,87,0.4470919540229885,0.7,0.4648965517241379,0.5960344827586207,0.2803448275862069,6.5,3.73,181.31,492.74302,14.32,480.0,17.957712418300652,1994.12,148.2,110.9,42.0,113.2,25.2,248.3,,,,0.345,0.628,0.775,0.2604444444444444,0.5057692307692307,0.487178247734139,,,,,,
234,2023,44.0,43.0,1.7062857142857142,physical_harvested_weight,False,35.0,36.18,75,0.4942666666666667,0.652,0.4108,0.57312,0.49888,6.5,3.73,181.31,492.74302,14.32,480.0,15.950489130434782,1221.05,324.20000000000005,89.8,42.0,,,,,,,,,,,,,,,,,,
234,2024,40.0,44.0,3.295057142857143,physical_harvested_weight,False,35.0,36.18,74,0.572945945945946,0.752,0.61448,0.6972,0.4002499999999999,6.5,3.73,181.31,492.74302,14.32,480.0,15.703804347826088,1234.36,266.7,189.4,32.0,,,,2.0,18.0,12.0,,,,,,,0.682,0.752,0.775,0.4935714285714286,0.7107368421052631,0.5037301587301587
234,2025,62.0,40.0,4.494857142857143,physical_harvested_weight,False,35.0,36.18,82,0.5409146341463416,0.775,0.5384999999999999,0.7263703703703703,0.3579629629629629,6.5,3.73,181.31,492.74302,14.32,480.0,15.06396739130435,1205.04,598.56,310.95,24.0,,,,,,,,,,,,,,,,,,
