field_id,year,crop_id,std_name,target_yield_t_ha,target_source,unit_fix_applied,kept
195,2000,40.0,sunflower,,no_data,False,False
195,2001,40.0,sunflower,,no_data,False,False
195,2002,40.0,sunflower,,no_data,False,False
195,2003,40.0,sunflower,,no_data,False,False
195,2004,40.0,sunflower,,no_data,False,False
195,2005,40.0,sunflower,,no_data,False,False
195,2006,40.0,sunflower,,no_data,False,False
195,2007,40.0,sunflower,,no_data,False,False
195,2008,40.0,sunflower,,no_data,False,False
195,2009,40.0,sunflower,,no_data,False,False
195,2010,40.0,sunflower,1.7763000000000002,estimate_normalized,True,True
195,2011,40.0,sunflower,1.6393999999999997,estimate_normalized,True,True
195,2012,40.0,sunflower,2.0692,estimate_normalized,True,True
195,2013,40.0,sunflower,1.9425000000000001,estimate_normalized,True,True
195,2014,40.0,sunflower,2.7474,estimate_normalized,True,True
195,2015,40.0,sunflower,0.8484,estimate_normalized,True,True
195,2016,40.0,sunflower,2.3569,estimate_normalized,True,True
195,2017,40.0,sunflower,1.6511,estimate_normalized,True,True
195,2018,40.0,sunflower,2.9440999999999997,estimate_normalized,True,True
195,2019,43.0,wheat_spring,2.9511,estimate_normalized,True,True
195,2020,20.0,oil_seed_raps_spring,1.4514,estimate_normalized,True,True
195,2021,3.0,barley_spring,2.022276422764228,physical_harvested_weight,False,True
195,2022,44.0,wheat_winter,2.1216260162601626,physical_harvested_weight,False,True
195,2023,44.0,wheat_winter,0.8904065040650406,physical_harvested_weight,False,True
195,2024,40.0,sunflower,2.7365853658536587,physical_harvested_weight,False,True
195,2025,43.0,wheat_spring,2.7195121951219514,physical_harvested_weight,False,True
195,2026,3.0,barley_spring,,no_data,False,False
195,2027,43.0,wheat_spring,,no_data,False,False
195,2028,,,,no_data,False,False
195,2029,,,,no_data,False,False
195,2030,,,,no_data,False,False
197,2000,40.0,sunflower,,no_data,False,False
197,2001,40.0,sunflower,,no_data,False,False
197,2002,40.0,sunflower,,no_data,False,False
197,2003,40.0,sunflower,,no_data,False,False
197,2004,40.0,sunflower,,no_data,False,False
197,2005,40.0,sunflower,,no_data,False,False
197,2006,40.0,sunflower,,no_data,False,False
197,2007,40.0,sunflower,,no_data,False,False
197,2008,40.0,sunflower,,no_data,False,False
197,2009,40.0,sunflower,,no_data,False,False
197,2010,40.0,sunflower,2.2140999999999997,estimate_normalized,True,True
197,2011,40.0,sunflower,2.1288,estimate_normalized,True,True
197,2012,40.0,sunflower,1.5663,estimate_normalized,True,True
197,2013,40.0,sunflower,1.6961,estimate_normalized,True,True
197,2014,40.0,sunflower,2.2187,estimate_normalized,True,True
197,2015,40.0,sunflower,2.0006,estimate_normalized,True,True
197,2016,40.0,sunflower,2.4004000000000003,estimate_normalized,True,True
197,2017,40.0,sunflower,1.8135999999999999,estimate_normalized,True,True
197,2018,40.0,sunflower,3.0602,estimate_normalized,True,True
197,2019,43.0,wheat_spring,3.3518,estimate_normalized,True,True
197,2020,20.0,oil_seed_raps_spring,1.5651,estimate_normalized,True,True
197,2021,3.0,barley_spring,2.5284548104956266,physical_harvested_weight,False,True
197,2022,44.0,wheat_winter,1.5206997084548106,physical_harvested_weight,False,True
197,2023,44.0,wheat_winter,1.0820991253644316,physical_harvested_weight,False,True
197,2024,40.0,sunflower,3.2877551020408164,physical_harvested_weight,False,True
197,2025,43.0,wheat_spring,3.779416909620991,physical_harvested_weight,False,True
197,2026,40.0,sunflower,,no_data,False,False
197,2027,40.0,sunflower,,no_data,False,False
197,2028,,,,no_data,False,False
197,2029,,,,no_data,False,False
197,2030,,,,no_data,False,False
207,2000,40.0,sunflower,,no_data,False,False
207,2001,40.0,sunflower,,no_data,False,False
207,2002,40.0,sunflower,,no_data,False,False
207,2003,40.0,sunflower,,no_data,False,False
207,2004,40.0,sunflower,,no_data,False,False
207,2005,40.0,sunflower,,no_data,False,False
207,2006,40.0,sunflower,,no_data,False,False
207,2007,40.0,sunflower,,no_data,False,False
207,2008,40.0,sunflower,,no_data,False,False
207,2009,40.0,sunflower,,no_data,False,False
207,2010,40.0,sunflower,2.1087,estimate_normalized,True,True
207,2011,40.0,sunflower,1.7486000000000002,estimate_normalized,True,True
207,2012,40.0,sunflower,2.0149,estimate_normalized,True,True
207,2013,40.0,sunflower,2.2497,estimate_normalized,True,True
207,2014,40.0,sunflower,2.2424,estimate_normalized,True,True
207,2015,40.0,sunflower,1.7668,estimate_normalized,True,True
207,2016,40.0,sunflower,1.9815999999999998,estimate_normalized,True,True
207,2017,40.0,sunflower,1.5516,estimate_normalized,True,True
207,2018,40.0,sunflower,3.496,productivity_normalized,True,True
207,2019,43.0,wheat_spring,3.5799999999999996,productivity_normalized,True,True
207,2020,20.0,oil_seed_raps_spring,4.38,productivity_normalized,False,True
207,2021,3.0,barley_spring,3.525020286718961,physical_harvested_weight,False,True
207,2022,44.0,wheat_winter,1.8862140474258406,physical_harvested_weight,False,True
207,2023,44.0,wheat_winter,1.0689748444684881,physical_harvested_weight,False,True
207,2024,40.0,sunflower,3.107023712920386,physical_harvested_weight,False,True
207,2025,43.0,wheat_spring,1.3522676043638986,physical_harvested_weight,False,True
207,2026,3.0,barley_spring,,no_data,False,False
207,2027,40.0,sunflower,,no_data,False,False
207,2028,,,,no_data,False,False
207,2029,,,,no_data,False,False
207,2030,,,,no_data,False,False
208,2000,40.0,sunflower,,no_data,False,False
208,2001,40.0,sunflower,,no_data,False,False
208,2002,40.0,sunflower,,no_data,False,False
208,2003,40.0,sunflower,,no_data,False,False
208,2004,40.0,sunflower,,no_data,False,False
208,2005,40.0,sunflower,,no_data,False,False
208,2006,40.0,sunflower,,no_data,False,False
208,2007,40.0,sunflower,,no_data,False,False
208,2008,40.0,sunflower,,no_data,False,False
208,2009,40.0,sunflower,,no_data,False,False
208,2010,40.0,sunflower,2.4501,estimate_normalized,True,True
208,2011,40.0,sunflower,2.301,estimate_normalized,True,True
208,2012,40.0,sunflower,2.0003,estimate_normalized,True,True
208,2013,40.0,sunflower,2.7517,estimate_normalized,True,True
208,2014,40.0,sunflower,2.9195,estimate_normalized,True,True
208,2015,40.0,sunflower,1.4288,estimate_normalized,True,True
208,2016,40.0,sunflower,2.1872,estimate_normalized,True,True
208,2017,40.0,sunflower,2.0779,estimate_normalized,True,True
208,2018,40.0,sunflower,1.6354,estimate_normalized,True,True
208,2019,40.0,sunflower,2.133,productivity_normalized,True,True
208,2020,43.0,wheat_spring,5.05,productivity_normalized,False,True
208,2021,40.0,sunflower,2.1216153846153847,physical_harvested_weight,False,True
208,2022,43.0,wheat_spring,2.356923076923077,physical_harvested_weight,False,True
208,2023,43.0,wheat_spring,2.018076923076923,physical_harvested_weight,False,True
208,2024,40.0,sunflower,2.3606153846153846,physical_harvested_weight,False,True
208,2025,43.0,wheat_spring,3.8430769230769233,physical_harvested_weight,False,True
208,2026,24.0,pea,,no_data,False,False
208,2027,43.0,wheat_spring,,no_data,False,False
208,2028,,,,no_data,False,False
208,2029,,,,no_data,False,False
208,2030,,,,no_data,False,False
209,2000,40.0,sunflower,,no_data,False,False
209,2001,40.0,sunflower,,no_data,False,False
209,2002,40.0,sunflower,,no_data,False,False
209,2003,40.0,sunflower,,no_data,False,False
209,2004,40.0,sunflower,,no_data,False,False
209,2005,40.0,sunflower,,no_data,False,False
209,2006,40.0,sunflower,,no_data,False,False
209,2007,40.0,sunflower,,no_data,False,False
209,2008,40.0,sunflower,,no_data,False,False
209,2009,40.0,sunflower,,no_data,False,False
209,2010,40.0,sunflower,2.0058,estimate_normalized,True,True
209,2011,40.0,sunflower,2.1288,estimate_normalized,True,True
209,2012,40.0,sunflower,2.1412,estimate_normalized,True,True
209,2013,40.0,sunflower,1.7872,estimate_normalized,True,True
209,2014,40.0,sunflower,2.7874,estimate_normalized,True,True
209,2015,40.0,sunflower,1.9986000000000002,estimate_normalized,True,True
209,2016,40.0,sunflower,2.5161000000000002,estimate_normalized,True,True
209,2017,44.0,wheat_winter,2.2199999999999998,productivity_normalized,True,True
209,2018,40.0,sunflower,1.7399999999999998,productivity_normalized,True,True
209,2019,20.0,oil_seed_raps_spring,1.4083,estimate_normalized,True,True
209,2020,16.0,maize,5.78,productivity_normalized,False,True
209,2021,40.0,sunflower,2.268059008785016,physical_harvested_weight,False,True
209,2022,43.0,wheat_spring,2.657417536880491,physical_harvested_weight,False,True
209,2023,44.0,wheat_winter,1.4882148184982598,physical_harvested_weight,False,True
209,2024,44.0,wheat_winter,4.5289739764627885,physical_harvested_weight,False,True
209,2025,40.0,sunflower,2.332040444223438,physical_harvested_weight,False,True
209,2026,43.0,wheat_spring,,no_data,False,False
209,2027,40.0,sunflower,,no_data,False,False
209,2028,,,,no_data,False,False
209,2029,,,,no_data,False,False
209,2030,,,,no_data,False,False
210,2000,40.0,sunflower,,no_data,False,False
210,2001,40.0,sunflower,,no_data,False,False
210,2002,40.0,sunflower,,no_data,False,False
210,2003,40.0,sunflower,,no_data,False,False
210,2004,40.0,sunflower,,no_data,False,False
210,2005,40.0,sunflower,,no_data,False,False
210,2006,40.0,sunflower,,no_data,False,False
210,2007,40.0,sunflower,,no_data,False,False
210,2008,40.0,sunflower,,no_data,False,False
210,2009,40.0,sunflower,,no_data,False,False
210,2010,40.0,sunflower,2.4812000000000003,estimate_normalized,True,True
210,2011,40.0,sunflower,2.3706,estimate_normalized,True,True
210,2012,40.0,sunflower,1.8137,estimate_normalized,True,True
210,2013,40.0,sunflower,1.9414000000000002,estimate_normalized,True,True
210,2014,40.0,sunflower,2.9256,estimate_normalized,True,True
210,2015,40.0,sunflower,2.4408000000000003,estimate_normalized,True,True
210,2016,40.0,sunflower,2.8707000000000003,estimate_normalized,True,True
210,2017,44.0,wheat_winter,2.002,productivity_normalized,True,True
210,2018,21.0,oil_seed_raps_winter,0.978,productivity_normalized,True,True
210,2019,40.0,sunflower,1.9649999999999999,productivity_normalized,True,True
210,2020,44.0,wheat_winter,2.11,productivity_normalized,False,True
210,2021,40.0,sunflower,1.4783400809716598,physical_harvested_weight,False,True
210,2022,43.0,wheat_spring,3.0655870445344133,physical_harvested_weight,False,True
210,2023,24.0,pea,1.7267206477732793,physical_harvested_weight,False,True
210,2024,44.0,wheat_winter,5.519493927125506,physical_harvested_weight,False,True
210,2025,40.0,sunflower,3.192550607287449,physical_harvested_weight,False,True
210,2026,43.0,wheat_spring,,no_data,False,False
210,2027,40.0,sunflower,,no_data,False,False
210,2028,,,,no_data,False,False
210,2029,,,,no_data,False,False
210,2030,,,,no_data,False,False
211,2000,,,,no_data,False,False
211,2001,,,,no_data,False,False
211,2002,,,,no_data,False,False
211,2003,,,,no_data,False,False
211,2004,,,,no_data,False,False
211,2005,,,,no_data,False,False
211,2006,,,,no_data,False,False
211,2007,,,,no_data,False,False
211,2008,,,,no_data,False,False
211,2009,,,,no_data,False,False
211,2010,,,,no_data,False,False
211,2011,,,,no_data,False,False
211,2012,,,,no_data,False,False
211,2013,,,,no_data,False,False
211,2014,,,,no_data,False,False
211,2015,,,,no_data,False,False
211,2016,,,,no_data,False,False
211,2017,44.0,wheat_winter,2.4379999999999997,productivity_normalized,True,True
211,2018,,,,no_data,False,False
211,2019,40.0,sunflower,1.8679999999999999,productivity_normalized,True,True
211,2020,44.0,wheat_winter,3.19,productivity_normalized,False,True
211,2021,40.0,sunflower,2.1389247311827955,physical_harvested_weight,False,True
211,2022,43.0,wheat_spring,3.4704,estimate_normalized,True,True
211,2023,,,,no_data,False,False
211,2024,,,,no_data,False,False
211,2025,,,,no_data,False,False
211,2026,,,,no_data,False,False
211,2027,,,,no_data,False,False
211,2028,,,,no_data,False,False
211,2029,,,,no_data,False,False
211,2030,,,,no_data,False,False
212,2000,40.0,sunflower,,no_data,False,False
212,2001,40.0,sunflower,,no_data,False,False
212,2002,40.0,sunflower,,no_data,False,False
212,2003,40.0,sunflower,,no_data,False,False
212,2004,40.0,sunflower,,no_data,False,False
212,2005,40.0,sunflower,,no_data,False,False
212,2006,40.0,sunflower,,no_data,False,False
212,2007,40.0,sunflower,,no_data,False,False
212,2008,40.0,sunflower,,no_data,False,False
212,2009,40.0,sunflower,,no_data,False,False
212,2010,40.0,sunflower,2.5728999999999997,estimate_normalized,True,True
212,2011,40.0,sunflower,2.1887,estimate_normalized,True,True
212,2012,40.0,sunflower,2.4481,estimate_normalized,True,True
212,2013,40.0,sunflower,2.199,estimate_normalized,True,True
212,2014,40.0,sunflower,2.45,estimate_normalized,True,True
212,2015,40.0,sunflower,1.6854,estimate_normalized,True,True
212,2016,40.0,sunflower,2.7669,estimate_normalized,True,True
212,2017,40.0,sunflower,1.6862,estimate_normalized,True,True
212,2018,40.0,sunflower,1.3272,estimate_normalized,True,True
212,2019,40.0,sunflower,2.478,estimate_normalized,True,True
212,2020,43.0,wheat_spring,1.3132,estimate_normalized,True,True
212,2021,40.0,sunflower,3.3983823529411765,physical_harvested_weight,False,True
212,2022,43.0,wheat_spring,3.1773529411764705,physical_harvested_weight,False,True
212,2023,43.0,wheat_spring,2.9445588235294116,physical_harvested_weight,False,True
212,2024,40.0,sunflower,1.9008823529411762,physical_harvested_weight,False,True
212,2025,43.0,wheat_spring,1.7024264705882353,physical_harvested_weight,False,True
212,2026,40.0,sunflower,,no_data,False,False
212,2027,43.0,wheat_spring,,no_data,False,False
212,2028,,,,no_data,False,False
212,2029,,,,no_data,False,False
212,2030,,,,no_data,False,False
213,2000,40.0,sunflower,,no_data,False,False
213,2001,40.0,sunflower,,no_data,False,False
213,2002,40.0,sunflower,,no_data,False,False
213,2003,40.0,sunflower,,no_data,False,False
213,2004,40.0,sunflower,,no_data,False,False
213,2005,40.0,sunflower,,no_data,False,False
213,2006,40.0,sunflower,,no_data,False,False
213,2007,40.0,sunflower,,no_data,False,False
213,2008,40.0,sunflower,,no_data,False,False
213,2009,40.0,sunflower,,no_data,False,False
213,2010,40.0,sunflower,2.1619,estimate_normalized,True,True
213,2011,40.0,sunflower,1.984,estimate_normalized,True,True
213,2012,40.0,sunflower,1.6418,estimate_normalized,True,True
213,2013,40.0,sunflower,2.0484,estimate_normalized,True,True
213,2014,40.0,sunflower,2.4244,estimate_normalized,True,True
213,2015,40.0,sunflower,2.1305,estimate_normalized,True,True
213,2016,40.0,sunflower,2.4173999999999998,estimate_normalized,True,True
213,2017,40.0,sunflower,2.4459,estimate_normalized,True,True
213,2018,40.0,sunflower,2.6765,estimate_normalized,True,True
213,2019,20.0,oil_seed_raps_spring,1.9759,estimate_normalized,True,True
213,2020,43.0,wheat_spring,5.78,productivity_normalized,False,True
213,2021,43.0,wheat_spring,1.3155714285714286,physical_harvested_weight,False,True
213,2022,40.0,sunflower,1.4814285714285713,physical_harvested_weight,False,True
213,2023,43.0,wheat_spring,1.6768999999999998,estimate_normalized,True,True
213,2024,9.0,fallow,,no_data,False,False
213,2025,3.0,barley_spring,1.53,physical_harvested_weight,False,True
213,2026,46.0,nan,,no_data,False,False
213,2027,46.0,nan,,no_data,False,False
213,2028,,,,no_data,False,False
213,2029,,,,no_data,False,False
213,2030,,,,no_data,False,False
214,2000,40.0,sunflower,,no_data,False,False
214,2001,40.0,sunflower,,no_data,False,False
214,2002,40.0,sunflower,,no_data,False,False
214,2003,40.0,sunflower,,no_data,False,False
214,2004,40.0,sunflower,,no_data,False,False
214,2005,40.0,sunflower,,no_data,False,False
214,2006,40.0,sunflower,,no_data,False,False
214,2007,40.0,sunflower,,no_data,False,False
214,2008,40.0,sunflower,,no_data,False,False
214,2009,40.0,sunflower,,no_data,False,False
214,2010,40.0,sunflower,1.955,estimate_normalized,True,True
214,2011,40.0,sunflower,2.053,estimate_normalized,True,True
214,2012,40.0,sunflower,1.6657,estimate_normalized,True,True
214,2013,40.0,sunflower,2.064,estimate_normalized,True,True
214,2014,40.0,sunflower,2.6513,estimate_normalized,True,True
214,2015,40.0,sunflower,2.2145,estimate_normalized,True,True
214,2016,40.0,sunflower,2.3114,estimate_normalized,True,True
214,2017,40.0,sunflower,2.4927,estimate_normalized,True,True
214,2018,40.0,sunflower,2.665,estimate_normalized,True,True
214,2019,40.0,sunflower,2.1573,estimate_normalized,True,True
214,2020,43.0,wheat_spring,3.19,productivity_normalized,False,True
214,2021,43.0,wheat_spring,1.5857777777777777,physical_harvested_weight,False,True
214,2022,40.0,sunflower,1.0022222222222221,physical_harvested_weight,False,True
214,2023,43.0,wheat_spring,1.6103999999999998,estimate_normalized,True,True
214,2024,9.0,fallow,,no_data,False,False
214,2025,3.0,barley_spring,1.53,physical_harvested_weight,False,True
214,2026,46.0,nan,,no_data,False,False
214,2027,46.0,nan,,no_data,False,False
214,2028,,,,no_data,False,False
214,2029,,,,no_data,False,False
214,2030,,,,no_data,False,False
215,2000,40.0,sunflower,,no_data,False,False
215,2001,40.0,sunflower,,no_data,False,False
215,2002,40.0,sunflower,,no_data,False,False
215,2003,40.0,sunflower,,no_data,False,False
215,2004,40.0,sunflower,,no_data,False,False
215,2005,40.0,sunflower,,no_data,False,False
215,2006,40.0,sunflower,,no_data,False,False
215,2007,40.0,sunflower,,no_data,False,False
215,2008,40.0,sunflower,,no_data,False,False
215,2009,40.0,sunflower,,no_data,False,False
215,2010,40.0,sunflower,2.5285,estimate_normalized,True,True
215,2011,40.0,sunflower,2.2013000000000003,estimate_normalized,True,True
215,2012,40.0,sunflower,1.9233,estimate_normalized,True,True
215,2013,40.0,sunflower,1.1653,estimate_normalized,True,True
215,2014,40.0,sunflower,2.6138000000000003,estimate_normalized,True,True
215,2015,40.0,sunflower,1.4253,estimate_normalized,True,True
215,2016,40.0,sunflower,1.9726,estimate_normalized,True,True
215,2017,20.0,oil_seed_raps_spring,3.08,productivity_normalized,False,True
215,2018,40.0,sunflower,2.353,estimate_normalized,True,True
215,2019,40.0,sunflower,1.672,productivity_normalized,True,True
215,2020,43.0,wheat_spring,1.409,productivity_normalized,True,True
215,2021,40.0,sunflower,2.9865822784810128,physical_harvested_weight,False,True
215,2022,43.0,wheat_spring,2.858987341772152,physical_harvested_weight,False,True
215,2023,3.0,barley_spring,2.2745063291139243,physical_harvested_weight,False,True
215,2024,44.0,wheat_winter,4.476708860759494,physical_harvested_weight,False,True
215,2025,40.0,sunflower,3.0739240506329115,physical_harvested_weight,False,True
215,2026,3.0,barley_spring,,no_data,False,False
215,2027,3.0,barley_spring,,no_data,False,False
215,2028,,,,no_data,False,False
215,2029,,,,no_data,False,False
215,2030,,,,no_data,False,False
216,2000,40.0,sunflower,,no_data,False,False
216,2001,40.0,sunflower,,no_data,False,False
216,2002,40.0,sunflower,,no_data,False,False
216,2003,40.0,sunflower,,no_data,False,False
216,2004,40.0,sunflower,,no_data,False,False
216,2005,40.0,sunflower,,no_data,False,False
216,2006,40.0,sunflower,,no_data,False,False
216,2007,40.0,sunflower,,no_data,False,False
216,2008,40.0,sunflower,,no_data,False,False
216,2009,40.0,sunflower,,no_data,False,False
216,2010,40.0,sunflower,2.8838,estimate_normalized,True,True
216,2011,40.0,sunflower,2.4407,estimate_normalized,True,True
216,2012,40.0,sunflower,2.4394,estimate_normalized,True,True
216,2013,40.0,sunflower,2.4091,estimate_normalized,True,True
216,2014,40.0,sunflower,2.9909,estimate_normalized,True,True
216,2015,40.0,sunflower,2.7174,estimate_normalized,True,True
216,2016,40.0,sunflower,2.6756,estimate_normalized,True,True
216,2017,20.0,oil_seed_raps_spring,2.26,productivity_normalized,False,True
216,2018,40.0,sunflower,2.1175,estimate_normalized,True,True
216,2019,40.0,sunflower,1.95,productivity_normalized,True,True
216,2020,43.0,wheat_spring,1.246,productivity_normalized,True,True
216,2021,40.0,sunflower,2.925945945945946,physical_harvested_weight,False,True
216,2022,43.0,wheat_spring,3.1270270270270273,physical_harvested_weight,False,True
216,2023,3.0,barley_spring,2.696783783783784,physical_harvested_weight,False,True
216,2024,44.0,wheat_winter,5.342162162162162,physical_harvested_weight,False,True
216,2025,40.0,sunflower,2.986756756756757,physical_harvested_weight,False,True
216,2026,3.0,barley_spring,,no_data,False,False
216,2027,3.0,barley_spring,,no_data,False,False
216,2028,,,,no_data,False,False
216,2029,,,,no_data,False,False
216,2030,,,,no_data,False,False
217,2000,40.0,sunflower,,no_data,False,False
217,2001,40.0,sunflower,,no_data,False,False
217,2002,40.0,sunflower,,no_data,False,False
217,2003,40.0,sunflower,,no_data,False,False
217,2004,40.0,sunflower,,no_data,False,False
217,2005,40.0,sunflower,,no_data,False,False
217,2006,40.0,sunflower,,no_data,False,False
217,2007,40.0,sunflower,,no_data,False,False
217,2008,40.0,sunflower,,no_data,False,False
217,2009,40.0,sunflower,,no_data,False,False
217,2010,40.0,sunflower,2.0382000000000002,estimate_normalized,True,True
217,2011,40.0,sunflower,2.475,estimate_normalized,True,True
217,2012,40.0,sunflower,1.6152000000000002,estimate_normalized,True,True
217,2013,40.0,sunflower,2.2975000000000003,estimate_normalized,True,True
217,2014,40.0,sunflower,3.0689,estimate_normalized,True,True
217,2015,40.0,sunflower,1.251,estimate_normalized,True,True
217,2016,40.0,sunflower,2.2364,estimate_normalized,True,True
217,2017,20.0,oil_seed_raps_spring,0.8960000000000001,productivity_normalized,True,True
217,2018,40.0,sunflower,1.1881,estimate_normalized,True,True
217,2019,40.0,sunflower,1.9620000000000002,productivity_normalized,True,True
217,2020,43.0,wheat_spring,3.37,productivity_normalized,False,True
217,2021,40.0,sunflower,2.768578431372549,physical_harvested_weight,False,True
217,2022,43.0,wheat_spring,3.0637254901960786,physical_harvested_weight,False,True
217,2023,3.0,barley_spring,2.021480392156863,physical_harvested_weight,False,True
217,2024,40.0,sunflower,2.9758823529411766,physical_harvested_weight,False,True
217,2025,43.0,wheat_spring,2.5629901960784314,physical_harvested_weight,False,True
217,2026,40.0,sunflower,,no_data,False,False
217,2027,43.0,wheat_spring,,no_data,False,False
217,2028,,,,no_data,False,False
217,2029,,,,no_data,False,False
217,2030,,,,no_data,False,False
218,2000,40.0,sunflower,,no_data,False,False
218,2001,40.0,sunflower,,no_data,False,False
218,2002,40.0,sunflower,,no_data,False,False
218,2003,40.0,sunflower,,no_data,False,False
218,2004,40.0,sunflower,,no_data,False,False
218,2005,40.0,sunflower,,no_data,False,False
218,2006,40.0,sunflower,,no_data,False,False
218,2007,40.0,sunflower,,no_data,False,False
218,2008,40.0,sunflower,,no_data,False,False
218,2009,40.0,sunflower,,no_data,False,False
218,2010,40.0,sunflower,2.4997,estimate_normalized,True,True
218,2011,40.0,sunflower,1.6986,estimate_normalized,True,True
218,2012,40.0,sunflower,1.8592,estimate_normalized,True,True
218,2013,40.0,sunflower,1.376,estimate_normalized,True,True
218,2014,40.0,sunflower,2.1887,estimate_normalized,True,True
218,2015,40.0,sunflower,1.8712,estimate_normalized,True,True
218,2016,40.0,sunflower,1.4839,estimate_normalized,True,True
218,2017,40.0,sunflower,1.2974,estimate_normalized,True,True
218,2018,40.0,sunflower,1.6402999999999999,estimate_normalized,True,True
218,2019,40.0,sunflower,1.7299,estimate_normalized,True,True
218,2020,43.0,wheat_spring,1.7929,estimate_normalized,True,True
218,2021,40.0,sunflower,2.12974358974359,physical_harvested_weight,False,True
218,2022,43.0,wheat_spring,2.1723076923076925,physical_harvested_weight,False,True
218,2023,3.0,barley_spring,3.3693589743589745,physical_harvested_weight,False,True
218,2024,43.0,wheat_spring,4.027153846153846,physical_harvested_weight,False,True
218,2025,43.0,wheat_spring,4.112820512820513,physical_harvested_weight,False,True
218,2026,3.0,barley_spring,,no_data,False,False
218,2027,43.0,wheat_spring,,no_data,False,False
218,2028,,,,no_data,False,False
218,2029,,,,no_data,False,False
218,2030,,,,no_data,False,False
219,2000,40.0,sunflower,,no_data,False,False
219,2001,40.0,sunflower,,no_data,False,False
219,2002,40.0,sunflower,,no_data,False,False
219,2003,40.0,sunflower,,no_data,False,False
219,2004,40.0,sunflower,,no_data,False,False
219,2005,40.0,sunflower,,no_data,False,False
219,2006,40.0,sunflower,,no_data,False,False
219,2007,40.0,sunflower,,no_data,False,False
219,2008,40.0,sunflower,,no_data,False,False
219,2009,40.0,sunflower,,no_data,False,False
219,2010,40.0,sunflower,2.4063,estimate_normalized,True,True
219,2011,40.0,sunflower,2.0567,estimate_normalized,True,True
219,2012,40.0,sunflower,1.8639,estimate_normalized,True,True
219,2013,40.0,sunflower,1.7675999999999998,estimate_normalized,True,True
219,2014,40.0,sunflower,2.3038,estimate_normalized,True,True
219,2015,40.0,sunflower,2.5288,estimate_normalized,True,True
219,2016,40.0,sunflower,2.2132,estimate_normalized,True,True
219,2017,44.0,wheat_winter,1.873,productivity_normalized,True,True
219,2018,40.0,sunflower,1.8597000000000001,estimate_normalized,True,True
219,2019,40.0,sunflower,2.273,productivity_normalized,True,True
219,2020,43.0,wheat_spring,4.25,productivity_normalized,False,True
219,2021,40.0,sunflower,2.818952380952381,physical_harvested_weight,False,True
219,2022,43.0,wheat_spring,2.827547619047619,physical_harvested_weight,False,True
219,2023,40.0,sunflower,2.802523809523809,physical_harvested_weight,False,True
219,2024,43.0,wheat_spring,3.6718380952380953,physical_harvested_weight,False,True
219,2025,3.0,barley_spring,3.528095238095238,physical_harvested_weight,False,True
219,2026,40.0,sunflower,,no_data,False,False
219,2027,43.0,wheat_spring,,no_data,False,False
219,2028,,,,no_data,False,False
219,2029,,,,no_data,False,False
219,2030,,,,no_data,False,False
220,2000,40.0,sunflower,,no_data,False,False
220,2001,40.0,sunflower,,no_data,False,False
220,2002,40.0,sunflower,,no_data,False,False
220,2003,40.0,sunflower,,no_data,False,False
220,2004,40.0,sunflower,,no_data,False,False
220,2005,40.0,sunflower,,no_data,False,False
220,2006,40.0,sunflower,,no_data,False,False
220,2007,40.0,sunflower,,no_data,False,False
220,2008,40.0,sunflower,,no_data,False,False
220,2009,40.0,sunflower,,no_data,False,False
220,2010,40.0,sunflower,1.9949000000000001,estimate_normalized,True,True
220,2011,40.0,sunflower,2.4819,estimate_normalized,True,True
220,2012,40.0,sunflower,1.7906,estimate_normalized,True,True
220,2013,40.0,sunflower,1.8199,estimate_normalized,True,True
220,2014,40.0,sunflower,2.0431,estimate_normalized,True,True
220,2015,40.0,sunflower,2.3007,estimate_normalized,True,True
220,2016,40.0,sunflower,2.7921,estimate_normalized,True,True
220,2017,20.0,oil_seed_raps_spring,1.93,productivity_normalized,False,True
220,2018,40.0,sunflower,1.9640999999999997,estimate_normalized,True,True
220,2019,40.0,sunflower,2.7649999999999997,productivity_normalized,True,True
220,2020,43.0,wheat_spring,5.13,productivity_normalized,False,True
220,2021,40.0,sunflower,2.0263999999999998,physical_harvested_weight,False,True
220,2022,43.0,wheat_spring,3.4832,physical_harvested_weight,False,True
220,2023,3.0,barley_spring,3.3728800000000003,physical_harvested_weight,False,True
220,2024,43.0,wheat_spring,3.12756,physical_harvested_weight,False,True
220,2025,43.0,wheat_spring,3.3072000000000004,physical_harvested_weight,False,True
220,2026,3.0,barley_spring,,no_data,False,False
220,2027,43.0,wheat_spring,,no_data,False,False
220,2028,,,,no_data,False,False
220,2029,,,,no_data,False,False
220,2030,,,,no_data,False,False
221,2000,,,,no_data,False,False
221,2001,,,,no_data,False,False
221,2002,,,,no_data,False,False
221,2003,,,,no_data,False,False
221,2004,,,,no_data,False,False
221,2005,,,,no_data,False,False
221,2006,,,,no_data,False,False
221,2007,,,,no_data,False,False
221,2008,,,,no_data,False,False
221,2009,,,,no_data,False,False
221,2010,,,,no_data,False,False
221,2011,,,,no_data,False,False
221,2012,,,,no_data,False,False
221,2013,,,,no_data,False,False
221,2014,,,,no_data,False,False
221,2015,,,,no_data,False,False
221,2016,,,,no_data,False,False
221,2017,20.0,oil_seed_raps_spring,1.06,productivity_normalized,False,True
221,2018,,,,no_data,False,False
221,2019,40.0,sunflower,1.982,productivity_normalized,True,True
221,2020,43.0,wheat_spring,3.8,productivity_normalized,False,True
221,2021,40.0,sunflower,1.7475,physical_harvested_weight,False,True
221,2022,43.0,wheat_spring,4.1328000000000005,estimate_normalized,True,True
221,2023,,,,no_data,False,False
221,2024,,,,no_data,False,False
221,2025,,,,no_data,False,False
221,2026,,,,no_data,False,False
221,2027,,,,no_data,False,False
221,2028,,,,no_data,False,False
221,2029,,,,no_data,False,False
221,2030,,,,no_data,False,False
222,2000,40.0,sunflower,,no_data,False,False
222,2001,40.0,sunflower,,no_data,False,False
222,2002,40.0,sunflower,,no_data,False,False
222,2003,40.0,sunflower,,no_data,False,False
222,2004,40.0,sunflower,,no_data,False,False
222,2005,40.0,sunflower,,no_data,False,False
222,2006,40.0,sunflower,,no_data,False,False
222,2007,40.0,sunflower,,no_data,False,False
222,2008,40.0,sunflower,,no_data,False,False
222,2009,40.0,sunflower,,no_data,False,False
222,2010,40.0,sunflower,2.4025,estimate_normalized,True,True
222,2011,40.0,sunflower,2.2814,estimate_normalized,True,True
222,2012,40.0,sunflower,1.3561999999999999,estimate_normalized,True,True
222,2013,40.0,sunflower,1.1753,estimate_normalized,True,True
222,2014,40.0,sunflower,2.3248,estimate_normalized,True,True
222,2015,40.0,sunflower,1.9893,estimate_normalized,True,True
222,2016,40.0,sunflower,1.6724,estimate_normalized,True,True
222,2017,20.0,oil_seed_raps_spring,1.6640000000000001,productivity_normalized,True,True
222,2018,40.0,sunflower,2.0337,estimate_normalized,True,True
222,2019,40.0,sunflower,2.648,productivity_normalized,True,True
222,2020,43.0,wheat_spring,2.1,productivity_normalized,False,True
222,2021,40.0,sunflower,2.9396774193548385,physical_harvested_weight,False,True
222,2022,43.0,wheat_spring,3.2700483870967743,physical_harvested_weight,False,True
222,2023,3.0,barley_spring,4.5005,physical_harvested_weight,False,True
222,2024,43.0,wheat_spring,3.6562580645161287,physical_harvested_weight,False,True
222,2025,40.0,sunflower,2.972258064516129,physical_harvested_weight,False,True
222,2026,43.0,wheat_spring,,no_data,False,False
222,2027,3.0,barley_spring,,no_data,False,False
222,2028,,,,no_data,False,False
222,2029,,,,no_data,False,False
222,2030,,,,no_data,False,False
223,2000,40.0,sunflower,,no_data,False,False
223,2001,40.0,sunflower,,no_data,False,False
223,2002,40.0,sunflower,,no_data,False,False
223,2003,40.0,sunflower,,no_data,False,False
223,2004,40.0,sunflower,,no_data,False,False
223,2005,40.0,sunflower,,no_data,False,False
223,2006,40.0,sunflower,,no_data,False,False
223,2007,40.0,sunflower,,no_data,False,False
223,2008,40.0,sunflower,,no_data,False,False
223,2009,40.0,sunflower,,no_data,False,False
223,2010,40.0,sunflower,2.8213,estimate_normalized,True,True
223,2011,40.0,sunflower,2.9623999999999997,estimate_normalized,True,True
223,2012,40.0,sunflower,1.3923,estimate_normalized,True,True
223,2013,40.0,sunflower,1.459,estimate_normalized,True,True
223,2014,40.0,sunflower,2.4033,estimate_normalized,True,True
223,2015,40.0,sunflower,1.401,estimate_normalized,True,True
223,2016,40.0,sunflower,2.1369,estimate_normalized,True,True
223,2017,20.0,oil_seed_raps_spring,1.9949999999999999,productivity_normalized,True,True
223,2018,40.0,sunflower,1.5562,estimate_normalized,True,True
223,2019,40.0,sunflower,2.6510000000000002,productivity_normalized,True,True
223,2020,43.0,wheat_spring,2.1,productivity_normalized,False,True
223,2021,40.0,sunflower,2.8625714285714285,physical_harvested_weight,False,True
223,2022,43.0,wheat_spring,3.2311428571428573,physical_harvested_weight,False,True
223,2023,3.0,barley_spring,2.3584285714285715,physical_harvested_weight,False,True
223,2024,43.0,wheat_spring,3.350857142857143,physical_harvested_weight,False,True
223,2025,40.0,sunflower,3.305142857142857,physical_harvested_weight,False,True
223,2026,43.0,wheat_spring,,no_data,False,False
223,2027,3.0,barley_spring,,no_data,False,False
223,2028,,,,no_data,False,False
223,2029,,,,no_data,False,False
223,2030,,,,no_data,False,False
224,2000,40.0,sunflower,,no_data,False,False
224,2001,40.0,sunflower,,no_data,False,False
224,2002,40.0,sunflower,,no_data,False,False
224,2003,40.0,sunflower,,no_data,False,False
224,2004,40.0,sunflower,,no_data,False,False
224,2005,40.0,sunflower,,no_data,False,False
224,2006,40.0,sunflower,,no_data,False,False
224,2007,40.0,sunflower,,no_data,False,False
224,2008,40.0,sunflower,,no_data,False,False
224,2009,40.0,sunflower,,no_data,False,False
224,2010,40.0,sunflower,2.7485,estimate_normalized,True,True
224,2011,40.0,sunflower,2.2157,estimate_normalized,True,True
224,2012,40.0,sunflower,2.8529,estimate_normalized,True,True
224,2013,40.0,sunflower,2.4626,estimate_normalized,True,True
224,2014,40.0,sunflower,2.6593,estimate_normalized,True,True
224,2015,40.0,sunflower,1.9421,estimate_normalized,True,True
224,2016,40.0,sunflower,2.7308,estimate_normalized,True,True
224,2017,20.0,oil_seed_raps_spring,0.6639999999999999,productivity_normalized,True,True
224,2018,40.0,sunflower,2.1925,estimate_normalized,True,True
224,2019,40.0,sunflower,3.961,productivity_normalized,True,True
224,2020,43.0,wheat_spring,0.857,productivity_normalized,True,True
224,2021,40.0,sunflower,2.0925000000000002,physical_harvested_weight,False,True
224,2022,43.0,wheat_spring,3.079423076923077,physical_harvested_weight,False,True
224,2023,3.0,barley_spring,2.481451923076923,physical_harvested_weight,False,True
224,2024,44.0,wheat_winter,5.0582692307692305,physical_harvested_weight,False,True
224,2025,40.0,sunflower,3.0742307692307693,physical_harvested_weight,False,True
224,2026,3.0,barley_spring,,no_data,False,False
224,2027,3.0,barley_spring,,no_data,False,False
224,2028,,,,no_data,False,False
224,2029,,,,no_data,False,False
224,2030,,,,no_data,False,False
225,2000,,,,no_data,False,False
225,2001,,,,no_data,False,False
225,2002,,,,no_data,False,False
225,2003,,,,no_data,False,False
225,2004,,,,no_data,False,False
225,2005,,,,no_data,False,False
225,2006,,,,no_data,False,False
225,2007,,,,no_data,False,False
225,2008,,,,no_data,False,False
225,2009,,,,no_data,False,False
225,2010,,,,no_data,False,False
225,2011,,,,no_data,False,False
225,2012,,,,no_data,False,False
225,2013,,,,no_data,False,False
225,2014,,,,no_data,False,False
225,2015,,,,no_data,False,False
225,2016,,,,no_data,False,False
225,2017,20.0,oil_seed_raps_spring,0.6639999999999999,productivity_normalized,True,True
225,2018,,,,no_data,False,False
225,2019,40.0,sunflower,3.961,productivity_normalized,True,True
225,2020,43.0,wheat_spring,2.335,productivity_normalized,True,True
225,2021,40.0,sunflower,1.85,physical_harvested_weight,False,True
225,2022,43.0,wheat_spring,4.58,estimate_normalized,True,True
225,2023,,,,no_data,False,False
225,2024,,,,no_data,False,False
225,2025,,,,no_data,False,False
225,2026,,,,no_data,False,False
225,2027,,,,no_data,False,False
225,2028,,,,no_data,False,False
225,2029,,,,no_data,False,False
225,2030,,,,no_data,False,False
226,2000,40.0,sunflower,,no_data,False,False
226,2001,40.0,sunflower,,no_data,False,False
226,2002,40.0,sunflower,,no_data,False,False
226,2003,40.0,sunflower,,no_data,False,False
226,2004,40.0,sunflower,,no_data,False,False
226,2005,40.0,sunflower,,no_data,False,False
226,2006,40.0,sunflower,,no_data,False,False
226,2007,40.0,sunflower,,no_data,False,False
226,2008,40.0,sunflower,,no_data,False,False
226,2009,40.0,sunflower,,no_data,False,False
226,2010,40.0,sunflower,2.0662,estimate_normalized,True,True
226,2011,40.0,sunflower,2.5954,estimate_normalized,True,True
226,2012,40.0,sunflower,1.3477999999999999,estimate_normalized,True,True
226,2013,40.0,sunflower,1.8176999999999999,estimate_normalized,True,True
226,2014,40.0,sunflower,2.2283,estimate_normalized,True,True
226,2015,40.0,sunflower,1.8338,estimate_normalized,True,True
226,2016,40.0,sunflower,2.7698,estimate_normalized,True,True
226,2017,40.0,sunflower,2.629,estimate_normalized,True,True
226,2018,40.0,sunflower,2.0143,estimate_normalized,True,True
226,2019,40.0,sunflower,2.9829999999999997,productivity_normalized,True,True
226,2020,43.0,wheat_spring,5.02,productivity_normalized,False,True
226,2021,40.0,sunflower,2.4555,physical_harvested_weight,False,True
226,2022,43.0,wheat_spring,1.6934999999999998,physical_harvested_weight,False,True
226,2023,3.0,barley_spring,1.1793749999999998,physical_harvested_weight,False,True
226,2024,44.0,wheat_winter,4.9315,physical_harvested_weight,False,True
226,2025,40.0,sunflower,3.0420000000000003,physical_harvested_weight,False,True
226,2026,43.0,wheat_spring,,no_data,False,False
226,2027,3.0,barley_spring,,no_data,False,False
226,2028,,,,no_data,False,False
226,2029,,,,no_data,False,False
226,2030,,,,no_data,False,False
227,2000,40.0,sunflower,,no_data,False,False
227,2001,40.0,sunflower,,no_data,False,False
227,2002,40.0,sunflower,,no_data,False,False
227,2003,40.0,sunflower,,no_data,False,False
227,2004,40.0,sunflower,,no_data,False,False
227,2005,40.0,sunflower,,no_data,False,False
227,2006,40.0,sunflower,,no_data,False,False
227,2007,40.0,sunflower,,no_data,False,False
227,2008,40.0,sunflower,,no_data,False,False
227,2009,40.0,sunflower,,no_data,False,False
227,2010,40.0,sunflower,2.7361,estimate_normalized,True,True
227,2011,40.0,sunflower,1.7692,estimate_normalized,True,True
227,2012,40.0,sunflower,1.6476,estimate_normalized,True,True
227,2013,40.0,sunflower,2.0164999999999997,estimate_normalized,True,True
227,2014,40.0,sunflower,2.4010000000000002,estimate_normalized,True,True
227,2015,40.0,sunflower,1.6341999999999999,estimate_normalized,True,True
227,2016,40.0,sunflower,1.8933,estimate_normalized,True,True
227,2017,40.0,sunflower,1.7968,estimate_normalized,True,True
227,2018,40.0,sunflower,2.613,productivity_normalized,True,True
227,2019,20.0,oil_seed_raps_spring,1.161,productivity_normalized,True,True
227,2020,44.0,wheat_winter,5.65,productivity_normalized,False,True
227,2021,44.0,wheat_winter,2.8346242774566472,physical_harvested_weight,False,True
227,2022,44.0,wheat_winter,2.217514450867052,physical_harvested_weight,False,True
227,2023,40.0,sunflower,2.6015895953757227,physical_harvested_weight,False,True
227,2024,3.0,barley_spring,3.007739884393064,physical_harvested_weight,False,True
227,2025,24.0,pea,1.5521965317919073,physical_harvested_weight,False,True
227,2026,40.0,sunflower,,no_data,False,False
227,2027,40.0,sunflower,,no_data,False,False
227,2028,,,,no_data,False,False
227,2029,,,,no_data,False,False
227,2030,,,,no_data,False,False
228,2000,40.0,sunflower,,no_data,False,False
228,2001,40.0,sunflower,,no_data,False,False
228,2002,40.0,sunflower,,no_data,False,False
228,2003,40.0,sunflower,,no_data,False,False
228,2004,40.0,sunflower,,no_data,False,False
228,2005,40.0,sunflower,,no_data,False,False
228,2006,40.0,sunflower,,no_data,False,False
228,2007,40.0,sunflower,,no_data,False,False
228,2008,40.0,sunflower,,no_data,False,False
228,2009,40.0,sunflower,,no_data,False,False
228,2010,40.0,sunflower,2.3478000000000003,estimate_normalized,True,True
228,2011,40.0,sunflower,1.8424,estimate_normalized,True,True
228,2012,40.0,sunflower,1.1162,estimate_normalized,True,True
228,2013,40.0,sunflower,2.4112,estimate_normalized,True,True
228,2014,40.0,sunflower,3.021,estimate_normalized,True,True
228,2015,40.0,sunflower,1.6277000000000001,estimate_normalized,True,True
228,2016,40.0,sunflower,1.5539999999999998,estimate_normalized,True,True
228,2017,40.0,sunflower,3.34,productivity_normalized,True,True
228,2018,16.0,maize,3.312,productivity_normalized,True,True
228,2019,36.0,soya,1.468,productivity_normalized,True,True
228,2020,44.0,wheat_winter,1.3,productivity_normalized,True,True
228,2021,44.0,wheat_winter,2.4169491525423727,physical_harvested_weight,False,True
228,2022,43.0,wheat_spring,4.564745762711865,physical_harvested_weight,False,True
228,2023,44.0,wheat_winter,1.5016949152542372,physical_harvested_weight,False,True
228,2024,40.0,sunflower,3.0528813559322034,physical_harvested_weight,False,True
228,2025,43.0,wheat_spring,3.004576271186441,physical_harvested_weight,False,True
228,2026,40.0,sunflower,,no_data,False,False
228,2027,40.0,sunflower,,no_data,False,False
228,2028,,,,no_data,False,False
228,2029,,,,no_data,False,False
228,2030,,,,no_data,False,False
229,2000,40.0,sunflower,,no_data,False,False
229,2001,40.0,sunflower,,no_data,False,False
229,2002,40.0,sunflower,,no_data,False,False
229,2003,40.0,sunflower,,no_data,False,False
229,2004,40.0,sunflower,,no_data,False,False
229,2005,40.0,sunflower,,no_data,False,False
229,2006,40.0,sunflower,,no_data,False,False
229,2007,40.0,sunflower,,no_data,False,False
229,2008,40.0,sunflower,,no_data,False,False
229,2009,40.0,sunflower,,no_data,False,False
229,2010,40.0,sunflower,1.4924,estimate_normalized,True,True
229,2011,40.0,sunflower,1.6809,estimate_normalized,True,True
229,2012,40.0,sunflower,0.9023999999999999,estimate_normalized,True,True
229,2013,40.0,sunflower,1.8671,estimate_normalized,True,True
229,2014,40.0,sunflower,1.8888000000000003,estimate_normalized,True,True
229,2015,40.0,sunflower,1.6917000000000002,estimate_normalized,True,True
229,2016,40.0,sunflower,1.5335,estimate_normalized,True,True
229,2017,40.0,sunflower,3.34,productivity_normalized,True,True
229,2018,16.0,maize,3.312,productivity_normalized,True,True
229,2019,36.0,soya,1.468,productivity_normalized,True,True
229,2020,44.0,wheat_winter,3.285,productivity_normalized,True,True
229,2021,44.0,wheat_winter,2.9450000000000003,physical_harvested_weight,False,True
229,2022,43.0,wheat_spring,2.841666666666667,physical_harvested_weight,False,True
229,2023,44.0,wheat_winter,3.4433333333333334,physical_harvested_weight,False,True
229,2024,40.0,sunflower,3.2544166666666663,physical_harvested_weight,False,True
229,2025,43.0,wheat_spring,3.5050000000000003,physical_harvested_weight,False,True
229,2026,40.0,sunflower,,no_data,False,False
229,2027,40.0,sunflower,,no_data,False,False
229,2028,,,,no_data,False,False
229,2029,,,,no_data,False,False
229,2030,,,,no_data,False,False
230,2000,40.0,sunflower,,no_data,False,False
230,2001,40.0,sunflower,,no_data,False,False
230,2002,40.0,sunflower,,no_data,False,False
230,2003,40.0,sunflower,,no_data,False,False
230,2004,40.0,sunflower,,no_data,False,False
230,2005,40.0,sunflower,,no_data,False,False
230,2006,40.0,sunflower,,no_data,False,False
230,2007,40.0,sunflower,,no_data,False,False
230,2008,40.0,sunflower,,no_data,False,False
230,2009,40.0,sunflower,,no_data,False,False
230,2010,40.0,sunflower,2.5814,estimate_normalized,True,True
230,2011,40.0,sunflower,1.7643,estimate_normalized,True,True
230,2012,40.0,sunflower,2.2159,estimate_normalized,True,True
230,2013,40.0,sunflower,2.8546,estimate_normalized,True,True
230,2014,40.0,sunflower,2.0745,estimate_normalized,True,True
230,2015,40.0,sunflower,2.0985,estimate_normalized,True,True
230,2016,40.0,sunflower,2.1473,estimate_normalized,True,True
230,2017,40.0,sunflower,2.8902,estimate_normalized,True,True
230,2018,40.0,sunflower,1.6839,estimate_normalized,True,True
230,2019,44.0,wheat_winter,4.503,productivity_normalized,True,True
230,2020,21.0,oil_seed_raps_winter,1.68,productivity_normalized,False,True
230,2021,44.0,wheat_winter,2.123766816143498,physical_harvested_weight,False,True
230,2022,40.0,sunflower,3.257219730941704,physical_harvested_weight,False,True
230,2023,43.0,wheat_spring,0.9786995515695067,physical_harvested_weight,False,True
230,2024,40.0,sunflower,3.2521793721973093,physical_harvested_weight,False,True
230,2025,43.0,wheat_spring,3.6687443946188343,physical_harvested_weight,False,True
230,2026,3.0,barley_spring,,no_data,False,False
230,2027,43.0,wheat_spring,,no_data,False,False
230,2028,,,,no_data,False,False
230,2029,,,,no_data,False,False
230,2030,,,,no_data,False,False
231,2000,40.0,sunflower,,no_data,False,False
231,2001,40.0,sunflower,,no_data,False,False
231,2002,40.0,sunflower,,no_data,False,False
231,2003,40.0,sunflower,,no_data,False,False
231,2004,40.0,sunflower,,no_data,False,False
231,2005,40.0,sunflower,,no_data,False,False
231,2006,40.0,sunflower,,no_data,False,False
231,2007,40.0,sunflower,,no_data,False,False
231,2008,40.0,sunflower,,no_data,False,False
231,2009,40.0,sunflower,,no_data,False,False
231,2010,40.0,sunflower,2.7244,estimate_normalized,True,True
231,2011,40.0,sunflower,1.6755,estimate_normalized,True,True
231,2012,40.0,sunflower,1.7558,estimate_normalized,True,True
231,2013,40.0,sunflower,2.2302,estimate_normalized,True,True
231,2014,40.0,sunflower,2.6751,estimate_normalized,True,True
231,2015,40.0,sunflower,1.9308,estimate_normalized,True,True
231,2016,40.0,sunflower,3.3901000000000003,estimate_normalized,True,True
231,2017,43.0,wheat_spring,1.95,productivity_normalized,True,True
231,2018,36.0,soya,0.93,productivity_normalized,True,True
231,2019,44.0,wheat_winter,4.303,productivity_normalized,True,True
231,2020,21.0,oil_seed_raps_winter,3.62,productivity_normalized,False,True
231,2021,44.0,wheat_winter,3.5069787234042553,physical_harvested_weight,False,True
231,2022,44.0,wheat_winter,1.5712340425531914,physical_harvested_weight,False,True
231,2023,40.0,sunflower,2.2995063829787235,physical_harvested_weight,False,True
231,2024,43.0,wheat_spring,3.8063829787234043,physical_harvested_weight,False,True
231,2025,24.0,pea,1.3324255319148937,physical_harvested_weight,False,True
231,2026,43.0,wheat_spring,,no_data,False,False
231,2027,40.0,sunflower,,no_data,False,False
231,2028,,,,no_data,False,False
231,2029,,,,no_data,False,False
231,2030,,,,no_data,False,False
232,2000,40.0,sunflower,,no_data,False,False
232,2001,40.0,sunflower,,no_data,False,False
232,2002,40.0,sunflower,,no_data,False,False
232,2003,40.0,sunflower,,no_data,False,False
232,2004,40.0,sunflower,,no_data,False,False
232,2005,40.0,sunflower,,no_data,False,False
232,2006,40.0,sunflower,,no_data,False,False
232,2007,40.0,sunflower,,no_data,False,False
232,2008,40.0,sunflower,,no_data,False,False
232,2009,40.0,sunflower,,no_data,False,False
232,2010,40.0,sunflower,2.0457,estimate_normalized,True,True
232,2011,40.0,sunflower,1.7736,estimate_normalized,True,True
232,2012,40.0,sunflower,2.3602,estimate_normalized,True,True
232,2013,40.0,sunflower,2.3914999999999997,estimate_normalized,True,True
232,2014,40.0,sunflower,2.4254000000000002,estimate_normalized,True,True
232,2015,40.0,sunflower,1.3354,estimate_normalized,True,True
232,2016,40.0,sunflower,2.2876000000000003,estimate_normalized,True,True
232,2017,43.0,wheat_spring,1.95,productivity_normalized,True,True
232,2018,36.0,soya,0.9,productivity_normalized,True,True
232,2019,44.0,wheat_winter,3.404,productivity_normalized,True,True
232,2020,21.0,oil_seed_raps_winter,2.23,productivity_normalized,False,True
232,2021,44.0,wheat_winter,3.2479729729729727,physical_harvested_weight,False,True
232,2022,44.0,wheat_winter,1.847837837837838,physical_harvested_weight,False,True
232,2023,40.0,sunflower,2.6881993243243243,physical_harvested_weight,False,True
232,2024,43.0,wheat_spring,3.330304054054054,physical_harvested_weight,False,True
232,2025,24.0,pea,1.8102027027027028,physical_harvested_weight,False,True
232,2026,43.0,wheat_spring,,no_data,False,False
232,2027,40.0,sunflower,,no_data,False,False
232,2028,,,,no_data,False,False
232,2029,,,,no_data,False,False
232,2030,,,,no_data,False,False
233,2000,40.0,sunflower,,no_data,False,False
233,2001,40.0,sunflower,,no_data,False,False
233,2002,40.0,sunflower,,no_data,False,False
233,2003,40.0,sunflower,,no_data,False,False
233,2004,40.0,sunflower,,no_data,False,False
233,2005,40.0,sunflower,,no_data,False,False
233,2006,40.0,sunflower,,no_data,False,False
233,2007,40.0,sunflower,,no_data,False,False
233,2008,40.0,sunflower,,no_data,False,False
233,2009,40.0,sunflower,,no_data,False,False
233,2010,40.0,sunflower,2.9024,estimate_normalized,True,True
233,2011,40.0,sunflower,2.1271,estimate_normalized,True,True
233,2012,40.0,sunflower,1.9567,estimate_normalized,True,True
233,2013,40.0,sunflower,1.5523,estimate_normalized,True,True
233,2014,40.0,sunflower,2.4834,estimate_normalized,True,True
233,2015,40.0,sunflower,2.2576,estimate_normalized,True,True
233,2016,40.0,sunflower,2.2677,estimate_normalized,True,True
233,2017,40.0,sunflower,2.0928,estimate_normalized,True,True
233,2018,40.0,sunflower,1.9316,estimate_normalized,True,True
233,2019,40.0,sunflower,2.564,estimate_normalized,True,True
233,2020,43.0,wheat_spring,1.75,estimate_normalized,True,True
233,2021,44.0,wheat_winter,3.6453846153846152,physical_harvested_weight,False,True
233,2022,46.0,nan,4.4169230769230765,physical_harvested_weight,False,True
233,2023,46.0,nan,,no_data,False,False
233,2024,46.0,nan,,no_data,False,False
233,2025,46.0,nan,,no_data,False,False
233,2026,46.0,nan,,no_data,False,False
233,2027,46.0,nan,,no_data,False,False
233,2028,,,,no_data,False,False
233,2029,,,,no_data,False,False
233,2030,,,,no_data,False,False
234,2000,40.0,sunflower,,no_data,False,False
234,2001,40.0,sunflower,,no_data,False,False
234,2002,40.0,sunflower,,no_data,False,False
234,2003,40.0,sunflower,,no_data,False,False
234,2004,40.0,sunflower,,no_data,False,False
234,2005,40.0,sunflower,,no_data,False,False
234,2006,40.0,sunflower,,no_data,False,False
234,2007,40.0,sunflower,,no_data,False,False
234,2008,40.0,sunflower,,no_data,False,False
234,2009,40.0,sunflower,,no_data,False,False
234,2010,40.0,sunflower,3.0815,estimate_normalized,True,True
234,2011,40.0,sunflower,2.5765000000000002,estimate_normalized,True,True
234,2012,40.0,sunflower,1.7617,estimate_normalized,True,True
234,2013,40.0,sunflower,2.1286,estimate_normalized,True,True
234,2014,40.0,sunflower,2.2455,estimate_normalized,True,True
234,2015,40.0,sunflower,2.3784,estimate_normalized,True,True
234,2016,40.0,sunflower,2.7931999999999997,estimate_normalized,True,True
234,2017,40.0,sunflower,2.7084,estimate_normalized,True,True
234,2018,40.0,sunflower,2.1424,estimate_normalized,True,True
234,2019,33.0,safflower,0.6081000000000001,estimate_normalized,True,True
234,2020,9.0,fallow,,no_data,False,False
234,2021,44.0,wheat_winter,5.389142857142858,physical_harvested_weight,False,True
234,2022,43.0,wheat_spring,3.975428571428571,physical_harvested_weight,False,True
234,2023,44.0,wheat_winter,1.7062857142857142,physical_harvested_weight,False,True
234,2024,40.0,sunflower,3.295057142857143,physical_harvested_weight,False,True
234,2025,62.0,nan,4.494857142857143,physical_harvested_weight,False,True
234,2026,40.0,sunflower,,no_data,False,False
234,2027,40.0,sunflower,,no_data,False,False
234,2028,,,,no_data,False,False
234,2029,,,,no_data,False,False
234,2030,,,,no_data,False,False
235,2000,40.0,sunflower,,no_data,False,False
235,2001,40.0,sunflower,,no_data,False,False
235,2002,40.0,sunflower,,no_data,False,False
235,2003,40.0,sunflower,,no_data,False,False
235,2004,40.0,sunflower,,no_data,False,False
235,2005,40.0,sunflower,,no_data,False,False
235,2006,40.0,sunflower,,no_data,False,False
235,2007,40.0,sunflower,,no_data,False,False
235,2008,40.0,sunflower,,no_data,False,False
235,2009,40.0,sunflower,,no_data,False,False
235,2010,40.0,sunflower,,no_data,False,False
235,2011,40.0,sunflower,,no_data,False,False
235,2012,40.0,sunflower,,no_data,False,False
235,2013,40.0,sunflower,,no_data,False,False
235,2014,40.0,sunflower,,no_data,False,False
235,2015,40.0,sunflower,,no_data,False,False
235,2016,40.0,sunflower,,no_data,False,False
235,2017,40.0,sunflower,,no_data,False,False
235,2018,40.0,sunflower,,no_data,False,False
235,2019,44.0,wheat_winter,,no_data,False,False
235,2020,21.0,oil_seed_raps_winter,3.57,productivity_normalized,False,True
235,2021,44.0,wheat_winter,7.1049999999999995,productivity_normalized,True,True
235,2022,40.0,sunflower,,no_data,False,False
235,2023,43.0,wheat_spring,2.2,productivity_normalized,True,True
235,2024,24.0,pea,2.5,productivity_normalized,False,True
235,2025,3.0,barley_spring,1.53,productivity_normalized,True,True
235,2026,43.0,wheat_spring,,no_data,False,False
235,2027,46.0,nan,,no_data,False,False
235,2028,,,,no_data,False,False
235,2029,,,,no_data,False,False
235,2030,,,,no_data,False,False
236,2000,40.0,sunflower,,no_data,False,False
236,2001,40.0,sunflower,,no_data,False,False
236,2002,40.0,sunflower,,no_data,False,False
236,2003,40.0,sunflower,,no_data,False,False
236,2004,40.0,sunflower,,no_data,False,False
236,2005,40.0,sunflower,,no_data,False,False
236,2006,40.0,sunflower,,no_data,False,False
236,2007,40.0,sunflower,,no_data,False,False
236,2008,40.0,sunflower,,no_data,False,False
236,2009,40.0,sunflower,,no_data,False,False
236,2010,40.0,sunflower,,no_data,False,False
236,2011,40.0,sunflower,,no_data,False,False
236,2012,40.0,sunflower,,no_data,False,False
236,2013,40.0,sunflower,,no_data,False,False
236,2014,40.0,sunflower,,no_data,False,False
236,2015,40.0,sunflower,,no_data,False,False
236,2016,40.0,sunflower,,no_data,False,False
236,2017,40.0,sunflower,,no_data,False,False
236,2018,36.0,soya,0.663,productivity_normalized,True,True
236,2019,44.0,wheat_winter,3.272,productivity_normalized,True,True
236,2020,21.0,oil_seed_raps_winter,3.16,productivity_normalized,False,True
236,2021,44.0,wheat_winter,2.8605,productivity_normalized,True,True
236,2022,40.0,sunflower,3.3475,productivity_normalized,True,True
236,2023,43.0,wheat_spring,2.520375,productivity_normalized,True,True
236,2024,3.0,barley_spring,3.7585,productivity_normalized,True,True
236,2025,40.0,sunflower,3.0025,productivity_normalized,True,True
236,2026,3.0,barley_spring,,no_data,False,False
236,2027,3.0,barley_spring,,no_data,False,False
236,2028,,,,no_data,False,False
236,2029,,,,no_data,False,False
236,2030,,,,no_data,False,False
237,2000,40.0,sunflower,,no_data,False,False
237,2001,40.0,sunflower,,no_data,False,False
237,2002,40.0,sunflower,,no_data,False,False
237,2003,40.0,sunflower,,no_data,False,False
237,2004,40.0,sunflower,,no_data,False,False
237,2005,40.0,sunflower,,no_data,False,False
237,2006,40.0,sunflower,,no_data,False,False
237,2007,40.0,sunflower,,no_data,False,False
237,2008,40.0,sunflower,,no_data,False,False
237,2009,40.0,sunflower,,no_data,False,False
237,2010,40.0,sunflower,,no_data,False,False
237,2011,40.0,sunflower,,no_data,False,False
237,2012,40.0,sunflower,,no_data,False,False
237,2013,40.0,sunflower,,no_data,False,False
237,2014,40.0,sunflower,,no_data,False,False
237,2015,40.0,sunflower,,no_data,False,False
237,2016,40.0,sunflower,,no_data,False,False
237,2017,40.0,sunflower,,no_data,False,False
237,2018,36.0,soya,0.654,productivity_normalized,True,True
237,2019,44.0,wheat_winter,2.7800000000000002,productivity_normalized,True,True
237,2020,21.0,oil_seed_raps_winter,3.82,productivity_normalized,False,True
237,2021,44.0,wheat_winter,3.2366667,productivity_normalized,True,True
237,2022,40.0,sunflower,2.5155556,productivity_normalized,True,True
237,2023,43.0,wheat_spring,1.6024999999999998,productivity_normalized,True,True
237,2024,3.0,barley_spring,4.8711389,productivity_normalized,True,True
237,2025,40.0,sunflower,3.3130555999999998,productivity_normalized,True,True
237,2026,3.0,barley_spring,,no_data,False,False
237,2027,3.0,barley_spring,,no_data,False,False
237,2028,,,,no_data,False,False
237,2029,,,,no_data,False,False
237,2030,,,,no_data,False,False
238,2000,40.0,sunflower,,no_data,False,False
238,2001,40.0,sunflower,,no_data,False,False
238,2002,40.0,sunflower,,no_data,False,False
238,2003,40.0,sunflower,,no_data,False,False
238,2004,40.0,sunflower,,no_data,False,False
238,2005,40.0,sunflower,,no_data,False,False
238,2006,40.0,sunflower,,no_data,False,False
238,2007,40.0,sunflower,,no_data,False,False
238,2008,40.0,sunflower,,no_data,False,False
238,2009,40.0,sunflower,,no_data,False,False
238,2010,40.0,sunflower,,no_data,False,False
238,2011,40.0,sunflower,,no_data,False,False
238,2012,40.0,sunflower,,no_data,False,False
238,2013,40.0,sunflower,,no_data,False,False
238,2014,40.0,sunflower,,no_data,False,False
238,2015,40.0,sunflower,,no_data,False,False
238,2016,40.0,sunflower,,no_data,False,False
238,2017,40.0,sunflower,,no_data,False,False
238,2018,40.0,sunflower,,no_data,False,False
238,2019,44.0,wheat_winter,3.5780000000000003,productivity_normalized,True,True
238,2020,21.0,oil_seed_raps_winter,3.16,productivity_normalized,False,True
238,2021,44.0,wheat_winter,3.3530556,productivity_normalized,True,True
238,2022,40.0,sunflower,2.1222222,productivity_normalized,True,True
238,2023,43.0,wheat_spring,2.1988889,productivity_normalized,True,True
238,2024,3.0,barley_spring,4.6133333,productivity_normalized,True,True
238,2025,40.0,sunflower,1.9090278,productivity_normalized,True,True
238,2026,3.0,barley_spring,,no_data,False,False
238,2027,3.0,barley_spring,,no_data,False,False
238,2028,,,,no_data,False,False
238,2029,,,,no_data,False,False
238,2030,,,,no_data,False,False
239,2000,40.0,sunflower,,no_data,False,False
239,2001,40.0,sunflower,,no_data,False,False
239,2002,40.0,sunflower,,no_data,False,False
239,2003,40.0,sunflower,,no_data,False,False
239,2004,40.0,sunflower,,no_data,False,False
239,2005,40.0,sunflower,,no_data,False,False
239,2006,40.0,sunflower,,no_data,False,False
239,2007,40.0,sunflower,,no_data,False,False
239,2008,40.0,sunflower,,no_data,False,False
239,2009,40.0,sunflower,,no_data,False,False
239,2010,40.0,sunflower,,no_data,False,False
239,2011,40.0,sunflower,,no_data,False,False
239,2012,40.0,sunflower,,no_data,False,False
239,2013,40.0,sunflower,,no_data,False,False
239,2014,40.0,sunflower,,no_data,False,False
239,2015,40.0,sunflower,,no_data,False,False
239,2016,40.0,sunflower,,no_data,False,False
239,2017,40.0,sunflower,,no_data,False,False
239,2018,40.0,sunflower,,no_data,False,False
239,2019,44.0,wheat_winter,4.11,productivity_normalized,True,True
239,2020,21.0,oil_seed_raps_winter,1.53,productivity_normalized,False,True
239,2021,44.0,wheat_winter,3.1601709,productivity_normalized,True,True
239,2022,40.0,sunflower,1.9928204999999999,productivity_normalized,True,True
239,2023,43.0,wheat_spring,0.9917949,productivity_normalized,True,True
239,2024,3.0,barley_spring,5.6704273999999995,productivity_normalized,True,True
239,2025,40.0,sunflower,3.0952137,productivity_normalized,True,True
239,2026,3.0,barley_spring,,no_data,False,False
239,2027,3.0,barley_spring,,no_data,False,False
239,2028,,,,no_data,False,False
239,2029,,,,no_data,False,False
239,2030,,,,no_data,False,False
241,2000,40.0,sunflower,,no_data,False,False
241,2001,40.0,sunflower,,no_data,False,False
241,2002,40.0,sunflower,,no_data,False,False
241,2003,40.0,sunflower,,no_data,False,False
241,2004,40.0,sunflower,,no_data,False,False
241,2005,40.0,sunflower,,no_data,False,False
241,2006,40.0,sunflower,,no_data,False,False
241,2007,40.0,sunflower,,no_data,False,False
241,2008,40.0,sunflower,,no_data,False,False
241,2009,40.0,sunflower,,no_data,False,False
241,2010,40.0,sunflower,,no_data,False,False
241,2011,40.0,sunflower,,no_data,False,False
241,2012,40.0,sunflower,,no_data,False,False
241,2013,40.0,sunflower,,no_data,False,False
241,2014,40.0,sunflower,,no_data,False,False
241,2015,40.0,sunflower,,no_data,False,False
241,2016,40.0,sunflower,,no_data,False,False
241,2017,40.0,sunflower,,no_data,False,False
241,2018,21.0,oil_seed_raps_winter,1.2810000000000001,productivity_normalized,True,True
241,2019,44.0,wheat_winter,2.933,productivity_normalized,True,True
241,2020,16.0,maize,9.65,productivity_normalized,False,True
241,2021,44.0,wheat_winter,1.9516049,productivity_normalized,True,True
241,2022,46.0,nan,3.1716049,productivity_normalized,True,True
241,2023,46.0,nan,,no_data,False,False
241,2024,46.0,nan,,no_data,False,False
241,2025,46.0,nan,,no_data,False,False
241,2026,46.0,nan,,no_data,False,False
241,2027,46.0,nan,,no_data,False,False
241,2028,,,,no_data,False,False
241,2029,,,,no_data,False,False
241,2030,,,,no_data,False,False
242,2000,40.0,sunflower,,no_data,False,False
242,2001,40.0,sunflower,,no_data,False,False
242,2002,40.0,sunflower,,no_data,False,False
242,2003,40.0,sunflower,,no_data,False,False
242,2004,40.0,sunflower,,no_data,False,False
242,2005,40.0,sunflower,,no_data,False,False
242,2006,40.0,sunflower,,no_data,False,False
242,2007,40.0,sunflower,,no_data,False,False
242,2008,40.0,sunflower,,no_data,False,False
242,2009,40.0,sunflower,,no_data,False,False
242,2010,40.0,sunflower,,no_data,False,False
242,2011,40.0,sunflower,,no_data,False,False
242,2012,40.0,sunflower,,no_data,False,False
242,2013,40.0,sunflower,,no_data,False,False
242,2014,40.0,sunflower,,no_data,False,False
242,2015,40.0,sunflower,,no_data,False,False
242,2016,40.0,sunflower,,no_data,False,False
242,2017,40.0,sunflower,2.104,productivity_normalized,True,True
242,2018,16.0,maize,2.641,productivity_normalized,True,True
242,2019,36.0,soya,1.877,productivity_normalized,True,True
242,2020,44.0,wheat_winter,1.28,productivity_normalized,True,True
242,2021,44.0,wheat_winter,2.2054839,productivity_normalized,True,True
242,2022,43.0,wheat_spring,3.6822581,productivity_normalized,True,True
242,2023,44.0,wheat_winter,1.7032257999999998,productivity_normalized,True,True
242,2024,40.0,sunflower,2.7984516,productivity_normalized,True,True
242,2025,62.0,nan,3.7944262,productivity_normalized,True,True
242,2026,40.0,sunflower,,no_data,False,False
242,2027,40.0,sunflower,,no_data,False,False
242,2028,,,,no_data,False,False
242,2029,,,,no_data,False,False
242,2030,,,,no_data,False,False
244,2000,40.0,sunflower,,no_data,False,False
244,2001,40.0,sunflower,,no_data,False,False
244,2002,40.0,sunflower,,no_data,False,False
244,2003,40.0,sunflower,,no_data,False,False
244,2004,40.0,sunflower,,no_data,False,False
244,2005,40.0,sunflower,,no_data,False,False
244,2006,40.0,sunflower,,no_data,False,False
244,2007,40.0,sunflower,,no_data,False,False
244,2008,40.0,sunflower,,no_data,False,False
244,2009,40.0,sunflower,,no_data,False,False
244,2010,40.0,sunflower,,no_data,False,False
244,2011,40.0,sunflower,,no_data,False,False
244,2012,40.0,sunflower,,no_data,False,False
244,2013,40.0,sunflower,,no_data,False,False
244,2014,40.0,sunflower,,no_data,False,False
244,2015,40.0,sunflower,,no_data,False,False
244,2016,40.0,sunflower,,no_data,False,False
244,2017,40.0,sunflower,,no_data,False,False
244,2018,40.0,sunflower,2.637,productivity_normalized,True,True
244,2019,20.0,oil_seed_raps_spring,0.523,productivity_normalized,True,True
244,2020,44.0,wheat_winter,1.056,productivity_normalized,True,True
244,2021,44.0,wheat_winter,2.4169811,productivity_normalized,True,True
244,2022,43.0,wheat_spring,4.1938679,productivity_normalized,True,True
244,2023,24.0,pea,1.9418868,productivity_normalized,True,True
244,2024,43.0,wheat_spring,2.7306038,productivity_normalized,True,True
244,2025,40.0,sunflower,4.2822642,productivity_normalized,True,True
244,2026,43.0,wheat_spring,,no_data,False,False
244,2027,44.0,wheat_winter,,no_data,False,False
244,2028,,,,no_data,False,False
244,2029,,,,no_data,False,False
244,2030,,,,no_data,False,False
246,2000,40.0,sunflower,,no_data,False,False
246,2001,40.0,sunflower,,no_data,False,False
246,2002,40.0,sunflower,,no_data,False,False
246,2003,40.0,sunflower,,no_data,False,False
246,2004,40.0,sunflower,,no_data,False,False
246,2005,40.0,sunflower,,no_data,False,False
246,2006,40.0,sunflower,,no_data,False,False
246,2007,40.0,sunflower,,no_data,False,False
246,2008,40.0,sunflower,,no_data,False,False
246,2009,40.0,sunflower,,no_data,False,False
246,2010,40.0,sunflower,,no_data,False,False
246,2011,40.0,sunflower,,no_data,False,False
246,2012,40.0,sunflower,,no_data,False,False
246,2013,40.0,sunflower,,no_data,False,False
246,2014,40.0,sunflower,,no_data,False,False
246,2015,40.0,sunflower,,no_data,False,False
246,2016,40.0,sunflower,,no_data,False,False
246,2017,40.0,sunflower,,no_data,False,False
246,2018,40.0,sunflower,2.984,productivity_normalized,True,True
246,2019,20.0,oil_seed_raps_spring,0.8029999999999999,productivity_normalized,True,True
246,2020,44.0,wheat_winter,4.14,productivity_normalized,False,True
246,2021,44.0,wheat_winter,2.6124389999999997,productivity_normalized,True,True
246,2022,43.0,wheat_spring,1.6465854,productivity_normalized,True,True
246,2023,24.0,pea,1.7840596999999998,productivity_normalized,True,True
246,2024,43.0,wheat_spring,3.8840732000000004,productivity_normalized,True,True
246,2025,40.0,sunflower,1.26,productivity_normalized,True,True
246,2026,43.0,wheat_spring,,no_data,False,False
246,2027,44.0,wheat_winter,,no_data,False,False
246,2028,,,,no_data,False,False
246,2029,,,,no_data,False,False
246,2030,,,,no_data,False,False
247,2000,40.0,sunflower,,no_data,False,False
247,2001,40.0,sunflower,,no_data,False,False
247,2002,40.0,sunflower,,no_data,False,False
247,2003,40.0,sunflower,,no_data,False,False
247,2004,40.0,sunflower,,no_data,False,False
247,2005,40.0,sunflower,,no_data,False,False
247,2006,40.0,sunflower,,no_data,False,False
247,2007,40.0,sunflower,,no_data,False,False
247,2008,40.0,sunflower,,no_data,False,False
247,2009,40.0,sunflower,,no_data,False,False
247,2010,40.0,sunflower,,no_data,False,False
247,2011,40.0,sunflower,,no_data,False,False
247,2012,40.0,sunflower,,no_data,False,False
247,2013,40.0,sunflower,,no_data,False,False
247,2014,40.0,sunflower,,no_data,False,False
247,2015,40.0,sunflower,,no_data,False,False
247,2016,40.0,sunflower,,no_data,False,False
247,2017,40.0,sunflower,,no_data,False,False
247,2018,40.0,sunflower,2.554,productivity_normalized,True,True
247,2019,20.0,oil_seed_raps_spring,,no_data,False,False
247,2020,44.0,wheat_winter,5.74,productivity_normalized,False,True
247,2021,44.0,wheat_winter,3.5429431,productivity_normalized,True,True
247,2022,44.0,wheat_winter,1.5000662,productivity_normalized,True,True
247,2023,40.0,sunflower,2.7414536,productivity_normalized,True,True
247,2024,43.0,wheat_spring,2.6623311000000003,productivity_normalized,True,True
247,2025,3.0,barley_spring,4.1251656,productivity_normalized,True,True
247,2026,40.0,sunflower,,no_data,False,False
247,2027,43.0,wheat_spring,,no_data,False,False
247,2028,,,,no_data,False,False
247,2029,,,,no_data,False,False
247,2030,,,,no_data,False,False
248,2000,40.0,sunflower,,no_data,False,False
248,2001,40.0,sunflower,,no_data,False,False
248,2002,40.0,sunflower,,no_data,False,False
248,2003,40.0,sunflower,,no_data,False,False
248,2004,40.0,sunflower,,no_data,False,False
248,2005,40.0,sunflower,,no_data,False,False
248,2006,40.0,sunflower,,no_data,False,False
248,2007,40.0,sunflower,,no_data,False,False
248,2008,40.0,sunflower,,no_data,False,False
248,2009,40.0,sunflower,,no_data,False,False
248,2010,40.0,sunflower,,no_data,False,False
248,2011,40.0,sunflower,,no_data,False,False
248,2012,40.0,sunflower,,no_data,False,False
248,2013,40.0,sunflower,,no_data,False,False
248,2014,40.0,sunflower,,no_data,False,False
248,2015,40.0,sunflower,,no_data,False,False
248,2016,40.0,sunflower,,no_data,False,False
248,2017,21.0,oil_seed_raps_winter,2.366,productivity_normalized,True,True
248,2018,44.0,wheat_winter,3.807,productivity_normalized,True,True
248,2019,36.0,soya,1.3039999999999998,productivity_normalized,True,True
248,2020,44.0,wheat_winter,3.6,productivity_normalized,False,True
248,2021,44.0,wheat_winter,2.4291852,productivity_normalized,True,True
248,2022,24.0,pea,1.9879259,productivity_normalized,True,True
248,2023,44.0,wheat_winter,2.141,productivity_normalized,True,True
248,2024,40.0,sunflower,3.4415778,productivity_normalized,True,True
248,2025,43.0,wheat_spring,3.6302963,productivity_normalized,True,True
248,2026,20.0,oil_seed_raps_spring,,no_data,False,False
248,2027,24.0,pea,,no_data,False,False
248,2028,,,,no_data,False,False
248,2029,,,,no_data,False,False
248,2030,,,,no_data,False,False
249,2000,,,,no_data,False,False
249,2001,,,,no_data,False,False
249,2002,,,,no_data,False,False
249,2003,,,,no_data,False,False
249,2004,,,,no_data,False,False
249,2005,,,,no_data,False,False
249,2006,,,,no_data,False,False
249,2007,,,,no_data,False,False
249,2008,,,,no_data,False,False
249,2009,,,,no_data,False,False
249,2010,,,,no_data,False,False
249,2011,,,,no_data,False,False
249,2012,,,,no_data,False,False
249,2013,,,,no_data,False,False
249,2014,,,,no_data,False,False
249,2015,,,,no_data,False,False
249,2016,,,,no_data,False,False
249,2017,,,,no_data,False,False
249,2018,40.0,sunflower,2.024,productivity_normalized,True,True
249,2019,20.0,oil_seed_raps_spring,1.065,productivity_normalized,True,True
249,2020,44.0,wheat_winter,4.21,productivity_normalized,False,True
249,2021,44.0,wheat_winter,2.7772221999999998,productivity_normalized,True,True
249,2022,40.0,sunflower,,no_data,False,False
249,2023,,,,no_data,False,False
249,2024,,,,no_data,False,False
249,2025,,,,no_data,False,False
249,2026,,,,no_data,False,False
249,2027,,,,no_data,False,False
249,2028,,,,no_data,False,False
249,2029,,,,no_data,False,False
249,2030,,,,no_data,False,False
250,2000,40.0,sunflower,,no_data,False,False
250,2001,40.0,sunflower,,no_data,False,False
250,2002,40.0,sunflower,,no_data,False,False
250,2003,40.0,sunflower,,no_data,False,False
250,2004,40.0,sunflower,,no_data,False,False
250,2005,40.0,sunflower,,no_data,False,False
250,2006,40.0,sunflower,,no_data,False,False
250,2007,40.0,sunflower,,no_data,False,False
250,2008,40.0,sunflower,,no_data,False,False
250,2009,40.0,sunflower,,no_data,False,False
250,2010,40.0,sunflower,,no_data,False,False
250,2011,40.0,sunflower,,no_data,False,False
250,2012,40.0,sunflower,,no_data,False,False
250,2013,40.0,sunflower,,no_data,False,False
250,2014,40.0,sunflower,,no_data,False,False
250,2015,40.0,sunflower,,no_data,False,False
250,2016,40.0,sunflower,,no_data,False,False
250,2017,40.0,sunflower,,no_data,False,False
250,2018,40.0,sunflower,2.024,productivity_normalized,True,True
250,2019,44.0,wheat_winter,3.503,productivity_normalized,True,True
250,2020,44.0,wheat_winter,6.93,productivity_normalized,False,True
250,2021,44.0,wheat_winter,2.2718182,productivity_normalized,True,True
250,2022,40.0,sunflower,3.0933333000000003,productivity_normalized,True,True
250,2023,43.0,wheat_spring,2.160098,productivity_normalized,True,True
250,2024,3.0,barley_spring,5.9836275,productivity_normalized,True,True
250,2025,40.0,sunflower,2.8207353,productivity_normalized,True,True
250,2026,3.0,barley_spring,,no_data,False,False
250,2027,3.0,barley_spring,,no_data,False,False
250,2028,,,,no_data,False,False
250,2029,,,,no_data,False,False
250,2030,,,,no_data,False,False
251,2000,40.0,sunflower,,no_data,False,False
251,2001,40.0,sunflower,,no_data,False,False
251,2002,40.0,sunflower,,no_data,False,False
251,2003,40.0,sunflower,,no_data,False,False
251,2004,40.0,sunflower,,no_data,False,False
251,2005,40.0,sunflower,,no_data,False,False
251,2006,40.0,sunflower,,no_data,False,False
251,2007,40.0,sunflower,,no_data,False,False
251,2008,40.0,sunflower,,no_data,False,False
251,2009,40.0,sunflower,,no_data,False,False
251,2010,40.0,sunflower,,no_data,False,False
251,2011,40.0,sunflower,,no_data,False,False
251,2012,40.0,sunflower,,no_data,False,False
251,2013,40.0,sunflower,,no_data,False,False
251,2014,40.0,sunflower,,no_data,False,False
251,2015,40.0,sunflower,,no_data,False,False
251,2016,40.0,sunflower,,no_data,False,False
251,2017,21.0,oil_seed_raps_winter,1.952,productivity_normalized,True,True
251,2018,44.0,wheat_winter,4.2219999999999995,productivity_normalized,True,True
251,2019,44.0,wheat_winter,2.295,productivity_normalized,True,True
251,2020,43.0,wheat_spring,3.57,productivity_normalized,False,True
251,2021,44.0,wheat_winter,3.076378,productivity_normalized,True,True
251,2022,32.0,rye_winter,1.2108842,productivity_normalized,True,True
251,2023,40.0,sunflower,2.7869213,productivity_normalized,True,True
251,2024,43.0,wheat_spring,3.6110236000000002,productivity_normalized,True,True
251,2025,20.0,oil_seed_raps_spring,2.7562992,productivity_normalized,True,True
251,2026,44.0,wheat_winter,,no_data,False,False
251,2027,44.0,wheat_winter,,no_data,False,False
251,2028,,,,no_data,False,False
251,2029,,,,no_data,False,False
251,2030,,,,no_data,False,False
252,2000,40.0,sunflower,,no_data,False,False
252,2001,40.0,sunflower,,no_data,False,False
252,2002,40.0,sunflower,,no_data,False,False
252,2003,40.0,sunflower,,no_data,False,False
252,2004,40.0,sunflower,,no_data,False,False
252,2005,40.0,sunflower,,no_data,False,False
252,2006,40.0,sunflower,,no_data,False,False
252,2007,40.0,sunflower,,no_data,False,False
252,2008,40.0,sunflower,,no_data,False,False
252,2009,40.0,sunflower,,no_data,False,False
252,2010,40.0,sunflower,,no_data,False,False
252,2011,40.0,sunflower,,no_data,False,False
252,2012,40.0,sunflower,,no_data,False,False
252,2013,40.0,sunflower,,no_data,False,False
252,2014,40.0,sunflower,,no_data,False,False
252,2015,40.0,sunflower,,no_data,False,False
252,2016,40.0,sunflower,,no_data,False,False
252,2017,40.0,sunflower,3.364,productivity_normalized,True,True
252,2018,40.0,sunflower,,no_data,False,False
252,2019,44.0,wheat_winter,5.035,productivity_normalized,True,True
252,2020,43.0,wheat_spring,3.79,productivity_normalized,False,True
252,2021,44.0,wheat_winter,2.8787952,productivity_normalized,True,True
252,2022,44.0,wheat_winter,2.3581446,productivity_normalized,True,True
252,2023,40.0,sunflower,2.8884458,productivity_normalized,True,True
252,2024,43.0,wheat_spring,3.2549398,productivity_normalized,True,True
252,2025,20.0,oil_seed_raps_spring,2.1437349,productivity_normalized,True,True
252,2026,44.0,wheat_winter,,no_data,False,False
252,2027,44.0,wheat_winter,,no_data,False,False
252,2028,,,,no_data,False,False
252,2029,,,,no_data,False,False
252,2030,,,,no_data,False,False
253,2000,40.0,sunflower,,no_data,False,False
253,2001,40.0,sunflower,,no_data,False,False
253,2002,40.0,sunflower,,no_data,False,False
253,2003,40.0,sunflower,,no_data,False,False
253,2004,40.0,sunflower,,no_data,False,False
253,2005,40.0,sunflower,,no_data,False,False
253,2006,40.0,sunflower,,no_data,False,False
253,2007,40.0,sunflower,,no_data,False,False
253,2008,40.0,sunflower,,no_data,False,False
253,2009,40.0,sunflower,,no_data,False,False
253,2010,40.0,sunflower,,no_data,False,False
253,2011,40.0,sunflower,,no_data,False,False
253,2012,40.0,sunflower,,no_data,False,False
253,2013,40.0,sunflower,,no_data,False,False
253,2014,40.0,sunflower,,no_data,False,False
253,2015,40.0,sunflower,,no_data,False,False
253,2016,40.0,sunflower,,no_data,False,False
253,2017,40.0,sunflower,2.676,productivity_normalized,True,True
253,2018,40.0,sunflower,,no_data,False,False
253,2019,44.0,wheat_winter,5.114,productivity_normalized,True,True
253,2020,43.0,wheat_spring,3.71,productivity_normalized,False,True
253,2021,44.0,wheat_winter,2.4343529,productivity_normalized,True,True
253,2022,32.0,rye_winter,2.3553846,productivity_normalized,True,True
253,2023,40.0,sunflower,2.5995294,productivity_normalized,True,True
253,2024,43.0,wheat_spring,3.896,productivity_normalized,True,True
253,2025,20.0,oil_seed_raps_spring,2.3537647,productivity_normalized,True,True
253,2026,44.0,wheat_winter,,no_data,False,False
253,2027,44.0,wheat_winter,,no_data,False,False
253,2028,,,,no_data,False,False
253,2029,,,,no_data,False,False
253,2030,,,,no_data,False,False
254,2000,40.0,sunflower,,no_data,False,False
254,2001,40.0,sunflower,,no_data,False,False
254,2002,40.0,sunflower,,no_data,False,False
254,2003,40.0,sunflower,,no_data,False,False
254,2004,40.0,sunflower,,no_data,False,False
254,2005,40.0,sunflower,,no_data,False,False
254,2006,40.0,sunflower,,no_data,False,False
254,2007,40.0,sunflower,,no_data,False,False
254,2008,40.0,sunflower,,no_data,False,False
254,2009,40.0,sunflower,,no_data,False,False
254,2010,40.0,sunflower,,no_data,False,False
254,2011,40.0,sunflower,,no_data,False,False
254,2012,40.0,sunflower,,no_data,False,False
254,2013,40.0,sunflower,,no_data,False,False
254,2014,40.0,sunflower,,no_data,False,False
254,2015,40.0,sunflower,,no_data,False,False
254,2016,40.0,sunflower,,no_data,False,False
254,2017,40.0,sunflower,2.936,productivity_normalized,True,True
254,2018,16.0,maize,3.281,productivity_normalized,True,True
254,2019,36.0,soya,1.136,productivity_normalized,True,True
254,2020,44.0,wheat_winter,0.835,productivity_normalized,True,True
254,2021,44.0,wheat_winter,2.1813514,productivity_normalized,True,True
254,2022,24.0,pea,2.3140541,productivity_normalized,True,True
254,2023,44.0,wheat_winter,5.264189,productivity_normalized,False,True
254,2024,40.0,sunflower,3.4018783999999997,productivity_normalized,True,True
254,2025,43.0,wheat_spring,4.1056080999999995,productivity_normalized,True,True
254,2026,20.0,oil_seed_raps_spring,,no_data,False,False
254,2027,24.0,pea,,no_data,False,False
254,2028,,,,no_data,False,False
254,2029,,,,no_data,False,False
254,2030,,,,no_data,False,False
255,2000,40.0,sunflower,,no_data,False,False
255,2001,40.0,sunflower,,no_data,False,False
255,2002,40.0,sunflower,,no_data,False,False
255,2003,40.0,sunflower,,no_data,False,False
255,2004,40.0,sunflower,,no_data,False,False
255,2005,40.0,sunflower,,no_data,False,False
255,2006,40.0,sunflower,,no_data,False,False
255,2007,40.0,sunflower,,no_data,False,False
255,2008,40.0,sunflower,,no_data,False,False
255,2009,40.0,sunflower,,no_data,False,False
255,2010,40.0,sunflower,,no_data,False,False
255,2011,40.0,sunflower,,no_data,False,False
255,2012,40.0,sunflower,,no_data,False,False
255,2013,40.0,sunflower,,no_data,False,False
255,2014,40.0,sunflower,,no_data,False,False
255,2015,40.0,sunflower,,no_data,False,False
255,2016,40.0,sunflower,,no_data,False,False
255,2017,43.0,wheat_spring,2.0,productivity_normalized,True,True
255,2018,21.0,oil_seed_raps_winter,1.0,productivity_normalized,True,True
255,2019,44.0,wheat_winter,1.3,productivity_normalized,True,True
255,2020,40.0,sunflower,2.5,productivity_normalized,True,True
255,2021,43.0,wheat_spring,3.4953570999999997,productivity_normalized,True,True
255,2022,43.0,wheat_spring,,no_data,False,False
255,2023,40.0,sunflower,2.5888660999999997,productivity_normalized,True,True
255,2024,43.0,wheat_spring,4.014821400000001,productivity_normalized,True,True
255,2025,3.0,barley_spring,4.2278571,productivity_normalized,True,True
255,2026,44.0,wheat_winter,,no_data,False,False
255,2027,44.0,wheat_winter,,no_data,False,False
255,2028,,,,no_data,False,False
255,2029,,,,no_data,False,False
255,2030,,,,no_data,False,False
256,2000,40.0,sunflower,,no_data,False,False
256,2001,40.0,sunflower,,no_data,False,False
256,2002,40.0,sunflower,,no_data,False,False
256,2003,40.0,sunflower,,no_data,False,False
256,2004,40.0,sunflower,,no_data,False,False
256,2005,40.0,sunflower,,no_data,False,False
256,2006,40.0,sunflower,,no_data,False,False
256,2007,40.0,sunflower,,no_data,False,False
256,2008,40.0,sunflower,,no_data,False,False
256,2009,40.0,sunflower,,no_data,False,False
256,2010,40.0,sunflower,,no_data,False,False
256,2011,40.0,sunflower,,no_data,False,False
256,2012,40.0,sunflower,,no_data,False,False
256,2013,40.0,sunflower,,no_data,False,False
256,2014,40.0,sunflower,,no_data,False,False
256,2015,40.0,sunflower,,no_data,False,False
256,2016,40.0,sunflower,,no_data,False,False
256,2017,40.0,sunflower,,no_data,False,False
256,2018,36.0,soya,1.202,productivity_normalized,True,True
256,2019,44.0,wheat_winter,3.371,productivity_normalized,True,True
256,2020,40.0,sunflower,2.129,productivity_normalized,True,True
256,2021,43.0,wheat_spring,3.4889286,productivity_normalized,True,True
256,2022,43.0,wheat_spring,,no_data,False,False
256,2023,44.0,wheat_winter,1.0053571,productivity_normalized,True,True
256,2024,43.0,wheat_spring,5.9772321,productivity_normalized,True,True
256,2025,40.0,sunflower,3.7389286,productivity_normalized,True,True
256,2026,3.0,barley_spring,,no_data,False,False
256,2027,44.0,wheat_winter,,no_data,False,False
256,2028,,,,no_data,False,False
256,2029,,,,no_data,False,False
256,2030,,,,no_data,False,False
257,2000,40.0,sunflower,,no_data,False,False
257,2001,40.0,sunflower,,no_data,False,False
257,2002,40.0,sunflower,,no_data,False,False
257,2003,40.0,sunflower,,no_data,False,False
257,2004,40.0,sunflower,,no_data,False,False
257,2005,40.0,sunflower,,no_data,False,False
257,2006,40.0,sunflower,,no_data,False,False
257,2007,40.0,sunflower,,no_data,False,False
257,2008,40.0,sunflower,,no_data,False,False
257,2009,40.0,sunflower,,no_data,False,False
257,2010,40.0,sunflower,,no_data,False,False
257,2011,40.0,sunflower,,no_data,False,False
257,2012,40.0,sunflower,,no_data,False,False
257,2013,40.0,sunflower,,no_data,False,False
257,2014,40.0,sunflower,,no_data,False,False
257,2015,40.0,sunflower,,no_data,False,False
257,2016,40.0,sunflower,,no_data,False,False
257,2017,3.0,barley_spring,2.032,productivity_normalized,True,True
257,2018,40.0,sunflower,,no_data,False,False
257,2019,44.0,wheat_winter,4.893,productivity_normalized,True,True
257,2020,40.0,sunflower,4.55,productivity_normalized,False,True
257,2021,43.0,wheat_spring,5.5088889000000005,productivity_normalized,True,True
257,2022,3.0,barley_spring,1.7641667,productivity_normalized,True,True
257,2023,43.0,wheat_spring,2.7502500000000003,productivity_normalized,True,True
257,2024,24.0,pea,1.4186667,productivity_normalized,True,True
257,2025,3.0,barley_spring,1.53,productivity_normalized,True,True
257,2026,43.0,wheat_spring,,no_data,False,False
257,2027,46.0,nan,,no_data,False,False
257,2028,,,,no_data,False,False
257,2029,,,,no_data,False,False
257,2030,,,,no_data,False,False
258,2000,40.0,sunflower,,no_data,False,False
258,2001,40.0,sunflower,,no_data,False,False
258,2002,40.0,sunflower,,no_data,False,False
258,2003,40.0,sunflower,,no_data,False,False
258,2004,40.0,sunflower,,no_data,False,False
258,2005,40.0,sunflower,,no_data,False,False
258,2006,40.0,sunflower,,no_data,False,False
258,2007,40.0,sunflower,,no_data,False,False
258,2008,40.0,sunflower,,no_data,False,False
258,2009,40.0,sunflower,,no_data,False,False
258,2010,40.0,sunflower,,no_data,False,False
258,2011,40.0,sunflower,,no_data,False,False
258,2012,40.0,sunflower,,no_data,False,False
258,2013,40.0,sunflower,,no_data,False,False
258,2014,40.0,sunflower,,no_data,False,False
258,2015,40.0,sunflower,,no_data,False,False
258,2016,40.0,sunflower,,no_data,False,False
258,2017,40.0,sunflower,1.533,productivity_normalized,True,True
258,2018,40.0,sunflower,,no_data,False,False
258,2019,20.0,oil_seed_raps_spring,1.763,productivity_normalized,True,True
258,2020,40.0,sunflower,1.277,productivity_normalized,True,True
258,2021,43.0,wheat_spring,3.3691011000000004,productivity_normalized,True,True
258,2022,40.0,sunflower,2.0300787,productivity_normalized,True,True
258,2023,43.0,wheat_spring,1.3868539,productivity_normalized,True,True
258,2024,43.0,wheat_spring,5.0623596,productivity_normalized,True,True
258,2025,40.0,sunflower,3.6079774999999996,productivity_normalized,True,True
258,2026,43.0,wheat_spring,,no_data,False,False
258,2027,3.0,barley_spring,,no_data,False,False
258,2028,,,,no_data,False,False
258,2029,,,,no_data,False,False
258,2030,,,,no_data,False,False
259,2000,40.0,sunflower,,no_data,False,False
259,2001,40.0,sunflower,,no_data,False,False
259,2002,40.0,sunflower,,no_data,False,False
259,2003,40.0,sunflower,,no_data,False,False
259,2004,40.0,sunflower,,no_data,False,False
259,2005,40.0,sunflower,,no_data,False,False
259,2006,40.0,sunflower,,no_data,False,False
259,2007,40.0,sunflower,,no_data,False,False
259,2008,40.0,sunflower,,no_data,False,False
259,2009,40.0,sunflower,,no_data,False,False
259,2010,40.0,sunflower,,no_data,False,False
259,2011,40.0,sunflower,,no_data,False,False
259,2012,40.0,sunflower,,no_data,False,False
259,2013,40.0,sunflower,,no_data,False,False
259,2014,40.0,sunflower,,no_data,False,False
259,2015,40.0,sunflower,,no_data,False,False
259,2016,40.0,sunflower,,no_data,False,False
259,2017,40.0,sunflower,,no_data,False,False
259,2018,40.0,sunflower,1.8800000000000001,productivity_normalized,True,True
259,2019,20.0,oil_seed_raps_spring,,no_data,False,False
259,2020,40.0,sunflower,1.813,productivity_normalized,True,True
259,2021,43.0,wheat_spring,3.2456021999999995,productivity_normalized,True,True
259,2022,40.0,sunflower,2.0272213,productivity_normalized,True,True
259,2023,43.0,wheat_spring,1.0800307999999998,productivity_normalized,True,True
259,2024,40.0,sunflower,2.832056,productivity_normalized,True,True
259,2025,43.0,wheat_spring,2.1594957999999997,productivity_normalized,True,True
259,2026,24.0,pea,,no_data,False,False
259,2027,24.0,pea,,no_data,False,False
259,2028,,,,no_data,False,False
259,2029,,,,no_data,False,False
259,2030,,,,no_data,False,False
260,2000,40.0,sunflower,,no_data,False,False
260,2001,40.0,sunflower,,no_data,False,False
260,2002,40.0,sunflower,,no_data,False,False
260,2003,40.0,sunflower,,no_data,False,False
260,2004,40.0,sunflower,,no_data,False,False
260,2005,40.0,sunflower,,no_data,False,False
260,2006,40.0,sunflower,,no_data,False,False
260,2007,40.0,sunflower,,no_data,False,False
260,2008,40.0,sunflower,,no_data,False,False
260,2009,40.0,sunflower,,no_data,False,False
260,2010,40.0,sunflower,,no_data,False,False
260,2011,40.0,sunflower,,no_data,False,False
260,2012,40.0,sunflower,,no_data,False,False
260,2013,40.0,sunflower,,no_data,False,False
260,2014,40.0,sunflower,,no_data,False,False
260,2015,40.0,sunflower,,no_data,False,False
260,2016,40.0,sunflower,,no_data,False,False
260,2017,43.0,wheat_spring,1.98,productivity_normalized,True,True
260,2018,21.0,oil_seed_raps_winter,1.201,productivity_normalized,True,True
260,2019,40.0,sunflower,2.3600000000000003,productivity_normalized,True,True
260,2020,44.0,wheat_winter,4.52,productivity_normalized,False,True
260,2021,43.0,wheat_spring,4.1022,productivity_normalized,True,True
260,2022,3.0,barley_spring,3.7374,productivity_normalized,True,True
260,2023,40.0,sunflower,1.8446000000000002,productivity_normalized,True,True
260,2024,43.0,wheat_spring,3.2131999999999996,productivity_normalized,True,True
260,2025,3.0,barley_spring,4.0914,productivity_normalized,True,True
260,2026,40.0,sunflower,,no_data,False,False
260,2027,44.0,wheat_winter,,no_data,False,False
260,2028,,,,no_data,False,False
260,2029,,,,no_data,False,False
260,2030,,,,no_data,False,False
261,2000,40.0,sunflower,,no_data,False,False
261,2001,40.0,sunflower,,no_data,False,False
261,2002,40.0,sunflower,,no_data,False,False
261,2003,40.0,sunflower,,no_data,False,False
261,2004,40.0,sunflower,,no_data,False,False
261,2005,40.0,sunflower,,no_data,False,False
261,2006,40.0,sunflower,,no_data,False,False
261,2007,40.0,sunflower,,no_data,False,False
261,2008,40.0,sunflower,,no_data,False,False
261,2009,40.0,sunflower,,no_data,False,False
261,2010,40.0,sunflower,,no_data,False,False
261,2011,40.0,sunflower,,no_data,False,False
261,2012,40.0,sunflower,,no_data,False,False
261,2013,40.0,sunflower,,no_data,False,False
261,2014,40.0,sunflower,,no_data,False,False
261,2015,40.0,sunflower,,no_data,False,False
261,2016,40.0,sunflower,,no_data,False,False
261,2017,43.0,wheat_spring,2.691,productivity_normalized,True,True
261,2018,21.0,oil_seed_raps_winter,1.201,productivity_normalized,True,True
261,2019,40.0,sunflower,2.036,productivity_normalized,True,True
261,2020,44.0,wheat_winter,5.39,productivity_normalized,False,True
261,2021,43.0,wheat_spring,5.3874286,productivity_normalized,True,True
261,2022,43.0,wheat_spring,4.0085714,productivity_normalized,True,True
261,2023,40.0,sunflower,2.8538571,productivity_normalized,True,True
261,2024,43.0,wheat_spring,4.1227713999999995,productivity_normalized,True,True
261,2025,3.0,barley_spring,4.7802857,productivity_normalized,True,True
261,2026,40.0,sunflower,,no_data,False,False
261,2027,44.0,wheat_winter,,no_data,False,False
261,2028,,,,no_data,False,False
261,2029,,,,no_data,False,False
261,2030,,,,no_data,False,False
262,2000,40.0,sunflower,,no_data,False,False
262,2001,40.0,sunflower,,no_data,False,False
262,2002,40.0,sunflower,,no_data,False,False
262,2003,40.0,sunflower,,no_data,False,False
262,2004,40.0,sunflower,,no_data,False,False
262,2005,40.0,sunflower,,no_data,False,False
262,2006,40.0,sunflower,,no_data,False,False
262,2007,40.0,sunflower,,no_data,False,False
262,2008,40.0,sunflower,,no_data,False,False
262,2009,40.0,sunflower,,no_data,False,False
262,2010,40.0,sunflower,,no_data,False,False
262,2011,40.0,sunflower,,no_data,False,False
262,2012,40.0,sunflower,,no_data,False,False
262,2013,40.0,sunflower,,no_data,False,False
262,2014,40.0,sunflower,,no_data,False,False
262,2015,40.0,sunflower,,no_data,False,False
262,2016,40.0,sunflower,,no_data,False,False
262,2017,44.0,wheat_winter,1.4609999999999999,productivity_normalized,True,True
262,2018,40.0,sunflower,2.362,productivity_normalized,True,True
262,2019,20.0,oil_seed_raps_spring,,no_data,False,False
262,2020,40.0,sunflower,2.065,productivity_normalized,True,True
262,2021,43.0,wheat_spring,4.1160526,productivity_normalized,True,True
262,2022,40.0,sunflower,2.0516842,productivity_normalized,True,True
262,2023,43.0,wheat_spring,1.9040658000000001,productivity_normalized,True,True
262,2024,43.0,wheat_spring,4.3394737,productivity_normalized,True,True
262,2025,9.0,fallow,,no_data,False,False
262,2026,40.0,sunflower,,no_data,False,False
262,2027,3.0,barley_spring,,no_data,False,False
262,2028,,,,no_data,False,False
262,2029,,,,no_data,False,False
262,2030,,,,no_data,False,False
263,2000,40.0,sunflower,,no_data,False,False
263,2001,40.0,sunflower,,no_data,False,False
263,2002,40.0,sunflower,,no_data,False,False
263,2003,40.0,sunflower,,no_data,False,False
263,2004,40.0,sunflower,,no_data,False,False
263,2005,40.0,sunflower,,no_data,False,False
263,2006,40.0,sunflower,,no_data,False,False
263,2007,40.0,sunflower,,no_data,False,False
263,2008,40.0,sunflower,,no_data,False,False
263,2009,40.0,sunflower,,no_data,False,False
263,2010,40.0,sunflower,,no_data,False,False
263,2011,40.0,sunflower,,no_data,False,False
263,2012,40.0,sunflower,,no_data,False,False
263,2013,40.0,sunflower,,no_data,False,False
263,2014,40.0,sunflower,,no_data,False,False
263,2015,40.0,sunflower,,no_data,False,False
263,2016,40.0,sunflower,,no_data,False,False
263,2017,40.0,sunflower,,no_data,False,False
263,2018,40.0,sunflower,,no_data,False,False
263,2019,44.0,wheat_winter,,no_data,False,False
263,2020,40.0,sunflower,2.775,productivity_normalized,True,True
263,2021,43.0,wheat_spring,3.779,productivity_normalized,True,True
263,2022,40.0,sunflower,2.1305,productivity_normalized,True,True
263,2023,43.0,wheat_spring,1.15425,productivity_normalized,True,True
263,2024,24.0,pea,2.317,productivity_normalized,True,True
263,2025,3.0,barley_spring,1.53,productivity_normalized,True,True
263,2026,46.0,nan,,no_data,False,False
263,2027,46.0,nan,,no_data,False,False
263,2028,,,,no_data,False,False
263,2029,,,,no_data,False,False
263,2030,,,,no_data,False,False
264,2000,40.0,sunflower,,no_data,False,False
264,2001,40.0,sunflower,,no_data,False,False
264,2002,40.0,sunflower,,no_data,False,False
264,2003,40.0,sunflower,,no_data,False,False
264,2004,40.0,sunflower,,no_data,False,False
264,2005,40.0,sunflower,,no_data,False,False
264,2006,40.0,sunflower,,no_data,False,False
264,2007,40.0,sunflower,,no_data,False,False
264,2008,40.0,sunflower,,no_data,False,False
264,2009,40.0,sunflower,,no_data,False,False
264,2010,40.0,sunflower,,no_data,False,False
264,2011,40.0,sunflower,,no_data,False,False
264,2012,40.0,sunflower,,no_data,False,False
264,2013,40.0,sunflower,,no_data,False,False
264,2014,40.0,sunflower,,no_data,False,False
264,2015,40.0,sunflower,,no_data,False,False
264,2016,40.0,sunflower,,no_data,False,False
264,2017,40.0,sunflower,,no_data,False,False
264,2018,40.0,sunflower,,no_data,False,False
264,2019,44.0,wheat_winter,,no_data,False,False
264,2020,40.0,sunflower,2.915,productivity_normalized,True,True
264,2021,43.0,wheat_spring,3.725,productivity_normalized,True,True
264,2022,40.0,sunflower,4.337,productivity_normalized,True,True
264,2023,43.0,wheat_spring,3.37975,productivity_normalized,True,True
264,2024,24.0,pea,2.5,productivity_normalized,False,True
264,2025,3.0,barley_spring,1.53,productivity_normalized,True,True
264,2026,46.0,nan,,no_data,False,False
264,2027,46.0,nan,,no_data,False,False
264,2028,,,,no_data,False,False
264,2029,,,,no_data,False,False
264,2030,,,,no_data,False,False
265,2000,40.0,sunflower,,no_data,False,False
265,2001,40.0,sunflower,,no_data,False,False
265,2002,40.0,sunflower,,no_data,False,False
265,2003,40.0,sunflower,,no_data,False,False
265,2004,40.0,sunflower,,no_data,False,False
265,2005,40.0,sunflower,,no_data,False,False
265,2006,40.0,sunflower,,no_data,False,False
265,2007,40.0,sunflower,,no_data,False,False
265,2008,40.0,sunflower,,no_data,False,False
265,2009,40.0,sunflower,,no_data,False,False
265,2010,40.0,sunflower,,no_data,False,False
265,2011,40.0,sunflower,,no_data,False,False
265,2012,40.0,sunflower,,no_data,False,False
265,2013,40.0,sunflower,,no_data,False,False
265,2014,40.0,sunflower,,no_data,False,False
265,2015,40.0,sunflower,,no_data,False,False
265,2016,40.0,sunflower,,no_data,False,False
265,2017,40.0,sunflower,,no_data,False,False
265,2018,40.0,sunflower,,no_data,False,False
265,2019,20.0,oil_seed_raps_spring,,no_data,False,False
265,2020,40.0,sunflower,1.7,productivity_normalized,True,True
265,2021,43.0,wheat_spring,3.0629999999999997,productivity_normalized,True,True
265,2022,40.0,sunflower,,no_data,False,False
265,2023,43.0,wheat_spring,1.308,productivity_normalized,True,True
265,2024,24.0,pea,0.5,productivity_normalized,True,True
265,2025,3.0,barley_spring,1.53,productivity_normalized,True,True
265,2026,46.0,nan,,no_data,False,False
265,2027,46.0,nan,,no_data,False,False
265,2028,,,,no_data,False,False
265,2029,,,,no_data,False,False
265,2030,,,,no_data,False,False
266,2000,40.0,sunflower,,no_data,False,False
266,2001,40.0,sunflower,,no_data,False,False
266,2002,40.0,sunflower,,no_data,False,False
266,2003,40.0,sunflower,,no_data,False,False
266,2004,40.0,sunflower,,no_data,False,False
266,2005,40.0,sunflower,,no_data,False,False
266,2006,40.0,sunflower,,no_data,False,False
266,2007,40.0,sunflower,,no_data,False,False
266,2008,40.0,sunflower,,no_data,False,False
266,2009,40.0,sunflower,,no_data,False,False
266,2010,40.0,sunflower,,no_data,False,False
266,2011,40.0,sunflower,,no_data,False,False
266,2012,40.0,sunflower,,no_data,False,False
266,2013,40.0,sunflower,,no_data,False,False
266,2014,40.0,sunflower,,no_data,False,False
266,2015,40.0,sunflower,,no_data,False,False
266,2016,40.0,sunflower,,no_data,False,False
266,2017,40.0,sunflower,,no_data,False,False
266,2018,40.0,sunflower,,no_data,False,False
266,2019,40.0,sunflower,,no_data,False,False
266,2020,44.0,wheat_winter,6.3,productivity_normalized,False,True
266,2021,43.0,wheat_spring,3.425,productivity_normalized,True,True
266,2022,40.0,sunflower,,no_data,False,False
266,2023,43.0,wheat_spring,1.1466667,productivity_normalized,True,True
266,2024,24.0,pea,0.701,productivity_normalized,True,True
266,2025,3.0,barley_spring,1.53,productivity_normalized,True,True
266,2026,43.0,wheat_spring,,no_data,False,False
266,2027,46.0,nan,,no_data,False,False
266,2028,,,,no_data,False,False
266,2029,,,,no_data,False,False
266,2030,,,,no_data,False,False
267,2000,40.0,sunflower,,no_data,False,False
267,2001,40.0,sunflower,,no_data,False,False
267,2002,40.0,sunflower,,no_data,False,False
267,2003,40.0,sunflower,,no_data,False,False
267,2004,40.0,sunflower,,no_data,False,False
267,2005,40.0,sunflower,,no_data,False,False
267,2006,40.0,sunflower,,no_data,False,False
267,2007,40.0,sunflower,,no_data,False,False
267,2008,40.0,sunflower,,no_data,False,False
267,2009,40.0,sunflower,,no_data,False,False
267,2010,40.0,sunflower,,no_data,False,False
267,2011,40.0,sunflower,,no_data,False,False
267,2012,40.0,sunflower,,no_data,False,False
267,2013,40.0,sunflower,,no_data,False,False
267,2014,40.0,sunflower,,no_data,False,False
267,2015,40.0,sunflower,,no_data,False,False
267,2016,40.0,sunflower,,no_data,False,False
267,2017,40.0,sunflower,,no_data,False,False
267,2018,40.0,sunflower,,no_data,False,False
267,2019,43.0,wheat_spring,,no_data,False,False
267,2020,20.0,oil_seed_raps_spring,,no_data,False,False
267,2021,43.0,wheat_spring,3.725,productivity_normalized,True,True
267,2022,40.0,sunflower,,no_data,False,False
267,2023,43.0,wheat_spring,,no_data,False,False
267,2024,24.0,pea,1.75,productivity_normalized,False,True
267,2025,3.0,barley_spring,1.53,productivity_normalized,True,True
267,2026,46.0,nan,,no_data,False,False
267,2027,46.0,nan,,no_data,False,False
267,2028,,,,no_data,False,False
267,2029,,,,no_data,False,False
267,2030,,,,no_data,False,False
268,2000,40.0,sunflower,,no_data,False,False
268,2001,40.0,sunflower,,no_data,False,False
268,2002,40.0,sunflower,,no_data,False,False
268,2003,40.0,sunflower,,no_data,False,False
268,2004,40.0,sunflower,,no_data,False,False
268,2005,40.0,sunflower,,no_data,False,False
268,2006,40.0,sunflower,,no_data,False,False
268,2007,40.0,sunflower,,no_data,False,False
268,2008,40.0,sunflower,,no_data,False,False
268,2009,40.0,sunflower,,no_data,False,False
268,2010,40.0,sunflower,,no_data,False,False
268,2011,40.0,sunflower,,no_data,False,False
268,2012,40.0,sunflower,,no_data,False,False
268,2013,40.0,sunflower,,no_data,False,False
268,2014,40.0,sunflower,,no_data,False,False
268,2015,40.0,sunflower,,no_data,False,False
268,2016,40.0,sunflower,,no_data,False,False
268,2017,40.0,sunflower,,no_data,False,False
268,2018,36.0,soya,1.6190000000000002,productivity_normalized,True,True
268,2019,44.0,wheat_winter,2.9010000000000002,productivity_normalized,True,True
268,2020,40.0,sunflower,3.75,productivity_normalized,False,True
268,2021,43.0,wheat_spring,3.504,productivity_normalized,True,True
268,2022,40.0,sunflower,,no_data,False,False
268,2023,43.0,wheat_spring,2.2885,productivity_normalized,True,True
268,2024,3.0,barley_spring,4.772,productivity_normalized,True,True
268,2025,40.0,sunflower,1.8559999999999999,productivity_normalized,True,True
268,2026,3.0,barley_spring,,no_data,False,False
268,2027,3.0,barley_spring,,no_data,False,False
268,2028,,,,no_data,False,False
268,2029,,,,no_data,False,False
268,2030,,,,no_data,False,False
269,2000,40.0,sunflower,,no_data,False,False
269,2001,40.0,sunflower,,no_data,False,False
269,2002,40.0,sunflower,,no_data,False,False
269,2003,40.0,sunflower,,no_data,False,False
269,2004,40.0,sunflower,,no_data,False,False
269,2005,40.0,sunflower,,no_data,False,False
269,2006,40.0,sunflower,,no_data,False,False
269,2007,40.0,sunflower,,no_data,False,False
269,2008,40.0,sunflower,,no_data,False,False
269,2009,40.0,sunflower,,no_data,False,False
269,2010,40.0,sunflower,,no_data,False,False
269,2011,40.0,sunflower,,no_data,False,False
269,2012,40.0,sunflower,,no_data,False,False
269,2013,40.0,sunflower,,no_data,False,False
269,2014,40.0,sunflower,,no_data,False,False
269,2015,40.0,sunflower,,no_data,False,False
269,2016,40.0,sunflower,,no_data,False,False
269,2017,40.0,sunflower,2.451,productivity_normalized,True,True
269,2018,40.0,sunflower,,no_data,False,False
269,2019,20.0,oil_seed_raps_spring,,no_data,False,False
269,2020,40.0,sunflower,1.972,productivity_normalized,True,True
269,2021,43.0,wheat_spring,3.465045,productivity_normalized,True,True
269,2022,40.0,sunflower,2.0861261,productivity_normalized,True,True
269,2023,43.0,wheat_spring,1.7825225,productivity_normalized,True,True
269,2024,43.0,wheat_spring,4.2508108,productivity_normalized,True,True
269,2025,40.0,sunflower,3.0008198,productivity_normalized,True,True
269,2026,43.0,wheat_spring,,no_data,False,False
269,2027,3.0,barley_spring,,no_data,False,False
269,2028,,,,no_data,False,False
269,2029,,,,no_data,False,False
269,2030,,,,no_data,False,False
270,2000,40.0,sunflower,,no_data,False,False
270,2001,40.0,sunflower,,no_data,False,False
270,2002,40.0,sunflower,,no_data,False,False
270,2003,40.0,sunflower,,no_data,False,False
270,2004,40.0,sunflower,,no_data,False,False
270,2005,40.0,sunflower,,no_data,False,False
270,2006,40.0,sunflower,,no_data,False,False
270,2007,40.0,sunflower,,no_data,False,False
270,2008,40.0,sunflower,,no_data,False,False
270,2009,40.0,sunflower,,no_data,False,False
270,2010,40.0,sunflower,,no_data,False,False
270,2011,40.0,sunflower,,no_data,False,False
270,2012,40.0,sunflower,,no_data,False,False
270,2013,40.0,sunflower,,no_data,False,False
270,2014,40.0,sunflower,,no_data,False,False
270,2015,40.0,sunflower,,no_data,False,False
270,2016,40.0,sunflower,,no_data,False,False
270,2017,43.0,wheat_spring,2.4219999999999997,productivity_normalized,True,True
270,2018,21.0,oil_seed_raps_winter,1.6199999999999999,productivity_normalized,True,True
270,2019,40.0,sunflower,2.207,productivity_normalized,True,True
270,2020,44.0,wheat_winter,3.44,productivity_normalized,False,True
270,2021,43.0,wheat_spring,4.8913793,productivity_normalized,True,True
270,2022,43.0,wheat_spring,3.6175172000000004,productivity_normalized,True,True
270,2023,40.0,sunflower,2.9015516999999997,productivity_normalized,True,True
270,2024,43.0,wheat_spring,4.3827586,productivity_normalized,True,True
270,2025,3.0,barley_spring,5.528620699999999,productivity_normalized,True,True
270,2026,40.0,sunflower,,no_data,False,False
270,2027,44.0,wheat_winter,,no_data,False,False
270,2028,,,,no_data,False,False
270,2029,,,,no_data,False,False
270,2030,,,,no_data,False,False
271,2000,40.0,sunflower,,no_data,False,False
271,2001,40.0,sunflower,,no_data,False,False
271,2002,40.0,sunflower,,no_data,False,False
271,2003,40.0,sunflower,,no_data,False,False
271,2004,40.0,sunflower,,no_data,False,False
271,2005,40.0,sunflower,,no_data,False,False
271,2006,40.0,sunflower,,no_data,False,False
271,2007,40.0,sunflower,,no_data,False,False
271,2008,40.0,sunflower,,no_data,False,False
271,2009,40.0,sunflower,,no_data,False,False
271,2010,40.0,sunflower,,no_data,False,False
271,2011,40.0,sunflower,,no_data,False,False
271,2012,40.0,sunflower,,no_data,False,False
271,2013,40.0,sunflower,,no_data,False,False
271,2014,40.0,sunflower,,no_data,False,False
271,2015,40.0,sunflower,,no_data,False,False
271,2016,40.0,sunflower,,no_data,False,False
271,2017,43.0,wheat_spring,2.4219999999999997,productivity_normalized,True,True
271,2018,21.0,oil_seed_raps_winter,1.6199999999999999,productivity_normalized,True,True
271,2019,40.0,sunflower,2.673,productivity_normalized,True,True
271,2020,44.0,wheat_winter,5.08,productivity_normalized,False,True
271,2021,43.0,wheat_spring,4.8847458,productivity_normalized,True,True
271,2022,43.0,wheat_spring,2.6278644,productivity_normalized,True,True
271,2023,40.0,sunflower,2.4587627000000003,productivity_normalized,True,True
271,2024,43.0,wheat_spring,3.9316271,productivity_normalized,True,True
271,2025,3.0,barley_spring,4.3949153,productivity_normalized,True,True
271,2026,40.0,sunflower,,no_data,False,False
271,2027,44.0,wheat_winter,,no_data,False,False
271,2028,,,,no_data,False,False
271,2029,,,,no_data,False,False
271,2030,,,,no_data,False,False
272,2000,40.0,sunflower,,no_data,False,False
272,2001,40.0,sunflower,,no_data,False,False
272,2002,40.0,sunflower,,no_data,False,False
272,2003,40.0,sunflower,,no_data,False,False
272,2004,40.0,sunflower,,no_data,False,False
272,2005,40.0,sunflower,,no_data,False,False
272,2006,40.0,sunflower,,no_data,False,False
272,2007,40.0,sunflower,,no_data,False,False
272,2008,40.0,sunflower,,no_data,False,False
272,2009,40.0,sunflower,,no_data,False,False
272,2010,40.0,sunflower,,no_data,False,False
272,2011,40.0,sunflower,,no_data,False,False
272,2012,40.0,sunflower,,no_data,False,False
272,2013,40.0,sunflower,,no_data,False,False
272,2014,40.0,sunflower,,no_data,False,False
272,2015,40.0,sunflower,,no_data,False,False
272,2016,40.0,sunflower,,no_data,False,False
272,2017,40.0,sunflower,3.082,productivity_normalized,True,True
272,2018,36.0,soya,0.8400000000000001,productivity_normalized,True,True
272,2019,40.0,sunflower,2.665,productivity_normalized,True,True
272,2020,16.0,maize,9.02,productivity_normalized,False,True
272,2021,40.0,sunflower,1.6323529,productivity_normalized,True,True
272,2022,43.0,wheat_spring,3.3017646999999997,productivity_normalized,True,True
272,2023,40.0,sunflower,1.4075,productivity_normalized,True,True
272,2024,43.0,wheat_spring,4.231199999999999,productivity_normalized,True,True
272,2025,43.0,wheat_spring,3.1792000000000002,productivity_normalized,True,True
272,2026,40.0,sunflower,,no_data,False,False
272,2027,3.0,barley_spring,,no_data,False,False
272,2028,,,,no_data,False,False
272,2029,,,,no_data,False,False
272,2030,,,,no_data,False,False
273,2000,40.0,sunflower,,no_data,False,False
273,2001,40.0,sunflower,,no_data,False,False
273,2002,40.0,sunflower,,no_data,False,False
273,2003,40.0,sunflower,,no_data,False,False
273,2004,40.0,sunflower,,no_data,False,False
273,2005,40.0,sunflower,,no_data,False,False
273,2006,40.0,sunflower,,no_data,False,False
273,2007,40.0,sunflower,,no_data,False,False
273,2008,40.0,sunflower,,no_data,False,False
273,2009,40.0,sunflower,,no_data,False,False
273,2010,40.0,sunflower,,no_data,False,False
273,2011,40.0,sunflower,,no_data,False,False
273,2012,40.0,sunflower,,no_data,False,False
273,2013,40.0,sunflower,,no_data,False,False
273,2014,40.0,sunflower,,no_data,False,False
273,2015,40.0,sunflower,,no_data,False,False
273,2016,40.0,sunflower,,no_data,False,False
273,2017,43.0,wheat_spring,2.295,productivity_normalized,True,True
273,2018,40.0,sunflower,2.804,productivity_normalized,True,True
273,2019,43.0,wheat_spring,4.083,productivity_normalized,True,True
273,2020,20.0,oil_seed_raps_spring,0.77,productivity_normalized,True,True
273,2021,3.0,barley_spring,3.0677778,productivity_normalized,True,True
273,2022,44.0,wheat_winter,2.052963,productivity_normalized,True,True
273,2023,44.0,wheat_winter,1.0088889,productivity_normalized,True,True
273,2024,40.0,sunflower,3.5918519000000004,productivity_normalized,True,True
273,2025,43.0,wheat_spring,4.4196295999999995,productivity_normalized,True,True
273,2026,3.0,barley_spring,,no_data,False,False
273,2027,43.0,wheat_spring,,no_data,False,False
273,2028,,,,no_data,False,False
273,2029,,,,no_data,False,False
273,2030,,,,no_data,False,False
274,2000,40.0,sunflower,,no_data,False,False
274,2001,40.0,sunflower,,no_data,False,False
274,2002,40.0,sunflower,,no_data,False,False
274,2003,40.0,sunflower,,no_data,False,False
274,2004,40.0,sunflower,,no_data,False,False
274,2005,40.0,sunflower,,no_data,False,False
274,2006,40.0,sunflower,,no_data,False,False
274,2007,40.0,sunflower,,no_data,False,False
274,2008,40.0,sunflower,,no_data,False,False
274,2009,40.0,sunflower,,no_data,False,False
274,2010,40.0,sunflower,,no_data,False,False
274,2011,40.0,sunflower,,no_data,False,False
274,2012,40.0,sunflower,,no_data,False,False
274,2013,40.0,sunflower,,no_data,False,False
274,2014,40.0,sunflower,,no_data,False,False
274,2015,40.0,sunflower,,no_data,False,False
274,2016,40.0,sunflower,,no_data,False,False
274,2017,43.0,wheat_spring,1.552,productivity_normalized,True,True
274,2018,36.0,soya,1.6629999999999998,productivity_normalized,True,True
274,2019,40.0,sunflower,2.945,productivity_normalized,True,True
274,2020,43.0,wheat_spring,1.027,productivity_normalized,True,True
274,2021,3.0,barley_spring,5.857806999999999,productivity_normalized,True,True
274,2022,44.0,wheat_winter,2.5334060999999997,productivity_normalized,True,True
274,2023,44.0,wheat_winter,1.0836364,productivity_normalized,True,True
274,2024,40.0,sunflower,3.4264685999999998,productivity_normalized,True,True
274,2025,43.0,wheat_spring,4.0910044,productivity_normalized,True,True
274,2026,3.0,barley_spring,,no_data,False,False
274,2027,40.0,sunflower,,no_data,False,False
274,2028,,,,no_data,False,False
274,2029,,,,no_data,False,False
274,2030,,,,no_data,False,False
276,2000,40.0,sunflower,,no_data,False,False
276,2001,40.0,sunflower,,no_data,False,False
276,2002,40.0,sunflower,,no_data,False,False
276,2003,40.0,sunflower,,no_data,False,False
276,2004,40.0,sunflower,,no_data,False,False
276,2005,40.0,sunflower,,no_data,False,False
276,2006,40.0,sunflower,,no_data,False,False
276,2007,40.0,sunflower,,no_data,False,False
276,2008,40.0,sunflower,,no_data,False,False
276,2009,40.0,sunflower,,no_data,False,False
276,2010,40.0,sunflower,,no_data,False,False
276,2011,40.0,sunflower,,no_data,False,False
276,2012,40.0,sunflower,,no_data,False,False
276,2013,40.0,sunflower,,no_data,False,False
276,2014,40.0,sunflower,,no_data,False,False
276,2015,40.0,sunflower,,no_data,False,False
276,2016,40.0,sunflower,,no_data,False,False
276,2017,20.0,oil_seed_raps_spring,0.71,productivity_normalized,True,True
276,2018,16.0,maize,,no_data,False,False
276,2019,40.0,sunflower,1.6,productivity_normalized,True,True
276,2020,43.0,wheat_spring,2.84,productivity_normalized,False,True
276,2021,40.0,sunflower,3.4220968,productivity_normalized,True,True
276,2022,43.0,wheat_spring,2.9274194000000002,productivity_normalized,True,True
276,2023,40.0,sunflower,2.6341935,productivity_normalized,True,True
276,2024,43.0,wheat_spring,3.6374194,productivity_normalized,True,True
276,2025,43.0,wheat_spring,1.4903226,productivity_normalized,True,True
276,2026,40.0,sunflower,,no_data,False,False
276,2027,43.0,wheat_spring,,no_data,False,False
276,2028,,,,no_data,False,False
276,2029,,,,no_data,False,False
276,2030,,,,no_data,False,False
277,2000,40.0,sunflower,,no_data,False,False
277,2001,40.0,sunflower,,no_data,False,False
277,2002,40.0,sunflower,,no_data,False,False
277,2003,40.0,sunflower,,no_data,False,False
277,2004,40.0,sunflower,,no_data,False,False
277,2005,40.0,sunflower,,no_data,False,False
277,2006,40.0,sunflower,,no_data,False,False
277,2007,40.0,sunflower,,no_data,False,False
277,2008,40.0,sunflower,,no_data,False,False
277,2009,40.0,sunflower,,no_data,False,False
277,2010,40.0,sunflower,,no_data,False,False
277,2011,40.0,sunflower,,no_data,False,False
277,2012,40.0,sunflower,,no_data,False,False
277,2013,40.0,sunflower,,no_data,False,False
277,2014,40.0,sunflower,,no_data,False,False
277,2015,40.0,sunflower,,no_data,False,False
277,2016,40.0,sunflower,,no_data,False,False
277,2017,40.0,sunflower,,no_data,False,False
277,2018,20.0,oil_seed_raps_spring,0.8140000000000001,productivity_normalized,True,True
277,2019,40.0,sunflower,2.573,productivity_normalized,True,True
277,2020,43.0,wheat_spring,4.55,productivity_normalized,False,True
277,2021,40.0,sunflower,3.3421332999999995,productivity_normalized,True,True
277,2022,43.0,wheat_spring,1.5733333,productivity_normalized,True,True
277,2023,40.0,sunflower,2.6744,productivity_normalized,True,True
277,2024,43.0,wheat_spring,4.2578667,productivity_normalized,True,True
277,2025,43.0,wheat_spring,1.9090667,productivity_normalized,True,True
277,2026,40.0,sunflower,,no_data,False,False
277,2027,43.0,wheat_spring,,no_data,False,False
277,2028,,,,no_data,False,False
277,2029,,,,no_data,False,False
277,2030,,,,no_data,False,False
278,2000,40.0,sunflower,,no_data,False,False
278,2001,40.0,sunflower,,no_data,False,False
278,2002,40.0,sunflower,,no_data,False,False
278,2003,40.0,sunflower,,no_data,False,False
278,2004,40.0,sunflower,,no_data,False,False
278,2005,40.0,sunflower,,no_data,False,False
278,2006,40.0,sunflower,,no_data,False,False
278,2007,40.0,sunflower,,no_data,False,False
278,2008,40.0,sunflower,,no_data,False,False
278,2009,40.0,sunflower,,no_data,False,False
278,2010,40.0,sunflower,,no_data,False,False
278,2011,40.0,sunflower,,no_data,False,False
278,2012,40.0,sunflower,,no_data,False,False
278,2013,40.0,sunflower,,no_data,False,False
278,2014,40.0,sunflower,,no_data,False,False
278,2015,40.0,sunflower,,no_data,False,False
278,2016,40.0,sunflower,,no_data,False,False
278,2017,44.0,wheat_winter,2.4,productivity_normalized,True,True
278,2018,21.0,oil_seed_raps_winter,1.405,productivity_normalized,True,True
278,2019,44.0,wheat_winter,4.669,productivity_normalized,True,True
278,2020,36.0,soya,3.95,productivity_normalized,False,True
278,2021,3.0,barley_spring,5.3658696,productivity_normalized,True,True
278,2022,40.0,sunflower,2.9076087,productivity_normalized,True,True
278,2023,43.0,wheat_spring,1.7219565,productivity_normalized,True,True
278,2024,24.0,pea,2.4308696000000003,productivity_normalized,True,True
278,2025,44.0,wheat_winter,3.8991739,productivity_normalized,True,True
278,2026,40.0,sunflower,,no_data,False,False
278,2027,43.0,wheat_spring,,no_data,False,False
278,2028,,,,no_data,False,False
278,2029,,,,no_data,False,False
278,2030,,,,no_data,False,False
279,2000,40.0,sunflower,,no_data,False,False
279,2001,40.0,sunflower,,no_data,False,False
279,2002,40.0,sunflower,,no_data,False,False
279,2003,40.0,sunflower,,no_data,False,False
279,2004,40.0,sunflower,,no_data,False,False
279,2005,40.0,sunflower,,no_data,False,False
279,2006,40.0,sunflower,,no_data,False,False
279,2007,40.0,sunflower,,no_data,False,False
279,2008,40.0,sunflower,,no_data,False,False
279,2009,40.0,sunflower,,no_data,False,False
279,2010,40.0,sunflower,,no_data,False,False
279,2011,40.0,sunflower,,no_data,False,False
279,2012,40.0,sunflower,,no_data,False,False
279,2013,40.0,sunflower,,no_data,False,False
279,2014,40.0,sunflower,,no_data,False,False
279,2015,40.0,sunflower,,no_data,False,False
279,2016,40.0,sunflower,,no_data,False,False
279,2017,44.0,wheat_winter,2.378,productivity_normalized,True,True
279,2018,21.0,oil_seed_raps_winter,1.612,productivity_normalized,True,True
279,2019,44.0,wheat_winter,5.385,productivity_normalized,True,True
279,2020,36.0,soya,2.63,productivity_normalized,False,True
279,2021,3.0,barley_spring,4.9775,productivity_normalized,True,True
279,2022,40.0,sunflower,,no_data,False,False
279,2023,43.0,wheat_spring,1.0690909,productivity_normalized,True,True
279,2024,24.0,pea,1.8699999999999999,productivity_normalized,True,True
279,2025,44.0,wheat_winter,4.4006061,productivity_normalized,True,True
279,2026,40.0,sunflower,,no_data,False,False
279,2027,43.0,wheat_spring,,no_data,False,False
279,2028,,,,no_data,False,False
279,2029,,,,no_data,False,False
279,2030,,,,no_data,False,False
280,2000,40.0,sunflower,,no_data,False,False
280,2001,40.0,sunflower,,no_data,False,False
280,2002,40.0,sunflower,,no_data,False,False
280,2003,40.0,sunflower,,no_data,False,False
280,2004,40.0,sunflower,,no_data,False,False
280,2005,40.0,sunflower,,no_data,False,False
280,2006,40.0,sunflower,,no_data,False,False
280,2007,40.0,sunflower,,no_data,False,False
280,2008,40.0,sunflower,,no_data,False,False
280,2009,40.0,sunflower,,no_data,False,False
280,2010,40.0,sunflower,,no_data,False,False
280,2011,40.0,sunflower,,no_data,False,False
280,2012,40.0,sunflower,,no_data,False,False
280,2013,40.0,sunflower,,no_data,False,False
280,2014,40.0,sunflower,,no_data,False,False
280,2015,40.0,sunflower,,no_data,False,False
280,2016,40.0,sunflower,,no_data,False,False
280,2017,36.0,soya,1.096,productivity_normalized,True,True
280,2018,40.0,sunflower,0.643,productivity_normalized,True,True
280,2019,16.0,maize,,no_data,False,False
280,2020,40.0,sunflower,2.47,productivity_normalized,False,True
280,2021,3.0,barley_spring,3.2535870000000005,productivity_normalized,True,True
280,2022,40.0,sunflower,,no_data,False,False
280,2023,43.0,wheat_spring,1.9534783,productivity_normalized,True,True
280,2024,24.0,pea,,no_data,False,False
280,2025,40.0,sunflower,4.0194564999999995,productivity_normalized,True,True
280,2026,43.0,wheat_spring,,no_data,False,False
280,2027,43.0,wheat_spring,,no_data,False,False
280,2028,,,,no_data,False,False
280,2029,,,,no_data,False,False
280,2030,,,,no_data,False,False
282,2000,40.0,sunflower,,no_data,False,False
282,2001,40.0,sunflower,,no_data,False,False
282,2002,40.0,sunflower,,no_data,False,False
282,2003,40.0,sunflower,,no_data,False,False
282,2004,40.0,sunflower,,no_data,False,False
282,2005,40.0,sunflower,,no_data,False,False
282,2006,40.0,sunflower,,no_data,False,False
282,2007,40.0,sunflower,,no_data,False,False
282,2008,40.0,sunflower,,no_data,False,False
282,2009,40.0,sunflower,,no_data,False,False
282,2010,40.0,sunflower,,no_data,False,False
282,2011,40.0,sunflower,,no_data,False,False
282,2012,40.0,sunflower,,no_data,False,False
282,2013,40.0,sunflower,,no_data,False,False
282,2014,40.0,sunflower,,no_data,False,False
282,2015,40.0,sunflower,,no_data,False,False
282,2016,40.0,sunflower,,no_data,False,False
282,2017,40.0,sunflower,,no_data,False,False
282,2018,40.0,sunflower,2.754,productivity_normalized,True,True
282,2019,16.0,maize,3.804,productivity_normalized,True,True
282,2020,40.0,sunflower,1.222,productivity_normalized,True,True
282,2021,3.0,barley_spring,3.4048936,productivity_normalized,True,True
282,2022,40.0,sunflower,1.2691489,productivity_normalized,True,True
282,2023,43.0,wheat_spring,1.9701702,productivity_normalized,True,True
282,2024,24.0,pea,,no_data,False,False
282,2025,40.0,sunflower,3.9023404,productivity_normalized,True,True
282,2026,43.0,wheat_spring,,no_data,False,False
282,2027,43.0,wheat_spring,,no_data,False,False
282,2028,,,,no_data,False,False
282,2029,,,,no_data,False,False
282,2030,,,,no_data,False,False
283,2000,40.0,sunflower,,no_data,False,False
283,2001,40.0,sunflower,,no_data,False,False
283,2002,40.0,sunflower,,no_data,False,False
283,2003,40.0,sunflower,,no_data,False,False
283,2004,40.0,sunflower,,no_data,False,False
283,2005,40.0,sunflower,,no_data,False,False
283,2006,40.0,sunflower,,no_data,False,False
283,2007,40.0,sunflower,,no_data,False,False
283,2008,40.0,sunflower,,no_data,False,False
283,2009,40.0,sunflower,,no_data,False,False
283,2010,40.0,sunflower,,no_data,False,False
283,2011,40.0,sunflower,,no_data,False,False
283,2012,40.0,sunflower,,no_data,False,False
283,2013,40.0,sunflower,,no_data,False,False
283,2014,40.0,sunflower,,no_data,False,False
283,2015,40.0,sunflower,,no_data,False,False
283,2016,40.0,sunflower,,no_data,False,False
283,2017,21.0,oil_seed_raps_winter,2.388,productivity_normalized,True,True
283,2018,44.0,wheat_winter,3.1239999999999997,productivity_normalized,True,True
283,2019,40.0,sunflower,2.638,productivity_normalized,True,True
283,2020,43.0,wheat_spring,2.86,productivity_normalized,False,True
283,2021,3.0,barley_spring,5.2875949,productivity_normalized,True,True
283,2022,40.0,sunflower,3.7139241,productivity_normalized,True,True
283,2023,43.0,wheat_spring,1.4302532,productivity_normalized,True,True
283,2024,24.0,pea,,no_data,False,False
283,2025,40.0,sunflower,4.0171456,productivity_normalized,True,True
283,2026,43.0,wheat_spring,,no_data,False,False
283,2027,43.0,wheat_spring,,no_data,False,False
283,2028,,,,no_data,False,False
283,2029,,,,no_data,False,False
283,2030,,,,no_data,False,False
284,2000,40.0,sunflower,,no_data,False,False
284,2001,40.0,sunflower,,no_data,False,False
284,2002,40.0,sunflower,,no_data,False,False
284,2003,40.0,sunflower,,no_data,False,False
284,2004,40.0,sunflower,,no_data,False,False
284,2005,40.0,sunflower,,no_data,False,False
284,2006,40.0,sunflower,,no_data,False,False
284,2007,40.0,sunflower,,no_data,False,False
284,2008,40.0,sunflower,,no_data,False,False
284,2009,40.0,sunflower,,no_data,False,False
284,2010,40.0,sunflower,,no_data,False,False
284,2011,40.0,sunflower,,no_data,False,False
284,2012,40.0,sunflower,,no_data,False,False
284,2013,40.0,sunflower,,no_data,False,False
284,2014,40.0,sunflower,,no_data,False,False
284,2015,40.0,sunflower,,no_data,False,False
284,2016,40.0,sunflower,,no_data,False,False
284,2017,40.0,sunflower,,no_data,False,False
284,2018,40.0,sunflower,,no_data,False,False
284,2019,44.0,wheat_winter,,no_data,False,False
284,2020,43.0,wheat_spring,1.27,productivity_normalized,True,True
284,2021,43.0,wheat_spring,3.5273333,productivity_normalized,True,True
284,2022,40.0,sunflower,2.2233332999999997,productivity_normalized,True,True
284,2023,43.0,wheat_spring,,no_data,False,False
284,2024,24.0,pea,1.3279999999999998,productivity_normalized,True,True
284,2025,3.0,barley_spring,1.53,productivity_normalized,True,True
284,2026,46.0,nan,,no_data,False,False
284,2027,46.0,nan,,no_data,False,False
284,2028,,,,no_data,False,False
284,2029,,,,no_data,False,False
284,2030,,,,no_data,False,False
286,2000,40.0,sunflower,,no_data,False,False
286,2001,40.0,sunflower,,no_data,False,False
286,2002,40.0,sunflower,,no_data,False,False
286,2003,40.0,sunflower,,no_data,False,False
286,2004,40.0,sunflower,,no_data,False,False
286,2005,40.0,sunflower,,no_data,False,False
286,2006,40.0,sunflower,,no_data,False,False
286,2007,40.0,sunflower,,no_data,False,False
286,2008,40.0,sunflower,,no_data,False,False
286,2009,40.0,sunflower,,no_data,False,False
286,2010,40.0,sunflower,,no_data,False,False
286,2011,40.0,sunflower,,no_data,False,False
286,2012,40.0,sunflower,,no_data,False,False
286,2013,40.0,sunflower,,no_data,False,False
286,2014,40.0,sunflower,,no_data,False,False
286,2015,40.0,sunflower,,no_data,False,False
286,2016,40.0,sunflower,,no_data,False,False
286,2017,40.0,sunflower,,no_data,False,False
286,2018,40.0,sunflower,,no_data,False,False
286,2019,40.0,sunflower,,no_data,False,False
286,2020,43.0,wheat_spring,3.33,productivity_normalized,False,True
286,2021,43.0,wheat_spring,3.9718888999999997,productivity_normalized,True,True
286,2022,40.0,sunflower,,no_data,False,False
286,2023,43.0,wheat_spring,1.2911111,productivity_normalized,True,True
286,2024,24.0,pea,1.111111,productivity_normalized,False,True
286,2025,3.0,barley_spring,1.53,productivity_normalized,True,True
286,2026,43.0,wheat_spring,,no_data,False,False
286,2027,46.0,nan,,no_data,False,False
286,2028,,,,no_data,False,False
286,2029,,,,no_data,False,False
286,2030,,,,no_data,False,False
287,2000,40.0,sunflower,,no_data,False,False
287,2001,40.0,sunflower,,no_data,False,False
287,2002,40.0,sunflower,,no_data,False,False
287,2003,40.0,sunflower,,no_data,False,False
287,2004,40.0,sunflower,,no_data,False,False
287,2005,40.0,sunflower,,no_data,False,False
287,2006,40.0,sunflower,,no_data,False,False
287,2007,40.0,sunflower,,no_data,False,False
287,2008,40.0,sunflower,,no_data,False,False
287,2009,40.0,sunflower,,no_data,False,False
287,2010,40.0,sunflower,,no_data,False,False
287,2011,40.0,sunflower,,no_data,False,False
287,2012,40.0,sunflower,,no_data,False,False
287,2013,40.0,sunflower,,no_data,False,False
287,2014,40.0,sunflower,,no_data,False,False
287,2015,40.0,sunflower,,no_data,False,False
287,2016,40.0,sunflower,,no_data,False,False
287,2017,40.0,sunflower,,no_data,False,False
287,2018,40.0,sunflower,,no_data,False,False
287,2019,44.0,wheat_winter,,no_data,False,False
287,2020,36.0,soya,3.95,productivity_normalized,False,True
287,2021,3.0,barley_spring,5.6,productivity_normalized,True,True
287,2022,40.0,sunflower,,no_data,False,False
287,2023,43.0,wheat_spring,,no_data,False,False
287,2024,24.0,pea,0.5,productivity_normalized,True,True
287,2025,3.0,barley_spring,1.53,productivity_normalized,True,True
287,2026,46.0,nan,,no_data,False,False
287,2027,46.0,nan,,no_data,False,False
287,2028,,,,no_data,False,False
287,2029,,,,no_data,False,False
287,2030,,,,no_data,False,False
288,2000,40.0,sunflower,,no_data,False,False
288,2001,40.0,sunflower,,no_data,False,False
288,2002,40.0,sunflower,,no_data,False,False
288,2003,40.0,sunflower,,no_data,False,False
288,2004,40.0,sunflower,,no_data,False,False
288,2005,40.0,sunflower,,no_data,False,False
288,2006,40.0,sunflower,,no_data,False,False
288,2007,40.0,sunflower,,no_data,False,False
288,2008,40.0,sunflower,,no_data,False,False
288,2009,40.0,sunflower,,no_data,False,False
288,2010,40.0,sunflower,,no_data,False,False
288,2011,40.0,sunflower,,no_data,False,False
288,2012,40.0,sunflower,,no_data,False,False
288,2013,40.0,sunflower,,no_data,False,False
288,2014,40.0,sunflower,,no_data,False,False
288,2015,40.0,sunflower,,no_data,False,False
288,2016,40.0,sunflower,,no_data,False,False
288,2017,40.0,sunflower,,no_data,False,False
288,2018,40.0,sunflower,,no_data,False,False
288,2019,40.0,sunflower,,no_data,False,False
288,2020,43.0,wheat_spring,2.5,productivity_normalized,False,True
288,2021,43.0,wheat_spring,3.5825000000000005,productivity_normalized,True,True
288,2022,40.0,sunflower,,no_data,False,False
288,2023,43.0,wheat_spring,1.4449999999999998,productivity_normalized,True,True
288,2024,24.0,pea,2.5,productivity_normalized,False,True
288,2025,3.0,barley_spring,1.53,productivity_normalized,True,True
288,2026,46.0,nan,,no_data,False,False
288,2027,46.0,nan,,no_data,False,False
288,2028,,,,no_data,False,False
288,2029,,,,no_data,False,False
288,2030,,,,no_data,False,False
289,2000,40.0,sunflower,,no_data,False,False
289,2001,40.0,sunflower,,no_data,False,False
289,2002,40.0,sunflower,,no_data,False,False
289,2003,40.0,sunflower,,no_data,False,False
289,2004,40.0,sunflower,,no_data,False,False
289,2005,40.0,sunflower,,no_data,False,False
289,2006,40.0,sunflower,,no_data,False,False
289,2007,40.0,sunflower,,no_data,False,False
289,2008,40.0,sunflower,,no_data,False,False
289,2009,40.0,sunflower,,no_data,False,False
289,2010,40.0,sunflower,,no_data,False,False
289,2011,40.0,sunflower,,no_data,False,False
289,2012,40.0,sunflower,,no_data,False,False
289,2013,40.0,sunflower,,no_data,False,False
289,2014,40.0,sunflower,,no_data,False,False
289,2015,40.0,sunflower,,no_data,False,False
289,2016,40.0,sunflower,,no_data,False,False
289,2017,40.0,sunflower,,no_data,False,False
289,2018,40.0,sunflower,,no_data,False,False
289,2019,43.0,wheat_spring,,no_data,False,False
289,2020,20.0,oil_seed_raps_spring,0.704,productivity_normalized,True,True
289,2021,43.0,wheat_spring,3.8523529000000005,productivity_normalized,True,True
289,2022,40.0,sunflower,,no_data,False,False
289,2023,43.0,wheat_spring,1.2705882000000002,productivity_normalized,True,True
289,2024,24.0,pea,0.5310588,productivity_normalized,True,True
289,2025,3.0,barley_spring,1.53,productivity_normalized,True,True
289,2026,43.0,wheat_spring,,no_data,False,False
289,2027,46.0,nan,,no_data,False,False
289,2028,,,,no_data,False,False
289,2029,,,,no_data,False,False
289,2030,,,,no_data,False,False
291,2000,40.0,sunflower,,no_data,False,False
291,2001,40.0,sunflower,,no_data,False,False
291,2002,40.0,sunflower,,no_data,False,False
291,2003,40.0,sunflower,,no_data,False,False
291,2004,40.0,sunflower,,no_data,False,False
291,2005,40.0,sunflower,,no_data,False,False
291,2006,40.0,sunflower,,no_data,False,False
291,2007,40.0,sunflower,,no_data,False,False
291,2008,40.0,sunflower,,no_data,False,False
291,2009,40.0,sunflower,,no_data,False,False
291,2010,40.0,sunflower,,no_data,False,False
291,2011,40.0,sunflower,,no_data,False,False
291,2012,40.0,sunflower,,no_data,False,False
291,2013,40.0,sunflower,,no_data,False,False
291,2014,40.0,sunflower,,no_data,False,False
291,2015,40.0,sunflower,,no_data,False,False
291,2016,40.0,sunflower,,no_data,False,False
291,2017,40.0,sunflower,,no_data,False,False
291,2018,40.0,sunflower,,no_data,False,False
291,2019,40.0,sunflower,,no_data,False,False
291,2020,43.0,wheat_spring,2.86,productivity_normalized,False,True
291,2021,43.0,wheat_spring,3.1728332999999997,productivity_normalized,True,True
291,2022,40.0,sunflower,,no_data,False,False
291,2023,43.0,wheat_spring,1.5506667,productivity_normalized,True,True
291,2024,24.0,pea,1.666667,productivity_normalized,False,True
291,2025,3.0,barley_spring,1.53,productivity_normalized,True,True
291,2026,46.0,nan,,no_data,False,False
291,2027,46.0,nan,,no_data,False,False
291,2028,,,,no_data,False,False
291,2029,,,,no_data,False,False
291,2030,,,,no_data,False,False
292,2000,40.0,sunflower,,no_data,False,False
292,2001,40.0,sunflower,,no_data,False,False
292,2002,40.0,sunflower,,no_data,False,False
292,2003,40.0,sunflower,,no_data,False,False
292,2004,40.0,sunflower,,no_data,False,False
292,2005,40.0,sunflower,,no_data,False,False
292,2006,40.0,sunflower,,no_data,False,False
292,2007,40.0,sunflower,,no_data,False,False
292,2008,40.0,sunflower,,no_data,False,False
292,2009,40.0,sunflower,,no_data,False,False
292,2010,40.0,sunflower,,no_data,False,False
292,2011,40.0,sunflower,,no_data,False,False
292,2012,40.0,sunflower,,no_data,False,False
292,2013,40.0,sunflower,,no_data,False,False
292,2014,40.0,sunflower,,no_data,False,False
292,2015,40.0,sunflower,,no_data,False,False
292,2016,40.0,sunflower,,no_data,False,False
292,2017,40.0,sunflower,,no_data,False,False
292,2018,40.0,sunflower,,no_data,False,False
292,2019,40.0,sunflower,,no_data,False,False
292,2020,43.0,wheat_spring,,no_data,False,False
292,2021,40.0,sunflower,2.0100000000000002,productivity_normalized,True,True
292,2022,43.0,wheat_spring,2.2251000000000003,productivity_normalized,True,True
292,2023,3.0,barley_spring,3.2198,productivity_normalized,True,True
292,2024,43.0,wheat_spring,4.2,productivity_normalized,True,True
292,2025,40.0,sunflower,2.718,productivity_normalized,True,True
292,2026,43.0,wheat_spring,,no_data,False,False
292,2027,3.0,barley_spring,,no_data,False,False
292,2028,,,,no_data,False,False
292,2029,,,,no_data,False,False
292,2030,,,,no_data,False,False
293,2000,40.0,sunflower,,no_data,False,False
293,2001,40.0,sunflower,,no_data,False,False
293,2002,40.0,sunflower,,no_data,False,False
293,2003,40.0,sunflower,,no_data,False,False
293,2004,40.0,sunflower,,no_data,False,False
293,2005,40.0,sunflower,,no_data,False,False
293,2006,40.0,sunflower,,no_data,False,False
293,2007,40.0,sunflower,,no_data,False,False
293,2008,40.0,sunflower,,no_data,False,False
293,2009,40.0,sunflower,,no_data,False,False
293,2010,40.0,sunflower,,no_data,False,False
293,2011,40.0,sunflower,,no_data,False,False
293,2012,40.0,sunflower,,no_data,False,False
293,2013,40.0,sunflower,,no_data,False,False
293,2014,40.0,sunflower,,no_data,False,False
293,2015,40.0,sunflower,,no_data,False,False
293,2016,40.0,sunflower,,no_data,False,False
293,2017,44.0,wheat_winter,1.8210000000000002,productivity_normalized,True,True
293,2018,21.0,oil_seed_raps_winter,0.958,productivity_normalized,True,True
293,2019,44.0,wheat_winter,3.7299999999999995,productivity_normalized,True,True
293,2020,36.0,soya,4.0,productivity_normalized,False,True
293,2021,40.0,sunflower,2.3242697,productivity_normalized,True,True
293,2022,43.0,wheat_spring,2.6255843,productivity_normalized,True,True
293,2023,3.0,barley_spring,2.1575281,productivity_normalized,True,True
293,2024,43.0,wheat_spring,3.6256180000000002,productivity_normalized,True,True
293,2025,40.0,sunflower,3.0676404,productivity_normalized,True,True
293,2026,43.0,wheat_spring,,no_data,False,False
293,2027,3.0,barley_spring,,no_data,False,False
293,2028,,,,no_data,False,False
293,2029,,,,no_data,False,False
293,2030,,,,no_data,False,False
295,2000,40.0,sunflower,,no_data,False,False
295,2001,40.0,sunflower,,no_data,False,False
295,2002,40.0,sunflower,,no_data,False,False
295,2003,40.0,sunflower,,no_data,False,False
295,2004,40.0,sunflower,,no_data,False,False
295,2005,40.0,sunflower,,no_data,False,False
295,2006,40.0,sunflower,,no_data,False,False
295,2007,40.0,sunflower,,no_data,False,False
295,2008,40.0,sunflower,,no_data,False,False
295,2009,40.0,sunflower,,no_data,False,False
295,2010,40.0,sunflower,,no_data,False,False
295,2011,40.0,sunflower,,no_data,False,False
295,2012,40.0,sunflower,,no_data,False,False
295,2013,40.0,sunflower,,no_data,False,False
295,2014,40.0,sunflower,,no_data,False,False
295,2015,40.0,sunflower,,no_data,False,False
295,2016,40.0,sunflower,,no_data,False,False
295,2017,44.0,wheat_winter,1.2269999999999999,productivity_normalized,True,True
295,2018,21.0,oil_seed_raps_winter,1.45,productivity_normalized,True,True
295,2019,44.0,wheat_winter,2.899,productivity_normalized,True,True
295,2020,36.0,soya,1.17,productivity_normalized,False,True
295,2021,3.0,barley_spring,4.0902069,productivity_normalized,True,True
295,2022,40.0,sunflower,1.9825240999999998,productivity_normalized,True,True
295,2023,43.0,wheat_spring,4.579,productivity_normalized,False,True
295,2024,24.0,pea,1.4772414,productivity_normalized,True,True
295,2025,43.0,wheat_spring,4.5961379,productivity_normalized,True,True
295,2026,40.0,sunflower,,no_data,False,False
295,2027,43.0,wheat_spring,,no_data,False,False
295,2028,,,,no_data,False,False
295,2029,,,,no_data,False,False
295,2030,,,,no_data,False,False
296,2000,40.0,sunflower,,no_data,False,False
296,2001,40.0,sunflower,,no_data,False,False
296,2002,40.0,sunflower,,no_data,False,False
296,2003,40.0,sunflower,,no_data,False,False
296,2004,40.0,sunflower,,no_data,False,False
296,2005,40.0,sunflower,,no_data,False,False
296,2006,40.0,sunflower,,no_data,False,False
296,2007,40.0,sunflower,,no_data,False,False
296,2008,40.0,sunflower,,no_data,False,False
296,2009,40.0,sunflower,,no_data,False,False
296,2010,40.0,sunflower,,no_data,False,False
296,2011,40.0,sunflower,,no_data,False,False
296,2012,40.0,sunflower,,no_data,False,False
296,2013,40.0,sunflower,,no_data,False,False
296,2014,40.0,sunflower,,no_data,False,False
296,2015,40.0,sunflower,,no_data,False,False
296,2016,40.0,sunflower,,no_data,False,False
296,2017,36.0,soya,1.686,productivity_normalized,True,True
296,2018,40.0,sunflower,1.607,productivity_normalized,True,True
296,2019,16.0,maize,3.401,productivity_normalized,True,True
296,2020,40.0,sunflower,1.972,productivity_normalized,True,True
296,2021,3.0,barley_spring,3.3379235,productivity_normalized,True,True
296,2022,40.0,sunflower,1.4684699,productivity_normalized,True,True
296,2023,43.0,wheat_spring,0.7210929,productivity_normalized,True,True
296,2024,24.0,pea,2.8710383,productivity_normalized,True,True
296,2025,44.0,wheat_winter,4.5765895,productivity_normalized,True,True
296,2026,40.0,sunflower,,no_data,False,False
296,2027,43.0,wheat_spring,,no_data,False,False
296,2028,,,,no_data,False,False
296,2029,,,,no_data,False,False
296,2030,,,,no_data,False,False
297,2000,40.0,sunflower,,no_data,False,False
297,2001,40.0,sunflower,,no_data,False,False
297,2002,40.0,sunflower,,no_data,False,False
297,2003,40.0,sunflower,,no_data,False,False
297,2004,40.0,sunflower,,no_data,False,False
297,2005,40.0,sunflower,,no_data,False,False
297,2006,40.0,sunflower,,no_data,False,False
297,2007,40.0,sunflower,,no_data,False,False
297,2008,40.0,sunflower,,no_data,False,False
297,2009,40.0,sunflower,,no_data,False,False
297,2010,40.0,sunflower,,no_data,False,False
297,2011,40.0,sunflower,,no_data,False,False
297,2012,40.0,sunflower,,no_data,False,False
297,2013,40.0,sunflower,,no_data,False,False
297,2014,40.0,sunflower,,no_data,False,False
297,2015,40.0,sunflower,,no_data,False,False
297,2016,40.0,sunflower,,no_data,False,False
297,2017,40.0,sunflower,,no_data,False,False
297,2018,40.0,sunflower,,no_data,False,False
297,2019,44.0,wheat_winter,,no_data,False,False
297,2020,36.0,soya,,no_data,False,False
297,2021,43.0,wheat_spring,3.6759999999999997,productivity_normalized,True,True
297,2022,40.0,sunflower,,no_data,False,False
297,2023,43.0,wheat_spring,2.572,productivity_normalized,True,True
297,2024,24.0,pea,2.0,productivity_normalized,False,True
297,2025,3.0,barley_spring,1.53,productivity_normalized,True,True
297,2026,46.0,nan,,no_data,False,False
297,2027,46.0,nan,,no_data,False,False
297,2028,,,,no_data,False,False
297,2029,,,,no_data,False,False
297,2030,,,,no_data,False,False
298,2000,,,,no_data,False,False
298,2001,,,,no_data,False,False
298,2002,40.0,sunflower,,no_data,False,False
298,2003,40.0,sunflower,,no_data,False,False
298,2004,40.0,sunflower,,no_data,False,False
298,2005,40.0,sunflower,,no_data,False,False
298,2006,40.0,sunflower,,no_data,False,False
298,2007,40.0,sunflower,,no_data,False,False
298,2008,40.0,sunflower,,no_data,False,False
298,2009,40.0,sunflower,,no_data,False,False
298,2010,40.0,sunflower,,no_data,False,False
298,2011,40.0,sunflower,,no_data,False,False
298,2012,40.0,sunflower,,no_data,False,False
298,2013,40.0,sunflower,,no_data,False,False
298,2014,40.0,sunflower,,no_data,False,False
298,2015,40.0,sunflower,,no_data,False,False
298,2016,40.0,sunflower,,no_data,False,False
298,2017,40.0,sunflower,,no_data,False,False
298,2018,40.0,sunflower,1.546,productivity_normalized,True,True
298,2019,43.0,wheat_spring,3.6,productivity_normalized,True,True
298,2020,36.0,soya,1.8239999999999998,productivity_normalized,True,True
298,2021,16.0,maize,8.8297583,productivity_normalized,True,True
298,2022,3.0,barley_spring,3.4287917,productivity_normalized,True,True
298,2023,40.0,sunflower,2.0416667,productivity_normalized,True,True
298,2024,43.0,wheat_spring,3.4083333000000002,productivity_normalized,True,True
298,2025,24.0,pea,2.2106667,productivity_normalized,True,True
298,2026,44.0,wheat_winter,,no_data,False,False
298,2027,40.0,sunflower,,no_data,False,False
298,2028,,,,no_data,False,False
298,2029,,,,no_data,False,False
298,2030,,,,no_data,False,False
299,2000,,,,no_data,False,False
299,2001,,,,no_data,False,False
299,2002,40.0,sunflower,,no_data,False,False
299,2003,40.0,sunflower,,no_data,False,False
299,2004,40.0,sunflower,,no_data,False,False
299,2005,40.0,sunflower,,no_data,False,False
299,2006,40.0,sunflower,,no_data,False,False
299,2007,40.0,sunflower,,no_data,False,False
299,2008,40.0,sunflower,,no_data,False,False
299,2009,40.0,sunflower,,no_data,False,False
299,2010,40.0,sunflower,,no_data,False,False
299,2011,40.0,sunflower,,no_data,False,False
299,2012,40.0,sunflower,,no_data,False,False
299,2013,40.0,sunflower,,no_data,False,False
299,2014,40.0,sunflower,,no_data,False,False
299,2015,40.0,sunflower,,no_data,False,False
299,2016,40.0,sunflower,,no_data,False,False
299,2017,40.0,sunflower,,no_data,False,False
299,2018,3.0,barley_spring,2.8,productivity_normalized,True,True
299,2019,40.0,sunflower,3.3020000000000005,productivity_normalized,True,True
299,2020,43.0,wheat_spring,2.506,productivity_normalized,True,True
299,2021,44.0,wheat_winter,3.2053456,productivity_normalized,True,True
299,2022,44.0,wheat_winter,4.0,productivity_normalized,True,True
299,2023,40.0,sunflower,3.3456221,productivity_normalized,True,True
299,2024,3.0,barley_spring,3.7202764999999998,productivity_normalized,True,True
299,2025,24.0,pea,2.5146083,productivity_normalized,True,True
299,2026,40.0,sunflower,,no_data,False,False
299,2027,43.0,wheat_spring,,no_data,False,False
299,2028,,,,no_data,False,False
299,2029,,,,no_data,False,False
299,2030,,,,no_data,False,False
300,2000,,,,no_data,False,False
300,2001,,,,no_data,False,False
300,2002,40.0,sunflower,,no_data,False,False
300,2003,40.0,sunflower,,no_data,False,False
300,2004,40.0,sunflower,,no_data,False,False
300,2005,40.0,sunflower,,no_data,False,False
300,2006,40.0,sunflower,,no_data,False,False
300,2007,40.0,sunflower,,no_data,False,False
300,2008,40.0,sunflower,,no_data,False,False
300,2009,40.0,sunflower,,no_data,False,False
300,2010,40.0,sunflower,,no_data,False,False
300,2011,40.0,sunflower,,no_data,False,False
300,2012,40.0,sunflower,,no_data,False,False
300,2013,40.0,sunflower,,no_data,False,False
300,2014,40.0,sunflower,,no_data,False,False
300,2015,40.0,sunflower,,no_data,False,False
300,2016,40.0,sunflower,,no_data,False,False
300,2017,40.0,sunflower,,no_data,False,False
300,2018,3.0,barley_spring,3.6,productivity_normalized,True,True
300,2019,5.0,buckwheat,2.145,productivity_normalized,True,True
300,2020,43.0,wheat_spring,1.9010000000000002,productivity_normalized,True,True
300,2021,44.0,wheat_winter,2.8021818,productivity_normalized,True,True
300,2022,44.0,wheat_winter,2.8105455,productivity_normalized,True,True
300,2023,40.0,sunflower,3.5636364,productivity_normalized,True,True
300,2024,3.0,barley_spring,4.1425455,productivity_normalized,True,True
300,2025,40.0,sunflower,3.1365455,productivity_normalized,True,True
300,2026,3.0,barley_spring,,no_data,False,False
300,2027,43.0,wheat_spring,,no_data,False,False
300,2028,24.0,pea,,no_data,False,False
300,2029,,,,no_data,False,False
300,2030,,,,no_data,False,False
301,2000,,,,no_data,False,False
301,2001,,,,no_data,False,False
301,2002,40.0,sunflower,,no_data,False,False
301,2003,40.0,sunflower,,no_data,False,False
301,2004,40.0,sunflower,,no_data,False,False
301,2005,40.0,sunflower,,no_data,False,False
301,2006,40.0,sunflower,,no_data,False,False
301,2007,40.0,sunflower,,no_data,False,False
301,2008,40.0,sunflower,,no_data,False,False
301,2009,40.0,sunflower,,no_data,False,False
301,2010,40.0,sunflower,,no_data,False,False
301,2011,40.0,sunflower,,no_data,False,False
301,2012,40.0,sunflower,,no_data,False,False
301,2013,40.0,sunflower,,no_data,False,False
301,2014,40.0,sunflower,,no_data,False,False
301,2015,40.0,sunflower,,no_data,False,False
301,2016,40.0,sunflower,,no_data,False,False
301,2017,40.0,sunflower,,no_data,False,False
301,2018,43.0,wheat_spring,3.2,productivity_normalized,True,True
301,2019,5.0,buckwheat,1.925,productivity_normalized,True,True
301,2020,43.0,wheat_spring,2.851,productivity_normalized,True,True
301,2021,44.0,wheat_winter,2.3384115999999997,productivity_normalized,True,True
301,2022,44.0,wheat_winter,3.3030686000000005,productivity_normalized,True,True
301,2023,40.0,sunflower,2.6101083,productivity_normalized,True,True
301,2024,43.0,wheat_spring,2.8880866000000003,productivity_normalized,True,True
301,2025,40.0,sunflower,2.4951625,productivity_normalized,True,True
301,2026,43.0,wheat_spring,,no_data,False,False
301,2027,43.0,wheat_spring,,no_data,False,False
301,2028,,,,no_data,False,False
301,2029,,,,no_data,False,False
301,2030,,,,no_data,False,False
302,2000,,,,no_data,False,False
302,2001,,,,no_data,False,False
302,2002,40.0,sunflower,,no_data,False,False
302,2003,40.0,sunflower,,no_data,False,False
302,2004,40.0,sunflower,,no_data,False,False
302,2005,40.0,sunflower,,no_data,False,False
302,2006,40.0,sunflower,,no_data,False,False
302,2007,40.0,sunflower,,no_data,False,False
302,2008,40.0,sunflower,,no_data,False,False
302,2009,40.0,sunflower,,no_data,False,False
302,2010,40.0,sunflower,,no_data,False,False
302,2011,40.0,sunflower,,no_data,False,False
302,2012,40.0,sunflower,,no_data,False,False
302,2013,40.0,sunflower,,no_data,False,False
302,2014,40.0,sunflower,,no_data,False,False
302,2015,40.0,sunflower,,no_data,False,False
302,2016,40.0,sunflower,,no_data,False,False
302,2017,40.0,sunflower,,no_data,False,False
302,2018,43.0,wheat_spring,2.9,productivity_normalized,True,True
302,2019,40.0,sunflower,2.592,productivity_normalized,True,True
302,2020,43.0,wheat_spring,2.43,productivity_normalized,True,True
302,2021,43.0,wheat_spring,2.1607547,productivity_normalized,True,True
302,2022,40.0,sunflower,3.1477778,productivity_normalized,True,True
302,2023,43.0,wheat_spring,2.0,productivity_normalized,True,True
302,2024,56.0,nan,4.3846153999999995,productivity_normalized,True,True
302,2025,40.0,sunflower,2.7764444,productivity_normalized,True,True
302,2026,3.0,barley_spring,,no_data,False,False
302,2027,43.0,wheat_spring,,no_data,False,False
302,2028,24.0,pea,,no_data,False,False
302,2029,,,,no_data,False,False
302,2030,,,,no_data,False,False
303,2000,,,,no_data,False,False
303,2001,,,,no_data,False,False
303,2002,40.0,sunflower,,no_data,False,False
303,2003,40.0,sunflower,,no_data,False,False
303,2004,40.0,sunflower,,no_data,False,False
303,2005,40.0,sunflower,,no_data,False,False
303,2006,40.0,sunflower,,no_data,False,False
303,2007,40.0,sunflower,,no_data,False,False
303,2008,40.0,sunflower,,no_data,False,False
303,2009,40.0,sunflower,,no_data,False,False
303,2010,40.0,sunflower,,no_data,False,False
303,2011,40.0,sunflower,,no_data,False,False
303,2012,40.0,sunflower,,no_data,False,False
303,2013,40.0,sunflower,,no_data,False,False
303,2014,40.0,sunflower,,no_data,False,False
303,2015,40.0,sunflower,,no_data,False,False
303,2016,40.0,sunflower,,no_data,False,False
303,2017,40.0,sunflower,,no_data,False,False
303,2018,3.0,barley_spring,2.1,productivity_normalized,True,True
303,2019,5.0,buckwheat,2.568,productivity_normalized,True,True
303,2020,43.0,wheat_spring,2.463,productivity_normalized,True,True
303,2021,32.0,rye_winter,3.5212499999999998,productivity_normalized,True,True
303,2022,40.0,sunflower,3.539,productivity_normalized,True,True
303,2023,3.0,barley_spring,1.6280000000000001,productivity_normalized,True,True
303,2024,24.0,pea,3.313,productivity_normalized,True,True
303,2025,44.0,wheat_winter,5.6745,productivity_normalized,True,True
303,2026,40.0,sunflower,,no_data,False,False
303,2027,3.0,barley_spring,,no_data,False,False
303,2028,,,,no_data,False,False
303,2029,,,,no_data,False,False
303,2030,,,,no_data,False,False
304,2000,,,,no_data,False,False
304,2001,,,,no_data,False,False
304,2002,40.0,sunflower,,no_data,False,False
304,2003,40.0,sunflower,,no_data,False,False
304,2004,40.0,sunflower,,no_data,False,False
304,2005,40.0,sunflower,,no_data,False,False
304,2006,40.0,sunflower,,no_data,False,False
304,2007,40.0,sunflower,,no_data,False,False
304,2008,40.0,sunflower,,no_data,False,False
304,2009,40.0,sunflower,,no_data,False,False
304,2010,40.0,sunflower,,no_data,False,False
304,2011,40.0,sunflower,,no_data,False,False
304,2012,40.0,sunflower,,no_data,False,False
304,2013,40.0,sunflower,,no_data,False,False
304,2014,40.0,sunflower,,no_data,False,False
304,2015,40.0,sunflower,,no_data,False,False
304,2016,40.0,sunflower,,no_data,False,False
304,2017,40.0,sunflower,,no_data,False,False
304,2018,43.0,wheat_spring,2.2,productivity_normalized,True,True
304,2019,40.0,sunflower,2.665,productivity_normalized,True,True
304,2020,43.0,wheat_spring,1.9789999999999999,productivity_normalized,True,True
304,2021,32.0,rye_winter,2.6933116999999998,productivity_normalized,True,True
304,2022,40.0,sunflower,3.0357143,productivity_normalized,True,True
304,2023,43.0,wheat_spring,2.1428571,productivity_normalized,True,True
304,2024,43.0,wheat_spring,4.0714286,productivity_normalized,True,True
304,2025,40.0,sunflower,2.1645455,productivity_normalized,True,True
304,2026,3.0,barley_spring,,no_data,False,False
304,2027,43.0,wheat_spring,,no_data,False,False
304,2028,,,,no_data,False,False
304,2029,,,,no_data,False,False
304,2030,,,,no_data,False,False
305,2000,,,,no_data,False,False
305,2001,,,,no_data,False,False
305,2002,40.0,sunflower,,no_data,False,False
305,2003,40.0,sunflower,,no_data,False,False
305,2004,40.0,sunflower,,no_data,False,False
305,2005,40.0,sunflower,,no_data,False,False
305,2006,40.0,sunflower,,no_data,False,False
305,2007,40.0,sunflower,,no_data,False,False
305,2008,40.0,sunflower,,no_data,False,False
305,2009,40.0,sunflower,,no_data,False,False
305,2010,40.0,sunflower,,no_data,False,False
305,2011,40.0,sunflower,,no_data,False,False
305,2012,40.0,sunflower,,no_data,False,False
305,2013,40.0,sunflower,,no_data,False,False
305,2014,40.0,sunflower,,no_data,False,False
305,2015,40.0,sunflower,,no_data,False,False
305,2016,40.0,sunflower,,no_data,False,False
305,2017,40.0,sunflower,,no_data,False,False
305,2018,1.0,avena_spring,3.5420000000000003,productivity_normalized,True,True
305,2019,40.0,sunflower,1.614,productivity_normalized,True,True
305,2020,43.0,wheat_spring,3.353,productivity_normalized,True,True
305,2021,40.0,sunflower,3.1643689,productivity_normalized,True,True
305,2022,43.0,wheat_spring,3.2570476,productivity_normalized,True,True
305,2023,3.0,barley_spring,2.910936,productivity_normalized,True,True
305,2024,44.0,wheat_winter,5.0325714,productivity_normalized,True,True
305,2025,40.0,sunflower,2.7688571,productivity_normalized,True,True
305,2026,43.0,wheat_spring,,no_data,False,False
305,2027,40.0,sunflower,,no_data,False,False
305,2028,36.0,soya,,no_data,False,False
305,2029,,,,no_data,False,False
305,2030,,,,no_data,False,False
306,2000,,,,no_data,False,False
306,2001,,,,no_data,False,False
306,2002,40.0,sunflower,,no_data,False,False
306,2003,40.0,sunflower,,no_data,False,False
306,2004,40.0,sunflower,,no_data,False,False
306,2005,40.0,sunflower,,no_data,False,False
306,2006,40.0,sunflower,,no_data,False,False
306,2007,40.0,sunflower,,no_data,False,False
306,2008,40.0,sunflower,,no_data,False,False
306,2009,40.0,sunflower,,no_data,False,False
306,2010,40.0,sunflower,,no_data,False,False
306,2011,40.0,sunflower,,no_data,False,False
306,2012,40.0,sunflower,,no_data,False,False
306,2013,40.0,sunflower,,no_data,False,False
306,2014,40.0,sunflower,,no_data,False,False
306,2015,40.0,sunflower,,no_data,False,False
306,2016,40.0,sunflower,,no_data,False,False
306,2017,40.0,sunflower,,no_data,False,False
306,2018,16.0,maize,4.061999999999999,productivity_normalized,True,True
306,2019,40.0,sunflower,2.589,productivity_normalized,True,True
306,2020,43.0,wheat_spring,3.3229999999999995,productivity_normalized,True,True
306,2021,40.0,sunflower,2.5819574,productivity_normalized,True,True
306,2022,43.0,wheat_spring,3.6619574,productivity_normalized,True,True
306,2023,44.0,wheat_winter,2.5234043,productivity_normalized,True,True
306,2024,40.0,sunflower,3.5382128,productivity_normalized,True,True
306,2025,43.0,wheat_spring,4.320425500000001,productivity_normalized,True,True
306,2026,3.0,barley_spring,,no_data,False,False
306,2027,62.0,nan,,no_data,False,False
306,2028,,,,no_data,False,False
306,2029,,,,no_data,False,False
306,2030,,,,no_data,False,False
307,2000,,,,no_data,False,False
307,2001,,,,no_data,False,False
307,2002,,,,no_data,False,False
307,2003,,,,no_data,False,False
307,2004,,,,no_data,False,False
307,2005,,,,no_data,False,False
307,2006,,,,no_data,False,False
307,2007,,,,no_data,False,False
307,2008,,,,no_data,False,False
307,2009,,,,no_data,False,False
307,2010,,,,no_data,False,False
307,2011,,,,no_data,False,False
307,2012,,,,no_data,False,False
307,2013,,,,no_data,False,False
307,2014,,,,no_data,False,False
307,2015,,,,no_data,False,False
307,2016,,,,no_data,False,False
307,2017,,,,no_data,False,False
307,2018,,,,no_data,False,False
307,2019,,,,no_data,False,False
307,2020,9.0,fallow,,no_data,False,False
307,2021,44.0,wheat_winter,1.8282353,productivity_normalized,True,True
307,2022,24.0,pea,2.6147058999999997,productivity_normalized,True,True
307,2023,40.0,sunflower,1.6470588,productivity_normalized,True,True
307,2024,34.0,sainfoin,,no_data,False,False
307,2025,34.0,sainfoin,,no_data,False,False
307,2026,34.0,sainfoin,,no_data,False,False
307,2027,34.0,sainfoin,,no_data,False,False
307,2028,34.0,sainfoin,,no_data,False,False
307,2029,,,,no_data,False,False
307,2030,,,,no_data,False,False
308,2000,,,,no_data,False,False
308,2001,,,,no_data,False,False
308,2002,40.0,sunflower,,no_data,False,False
308,2003,40.0,sunflower,,no_data,False,False
308,2004,40.0,sunflower,,no_data,False,False
308,2005,40.0,sunflower,,no_data,False,False
308,2006,40.0,sunflower,,no_data,False,False
308,2007,40.0,sunflower,,no_data,False,False
308,2008,40.0,sunflower,,no_data,False,False
308,2009,40.0,sunflower,,no_data,False,False
308,2010,40.0,sunflower,,no_data,False,False
308,2011,40.0,sunflower,,no_data,False,False
308,2012,40.0,sunflower,,no_data,False,False
308,2013,40.0,sunflower,,no_data,False,False
308,2014,40.0,sunflower,,no_data,False,False
308,2015,40.0,sunflower,,no_data,False,False
308,2016,40.0,sunflower,,no_data,False,False
308,2017,40.0,sunflower,,no_data,False,False
308,2018,43.0,wheat_spring,3.128,productivity_normalized,True,True
308,2019,40.0,sunflower,3.2310000000000003,productivity_normalized,True,True
308,2020,43.0,wheat_spring,2.121,productivity_normalized,True,True
308,2021,40.0,sunflower,3.2111111,productivity_normalized,True,True
308,2022,43.0,wheat_spring,2.0782827999999998,productivity_normalized,True,True
308,2023,24.0,pea,0.7750649000000001,productivity_normalized,True,True
308,2024,44.0,wheat_winter,6.613961000000001,productivity_normalized,True,True
308,2025,40.0,sunflower,3.5603895999999997,productivity_normalized,True,True
308,2026,43.0,wheat_spring,,no_data,False,False
308,2027,40.0,sunflower,,no_data,False,False
308,2028,,,,no_data,False,False
308,2029,,,,no_data,False,False
308,2030,,,,no_data,False,False
309,2000,,,,no_data,False,False
309,2001,,,,no_data,False,False
309,2002,,,,no_data,False,False
309,2003,,,,no_data,False,False
309,2004,,,,no_data,False,False
309,2005,,,,no_data,False,False
309,2006,,,,no_data,False,False
309,2007,,,,no_data,False,False
309,2008,,,,no_data,False,False
309,2009,,,,no_data,False,False
309,2010,,,,no_data,False,False
309,2011,,,,no_data,False,False
309,2012,,,,no_data,False,False
309,2013,,,,no_data,False,False
309,2014,,,,no_data,False,False
309,2015,,,,no_data,False,False
309,2016,,,,no_data,False,False
309,2017,,,,no_data,False,False
309,2018,1.0,avena_spring,3.0,productivity_normalized,True,True
309,2019,40.0,sunflower,3.0,productivity_normalized,True,True
309,2020,43.0,wheat_spring,1.4220000000000002,productivity_normalized,True,True
309,2021,40.0,sunflower,2.9490667,productivity_normalized,True,True
309,2022,43.0,wheat_spring,,no_data,False,False
309,2023,,,,no_data,False,False
309,2024,,,,no_data,False,False
309,2025,,,,no_data,False,False
309,2026,,,,no_data,False,False
309,2027,,,,no_data,False,False
309,2028,,,,no_data,False,False
309,2029,,,,no_data,False,False
309,2030,,,,no_data,False,False
310,2000,,,,no_data,False,False
310,2001,,,,no_data,False,False
310,2002,40.0,sunflower,,no_data,False,False
310,2003,40.0,sunflower,,no_data,False,False
310,2004,40.0,sunflower,,no_data,False,False
310,2005,40.0,sunflower,,no_data,False,False
310,2006,40.0,sunflower,,no_data,False,False
310,2007,40.0,sunflower,,no_data,False,False
310,2008,40.0,sunflower,,no_data,False,False
310,2009,40.0,sunflower,,no_data,False,False
310,2010,40.0,sunflower,,no_data,False,False
310,2011,40.0,sunflower,,no_data,False,False
310,2012,40.0,sunflower,,no_data,False,False
310,2013,40.0,sunflower,,no_data,False,False
310,2014,40.0,sunflower,,no_data,False,False
310,2015,40.0,sunflower,,no_data,False,False
310,2016,40.0,sunflower,,no_data,False,False
310,2017,40.0,sunflower,,no_data,False,False
310,2018,43.0,wheat_spring,3.4,productivity_normalized,True,True
310,2019,40.0,sunflower,,no_data,False,False
310,2020,43.0,wheat_spring,1.519,productivity_normalized,True,True
310,2021,40.0,sunflower,2.9762564,productivity_normalized,True,True
310,2022,43.0,wheat_spring,4.9725,productivity_normalized,True,True
310,2023,40.0,sunflower,2.6650943000000002,productivity_normalized,True,True
310,2024,43.0,wheat_spring,3.7636364,productivity_normalized,True,True
310,2025,3.0,barley_spring,6.1521515,productivity_normalized,True,True
310,2026,40.0,sunflower,,no_data,False,False
310,2027,43.0,wheat_spring,,no_data,False,False
310,2028,,,,no_data,False,False
310,2029,,,,no_data,False,False
310,2030,,,,no_data,False,False
311,2000,,,,no_data,False,False
311,2001,,,,no_data,False,False
311,2002,40.0,sunflower,,no_data,False,False
311,2003,40.0,sunflower,,no_data,False,False
311,2004,40.0,sunflower,,no_data,False,False
311,2005,40.0,sunflower,,no_data,False,False
311,2006,40.0,sunflower,,no_data,False,False
311,2007,40.0,sunflower,,no_data,False,False
311,2008,40.0,sunflower,,no_data,False,False
311,2009,40.0,sunflower,,no_data,False,False
311,2010,40.0,sunflower,,no_data,False,False
311,2011,40.0,sunflower,,no_data,False,False
311,2012,40.0,sunflower,,no_data,False,False
311,2013,40.0,sunflower,,no_data,False,False
311,2014,40.0,sunflower,,no_data,False,False
311,2015,40.0,sunflower,,no_data,False,False
311,2016,40.0,sunflower,,no_data,False,False
311,2017,40.0,sunflower,,no_data,False,False
311,2018,43.0,wheat_spring,3.7,productivity_normalized,True,True
311,2019,36.0,soya,2.5460000000000003,productivity_normalized,True,True
311,2020,16.0,maize,5.118,productivity_normalized,True,True
311,2021,3.0,barley_spring,2.3825346,productivity_normalized,True,True
311,2022,44.0,wheat_winter,3.178547,productivity_normalized,True,True
311,2023,40.0,sunflower,3.2208333000000002,productivity_normalized,True,True
311,2024,43.0,wheat_spring,3.9819828,productivity_normalized,True,True
311,2025,36.0,soya,1.4650633,productivity_normalized,True,True
311,2026,63.0,nan,,no_data,False,False
311,2027,40.0,sunflower,,no_data,False,False
311,2028,,,,no_data,False,False
311,2029,,,,no_data,False,False
311,2030,,,,no_data,False,False
312,2000,,,,no_data,False,False
312,2001,,,,no_data,False,False
312,2002,40.0,sunflower,,no_data,False,False
312,2003,40.0,sunflower,,no_data,False,False
312,2004,40.0,sunflower,,no_data,False,False
312,2005,40.0,sunflower,,no_data,False,False
312,2006,40.0,sunflower,,no_data,False,False
312,2007,40.0,sunflower,,no_data,False,False
312,2008,40.0,sunflower,,no_data,False,False
312,2009,40.0,sunflower,,no_data,False,False
312,2010,40.0,sunflower,,no_data,False,False
312,2011,40.0,sunflower,,no_data,False,False
312,2012,40.0,sunflower,,no_data,False,False
312,2013,40.0,sunflower,,no_data,False,False
312,2014,40.0,sunflower,,no_data,False,False
312,2015,40.0,sunflower,,no_data,False,False
312,2016,40.0,sunflower,,no_data,False,False
312,2017,40.0,sunflower,,no_data,False,False
312,2018,43.0,wheat_spring,1.5,productivity_normalized,True,True
312,2019,40.0,sunflower,,no_data,False,False
312,2020,44.0,wheat_winter,3.3200000000000003,productivity_normalized,True,True
312,2021,3.0,barley_spring,3.9957895,productivity_normalized,True,True
312,2022,40.0,sunflower,2.5855556,productivity_normalized,True,True
312,2023,43.0,wheat_spring,1.8715789,productivity_normalized,True,True
312,2024,40.0,sunflower,1.5944444,productivity_normalized,True,True
312,2025,3.0,barley_spring,3.9005555999999997,productivity_normalized,True,True
312,2026,3.0,barley_spring,,no_data,False,False
312,2027,40.0,sunflower,,no_data,False,False
312,2028,,,,no_data,False,False
312,2029,,,,no_data,False,False
312,2030,,,,no_data,False,False
313,2000,,,,no_data,False,False
313,2001,,,,no_data,False,False
313,2002,40.0,sunflower,,no_data,False,False
313,2003,40.0,sunflower,,no_data,False,False
313,2004,40.0,sunflower,,no_data,False,False
313,2005,40.0,sunflower,,no_data,False,False
313,2006,40.0,sunflower,,no_data,False,False
313,2007,40.0,sunflower,,no_data,False,False
313,2008,40.0,sunflower,,no_data,False,False
313,2009,40.0,sunflower,,no_data,False,False
313,2010,40.0,sunflower,,no_data,False,False
313,2011,40.0,sunflower,,no_data,False,False
313,2012,40.0,sunflower,,no_data,False,False
313,2013,40.0,sunflower,,no_data,False,False
313,2014,40.0,sunflower,,no_data,False,False
313,2015,40.0,sunflower,,no_data,False,False
313,2016,40.0,sunflower,,no_data,False,False
313,2017,40.0,sunflower,,no_data,False,False
313,2018,40.0,sunflower,3.085,productivity_normalized,True,True
313,2019,43.0,wheat_spring,,no_data,False,False
313,2020,43.0,wheat_spring,2.127,productivity_normalized,True,True
313,2021,40.0,sunflower,3.7373261999999996,productivity_normalized,True,True
313,2022,43.0,wheat_spring,3.3391818,productivity_normalized,True,True
313,2023,3.0,barley_spring,3.4905631,productivity_normalized,True,True
313,2024,24.0,pea,2.8992727,productivity_normalized,True,True
313,2025,44.0,wheat_winter,5.3206417,productivity_normalized,True,True
313,2026,40.0,sunflower,,no_data,False,False
313,2027,3.0,barley_spring,,no_data,False,False
313,2028,,,,no_data,False,False
313,2029,,,,no_data,False,False
313,2030,,,,no_data,False,False
314,2000,,,,no_data,False,False
314,2001,,,,no_data,False,False
314,2002,40.0,sunflower,,no_data,False,False
314,2003,40.0,sunflower,,no_data,False,False
314,2004,40.0,sunflower,,no_data,False,False
314,2005,40.0,sunflower,,no_data,False,False
314,2006,40.0,sunflower,,no_data,False,False
314,2007,40.0,sunflower,,no_data,False,False
314,2008,40.0,sunflower,,no_data,False,False
314,2009,40.0,sunflower,,no_data,False,False
314,2010,40.0,sunflower,,no_data,False,False
314,2011,40.0,sunflower,,no_data,False,False
314,2012,40.0,sunflower,,no_data,False,False
314,2013,40.0,sunflower,,no_data,False,False
314,2014,40.0,sunflower,,no_data,False,False
314,2015,40.0,sunflower,,no_data,False,False
314,2016,40.0,sunflower,,no_data,False,False
314,2017,40.0,sunflower,,no_data,False,False
314,2018,36.0,soya,1.359,productivity_normalized,True,True
314,2019,40.0,sunflower,3.055,productivity_normalized,True,True
314,2020,43.0,wheat_spring,1.423,productivity_normalized,True,True
314,2021,40.0,sunflower,2.9976344,productivity_normalized,True,True
314,2022,43.0,wheat_spring,3.7651613,productivity_normalized,True,True
314,2023,24.0,pea,0.8548387,productivity_normalized,True,True
314,2024,44.0,wheat_winter,5.3133068,productivity_normalized,True,True
314,2025,40.0,sunflower,3.1980478000000003,productivity_normalized,True,True
314,2026,43.0,wheat_spring,,no_data,False,False
314,2027,3.0,barley_spring,,no_data,False,False
314,2028,,,,no_data,False,False
314,2029,,,,no_data,False,False
314,2030,,,,no_data,False,False
315,2000,,,,no_data,False,False
315,2001,,,,no_data,False,False
315,2002,40.0,sunflower,,no_data,False,False
315,2003,40.0,sunflower,,no_data,False,False
315,2004,40.0,sunflower,,no_data,False,False
315,2005,40.0,sunflower,,no_data,False,False
315,2006,40.0,sunflower,,no_data,False,False
315,2007,40.0,sunflower,,no_data,False,False
315,2008,40.0,sunflower,,no_data,False,False
315,2009,40.0,sunflower,,no_data,False,False
315,2010,40.0,sunflower,,no_data,False,False
315,2011,40.0,sunflower,,no_data,False,False
315,2012,40.0,sunflower,,no_data,False,False
315,2013,40.0,sunflower,,no_data,False,False
315,2014,40.0,sunflower,,no_data,False,False
315,2015,40.0,sunflower,,no_data,False,False
315,2016,40.0,sunflower,,no_data,False,False
315,2017,40.0,sunflower,,no_data,False,False
315,2018,1.0,avena_spring,3.0,productivity_normalized,True,True
315,2019,40.0,sunflower,2.63,productivity_normalized,True,True
315,2020,3.0,barley_spring,2.7199999999999998,productivity_normalized,True,True
315,2021,40.0,sunflower,2.3563158,productivity_normalized,True,True
315,2022,43.0,wheat_spring,3.0678947,productivity_normalized,True,True
315,2023,43.0,wheat_spring,2.2894737,productivity_normalized,True,True
315,2024,40.0,sunflower,0.8542105,productivity_normalized,True,True
315,2025,3.0,barley_spring,4.8221053,productivity_normalized,True,True
315,2026,43.0,wheat_spring,,no_data,False,False
315,2027,40.0,sunflower,,no_data,False,False
315,2028,44.0,wheat_winter,,no_data,False,False
315,2029,,,,no_data,False,False
315,2030,,,,no_data,False,False
316,2000,,,,no_data,False,False
316,2001,,,,no_data,False,False
316,2002,40.0,sunflower,,no_data,False,False
316,2003,40.0,sunflower,,no_data,False,False
316,2004,40.0,sunflower,,no_data,False,False
316,2005,40.0,sunflower,,no_data,False,False
316,2006,40.0,sunflower,,no_data,False,False
316,2007,40.0,sunflower,,no_data,False,False
316,2008,40.0,sunflower,,no_data,False,False
316,2009,40.0,sunflower,,no_data,False,False
316,2010,40.0,sunflower,,no_data,False,False
316,2011,40.0,sunflower,,no_data,False,False
316,2012,40.0,sunflower,,no_data,False,False
316,2013,40.0,sunflower,,no_data,False,False
316,2014,40.0,sunflower,,no_data,False,False
316,2015,40.0,sunflower,,no_data,False,False
316,2016,40.0,sunflower,,no_data,False,False
316,2017,40.0,sunflower,,no_data,False,False
316,2018,1.0,avena_spring,2.6,productivity_normalized,True,True
316,2019,40.0,sunflower,2.306,productivity_normalized,True,True
316,2020,3.0,barley_spring,2.452,productivity_normalized,True,True
316,2021,43.0,wheat_spring,3.3544828000000004,productivity_normalized,True,True
316,2022,24.0,pea,2.1768966,productivity_normalized,True,True
316,2023,44.0,wheat_winter,2.6882759,productivity_normalized,True,True
316,2024,,,,no_data,False,False
316,2025,,,,no_data,False,False
316,2026,,,,no_data,False,False
316,2027,,,,no_data,False,False
316,2028,,,,no_data,False,False
316,2029,,,,no_data,False,False
316,2030,,,,no_data,False,False
317,2000,,,,no_data,False,False
317,2001,,,,no_data,False,False
317,2002,40.0,sunflower,,no_data,False,False
317,2003,40.0,sunflower,,no_data,False,False
317,2004,40.0,sunflower,,no_data,False,False
317,2005,40.0,sunflower,,no_data,False,False
317,2006,40.0,sunflower,,no_data,False,False
317,2007,40.0,sunflower,,no_data,False,False
317,2008,40.0,sunflower,,no_data,False,False
317,2009,40.0,sunflower,,no_data,False,False
317,2010,40.0,sunflower,,no_data,False,False
317,2011,40.0,sunflower,,no_data,False,False
317,2012,40.0,sunflower,,no_data,False,False
317,2013,40.0,sunflower,,no_data,False,False
317,2014,40.0,sunflower,,no_data,False,False
317,2015,40.0,sunflower,,no_data,False,False
317,2016,40.0,sunflower,,no_data,False,False
317,2017,40.0,sunflower,,no_data,False,False
317,2018,24.0,pea,1.9010000000000002,productivity_normalized,True,True
317,2019,40.0,sunflower,3.2409999999999997,productivity_normalized,True,True
317,2020,43.0,wheat_spring,2.9690000000000003,productivity_normalized,True,True
317,2021,40.0,sunflower,2.4812716999999997,productivity_normalized,True,True
317,2022,43.0,wheat_spring,3.5861272,productivity_normalized,True,True
317,2023,3.0,barley_spring,2.6909677,productivity_normalized,True,True
317,2024,44.0,wheat_winter,4.6790323,productivity_normalized,True,True
317,2025,40.0,sunflower,3.2478824000000004,productivity_normalized,True,True
317,2026,62.0,nan,,no_data,False,False
317,2027,40.0,sunflower,,no_data,False,False
317,2028,36.0,soya,,no_data,False,False
317,2029,,,,no_data,False,False
317,2030,,,,no_data,False,False
318,2000,,,,no_data,False,False
318,2001,,,,no_data,False,False
318,2002,40.0,sunflower,,no_data,False,False
318,2003,40.0,sunflower,,no_data,False,False
318,2004,40.0,sunflower,,no_data,False,False
318,2005,40.0,sunflower,,no_data,False,False
318,2006,40.0,sunflower,,no_data,False,False
318,2007,40.0,sunflower,,no_data,False,False
318,2008,40.0,sunflower,,no_data,False,False
318,2009,40.0,sunflower,,no_data,False,False
318,2010,40.0,sunflower,,no_data,False,False
318,2011,40.0,sunflower,,no_data,False,False
318,2012,40.0,sunflower,,no_data,False,False
318,2013,40.0,sunflower,,no_data,False,False
318,2014,40.0,sunflower,,no_data,False,False
318,2015,40.0,sunflower,,no_data,False,False
318,2016,40.0,sunflower,,no_data,False,False
318,2017,40.0,sunflower,,no_data,False,False
318,2018,36.0,soya,2.1559999999999997,productivity_normalized,True,True
318,2019,16.0,maize,8.697,productivity_normalized,True,True
318,2020,43.0,wheat_spring,3.176,productivity_normalized,True,True
318,2021,40.0,sunflower,2.5535622,productivity_normalized,True,True
318,2022,43.0,wheat_spring,4.166502100000001,productivity_normalized,True,True
318,2023,44.0,wheat_winter,2.1609877,productivity_normalized,True,True
318,2024,40.0,sunflower,3.3664167,productivity_normalized,True,True
318,2025,43.0,wheat_spring,4.45625,productivity_normalized,True,True
318,2026,24.0,pea,,no_data,False,False
318,2027,62.0,nan,,no_data,False,False
318,2028,,,,no_data,False,False
318,2029,,,,no_data,False,False
318,2030,,,,no_data,False,False
319,2000,,,,no_data,False,False
319,2001,,,,no_data,False,False
319,2002,40.0,sunflower,,no_data,False,False
319,2003,40.0,sunflower,,no_data,False,False
319,2004,40.0,sunflower,,no_data,False,False
319,2005,40.0,sunflower,,no_data,False,False
319,2006,40.0,sunflower,,no_data,False,False
319,2007,40.0,sunflower,,no_data,False,False
319,2008,40.0,sunflower,,no_data,False,False
319,2009,40.0,sunflower,,no_data,False,False
319,2010,40.0,sunflower,,no_data,False,False
319,2011,40.0,sunflower,,no_data,False,False
319,2012,40.0,sunflower,,no_data,False,False
319,2013,40.0,sunflower,,no_data,False,False
319,2014,40.0,sunflower,,no_data,False,False
319,2015,40.0,sunflower,,no_data,False,False
319,2016,40.0,sunflower,,no_data,False,False
319,2017,40.0,sunflower,,no_data,False,False
319,2018,40.0,sunflower,1.9,productivity_normalized,True,True
319,2019,43.0,wheat_spring,3.511,productivity_normalized,True,True
319,2020,36.0,soya,1.761,productivity_normalized,True,True
319,2021,40.0,sunflower,3.1226667,productivity_normalized,True,True
319,2022,3.0,barley_spring,3.0208421000000003,productivity_normalized,True,True
319,2023,44.0,wheat_winter,1.8921569000000003,productivity_normalized,True,True
319,2024,40.0,sunflower,3.1522105,productivity_normalized,True,True
319,2025,43.0,wheat_spring,4.7133333,productivity_normalized,True,True
319,2026,40.0,sunflower,,no_data,False,False
319,2027,20.0,oil_seed_raps_spring,,no_data,False,False
319,2028,44.0,wheat_winter,,no_data,False,False
319,2029,,,,no_data,False,False
319,2030,,,,no_data,False,False
320,2000,,,,no_data,False,False
320,2001,,,,no_data,False,False
320,2002,40.0,sunflower,,no_data,False,False
320,2003,40.0,sunflower,,no_data,False,False
320,2004,40.0,sunflower,,no_data,False,False
320,2005,40.0,sunflower,,no_data,False,False
320,2006,40.0,sunflower,,no_data,False,False
320,2007,40.0,sunflower,,no_data,False,False
320,2008,40.0,sunflower,,no_data,False,False
320,2009,40.0,sunflower,,no_data,False,False
320,2010,40.0,sunflower,,no_data,False,False
320,2011,40.0,sunflower,,no_data,False,False
320,2012,40.0,sunflower,,no_data,False,False
320,2013,40.0,sunflower,,no_data,False,False
320,2014,40.0,sunflower,,no_data,False,False
320,2015,40.0,sunflower,,no_data,False,False
320,2016,40.0,sunflower,,no_data,False,False
320,2017,40.0,sunflower,,no_data,False,False
320,2018,40.0,sunflower,,no_data,False,False
320,2019,40.0,sunflower,,no_data,False,False
320,2020,40.0,sunflower,2.8920000000000003,productivity_normalized,True,True
320,2021,43.0,wheat_spring,3.9986667,productivity_normalized,True,True
320,2022,24.0,pea,3.664,productivity_normalized,True,True
320,2023,44.0,wheat_winter,1.4966667,productivity_normalized,True,True
320,2024,40.0,sunflower,2.2726667,productivity_normalized,True,True
320,2025,43.0,wheat_spring,5.2413333,productivity_normalized,True,True
320,2026,40.0,sunflower,,no_data,False,False
320,2027,43.0,wheat_spring,,no_data,False,False
320,2028,44.0,wheat_winter,,no_data,False,False
320,2029,,,,no_data,False,False
320,2030,,,,no_data,False,False
321,2000,,,,no_data,False,False
321,2001,,,,no_data,False,False
321,2002,40.0,sunflower,,no_data,False,False
321,2003,40.0,sunflower,,no_data,False,False
321,2004,40.0,sunflower,,no_data,False,False
321,2005,40.0,sunflower,,no_data,False,False
321,2006,40.0,sunflower,,no_data,False,False
321,2007,40.0,sunflower,,no_data,False,False
321,2008,40.0,sunflower,,no_data,False,False
321,2009,40.0,sunflower,,no_data,False,False
321,2010,40.0,sunflower,,no_data,False,False
321,2011,40.0,sunflower,,no_data,False,False
321,2012,40.0,sunflower,,no_data,False,False
321,2013,40.0,sunflower,,no_data,False,False
321,2014,40.0,sunflower,,no_data,False,False
321,2015,40.0,sunflower,,no_data,False,False
321,2016,40.0,sunflower,,no_data,False,False
321,2017,40.0,sunflower,,no_data,False,False
321,2018,40.0,sunflower,2.8,productivity_normalized,True,True
321,2019,43.0,wheat_spring,2.9739999999999998,productivity_normalized,True,True
321,2020,40.0,sunflower,3.2039999999999997,productivity_normalized,True,True
321,2021,43.0,wheat_spring,3.1188659999999997,productivity_normalized,True,True
321,2022,24.0,pea,3.7207216,productivity_normalized,True,True
321,2023,44.0,wheat_winter,2.4504124000000003,productivity_normalized,True,True
321,2024,40.0,sunflower,2.9827835,productivity_normalized,True,True
321,2025,43.0,wheat_spring,5.0110769,productivity_normalized,True,True
321,2026,40.0,sunflower,,no_data,False,False
321,2027,3.0,barley_spring,,no_data,False,False
321,2028,,,,no_data,False,False
321,2029,,,,no_data,False,False
321,2030,,,,no_data,False,False
322,2000,,,,no_data,False,False
322,2001,,,,no_data,False,False
322,2002,40.0,sunflower,,no_data,False,False
322,2003,40.0,sunflower,,no_data,False,False
322,2004,40.0,sunflower,,no_data,False,False
322,2005,40.0,sunflower,,no_data,False,False
322,2006,40.0,sunflower,,no_data,False,False
322,2007,40.0,sunflower,,no_data,False,False
322,2008,40.0,sunflower,,no_data,False,False
322,2009,40.0,sunflower,,no_data,False,False
322,2010,40.0,sunflower,,no_data,False,False
322,2011,40.0,sunflower,,no_data,False,False
322,2012,40.0,sunflower,,no_data,False,False
322,2013,40.0,sunflower,,no_data,False,False
322,2014,40.0,sunflower,,no_data,False,False
322,2015,40.0,sunflower,,no_data,False,False
322,2016,40.0,sunflower,,no_data,False,False
322,2017,40.0,sunflower,,no_data,False,False
322,2018,3.0,barley_spring,2.6,productivity_normalized,True,True
322,2019,40.0,sunflower,2.364,productivity_normalized,True,True
322,2020,43.0,wheat_spring,0.9410000000000001,productivity_normalized,True,True
322,2021,43.0,wheat_spring,3.4038356,productivity_normalized,True,True
322,2022,40.0,sunflower,2.8527397,productivity_normalized,True,True
322,2023,43.0,wheat_spring,3.1232876999999997,productivity_normalized,True,True
322,2024,40.0,sunflower,2.7725,productivity_normalized,True,True
322,2025,3.0,barley_spring,5.3174286,productivity_normalized,True,True
322,2026,44.0,wheat_winter,,no_data,False,False
322,2027,40.0,sunflower,,no_data,False,False
322,2028,,,,no_data,False,False
322,2029,,,,no_data,False,False
322,2030,,,,no_data,False,False
323,2000,,,,no_data,False,False
323,2001,,,,no_data,False,False
323,2002,40.0,sunflower,,no_data,False,False
323,2003,40.0,sunflower,,no_data,False,False
323,2004,40.0,sunflower,,no_data,False,False
323,2005,40.0,sunflower,,no_data,False,False
323,2006,40.0,sunflower,,no_data,False,False
323,2007,40.0,sunflower,,no_data,False,False
323,2008,40.0,sunflower,,no_data,False,False
323,2009,40.0,sunflower,,no_data,False,False
323,2010,40.0,sunflower,,no_data,False,False
323,2011,40.0,sunflower,,no_data,False,False
323,2012,40.0,sunflower,,no_data,False,False
323,2013,40.0,sunflower,,no_data,False,False
323,2014,40.0,sunflower,,no_data,False,False
323,2015,40.0,sunflower,,no_data,False,False
323,2016,40.0,sunflower,,no_data,False,False
323,2017,40.0,sunflower,,no_data,False,False
323,2018,9.0,fallow,,no_data,False,False
323,2019,44.0,wheat_winter,5.036,productivity_normalized,True,True
323,2020,40.0,sunflower,2.879,productivity_normalized,True,True
323,2021,43.0,wheat_spring,2.7504545,productivity_normalized,True,True
323,2022,40.0,sunflower,3.4059091,productivity_normalized,True,True
323,2023,43.0,wheat_spring,2.987013,productivity_normalized,True,True
323,2024,44.0,wheat_winter,4.9662987,productivity_normalized,True,True
323,2025,40.0,sunflower,3.7001299000000003,productivity_normalized,True,True
323,2026,62.0,nan,,no_data,False,False
323,2027,3.0,barley_spring,,no_data,False,False
323,2028,44.0,wheat_winter,,no_data,False,False
323,2029,,,,no_data,False,False
323,2030,,,,no_data,False,False
324,2000,,,,no_data,False,False
324,2001,,,,no_data,False,False
324,2002,40.0,sunflower,,no_data,False,False
324,2003,40.0,sunflower,,no_data,False,False
324,2004,40.0,sunflower,,no_data,False,False
324,2005,40.0,sunflower,,no_data,False,False
324,2006,40.0,sunflower,,no_data,False,False
324,2007,40.0,sunflower,,no_data,False,False
324,2008,40.0,sunflower,,no_data,False,False
324,2009,40.0,sunflower,,no_data,False,False
324,2010,40.0,sunflower,,no_data,False,False
324,2011,40.0,sunflower,,no_data,False,False
324,2012,40.0,sunflower,,no_data,False,False
324,2013,40.0,sunflower,,no_data,False,False
324,2014,40.0,sunflower,,no_data,False,False
324,2015,40.0,sunflower,,no_data,False,False
324,2016,40.0,sunflower,,no_data,False,False
324,2017,40.0,sunflower,,no_data,False,False
324,2018,5.0,buckwheat,2.7,productivity_normalized,True,True
324,2019,3.0,barley_spring,2.888,productivity_normalized,True,True
324,2020,40.0,sunflower,3.2,productivity_normalized,True,True
324,2021,43.0,wheat_spring,3.4877778,productivity_normalized,True,True
324,2022,40.0,sunflower,3.0492593,productivity_normalized,True,True
324,2023,43.0,wheat_spring,2.1296296000000003,productivity_normalized,True,True
324,2024,3.0,barley_spring,4.0740741,productivity_normalized,True,True
324,2025,40.0,sunflower,3.1233332999999996,productivity_normalized,True,True
324,2026,3.0,barley_spring,,no_data,False,False
324,2027,40.0,sunflower,,no_data,False,False
324,2028,44.0,wheat_winter,,no_data,False,False
324,2029,,,,no_data,False,False
324,2030,,,,no_data,False,False
325,2000,,,,no_data,False,False
325,2001,,,,no_data,False,False
325,2002,40.0,sunflower,,no_data,False,False
325,2003,40.0,sunflower,,no_data,False,False
325,2004,40.0,sunflower,,no_data,False,False
325,2005,40.0,sunflower,,no_data,False,False
325,2006,40.0,sunflower,,no_data,False,False
325,2007,40.0,sunflower,,no_data,False,False
325,2008,40.0,sunflower,,no_data,False,False
325,2009,40.0,sunflower,,no_data,False,False
325,2010,40.0,sunflower,,no_data,False,False
325,2011,40.0,sunflower,,no_data,False,False
325,2012,40.0,sunflower,,no_data,False,False
325,2013,40.0,sunflower,,no_data,False,False
325,2014,40.0,sunflower,,no_data,False,False
325,2015,40.0,sunflower,,no_data,False,False
325,2016,40.0,sunflower,,no_data,False,False
325,2017,40.0,sunflower,,no_data,False,False
325,2018,40.0,sunflower,2.6,productivity_normalized,True,True
325,2019,40.0,sunflower,,no_data,False,False
325,2020,40.0,sunflower,3.3920000000000003,productivity_normalized,True,True
325,2021,43.0,wheat_spring,3.5964706,productivity_normalized,True,True
325,2022,40.0,sunflower,2.8858824,productivity_normalized,True,True
325,2023,43.0,wheat_spring,2.1070588,productivity_normalized,True,True
325,2024,3.0,barley_spring,5.4317647000000004,productivity_normalized,True,True
325,2025,40.0,sunflower,3.9029412,productivity_normalized,True,True
325,2026,3.0,barley_spring,,no_data,False,False
325,2027,43.0,wheat_spring,,no_data,False,False
325,2028,,,,no_data,False,False
325,2029,,,,no_data,False,False
325,2030,,,,no_data,False,False
327,2000,,,,no_data,False,False
327,2001,,,,no_data,False,False
327,2002,40.0,sunflower,,no_data,False,False
327,2003,40.0,sunflower,,no_data,False,False
327,2004,40.0,sunflower,,no_data,False,False
327,2005,40.0,sunflower,,no_data,False,False
327,2006,40.0,sunflower,,no_data,False,False
327,2007,40.0,sunflower,,no_data,False,False
327,2008,40.0,sunflower,,no_data,False,False
327,2009,40.0,sunflower,,no_data,False,False
327,2010,40.0,sunflower,,no_data,False,False
327,2011,40.0,sunflower,,no_data,False,False
327,2012,40.0,sunflower,,no_data,False,False
327,2013,40.0,sunflower,,no_data,False,False
327,2014,40.0,sunflower,,no_data,False,False
327,2015,40.0,sunflower,,no_data,False,False
327,2016,40.0,sunflower,,no_data,False,False
327,2017,40.0,sunflower,,no_data,False,False
327,2018,40.0,sunflower,2.6,productivity_normalized,True,True
327,2019,40.0,sunflower,,no_data,False,False
327,2020,40.0,sunflower,3.277,productivity_normalized,True,True
327,2021,43.0,wheat_spring,4.4124752,productivity_normalized,True,True
327,2022,40.0,sunflower,3.0487129,productivity_normalized,True,True
327,2023,3.0,barley_spring,3.0089109,productivity_normalized,True,True
327,2024,43.0,wheat_spring,4.3030303000000005,productivity_normalized,True,True
327,2025,40.0,sunflower,2.7849505,productivity_normalized,True,True
327,2026,3.0,barley_spring,,no_data,False,False
327,2027,43.0,wheat_spring,,no_data,False,False
327,2028,,,,no_data,False,False
327,2029,,,,no_data,False,False
327,2030,,,,no_data,False,False
328,2000,,,,no_data,False,False
328,2001,,,,no_data,False,False
328,2002,40.0,sunflower,,no_data,False,False
328,2003,40.0,sunflower,,no_data,False,False
328,2004,40.0,sunflower,,no_data,False,False
328,2005,40.0,sunflower,,no_data,False,False
328,2006,40.0,sunflower,,no_data,False,False
328,2007,40.0,sunflower,,no_data,False,False
328,2008,40.0,sunflower,,no_data,False,False
328,2009,40.0,sunflower,,no_data,False,False
328,2010,40.0,sunflower,,no_data,False,False
328,2011,40.0,sunflower,,no_data,False,False
328,2012,40.0,sunflower,,no_data,False,False
328,2013,40.0,sunflower,,no_data,False,False
328,2014,40.0,sunflower,,no_data,False,False
328,2015,40.0,sunflower,,no_data,False,False
328,2016,40.0,sunflower,,no_data,False,False
328,2017,40.0,sunflower,,no_data,False,False
328,2018,40.0,sunflower,,no_data,False,False
328,2019,44.0,wheat_winter,5.195,productivity_normalized,True,True
328,2020,40.0,sunflower,1.3880000000000001,productivity_normalized,True,True
328,2021,43.0,wheat_spring,1.5152941,productivity_normalized,True,True
328,2022,44.0,wheat_winter,2.5023529,productivity_normalized,True,True
328,2023,40.0,sunflower,2.7647059,productivity_normalized,True,True
328,2024,34.0,sainfoin,,no_data,False,False
328,2025,34.0,sainfoin,,no_data,False,False
328,2026,34.0,sainfoin,,no_data,False,False
328,2027,34.0,sainfoin,,no_data,False,False
328,2028,34.0,sainfoin,,no_data,False,False
328,2029,,,,no_data,False,False
328,2030,,,,no_data,False,False
329,2000,,,,no_data,False,False
329,2001,,,,no_data,False,False
329,2002,,,,no_data,False,False
329,2003,,,,no_data,False,False
329,2004,,,,no_data,False,False
329,2005,,,,no_data,False,False
329,2006,,,,no_data,False,False
329,2007,,,,no_data,False,False
329,2008,,,,no_data,False,False
329,2009,,,,no_data,False,False
329,2010,,,,no_data,False,False
329,2011,,,,no_data,False,False
329,2012,,,,no_data,False,False
329,2013,,,,no_data,False,False
329,2014,,,,no_data,False,False
329,2015,,,,no_data,False,False
329,2016,,,,no_data,False,False
329,2017,,,,no_data,False,False
329,2018,43.0,wheat_spring,3.2,productivity_normalized,True,True
329,2019,5.0,buckwheat,2.461,productivity_normalized,True,True
329,2020,40.0,sunflower,3.003,productivity_normalized,True,True
329,2021,43.0,wheat_spring,3.4850000000000003,productivity_normalized,True,True
329,2022,44.0,wheat_winter,,no_data,False,False
329,2023,,,,no_data,False,False
329,2024,,,,no_data,False,False
329,2025,,,,no_data,False,False
329,2026,,,,no_data,False,False
329,2027,,,,no_data,False,False
329,2028,,,,no_data,False,False
329,2029,,,,no_data,False,False
330,2000,,,,no_data,False,False
330,2001,,,,no_data,False,False
330,2002,40.0,sunflower,,no_data,False,False
330,2003,40.0,sunflower,,no_data,False,False
330,2004,40.0,sunflower,,no_data,False,False
330,2005,40.0,sunflower,,no_data,False,False
330,2006,40.0,sunflower,,no_data,False,False
330,2007,40.0,sunflower,,no_data,False,False
330,2008,40.0,sunflower,,no_data,False,False
330,2009,40.0,sunflower,,no_data,False,False
330,2010,40.0,sunflower,,no_data,False,False
330,2011,40.0,sunflower,,no_data,False,False
330,2012,40.0,sunflower,,no_data,False,False
330,2013,40.0,sunflower,,no_data,False,False
330,2014,40.0,sunflower,,no_data,False,False
330,2015,40.0,sunflower,,no_data,False,False
330,2016,40.0,sunflower,,no_data,False,False
330,2017,40.0,sunflower,,no_data,False,False
330,2018,43.0,wheat_spring,2.8,productivity_normalized,True,True
330,2019,43.0,wheat_spring,3.165,productivity_normalized,True,True
330,2020,40.0,sunflower,3.191,productivity_normalized,True,True
330,2021,43.0,wheat_spring,3.4681379,productivity_normalized,True,True
330,2022,3.0,barley_spring,4.183069,productivity_normalized,True,True
330,2023,40.0,sunflower,3.1672474,productivity_normalized,True,True
330,2024,43.0,wheat_spring,3.373384,productivity_normalized,True,True
330,2025,24.0,pea,1.6517563,productivity_normalized,True,True
330,2026,3.0,barley_spring,,no_data,False,False
330,2027,40.0,sunflower,,no_data,False,False
330,2028,,,,no_data,False,False
330,2029,,,,no_data,False,False
330,2030,,,,no_data,False,False
331,2000,,,,no_data,False,False
331,2001,,,,no_data,False,False
331,2002,40.0,sunflower,,no_data,False,False
331,2003,40.0,sunflower,,no_data,False,False
331,2004,40.0,sunflower,,no_data,False,False
331,2005,40.0,sunflower,,no_data,False,False
331,2006,40.0,sunflower,,no_data,False,False
331,2007,40.0,sunflower,,no_data,False,False
331,2008,40.0,sunflower,,no_data,False,False
331,2009,40.0,sunflower,,no_data,False,False
331,2010,40.0,sunflower,,no_data,False,False
331,2011,40.0,sunflower,,no_data,False,False
331,2012,40.0,sunflower,,no_data,False,False
331,2013,40.0,sunflower,,no_data,False,False
331,2014,40.0,sunflower,,no_data,False,False
331,2015,40.0,sunflower,,no_data,False,False
331,2016,40.0,sunflower,,no_data,False,False
331,2017,40.0,sunflower,,no_data,False,False
331,2018,43.0,wheat_spring,2.3,productivity_normalized,True,True
331,2019,43.0,wheat_spring,2.4,productivity_normalized,True,True
331,2020,40.0,sunflower,2.396,productivity_normalized,True,True
331,2021,43.0,wheat_spring,3.196,productivity_normalized,True,True
331,2022,44.0,wheat_winter,2.2347143,productivity_normalized,True,True
331,2023,40.0,sunflower,3.1901408,productivity_normalized,True,True
331,2024,43.0,wheat_spring,4.0175714,productivity_normalized,True,True
331,2025,40.0,sunflower,2.8052856999999998,productivity_normalized,True,True
331,2026,43.0,wheat_spring,,no_data,False,False
331,2027,43.0,wheat_spring,,no_data,False,False
331,2028,44.0,wheat_winter,,no_data,False,False
331,2029,,,,no_data,False,False
331,2030,,,,no_data,False,False
332,2000,,,,no_data,False,False
332,2001,,,,no_data,False,False
332,2002,40.0,sunflower,,no_data,False,False
332,2003,40.0,sunflower,,no_data,False,False
332,2004,40.0,sunflower,,no_data,False,False
332,2005,40.0,sunflower,,no_data,False,False
332,2006,40.0,sunflower,,no_data,False,False
332,2007,40.0,sunflower,,no_data,False,False
332,2008,40.0,sunflower,,no_data,False,False
332,2009,40.0,sunflower,,no_data,False,False
332,2010,40.0,sunflower,,no_data,False,False
332,2011,40.0,sunflower,,no_data,False,False
332,2012,40.0,sunflower,,no_data,False,False
332,2013,40.0,sunflower,,no_data,False,False
332,2014,40.0,sunflower,,no_data,False,False
332,2015,40.0,sunflower,,no_data,False,False
332,2016,40.0,sunflower,,no_data,False,False
332,2017,40.0,sunflower,,no_data,False,False
332,2018,40.0,sunflower,2.5,productivity_normalized,True,True
332,2019,43.0,wheat_spring,3.525,productivity_normalized,True,True
332,2020,40.0,sunflower,1.8760000000000001,productivity_normalized,True,True
332,2021,43.0,wheat_spring,2.784181,productivity_normalized,True,True
332,2022,40.0,sunflower,3.1269828,productivity_normalized,True,True
332,2023,43.0,wheat_spring,2.2198276,productivity_normalized,True,True
332,2024,56.0,nan,4.475387899999999,productivity_normalized,True,True
332,2025,40.0,sunflower,2.7096983000000003,productivity_normalized,True,True
332,2026,3.0,barley_spring,,no_data,False,False
332,2027,20.0,oil_seed_raps_spring,,no_data,False,False
332,2028,36.0,soya,,no_data,False,False
332,2029,,,,no_data,False,False
332,2030,,,,no_data,False,False
333,2000,,,,no_data,False,False
333,2001,,,,no_data,False,False
333,2002,40.0,sunflower,,no_data,False,False
333,2003,40.0,sunflower,,no_data,False,False
333,2004,40.0,sunflower,,no_data,False,False
333,2005,40.0,sunflower,,no_data,False,False
333,2006,40.0,sunflower,,no_data,False,False
333,2007,40.0,sunflower,,no_data,False,False
333,2008,40.0,sunflower,,no_data,False,False
333,2009,40.0,sunflower,,no_data,False,False
333,2010,40.0,sunflower,,no_data,False,False
333,2011,40.0,sunflower,,no_data,False,False
333,2012,40.0,sunflower,,no_data,False,False
333,2013,40.0,sunflower,,no_data,False,False
333,2014,40.0,sunflower,,no_data,False,False
333,2015,40.0,sunflower,,no_data,False,False
333,2016,40.0,sunflower,,no_data,False,False
333,2017,40.0,sunflower,,no_data,False,False
333,2018,40.0,sunflower,,no_data,False,False
333,2019,44.0,wheat_winter,6.054,productivity_normalized,True,True
333,2020,40.0,sunflower,3.2310000000000003,productivity_normalized,True,True
333,2021,43.0,wheat_spring,3.3653796999999996,productivity_normalized,True,True
333,2022,40.0,sunflower,3.0093671,productivity_normalized,True,True
333,2023,43.0,wheat_spring,2.3291139000000003,productivity_normalized,True,True
333,2024,44.0,wheat_winter,,no_data,False,False
333,2025,40.0,sunflower,,no_data,False,False
333,2026,,,,no_data,False,False
333,2027,,,,no_data,False,False
333,2028,,,,no_data,False,False
333,2029,,,,no_data,False,False
334,2000,,,,no_data,False,False
334,2001,,,,no_data,False,False
334,2002,40.0,sunflower,,no_data,False,False
334,2003,40.0,sunflower,,no_data,False,False
334,2004,40.0,sunflower,,no_data,False,False
334,2005,40.0,sunflower,,no_data,False,False
334,2006,40.0,sunflower,,no_data,False,False
334,2007,40.0,sunflower,,no_data,False,False
334,2008,40.0,sunflower,,no_data,False,False
334,2009,40.0,sunflower,,no_data,False,False
334,2010,40.0,sunflower,,no_data,False,False
334,2011,40.0,sunflower,,no_data,False,False
334,2012,40.0,sunflower,,no_data,False,False
334,2013,40.0,sunflower,,no_data,False,False
334,2014,40.0,sunflower,,no_data,False,False
334,2015,40.0,sunflower,,no_data,False,False
334,2016,40.0,sunflower,,no_data,False,False
334,2017,40.0,sunflower,,no_data,False,False
334,2018,5.0,buckwheat,2.653,productivity_normalized,True,True
334,2019,44.0,wheat_winter,2.364,productivity_normalized,True,True
334,2020,40.0,sunflower,2.676,productivity_normalized,True,True
334,2021,43.0,wheat_spring,3.1403749999999997,productivity_normalized,True,True
334,2022,40.0,sunflower,3.3138125,productivity_normalized,True,True
334,2023,43.0,wheat_spring,3.24375,productivity_normalized,True,True
334,2024,40.0,sunflower,2.83575,productivity_normalized,True,True
334,2025,63.0,nan,4.383125,productivity_normalized,True,True
334,2026,,,,no_data,False,False
334,2027,,,,no_data,False,False
334,2028,,,,no_data,False,False
334,2029,,,,no_data,False,False
334,2030,,,,no_data,False,False
335,2000,,,,no_data,False,False
335,2001,,,,no_data,False,False
335,2002,40.0,sunflower,,no_data,False,False
335,2003,40.0,sunflower,,no_data,False,False
335,2004,40.0,sunflower,,no_data,False,False
335,2005,40.0,sunflower,,no_data,False,False
335,2006,40.0,sunflower,,no_data,False,False
335,2007,40.0,sunflower,,no_data,False,False
335,2008,40.0,sunflower,,no_data,False,False
335,2009,40.0,sunflower,,no_data,False,False
335,2010,40.0,sunflower,,no_data,False,False
335,2011,40.0,sunflower,,no_data,False,False
335,2012,40.0,sunflower,,no_data,False,False
335,2013,40.0,sunflower,,no_data,False,False
335,2014,40.0,sunflower,,no_data,False,False
335,2015,40.0,sunflower,,no_data,False,False
335,2016,40.0,sunflower,,no_data,False,False
335,2017,40.0,sunflower,,no_data,False,False
335,2018,5.0,buckwheat,1.3,productivity_normalized,True,True
335,2019,40.0,sunflower,1.252,productivity_normalized,True,True
335,2020,43.0,wheat_spring,6.59,productivity_normalized,False,True
335,2021,43.0,wheat_spring,3.1346236999999997,productivity_normalized,True,True
335,2022,40.0,sunflower,3.5048386999999996,productivity_normalized,True,True
335,2023,43.0,wheat_spring,3.019802,productivity_normalized,True,True
335,2024,40.0,sunflower,2.7627723,productivity_normalized,True,True
335,2025,3.0,barley_spring,5.6548515,productivity_normalized,True,True
335,2026,24.0,pea,,no_data,False,False
335,2027,40.0,sunflower,,no_data,False,False
335,2028,,,,no_data,False,False
335,2029,,,,no_data,False,False
335,2030,,,,no_data,False,False
336,2000,,,,no_data,False,False
336,2001,,,,no_data,False,False
336,2002,40.0,sunflower,,no_data,False,False
336,2003,40.0,sunflower,,no_data,False,False
336,2004,40.0,sunflower,,no_data,False,False
336,2005,40.0,sunflower,,no_data,False,False
336,2006,40.0,sunflower,,no_data,False,False
336,2007,40.0,sunflower,,no_data,False,False
336,2008,40.0,sunflower,,no_data,False,False
336,2009,40.0,sunflower,,no_data,False,False
336,2010,40.0,sunflower,,no_data,False,False
336,2011,40.0,sunflower,,no_data,False,False
336,2012,40.0,sunflower,,no_data,False,False
336,2013,40.0,sunflower,,no_data,False,False
336,2014,40.0,sunflower,,no_data,False,False
336,2015,40.0,sunflower,,no_data,False,False
336,2016,40.0,sunflower,,no_data,False,False
336,2017,40.0,sunflower,,no_data,False,False
336,2018,43.0,wheat_spring,2.9,productivity_normalized,True,True
336,2019,3.0,barley_spring,2.227,productivity_normalized,True,True
336,2020,40.0,sunflower,2.684,productivity_normalized,True,True
336,2021,43.0,wheat_spring,3.5553333,productivity_normalized,True,True
336,2022,40.0,sunflower,3.029,productivity_normalized,True,True
336,2023,43.0,wheat_spring,3.5246667,productivity_normalized,True,True
336,2024,40.0,sunflower,2.6793333,productivity_normalized,True,True
336,2025,3.0,barley_spring,5.2713333,productivity_normalized,True,True
336,2026,60.0,nan,,no_data,False,False
336,2027,62.0,nan,,no_data,False,False
336,2028,,,,no_data,False,False
336,2029,,,,no_data,False,False
336,2030,,,,no_data,False,False
337,2000,,,,no_data,False,False
337,2001,,,,no_data,False,False
337,2002,40.0,sunflower,,no_data,False,False
337,2003,40.0,sunflower,,no_data,False,False
337,2004,40.0,sunflower,,no_data,False,False
337,2005,40.0,sunflower,,no_data,False,False
337,2006,40.0,sunflower,,no_data,False,False
337,2007,40.0,sunflower,,no_data,False,False
337,2008,40.0,sunflower,,no_data,False,False
337,2009,40.0,sunflower,,no_data,False,False
337,2010,40.0,sunflower,,no_data,False,False
337,2011,40.0,sunflower,,no_data,False,False
337,2012,40.0,sunflower,,no_data,False,False
337,2013,40.0,sunflower,,no_data,False,False
337,2014,40.0,sunflower,,no_data,False,False
337,2015,40.0,sunflower,,no_data,False,False
337,2016,40.0,sunflower,,no_data,False,False
337,2017,40.0,sunflower,,no_data,False,False
337,2018,40.0,sunflower,3.3,productivity_normalized,True,True
337,2019,40.0,sunflower,,no_data,False,False
337,2020,40.0,sunflower,2.934,productivity_normalized,True,True
337,2021,43.0,wheat_spring,3.2880000000000003,productivity_normalized,True,True
337,2022,40.0,sunflower,3.2695,productivity_normalized,True,True
337,2023,43.0,wheat_spring,1.825,productivity_normalized,True,True
337,2024,3.0,barley_spring,,no_data,False,False
337,2025,,,,no_data,False,False
337,2026,,,,no_data,False,False
337,2027,,,,no_data,False,False
337,2028,,,,no_data,False,False
337,2029,,,,no_data,False,False
338,2000,,,,no_data,False,False
338,2001,,,,no_data,False,False
338,2002,40.0,sunflower,,no_data,False,False
338,2003,40.0,sunflower,,no_data,False,False
338,2004,40.0,sunflower,,no_data,False,False
338,2005,40.0,sunflower,,no_data,False,False
338,2006,40.0,sunflower,,no_data,False,False
338,2007,40.0,sunflower,,no_data,False,False
338,2008,40.0,sunflower,,no_data,False,False
338,2009,40.0,sunflower,,no_data,False,False
338,2010,40.0,sunflower,,no_data,False,False
338,2011,40.0,sunflower,,no_data,False,False
338,2012,40.0,sunflower,,no_data,False,False
338,2013,40.0,sunflower,,no_data,False,False
338,2014,40.0,sunflower,,no_data,False,False
338,2015,40.0,sunflower,,no_data,False,False
338,2016,40.0,sunflower,,no_data,False,False
338,2017,40.0,sunflower,,no_data,False,False
338,2018,40.0,sunflower,2.9690000000000003,productivity_normalized,True,True
338,2019,40.0,sunflower,,no_data,False,False
338,2020,40.0,sunflower,3.4130000000000003,productivity_normalized,True,True
338,2021,43.0,wheat_spring,2.9725,productivity_normalized,True,True
338,2022,40.0,sunflower,2.8493749999999998,productivity_normalized,True,True
338,2023,43.0,wheat_spring,1.30125,productivity_normalized,True,True
338,2024,3.0,barley_spring,5.055,productivity_normalized,True,True
338,2025,40.0,sunflower,3.5034374999999995,productivity_normalized,True,True
338,2026,3.0,barley_spring,,no_data,False,False
338,2027,20.0,oil_seed_raps_spring,,no_data,False,False
338,2028,24.0,pea,,no_data,False,False
338,2029,,,,no_data,False,False
338,2030,,,,no_data,False,False
339,2000,,,,no_data,False,False
339,2001,,,,no_data,False,False
339,2002,40.0,sunflower,,no_data,False,False
339,2003,40.0,sunflower,,no_data,False,False
339,2004,40.0,sunflower,,no_data,False,False
339,2005,40.0,sunflower,,no_data,False,False
339,2006,40.0,sunflower,,no_data,False,False
339,2007,40.0,sunflower,,no_data,False,False
339,2008,40.0,sunflower,,no_data,False,False
339,2009,40.0,sunflower,,no_data,False,False
339,2010,40.0,sunflower,,no_data,False,False
339,2011,40.0,sunflower,,no_data,False,False
339,2012,40.0,sunflower,,no_data,False,False
339,2013,40.0,sunflower,,no_data,False,False
339,2014,40.0,sunflower,,no_data,False,False
339,2015,40.0,sunflower,,no_data,False,False
339,2016,40.0,sunflower,,no_data,False,False
339,2017,40.0,sunflower,,no_data,False,False
339,2018,40.0,sunflower,1.4,productivity_normalized,True,True
339,2019,40.0,sunflower,,no_data,False,False
339,2020,40.0,sunflower,2.175,productivity_normalized,True,True
339,2021,43.0,wheat_spring,4.1225000000000005,productivity_normalized,True,True
339,2022,40.0,sunflower,3.195,productivity_normalized,True,True
339,2023,43.0,wheat_spring,1.4583333,productivity_normalized,True,True
339,2024,43.0,wheat_spring,3.6233333,productivity_normalized,True,True
339,2025,43.0,wheat_spring,5.5616667,productivity_normalized,True,True
339,2026,36.0,soya,,no_data,False,False
339,2027,20.0,oil_seed_raps_spring,,no_data,False,False
339,2028,,,,no_data,False,False
339,2029,,,,no_data,False,False
339,2030,,,,no_data,False,False
340,2000,,,,no_data,False,False
340,2001,,,,no_data,False,False
340,2002,40.0,sunflower,,no_data,False,False
340,2003,40.0,sunflower,,no_data,False,False
340,2004,40.0,sunflower,,no_data,False,False
340,2005,40.0,sunflower,,no_data,False,False
340,2006,40.0,sunflower,,no_data,False,False
340,2007,40.0,sunflower,,no_data,False,False
340,2008,40.0,sunflower,,no_data,False,False
340,2009,40.0,sunflower,,no_data,False,False
340,2010,40.0,sunflower,,no_data,False,False
340,2011,40.0,sunflower,,no_data,False,False
340,2012,40.0,sunflower,,no_data,False,False
340,2013,40.0,sunflower,,no_data,False,False
340,2014,40.0,sunflower,,no_data,False,False
340,2015,40.0,sunflower,,no_data,False,False
340,2016,40.0,sunflower,,no_data,False,False
340,2017,40.0,sunflower,,no_data,False,False
340,2018,5.0,buckwheat,2.3,productivity_normalized,True,True
340,2019,40.0,sunflower,,no_data,False,False
340,2020,32.0,rye_winter,4.4990000000000006,productivity_normalized,True,True
340,2021,3.0,barley_spring,1.3229507999999999,productivity_normalized,True,True
340,2022,40.0,sunflower,3.7000819999999996,productivity_normalized,True,True
340,2023,43.0,wheat_spring,3.4262295000000003,productivity_normalized,True,True
340,2024,40.0,sunflower,2.295082,productivity_normalized,True,True
340,2025,3.0,barley_spring,5.2339344,productivity_normalized,True,True
340,2026,3.0,barley_spring,,no_data,False,False
340,2027,40.0,sunflower,,no_data,False,False
340,2028,,,,no_data,False,False
340,2029,,,,no_data,False,False
340,2030,,,,no_data,False,False
341,2000,,,,no_data,False,False
341,2001,,,,no_data,False,False
341,2002,40.0,sunflower,,no_data,False,False
341,2003,40.0,sunflower,,no_data,False,False
341,2004,40.0,sunflower,,no_data,False,False
341,2005,40.0,sunflower,,no_data,False,False
341,2006,40.0,sunflower,,no_data,False,False
341,2007,40.0,sunflower,,no_data,False,False
341,2008,40.0,sunflower,,no_data,False,False
341,2009,40.0,sunflower,,no_data,False,False
341,2010,40.0,sunflower,,no_data,False,False
341,2011,40.0,sunflower,,no_data,False,False
341,2012,40.0,sunflower,,no_data,False,False
341,2013,40.0,sunflower,,no_data,False,False
341,2014,40.0,sunflower,,no_data,False,False
341,2015,40.0,sunflower,,no_data,False,False
341,2016,40.0,sunflower,,no_data,False,False
341,2017,40.0,sunflower,,no_data,False,False
341,2018,5.0,buckwheat,2.7,productivity_normalized,True,True
341,2019,40.0,sunflower,,no_data,False,False
341,2020,9.0,fallow,,no_data,False,False
341,2021,3.0,barley_spring,3.3516667,productivity_normalized,True,True
341,2022,40.0,sunflower,2.8089583,productivity_normalized,True,True
341,2023,43.0,wheat_spring,1.7916667,productivity_normalized,True,True
341,2024,40.0,sunflower,1.5833333,productivity_normalized,True,True
341,2025,3.0,barley_spring,5.0783333,productivity_normalized,True,True
341,2026,3.0,barley_spring,,no_data,False,False
341,2027,40.0,sunflower,,no_data,False,False
341,2028,,,,no_data,False,False
341,2029,,,,no_data,False,False
341,2030,,,,no_data,False,False
342,2000,,,,no_data,False,False
342,2001,,,,no_data,False,False
342,2002,40.0,sunflower,,no_data,False,False
342,2003,40.0,sunflower,,no_data,False,False
342,2004,40.0,sunflower,,no_data,False,False
342,2005,40.0,sunflower,,no_data,False,False
342,2006,40.0,sunflower,,no_data,False,False
342,2007,40.0,sunflower,,no_data,False,False
342,2008,40.0,sunflower,,no_data,False,False
342,2009,40.0,sunflower,,no_data,False,False
342,2010,40.0,sunflower,,no_data,False,False
342,2011,40.0,sunflower,,no_data,False,False
342,2012,40.0,sunflower,,no_data,False,False
342,2013,40.0,sunflower,,no_data,False,False
342,2014,40.0,sunflower,,no_data,False,False
342,2015,40.0,sunflower,,no_data,False,False
342,2016,40.0,sunflower,,no_data,False,False
342,2017,40.0,sunflower,,no_data,False,False
342,2018,5.0,buckwheat,2.3,productivity_normalized,True,True
342,2019,40.0,sunflower,,no_data,False,False
342,2020,9.0,fallow,,no_data,False,False
342,2021,44.0,wheat_winter,1.9413636,productivity_normalized,True,True
342,2022,40.0,sunflower,3.7125,productivity_normalized,True,True
342,2023,43.0,wheat_spring,2.3409091,productivity_normalized,True,True
342,2024,40.0,sunflower,2.0454545,productivity_normalized,True,True
342,2025,3.0,barley_spring,4.873181799999999,productivity_normalized,True,True
342,2026,3.0,barley_spring,,no_data,False,False
342,2027,40.0,sunflower,,no_data,False,False
342,2028,,,,no_data,False,False
342,2029,,,,no_data,False,False
342,2030,,,,no_data,False,False
343,2000,,,,no_data,False,False
343,2001,,,,no_data,False,False
343,2002,40.0,sunflower,,no_data,False,False
343,2003,40.0,sunflower,,no_data,False,False
343,2004,40.0,sunflower,,no_data,False,False
343,2005,40.0,sunflower,,no_data,False,False
343,2006,40.0,sunflower,,no_data,False,False
343,2007,40.0,sunflower,,no_data,False,False
343,2008,40.0,sunflower,,no_data,False,False
343,2009,40.0,sunflower,,no_data,False,False
343,2010,40.0,sunflower,,no_data,False,False
343,2011,40.0,sunflower,,no_data,False,False
343,2012,40.0,sunflower,,no_data,False,False
343,2013,40.0,sunflower,,no_data,False,False
343,2014,40.0,sunflower,,no_data,False,False
343,2015,40.0,sunflower,,no_data,False,False
343,2016,40.0,sunflower,,no_data,False,False
343,2017,40.0,sunflower,,no_data,False,False
343,2018,43.0,wheat_spring,2.5,productivity_normalized,True,True
343,2019,40.0,sunflower,,no_data,False,False
343,2020,40.0,sunflower,2.913,productivity_normalized,True,True
343,2021,3.0,barley_spring,4.0285714,productivity_normalized,True,True
343,2022,44.0,wheat_winter,3.4228571000000003,productivity_normalized,True,True
343,2023,40.0,sunflower,2.3171429,productivity_normalized,True,True
343,2024,37.0,sudan_grass,,no_data,False,False
343,2025,9.0,fallow,,no_data,False,False
343,2026,3.0,barley_spring,,no_data,False,False
343,2027,,,,no_data,False,False
343,2028,,,,no_data,False,False
343,2029,,,,no_data,False,False
343,2030,,,,no_data,False,False
344,2000,,,,no_data,False,False
344,2001,,,,no_data,False,False
344,2002,40.0,sunflower,,no_data,False,False
344,2003,40.0,sunflower,,no_data,False,False
344,2004,40.0,sunflower,,no_data,False,False
344,2005,40.0,sunflower,,no_data,False,False
344,2006,40.0,sunflower,,no_data,False,False
344,2007,40.0,sunflower,,no_data,False,False
344,2008,40.0,sunflower,,no_data,False,False
344,2009,40.0,sunflower,,no_data,False,False
344,2010,40.0,sunflower,,no_data,False,False
344,2011,40.0,sunflower,,no_data,False,False
344,2012,40.0,sunflower,,no_data,False,False
344,2013,40.0,sunflower,,no_data,False,False
344,2014,40.0,sunflower,,no_data,False,False
344,2015,40.0,sunflower,,no_data,False,False
344,2016,40.0,sunflower,,no_data,False,False
344,2017,40.0,sunflower,,no_data,False,False
344,2018,40.0,sunflower,,no_data,False,False
344,2019,20.0,oil_seed_raps_spring,,no_data,False,False
344,2020,3.0,barley_spring,1.379,productivity_normalized,True,True
344,2021,40.0,sunflower,2.1748453999999997,productivity_normalized,True,True
344,2022,43.0,wheat_spring,4.1587629,productivity_normalized,True,True
344,2023,24.0,pea,2.0016495,productivity_normalized,True,True
344,2024,44.0,wheat_winter,5.7474226999999996,productivity_normalized,True,True
344,2025,40.0,sunflower,3.7732836,productivity_normalized,True,True
344,2026,43.0,wheat_spring,,no_data,False,False
344,2027,20.0,oil_seed_raps_spring,,no_data,False,False
344,2028,,,,no_data,False,False
344,2029,,,,no_data,False,False
345,2000,,,,no_data,False,False
345,2001,,,,no_data,False,False
345,2002,40.0,sunflower,,no_data,False,False
345,2003,40.0,sunflower,,no_data,False,False
345,2004,40.0,sunflower,,no_data,False,False
345,2005,40.0,sunflower,,no_data,False,False
345,2006,40.0,sunflower,,no_data,False,False
345,2007,40.0,sunflower,,no_data,False,False
345,2008,40.0,sunflower,,no_data,False,False
345,2009,40.0,sunflower,,no_data,False,False
345,2010,40.0,sunflower,,no_data,False,False
345,2011,40.0,sunflower,,no_data,False,False
345,2012,40.0,sunflower,,no_data,False,False
345,2013,40.0,sunflower,,no_data,False,False
345,2014,40.0,sunflower,,no_data,False,False
345,2015,40.0,sunflower,,no_data,False,False
345,2016,40.0,sunflower,,no_data,False,False
345,2017,40.0,sunflower,,no_data,False,False
345,2018,40.0,sunflower,,no_data,False,False
345,2019,40.0,sunflower,2.247,productivity_normalized,True,True
345,2020,43.0,wheat_spring,4.61,productivity_normalized,False,True
345,2021,40.0,sunflower,2.6784,productivity_normalized,True,True
345,2022,43.0,wheat_spring,4.4988,productivity_normalized,True,True
345,2023,40.0,sunflower,1.6133333,productivity_normalized,True,True
345,2024,43.0,wheat_spring,3.3066667,productivity_normalized,True,True
345,2025,3.0,barley_spring,,no_data,False,False
345,2026,20.0,oil_seed_raps_spring,,no_data,False,False
345,2027,24.0,pea,,no_data,False,False
345,2028,,,,no_data,False,False
345,2029,,,,no_data,False,False
346,2000,,,,no_data,False,False
346,2001,,,,no_data,False,False
346,2002,40.0,sunflower,,no_data,False,False
346,2003,40.0,sunflower,,no_data,False,False
346,2004,40.0,sunflower,,no_data,False,False
346,2005,40.0,sunflower,,no_data,False,False
346,2006,40.0,sunflower,,no_data,False,False
346,2007,40.0,sunflower,,no_data,False,False
346,2008,40.0,sunflower,,no_data,False,False
346,2009,40.0,sunflower,,no_data,False,False
346,2010,40.0,sunflower,,no_data,False,False
346,2011,40.0,sunflower,,no_data,False,False
346,2012,40.0,sunflower,,no_data,False,False
346,2013,40.0,sunflower,,no_data,False,False
346,2014,40.0,sunflower,,no_data,False,False
346,2015,40.0,sunflower,,no_data,False,False
346,2016,40.0,sunflower,,no_data,False,False
346,2017,40.0,sunflower,,no_data,False,False
346,2018,40.0,sunflower,,no_data,False,False
346,2019,20.0,oil_seed_raps_spring,,no_data,False,False
346,2020,3.0,barley_spring,5.99,productivity_normalized,False,True
346,2021,40.0,sunflower,1.9183784,productivity_normalized,True,True
346,2022,43.0,wheat_spring,4.4437838,productivity_normalized,True,True
346,2023,24.0,pea,3.3237838,productivity_normalized,True,True
346,2024,44.0,wheat_winter,7.144324299999999,productivity_normalized,True,True
346,2025,40.0,sunflower,,no_data,False,False
346,2026,43.0,wheat_spring,,no_data,False,False
346,2027,20.0,oil_seed_raps_spring,,no_data,False,False
346,2028,,,,no_data,False,False
346,2029,,,,no_data,False,False
347,2000,,,,no_data,False,False
347,2001,,,,no_data,False,False
347,2002,40.0,sunflower,,no_data,False,False
347,2003,40.0,sunflower,,no_data,False,False
347,2004,40.0,sunflower,,no_data,False,False
347,2005,40.0,sunflower,,no_data,False,False
347,2006,40.0,sunflower,,no_data,False,False
347,2007,40.0,sunflower,,no_data,False,False
347,2008,40.0,sunflower,,no_data,False,False
347,2009,40.0,sunflower,,no_data,False,False
347,2010,40.0,sunflower,,no_data,False,False
347,2011,40.0,sunflower,,no_data,False,False
347,2012,40.0,sunflower,,no_data,False,False
347,2013,40.0,sunflower,,no_data,False,False
347,2014,40.0,sunflower,,no_data,False,False
347,2015,40.0,sunflower,,no_data,False,False
347,2016,40.0,sunflower,,no_data,False,False
347,2017,40.0,sunflower,,no_data,False,False
347,2018,40.0,sunflower,,no_data,False,False
347,2019,44.0,wheat_winter,3.2119999999999997,productivity_normalized,True,True
347,2020,43.0,wheat_spring,,no_data,False,False
347,2021,9.0,fallow,,no_data,False,False
347,2022,43.0,wheat_spring,2.7738983,productivity_normalized,True,True
347,2023,44.0,wheat_winter,1.3714286,productivity_normalized,True,True
347,2024,40.0,sunflower,2.6532203,productivity_normalized,True,True
347,2025,43.0,wheat_spring,4.0764912,productivity_normalized,True,True
347,2026,40.0,sunflower,,no_data,False,False
347,2027,43.0,wheat_spring,,no_data,False,False
347,2028,,,,no_data,False,False
347,2029,,,,no_data,False,False
349,2000,,,,no_data,False,False
349,2001,,,,no_data,False,False
349,2002,40.0,sunflower,,no_data,False,False
349,2003,40.0,sunflower,,no_data,False,False
349,2004,40.0,sunflower,,no_data,False,False
349,2005,40.0,sunflower,,no_data,False,False
349,2006,40.0,sunflower,,no_data,False,False
349,2007,40.0,sunflower,,no_data,False,False
349,2008,40.0,sunflower,,no_data,False,False
349,2009,40.0,sunflower,,no_data,False,False
349,2010,40.0,sunflower,,no_data,False,False
349,2011,40.0,sunflower,,no_data,False,False
349,2012,40.0,sunflower,,no_data,False,False
349,2013,40.0,sunflower,,no_data,False,False
349,2014,40.0,sunflower,,no_data,False,False
349,2015,40.0,sunflower,,no_data,False,False
349,2016,40.0,sunflower,,no_data,False,False
349,2017,40.0,sunflower,,no_data,False,False
349,2018,40.0,sunflower,,no_data,False,False
349,2019,40.0,sunflower,1.828,productivity_normalized,True,True
349,2020,43.0,wheat_spring,5.82,productivity_normalized,False,True
349,2021,40.0,sunflower,3.3484146000000004,productivity_normalized,True,True
349,2022,43.0,wheat_spring,3.5331707000000003,productivity_normalized,True,True
349,2023,3.0,barley_spring,3.0681707,productivity_normalized,True,True
349,2024,40.0,sunflower,3.0159756,productivity_normalized,True,True
349,2025,62.0,nan,4.0804878,productivity_normalized,True,True
349,2026,40.0,sunflower,,no_data,False,False
349,2027,3.0,barley_spring,,no_data,False,False
349,2028,,,,no_data,False,False
349,2029,,,,no_data,False,False
350,2000,,,,no_data,False,False
350,2001,,,,no_data,False,False
350,2002,40.0,sunflower,,no_data,False,False
350,2003,40.0,sunflower,,no_data,False,False
350,2004,40.0,sunflower,,no_data,False,False
350,2005,40.0,sunflower,,no_data,False,False
350,2006,40.0,sunflower,,no_data,False,False
350,2007,40.0,sunflower,,no_data,False,False
350,2008,40.0,sunflower,,no_data,False,False
350,2009,40.0,sunflower,,no_data,False,False
350,2010,40.0,sunflower,,no_data,False,False
350,2011,40.0,sunflower,,no_data,False,False
350,2012,40.0,sunflower,,no_data,False,False
350,2013,40.0,sunflower,,no_data,False,False
350,2014,40.0,sunflower,,no_data,False,False
350,2015,40.0,sunflower,,no_data,False,False
350,2016,40.0,sunflower,,no_data,False,False
350,2017,40.0,sunflower,,no_data,False,False
350,2018,40.0,sunflower,,no_data,False,False
350,2019,20.0,oil_seed_raps_spring,1.486,productivity_normalized,True,True
350,2020,3.0,barley_spring,2.778,productivity_normalized,True,True
350,2021,40.0,sunflower,2.6869291,productivity_normalized,True,True
350,2022,43.0,wheat_spring,3.5513386,productivity_normalized,True,True
350,2023,40.0,sunflower,2.5440945,productivity_normalized,True,True
350,2024,43.0,wheat_spring,4.7319685,productivity_normalized,True,True
350,2025,24.0,pea,3.9763779999999995,productivity_normalized,True,True
350,2026,44.0,wheat_winter,,no_data,False,False
350,2027,40.0,sunflower,,no_data,False,False
350,2028,,,,no_data,False,False
350,2029,,,,no_data,False,False
351,2000,,,,no_data,False,False
351,2001,,,,no_data,False,False
351,2002,40.0,sunflower,,no_data,False,False
351,2003,40.0,sunflower,,no_data,False,False
351,2004,40.0,sunflower,,no_data,False,False
351,2005,40.0,sunflower,,no_data,False,False
351,2006,40.0,sunflower,,no_data,False,False
351,2007,40.0,sunflower,,no_data,False,False
351,2008,40.0,sunflower,,no_data,False,False
351,2009,40.0,sunflower,,no_data,False,False
351,2010,40.0,sunflower,,no_data,False,False
351,2011,40.0,sunflower,,no_data,False,False
351,2012,40.0,sunflower,,no_data,False,False
351,2013,40.0,sunflower,,no_data,False,False
351,2014,40.0,sunflower,,no_data,False,False
351,2015,40.0,sunflower,,no_data,False,False
351,2016,40.0,sunflower,,no_data,False,False
351,2017,40.0,sunflower,,no_data,False,False
351,2018,40.0,sunflower,,no_data,False,False
351,2019,40.0,sunflower,,no_data,False,False
351,2020,40.0,sunflower,0.7,productivity_normalized,True,True
351,2021,43.0,wheat_spring,4.5,productivity_normalized,True,True
351,2022,,,4.04,productivity_normalized,True,True
351,2023,45.0,nan,,no_data,False,False
351,2024,45.0,nan,,no_data,False,False
351,2025,45.0,nan,,no_data,False,False
351,2026,,,,no_data,False,False
351,2027,,,,no_data,False,False
351,2028,,,,no_data,False,False
351,2029,,,,no_data,False,False
352,2000,,,,no_data,False,False
352,2001,,,,no_data,False,False
352,2002,40.0,sunflower,,no_data,False,False
352,2003,40.0,sunflower,,no_data,False,False
352,2004,40.0,sunflower,,no_data,False,False
352,2005,40.0,sunflower,,no_data,False,False
352,2006,40.0,sunflower,,no_data,False,False
352,2007,40.0,sunflower,,no_data,False,False
352,2008,40.0,sunflower,,no_data,False,False
352,2009,40.0,sunflower,,no_data,False,False
352,2010,40.0,sunflower,,no_data,False,False
352,2011,40.0,sunflower,,no_data,False,False
352,2012,40.0,sunflower,,no_data,False,False
352,2013,40.0,sunflower,,no_data,False,False
352,2014,40.0,sunflower,,no_data,False,False
352,2015,40.0,sunflower,,no_data,False,False
352,2016,40.0,sunflower,,no_data,False,False
352,2017,40.0,sunflower,,no_data,False,False
352,2018,40.0,sunflower,,no_data,False,False
352,2019,40.0,sunflower,2.31,productivity_normalized,True,True
352,2020,43.0,wheat_spring,1.419,productivity_normalized,True,True
352,2021,40.0,sunflower,2.0754930000000003,productivity_normalized,True,True
352,2022,43.0,wheat_spring,4.0807477,productivity_normalized,True,True
352,2023,24.0,pea,2.1001868999999997,productivity_normalized,True,True
352,2024,44.0,wheat_winter,6.1259813,productivity_normalized,True,True
352,2025,40.0,sunflower,3.5908411,productivity_normalized,True,True
352,2026,3.0,barley_spring,,no_data,False,False
352,2027,24.0,pea,,no_data,False,False
352,2028,,,,no_data,False,False
352,2029,,,,no_data,False,False
353,2000,,,,no_data,False,False
353,2001,,,,no_data,False,False
353,2002,40.0,sunflower,,no_data,False,False
353,2003,40.0,sunflower,,no_data,False,False
353,2004,40.0,sunflower,,no_data,False,False
353,2005,40.0,sunflower,,no_data,False,False
353,2006,40.0,sunflower,,no_data,False,False
353,2007,40.0,sunflower,,no_data,False,False
353,2008,40.0,sunflower,,no_data,False,False
353,2009,40.0,sunflower,,no_data,False,False
353,2010,40.0,sunflower,,no_data,False,False
353,2011,40.0,sunflower,,no_data,False,False
353,2012,40.0,sunflower,,no_data,False,False
353,2013,40.0,sunflower,,no_data,False,False
353,2014,40.0,sunflower,,no_data,False,False
353,2015,40.0,sunflower,,no_data,False,False
353,2016,40.0,sunflower,,no_data,False,False
353,2017,40.0,sunflower,,no_data,False,False
353,2018,40.0,sunflower,,no_data,False,False
353,2019,40.0,sunflower,1.452,productivity_normalized,True,True
353,2020,43.0,wheat_spring,2.99,productivity_normalized,False,True
353,2021,40.0,sunflower,2.075,productivity_normalized,True,True
353,2022,43.0,wheat_spring,3.9052083000000004,productivity_normalized,True,True
353,2023,43.0,wheat_spring,,no_data,False,False
353,2024,,,,no_data,False,False
353,2025,,,,no_data,False,False
353,2026,,,,no_data,False,False
353,2027,,,,no_data,False,False
353,2028,,,,no_data,False,False
353,2029,,,,no_data,False,False
354,2000,,,,no_data,False,False
354,2001,,,,no_data,False,False
354,2002,40.0,sunflower,,no_data,False,False
354,2003,40.0,sunflower,,no_data,False,False
354,2004,40.0,sunflower,,no_data,False,False
354,2005,40.0,sunflower,,no_data,False,False
354,2006,40.0,sunflower,,no_data,False,False
354,2007,40.0,sunflower,,no_data,False,False
354,2008,40.0,sunflower,,no_data,False,False
354,2009,40.0,sunflower,,no_data,False,False
354,2010,40.0,sunflower,,no_data,False,False
354,2011,40.0,sunflower,,no_data,False,False
354,2012,40.0,sunflower,,no_data,False,False
354,2013,40.0,sunflower,,no_data,False,False
354,2014,40.0,sunflower,,no_data,False,False
354,2015,40.0,sunflower,,no_data,False,False
354,2016,40.0,sunflower,,no_data,False,False
354,2017,40.0,sunflower,,no_data,False,False
354,2018,40.0,sunflower,,no_data,False,False
354,2019,40.0,sunflower,2.213,productivity_normalized,True,True
354,2020,43.0,wheat_spring,0.83,productivity_normalized,False,True
354,2021,40.0,sunflower,2.2144304000000004,productivity_normalized,True,True
354,2022,43.0,wheat_spring,3.8073417999999997,productivity_normalized,True,True
354,2023,3.0,barley_spring,2.6594937,productivity_normalized,True,True
354,2024,40.0,sunflower,,no_data,False,False
354,2025,,,,no_data,False,False
354,2026,,,,no_data,False,False
354,2027,,,,no_data,False,False
354,2028,,,,no_data,False,False
354,2029,,,,no_data,False,False
355,2000,,,,no_data,False,False
355,2001,,,,no_data,False,False
355,2002,40.0,sunflower,,no_data,False,False
355,2003,40.0,sunflower,,no_data,False,False
355,2004,40.0,sunflower,,no_data,False,False
355,2005,40.0,sunflower,,no_data,False,False
355,2006,40.0,sunflower,,no_data,False,False
355,2007,40.0,sunflower,,no_data,False,False
355,2008,40.0,sunflower,,no_data,False,False
355,2009,40.0,sunflower,,no_data,False,False
355,2010,40.0,sunflower,,no_data,False,False
355,2011,40.0,sunflower,,no_data,False,False
355,2012,40.0,sunflower,,no_data,False,False
355,2013,40.0,sunflower,,no_data,False,False
355,2014,40.0,sunflower,,no_data,False,False
355,2015,40.0,sunflower,,no_data,False,False
355,2016,40.0,sunflower,,no_data,False,False
355,2017,40.0,sunflower,,no_data,False,False
355,2018,40.0,sunflower,,no_data,False,False
355,2019,40.0,sunflower,2.1870000000000003,productivity_normalized,True,True
355,2020,43.0,wheat_spring,,no_data,False,False
355,2021,40.0,sunflower,3.3528571,productivity_normalized,True,True
355,2022,43.0,wheat_spring,4.668571399999999,productivity_normalized,True,True
355,2023,3.0,barley_spring,3.1621429,productivity_normalized,True,True
355,2024,40.0,sunflower,,no_data,False,False
355,2025,,,,no_data,False,False
355,2026,,,,no_data,False,False
355,2027,,,,no_data,False,False
355,2028,,,,no_data,False,False
355,2029,,,,no_data,False,False
356,2000,,,,no_data,False,False
356,2001,,,,no_data,False,False
356,2002,40.0,sunflower,,no_data,False,False
356,2003,40.0,sunflower,,no_data,False,False
356,2004,40.0,sunflower,,no_data,False,False
356,2005,40.0,sunflower,,no_data,False,False
356,2006,40.0,sunflower,,no_data,False,False
356,2007,40.0,sunflower,,no_data,False,False
356,2008,40.0,sunflower,,no_data,False,False
356,2009,40.0,sunflower,,no_data,False,False
356,2010,40.0,sunflower,,no_data,False,False
356,2011,40.0,sunflower,,no_data,False,False
356,2012,40.0,sunflower,,no_data,False,False
356,2013,40.0,sunflower,,no_data,False,False
356,2014,40.0,sunflower,,no_data,False,False
356,2015,40.0,sunflower,,no_data,False,False
356,2016,40.0,sunflower,,no_data,False,False
356,2017,40.0,sunflower,,no_data,False,False
356,2018,40.0,sunflower,,no_data,False,False
356,2019,20.0,oil_seed_raps_spring,,no_data,False,False
356,2020,3.0,barley_spring,2.084,productivity_normalized,True,True
356,2021,40.0,sunflower,2.6103448,productivity_normalized,True,True
356,2022,43.0,wheat_spring,3.2897700999999997,productivity_normalized,True,True
356,2023,40.0,sunflower,2.1677011,productivity_normalized,True,True
356,2024,43.0,wheat_spring,3.9057471,productivity_normalized,True,True
356,2025,40.0,sunflower,3.081954,productivity_normalized,True,True
356,2026,3.0,barley_spring,,no_data,False,False
356,2027,36.0,soya,,no_data,False,False
356,2028,,,,no_data,False,False
356,2029,,,,no_data,False,False
357,2000,,,,no_data,False,False
357,2001,,,,no_data,False,False
357,2002,,,,no_data,False,False
357,2003,,,,no_data,False,False
357,2004,,,,no_data,False,False
357,2005,,,,no_data,False,False
357,2006,,,,no_data,False,False
357,2007,,,,no_data,False,False
357,2008,,,,no_data,False,False
357,2009,,,,no_data,False,False
357,2010,,,,no_data,False,False
357,2011,,,,no_data,False,False
357,2012,,,,no_data,False,False
357,2013,,,,no_data,False,False
357,2014,,,,no_data,False,False
357,2015,,,,no_data,False,False
357,2016,,,,no_data,False,False
357,2017,,,,no_data,False,False
357,2018,,,,no_data,False,False
357,2019,40.0,sunflower,2.285,productivity_normalized,True,True
357,2020,43.0,wheat_spring,0.733,productivity_normalized,True,True
357,2021,40.0,sunflower,3.1505555999999997,productivity_normalized,True,True
357,2022,43.0,wheat_spring,,no_data,False,False
357,2023,,,,no_data,False,False
357,2024,,,,no_data,False,False
357,2025,,,,no_data,False,False
357,2026,,,,no_data,False,False
357,2027,,,,no_data,False,False
357,2028,,,,no_data,False,False
357,2029,,,,no_data,False,False
358,2000,,,,no_data,False,False
358,2001,,,,no_data,False,False
358,2002,40.0,sunflower,,no_data,False,False
358,2003,40.0,sunflower,,no_data,False,False
358,2004,40.0,sunflower,,no_data,False,False
358,2005,40.0,sunflower,,no_data,False,False
358,2006,40.0,sunflower,,no_data,False,False
358,2007,40.0,sunflower,,no_data,False,False
358,2008,40.0,sunflower,,no_data,False,False
358,2009,40.0,sunflower,,no_data,False,False
358,2010,40.0,sunflower,,no_data,False,False
358,2011,40.0,sunflower,,no_data,False,False
358,2012,40.0,sunflower,,no_data,False,False
358,2013,40.0,sunflower,,no_data,False,False
358,2014,40.0,sunflower,,no_data,False,False
358,2015,40.0,sunflower,,no_data,False,False
358,2016,40.0,sunflower,,no_data,False,False
358,2017,40.0,sunflower,,no_data,False,False
358,2018,40.0,sunflower,,no_data,False,False
358,2019,40.0,sunflower,2.301,productivity_normalized,True,True
358,2020,43.0,wheat_spring,0.858,productivity_normalized,True,True
358,2021,40.0,sunflower,3.3279000000000005,productivity_normalized,True,True
358,2022,43.0,wheat_spring,3.6284337,productivity_normalized,True,True
358,2023,3.0,barley_spring,2.9368675,productivity_normalized,True,True
358,2024,40.0,sunflower,3.3918072,productivity_normalized,True,True
358,2025,43.0,wheat_spring,4.9091566,productivity_normalized,True,True
358,2026,40.0,sunflower,,no_data,False,False
358,2027,20.0,oil_seed_raps_spring,,no_data,False,False
358,2028,,,,no_data,False,False
358,2029,,,,no_data,False,False
359,2000,,,,no_data,False,False
359,2001,,,,no_data,False,False
359,2002,40.0,sunflower,,no_data,False,False
359,2003,40.0,sunflower,,no_data,False,False
359,2004,40.0,sunflower,,no_data,False,False
359,2005,40.0,sunflower,,no_data,False,False
359,2006,40.0,sunflower,,no_data,False,False
359,2007,40.0,sunflower,,no_data,False,False
359,2008,40.0,sunflower,,no_data,False,False
359,2009,40.0,sunflower,,no_data,False,False
359,2010,40.0,sunflower,,no_data,False,False
359,2011,40.0,sunflower,,no_data,False,False
359,2012,40.0,sunflower,,no_data,False,False
359,2013,40.0,sunflower,,no_data,False,False
359,2014,40.0,sunflower,,no_data,False,False
359,2015,40.0,sunflower,,no_data,False,False
359,2016,40.0,sunflower,,no_data,False,False
359,2017,40.0,sunflower,,no_data,False,False
359,2018,40.0,sunflower,,no_data,False,False
359,2019,40.0,sunflower,2.997,productivity_normalized,True,True
359,2020,43.0,wheat_spring,1.552,productivity_normalized,True,True
359,2021,40.0,sunflower,2.9375,productivity_normalized,True,True
359,2022,43.0,wheat_spring,3.3601316,productivity_normalized,True,True
359,2023,3.0,barley_spring,3.0155263000000003,productivity_normalized,True,True
359,2024,44.0,wheat_winter,4.4235526,productivity_normalized,True,True
359,2025,40.0,sunflower,3.7894737,productivity_normalized,True,True
359,2026,43.0,wheat_spring,,no_data,False,False
359,2027,40.0,sunflower,,no_data,False,False
359,2028,,,,no_data,False,False
359,2029,,,,no_data,False,False
360,2000,,,,no_data,False,False
360,2001,,,,no_data,False,False
360,2002,40.0,sunflower,,no_data,False,False
360,2003,40.0,sunflower,,no_data,False,False
360,2004,40.0,sunflower,,no_data,False,False
360,2005,40.0,sunflower,,no_data,False,False
360,2006,40.0,sunflower,,no_data,False,False
360,2007,40.0,sunflower,,no_data,False,False
360,2008,40.0,sunflower,,no_data,False,False
360,2009,40.0,sunflower,,no_data,False,False
360,2010,40.0,sunflower,,no_data,False,False
360,2011,40.0,sunflower,,no_data,False,False
360,2012,40.0,sunflower,,no_data,False,False
360,2013,40.0,sunflower,,no_data,False,False
360,2014,40.0,sunflower,,no_data,False,False
360,2015,40.0,sunflower,,no_data,False,False
360,2016,40.0,sunflower,,no_data,False,False
360,2017,40.0,sunflower,,no_data,False,False
360,2018,40.0,sunflower,,no_data,False,False
360,2019,40.0,sunflower,2.414,productivity_normalized,True,True
360,2020,43.0,wheat_spring,0.737,productivity_normalized,True,True
360,2021,40.0,sunflower,2.314375,productivity_normalized,True,True
360,2022,43.0,wheat_spring,2.9368749999999997,productivity_normalized,True,True
360,2023,40.0,sunflower,2.17,productivity_normalized,True,True
360,2024,43.0,wheat_spring,,no_data,False,False
360,2025,,,,no_data,False,False
360,2026,,,,no_data,False,False
360,2027,,,,no_data,False,False
360,2028,,,,no_data,False,False
360,2029,,,,no_data,False,False
361,2000,,,,no_data,False,False
361,2001,,,,no_data,False,False
361,2002,40.0,sunflower,,no_data,False,False
361,2003,40.0,sunflower,,no_data,False,False
361,2004,40.0,sunflower,,no_data,False,False
361,2005,40.0,sunflower,,no_data,False,False
361,2006,40.0,sunflower,,no_data,False,False
361,2007,40.0,sunflower,,no_data,False,False
361,2008,40.0,sunflower,,no_data,False,False
361,2009,40.0,sunflower,,no_data,False,False
361,2010,40.0,sunflower,,no_data,False,False
361,2011,40.0,sunflower,,no_data,False,False
361,2012,40.0,sunflower,,no_data,False,False
361,2013,40.0,sunflower,,no_data,False,False
361,2014,40.0,sunflower,,no_data,False,False
361,2015,40.0,sunflower,,no_data,False,False
361,2016,40.0,sunflower,,no_data,False,False
361,2017,40.0,sunflower,,no_data,False,False
361,2018,40.0,sunflower,,no_data,False,False
361,2019,21.0,oil_seed_raps_winter,1.6469999999999998,productivity_normalized,True,True
361,2020,3.0,barley_spring,2.3600000000000003,productivity_normalized,True,True
361,2021,40.0,sunflower,3.5955,productivity_normalized,True,True
361,2022,43.0,wheat_spring,4.357,productivity_normalized,True,True
361,2023,40.0,sunflower,2.302,productivity_normalized,True,True
361,2024,43.0,wheat_spring,4.7005,productivity_normalized,True,True
361,2025,60.0,nan,4.492381,productivity_normalized,True,True
361,2026,44.0,wheat_winter,,no_data,False,False
361,2027,40.0,sunflower,,no_data,False,False
361,2028,,,,no_data,False,False
361,2029,,,,no_data,False,False
362,2000,,,,no_data,False,False
362,2001,,,,no_data,False,False
362,2002,40.0,sunflower,,no_data,False,False
362,2003,40.0,sunflower,,no_data,False,False
362,2004,40.0,sunflower,,no_data,False,False
362,2005,40.0,sunflower,,no_data,False,False
362,2006,40.0,sunflower,,no_data,False,False
362,2007,40.0,sunflower,,no_data,False,False
362,2008,40.0,sunflower,,no_data,False,False
362,2009,40.0,sunflower,,no_data,False,False
362,2010,40.0,sunflower,,no_data,False,False
362,2011,40.0,sunflower,,no_data,False,False
362,2012,40.0,sunflower,,no_data,False,False
362,2013,40.0,sunflower,,no_data,False,False
362,2014,40.0,sunflower,,no_data,False,False
362,2015,40.0,sunflower,,no_data,False,False
362,2016,43.0,wheat_spring,,no_data,False,False
362,2017,3.0,barley_spring,,no_data,False,False
362,2018,44.0,wheat_winter,,no_data,False,False
362,2019,21.0,oil_seed_raps_winter,1.103,productivity_normalized,True,True
362,2020,3.0,barley_spring,2.335,productivity_normalized,True,True
362,2021,40.0,sunflower,2.7748718,productivity_normalized,True,True
362,2022,43.0,wheat_spring,3.5694017000000002,productivity_normalized,True,True
362,2023,43.0,wheat_spring,3.3333333000000005,productivity_normalized,True,True
362,2024,40.0,sunflower,3.4919658,productivity_normalized,True,True
362,2025,43.0,wheat_spring,3.5128205,productivity_normalized,True,True
362,2026,24.0,pea,,no_data,False,False
362,2027,40.0,sunflower,,no_data,False,False
362,2028,,,,no_data,False,False
362,2029,,,,no_data,False,False
363,2000,,,,no_data,False,False
363,2001,,,,no_data,False,False
363,2002,40.0,sunflower,,no_data,False,False
363,2003,40.0,sunflower,,no_data,False,False
363,2004,40.0,sunflower,,no_data,False,False
363,2005,40.0,sunflower,,no_data,False,False
363,2006,40.0,sunflower,,no_data,False,False
363,2007,40.0,sunflower,,no_data,False,False
363,2008,40.0,sunflower,,no_data,False,False
363,2009,40.0,sunflower,,no_data,False,False
363,2010,40.0,sunflower,,no_data,False,False
363,2011,40.0,sunflower,,no_data,False,False
363,2012,40.0,sunflower,,no_data,False,False
363,2013,40.0,sunflower,,no_data,False,False
363,2014,40.0,sunflower,,no_data,False,False
363,2015,40.0,sunflower,,no_data,False,False
363,2016,40.0,sunflower,,no_data,False,False
363,2017,40.0,sunflower,,no_data,False,False
363,2018,40.0,sunflower,,no_data,False,False
363,2019,21.0,oil_seed_raps_winter,1.342,productivity_normalized,True,True
363,2020,3.0,barley_spring,2.088,productivity_normalized,True,True
363,2021,40.0,sunflower,2.5181818,productivity_normalized,True,True
363,2022,43.0,wheat_spring,4.4602597,productivity_normalized,True,True
363,2023,40.0,sunflower,2.3038961000000002,productivity_normalized,True,True
363,2024,43.0,wheat_spring,3.9771428999999996,productivity_normalized,True,True
363,2025,40.0,sunflower,3.0779221,productivity_normalized,True,True
363,2026,3.0,barley_spring,,no_data,False,False
363,2027,3.0,barley_spring,,no_data,False,False
363,2028,,,,no_data,False,False
363,2029,,,,no_data,False,False
364,2000,,,,no_data,False,False
364,2001,,,,no_data,False,False
364,2002,40.0,sunflower,,no_data,False,False
364,2003,40.0,sunflower,,no_data,False,False
364,2004,40.0,sunflower,,no_data,False,False
364,2005,40.0,sunflower,,no_data,False,False
364,2006,40.0,sunflower,,no_data,False,False
364,2007,40.0,sunflower,,no_data,False,False
364,2008,40.0,sunflower,,no_data,False,False
364,2009,40.0,sunflower,,no_data,False,False
364,2010,40.0,sunflower,,no_data,False,False
364,2011,40.0,sunflower,,no_data,False,False
364,2012,40.0,sunflower,,no_data,False,False
364,2013,40.0,sunflower,,no_data,False,False
364,2014,40.0,sunflower,,no_data,False,False
364,2015,40.0,sunflower,,no_data,False,False
364,2016,40.0,sunflower,,no_data,False,False
364,2017,40.0,sunflower,,no_data,False,False
364,2018,40.0,sunflower,,no_data,False,False
364,2019,40.0,sunflower,2.1670000000000003,productivity_normalized,True,True
364,2020,43.0,wheat_spring,1.216,productivity_normalized,True,True
364,2021,40.0,sunflower,2.8564167,productivity_normalized,True,True
364,2022,43.0,wheat_spring,4.1041666999999995,productivity_normalized,True,True
364,2023,3.0,barley_spring,3.08,productivity_normalized,True,True
364,2024,40.0,sunflower,3.2275,productivity_normalized,True,True
364,2025,43.0,wheat_spring,5.0883333,productivity_normalized,True,True
364,2026,40.0,sunflower,,no_data,False,False
364,2027,20.0,oil_seed_raps_spring,,no_data,False,False
364,2028,,,,no_data,False,False
364,2029,,,,no_data,False,False
365,2000,,,,no_data,False,False
365,2001,,,,no_data,False,False
365,2002,40.0,sunflower,,no_data,False,False
365,2003,40.0,sunflower,,no_data,False,False
365,2004,40.0,sunflower,,no_data,False,False
365,2005,40.0,sunflower,,no_data,False,False
365,2006,40.0,sunflower,,no_data,False,False
365,2007,40.0,sunflower,,no_data,False,False
365,2008,40.0,sunflower,,no_data,False,False
365,2009,40.0,sunflower,,no_data,False,False
365,2010,40.0,sunflower,,no_data,False,False
365,2011,40.0,sunflower,,no_data,False,False
365,2012,40.0,sunflower,,no_data,False,False
365,2013,40.0,sunflower,,no_data,False,False
365,2014,40.0,sunflower,,no_data,False,False
365,2015,40.0,sunflower,,no_data,False,False
365,2016,40.0,sunflower,,no_data,False,False
365,2017,40.0,sunflower,,no_data,False,False
365,2018,40.0,sunflower,,no_data,False,False
365,2019,40.0,sunflower,2.897,productivity_normalized,True,True
365,2020,43.0,wheat_spring,1.299,productivity_normalized,True,True
365,2021,40.0,sunflower,3.129,productivity_normalized,True,True
365,2022,43.0,wheat_spring,3.8606667000000003,productivity_normalized,True,True
365,2023,36.0,soya,1.2231033999999998,productivity_normalized,True,True
365,2024,40.0,sunflower,3.2166666999999998,productivity_normalized,True,True
365,2025,43.0,wheat_spring,4.0233333,productivity_normalized,True,True
365,2026,43.0,wheat_spring,,no_data,False,False
365,2027,44.0,wheat_winter,,no_data,False,False
365,2028,,,,no_data,False,False
365,2029,,,,no_data,False,False
366,2000,,,,no_data,False,False
366,2001,,,,no_data,False,False
366,2002,,,,no_data,False,False
366,2003,,,,no_data,False,False
366,2004,,,,no_data,False,False
366,2005,,,,no_data,False,False
366,2006,,,,no_data,False,False
366,2007,,,,no_data,False,False
366,2008,,,,no_data,False,False
366,2009,,,,no_data,False,False
366,2010,,,,no_data,False,False
366,2011,,,,no_data,False,False
366,2012,,,,no_data,False,False
366,2013,,,,no_data,False,False
366,2014,,,,no_data,False,False
366,2015,,,,no_data,False,False
366,2016,,,,no_data,False,False
366,2017,,,,no_data,False,False
366,2018,,,,no_data,False,False
366,2019,40.0,sunflower,0.9710000000000001,productivity_normalized,True,True
366,2020,43.0,wheat_spring,,no_data,False,False
366,2021,44.0,wheat_winter,3.3985714000000002,productivity_normalized,True,True
366,2022,40.0,sunflower,,no_data,False,False
366,2023,,,,no_data,False,False
366,2024,,,,no_data,False,False
366,2025,,,,no_data,False,False
366,2026,,,,no_data,False,False
366,2027,,,,no_data,False,False
366,2028,,,,no_data,False,False
366,2029,,,,no_data,False,False
367,2000,,,,no_data,False,False
367,2001,,,,no_data,False,False
367,2002,40.0,sunflower,,no_data,False,False
367,2003,40.0,sunflower,,no_data,False,False
367,2004,40.0,sunflower,,no_data,False,False
367,2005,40.0,sunflower,,no_data,False,False
367,2006,40.0,sunflower,,no_data,False,False
367,2007,40.0,sunflower,,no_data,False,False
367,2008,40.0,sunflower,,no_data,False,False
367,2009,40.0,sunflower,,no_data,False,False
367,2010,40.0,sunflower,,no_data,False,False
367,2011,40.0,sunflower,,no_data,False,False
367,2012,40.0,sunflower,,no_data,False,False
367,2013,40.0,sunflower,,no_data,False,False
367,2014,40.0,sunflower,,no_data,False,False
367,2015,40.0,sunflower,,no_data,False,False
367,2016,40.0,sunflower,,no_data,False,False
367,2017,40.0,sunflower,,no_data,False,False
367,2018,40.0,sunflower,,no_data,False,False
367,2019,40.0,sunflower,1.239,productivity_normalized,True,True
367,2020,43.0,wheat_spring,,no_data,False,False
367,2021,44.0,wheat_winter,3.9545454999999996,productivity_normalized,True,True
367,2022,43.0,wheat_spring,2.5854545,productivity_normalized,True,True
367,2023,40.0,sunflower,2.6066667,productivity_normalized,True,True
367,2024,43.0,wheat_spring,3.9521211999999997,productivity_normalized,True,True
367,2025,3.0,barley_spring,5.4835294,productivity_normalized,True,True
367,2026,40.0,sunflower,,no_data,False,False
367,2027,40.0,sunflower,,no_data,False,False
367,2028,,,,no_data,False,False
367,2029,,,,no_data,False,False
368,2000,,,,no_data,False,False
368,2001,,,,no_data,False,False
368,2002,40.0,sunflower,,no_data,False,False
368,2003,40.0,sunflower,,no_data,False,False
368,2004,40.0,sunflower,,no_data,False,False
368,2005,40.0,sunflower,,no_data,False,False
368,2006,40.0,sunflower,,no_data,False,False
368,2007,40.0,sunflower,,no_data,False,False
368,2008,40.0,sunflower,,no_data,False,False
368,2009,40.0,sunflower,,no_data,False,False
368,2010,40.0,sunflower,,no_data,False,False
368,2011,40.0,sunflower,,no_data,False,False
368,2012,40.0,sunflower,,no_data,False,False
368,2013,40.0,sunflower,,no_data,False,False
368,2014,40.0,sunflower,,no_data,False,False
368,2015,40.0,sunflower,,no_data,False,False
368,2016,40.0,sunflower,,no_data,False,False
368,2017,40.0,sunflower,,no_data,False,False
368,2018,40.0,sunflower,,no_data,False,False
368,2019,40.0,sunflower,2.564,productivity_normalized,True,True
368,2020,43.0,wheat_spring,,no_data,False,False
368,2021,44.0,wheat_winter,3.6238503,productivity_normalized,True,True
368,2022,40.0,sunflower,2.8727273,productivity_normalized,True,True
368,2023,43.0,wheat_spring,2.5308108000000002,productivity_normalized,True,True
368,2024,3.0,barley_spring,3.9760427999999997,productivity_normalized,True,True
368,2025,40.0,sunflower,2.9998913000000003,productivity_normalized,True,True
368,2026,43.0,wheat_spring,,no_data,False,False
368,2027,43.0,wheat_spring,,no_data,False,False
368,2028,,,,no_data,False,False
368,2029,,,,no_data,False,False
369,2000,,,,no_data,False,False
369,2001,,,,no_data,False,False
369,2002,40.0,sunflower,,no_data,False,False
369,2003,40.0,sunflower,,no_data,False,False
369,2004,40.0,sunflower,,no_data,False,False
369,2005,40.0,sunflower,,no_data,False,False
369,2006,40.0,sunflower,,no_data,False,False
369,2007,40.0,sunflower,,no_data,False,False
369,2008,40.0,sunflower,,no_data,False,False
369,2009,40.0,sunflower,,no_data,False,False
369,2010,40.0,sunflower,,no_data,False,False
369,2011,40.0,sunflower,,no_data,False,False
369,2012,40.0,sunflower,,no_data,False,False
369,2013,40.0,sunflower,,no_data,False,False
369,2014,40.0,sunflower,,no_data,False,False
369,2015,40.0,sunflower,,no_data,False,False
369,2016,40.0,sunflower,,no_data,False,False
369,2017,40.0,sunflower,,no_data,False,False
369,2018,40.0,sunflower,,no_data,False,False
369,2019,40.0,sunflower,1.48,productivity_normalized,True,True
369,2020,43.0,wheat_spring,,no_data,False,False
369,2021,44.0,wheat_winter,4.096243100000001,productivity_normalized,True,True
369,2022,40.0,sunflower,2.6805594,productivity_normalized,True,True
369,2023,43.0,wheat_spring,2.2557597,productivity_normalized,True,True
369,2024,24.0,pea,3.8210877000000005,productivity_normalized,True,True
369,2025,40.0,sunflower,3.5814516,productivity_normalized,True,True
369,2026,43.0,wheat_spring,,no_data,False,False
369,2027,43.0,wheat_spring,,no_data,False,False
369,2028,,,,no_data,False,False
369,2029,,,,no_data,False,False
370,2000,,,,no_data,False,False
370,2001,,,,no_data,False,False
370,2002,40.0,sunflower,,no_data,False,False
370,2003,40.0,sunflower,,no_data,False,False
370,2004,40.0,sunflower,,no_data,False,False
370,2005,40.0,sunflower,,no_data,False,False
370,2006,40.0,sunflower,,no_data,False,False
370,2007,40.0,sunflower,,no_data,False,False
370,2008,40.0,sunflower,,no_data,False,False
370,2009,40.0,sunflower,,no_data,False,False
370,2010,40.0,sunflower,,no_data,False,False
370,2011,40.0,sunflower,,no_data,False,False
370,2012,40.0,sunflower,,no_data,False,False
370,2013,40.0,sunflower,,no_data,False,False
370,2014,40.0,sunflower,,no_data,False,False
370,2015,40.0,sunflower,,no_data,False,False
370,2016,40.0,sunflower,,no_data,False,False
370,2017,40.0,sunflower,,no_data,False,False
370,2018,40.0,sunflower,,no_data,False,False
370,2019,40.0,sunflower,1.48,productivity_normalized,True,True
370,2020,9.0,fallow,,no_data,False,False
370,2021,44.0,wheat_winter,1.752,productivity_normalized,True,True
370,2022,40.0,sunflower,3.428,productivity_normalized,True,True
370,2023,43.0,wheat_spring,1.7092307999999998,productivity_normalized,True,True
370,2024,24.0,pea,4.2746154,productivity_normalized,True,True
370,2025,44.0,wheat_winter,3.5738461999999998,productivity_normalized,True,True
370,2026,43.0,wheat_spring,,no_data,False,False
370,2027,43.0,wheat_spring,,no_data,False,False
370,2028,,,,no_data,False,False
370,2029,,,,no_data,False,False
371,2000,,,,no_data,False,False
371,2001,,,,no_data,False,False
371,2002,40.0,sunflower,,no_data,False,False
371,2003,40.0,sunflower,,no_data,False,False
371,2004,40.0,sunflower,,no_data,False,False
371,2005,40.0,sunflower,,no_data,False,False
371,2006,40.0,sunflower,,no_data,False,False
371,2007,40.0,sunflower,,no_data,False,False
371,2008,40.0,sunflower,,no_data,False,False
371,2009,40.0,sunflower,,no_data,False,False
371,2010,40.0,sunflower,,no_data,False,False
371,2011,40.0,sunflower,,no_data,False,False
371,2012,40.0,sunflower,,no_data,False,False
371,2013,40.0,sunflower,,no_data,False,False
371,2014,40.0,sunflower,,no_data,False,False
371,2015,40.0,sunflower,,no_data,False,False
371,2016,40.0,sunflower,,no_data,False,False
371,2017,40.0,sunflower,,no_data,False,False
371,2018,40.0,sunflower,,no_data,False,False
371,2019,40.0,sunflower,1.923,productivity_normalized,True,True
371,2020,43.0,wheat_spring,,no_data,False,False
371,2021,44.0,wheat_winter,2.0984615,productivity_normalized,True,True
371,2022,43.0,wheat_spring,3.9461538,productivity_normalized,True,True
371,2023,40.0,sunflower,3.2169231000000003,productivity_normalized,True,True
371,2024,43.0,wheat_spring,5.1769231,productivity_normalized,True,True
371,2025,3.0,barley_spring,5.6153846000000005,productivity_normalized,True,True
371,2026,40.0,sunflower,,no_data,False,False
371,2027,40.0,sunflower,,no_data,False,False
371,2028,,,,no_data,False,False
371,2029,,,,no_data,False,False
372,2000,,,,no_data,False,False
372,2001,,,,no_data,False,False
372,2002,40.0,sunflower,,no_data,False,False
372,2003,40.0,sunflower,,no_data,False,False
372,2004,40.0,sunflower,,no_data,False,False
372,2005,40.0,sunflower,,no_data,False,False
372,2006,40.0,sunflower,,no_data,False,False
372,2007,40.0,sunflower,,no_data,False,False
372,2008,40.0,sunflower,,no_data,False,False
372,2009,40.0,sunflower,,no_data,False,False
372,2010,40.0,sunflower,,no_data,False,False
372,2011,40.0,sunflower,,no_data,False,False
372,2012,40.0,sunflower,,no_data,False,False
372,2013,40.0,sunflower,,no_data,False,False
372,2014,40.0,sunflower,,no_data,False,False
372,2015,40.0,sunflower,,no_data,False,False
372,2016,40.0,sunflower,,no_data,False,False
372,2017,40.0,sunflower,,no_data,False,False
372,2018,40.0,sunflower,,no_data,False,False
372,2019,40.0,sunflower,1.476,productivity_normalized,True,True
372,2020,43.0,wheat_spring,,no_data,False,False
372,2021,44.0,wheat_winter,1.8360417000000002,productivity_normalized,True,True
372,2022,43.0,wheat_spring,3.7022222,productivity_normalized,True,True
372,2023,3.0,barley_spring,1.6725999999999999,productivity_normalized,True,True
372,2024,40.0,sunflower,2.2544231,productivity_normalized,True,True
372,2025,3.0,barley_spring,4.0169231000000005,productivity_normalized,True,True
372,2026,40.0,sunflower,,no_data,False,False
372,2027,43.0,wheat_spring,,no_data,False,False
372,2028,,,,no_data,False,False
372,2029,,,,no_data,False,False
373,2000,,,,no_data,False,False
373,2001,,,,no_data,False,False
373,2002,40.0,sunflower,,no_data,False,False
373,2003,40.0,sunflower,,no_data,False,False
373,2004,40.0,sunflower,,no_data,False,False
373,2005,40.0,sunflower,,no_data,False,False
373,2006,40.0,sunflower,,no_data,False,False
373,2007,40.0,sunflower,,no_data,False,False
373,2008,40.0,sunflower,,no_data,False,False
373,2009,40.0,sunflower,,no_data,False,False
373,2010,40.0,sunflower,,no_data,False,False
373,2011,40.0,sunflower,,no_data,False,False
373,2012,40.0,sunflower,,no_data,False,False
373,2013,40.0,sunflower,,no_data,False,False
373,2014,40.0,sunflower,,no_data,False,False
373,2015,40.0,sunflower,,no_data,False,False
373,2016,40.0,sunflower,,no_data,False,False
373,2017,40.0,sunflower,,no_data,False,False
373,2018,40.0,sunflower,,no_data,False,False
373,2019,40.0,sunflower,0.931,productivity_normalized,True,True
373,2020,43.0,wheat_spring,,no_data,False,False
373,2021,44.0,wheat_winter,3.0874336,productivity_normalized,True,True
373,2022,43.0,wheat_spring,2.2598326,productivity_normalized,True,True
373,2023,40.0,sunflower,2.337533,productivity_normalized,True,True
373,2024,43.0,wheat_spring,3.9784140999999997,productivity_normalized,True,True
373,2025,40.0,sunflower,3.1368888999999998,productivity_normalized,True,True
373,2026,3.0,barley_spring,,no_data,False,False
373,2027,24.0,pea,,no_data,False,False
373,2028,,,,no_data,False,False
373,2029,,,,no_data,False,False
374,2000,,,,no_data,False,False
374,2001,,,,no_data,False,False
374,2002,40.0,sunflower,,no_data,False,False
374,2003,40.0,sunflower,,no_data,False,False
374,2004,40.0,sunflower,,no_data,False,False
374,2005,40.0,sunflower,,no_data,False,False
374,2006,40.0,sunflower,,no_data,False,False
374,2007,40.0,sunflower,,no_data,False,False
374,2008,40.0,sunflower,,no_data,False,False
374,2009,40.0,sunflower,,no_data,False,False
374,2010,40.0,sunflower,,no_data,False,False
374,2011,40.0,sunflower,,no_data,False,False
374,2012,40.0,sunflower,,no_data,False,False
374,2013,40.0,sunflower,,no_data,False,False
374,2014,40.0,sunflower,,no_data,False,False
374,2015,40.0,sunflower,,no_data,False,False
374,2016,40.0,sunflower,,no_data,False,False
374,2017,40.0,sunflower,,no_data,False,False
374,2018,40.0,sunflower,,no_data,False,False
374,2019,40.0,sunflower,1.236,productivity_normalized,True,True
374,2020,43.0,wheat_spring,,no_data,False,False
374,2021,44.0,wheat_winter,4.7760714,productivity_normalized,True,True
374,2022,43.0,wheat_spring,3.8834615,productivity_normalized,True,True
374,2023,40.0,sunflower,2.3169231,productivity_normalized,True,True
374,2024,43.0,wheat_spring,4.4792157,productivity_normalized,True,True
374,2025,3.0,barley_spring,5.3494118,productivity_normalized,True,True
374,2026,40.0,sunflower,,no_data,False,False
374,2027,40.0,sunflower,,no_data,False,False
374,2028,,,,no_data,False,False
374,2029,,,,no_data,False,False
375,2000,,,,no_data,False,False
375,2001,,,,no_data,False,False
375,2002,40.0,sunflower,,no_data,False,False
375,2003,40.0,sunflower,,no_data,False,False
375,2004,40.0,sunflower,,no_data,False,False
375,2005,40.0,sunflower,,no_data,False,False
375,2006,40.0,sunflower,,no_data,False,False
375,2007,40.0,sunflower,,no_data,False,False
375,2008,40.0,sunflower,,no_data,False,False
375,2009,40.0,sunflower,,no_data,False,False
375,2010,40.0,sunflower,,no_data,False,False
375,2011,40.0,sunflower,,no_data,False,False
375,2012,40.0,sunflower,,no_data,False,False
375,2013,40.0,sunflower,,no_data,False,False
375,2014,40.0,sunflower,,no_data,False,False
375,2015,40.0,sunflower,,no_data,False,False
375,2016,40.0,sunflower,,no_data,False,False
375,2017,40.0,sunflower,,no_data,False,False
375,2018,40.0,sunflower,,no_data,False,False
375,2019,40.0,sunflower,1.154,productivity_normalized,True,True
375,2020,43.0,wheat_spring,,no_data,False,False
375,2021,44.0,wheat_winter,2.2061538,productivity_normalized,True,True
375,2022,43.0,wheat_spring,4.3415385,productivity_normalized,True,True
375,2023,40.0,sunflower,4.08,productivity_normalized,True,True
375,2024,43.0,wheat_spring,4.6584615,productivity_normalized,True,True
375,2025,3.0,barley_spring,5.2261538000000005,productivity_normalized,True,True
375,2026,40.0,sunflower,,no_data,False,False
375,2027,40.0,sunflower,,no_data,False,False
375,2028,,,,no_data,False,False
375,2029,,,,no_data,False,False
376,2000,,,,no_data,False,False
376,2001,,,,no_data,False,False
376,2002,,,,no_data,False,False
376,2003,,,,no_data,False,False
376,2004,,,,no_data,False,False
376,2005,,,,no_data,False,False
376,2006,,,,no_data,False,False
376,2007,,,,no_data,False,False
376,2008,,,,no_data,False,False
376,2009,,,,no_data,False,False
376,2010,,,,no_data,False,False
376,2011,,,,no_data,False,False
376,2012,,,,no_data,False,False
376,2013,,,,no_data,False,False
376,2014,,,,no_data,False,False
376,2015,,,,no_data,False,False
376,2016,,,,no_data,False,False
376,2017,,,,no_data,False,False
376,2018,,,,no_data,False,False
376,2019,40.0,sunflower,2.48,productivity_normalized,True,True
376,2020,43.0,wheat_spring,,no_data,False,False
376,2021,44.0,wheat_winter,3.2995604,productivity_normalized,True,True
376,2022,40.0,sunflower,,no_data,False,False
376,2023,,,,no_data,False,False
376,2024,,,,no_data,False,False
376,2025,,,,no_data,False,False
376,2026,,,,no_data,False,False
376,2027,,,,no_data,False,False
376,2028,,,,no_data,False,False
376,2029,,,,no_data,False,False
377,2000,,,,no_data,False,False
377,2001,,,,no_data,False,False
377,2002,40.0,sunflower,,no_data,False,False
377,2003,40.0,sunflower,,no_data,False,False
377,2004,40.0,sunflower,,no_data,False,False
377,2005,40.0,sunflower,,no_data,False,False
377,2006,40.0,sunflower,,no_data,False,False
377,2007,40.0,sunflower,,no_data,False,False
377,2008,40.0,sunflower,,no_data,False,False
377,2009,40.0,sunflower,,no_data,False,False
377,2010,40.0,sunflower,,no_data,False,False
377,2011,40.0,sunflower,,no_data,False,False
377,2012,40.0,sunflower,,no_data,False,False
377,2013,40.0,sunflower,,no_data,False,False
377,2014,40.0,sunflower,,no_data,False,False
377,2015,40.0,sunflower,,no_data,False,False
377,2016,40.0,sunflower,,no_data,False,False
377,2017,40.0,sunflower,,no_data,False,False
377,2018,40.0,sunflower,,no_data,False,False
377,2019,40.0,sunflower,0.76,productivity_normalized,True,True
377,2020,43.0,wheat_spring,,no_data,False,False
377,2021,44.0,wheat_winter,3.4756522,productivity_normalized,True,True
377,2022,43.0,wheat_spring,2.7578261,productivity_normalized,True,True
377,2023,40.0,sunflower,2.3673913,productivity_normalized,True,True
377,2024,43.0,wheat_spring,3.7969565000000003,productivity_normalized,True,True
377,2025,40.0,sunflower,3.0659574,productivity_normalized,True,True
377,2026,3.0,barley_spring,,no_data,False,False
377,2027,24.0,pea,,no_data,False,False
377,2028,,,,no_data,False,False
377,2029,,,,no_data,False,False
378,2000,,,,no_data,False,False
378,2001,,,,no_data,False,False
378,2002,40.0,sunflower,,no_data,False,False
378,2003,40.0,sunflower,,no_data,False,False
378,2004,40.0,sunflower,,no_data,False,False
378,2005,40.0,sunflower,,no_data,False,False
378,2006,40.0,sunflower,,no_data,False,False
378,2007,40.0,sunflower,,no_data,False,False
378,2008,40.0,sunflower,,no_data,False,False
378,2009,40.0,sunflower,,no_data,False,False
378,2010,40.0,sunflower,,no_data,False,False
378,2011,40.0,sunflower,,no_data,False,False
378,2012,40.0,sunflower,,no_data,False,False
378,2013,40.0,sunflower,,no_data,False,False
378,2014,40.0,sunflower,,no_data,False,False
378,2015,40.0,sunflower,,no_data,False,False
378,2016,40.0,sunflower,,no_data,False,False
378,2017,40.0,sunflower,,no_data,False,False
378,2018,40.0,sunflower,,no_data,False,False
378,2019,40.0,sunflower,0.558,productivity_normalized,True,True
378,2020,43.0,wheat_spring,,no_data,False,False
378,2021,43.0,wheat_spring,3.5507692,productivity_normalized,True,True
378,2022,43.0,wheat_spring,4.2071795000000005,productivity_normalized,True,True
378,2023,3.0,barley_spring,2.0811111,productivity_normalized,True,True
378,2024,40.0,sunflower,2.6641026,productivity_normalized,True,True
378,2025,3.0,barley_spring,5.5364103,productivity_normalized,True,True
378,2026,40.0,sunflower,,no_data,False,False
378,2027,43.0,wheat_spring,,no_data,False,False
378,2028,,,,no_data,False,False
378,2029,,,,no_data,False,False
379,2000,,,,no_data,False,False
379,2001,,,,no_data,False,False
379,2002,40.0,sunflower,,no_data,False,False
379,2003,40.0,sunflower,,no_data,False,False
379,2004,40.0,sunflower,,no_data,False,False
379,2005,40.0,sunflower,,no_data,False,False
379,2006,40.0,sunflower,,no_data,False,False
379,2007,40.0,sunflower,,no_data,False,False
379,2008,40.0,sunflower,,no_data,False,False
379,2009,40.0,sunflower,,no_data,False,False
379,2010,40.0,sunflower,,no_data,False,False
379,2011,40.0,sunflower,,no_data,False,False
379,2012,40.0,sunflower,,no_data,False,False
379,2013,40.0,sunflower,,no_data,False,False
379,2014,40.0,sunflower,,no_data,False,False
379,2015,40.0,sunflower,,no_data,False,False
379,2016,40.0,sunflower,,no_data,False,False
379,2017,36.0,soya,0.917,productivity_normalized,True,True
379,2018,40.0,sunflower,0.984,productivity_normalized,True,True
379,2019,20.0,oil_seed_raps_spring,0.705,productivity_normalized,True,True
379,2020,40.0,sunflower,4.44,productivity_normalized,False,True
379,2021,44.0,wheat_winter,2.1544498,productivity_normalized,True,True
379,2022,43.0,wheat_spring,2.0983574999999997,productivity_normalized,True,True
379,2023,40.0,sunflower,2.7225121000000003,productivity_normalized,True,True
379,2024,43.0,wheat_spring,3.8770335000000005,productivity_normalized,True,True
379,2025,3.0,barley_spring,4.4708738,productivity_normalized,True,True
379,2026,40.0,sunflower,,no_data,False,False
379,2027,40.0,sunflower,,no_data,False,False
379,2028,,,,no_data,False,False
379,2029,,,,no_data,False,False
380,2000,,,,no_data,False,False
380,2001,,,,no_data,False,False
380,2002,,,,no_data,False,False
380,2003,,,,no_data,False,False
380,2004,,,,no_data,False,False
380,2005,,,,no_data,False,False
380,2006,,,,no_data,False,False
380,2007,,,,no_data,False,False
380,2008,,,,no_data,False,False
380,2009,,,,no_data,False,False
380,2010,,,,no_data,False,False
380,2011,,,,no_data,False,False
380,2012,,,,no_data,False,False
380,2013,,,,no_data,False,False
380,2014,,,,no_data,False,False
380,2015,,,,no_data,False,False
380,2016,,,,no_data,False,False
380,2017,,,,no_data,False,False
380,2018,,,,no_data,False,False
380,2019,40.0,sunflower,1.0,productivity_normalized,True,True
380,2020,9.0,fallow,,no_data,False,False
380,2021,44.0,wheat_winter,1.9683333,productivity_normalized,True,True
380,2022,43.0,wheat_spring,,no_data,False,False
380,2023,,,,no_data,False,False
380,2024,,,,no_data,False,False
380,2025,,,,no_data,False,False
380,2026,,,,no_data,False,False
380,2027,,,,no_data,False,False
380,2028,,,,no_data,False,False
380,2029,,,,no_data,False,False
381,2000,,,,no_data,False,False
381,2001,,,,no_data,False,False
381,2002,40.0,sunflower,,no_data,False,False
381,2003,40.0,sunflower,,no_data,False,False
381,2004,40.0,sunflower,,no_data,False,False
381,2005,40.0,sunflower,,no_data,False,False
381,2006,40.0,sunflower,,no_data,False,False
381,2007,40.0,sunflower,,no_data,False,False
381,2008,40.0,sunflower,,no_data,False,False
381,2009,40.0,sunflower,,no_data,False,False
381,2010,40.0,sunflower,,no_data,False,False
381,2011,40.0,sunflower,,no_data,False,False
381,2012,40.0,sunflower,,no_data,False,False
381,2013,40.0,sunflower,,no_data,False,False
381,2014,40.0,sunflower,,no_data,False,False
381,2015,40.0,sunflower,,no_data,False,False
381,2016,40.0,sunflower,,no_data,False,False
381,2017,40.0,sunflower,0.9460000000000001,productivity_normalized,True,True
381,2018,36.0,soya,1.77,productivity_normalized,False,True
381,2019,20.0,oil_seed_raps_spring,0.521,productivity_normalized,True,True
381,2020,40.0,sunflower,1.323,productivity_normalized,True,True
381,2021,43.0,wheat_spring,2.6253333000000003,productivity_normalized,True,True
381,2022,3.0,barley_spring,3.2013333000000004,productivity_normalized,True,True
381,2023,44.0,wheat_winter,2.8489999999999998,productivity_normalized,True,True
381,2024,20.0,oil_seed_raps_spring,1.967,productivity_normalized,True,True
381,2025,43.0,wheat_spring,4.4022951,productivity_normalized,True,True
381,2026,24.0,pea,,no_data,False,False
381,2027,40.0,sunflower,,no_data,False,False
381,2028,,,,no_data,False,False
381,2029,,,,no_data,False,False
382,2000,,,,no_data,False,False
382,2001,,,,no_data,False,False
382,2002,40.0,sunflower,,no_data,False,False
382,2003,40.0,sunflower,,no_data,False,False
382,2004,40.0,sunflower,,no_data,False,False
382,2005,40.0,sunflower,,no_data,False,False
382,2006,40.0,sunflower,,no_data,False,False
382,2007,40.0,sunflower,,no_data,False,False
382,2008,40.0,sunflower,,no_data,False,False
382,2009,40.0,sunflower,,no_data,False,False
382,2010,40.0,sunflower,,no_data,False,False
382,2011,40.0,sunflower,,no_data,False,False
382,2012,40.0,sunflower,,no_data,False,False
382,2013,40.0,sunflower,,no_data,False,False
382,2014,40.0,sunflower,,no_data,False,False
382,2015,40.0,sunflower,,no_data,False,False
382,2016,40.0,sunflower,,no_data,False,False
382,2017,40.0,sunflower,1.379,productivity_normalized,True,True
382,2018,21.0,oil_seed_raps_winter,0.819,productivity_normalized,True,True
382,2019,44.0,wheat_winter,3.993,productivity_normalized,True,True
382,2020,40.0,sunflower,0.755,productivity_normalized,True,True
382,2021,43.0,wheat_spring,3.1325984,productivity_normalized,True,True
382,2022,3.0,barley_spring,3.9132283,productivity_normalized,True,True
382,2023,44.0,wheat_winter,1.8373228000000001,productivity_normalized,True,True
382,2024,40.0,sunflower,3.6359690000000002,productivity_normalized,True,True
382,2025,43.0,wheat_spring,5.2145736,productivity_normalized,True,True
382,2026,40.0,sunflower,,no_data,False,False
382,2027,40.0,sunflower,,no_data,False,False
382,2028,,,,no_data,False,False
382,2029,,,,no_data,False,False
383,2000,,,,no_data,False,False
383,2001,,,,no_data,False,False
383,2002,,,,no_data,False,False
383,2003,,,,no_data,False,False
383,2004,,,,no_data,False,False
383,2005,,,,no_data,False,False
383,2006,,,,no_data,False,False
383,2007,,,,no_data,False,False
383,2008,,,,no_data,False,False
383,2009,,,,no_data,False,False
383,2010,,,,no_data,False,False
383,2011,,,,no_data,False,False
383,2012,,,,no_data,False,False
383,2013,,,,no_data,False,False
383,2014,,,,no_data,False,False
383,2015,,,,no_data,False,False
383,2016,,,,no_data,False,False
383,2017,43.0,wheat_spring,1.682,productivity_normalized,True,True
383,2018,36.0,soya,2.01,productivity_normalized,False,True
383,2019,44.0,wheat_winter,3.011,productivity_normalized,True,True
383,2020,40.0,sunflower,3.72,productivity_normalized,False,True
383,2021,43.0,wheat_spring,3.1752632,productivity_normalized,True,True
383,2022,32.0,rye_winter,,no_data,False,False
383,2023,,,,no_data,False,False
383,2024,,,,no_data,False,False
383,2025,,,,no_data,False,False
383,2026,,,,no_data,False,False
383,2027,,,,no_data,False,False
383,2028,,,,no_data,False,False
383,2029,,,,no_data,False,False
384,2000,,,,no_data,False,False
384,2001,,,,no_data,False,False
384,2002,40.0,sunflower,,no_data,False,False
384,2003,40.0,sunflower,,no_data,False,False
384,2004,40.0,sunflower,,no_data,False,False
384,2005,40.0,sunflower,,no_data,False,False
384,2006,40.0,sunflower,,no_data,False,False
384,2007,40.0,sunflower,,no_data,False,False
384,2008,40.0,sunflower,,no_data,False,False
384,2009,40.0,sunflower,,no_data,False,False
384,2010,40.0,sunflower,,no_data,False,False
384,2011,40.0,sunflower,,no_data,False,False
384,2012,40.0,sunflower,,no_data,False,False
384,2013,40.0,sunflower,,no_data,False,False
384,2014,40.0,sunflower,,no_data,False,False
384,2015,40.0,sunflower,,no_data,False,False
384,2016,40.0,sunflower,,no_data,False,False
384,2017,3.0,barley_spring,1.6670000000000003,productivity_normalized,True,True
384,2018,44.0,wheat_winter,3.696,productivity_normalized,True,True
384,2019,44.0,wheat_winter,3.5759999999999996,productivity_normalized,True,True
384,2020,40.0,sunflower,1.206,productivity_normalized,True,True
384,2021,43.0,wheat_spring,2.3592258,productivity_normalized,True,True
384,2022,40.0,sunflower,3.8010323,productivity_normalized,True,True
384,2023,44.0,wheat_winter,1.3834839,productivity_normalized,True,True
384,2024,40.0,sunflower,3.3430573000000003,productivity_normalized,True,True
384,2025,62.0,nan,3.9028025,productivity_normalized,True,True
384,2026,40.0,sunflower,,no_data,False,False
384,2027,40.0,sunflower,,no_data,False,False
384,2028,,,,no_data,False,False
384,2029,,,,no_data,False,False
386,2000,,,,no_data,False,False
386,2001,,,,no_data,False,False
386,2002,40.0,sunflower,,no_data,False,False
386,2003,40.0,sunflower,,no_data,False,False
386,2004,40.0,sunflower,,no_data,False,False
386,2005,40.0,sunflower,,no_data,False,False
386,2006,40.0,sunflower,,no_data,False,False
386,2007,40.0,sunflower,,no_data,False,False
386,2008,40.0,sunflower,,no_data,False,False
386,2009,40.0,sunflower,,no_data,False,False
386,2010,40.0,sunflower,,no_data,False,False
386,2011,40.0,sunflower,,no_data,False,False
386,2012,40.0,sunflower,,no_data,False,False
386,2013,40.0,sunflower,,no_data,False,False
386,2014,40.0,sunflower,,no_data,False,False
386,2015,40.0,sunflower,,no_data,False,False
386,2016,40.0,sunflower,,no_data,False,False
386,2017,43.0,wheat_spring,1.161,productivity_normalized,True,True
386,2018,40.0,sunflower,2.634,productivity_normalized,True,True
386,2019,43.0,wheat_spring,3.332,productivity_normalized,True,True
386,2020,40.0,sunflower,1.527,productivity_normalized,True,True
386,2021,43.0,wheat_spring,3.4056881,productivity_normalized,True,True
386,2022,40.0,sunflower,2.4176147,productivity_normalized,True,True
386,2023,43.0,wheat_spring,2.9414679,productivity_normalized,True,True
386,2024,44.0,wheat_winter,5.1728439999999996,productivity_normalized,True,True
386,2025,40.0,sunflower,2.9811009,productivity_normalized,True,True
386,2026,3.0,barley_spring,,no_data,False,False
386,2027,20.0,oil_seed_raps_spring,,no_data,False,False
386,2028,,,,no_data,False,False
386,2029,,,,no_data,False,False
387,2000,,,,no_data,False,False
387,2001,,,,no_data,False,False
387,2002,40.0,sunflower,,no_data,False,False
387,2003,40.0,sunflower,,no_data,False,False
387,2004,40.0,sunflower,,no_data,False,False
387,2005,40.0,sunflower,,no_data,False,False
387,2006,40.0,sunflower,,no_data,False,False
387,2007,40.0,sunflower,,no_data,False,False
387,2008,40.0,sunflower,,no_data,False,False
387,2009,40.0,sunflower,,no_data,False,False
387,2010,40.0,sunflower,,no_data,False,False
387,2011,40.0,sunflower,,no_data,False,False
387,2012,40.0,sunflower,,no_data,False,False
387,2013,40.0,sunflower,,no_data,False,False
387,2014,40.0,sunflower,,no_data,False,False
387,2015,40.0,sunflower,,no_data,False,False
387,2016,40.0,sunflower,,no_data,False,False
387,2017,43.0,wheat_spring,1.535,productivity_normalized,True,True
387,2018,36.0,soya,3.93,productivity_normalized,False,True
387,2019,44.0,wheat_winter,2.915,productivity_normalized,True,True
387,2020,40.0,sunflower,0.538,productivity_normalized,True,True
387,2021,43.0,wheat_spring,2.964625,productivity_normalized,True,True
387,2022,32.0,rye_winter,2.2010204,productivity_normalized,True,True
387,2023,40.0,sunflower,3.2834694,productivity_normalized,True,True
387,2024,43.0,wheat_spring,4.1988,productivity_normalized,True,True
387,2025,3.0,barley_spring,4.1764,productivity_normalized,True,True
387,2026,20.0,oil_seed_raps_spring,,no_data,False,False
387,2027,43.0,wheat_spring,,no_data,False,False
387,2028,,,,no_data,False,False
387,2029,,,,no_data,False,False
388,2000,,,,no_data,False,False
388,2001,,,,no_data,False,False
388,2002,40.0,sunflower,,no_data,False,False
388,2003,40.0,sunflower,,no_data,False,False
388,2004,40.0,sunflower,,no_data,False,False
388,2005,40.0,sunflower,,no_data,False,False
388,2006,40.0,sunflower,,no_data,False,False
388,2007,40.0,sunflower,,no_data,False,False
388,2008,40.0,sunflower,,no_data,False,False
388,2009,40.0,sunflower,,no_data,False,False
388,2010,40.0,sunflower,,no_data,False,False
388,2011,40.0,sunflower,,no_data,False,False
388,2012,40.0,sunflower,,no_data,False,False
388,2013,40.0,sunflower,,no_data,False,False
388,2014,40.0,sunflower,,no_data,False,False
388,2015,40.0,sunflower,,no_data,False,False
388,2016,40.0,sunflower,,no_data,False,False
388,2017,43.0,wheat_spring,1.0710000000000002,productivity_normalized,True,True
388,2018,36.0,soya,3.92,productivity_normalized,False,True
388,2019,44.0,wheat_winter,1.92,productivity_normalized,True,True
388,2020,40.0,sunflower,4.47,productivity_normalized,False,True
388,2021,9.0,fallow,,no_data,False,False
388,2022,43.0,wheat_spring,3.2359999999999998,productivity_normalized,True,True
388,2023,44.0,wheat_winter,2.2079999999999997,productivity_normalized,True,True
388,2024,40.0,sunflower,2.803,productivity_normalized,True,True
388,2025,43.0,wheat_spring,5.218999999999999,productivity_normalized,True,True
388,2026,40.0,sunflower,,no_data,False,False
388,2027,43.0,wheat_spring,,no_data,False,False
388,2028,,,,no_data,False,False
388,2029,,,,no_data,False,False
389,2000,,,,no_data,False,False
389,2001,,,,no_data,False,False
389,2002,40.0,sunflower,,no_data,False,False
389,2003,40.0,sunflower,,no_data,False,False
389,2004,40.0,sunflower,,no_data,False,False
389,2005,40.0,sunflower,,no_data,False,False
389,2006,40.0,sunflower,,no_data,False,False
389,2007,40.0,sunflower,,no_data,False,False
389,2008,40.0,sunflower,,no_data,False,False
389,2009,40.0,sunflower,,no_data,False,False
389,2010,40.0,sunflower,,no_data,False,False
389,2011,40.0,sunflower,,no_data,False,False
389,2012,40.0,sunflower,,no_data,False,False
389,2013,40.0,sunflower,,no_data,False,False
389,2014,40.0,sunflower,,no_data,False,False
389,2015,40.0,sunflower,,no_data,False,False
389,2016,40.0,sunflower,,no_data,False,False
389,2017,43.0,wheat_spring,1.0710000000000002,productivity_normalized,True,True
389,2018,36.0,soya,3.92,productivity_normalized,False,True
389,2019,44.0,wheat_winter,1.92,productivity_normalized,True,True
389,2020,40.0,sunflower,5.0,productivity_normalized,False,True
389,2021,9.0,fallow,,no_data,False,False
389,2022,40.0,sunflower,3.7428570999999997,productivity_normalized,True,True
389,2023,43.0,wheat_spring,3.5257142999999997,productivity_normalized,True,True
389,2024,43.0,wheat_spring,4.4775,productivity_normalized,True,True
389,2025,40.0,sunflower,5.1225000000000005,productivity_normalized,True,True
389,2026,3.0,barley_spring,,no_data,False,False
389,2027,43.0,wheat_spring,,no_data,False,False
389,2028,,,,no_data,False,False
389,2029,,,,no_data,False,False
390,2000,,,,no_data,False,False
390,2001,,,,no_data,False,False
390,2002,40.0,sunflower,,no_data,False,False
390,2003,40.0,sunflower,,no_data,False,False
390,2004,40.0,sunflower,,no_data,False,False
390,2005,40.0,sunflower,,no_data,False,False
390,2006,40.0,sunflower,,no_data,False,False
390,2007,40.0,sunflower,,no_data,False,False
390,2008,40.0,sunflower,,no_data,False,False
390,2009,40.0,sunflower,,no_data,False,False
390,2010,40.0,sunflower,,no_data,False,False
390,2011,40.0,sunflower,,no_data,False,False
390,2012,40.0,sunflower,,no_data,False,False
390,2013,40.0,sunflower,,no_data,False,False
390,2014,40.0,sunflower,,no_data,False,False
390,2015,40.0,sunflower,,no_data,False,False
390,2016,40.0,sunflower,,no_data,False,False
390,2017,43.0,wheat_spring,1.222,productivity_normalized,True,True
390,2018,36.0,soya,0.876,productivity_normalized,True,True
390,2019,44.0,wheat_winter,3.268,productivity_normalized,True,True
390,2020,40.0,sunflower,1.535,productivity_normalized,True,True
390,2021,43.0,wheat_spring,3.2039286,productivity_normalized,True,True
390,2022,43.0,wheat_spring,2.4207142999999998,productivity_normalized,True,True
390,2023,44.0,wheat_winter,2.6717857,productivity_normalized,True,True
390,2024,40.0,sunflower,4.0285714,productivity_normalized,True,True
390,2025,43.0,wheat_spring,4.8682143,productivity_normalized,True,True
390,2026,20.0,oil_seed_raps_spring,,no_data,False,False
390,2027,43.0,wheat_spring,,no_data,False,False
390,2028,,,,no_data,False,False
390,2029,,,,no_data,False,False
391,2000,,,,no_data,False,False
391,2001,,,,no_data,False,False
391,2002,40.0,sunflower,,no_data,False,False
391,2003,40.0,sunflower,,no_data,False,False
391,2004,40.0,sunflower,,no_data,False,False
391,2005,40.0,sunflower,,no_data,False,False
391,2006,40.0,sunflower,,no_data,False,False
391,2007,40.0,sunflower,,no_data,False,False
391,2008,40.0,sunflower,,no_data,False,False
391,2009,40.0,sunflower,,no_data,False,False
391,2010,40.0,sunflower,,no_data,False,False
391,2011,40.0,sunflower,,no_data,False,False
391,2012,40.0,sunflower,,no_data,False,False
391,2013,40.0,sunflower,,no_data,False,False
391,2014,40.0,sunflower,,no_data,False,False
391,2015,40.0,sunflower,,no_data,False,False
391,2016,40.0,sunflower,,no_data,False,False
391,2017,40.0,sunflower,1.6649999999999998,productivity_normalized,True,True
391,2018,21.0,oil_seed_raps_winter,1.052,productivity_normalized,True,True
391,2019,44.0,wheat_winter,4.879,productivity_normalized,True,True
391,2020,40.0,sunflower,1.25,productivity_normalized,True,True
391,2021,43.0,wheat_spring,2.1729032,productivity_normalized,True,True
391,2022,40.0,sunflower,3.0354839,productivity_normalized,True,True
391,2023,43.0,wheat_spring,2.02,productivity_normalized,True,True
391,2024,43.0,wheat_spring,4.624375,productivity_normalized,True,True
391,2025,40.0,sunflower,4.1,productivity_normalized,True,True
391,2026,43.0,wheat_spring,,no_data,False,False
391,2027,20.0,oil_seed_raps_spring,,no_data,False,False
391,2028,,,,no_data,False,False
391,2029,,,,no_data,False,False
392,2000,,,,no_data,False,False
392,2001,,,,no_data,False,False
392,2002,40.0,sunflower,,no_data,False,False
392,2003,40.0,sunflower,,no_data,False,False
392,2004,40.0,sunflower,,no_data,False,False
392,2005,40.0,sunflower,,no_data,False,False
392,2006,40.0,sunflower,,no_data,False,False
392,2007,40.0,sunflower,,no_data,False,False
392,2008,40.0,sunflower,,no_data,False,False
392,2009,40.0,sunflower,,no_data,False,False
392,2010,40.0,sunflower,,no_data,False,False
392,2011,40.0,sunflower,,no_data,False,False
392,2012,40.0,sunflower,,no_data,False,False
392,2013,40.0,sunflower,,no_data,False,False
392,2014,40.0,sunflower,,no_data,False,False
392,2015,40.0,sunflower,,no_data,False,False
392,2016,40.0,sunflower,,no_data,False,False
392,2017,40.0,sunflower,1.012,productivity_normalized,True,True
392,2018,21.0,oil_seed_raps_winter,1.6440000000000001,productivity_normalized,True,True
392,2019,44.0,wheat_winter,4.803,productivity_normalized,True,True
392,2020,40.0,sunflower,1.221,productivity_normalized,True,True
392,2021,43.0,wheat_spring,4.514594600000001,productivity_normalized,True,True
392,2022,40.0,sunflower,2.7394594999999997,productivity_normalized,True,True
392,2023,43.0,wheat_spring,1.2345945999999999,productivity_normalized,True,True
392,2024,43.0,wheat_spring,4.6237838,productivity_normalized,True,True
392,2025,40.0,sunflower,3.5,productivity_normalized,True,True
392,2026,43.0,wheat_spring,,no_data,False,False
392,2027,20.0,oil_seed_raps_spring,,no_data,False,False
392,2028,,,,no_data,False,False
392,2029,,,,no_data,False,False
393,2000,,,,no_data,False,False
393,2001,,,,no_data,False,False
393,2002,40.0,sunflower,,no_data,False,False
393,2003,40.0,sunflower,,no_data,False,False
393,2004,40.0,sunflower,,no_data,False,False
393,2005,40.0,sunflower,,no_data,False,False
393,2006,40.0,sunflower,,no_data,False,False
393,2007,40.0,sunflower,,no_data,False,False
393,2008,40.0,sunflower,,no_data,False,False
393,2009,40.0,sunflower,,no_data,False,False
393,2010,40.0,sunflower,,no_data,False,False
393,2011,40.0,sunflower,,no_data,False,False
393,2012,40.0,sunflower,,no_data,False,False
393,2013,40.0,sunflower,,no_data,False,False
393,2014,40.0,sunflower,,no_data,False,False
393,2015,40.0,sunflower,,no_data,False,False
393,2016,40.0,sunflower,,no_data,False,False
393,2017,20.0,oil_seed_raps_spring,0.628,productivity_normalized,True,True
393,2018,40.0,sunflower,1.746,productivity_normalized,True,True
393,2019,43.0,wheat_spring,4.196,productivity_normalized,True,True
393,2020,40.0,sunflower,1.449,productivity_normalized,True,True
393,2021,43.0,wheat_spring,2.9732143,productivity_normalized,True,True
393,2022,40.0,sunflower,2.6412766000000003,productivity_normalized,True,True
393,2023,43.0,wheat_spring,2.8076596,productivity_normalized,True,True
393,2024,40.0,sunflower,3.0976223999999997,productivity_normalized,True,True
393,2025,43.0,wheat_spring,4.9243357,productivity_normalized,True,True
393,2026,36.0,soya,,no_data,False,False
393,2027,44.0,wheat_winter,,no_data,False,False
393,2028,,,,no_data,False,False
393,2029,,,,no_data,False,False
394,2000,,,,no_data,False,False
394,2001,,,,no_data,False,False
394,2002,,,,no_data,False,False
394,2003,,,,no_data,False,False
394,2004,,,,no_data,False,False
394,2005,,,,no_data,False,False
394,2006,,,,no_data,False,False
394,2007,,,,no_data,False,False
394,2008,,,,no_data,False,False
394,2009,,,,no_data,False,False
394,2010,,,,no_data,False,False
394,2011,,,,no_data,False,False
394,2012,,,,no_data,False,False
394,2013,,,,no_data,False,False
394,2014,,,,no_data,False,False
394,2015,,,,no_data,False,False
394,2016,,,,no_data,False,False
394,2017,43.0,wheat_spring,0.97,productivity_normalized,True,True
394,2018,40.0,sunflower,1.934,productivity_normalized,True,True
394,2019,20.0,oil_seed_raps_spring,,no_data,False,False
394,2020,40.0,sunflower,0.8029999999999999,productivity_normalized,True,True
394,2021,43.0,wheat_spring,3.00875,productivity_normalized,True,True
394,2022,40.0,sunflower,,no_data,False,False
394,2023,,,,no_data,False,False
394,2024,,,,no_data,False,False
394,2025,,,,no_data,False,False
394,2026,,,,no_data,False,False
394,2027,,,,no_data,False,False
394,2028,,,,no_data,False,False
394,2029,,,,no_data,False,False
395,2000,,,,no_data,False,False
395,2001,,,,no_data,False,False
395,2002,40.0,sunflower,,no_data,False,False
395,2003,40.0,sunflower,,no_data,False,False
395,2004,40.0,sunflower,,no_data,False,False
395,2005,40.0,sunflower,,no_data,False,False
395,2006,40.0,sunflower,,no_data,False,False
395,2007,40.0,sunflower,,no_data,False,False
395,2008,40.0,sunflower,,no_data,False,False
395,2009,40.0,sunflower,,no_data,False,False
395,2010,40.0,sunflower,,no_data,False,False
395,2011,40.0,sunflower,,no_data,False,False
395,2012,40.0,sunflower,,no_data,False,False
395,2013,40.0,sunflower,,no_data,False,False
395,2014,40.0,sunflower,,no_data,False,False
395,2015,40.0,sunflower,,no_data,False,False
395,2016,40.0,sunflower,,no_data,False,False
395,2017,43.0,wheat_spring,0.788,productivity_normalized,True,True
395,2018,40.0,sunflower,,no_data,False,False
395,2019,44.0,wheat_winter,4.664,productivity_normalized,True,True
395,2020,40.0,sunflower,1.538,productivity_normalized,True,True
395,2021,43.0,wheat_spring,2.7353125,productivity_normalized,True,True
395,2022,40.0,sunflower,2.9053125,productivity_normalized,True,True
395,2023,40.0,sunflower,2.4253125,productivity_normalized,True,True
395,2024,43.0,wheat_spring,3.9799999999999995,productivity_normalized,True,True
395,2025,43.0,wheat_spring,4.1759375,productivity_normalized,True,True
395,2026,40.0,sunflower,,no_data,False,False
395,2027,40.0,sunflower,,no_data,False,False
395,2028,,,,no_data,False,False
395,2029,,,,no_data,False,False
396,2000,,,,no_data,False,False
396,2001,,,,no_data,False,False
396,2002,40.0,sunflower,,no_data,False,False
396,2003,40.0,sunflower,,no_data,False,False
396,2004,40.0,sunflower,,no_data,False,False
396,2005,40.0,sunflower,,no_data,False,False
396,2006,40.0,sunflower,,no_data,False,False
396,2007,40.0,sunflower,,no_data,False,False
396,2008,40.0,sunflower,,no_data,False,False
396,2009,40.0,sunflower,,no_data,False,False
396,2010,40.0,sunflower,,no_data,False,False
396,2011,40.0,sunflower,,no_data,False,False
396,2012,40.0,sunflower,,no_data,False,False
396,2013,40.0,sunflower,,no_data,False,False
396,2014,40.0,sunflower,,no_data,False,False
396,2015,40.0,sunflower,,no_data,False,False
396,2016,40.0,sunflower,,no_data,False,False
396,2017,40.0,sunflower,1.161,productivity_normalized,True,True
396,2018,36.0,soya,0.5309999999999999,productivity_normalized,True,True
396,2019,44.0,wheat_winter,4.05,productivity_normalized,True,True
396,2020,40.0,sunflower,0.961,productivity_normalized,True,True
396,2021,43.0,wheat_spring,4.163125,productivity_normalized,True,True
396,2022,40.0,sunflower,1.316875,productivity_normalized,True,True
396,2023,43.0,wheat_spring,1.9825,productivity_normalized,True,True
396,2024,43.0,wheat_spring,4.9260606000000005,productivity_normalized,True,True
396,2025,40.0,sunflower,3.2727272999999997,productivity_normalized,True,True
396,2026,43.0,wheat_spring,,no_data,False,False
396,2027,20.0,oil_seed_raps_spring,,no_data,False,False
396,2028,,,,no_data,False,False
396,2029,,,,no_data,False,False
397,2000,,,,no_data,False,False
397,2001,,,,no_data,False,False
397,2002,40.0,sunflower,,no_data,False,False
397,2003,40.0,sunflower,,no_data,False,False
397,2004,40.0,sunflower,,no_data,False,False
397,2005,40.0,sunflower,,no_data,False,False
397,2006,40.0,sunflower,,no_data,False,False
397,2007,40.0,sunflower,,no_data,False,False
397,2008,40.0,sunflower,,no_data,False,False
397,2009,40.0,sunflower,,no_data,False,False
397,2010,40.0,sunflower,,no_data,False,False
397,2011,40.0,sunflower,,no_data,False,False
397,2012,40.0,sunflower,,no_data,False,False
397,2013,40.0,sunflower,,no_data,False,False
397,2014,40.0,sunflower,,no_data,False,False
397,2015,40.0,sunflower,,no_data,False,False
397,2016,40.0,sunflower,,no_data,False,False
397,2017,43.0,wheat_spring,2.253,productivity_normalized,True,True
397,2018,36.0,soya,2.31,productivity_normalized,False,True
397,2019,44.0,wheat_winter,4.378,productivity_normalized,True,True
397,2020,40.0,sunflower,0.9650000000000001,productivity_normalized,True,True
397,2021,43.0,wheat_spring,2.0624528,productivity_normalized,True,True
397,2022,40.0,sunflower,2.8379487,productivity_normalized,True,True
397,2023,43.0,wheat_spring,2.4564103,productivity_normalized,True,True
397,2024,3.0,barley_spring,4.9368966,productivity_normalized,True,True
397,2025,44.0,wheat_winter,2.1965,productivity_normalized,True,True
397,2026,40.0,sunflower,,no_data,False,False
397,2027,43.0,wheat_spring,,no_data,False,False
397,2028,,,,no_data,False,False
397,2029,,,,no_data,False,False
398,2000,,,,no_data,False,False
398,2001,,,,no_data,False,False
398,2002,40.0,sunflower,,no_data,False,False
398,2003,40.0,sunflower,,no_data,False,False
398,2004,40.0,sunflower,,no_data,False,False
398,2005,40.0,sunflower,,no_data,False,False
398,2006,40.0,sunflower,,no_data,False,False
398,2007,40.0,sunflower,,no_data,False,False
398,2008,40.0,sunflower,,no_data,False,False
398,2009,40.0,sunflower,,no_data,False,False
398,2010,40.0,sunflower,,no_data,False,False
398,2011,40.0,sunflower,,no_data,False,False
398,2012,40.0,sunflower,,no_data,False,False
398,2013,40.0,sunflower,,no_data,False,False
398,2014,40.0,sunflower,,no_data,False,False
398,2015,40.0,sunflower,,no_data,False,False
398,2016,40.0,sunflower,,no_data,False,False
398,2017,40.0,sunflower,,no_data,False,False
398,2018,40.0,sunflower,,no_data,False,False
398,2019,44.0,wheat_winter,,no_data,False,False
398,2020,40.0,sunflower,1.1,productivity_normalized,True,True
398,2021,43.0,wheat_spring,4.7666667,productivity_normalized,True,True
398,2022,,,3.9200000000000004,productivity_normalized,True,True
398,2023,45.0,nan,,no_data,False,False
398,2024,45.0,nan,,no_data,False,False
398,2025,45.0,nan,,no_data,False,False
398,2026,,,,no_data,False,False
398,2027,,,,no_data,False,False
398,2028,,,,no_data,False,False
398,2029,,,,no_data,False,False
400,2000,,,,no_data,False,False
400,2001,,,,no_data,False,False
400,2002,40.0,sunflower,,no_data,False,False
400,2003,40.0,sunflower,,no_data,False,False
400,2004,40.0,sunflower,,no_data,False,False
400,2005,40.0,sunflower,,no_data,False,False
400,2006,40.0,sunflower,,no_data,False,False
400,2007,40.0,sunflower,,no_data,False,False
400,2008,40.0,sunflower,,no_data,False,False
400,2009,40.0,sunflower,,no_data,False,False
400,2010,40.0,sunflower,,no_data,False,False
400,2011,40.0,sunflower,,no_data,False,False
400,2012,40.0,sunflower,,no_data,False,False
400,2013,40.0,sunflower,,no_data,False,False
400,2014,40.0,sunflower,,no_data,False,False
400,2015,40.0,sunflower,,no_data,False,False
400,2016,40.0,sunflower,,no_data,False,False
400,2017,40.0,sunflower,,no_data,False,False
400,2018,40.0,sunflower,,no_data,False,False
400,2019,20.0,oil_seed_raps_spring,,no_data,False,False
400,2020,3.0,barley_spring,2.2199999999999998,productivity_normalized,True,True
400,2021,43.0,wheat_spring,3.56,productivity_normalized,True,True
400,2022,,,0.6366666999999999,productivity_normalized,True,True
400,2023,45.0,nan,,no_data,False,False
400,2024,45.0,nan,,no_data,False,False
400,2025,45.0,nan,,no_data,False,False
400,2026,,,,no_data,False,False
400,2027,,,,no_data,False,False
400,2028,,,,no_data,False,False
400,2029,,,,no_data,False,False
401,2000,,,,no_data,False,False
401,2001,,,,no_data,False,False
401,2002,40.0,sunflower,,no_data,False,False
401,2003,40.0,sunflower,,no_data,False,False
401,2004,40.0,sunflower,,no_data,False,False
401,2005,40.0,sunflower,,no_data,False,False
401,2006,40.0,sunflower,,no_data,False,False
401,2007,40.0,sunflower,,no_data,False,False
401,2008,40.0,sunflower,,no_data,False,False
401,2009,40.0,sunflower,,no_data,False,False
401,2010,40.0,sunflower,,no_data,False,False
401,2011,40.0,sunflower,,no_data,False,False
401,2012,40.0,sunflower,,no_data,False,False
401,2013,40.0,sunflower,,no_data,False,False
401,2014,40.0,sunflower,,no_data,False,False
401,2015,40.0,sunflower,,no_data,False,False
401,2016,40.0,sunflower,,no_data,False,False
401,2017,40.0,sunflower,,no_data,False,False
401,2018,40.0,sunflower,,no_data,False,False
401,2019,20.0,oil_seed_raps_spring,,no_data,False,False
401,2020,40.0,sunflower,1.333,productivity_normalized,True,True
401,2021,43.0,wheat_spring,4.2733333,productivity_normalized,True,True
401,2022,,,,no_data,False,False
401,2023,45.0,nan,,no_data,False,False
401,2024,45.0,nan,,no_data,False,False
401,2025,45.0,nan,,no_data,False,False
401,2026,,,,no_data,False,False
401,2027,,,,no_data,False,False
401,2028,,,,no_data,False,False
401,2029,,,,no_data,False,False
402,2000,,,,no_data,False,False
402,2001,,,,no_data,False,False
402,2002,40.0,sunflower,,no_data,False,False
402,2003,40.0,sunflower,,no_data,False,False
402,2004,40.0,sunflower,,no_data,False,False
402,2005,40.0,sunflower,,no_data,False,False
402,2006,40.0,sunflower,,no_data,False,False
402,2007,40.0,sunflower,,no_data,False,False
402,2008,40.0,sunflower,,no_data,False,False
402,2009,40.0,sunflower,,no_data,False,False
402,2010,40.0,sunflower,,no_data,False,False
402,2011,40.0,sunflower,,no_data,False,False
402,2012,40.0,sunflower,,no_data,False,False
402,2013,40.0,sunflower,,no_data,False,False
402,2014,40.0,sunflower,,no_data,False,False
402,2015,40.0,sunflower,,no_data,False,False
402,2016,40.0,sunflower,,no_data,False,False
402,2017,43.0,wheat_spring,2.0940000000000003,productivity_normalized,True,True
402,2018,36.0,soya,0.41100000000000003,productivity_normalized,True,True
402,2019,44.0,wheat_winter,2.301,productivity_normalized,True,True
402,2020,40.0,sunflower,1.8039999999999998,productivity_normalized,True,True
402,2021,9.0,fallow,,no_data,False,False
402,2022,43.0,wheat_spring,2.7027027,productivity_normalized,True,True
402,2023,44.0,wheat_winter,1.6199999999999999,productivity_normalized,True,True
402,2024,40.0,sunflower,3.6572972999999998,productivity_normalized,True,True
402,2025,43.0,wheat_spring,5.2351351,productivity_normalized,True,True
402,2026,40.0,sunflower,,no_data,False,False
402,2027,43.0,wheat_spring,,no_data,False,False
402,2028,,,,no_data,False,False
402,2029,,,,no_data,False,False
403,2000,,,,no_data,False,False
403,2001,,,,no_data,False,False
403,2002,40.0,sunflower,,no_data,False,False
403,2003,40.0,sunflower,,no_data,False,False
403,2004,40.0,sunflower,,no_data,False,False
403,2005,40.0,sunflower,,no_data,False,False
403,2006,40.0,sunflower,,no_data,False,False
403,2007,40.0,sunflower,,no_data,False,False
403,2008,40.0,sunflower,,no_data,False,False
403,2009,40.0,sunflower,,no_data,False,False
403,2010,40.0,sunflower,,no_data,False,False
403,2011,40.0,sunflower,,no_data,False,False
403,2012,40.0,sunflower,,no_data,False,False
403,2013,40.0,sunflower,,no_data,False,False
403,2014,40.0,sunflower,,no_data,False,False
403,2015,40.0,sunflower,,no_data,False,False
403,2016,40.0,sunflower,,no_data,False,False
403,2017,43.0,wheat_spring,0.8109999999999999,productivity_normalized,True,True
403,2018,21.0,oil_seed_raps_winter,2.232,productivity_normalized,True,True
403,2019,44.0,wheat_winter,4.098,productivity_normalized,True,True
403,2020,40.0,sunflower,1.7920000000000003,productivity_normalized,True,True
403,2021,43.0,wheat_spring,3.3825581,productivity_normalized,True,True
403,2022,24.0,pea,3.9586047,productivity_normalized,True,True
403,2023,44.0,wheat_winter,2.0486047,productivity_normalized,True,True
403,2024,40.0,sunflower,3.8331764999999995,productivity_normalized,True,True
403,2025,43.0,wheat_spring,5.734117599999999,productivity_normalized,True,True
403,2026,40.0,sunflower,,no_data,False,False
403,2027,44.0,wheat_winter,,no_data,False,False
403,2028,,,,no_data,False,False
403,2029,,,,no_data,False,False
405,2000,,,,no_data,False,False
405,2001,,,,no_data,False,False
405,2002,40.0,sunflower,,no_data,False,False
405,2003,40.0,sunflower,,no_data,False,False
405,2004,40.0,sunflower,,no_data,False,False
405,2005,40.0,sunflower,,no_data,False,False
405,2006,40.0,sunflower,,no_data,False,False
405,2007,40.0,sunflower,,no_data,False,False
405,2008,40.0,sunflower,,no_data,False,False
405,2009,40.0,sunflower,,no_data,False,False
405,2010,40.0,sunflower,,no_data,False,False
405,2011,40.0,sunflower,,no_data,False,False
405,2012,40.0,sunflower,,no_data,False,False
405,2013,40.0,sunflower,,no_data,False,False
405,2014,40.0,sunflower,,no_data,False,False
405,2015,40.0,sunflower,,no_data,False,False
405,2016,40.0,sunflower,,no_data,False,False
405,2017,16.0,maize,5.432,productivity_normalized,True,True
405,2018,40.0,sunflower,2.286,productivity_normalized,True,True
405,2019,43.0,wheat_spring,3.6759999999999997,productivity_normalized,True,True
405,2020,40.0,sunflower,2.255,productivity_normalized,True,True
405,2021,43.0,wheat_spring,3.4904094,productivity_normalized,True,True
405,2022,43.0,wheat_spring,2.3405848,productivity_normalized,True,True
405,2023,44.0,wheat_winter,2.1315789,productivity_normalized,True,True
405,2024,36.0,soya,2.2403509,productivity_normalized,True,True
405,2025,36.0,soya,1.9138595999999999,productivity_normalized,True,True
405,2026,43.0,wheat_spring,,no_data,False,False
405,2027,43.0,wheat_spring,,no_data,False,False
405,2028,,,,no_data,False,False
405,2029,,,,no_data,False,False
406,2000,,,,no_data,False,False
406,2001,,,,no_data,False,False
406,2002,40.0,sunflower,,no_data,False,False
406,2003,40.0,sunflower,,no_data,False,False
406,2004,40.0,sunflower,,no_data,False,False
406,2005,40.0,sunflower,,no_data,False,False
406,2006,40.0,sunflower,,no_data,False,False
406,2007,40.0,sunflower,,no_data,False,False
406,2008,40.0,sunflower,,no_data,False,False
406,2009,40.0,sunflower,,no_data,False,False
406,2010,40.0,sunflower,,no_data,False,False
406,2011,40.0,sunflower,,no_data,False,False
406,2012,40.0,sunflower,,no_data,False,False
406,2013,40.0,sunflower,,no_data,False,False
406,2014,40.0,sunflower,,no_data,False,False
406,2015,40.0,sunflower,,no_data,False,False
406,2016,40.0,sunflower,,no_data,False,False
406,2017,43.0,wheat_spring,1.6440000000000001,productivity_normalized,True,True
406,2018,40.0,sunflower,1.2550000000000001,productivity_normalized,True,True
406,2019,43.0,wheat_spring,3.038,productivity_normalized,True,True
406,2020,40.0,sunflower,3.66,productivity_normalized,False,True
406,2021,43.0,wheat_spring,2.94,productivity_normalized,True,True
406,2022,32.0,rye_winter,1.9827273,productivity_normalized,True,True
406,2023,40.0,sunflower,2.6836364,productivity_normalized,True,True
406,2024,43.0,wheat_spring,3.2634783,productivity_normalized,True,True
406,2025,3.0,barley_spring,3.8913043000000003,productivity_normalized,True,True
406,2026,40.0,sunflower,,no_data,False,False
406,2027,43.0,wheat_spring,,no_data,False,False
406,2028,,,,no_data,False,False
406,2029,,,,no_data,False,False
407,2000,,,,no_data,False,False
407,2001,,,,no_data,False,False
407,2002,40.0,sunflower,,no_data,False,False
407,2003,40.0,sunflower,,no_data,False,False
407,2004,40.0,sunflower,,no_data,False,False
407,2005,40.0,sunflower,,no_data,False,False
407,2006,40.0,sunflower,,no_data,False,False
407,2007,40.0,sunflower,,no_data,False,False
407,2008,40.0,sunflower,,no_data,False,False
407,2009,40.0,sunflower,,no_data,False,False
407,2010,40.0,sunflower,,no_data,False,False
407,2011,40.0,sunflower,,no_data,False,False
407,2012,40.0,sunflower,,no_data,False,False
407,2013,40.0,sunflower,,no_data,False,False
407,2014,40.0,sunflower,,no_data,False,False
407,2015,40.0,sunflower,,no_data,False,False
407,2016,40.0,sunflower,,no_data,False,False
407,2017,43.0,wheat_spring,1.261,productivity_normalized,True,True
407,2018,36.0,soya,3.96,productivity_normalized,False,True
407,2019,43.0,wheat_spring,1.418,productivity_normalized,True,True
407,2020,40.0,sunflower,4.62,productivity_normalized,False,True
407,2021,9.0,fallow,,no_data,False,False
407,2022,43.0,wheat_spring,2.7733333,productivity_normalized,True,True
407,2023,44.0,wheat_winter,2.3044444,productivity_normalized,True,True
407,2024,40.0,sunflower,2.7555556,productivity_normalized,True,True
407,2025,43.0,wheat_spring,,no_data,False,False
407,2026,3.0,barley_spring,,no_data,False,False
407,2027,43.0,wheat_spring,,no_data,False,False
407,2028,,,,no_data,False,False
407,2029,,,,no_data,False,False
408,2000,,,,no_data,False,False
408,2001,,,,no_data,False,False
408,2002,40.0,sunflower,,no_data,False,False
408,2003,40.0,sunflower,,no_data,False,False
408,2004,40.0,sunflower,,no_data,False,False
408,2005,40.0,sunflower,,no_data,False,False
408,2006,40.0,sunflower,,no_data,False,False
408,2007,40.0,sunflower,,no_data,False,False
408,2008,40.0,sunflower,,no_data,False,False
408,2009,40.0,sunflower,,no_data,False,False
408,2010,40.0,sunflower,,no_data,False,False
408,2011,40.0,sunflower,,no_data,False,False
408,2012,40.0,sunflower,,no_data,False,False
408,2013,40.0,sunflower,,no_data,False,False
408,2014,40.0,sunflower,,no_data,False,False
408,2015,40.0,sunflower,,no_data,False,False
408,2016,40.0,sunflower,,no_data,False,False
408,2017,40.0,sunflower,0.743,productivity_normalized,True,True
408,2018,21.0,oil_seed_raps_winter,0.9179999999999999,productivity_normalized,True,True
408,2019,44.0,wheat_winter,5.078,productivity_normalized,True,True
408,2020,40.0,sunflower,0.603,productivity_normalized,True,True
408,2021,43.0,wheat_spring,3.4680701999999997,productivity_normalized,True,True
408,2022,40.0,sunflower,2.6842105,productivity_normalized,True,True
408,2023,43.0,wheat_spring,1.6561404,productivity_normalized,True,True
408,2024,43.0,wheat_spring,4.508070200000001,productivity_normalized,True,True
408,2025,40.0,sunflower,3.5336841999999997,productivity_normalized,True,True
408,2026,43.0,wheat_spring,,no_data,False,False
408,2027,20.0,oil_seed_raps_spring,,no_data,False,False
408,2028,,,,no_data,False,False
408,2029,,,,no_data,False,False
409,2000,,,,no_data,False,False
409,2001,,,,no_data,False,False
409,2002,40.0,sunflower,,no_data,False,False
409,2003,40.0,sunflower,,no_data,False,False
409,2004,40.0,sunflower,,no_data,False,False
409,2005,40.0,sunflower,,no_data,False,False
409,2006,40.0,sunflower,,no_data,False,False
409,2007,40.0,sunflower,,no_data,False,False
409,2008,40.0,sunflower,,no_data,False,False
409,2009,40.0,sunflower,,no_data,False,False
409,2010,40.0,sunflower,,no_data,False,False
409,2011,40.0,sunflower,,no_data,False,False
409,2012,40.0,sunflower,,no_data,False,False
409,2013,40.0,sunflower,,no_data,False,False
409,2014,40.0,sunflower,,no_data,False,False
409,2015,40.0,sunflower,,no_data,False,False
409,2016,40.0,sunflower,,no_data,False,False
409,2017,3.0,barley_spring,1.159,productivity_normalized,True,True
409,2018,44.0,wheat_winter,3.239,productivity_normalized,True,True
409,2019,21.0,oil_seed_raps_winter,0.612,productivity_normalized,True,True
409,2020,40.0,sunflower,0.659,productivity_normalized,True,True
409,2021,43.0,wheat_spring,2.4279070000000003,productivity_normalized,True,True
409,2022,40.0,sunflower,2.6706977,productivity_normalized,True,True
409,2023,43.0,wheat_spring,2.5293023000000003,productivity_normalized,True,True
409,2024,43.0,wheat_spring,4.9353488,productivity_normalized,True,True
409,2025,40.0,sunflower,2.9562791,productivity_normalized,True,True
409,2026,43.0,wheat_spring,,no_data,False,False
409,2027,20.0,oil_seed_raps_spring,,no_data,False,False
409,2028,,,,no_data,False,False
409,2029,,,,no_data,False,False
410,2000,,,,no_data,False,False
410,2001,,,,no_data,False,False
410,2002,40.0,sunflower,,no_data,False,False
410,2003,40.0,sunflower,,no_data,False,False
410,2004,40.0,sunflower,,no_data,False,False
410,2005,40.0,sunflower,,no_data,False,False
410,2006,40.0,sunflower,,no_data,False,False
410,2007,40.0,sunflower,,no_data,False,False
410,2008,40.0,sunflower,,no_data,False,False
410,2009,40.0,sunflower,,no_data,False,False
410,2010,40.0,sunflower,,no_data,False,False
410,2011,40.0,sunflower,,no_data,False,False
410,2012,40.0,sunflower,,no_data,False,False
410,2013,40.0,sunflower,,no_data,False,False
410,2014,40.0,sunflower,,no_data,False,False
410,2015,40.0,sunflower,,no_data,False,False
410,2016,40.0,sunflower,,no_data,False,False
410,2017,40.0,sunflower,,no_data,False,False
410,2018,40.0,sunflower,,no_data,False,False
410,2019,20.0,oil_seed_raps_spring,,no_data,False,False
410,2020,9.0,fallow,,no_data,False,False
410,2021,43.0,wheat_spring,3.5784,productivity_normalized,True,True
410,2022,40.0,sunflower,2.7344,productivity_normalized,True,True
410,2023,43.0,wheat_spring,2.0832,productivity_normalized,True,True
410,2024,43.0,wheat_spring,5.536,productivity_normalized,True,True
410,2025,40.0,sunflower,3.5671999999999997,productivity_normalized,True,True
410,2026,43.0,wheat_spring,,no_data,False,False
410,2027,20.0,oil_seed_raps_spring,,no_data,False,False
410,2028,,,,no_data,False,False
410,2029,,,,no_data,False,False
411,2000,,,,no_data,False,False
411,2001,,,,no_data,False,False
411,2002,40.0,sunflower,,no_data,False,False
411,2003,40.0,sunflower,,no_data,False,False
411,2004,40.0,sunflower,,no_data,False,False
411,2005,40.0,sunflower,,no_data,False,False
411,2006,40.0,sunflower,,no_data,False,False
411,2007,40.0,sunflower,,no_data,False,False
411,2008,40.0,sunflower,,no_data,False,False
411,2009,40.0,sunflower,,no_data,False,False
411,2010,40.0,sunflower,,no_data,False,False
411,2011,40.0,sunflower,,no_data,False,False
411,2012,40.0,sunflower,,no_data,False,False
411,2013,40.0,sunflower,,no_data,False,False
411,2014,40.0,sunflower,,no_data,False,False
411,2015,40.0,sunflower,,no_data,False,False
411,2016,40.0,sunflower,,no_data,False,False
411,2017,21.0,oil_seed_raps_winter,0.905,productivity_normalized,True,True
411,2018,36.0,soya,0.718,productivity_normalized,True,True
411,2019,43.0,wheat_spring,2.755,productivity_normalized,True,True
411,2020,40.0,sunflower,1.049,productivity_normalized,True,True
411,2021,43.0,wheat_spring,3.3794203000000005,productivity_normalized,True,True
411,2022,40.0,sunflower,2.3311593999999998,productivity_normalized,True,True
411,2023,43.0,wheat_spring,2.7965217,productivity_normalized,True,True
411,2024,43.0,wheat_spring,2.6267143,productivity_normalized,True,True
411,2025,40.0,sunflower,2.8207142999999997,productivity_normalized,True,True
411,2026,3.0,barley_spring,,no_data,False,False
411,2027,43.0,wheat_spring,,no_data,False,False
411,2028,,,,no_data,False,False
411,2029,,,,no_data,False,False
412,2000,,,,no_data,False,False
412,2001,,,,no_data,False,False
412,2002,40.0,sunflower,,no_data,False,False
412,2003,40.0,sunflower,,no_data,False,False
412,2004,40.0,sunflower,,no_data,False,False
412,2005,40.0,sunflower,,no_data,False,False
412,2006,40.0,sunflower,,no_data,False,False
412,2007,40.0,sunflower,,no_data,False,False
412,2008,40.0,sunflower,,no_data,False,False
412,2009,40.0,sunflower,,no_data,False,False
412,2010,40.0,sunflower,,no_data,False,False
412,2011,40.0,sunflower,,no_data,False,False
412,2012,40.0,sunflower,,no_data,False,False
412,2013,40.0,sunflower,,no_data,False,False
412,2014,40.0,sunflower,,no_data,False,False
412,2015,40.0,sunflower,,no_data,False,False
412,2016,40.0,sunflower,,no_data,False,False
412,2017,43.0,wheat_spring,1.7079999999999997,productivity_normalized,True,True
412,2018,36.0,soya,0.5349999999999999,productivity_normalized,True,True
412,2019,44.0,wheat_winter,4.205,productivity_normalized,True,True
412,2020,40.0,sunflower,2.364,productivity_normalized,True,True
412,2021,43.0,wheat_spring,3.4407273000000003,productivity_normalized,True,True
412,2022,43.0,wheat_spring,2.4789091,productivity_normalized,True,True
412,2023,44.0,wheat_winter,3.3007272999999997,productivity_normalized,True,True
412,2024,40.0,sunflower,4.3567273,productivity_normalized,True,True
412,2025,43.0,wheat_spring,4.6632727,productivity_normalized,True,True
412,2026,20.0,oil_seed_raps_spring,,no_data,False,False
412,2027,43.0,wheat_spring,,no_data,False,False
412,2028,,,,no_data,False,False
412,2029,,,,no_data,False,False
414,2000,,,,no_data,False,False
414,2001,,,,no_data,False,False
414,2002,40.0,sunflower,,no_data,False,False
414,2003,40.0,sunflower,,no_data,False,False
414,2004,40.0,sunflower,,no_data,False,False
414,2005,40.0,sunflower,,no_data,False,False
414,2006,40.0,sunflower,,no_data,False,False
414,2007,40.0,sunflower,,no_data,False,False
414,2008,40.0,sunflower,,no_data,False,False
414,2009,40.0,sunflower,,no_data,False,False
414,2010,40.0,sunflower,,no_data,False,False
414,2011,40.0,sunflower,,no_data,False,False
414,2012,40.0,sunflower,,no_data,False,False
414,2013,40.0,sunflower,,no_data,False,False
414,2014,40.0,sunflower,,no_data,False,False
414,2015,40.0,sunflower,,no_data,False,False
414,2016,40.0,sunflower,,no_data,False,False
414,2017,40.0,sunflower,1.8359999999999999,productivity_normalized,True,True
414,2018,21.0,oil_seed_raps_winter,1.335,productivity_normalized,True,True
414,2019,44.0,wheat_winter,4.241,productivity_normalized,True,True
414,2020,40.0,sunflower,1.526,productivity_normalized,True,True
414,2021,43.0,wheat_spring,3.5124657999999997,productivity_normalized,True,True
414,2022,40.0,sunflower,3.1254795,productivity_normalized,True,True
414,2023,43.0,wheat_spring,2.6454795,productivity_normalized,True,True
414,2024,3.0,barley_spring,5.6635862,productivity_normalized,True,True
414,2025,24.0,pea,4.1584828,productivity_normalized,True,True
414,2026,44.0,wheat_winter,,no_data,False,False
414,2027,36.0,soya,,no_data,False,False
414,2028,,,,no_data,False,False
414,2029,,,,no_data,False,False
415,2000,,,,no_data,False,False
415,2001,,,,no_data,False,False
415,2002,40.0,sunflower,,no_data,False,False
415,2003,40.0,sunflower,,no_data,False,False
415,2004,40.0,sunflower,,no_data,False,False
415,2005,40.0,sunflower,,no_data,False,False
415,2006,40.0,sunflower,,no_data,False,False
415,2007,40.0,sunflower,,no_data,False,False
415,2008,40.0,sunflower,,no_data,False,False
415,2009,40.0,sunflower,,no_data,False,False
415,2010,40.0,sunflower,,no_data,False,False
415,2011,40.0,sunflower,,no_data,False,False
415,2012,40.0,sunflower,,no_data,False,False
415,2013,40.0,sunflower,,no_data,False,False
415,2014,40.0,sunflower,,no_data,False,False
415,2015,40.0,sunflower,,no_data,False,False
415,2016,40.0,sunflower,,no_data,False,False
415,2017,43.0,wheat_spring,1.011,productivity_normalized,True,True
415,2018,36.0,soya,0.634,productivity_normalized,True,True
415,2019,44.0,wheat_winter,3.106,productivity_normalized,True,True
415,2020,40.0,sunflower,4.12,productivity_normalized,False,True
415,2021,43.0,wheat_spring,2.8478125,productivity_normalized,True,True
415,2022,43.0,wheat_spring,2.0121875,productivity_normalized,True,True
415,2023,40.0,sunflower,3.02875,productivity_normalized,True,True
415,2024,43.0,wheat_spring,4.59875,productivity_normalized,True,True
415,2025,3.0,barley_spring,4.1290625,productivity_normalized,True,True
415,2026,40.0,sunflower,,no_data,False,False
415,2027,40.0,sunflower,,no_data,False,False
415,2028,,,,no_data,False,False
415,2029,,,,no_data,False,False
416,2000,,,,no_data,False,False
416,2001,,,,no_data,False,False
416,2002,40.0,sunflower,,no_data,False,False
416,2003,40.0,sunflower,,no_data,False,False
416,2004,40.0,sunflower,,no_data,False,False
416,2005,40.0,sunflower,,no_data,False,False
416,2006,40.0,sunflower,,no_data,False,False
416,2007,40.0,sunflower,,no_data,False,False
416,2008,40.0,sunflower,,no_data,False,False
416,2009,40.0,sunflower,,no_data,False,False
416,2010,40.0,sunflower,,no_data,False,False
416,2011,40.0,sunflower,,no_data,False,False
416,2012,40.0,sunflower,,no_data,False,False
416,2013,40.0,sunflower,,no_data,False,False
416,2014,40.0,sunflower,,no_data,False,False
416,2015,40.0,sunflower,,no_data,False,False
416,2016,40.0,sunflower,,no_data,False,False
416,2017,43.0,wheat_spring,1.41,productivity_normalized,True,True
416,2018,40.0,sunflower,1.904,productivity_normalized,True,True
416,2019,20.0,oil_seed_raps_spring,0.8880000000000001,productivity_normalized,True,True
416,2020,40.0,sunflower,1.49,productivity_normalized,True,True
416,2021,43.0,wheat_spring,3.7137255000000002,productivity_normalized,True,True
416,2022,40.0,sunflower,2.4264789,productivity_normalized,True,True
416,2023,43.0,wheat_spring,2.5889606,productivity_normalized,True,True
416,2024,40.0,sunflower,3.1012592999999997,productivity_normalized,True,True
416,2025,43.0,wheat_spring,5.0820818,productivity_normalized,True,True
416,2026,24.0,pea,,no_data,False,False
416,2027,44.0,wheat_winter,,no_data,False,False
416,2028,,,,no_data,False,False
416,2029,,,,no_data,False,False
418,2000,,,,no_data,False,False
418,2001,,,,no_data,False,False
418,2002,40.0,sunflower,,no_data,False,False
418,2003,40.0,sunflower,,no_data,False,False
418,2004,40.0,sunflower,,no_data,False,False
418,2005,40.0,sunflower,,no_data,False,False
418,2006,40.0,sunflower,,no_data,False,False
418,2007,40.0,sunflower,,no_data,False,False
418,2008,40.0,sunflower,,no_data,False,False
418,2009,40.0,sunflower,,no_data,False,False
418,2010,40.0,sunflower,,no_data,False,False
418,2011,40.0,sunflower,,no_data,False,False
418,2012,40.0,sunflower,,no_data,False,False
418,2013,40.0,sunflower,,no_data,False,False
418,2014,40.0,sunflower,,no_data,False,False
418,2015,40.0,sunflower,,no_data,False,False
418,2016,40.0,sunflower,,no_data,False,False
418,2017,40.0,sunflower,,no_data,False,False
418,2018,36.0,soya,1.79,productivity_normalized,False,True
418,2019,44.0,wheat_winter,2.71,productivity_normalized,True,True
418,2020,40.0,sunflower,1.934,productivity_normalized,True,True
418,2021,43.0,wheat_spring,2.9631111,productivity_normalized,True,True
418,2022,40.0,sunflower,2.7137778,productivity_normalized,True,True
418,2023,43.0,wheat_spring,3.1977778,productivity_normalized,True,True
418,2024,3.0,barley_spring,4.4457778,productivity_normalized,True,True
418,2025,24.0,pea,3.5744444,productivity_normalized,True,True
418,2026,20.0,oil_seed_raps_spring,,no_data,False,False
418,2027,43.0,wheat_spring,,no_data,False,False
418,2028,,,,no_data,False,False
418,2029,,,,no_data,False,False
419,2000,,,,no_data,False,False
419,2001,,,,no_data,False,False
419,2002,40.0,sunflower,,no_data,False,False
419,2003,40.0,sunflower,,no_data,False,False
419,2004,40.0,sunflower,,no_data,False,False
419,2005,40.0,sunflower,,no_data,False,False
419,2006,40.0,sunflower,,no_data,False,False
419,2007,40.0,sunflower,,no_data,False,False
419,2008,40.0,sunflower,,no_data,False,False
419,2009,40.0,sunflower,,no_data,False,False
419,2010,40.0,sunflower,,no_data,False,False
419,2011,40.0,sunflower,,no_data,False,False
419,2012,40.0,sunflower,,no_data,False,False
419,2013,40.0,sunflower,,no_data,False,False
419,2014,40.0,sunflower,,no_data,False,False
419,2015,40.0,sunflower,,no_data,False,False
419,2016,40.0,sunflower,,no_data,False,False
419,2017,40.0,sunflower,0.751,productivity_normalized,True,True
419,2018,40.0,sunflower,,no_data,False,False
419,2019,44.0,wheat_winter,4.318,productivity_normalized,True,True
419,2020,40.0,sunflower,0.953,productivity_normalized,True,True
419,2021,43.0,wheat_spring,2.8698182,productivity_normalized,True,True
419,2022,3.0,barley_spring,4.033818200000001,productivity_normalized,True,True
419,2023,44.0,wheat_winter,2.2567273,productivity_normalized,True,True
419,2024,40.0,sunflower,3.5854545,productivity_normalized,True,True
419,2025,43.0,wheat_spring,4.6690909,productivity_normalized,True,True
419,2026,40.0,sunflower,,no_data,False,False
419,2027,40.0,sunflower,,no_data,False,False
419,2028,,,,no_data,False,False
419,2029,,,,no_data,False,False
420,2000,,,,no_data,False,False
420,2001,,,,no_data,False,False
420,2002,,,,no_data,False,False
420,2003,,,,no_data,False,False
420,2004,,,,no_data,False,False
420,2005,,,,no_data,False,False
420,2006,,,,no_data,False,False
420,2007,,,,no_data,False,False
420,2008,,,,no_data,False,False
420,2009,,,,no_data,False,False
420,2010,,,,no_data,False,False
420,2011,,,,no_data,False,False
420,2012,,,,no_data,False,False
420,2013,,,,no_data,False,False
420,2014,,,,no_data,False,False
420,2015,,,,no_data,False,False
420,2016,,,,no_data,False,False
420,2017,43.0,wheat_spring,1.261,productivity_normalized,True,True
420,2018,36.0,soya,3.96,productivity_normalized,False,True
420,2019,44.0,wheat_winter,2.73,productivity_normalized,True,True
420,2020,40.0,sunflower,4.62,productivity_normalized,False,True
420,2021,43.0,wheat_spring,2.3181818,productivity_normalized,True,True
420,2022,40.0,sunflower,,no_data,False,False
420,2023,,,,no_data,False,False
420,2024,,,,no_data,False,False
420,2025,,,,no_data,False,False
420,2026,,,,no_data,False,False
420,2027,,,,no_data,False,False
420,2028,,,,no_data,False,False
420,2029,,,,no_data,False,False
421,2000,40.0,sunflower,,no_data,False,False
421,2001,40.0,sunflower,,no_data,False,False
421,2002,40.0,sunflower,,no_data,False,False
421,2003,40.0,sunflower,,no_data,False,False
421,2004,40.0,sunflower,,no_data,False,False
421,2005,40.0,sunflower,,no_data,False,False
421,2006,40.0,sunflower,,no_data,False,False
421,2007,40.0,sunflower,,no_data,False,False
421,2008,40.0,sunflower,,no_data,False,False
421,2009,40.0,sunflower,,no_data,False,False
421,2010,40.0,sunflower,,no_data,False,False
421,2011,40.0,sunflower,,no_data,False,False
421,2012,40.0,sunflower,,no_data,False,False
421,2013,40.0,sunflower,,no_data,False,False
421,2014,40.0,sunflower,,no_data,False,False
421,2015,40.0,sunflower,,no_data,False,False
421,2016,40.0,sunflower,,no_data,False,False
421,2017,40.0,sunflower,,no_data,False,False
421,2018,40.0,sunflower,2.585,productivity_normalized,True,True
421,2019,43.0,wheat_spring,3.379,productivity_normalized,True,True
421,2020,44.0,wheat_winter,0.8859999999999999,productivity_normalized,True,True
421,2021,44.0,wheat_winter,2.9441818,productivity_normalized,True,True
421,2022,40.0,sunflower,,no_data,False,False
421,2023,43.0,wheat_spring,1.0072592999999999,productivity_normalized,True,True
421,2024,3.0,barley_spring,5.8072593,productivity_normalized,True,True
421,2025,40.0,sunflower,3.2025926,productivity_normalized,True,True
421,2026,3.0,barley_spring,,no_data,False,False
421,2027,40.0,sunflower,,no_data,False,False
421,2028,,,,no_data,False,False
421,2029,,,,no_data,False,False
422,2000,40.0,sunflower,,no_data,False,False
422,2001,40.0,sunflower,,no_data,False,False
422,2002,40.0,sunflower,,no_data,False,False
422,2003,40.0,sunflower,,no_data,False,False
422,2004,40.0,sunflower,,no_data,False,False
422,2005,40.0,sunflower,,no_data,False,False
422,2006,40.0,sunflower,,no_data,False,False
422,2007,40.0,sunflower,,no_data,False,False
422,2008,40.0,sunflower,,no_data,False,False
422,2009,40.0,sunflower,,no_data,False,False
422,2010,40.0,sunflower,,no_data,False,False
422,2011,40.0,sunflower,,no_data,False,False
422,2012,40.0,sunflower,,no_data,False,False
422,2013,40.0,sunflower,,no_data,False,False
422,2014,40.0,sunflower,,no_data,False,False
422,2015,40.0,sunflower,,no_data,False,False
422,2016,40.0,sunflower,,no_data,False,False
422,2017,20.0,oil_seed_raps_spring,0.46299999999999997,productivity_normalized,True,True
422,2018,40.0,sunflower,,no_data,False,False
422,2019,40.0,sunflower,2.372,productivity_normalized,True,True
422,2020,43.0,wheat_spring,3.89,productivity_normalized,False,True
422,2021,40.0,sunflower,2.0193846,productivity_normalized,True,True
422,2022,43.0,wheat_spring,3.4,productivity_normalized,True,True
422,2023,3.0,barley_spring,2.3816438,productivity_normalized,True,True
422,2024,44.0,wheat_winter,5.0876712,productivity_normalized,True,True
422,2025,40.0,sunflower,3.0631507,productivity_normalized,True,True
422,2026,3.0,barley_spring,,no_data,False,False
422,2027,3.0,barley_spring,,no_data,False,False
422,2028,,,,no_data,False,False
422,2029,,,,no_data,False,False
423,2000,40.0,sunflower,,no_data,False,False
423,2001,40.0,sunflower,,no_data,False,False
423,2002,40.0,sunflower,,no_data,False,False
423,2003,40.0,sunflower,,no_data,False,False
423,2004,40.0,sunflower,,no_data,False,False
423,2005,40.0,sunflower,,no_data,False,False
423,2006,40.0,sunflower,,no_data,False,False
423,2007,40.0,sunflower,,no_data,False,False
423,2008,40.0,sunflower,,no_data,False,False
423,2009,40.0,sunflower,,no_data,False,False
423,2010,40.0,sunflower,,no_data,False,False
423,2011,40.0,sunflower,,no_data,False,False
423,2012,40.0,sunflower,,no_data,False,False
423,2013,40.0,sunflower,,no_data,False,False
423,2014,40.0,sunflower,,no_data,False,False
423,2015,40.0,sunflower,,no_data,False,False
423,2016,40.0,sunflower,,no_data,False,False
423,2017,20.0,oil_seed_raps_spring,4.29,productivity_normalized,False,True
423,2018,40.0,sunflower,,no_data,False,False
423,2019,40.0,sunflower,2.085,productivity_normalized,True,True
423,2020,43.0,wheat_spring,0.769,productivity_normalized,True,True
423,2021,40.0,sunflower,3.1824719000000004,productivity_normalized,True,True
423,2022,43.0,wheat_spring,3.2240449,productivity_normalized,True,True
423,2023,3.0,barley_spring,2.8031461,productivity_normalized,True,True
423,2024,43.0,wheat_spring,3.9140673999999995,productivity_normalized,True,True
423,2025,40.0,sunflower,3.1474157000000003,productivity_normalized,True,True
423,2026,43.0,wheat_spring,,no_data,False,False
423,2027,3.0,barley_spring,,no_data,False,False
423,2028,,,,no_data,False,False
423,2029,,,,no_data,False,False
424,2000,,,,no_data,False,False
424,2001,,,,no_data,False,False
424,2002,40.0,sunflower,,no_data,False,False
424,2003,40.0,sunflower,,no_data,False,False
424,2004,40.0,sunflower,,no_data,False,False
424,2005,40.0,sunflower,,no_data,False,False
424,2006,40.0,sunflower,,no_data,False,False
424,2007,40.0,sunflower,,no_data,False,False
424,2008,40.0,sunflower,,no_data,False,False
424,2009,40.0,sunflower,,no_data,False,False
424,2010,40.0,sunflower,,no_data,False,False
424,2011,40.0,sunflower,,no_data,False,False
424,2012,40.0,sunflower,,no_data,False,False
424,2013,40.0,sunflower,,no_data,False,False
424,2014,40.0,sunflower,,no_data,False,False
424,2015,40.0,sunflower,,no_data,False,False
424,2016,40.0,sunflower,,no_data,False,False
424,2017,43.0,wheat_spring,1.001,productivity_normalized,True,True
424,2018,40.0,sunflower,,no_data,False,False
424,2019,44.0,wheat_winter,3.8979999999999997,productivity_normalized,True,True
424,2020,40.0,sunflower,1.6420000000000001,productivity_normalized,True,True
424,2021,43.0,wheat_spring,2.6524752,productivity_normalized,True,True
424,2022,24.0,pea,4.1190099,productivity_normalized,True,True
424,2023,44.0,wheat_winter,2.0829703,productivity_normalized,True,True
424,2024,40.0,sunflower,4.0635644,productivity_normalized,True,True
424,2025,43.0,wheat_spring,4.860784300000001,productivity_normalized,True,True
424,2026,40.0,sunflower,,no_data,False,False
424,2027,44.0,wheat_winter,,no_data,False,False
424,2028,,,,no_data,False,False
424,2029,,,,no_data,False,False
425,2000,,,,no_data,False,False
425,2001,,,,no_data,False,False
425,2002,40.0,sunflower,,no_data,False,False
425,2003,40.0,sunflower,,no_data,False,False
425,2004,40.0,sunflower,,no_data,False,False
425,2005,40.0,sunflower,,no_data,False,False
425,2006,40.0,sunflower,,no_data,False,False
425,2007,40.0,sunflower,,no_data,False,False
425,2008,40.0,sunflower,,no_data,False,False
425,2009,40.0,sunflower,,no_data,False,False
425,2010,40.0,sunflower,,no_data,False,False
425,2011,40.0,sunflower,,no_data,False,False
425,2012,40.0,sunflower,,no_data,False,False
425,2013,40.0,sunflower,,no_data,False,False
425,2014,40.0,sunflower,,no_data,False,False
425,2015,40.0,sunflower,,no_data,False,False
425,2016,40.0,sunflower,,no_data,False,False
425,2017,43.0,wheat_spring,1.089,productivity_normalized,True,True
425,2018,40.0,sunflower,1.825,productivity_normalized,True,True
425,2019,43.0,wheat_spring,3.8549999999999995,productivity_normalized,True,True
425,2020,40.0,sunflower,1.9940000000000002,productivity_normalized,True,True
425,2021,43.0,wheat_spring,2.7649462,productivity_normalized,True,True
425,2022,40.0,sunflower,2.3630108,productivity_normalized,True,True
425,2023,43.0,wheat_spring,2.5597849,productivity_normalized,True,True
425,2024,3.0,barley_spring,3.9204301,productivity_normalized,True,True
425,2025,40.0,sunflower,3.2565590999999996,productivity_normalized,True,True
425,2026,3.0,barley_spring,,no_data,False,False
425,2027,24.0,pea,,no_data,False,False
425,2028,,,,no_data,False,False
425,2029,,,,no_data,False,False
426,2000,,,,no_data,False,False
426,2001,,,,no_data,False,False
426,2002,40.0,sunflower,,no_data,False,False
426,2003,40.0,sunflower,,no_data,False,False
426,2004,40.0,sunflower,,no_data,False,False
426,2005,40.0,sunflower,,no_data,False,False
426,2006,40.0,sunflower,,no_data,False,False
426,2007,40.0,sunflower,,no_data,False,False
426,2008,40.0,sunflower,,no_data,False,False
426,2009,40.0,sunflower,,no_data,False,False
426,2010,40.0,sunflower,,no_data,False,False
426,2011,40.0,sunflower,,no_data,False,False
426,2012,40.0,sunflower,,no_data,False,False
426,2013,40.0,sunflower,,no_data,False,False
426,2014,40.0,sunflower,,no_data,False,False
426,2015,40.0,sunflower,,no_data,False,False
426,2016,40.0,sunflower,,no_data,False,False
426,2017,40.0,sunflower,,no_data,False,False
426,2018,40.0,sunflower,,no_data,False,False
426,2019,40.0,sunflower,1.358,productivity_normalized,True,True
426,2020,43.0,wheat_spring,,no_data,False,False
426,2021,44.0,wheat_winter,4.2627119,productivity_normalized,True,True
426,2022,40.0,sunflower,2.5298305,productivity_normalized,True,True
426,2023,43.0,wheat_spring,2.030339,productivity_normalized,True,True
426,2024,3.0,barley_spring,4.6440678,productivity_normalized,True,True
426,2025,40.0,sunflower,2.6094915,productivity_normalized,True,True
426,2026,3.0,barley_spring,,no_data,False,False
426,2027,40.0,sunflower,,no_data,False,False
426,2028,,,,no_data,False,False
426,2029,,,,no_data,False,False
427,2000,,,,no_data,False,False
427,2001,,,,no_data,False,False
427,2002,40.0,sunflower,,no_data,False,False
427,2003,40.0,sunflower,,no_data,False,False
427,2004,40.0,sunflower,,no_data,False,False
427,2005,40.0,sunflower,,no_data,False,False
427,2006,40.0,sunflower,,no_data,False,False
427,2007,40.0,sunflower,,no_data,False,False
427,2008,40.0,sunflower,,no_data,False,False
427,2009,40.0,sunflower,,no_data,False,False
427,2010,40.0,sunflower,,no_data,False,False
427,2011,40.0,sunflower,,no_data,False,False
427,2012,40.0,sunflower,,no_data,False,False
427,2013,40.0,sunflower,,no_data,False,False
427,2014,40.0,sunflower,,no_data,False,False
427,2015,40.0,sunflower,,no_data,False,False
427,2016,9.0,fallow,,no_data,False,False
427,2017,3.0,barley_spring,,no_data,False,False
427,2018,44.0,wheat_winter,,no_data,False,False
427,2019,40.0,sunflower,3.082,productivity_normalized,True,True
427,2020,43.0,wheat_spring,1.107,productivity_normalized,True,True
427,2021,40.0,sunflower,2.4951613,productivity_normalized,True,True
427,2022,43.0,wheat_spring,4.1958065,productivity_normalized,True,True
427,2023,40.0,sunflower,2.5776119,productivity_normalized,True,True
427,2024,43.0,wheat_spring,3.6002985,productivity_normalized,True,True
427,2025,20.0,oil_seed_raps_spring,2.4489286,productivity_normalized,True,True
427,2026,43.0,wheat_spring,,no_data,False,False
427,2027,24.0,pea,,no_data,False,False
427,2028,,,,no_data,False,False
427,2029,,,,no_data,False,False
428,2000,,,,no_data,False,False
428,2001,,,,no_data,False,False
428,2002,40.0,sunflower,,no_data,False,False
428,2003,40.0,sunflower,,no_data,False,False
428,2004,40.0,sunflower,,no_data,False,False
428,2005,40.0,sunflower,,no_data,False,False
428,2006,40.0,sunflower,,no_data,False,False
428,2007,40.0,sunflower,,no_data,False,False
428,2008,40.0,sunflower,,no_data,False,False
428,2009,40.0,sunflower,,no_data,False,False
428,2010,40.0,sunflower,,no_data,False,False
428,2011,40.0,sunflower,,no_data,False,False
428,2012,40.0,sunflower,,no_data,False,False
428,2013,40.0,sunflower,,no_data,False,False
428,2014,40.0,sunflower,,no_data,False,False
428,2015,40.0,sunflower,,no_data,False,False
428,2016,40.0,sunflower,,no_data,False,False
428,2017,40.0,sunflower,2.122,productivity_normalized,True,True
428,2018,36.0,soya,0.669,productivity_normalized,True,True
428,2019,40.0,sunflower,2.429,productivity_normalized,True,True
428,2020,16.0,maize,7.0,productivity_normalized,False,True
428,2021,40.0,sunflower,1.5723037,productivity_normalized,True,True
428,2022,43.0,wheat_spring,3.5535392999999997,productivity_normalized,True,True
428,2023,40.0,sunflower,2.4957865000000004,productivity_normalized,True,True
428,2024,43.0,wheat_spring,4.379558,productivity_normalized,True,True
428,2025,36.0,soya,1.4899010000000001,productivity_normalized,True,True
428,2026,36.0,soya,,no_data,False,False
428,2027,3.0,barley_spring,,no_data,False,False
428,2028,,,,no_data,False,False
428,2029,,,,no_data,False,False
429,2000,,,,no_data,False,False
429,2001,,,,no_data,False,False
429,2002,40.0,sunflower,,no_data,False,False
429,2003,40.0,sunflower,,no_data,False,False
429,2004,40.0,sunflower,,no_data,False,False
429,2005,40.0,sunflower,,no_data,False,False
429,2006,40.0,sunflower,,no_data,False,False
429,2007,40.0,sunflower,,no_data,False,False
429,2008,40.0,sunflower,,no_data,False,False
429,2009,40.0,sunflower,,no_data,False,False
429,2010,40.0,sunflower,,no_data,False,False
429,2011,40.0,sunflower,,no_data,False,False
429,2012,40.0,sunflower,,no_data,False,False
429,2013,40.0,sunflower,,no_data,False,False
429,2014,40.0,sunflower,,no_data,False,False
429,2015,40.0,sunflower,,no_data,False,False
429,2016,40.0,sunflower,,no_data,False,False
429,2017,40.0,sunflower,,no_data,False,False
429,2018,5.0,buckwheat,1.9,productivity_normalized,True,True
429,2019,40.0,sunflower,,no_data,False,False
429,2020,32.0,rye_winter,3.2079999999999997,productivity_normalized,True,True
429,2021,3.0,barley_spring,1.5118182,productivity_normalized,True,True
429,2022,40.0,sunflower,3.0915909,productivity_normalized,True,True
429,2023,43.0,wheat_spring,3.1136364,productivity_normalized,True,True
429,2024,40.0,sunflower,2.1590909,productivity_normalized,True,True
429,2025,3.0,barley_spring,4.7388636,productivity_normalized,True,True
429,2026,3.0,barley_spring,,no_data,False,False
429,2027,40.0,sunflower,,no_data,False,False
429,2028,,,,no_data,False,False
429,2029,,,,no_data,False,False
429,2030,,,,no_data,False,False
430,2000,,,,no_data,False,False
430,2001,,,,no_data,False,False
430,2002,,,,no_data,False,False
430,2003,,,,no_data,False,False
430,2004,,,,no_data,False,False
430,2005,,,,no_data,False,False
430,2006,,,,no_data,False,False
430,2007,,,,no_data,False,False
430,2008,,,,no_data,False,False
430,2009,,,,no_data,False,False
430,2010,,,,no_data,False,False
430,2011,,,,no_data,False,False
430,2012,,,,no_data,False,False
430,2013,,,,no_data,False,False
430,2014,,,,no_data,False,False
430,2015,,,,no_data,False,False
430,2016,,,,no_data,False,False
430,2017,,,,no_data,False,False
430,2018,,,,no_data,False,False
430,2019,,,,no_data,False,False
430,2020,43.0,wheat_spring,2.4,productivity_normalized,True,True
430,2021,44.0,wheat_winter,2.4086486000000003,productivity_normalized,True,True
430,2022,40.0,sunflower,,no_data,False,False
430,2023,,,,no_data,False,False
430,2024,,,,no_data,False,False
430,2025,,,,no_data,False,False
430,2026,,,,no_data,False,False
430,2027,,,,no_data,False,False
430,2028,,,,no_data,False,False
430,2029,,,,no_data,False,False
431,2000,,,,no_data,False,False
431,2001,,,,no_data,False,False
431,2002,,,,no_data,False,False
431,2003,,,,no_data,False,False
431,2004,,,,no_data,False,False
431,2005,,,,no_data,False,False
431,2006,,,,no_data,False,False
431,2007,,,,no_data,False,False
431,2008,,,,no_data,False,False
431,2009,,,,no_data,False,False
431,2010,,,,no_data,False,False
431,2011,,,,no_data,False,False
431,2012,,,,no_data,False,False
431,2013,,,,no_data,False,False
431,2014,,,,no_data,False,False
431,2015,,,,no_data,False,False
431,2016,,,,no_data,False,False
431,2017,,,,no_data,False,False
431,2018,,,,no_data,False,False
431,2019,,,,no_data,False,False
431,2020,9.0,fallow,,no_data,False,False
431,2021,44.0,wheat_winter,2.472,productivity_normalized,True,True
431,2022,,,1.5333333,productivity_normalized,True,True
431,2023,40.0,sunflower,2.6,productivity_normalized,True,True
431,2024,34.0,sainfoin,,no_data,False,False
431,2025,34.0,sainfoin,,no_data,False,False
431,2026,34.0,sainfoin,,no_data,False,False
431,2027,34.0,sainfoin,,no_data,False,False
431,2028,34.0,sainfoin,,no_data,False,False
431,2029,,,,no_data,False,False
431,2030,,,,no_data,False,False
432,2000,40.0,sunflower,,no_data,False,False
432,2001,40.0,sunflower,,no_data,False,False
432,2002,40.0,sunflower,,no_data,False,False
432,2003,40.0,sunflower,,no_data,False,False
432,2004,40.0,sunflower,,no_data,False,False
432,2005,40.0,sunflower,,no_data,False,False
432,2006,40.0,sunflower,,no_data,False,False
432,2007,40.0,sunflower,,no_data,False,False
432,2008,40.0,sunflower,,no_data,False,False
432,2009,40.0,sunflower,,no_data,False,False
432,2010,40.0,sunflower,,no_data,False,False
432,2011,40.0,sunflower,,no_data,False,False
432,2012,40.0,sunflower,,no_data,False,False
432,2013,40.0,sunflower,,no_data,False,False
432,2014,40.0,sunflower,,no_data,False,False
432,2015,40.0,sunflower,,no_data,False,False
432,2016,40.0,sunflower,,no_data,False,False
432,2017,40.0,sunflower,,no_data,False,False
432,2018,40.0,sunflower,,no_data,False,False
432,2019,40.0,sunflower,,no_data,False,False
432,2020,43.0,wheat_spring,,no_data,False,False
432,2021,43.0,wheat_spring,2.8518182,productivity_normalized,True,True
432,2022,43.0,wheat_spring,,no_data,False,False
432,2023,44.0,wheat_winter,0.9977273,productivity_normalized,True,True
432,2024,43.0,wheat_spring,3.8786364,productivity_normalized,True,True
432,2025,40.0,sunflower,2.9768182,productivity_normalized,True,True
432,2026,3.0,barley_spring,,no_data,False,False
432,2027,44.0,wheat_winter,,no_data,False,False
432,2028,,,,no_data,False,False
432,2029,,,,no_data,False,False
433,2000,,,,no_data,False,False
433,2001,,,,no_data,False,False
433,2002,,,,no_data,False,False
433,2003,,,,no_data,False,False
433,2004,,,,no_data,False,False
433,2005,,,,no_data,False,False
433,2006,,,,no_data,False,False
433,2007,,,,no_data,False,False
433,2008,,,,no_data,False,False
433,2009,,,,no_data,False,False
433,2010,,,,no_data,False,False
433,2011,,,,no_data,False,False
433,2012,,,,no_data,False,False
433,2013,,,,no_data,False,False
433,2014,,,,no_data,False,False
433,2015,,,,no_data,False,False
433,2016,,,,no_data,False,False
433,2017,,,,no_data,False,False
433,2018,,,,no_data,False,False
433,2019,,,,no_data,False,False
433,2020,44.0,wheat_winter,,no_data,False,False
433,2021,44.0,wheat_winter,3.65,productivity_normalized,True,True
433,2022,40.0,sunflower,,no_data,False,False
433,2023,,,,no_data,False,False
433,2024,,,,no_data,False,False
433,2025,,,,no_data,False,False
433,2026,,,,no_data,False,False
433,2027,,,,no_data,False,False
433,2028,,,,no_data,False,False
433,2029,,,,no_data,False,False
434,2000,,,,no_data,False,False
434,2001,,,,no_data,False,False
434,2002,,,,no_data,False,False
434,2003,,,,no_data,False,False
434,2004,,,,no_data,False,False
434,2005,,,,no_data,False,False
434,2006,,,,no_data,False,False
434,2007,,,,no_data,False,False
434,2008,,,,no_data,False,False
434,2009,,,,no_data,False,False
434,2010,,,,no_data,False,False
434,2011,,,,no_data,False,False
434,2012,,,,no_data,False,False
434,2013,,,,no_data,False,False
434,2014,,,,no_data,False,False
434,2015,,,,no_data,False,False
434,2016,,,,no_data,False,False
434,2017,,,,no_data,False,False
434,2018,,,,no_data,False,False
434,2019,,,,no_data,False,False
434,2020,3.0,barley_spring,,no_data,False,False
434,2021,43.0,wheat_spring,2.7960000000000003,productivity_normalized,True,True
434,2022,43.0,wheat_spring,,no_data,False,False
434,2023,,,,no_data,False,False
434,2024,,,,no_data,False,False
434,2025,,,,no_data,False,False
434,2026,,,,no_data,False,False
434,2027,,,,no_data,False,False
434,2028,,,,no_data,False,False
434,2029,,,,no_data,False,False
435,2000,,,,no_data,False,False
435,2001,,,,no_data,False,False
435,2002,40.0,sunflower,,no_data,False,False
435,2003,40.0,sunflower,,no_data,False,False
435,2004,40.0,sunflower,,no_data,False,False
435,2005,40.0,sunflower,,no_data,False,False
435,2006,40.0,sunflower,,no_data,False,False
435,2007,40.0,sunflower,,no_data,False,False
435,2008,40.0,sunflower,,no_data,False,False
435,2009,40.0,sunflower,,no_data,False,False
435,2010,40.0,sunflower,,no_data,False,False
435,2011,40.0,sunflower,,no_data,False,False
435,2012,40.0,sunflower,,no_data,False,False
435,2013,40.0,sunflower,,no_data,False,False
435,2014,40.0,sunflower,,no_data,False,False
435,2015,40.0,sunflower,,no_data,False,False
435,2016,40.0,sunflower,,no_data,False,False
435,2017,40.0,sunflower,,no_data,False,False
435,2018,40.0,sunflower,,no_data,False,False
435,2019,40.0,sunflower,,no_data,False,False
435,2020,40.0,sunflower,0.6,productivity_normalized,True,True
435,2021,43.0,wheat_spring,3.1944444,productivity_normalized,True,True
435,2022,43.0,wheat_spring,4.0846,productivity_normalized,True,True
435,2023,40.0,sunflower,1.916,productivity_normalized,True,True
435,2024,43.0,wheat_spring,3.0008485,productivity_normalized,True,True
435,2025,20.0,oil_seed_raps_spring,2.6112048000000003,productivity_normalized,True,True
435,2026,43.0,wheat_spring,,no_data,False,False
435,2027,24.0,pea,,no_data,False,False
435,2028,,,,no_data,False,False
435,2029,,,,no_data,False,False
436,2000,,,,no_data,False,False
436,2001,,,,no_data,False,False
436,2002,,,,no_data,False,False
436,2003,,,,no_data,False,False
436,2004,,,,no_data,False,False
436,2005,,,,no_data,False,False
436,2006,,,,no_data,False,False
436,2007,,,,no_data,False,False
436,2008,,,,no_data,False,False
436,2009,,,,no_data,False,False
436,2010,,,,no_data,False,False
436,2011,,,,no_data,False,False
436,2012,,,,no_data,False,False
436,2013,,,,no_data,False,False
436,2014,,,,no_data,False,False
436,2015,,,,no_data,False,False
436,2016,,,,no_data,False,False
436,2017,,,,no_data,False,False
436,2018,,,,no_data,False,False
436,2019,,,,no_data,False,False
436,2020,40.0,sunflower,0.8,productivity_normalized,True,True
436,2021,43.0,wheat_spring,3.022069,productivity_normalized,True,True
436,2022,40.0,sunflower,,no_data,False,False
436,2023,,,,no_data,False,False
436,2024,,,,no_data,False,False
436,2025,,,,no_data,False,False
436,2026,,,,no_data,False,False
436,2027,,,,no_data,False,False
436,2028,,,,no_data,False,False
436,2029,,,,no_data,False,False
437,2000,,,,no_data,False,False
437,2001,,,,no_data,False,False
437,2002,,,,no_data,False,False
437,2003,,,,no_data,False,False
437,2004,,,,no_data,False,False
437,2005,,,,no_data,False,False
437,2006,,,,no_data,False,False
437,2007,,,,no_data,False,False
437,2008,,,,no_data,False,False
437,2009,,,,no_data,False,False
437,2010,,,,no_data,False,False
437,2011,,,,no_data,False,False
437,2012,,,,no_data,False,False
437,2013,,,,no_data,False,False
437,2014,,,,no_data,False,False
437,2015,,,,no_data,False,False
437,2016,,,,no_data,False,False
437,2017,,,,no_data,False,False
437,2018,,,,no_data,False,False
437,2019,,,,no_data,False,False
437,2020,20.0,oil_seed_raps_spring,,no_data,False,False
437,2021,3.0,barley_spring,1.5114286,productivity_normalized,True,True
437,2022,44.0,wheat_winter,,no_data,False,False
437,2023,,,,no_data,False,False
437,2024,,,,no_data,False,False
437,2025,,,,no_data,False,False
437,2026,,,,no_data,False,False
437,2027,,,,no_data,False,False
437,2028,,,,no_data,False,False
437,2029,,,,no_data,False,False
438,2000,,,,no_data,False,False
438,2001,,,,no_data,False,False
438,2002,40.0,sunflower,,no_data,False,False
438,2003,40.0,sunflower,,no_data,False,False
438,2004,40.0,sunflower,,no_data,False,False
438,2005,40.0,sunflower,,no_data,False,False
438,2006,40.0,sunflower,,no_data,False,False
438,2007,40.0,sunflower,,no_data,False,False
438,2008,40.0,sunflower,,no_data,False,False
438,2009,40.0,sunflower,,no_data,False,False
438,2010,40.0,sunflower,,no_data,False,False
438,2011,40.0,sunflower,,no_data,False,False
438,2012,40.0,sunflower,,no_data,False,False
438,2013,40.0,sunflower,,no_data,False,False
438,2014,40.0,sunflower,,no_data,False,False
438,2015,40.0,sunflower,,no_data,False,False
438,2016,40.0,sunflower,,no_data,False,False
438,2017,40.0,sunflower,,no_data,False,False
438,2018,40.0,sunflower,,no_data,False,False
438,2019,40.0,sunflower,,no_data,False,False
438,2020,43.0,wheat_spring,,no_data,False,False
438,2021,40.0,sunflower,4.436875,productivity_normalized,True,True
438,2022,43.0,wheat_spring,4.4868749999999995,productivity_normalized,True,True
438,2023,43.0,wheat_spring,,no_data,False,False
438,2024,,,,no_data,False,False
438,2025,,,,no_data,False,False
438,2026,,,,no_data,False,False
438,2027,,,,no_data,False,False
438,2028,,,,no_data,False,False
438,2029,,,,no_data,False,False
439,2000,,,,no_data,False,False
439,2001,,,,no_data,False,False
439,2002,,,,no_data,False,False
439,2003,,,,no_data,False,False
439,2004,,,,no_data,False,False
439,2005,,,,no_data,False,False
439,2006,,,,no_data,False,False
439,2007,,,,no_data,False,False
439,2008,,,,no_data,False,False
439,2009,,,,no_data,False,False
439,2010,,,,no_data,False,False
439,2011,,,,no_data,False,False
439,2012,,,,no_data,False,False
439,2013,,,,no_data,False,False
439,2014,,,,no_data,False,False
439,2015,,,,no_data,False,False
439,2016,,,,no_data,False,False
439,2017,,,,no_data,False,False
439,2018,,,,no_data,False,False
439,2019,,,,no_data,False,False
439,2020,43.0,wheat_spring,,no_data,False,False
439,2021,40.0,sunflower,2.1288889,productivity_normalized,True,True
439,2022,43.0,wheat_spring,,no_data,False,False
439,2023,,,,no_data,False,False
439,2024,,,,no_data,False,False
439,2025,,,,no_data,False,False
439,2026,,,,no_data,False,False
439,2027,,,,no_data,False,False
439,2028,,,,no_data,False,False
439,2029,,,,no_data,False,False
440,2000,40.0,sunflower,,no_data,False,False
440,2001,40.0,sunflower,,no_data,False,False
440,2002,40.0,sunflower,,no_data,False,False
440,2003,40.0,sunflower,,no_data,False,False
440,2004,40.0,sunflower,,no_data,False,False
440,2005,40.0,sunflower,,no_data,False,False
440,2006,40.0,sunflower,,no_data,False,False
440,2007,40.0,sunflower,,no_data,False,False
440,2008,40.0,sunflower,,no_data,False,False
440,2009,40.0,sunflower,,no_data,False,False
440,2010,40.0,sunflower,,no_data,False,False
440,2011,40.0,sunflower,,no_data,False,False
440,2012,40.0,sunflower,,no_data,False,False
440,2013,40.0,sunflower,,no_data,False,False
440,2014,40.0,sunflower,,no_data,False,False
440,2015,40.0,sunflower,,no_data,False,False
440,2016,40.0,sunflower,,no_data,False,False
440,2017,40.0,sunflower,,no_data,False,False
440,2018,40.0,sunflower,,no_data,False,False
440,2019,40.0,sunflower,,no_data,False,False
440,2020,43.0,wheat_spring,,no_data,False,False
440,2021,40.0,sunflower,2.965814,productivity_normalized,True,True
440,2022,43.0,wheat_spring,3.4393548000000003,productivity_normalized,True,True
440,2023,40.0,sunflower,2.9054839,productivity_normalized,True,True
440,2024,43.0,wheat_spring,3.2905741999999996,productivity_normalized,True,True
440,2025,3.0,barley_spring,3.6193548,productivity_normalized,True,True
440,2026,40.0,sunflower,,no_data,False,False
440,2027,43.0,wheat_spring,,no_data,False,False
440,2028,,,,no_data,False,False
440,2029,,,,no_data,False,False
441,2000,,,,no_data,False,False
441,2001,,,,no_data,False,False
441,2002,,,,no_data,False,False
441,2003,,,,no_data,False,False
441,2004,,,,no_data,False,False
441,2005,,,,no_data,False,False
441,2006,,,,no_data,False,False
441,2007,,,,no_data,False,False
441,2008,,,,no_data,False,False
441,2009,,,,no_data,False,False
441,2010,,,,no_data,False,False
441,2011,,,,no_data,False,False
441,2012,,,,no_data,False,False
441,2013,,,,no_data,False,False
441,2014,,,,no_data,False,False
441,2015,,,,no_data,False,False
441,2016,,,,no_data,False,False
441,2017,,,,no_data,False,False
441,2018,,,,no_data,False,False
441,2019,,,,no_data,False,False
441,2020,40.0,sunflower,3.7,productivity_normalized,True,True
441,2021,43.0,wheat_spring,4.001818200000001,productivity_normalized,True,True
441,2022,43.0,wheat_spring,,no_data,False,False
441,2023,,,,no_data,False,False
441,2024,,,,no_data,False,False
441,2025,43.0,wheat_spring,3.9866667,productivity_normalized,True,True
441,2026,40.0,sunflower,,no_data,False,False
441,2027,,,,no_data,False,False
441,2028,,,,no_data,False,False
441,2029,,,,no_data,False,False
443,2000,,,,no_data,False,False
443,2001,,,,no_data,False,False
443,2002,,,,no_data,False,False
443,2003,,,,no_data,False,False
443,2004,,,,no_data,False,False
443,2005,,,,no_data,False,False
443,2006,,,,no_data,False,False
443,2007,,,,no_data,False,False
443,2008,,,,no_data,False,False
443,2009,,,,no_data,False,False
443,2010,,,,no_data,False,False
443,2011,,,,no_data,False,False
443,2012,,,,no_data,False,False
443,2013,,,,no_data,False,False
443,2014,,,,no_data,False,False
443,2015,,,,no_data,False,False
443,2016,,,,no_data,False,False
443,2017,,,,no_data,False,False
443,2018,,,,no_data,False,False
443,2019,,,,no_data,False,False
443,2020,43.0,wheat_spring,,no_data,False,False
443,2021,40.0,sunflower,2.4699999999999998,productivity_normalized,True,True
443,2022,43.0,wheat_spring,,no_data,False,False
443,2023,,,,no_data,False,False
443,2024,,,,no_data,False,False
443,2025,,,,no_data,False,False
443,2026,,,,no_data,False,False
443,2027,,,,no_data,False,False
443,2028,,,,no_data,False,False
443,2029,,,,no_data,False,False
444,2000,,,,no_data,False,False
444,2001,,,,no_data,False,False
444,2002,40.0,sunflower,,no_data,False,False
444,2003,40.0,sunflower,,no_data,False,False
444,2004,40.0,sunflower,,no_data,False,False
444,2005,40.0,sunflower,,no_data,False,False
444,2006,40.0,sunflower,,no_data,False,False
444,2007,40.0,sunflower,,no_data,False,False
444,2008,40.0,sunflower,,no_data,False,False
444,2009,40.0,sunflower,,no_data,False,False
444,2010,40.0,sunflower,,no_data,False,False
444,2011,40.0,sunflower,,no_data,False,False
444,2012,40.0,sunflower,,no_data,False,False
444,2013,40.0,sunflower,,no_data,False,False
444,2014,40.0,sunflower,,no_data,False,False
444,2015,40.0,sunflower,,no_data,False,False
444,2016,40.0,sunflower,,no_data,False,False
444,2017,40.0,sunflower,,no_data,False,False
444,2018,40.0,sunflower,,no_data,False,False
444,2019,40.0,sunflower,,no_data,False,False
444,2020,9.0,fallow,,no_data,False,False
444,2021,43.0,wheat_spring,3.5126316,productivity_normalized,True,True
444,2022,3.0,barley_spring,3.3315789000000002,productivity_normalized,True,True
444,2023,40.0,sunflower,2.8421053,productivity_normalized,True,True
444,2024,3.0,barley_spring,5.8066667,productivity_normalized,True,True
444,2025,43.0,wheat_spring,,no_data,False,False
444,2026,40.0,sunflower,,no_data,False,False
444,2027,43.0,wheat_spring,,no_data,False,False
444,2028,,,,no_data,False,False
444,2029,,,,no_data,False,False
444,2030,,,,no_data,False,False
445,2000,,,,no_data,False,False
445,2001,,,,no_data,False,False
445,2002,,,,no_data,False,False
445,2003,,,,no_data,False,False
445,2004,,,,no_data,False,False
445,2005,,,,no_data,False,False
445,2006,,,,no_data,False,False
445,2007,,,,no_data,False,False
445,2008,,,,no_data,False,False
445,2009,,,,no_data,False,False
445,2010,,,,no_data,False,False
445,2011,,,,no_data,False,False
445,2012,,,,no_data,False,False
445,2013,,,,no_data,False,False
445,2014,,,,no_data,False,False
445,2015,,,,no_data,False,False
445,2016,,,,no_data,False,False
445,2017,,,,no_data,False,False
445,2018,,,,no_data,False,False
445,2019,,,,no_data,False,False
445,2020,43.0,wheat_spring,,no_data,False,False
445,2021,43.0,wheat_spring,1.8866667,productivity_normalized,True,True
445,2022,43.0,wheat_spring,,no_data,False,False
445,2023,,,,no_data,False,False
445,2024,,,,no_data,False,False
445,2025,,,,no_data,False,False
445,2026,,,,no_data,False,False
445,2027,,,,no_data,False,False
445,2028,,,,no_data,False,False
445,2029,,,,no_data,False,False
446,2000,,,,no_data,False,False
446,2001,,,,no_data,False,False
446,2002,,,,no_data,False,False
446,2003,,,,no_data,False,False
446,2004,,,,no_data,False,False
446,2005,,,,no_data,False,False
446,2006,,,,no_data,False,False
446,2007,,,,no_data,False,False
446,2008,,,,no_data,False,False
446,2009,,,,no_data,False,False
446,2010,,,,no_data,False,False
446,2011,,,,no_data,False,False
446,2012,,,,no_data,False,False
446,2013,,,,no_data,False,False
446,2014,,,,no_data,False,False
446,2015,,,,no_data,False,False
446,2016,,,,no_data,False,False
446,2017,,,,no_data,False,False
446,2018,,,,no_data,False,False
446,2019,,,,no_data,False,False
446,2020,43.0,wheat_spring,,no_data,False,False
446,2021,43.0,wheat_spring,2.02,productivity_normalized,True,True
446,2022,43.0,wheat_spring,,no_data,False,False
446,2023,,,,no_data,False,False
446,2024,,,,no_data,False,False
446,2025,,,,no_data,False,False
446,2026,,,,no_data,False,False
446,2027,,,,no_data,False,False
446,2028,,,,no_data,False,False
446,2029,,,,no_data,False,False
447,2000,,,,no_data,False,False
447,2001,,,,no_data,False,False
447,2002,,,,no_data,False,False
447,2003,,,,no_data,False,False
447,2004,,,,no_data,False,False
447,2005,,,,no_data,False,False
447,2006,,,,no_data,False,False
447,2007,,,,no_data,False,False
447,2008,,,,no_data,False,False
447,2009,,,,no_data,False,False
447,2010,,,,no_data,False,False
447,2011,,,,no_data,False,False
447,2012,,,,no_data,False,False
447,2013,,,,no_data,False,False
447,2014,,,,no_data,False,False
447,2015,,,,no_data,False,False
447,2016,,,,no_data,False,False
447,2017,,,,no_data,False,False
447,2018,,,,no_data,False,False
447,2019,,,,no_data,False,False
447,2020,16.0,maize,,no_data,False,False
447,2021,43.0,wheat_spring,2.6466667,productivity_normalized,True,True
447,2022,,,,no_data,False,False
447,2023,,,,no_data,False,False
447,2024,,,,no_data,False,False
447,2025,,,,no_data,False,False
447,2026,,,,no_data,False,False
447,2027,,,,no_data,False,False
447,2028,,,,no_data,False,False
447,2029,,,,no_data,False,False
448,2000,,,,no_data,False,False
448,2001,,,,no_data,False,False
448,2002,,,,no_data,False,False
448,2003,,,,no_data,False,False
448,2004,,,,no_data,False,False
448,2005,,,,no_data,False,False
448,2006,,,,no_data,False,False
448,2007,,,,no_data,False,False
448,2008,,,,no_data,False,False
448,2009,,,,no_data,False,False
448,2010,,,,no_data,False,False
448,2011,,,,no_data,False,False
448,2012,,,,no_data,False,False
448,2013,,,,no_data,False,False
448,2014,,,,no_data,False,False
448,2015,,,,no_data,False,False
448,2016,,,,no_data,False,False
448,2017,,,,no_data,False,False
448,2018,,,,no_data,False,False
448,2019,,,,no_data,False,False
448,2020,45.0,nan,,no_data,False,False
448,2021,45.0,nan,1.8946154,productivity_normalized,True,True
448,2022,45.0,nan,,no_data,False,False
448,2023,45.0,nan,,no_data,False,False
448,2024,,,,no_data,False,False
448,2025,45.0,nan,,no_data,False,False
448,2026,,,,no_data,False,False
448,2027,,,,no_data,False,False
448,2028,,,,no_data,False,False
448,2029,,,,no_data,False,False
449,2000,,,,no_data,False,False
449,2001,,,,no_data,False,False
449,2002,,,,no_data,False,False
449,2003,,,,no_data,False,False
449,2004,,,,no_data,False,False
449,2005,,,,no_data,False,False
449,2006,,,,no_data,False,False
449,2007,,,,no_data,False,False
449,2008,,,,no_data,False,False
449,2009,,,,no_data,False,False
449,2010,,,,no_data,False,False
449,2011,,,,no_data,False,False
449,2012,,,,no_data,False,False
449,2013,,,,no_data,False,False
449,2014,,,,no_data,False,False
449,2015,,,,no_data,False,False
449,2016,,,,no_data,False,False
449,2017,,,,no_data,False,False
449,2018,,,,no_data,False,False
449,2019,,,,no_data,False,False
449,2020,45.0,nan,,no_data,False,False
449,2021,45.0,nan,,no_data,False,False
449,2022,45.0,nan,,no_data,False,False
449,2023,45.0,nan,,no_data,False,False
449,2024,,,,no_data,False,False
449,2025,45.0,nan,,no_data,False,False
449,2026,,,,no_data,False,False
449,2027,,,,no_data,False,False
449,2028,,,,no_data,False,False
449,2029,,,,no_data,False,False
451,2000,,,,no_data,False,False
451,2001,,,,no_data,False,False
451,2002,,,,no_data,False,False
451,2003,,,,no_data,False,False
451,2004,,,,no_data,False,False
451,2005,,,,no_data,False,False
451,2006,,,,no_data,False,False
451,2007,,,,no_data,False,False
451,2008,,,,no_data,False,False
451,2009,,,,no_data,False,False
451,2010,,,,no_data,False,False
451,2011,,,,no_data,False,False
451,2012,,,,no_data,False,False
451,2013,,,,no_data,False,False
451,2014,,,,no_data,False,False
451,2015,,,,no_data,False,False
451,2016,,,,no_data,False,False
451,2017,,,,no_data,False,False
451,2018,,,,no_data,False,False
451,2019,,,,no_data,False,False
451,2020,45.0,nan,,no_data,False,False
451,2021,45.0,nan,,no_data,False,False
451,2022,45.0,nan,,no_data,False,False
451,2023,45.0,nan,,no_data,False,False
451,2024,,,,no_data,False,False
451,2025,45.0,nan,,no_data,False,False
451,2026,,,,no_data,False,False
451,2027,,,,no_data,False,False
451,2028,,,,no_data,False,False
451,2029,,,,no_data,False,False
452,2000,,,,no_data,False,False
452,2001,,,,no_data,False,False
452,2002,,,,no_data,False,False
452,2003,,,,no_data,False,False
452,2004,,,,no_data,False,False
452,2005,,,,no_data,False,False
452,2006,,,,no_data,False,False
452,2007,,,,no_data,False,False
452,2008,,,,no_data,False,False
452,2009,,,,no_data,False,False
452,2010,,,,no_data,False,False
452,2011,,,,no_data,False,False
452,2012,,,,no_data,False,False
452,2013,,,,no_data,False,False
452,2014,,,,no_data,False,False
452,2015,,,,no_data,False,False
452,2016,,,,no_data,False,False
452,2017,,,,no_data,False,False
452,2018,,,,no_data,False,False
452,2019,,,,no_data,False,False
452,2020,45.0,nan,,no_data,False,False
452,2021,45.0,nan,,no_data,False,False
452,2022,45.0,nan,,no_data,False,False
452,2023,45.0,nan,,no_data,False,False
452,2024,,,,no_data,False,False
452,2025,45.0,nan,,no_data,False,False
452,2026,,,,no_data,False,False
452,2027,,,,no_data,False,False
452,2028,,,,no_data,False,False
452,2029,,,,no_data,False,False
453,2000,,,,no_data,False,False
453,2001,,,,no_data,False,False
453,2002,,,,no_data,False,False
453,2003,,,,no_data,False,False
453,2004,,,,no_data,False,False
453,2005,,,,no_data,False,False
453,2006,,,,no_data,False,False
453,2007,,,,no_data,False,False
453,2008,,,,no_data,False,False
453,2009,,,,no_data,False,False
453,2010,,,,no_data,False,False
453,2011,,,,no_data,False,False
453,2012,,,,no_data,False,False
453,2013,,,,no_data,False,False
453,2014,,,,no_data,False,False
453,2015,,,,no_data,False,False
453,2016,,,,no_data,False,False
453,2017,,,,no_data,False,False
453,2018,,,,no_data,False,False
453,2019,,,,no_data,False,False
453,2020,45.0,nan,,no_data,False,False
453,2021,45.0,nan,,no_data,False,False
453,2022,45.0,nan,,no_data,False,False
453,2023,45.0,nan,,no_data,False,False
453,2024,,,,no_data,False,False
453,2025,45.0,nan,,no_data,False,False
453,2026,,,,no_data,False,False
453,2027,,,,no_data,False,False
453,2028,,,,no_data,False,False
453,2029,,,,no_data,False,False
454,2000,,,,no_data,False,False
454,2001,,,,no_data,False,False
454,2002,,,,no_data,False,False
454,2003,,,,no_data,False,False
454,2004,,,,no_data,False,False
454,2005,,,,no_data,False,False
454,2006,,,,no_data,False,False
454,2007,,,,no_data,False,False
454,2008,,,,no_data,False,False
454,2009,,,,no_data,False,False
454,2010,,,,no_data,False,False
454,2011,,,,no_data,False,False
454,2012,,,,no_data,False,False
454,2013,,,,no_data,False,False
454,2014,,,,no_data,False,False
454,2015,,,,no_data,False,False
454,2016,,,,no_data,False,False
454,2017,,,,no_data,False,False
454,2018,,,,no_data,False,False
454,2019,,,,no_data,False,False
454,2020,45.0,nan,,no_data,False,False
454,2021,45.0,nan,,no_data,False,False
454,2022,45.0,nan,,no_data,False,False
454,2023,45.0,nan,,no_data,False,False
454,2024,,,,no_data,False,False
454,2025,45.0,nan,,no_data,False,False
454,2026,,,,no_data,False,False
454,2027,,,,no_data,False,False
454,2028,,,,no_data,False,False
454,2029,,,,no_data,False,False
455,2000,,,,no_data,False,False
455,2001,,,,no_data,False,False
455,2002,,,,no_data,False,False
455,2003,,,,no_data,False,False
455,2004,,,,no_data,False,False
455,2005,,,,no_data,False,False
455,2006,,,,no_data,False,False
455,2007,,,,no_data,False,False
455,2008,,,,no_data,False,False
455,2009,,,,no_data,False,False
455,2010,,,,no_data,False,False
455,2011,,,,no_data,False,False
455,2012,,,,no_data,False,False
455,2013,,,,no_data,False,False
455,2014,,,,no_data,False,False
455,2015,,,,no_data,False,False
455,2016,,,,no_data,False,False
455,2017,,,,no_data,False,False
455,2018,,,,no_data,False,False
455,2019,,,,no_data,False,False
455,2020,45.0,nan,,no_data,False,False
455,2021,45.0,nan,5.9735294,productivity_normalized,True,True
455,2022,45.0,nan,,no_data,False,False
455,2023,45.0,nan,,no_data,False,False
455,2024,45.0,nan,,no_data,False,False
455,2025,45.0,nan,,no_data,False,False
455,2026,,,,no_data,False,False
455,2027,,,,no_data,False,False
455,2028,,,,no_data,False,False
455,2029,,,,no_data,False,False
456,2000,,,,no_data,False,False
456,2001,,,,no_data,False,False
456,2002,,,,no_data,False,False
456,2003,,,,no_data,False,False
456,2004,,,,no_data,False,False
456,2005,,,,no_data,False,False
456,2006,,,,no_data,False,False
456,2007,,,,no_data,False,False
456,2008,,,,no_data,False,False
456,2009,,,,no_data,False,False
456,2010,,,,no_data,False,False
456,2011,,,,no_data,False,False
456,2012,,,,no_data,False,False
456,2013,,,,no_data,False,False
456,2014,,,,no_data,False,False
456,2015,,,,no_data,False,False
456,2016,,,,no_data,False,False
456,2017,,,,no_data,False,False
456,2018,,,,no_data,False,False
456,2019,,,,no_data,False,False
456,2020,45.0,nan,,no_data,False,False
456,2021,45.0,nan,1.7387097,productivity_normalized,True,True
456,2022,45.0,nan,,no_data,False,False
456,2023,45.0,nan,1.3370732,productivity_normalized,True,True
456,2024,46.0,nan,,no_data,False,False
456,2025,45.0,nan,,no_data,False,False
456,2026,,,,no_data,False,False
456,2027,,,,no_data,False,False
456,2028,,,,no_data,False,False
456,2029,,,,no_data,False,False
457,2000,,,,no_data,False,False
457,2001,,,,no_data,False,False
457,2002,,,,no_data,False,False
457,2003,,,,no_data,False,False
457,2004,,,,no_data,False,False
457,2005,,,,no_data,False,False
457,2006,,,,no_data,False,False
457,2007,,,,no_data,False,False
457,2008,,,,no_data,False,False
457,2009,,,,no_data,False,False
457,2010,,,,no_data,False,False
457,2011,,,,no_data,False,False
457,2012,,,,no_data,False,False
457,2013,,,,no_data,False,False
457,2014,,,,no_data,False,False
457,2015,,,,no_data,False,False
457,2016,,,,no_data,False,False
457,2017,,,,no_data,False,False
457,2018,,,,no_data,False,False
457,2019,,,,no_data,False,False
457,2020,45.0,nan,,no_data,False,False
457,2021,45.0,nan,1.295,productivity_normalized,True,True
457,2022,45.0,nan,,no_data,False,False
457,2023,40.0,sunflower,1.4166667,productivity_normalized,True,True
457,2024,43.0,wheat_spring,2.8333333,productivity_normalized,True,True
457,2025,43.0,wheat_spring,3.44,productivity_normalized,True,True
457,2026,43.0,wheat_spring,,no_data,False,False
457,2027,43.0,wheat_spring,,no_data,False,False
457,2028,,,,no_data,False,False
457,2029,,,,no_data,False,False
457,2030,,,,no_data,False,False
458,2000,,,,no_data,False,False
458,2001,,,,no_data,False,False
458,2002,,,,no_data,False,False
458,2003,,,,no_data,False,False
458,2004,,,,no_data,False,False
458,2005,,,,no_data,False,False
458,2006,,,,no_data,False,False
458,2007,,,,no_data,False,False
458,2008,,,,no_data,False,False
458,2009,,,,no_data,False,False
458,2010,,,,no_data,False,False
458,2011,,,,no_data,False,False
458,2012,,,,no_data,False,False
458,2013,,,,no_data,False,False
458,2014,,,,no_data,False,False
458,2015,,,,no_data,False,False
458,2016,,,,no_data,False,False
458,2017,,,,no_data,False,False
458,2018,,,,no_data,False,False
458,2019,,,,no_data,False,False
458,2020,45.0,nan,,no_data,False,False
458,2021,45.0,nan,2.1391228,productivity_normalized,True,True
458,2022,45.0,nan,,no_data,False,False
458,2023,45.0,nan,,no_data,False,False
458,2024,45.0,nan,,no_data,False,False
458,2025,45.0,nan,,no_data,False,False
458,2026,,,,no_data,False,False
458,2027,,,,no_data,False,False
458,2028,,,,no_data,False,False
458,2029,,,,no_data,False,False
459,2000,,,,no_data,False,False
459,2001,,,,no_data,False,False
459,2002,40.0,sunflower,,no_data,False,False
459,2003,40.0,sunflower,,no_data,False,False
459,2004,40.0,sunflower,,no_data,False,False
459,2005,40.0,sunflower,,no_data,False,False
459,2006,40.0,sunflower,,no_data,False,False
459,2007,40.0,sunflower,,no_data,False,False
459,2008,40.0,sunflower,,no_data,False,False
459,2009,40.0,sunflower,,no_data,False,False
459,2010,40.0,sunflower,,no_data,False,False
459,2011,40.0,sunflower,,no_data,False,False
459,2012,40.0,sunflower,,no_data,False,False
459,2013,40.0,sunflower,,no_data,False,False
459,2014,40.0,sunflower,,no_data,False,False
459,2015,40.0,sunflower,,no_data,False,False
459,2016,40.0,sunflower,,no_data,False,False
459,2017,40.0,sunflower,,no_data,False,False
459,2018,40.0,sunflower,,no_data,False,False
459,2019,40.0,sunflower,,no_data,False,False
459,2020,40.0,sunflower,,no_data,False,False
459,2021,9.0,fallow,,no_data,False,False
459,2022,9.0,fallow,,no_data,False,False
459,2023,45.0,nan,,no_data,False,False
459,2024,46.0,nan,,no_data,False,False
459,2025,46.0,nan,,no_data,False,False
459,2026,,,,no_data,False,False
459,2027,,,,no_data,False,False
459,2028,,,,no_data,False,False
459,2029,,,,no_data,False,False
460,2000,,,,no_data,False,False
460,2001,,,,no_data,False,False
460,2002,,,,no_data,False,False
460,2003,,,,no_data,False,False
460,2004,,,,no_data,False,False
460,2005,,,,no_data,False,False
460,2006,,,,no_data,False,False
460,2007,,,,no_data,False,False
460,2008,,,,no_data,False,False
460,2009,,,,no_data,False,False
460,2010,,,,no_data,False,False
460,2011,,,,no_data,False,False
460,2012,,,,no_data,False,False
460,2013,,,,no_data,False,False
460,2014,,,,no_data,False,False
460,2015,,,,no_data,False,False
460,2016,,,,no_data,False,False
460,2017,,,,no_data,False,False
460,2018,,,,no_data,False,False
460,2019,,,,no_data,False,False
460,2020,45.0,nan,,no_data,False,False
460,2021,45.0,nan,1.2569412,productivity_normalized,True,True
460,2022,45.0,nan,,no_data,False,False
460,2023,45.0,nan,,no_data,False,False
460,2024,,,,no_data,False,False
460,2025,45.0,nan,,no_data,False,False
460,2026,,,,no_data,False,False
460,2027,,,,no_data,False,False
460,2028,,,,no_data,False,False
460,2029,,,,no_data,False,False
461,2000,,,,no_data,False,False
461,2001,,,,no_data,False,False
461,2002,,,,no_data,False,False
461,2003,,,,no_data,False,False
461,2004,,,,no_data,False,False
461,2005,,,,no_data,False,False
461,2006,,,,no_data,False,False
461,2007,,,,no_data,False,False
461,2008,,,,no_data,False,False
461,2009,,,,no_data,False,False
461,2010,,,,no_data,False,False
461,2011,,,,no_data,False,False
461,2012,,,,no_data,False,False
461,2013,,,,no_data,False,False
461,2014,,,,no_data,False,False
461,2015,,,,no_data,False,False
461,2016,,,,no_data,False,False
461,2017,,,,no_data,False,False
461,2018,,,,no_data,False,False
461,2019,,,,no_data,False,False
461,2020,45.0,nan,,no_data,False,False
461,2021,45.0,nan,1.8042857,productivity_normalized,True,True
461,2022,45.0,nan,,no_data,False,False
461,2023,45.0,nan,1.8928571,productivity_normalized,True,True
461,2024,,,,no_data,False,False
461,2025,45.0,nan,,no_data,False,False
461,2026,,,,no_data,False,False
461,2027,,,,no_data,False,False
461,2028,,,,no_data,False,False
461,2029,,,,no_data,False,False
463,2000,,,,no_data,False,False
463,2001,,,,no_data,False,False
463,2002,,,,no_data,False,False
463,2003,,,,no_data,False,False
463,2004,,,,no_data,False,False
463,2005,,,,no_data,False,False
463,2006,,,,no_data,False,False
463,2007,,,,no_data,False,False
463,2008,,,,no_data,False,False
463,2009,,,,no_data,False,False
463,2010,,,,no_data,False,False
463,2011,,,,no_data,False,False
463,2012,,,,no_data,False,False
463,2013,,,,no_data,False,False
463,2014,,,,no_data,False,False
463,2015,,,,no_data,False,False
463,2016,,,,no_data,False,False
463,2017,,,,no_data,False,False
463,2018,,,,no_data,False,False
463,2019,,,,no_data,False,False
463,2020,45.0,nan,,no_data,False,False
463,2021,45.0,nan,4.334285700000001,productivity_normalized,True,True
463,2022,45.0,nan,,no_data,False,False
463,2023,45.0,nan,,no_data,False,False
463,2024,,,,no_data,False,False
463,2025,45.0,nan,,no_data,False,False
463,2026,,,,no_data,False,False
463,2027,,,,no_data,False,False
463,2028,,,,no_data,False,False
463,2029,,,,no_data,False,False
464,2000,,,,no_data,False,False
464,2001,,,,no_data,False,False
464,2002,,,,no_data,False,False
464,2003,,,,no_data,False,False
464,2004,,,,no_data,False,False
464,2005,,,,no_data,False,False
464,2006,,,,no_data,False,False
464,2007,,,,no_data,False,False
464,2008,,,,no_data,False,False
464,2009,,,,no_data,False,False
464,2010,,,,no_data,False,False
464,2011,,,,no_data,False,False
464,2012,,,,no_data,False,False
464,2013,,,,no_data,False,False
464,2014,,,,no_data,False,False
464,2015,,,,no_data,False,False
464,2016,,,,no_data,False,False
464,2017,,,,no_data,False,False
464,2018,,,,no_data,False,False
464,2019,,,,no_data,False,False
464,2020,45.0,nan,,no_data,False,False
464,2021,45.0,nan,1.4511110999999999,productivity_normalized,True,True
464,2022,45.0,nan,,no_data,False,False
464,2023,45.0,nan,0.7222222,productivity_normalized,True,True
464,2024,,,,no_data,False,False
464,2025,45.0,nan,,no_data,False,False
464,2026,,,,no_data,False,False
464,2027,,,,no_data,False,False
464,2028,,,,no_data,False,False
464,2029,,,,no_data,False,False
465,2000,,,,no_data,False,False
465,2001,,,,no_data,False,False
465,2002,,,,no_data,False,False
465,2003,,,,no_data,False,False
465,2004,,,,no_data,False,False
465,2005,,,,no_data,False,False
465,2006,,,,no_data,False,False
465,2007,,,,no_data,False,False
465,2008,,,,no_data,False,False
465,2009,,,,no_data,False,False
465,2010,,,,no_data,False,False
465,2011,,,,no_data,False,False
465,2012,,,,no_data,False,False
465,2013,,,,no_data,False,False
465,2014,,,,no_data,False,False
465,2015,,,,no_data,False,False
465,2016,,,,no_data,False,False
465,2017,,,,no_data,False,False
465,2018,,,,no_data,False,False
465,2019,,,,no_data,False,False
465,2020,45.0,nan,,no_data,False,False
465,2021,45.0,nan,4.528125,productivity_normalized,True,True
465,2022,45.0,nan,,no_data,False,False
465,2023,45.0,nan,,no_data,False,False
465,2024,45.0,nan,,no_data,False,False
465,2025,45.0,nan,,no_data,False,False
465,2026,,,,no_data,False,False
465,2027,,,,no_data,False,False
465,2028,,,,no_data,False,False
465,2029,,,,no_data,False,False
467,2000,,,,no_data,False,False
467,2001,,,,no_data,False,False
467,2002,,,,no_data,False,False
467,2003,,,,no_data,False,False
467,2004,,,,no_data,False,False
467,2005,,,,no_data,False,False
467,2006,,,,no_data,False,False
467,2007,,,,no_data,False,False
467,2008,,,,no_data,False,False
467,2009,,,,no_data,False,False
467,2010,,,,no_data,False,False
467,2011,,,,no_data,False,False
467,2012,,,,no_data,False,False
467,2013,,,,no_data,False,False
467,2014,,,,no_data,False,False
467,2015,,,,no_data,False,False
467,2016,,,,no_data,False,False
467,2017,,,,no_data,False,False
467,2018,,,,no_data,False,False
467,2019,,,,no_data,False,False
467,2020,45.0,nan,,no_data,False,False
467,2021,45.0,nan,2.8866667,productivity_normalized,True,True
467,2022,45.0,nan,,no_data,False,False
467,2023,45.0,nan,0.5880769,productivity_normalized,True,True
467,2024,45.0,nan,,no_data,False,False
467,2025,45.0,nan,,no_data,False,False
467,2026,,,,no_data,False,False
467,2027,,,,no_data,False,False
467,2028,,,,no_data,False,False
467,2029,,,,no_data,False,False
468,2000,,,,no_data,False,False
468,2001,,,,no_data,False,False
468,2002,,,,no_data,False,False
468,2003,,,,no_data,False,False
468,2004,,,,no_data,False,False
468,2005,,,,no_data,False,False
468,2006,,,,no_data,False,False
468,2007,,,,no_data,False,False
468,2008,,,,no_data,False,False
468,2009,,,,no_data,False,False
468,2010,,,,no_data,False,False
468,2011,,,,no_data,False,False
468,2012,,,,no_data,False,False
468,2013,,,,no_data,False,False
468,2014,,,,no_data,False,False
468,2015,,,,no_data,False,False
468,2016,,,,no_data,False,False
468,2017,,,,no_data,False,False
468,2018,,,,no_data,False,False
468,2019,,,,no_data,False,False
468,2020,45.0,nan,,no_data,False,False
468,2021,45.0,nan,2.6496552,productivity_normalized,True,True
468,2022,45.0,nan,4.6448276,productivity_normalized,True,True
468,2023,45.0,nan,,no_data,False,False
468,2024,,,,no_data,False,False
468,2025,45.0,nan,,no_data,False,False
468,2026,,,,no_data,False,False
468,2027,,,,no_data,False,False
468,2028,,,,no_data,False,False
468,2029,,,,no_data,False,False
469,2000,,,,no_data,False,False
469,2001,,,,no_data,False,False
469,2002,40.0,sunflower,,no_data,False,False
469,2003,40.0,sunflower,,no_data,False,False
469,2004,40.0,sunflower,,no_data,False,False
469,2005,40.0,sunflower,,no_data,False,False
469,2006,40.0,sunflower,,no_data,False,False
469,2007,40.0,sunflower,,no_data,False,False
469,2008,40.0,sunflower,,no_data,False,False
469,2009,40.0,sunflower,,no_data,False,False
469,2010,40.0,sunflower,,no_data,False,False
469,2011,40.0,sunflower,,no_data,False,False
469,2012,40.0,sunflower,,no_data,False,False
469,2013,40.0,sunflower,,no_data,False,False
469,2014,40.0,sunflower,,no_data,False,False
469,2015,40.0,sunflower,,no_data,False,False
469,2016,40.0,sunflower,,no_data,False,False
469,2017,40.0,sunflower,,no_data,False,False
469,2018,40.0,sunflower,,no_data,False,False
469,2019,40.0,sunflower,,no_data,False,False
469,2020,45.0,nan,,no_data,False,False
469,2021,45.0,nan,1.24,productivity_normalized,True,True
469,2022,3.0,barley_spring,3.0136842,productivity_normalized,True,True
469,2023,46.0,nan,,no_data,False,False
469,2024,46.0,nan,,no_data,False,False
469,2025,46.0,nan,,no_data,False,False
469,2026,46.0,nan,,no_data,False,False
469,2027,46.0,nan,,no_data,False,False
469,2028,,,,no_data,False,False
469,2029,,,,no_data,False,False
470,2000,,,,no_data,False,False
470,2001,,,,no_data,False,False
470,2002,,,,no_data,False,False
470,2003,,,,no_data,False,False
470,2004,,,,no_data,False,False
470,2005,,,,no_data,False,False
470,2006,,,,no_data,False,False
470,2007,,,,no_data,False,False
470,2008,,,,no_data,False,False
470,2009,,,,no_data,False,False
470,2010,,,,no_data,False,False
470,2011,,,,no_data,False,False
470,2012,,,,no_data,False,False
470,2013,,,,no_data,False,False
470,2014,,,,no_data,False,False
470,2015,,,,no_data,False,False
470,2016,,,,no_data,False,False
470,2017,,,,no_data,False,False
470,2018,,,,no_data,False,False
470,2019,,,,no_data,False,False
470,2020,45.0,nan,,no_data,False,False
470,2021,45.0,nan,3.1884444,productivity_normalized,True,True
470,2022,45.0,nan,,no_data,False,False
470,2023,45.0,nan,,no_data,False,False
470,2024,,,,no_data,False,False
470,2025,45.0,nan,,no_data,False,False
470,2026,,,,no_data,False,False
470,2027,,,,no_data,False,False
470,2028,,,,no_data,False,False
470,2029,,,,no_data,False,False
471,2000,,,,no_data,False,False
471,2001,,,,no_data,False,False
471,2002,,,,no_data,False,False
471,2003,,,,no_data,False,False
471,2004,,,,no_data,False,False
471,2005,,,,no_data,False,False
471,2006,,,,no_data,False,False
471,2007,,,,no_data,False,False
471,2008,,,,no_data,False,False
471,2009,,,,no_data,False,False
471,2010,,,,no_data,False,False
471,2011,,,,no_data,False,False
471,2012,,,,no_data,False,False
471,2013,,,,no_data,False,False
471,2014,,,,no_data,False,False
471,2015,,,,no_data,False,False
471,2016,,,,no_data,False,False
471,2017,,,,no_data,False,False
471,2018,,,,no_data,False,False
471,2019,,,,no_data,False,False
471,2020,45.0,nan,,no_data,False,False
471,2021,45.0,nan,3.0327273000000003,productivity_normalized,True,True
471,2022,45.0,nan,,no_data,False,False
471,2023,45.0,nan,1.2741666999999999,productivity_normalized,True,True
471,2024,45.0,nan,,no_data,False,False
471,2025,45.0,nan,,no_data,False,False
471,2026,,,,no_data,False,False
471,2027,,,,no_data,False,False
471,2028,,,,no_data,False,False
471,2029,,,,no_data,False,False
472,2000,,,,no_data,False,False
472,2001,,,,no_data,False,False
472,2002,,,,no_data,False,False
472,2003,,,,no_data,False,False
472,2004,,,,no_data,False,False
472,2005,,,,no_data,False,False
472,2006,,,,no_data,False,False
472,2007,,,,no_data,False,False
472,2008,,,,no_data,False,False
472,2009,,,,no_data,False,False
472,2010,,,,no_data,False,False
472,2011,,,,no_data,False,False
472,2012,,,,no_data,False,False
472,2013,,,,no_data,False,False
472,2014,,,,no_data,False,False
472,2015,,,,no_data,False,False
472,2016,,,,no_data,False,False
472,2017,,,,no_data,False,False
472,2018,,,,no_data,False,False
472,2019,,,,no_data,False,False
472,2020,,,,no_data,False,False
472,2021,45.0,nan,1.3179412,productivity_normalized,True,True
472,2022,45.0,nan,,no_data,False,False
472,2023,45.0,nan,,no_data,False,False
472,2024,45.0,nan,,no_data,False,False
472,2025,45.0,nan,,no_data,False,False
472,2026,,,,no_data,False,False
472,2027,,,,no_data,False,False
472,2028,,,,no_data,False,False
472,2029,,,,no_data,False,False
473,2000,,,,no_data,False,False
473,2001,,,,no_data,False,False
473,2002,,,,no_data,False,False
473,2003,,,,no_data,False,False
473,2004,,,,no_data,False,False
473,2005,,,,no_data,False,False
473,2006,,,,no_data,False,False
473,2007,,,,no_data,False,False
473,2008,,,,no_data,False,False
473,2009,,,,no_data,False,False
473,2010,,,,no_data,False,False
473,2011,,,,no_data,False,False
473,2012,,,,no_data,False,False
473,2013,,,,no_data,False,False
473,2014,,,,no_data,False,False
473,2015,,,,no_data,False,False
473,2016,,,,no_data,False,False
473,2017,,,,no_data,False,False
473,2018,,,,no_data,False,False
473,2019,,,,no_data,False,False
473,2020,45.0,nan,,no_data,False,False
473,2021,45.0,nan,,no_data,False,False
473,2022,45.0,nan,,no_data,False,False
473,2023,45.0,nan,,no_data,False,False
473,2024,45.0,nan,,no_data,False,False
473,2025,45.0,nan,,no_data,False,False
473,2026,,,,no_data,False,False
473,2027,,,,no_data,False,False
473,2028,,,,no_data,False,False
473,2029,,,,no_data,False,False
474,2000,,,,no_data,False,False
474,2001,,,,no_data,False,False
474,2002,,,,no_data,False,False
474,2003,,,,no_data,False,False
474,2004,,,,no_data,False,False
474,2005,,,,no_data,False,False
474,2006,,,,no_data,False,False
474,2007,,,,no_data,False,False
474,2008,,,,no_data,False,False
474,2009,,,,no_data,False,False
474,2010,,,,no_data,False,False
474,2011,,,,no_data,False,False
474,2012,,,,no_data,False,False
474,2013,,,,no_data,False,False
474,2014,,,,no_data,False,False
474,2015,,,,no_data,False,False
474,2016,,,,no_data,False,False
474,2017,,,,no_data,False,False
474,2018,,,,no_data,False,False
474,2019,,,,no_data,False,False
474,2020,45.0,nan,,no_data,False,False
474,2021,45.0,nan,2.5,productivity_normalized,False,True
474,2022,45.0,nan,,no_data,False,False
474,2023,45.0,nan,,no_data,False,False
474,2024,45.0,nan,,no_data,False,False
474,2025,45.0,nan,,no_data,False,False
474,2026,,,,no_data,False,False
474,2027,,,,no_data,False,False
474,2028,,,,no_data,False,False
474,2029,,,,no_data,False,False
475,2000,,,,no_data,False,False
475,2001,,,,no_data,False,False
475,2002,,,,no_data,False,False
475,2003,,,,no_data,False,False
475,2004,,,,no_data,False,False
475,2005,,,,no_data,False,False
475,2006,,,,no_data,False,False
475,2007,,,,no_data,False,False
475,2008,,,,no_data,False,False
475,2009,,,,no_data,False,False
475,2010,,,,no_data,False,False
475,2011,,,,no_data,False,False
475,2012,,,,no_data,False,False
475,2013,,,,no_data,False,False
475,2014,,,,no_data,False,False
475,2015,,,,no_data,False,False
475,2016,,,,no_data,False,False
475,2017,,,,no_data,False,False
475,2018,,,,no_data,False,False
475,2019,,,,no_data,False,False
475,2020,45.0,nan,,no_data,False,False
475,2021,45.0,nan,4.8013333000000005,productivity_normalized,True,True
475,2022,45.0,nan,,no_data,False,False
475,2023,45.0,nan,,no_data,False,False
475,2024,,,,no_data,False,False
475,2025,45.0,nan,,no_data,False,False
475,2026,,,,no_data,False,False
475,2027,,,,no_data,False,False
475,2028,,,,no_data,False,False
475,2029,,,,no_data,False,False
476,2000,,,,no_data,False,False
476,2001,,,,no_data,False,False
476,2002,,,,no_data,False,False
476,2003,,,,no_data,False,False
476,2004,,,,no_data,False,False
476,2005,,,,no_data,False,False
476,2006,,,,no_data,False,False
476,2007,,,,no_data,False,False
476,2008,,,,no_data,False,False
476,2009,,,,no_data,False,False
476,2010,,,,no_data,False,False
476,2011,,,,no_data,False,False
476,2012,,,,no_data,False,False
476,2013,,,,no_data,False,False
476,2014,,,,no_data,False,False
476,2015,,,,no_data,False,False
476,2016,,,,no_data,False,False
476,2017,,,,no_data,False,False
476,2018,,,,no_data,False,False
476,2019,,,,no_data,False,False
476,2020,45.0,nan,,no_data,False,False
476,2021,45.0,nan,,no_data,False,False
476,2022,45.0,nan,,no_data,False,False
476,2023,45.0,nan,,no_data,False,False
476,2024,,,,no_data,False,False
476,2025,45.0,nan,,no_data,False,False
476,2026,,,,no_data,False,False
476,2027,,,,no_data,False,False
476,2028,,,,no_data,False,False
476,2029,,,,no_data,False,False
477,2000,,,,no_data,False,False
477,2001,,,,no_data,False,False
477,2002,,,,no_data,False,False
477,2003,,,,no_data,False,False
477,2004,,,,no_data,False,False
477,2005,,,,no_data,False,False
477,2006,,,,no_data,False,False
477,2007,,,,no_data,False,False
477,2008,,,,no_data,False,False
477,2009,,,,no_data,False,False
477,2010,,,,no_data,False,False
477,2011,,,,no_data,False,False
477,2012,,,,no_data,False,False
477,2013,,,,no_data,False,False
477,2014,,,,no_data,False,False
477,2015,,,,no_data,False,False
477,2016,,,,no_data,False,False
477,2017,,,,no_data,False,False
477,2018,,,,no_data,False,False
477,2019,,,,no_data,False,False
477,2020,45.0,nan,,no_data,False,False
477,2021,45.0,nan,1.7879999999999998,productivity_normalized,True,True
477,2022,45.0,nan,,no_data,False,False
477,2023,45.0,nan,,no_data,False,False
477,2024,,,,no_data,False,False
477,2025,45.0,nan,,no_data,False,False
477,2026,,,,no_data,False,False
477,2027,,,,no_data,False,False
477,2028,,,,no_data,False,False
477,2029,,,,no_data,False,False
478,2000,,,,no_data,False,False
478,2001,,,,no_data,False,False
478,2002,,,,no_data,False,False
478,2003,,,,no_data,False,False
478,2004,,,,no_data,False,False
478,2005,,,,no_data,False,False
478,2006,,,,no_data,False,False
478,2007,,,,no_data,False,False
478,2008,,,,no_data,False,False
478,2009,,,,no_data,False,False
478,2010,,,,no_data,False,False
478,2011,,,,no_data,False,False
478,2012,,,,no_data,False,False
478,2013,,,,no_data,False,False
478,2014,,,,no_data,False,False
478,2015,,,,no_data,False,False
478,2016,,,,no_data,False,False
478,2017,,,,no_data,False,False
478,2018,,,,no_data,False,False
478,2019,,,,no_data,False,False
478,2020,45.0,nan,,no_data,False,False
478,2021,45.0,nan,,no_data,False,False
478,2022,45.0,nan,,no_data,False,False
478,2023,45.0,nan,,no_data,False,False
478,2024,45.0,nan,,no_data,False,False
478,2025,45.0,nan,,no_data,False,False
478,2026,,,,no_data,False,False
478,2027,,,,no_data,False,False
478,2028,,,,no_data,False,False
478,2029,,,,no_data,False,False
479,2000,,,,no_data,False,False
479,2001,,,,no_data,False,False
479,2002,,,,no_data,False,False
479,2003,,,,no_data,False,False
479,2004,,,,no_data,False,False
479,2005,,,,no_data,False,False
479,2006,,,,no_data,False,False
479,2007,,,,no_data,False,False
479,2008,,,,no_data,False,False
479,2009,,,,no_data,False,False
479,2010,,,,no_data,False,False
479,2011,,,,no_data,False,False
479,2012,,,,no_data,False,False
479,2013,,,,no_data,False,False
479,2014,,,,no_data,False,False
479,2015,,,,no_data,False,False
479,2016,,,,no_data,False,False
479,2017,,,,no_data,False,False
479,2018,,,,no_data,False,False
479,2019,,,,no_data,False,False
479,2020,45.0,nan,,no_data,False,False
479,2021,45.0,nan,,no_data,False,False
479,2022,45.0,nan,,no_data,False,False
479,2023,45.0,nan,4.4085714000000005,productivity_normalized,True,True
479,2024,45.0,nan,,no_data,False,False
479,2025,45.0,nan,,no_data,False,False
479,2026,,,,no_data,False,False
479,2027,,,,no_data,False,False
479,2028,,,,no_data,False,False
479,2029,,,,no_data,False,False
480,2000,,,,no_data,False,False
480,2001,,,,no_data,False,False
480,2002,,,,no_data,False,False
480,2003,,,,no_data,False,False
480,2004,,,,no_data,False,False
480,2005,,,,no_data,False,False
480,2006,,,,no_data,False,False
480,2007,,,,no_data,False,False
480,2008,,,,no_data,False,False
480,2009,,,,no_data,False,False
480,2010,,,,no_data,False,False
480,2011,,,,no_data,False,False
480,2012,,,,no_data,False,False
480,2013,,,,no_data,False,False
480,2014,,,,no_data,False,False
480,2015,,,,no_data,False,False
480,2016,,,,no_data,False,False
480,2017,,,,no_data,False,False
480,2018,,,,no_data,False,False
480,2019,,,,no_data,False,False
480,2020,45.0,nan,,no_data,False,False
480,2021,45.0,nan,1.0266667,productivity_normalized,True,True
480,2022,45.0,nan,,no_data,False,False
480,2023,45.0,nan,,no_data,False,False
480,2024,45.0,nan,,no_data,False,False
480,2025,45.0,nan,,no_data,False,False
480,2026,,,,no_data,False,False
480,2027,,,,no_data,False,False
480,2028,,,,no_data,False,False
480,2029,,,,no_data,False,False
481,2000,,,,no_data,False,False
481,2001,,,,no_data,False,False
481,2002,,,,no_data,False,False
481,2003,,,,no_data,False,False
481,2004,,,,no_data,False,False
481,2005,,,,no_data,False,False
481,2006,,,,no_data,False,False
481,2007,,,,no_data,False,False
481,2008,,,,no_data,False,False
481,2009,,,,no_data,False,False
481,2010,,,,no_data,False,False
481,2011,,,,no_data,False,False
481,2012,,,,no_data,False,False
481,2013,,,,no_data,False,False
481,2014,,,,no_data,False,False
481,2015,,,,no_data,False,False
481,2016,,,,no_data,False,False
481,2017,,,,no_data,False,False
481,2018,,,,no_data,False,False
481,2019,,,,no_data,False,False
481,2020,45.0,nan,,no_data,False,False
481,2021,45.0,nan,3.5430769,productivity_normalized,True,True
481,2022,45.0,nan,,no_data,False,False
481,2023,45.0,nan,,no_data,False,False
481,2024,45.0,nan,,no_data,False,False
481,2025,45.0,nan,,no_data,False,False
481,2026,,,,no_data,False,False
481,2027,,,,no_data,False,False
481,2028,,,,no_data,False,False
481,2029,,,,no_data,False,False
482,2000,,,,no_data,False,False
482,2001,,,,no_data,False,False
482,2002,,,,no_data,False,False
482,2003,,,,no_data,False,False
482,2004,,,,no_data,False,False
482,2005,,,,no_data,False,False
482,2006,,,,no_data,False,False
482,2007,,,,no_data,False,False
482,2008,,,,no_data,False,False
482,2009,,,,no_data,False,False
482,2010,,,,no_data,False,False
482,2011,,,,no_data,False,False
482,2012,,,,no_data,False,False
482,2013,,,,no_data,False,False
482,2014,,,,no_data,False,False
482,2015,,,,no_data,False,False
482,2016,,,,no_data,False,False
482,2017,,,,no_data,False,False
482,2018,,,,no_data,False,False
482,2019,,,,no_data,False,False
482,2020,45.0,nan,,no_data,False,False
482,2021,45.0,nan,4.6636364,productivity_normalized,True,True
482,2022,45.0,nan,,no_data,False,False
482,2023,45.0,nan,1.4048333,productivity_normalized,True,True
482,2024,45.0,nan,,no_data,False,False
482,2025,45.0,nan,,no_data,False,False
482,2026,,,,no_data,False,False
482,2027,,,,no_data,False,False
482,2028,,,,no_data,False,False
482,2029,,,,no_data,False,False
483,2000,,,,no_data,False,False
483,2001,,,,no_data,False,False
483,2002,,,,no_data,False,False
483,2003,,,,no_data,False,False
483,2004,,,,no_data,False,False
483,2005,,,,no_data,False,False
483,2006,,,,no_data,False,False
483,2007,,,,no_data,False,False
483,2008,,,,no_data,False,False
483,2009,,,,no_data,False,False
483,2010,,,,no_data,False,False
483,2011,,,,no_data,False,False
483,2012,,,,no_data,False,False
483,2013,,,,no_data,False,False
483,2014,,,,no_data,False,False
483,2015,,,,no_data,False,False
483,2016,,,,no_data,False,False
483,2017,,,,no_data,False,False
483,2018,,,,no_data,False,False
483,2019,,,,no_data,False,False
483,2020,45.0,nan,,no_data,False,False
483,2021,45.0,nan,3.3342857,productivity_normalized,True,True
483,2022,45.0,nan,,no_data,False,False
483,2023,45.0,nan,,no_data,False,False
483,2024,,,,no_data,False,False
483,2025,45.0,nan,,no_data,False,False
483,2026,,,,no_data,False,False
483,2027,,,,no_data,False,False
483,2028,,,,no_data,False,False
483,2029,,,,no_data,False,False
484,2000,,,,no_data,False,False
484,2001,,,,no_data,False,False
484,2002,,,,no_data,False,False
484,2003,,,,no_data,False,False
484,2004,,,,no_data,False,False
484,2005,,,,no_data,False,False
484,2006,,,,no_data,False,False
484,2007,,,,no_data,False,False
484,2008,,,,no_data,False,False
484,2009,,,,no_data,False,False
484,2010,,,,no_data,False,False
484,2011,,,,no_data,False,False
484,2012,,,,no_data,False,False
484,2013,,,,no_data,False,False
484,2014,,,,no_data,False,False
484,2015,,,,no_data,False,False
484,2016,,,,no_data,False,False
484,2017,,,,no_data,False,False
484,2018,,,,no_data,False,False
484,2019,,,,no_data,False,False
484,2020,20.0,oil_seed_raps_spring,,no_data,False,False
484,2021,45.0,nan,1.2895238,productivity_normalized,True,True
484,2022,45.0,nan,,no_data,False,False
484,2023,45.0,nan,,no_data,False,False
484,2024,,,,no_data,False,False
484,2025,45.0,nan,,no_data,False,False
484,2026,,,,no_data,False,False
484,2027,,,,no_data,False,False
484,2028,,,,no_data,False,False
484,2029,,,,no_data,False,False
485,2000,,,,no_data,False,False
485,2001,,,,no_data,False,False
485,2002,,,,no_data,False,False
485,2003,,,,no_data,False,False
485,2004,,,,no_data,False,False
485,2005,,,,no_data,False,False
485,2006,,,,no_data,False,False
485,2007,,,,no_data,False,False
485,2008,,,,no_data,False,False
485,2009,,,,no_data,False,False
485,2010,,,,no_data,False,False
485,2011,,,,no_data,False,False
485,2012,,,,no_data,False,False
485,2013,,,,no_data,False,False
485,2014,,,,no_data,False,False
485,2015,,,,no_data,False,False
485,2016,,,,no_data,False,False
485,2017,,,,no_data,False,False
485,2018,,,,no_data,False,False
485,2019,,,,no_data,False,False
485,2020,45.0,nan,,no_data,False,False
485,2021,45.0,nan,3.333333,productivity_normalized,False,True
485,2022,45.0,nan,,no_data,False,False
485,2023,45.0,nan,,no_data,False,False
485,2024,45.0,nan,,no_data,False,False
485,2025,45.0,nan,,no_data,False,False
485,2026,,,,no_data,False,False
485,2027,,,,no_data,False,False
485,2028,,,,no_data,False,False
485,2029,,,,no_data,False,False
486,2000,,,,no_data,False,False
486,2001,,,,no_data,False,False
486,2002,,,,no_data,False,False
486,2003,,,,no_data,False,False
486,2004,,,,no_data,False,False
486,2005,,,,no_data,False,False
486,2006,,,,no_data,False,False
486,2007,,,,no_data,False,False
486,2008,,,,no_data,False,False
486,2009,,,,no_data,False,False
486,2010,,,,no_data,False,False
486,2011,,,,no_data,False,False
486,2012,,,,no_data,False,False
486,2013,,,,no_data,False,False
486,2014,,,,no_data,False,False
486,2015,,,,no_data,False,False
486,2016,,,,no_data,False,False
486,2017,,,,no_data,False,False
486,2018,,,,no_data,False,False
486,2019,,,,no_data,False,False
486,2020,45.0,nan,,no_data,False,False
486,2021,45.0,nan,2.8973333,productivity_normalized,True,True
486,2022,45.0,nan,,no_data,False,False
486,2023,45.0,nan,,no_data,False,False
486,2024,45.0,nan,,no_data,False,False
486,2025,45.0,nan,,no_data,False,False
486,2026,,,,no_data,False,False
486,2027,,,,no_data,False,False
486,2028,,,,no_data,False,False
486,2029,,,,no_data,False,False
487,2000,,,,no_data,False,False
487,2001,,,,no_data,False,False
487,2002,,,,no_data,False,False
487,2003,,,,no_data,False,False
487,2004,,,,no_data,False,False
487,2005,,,,no_data,False,False
487,2006,,,,no_data,False,False
487,2007,,,,no_data,False,False
487,2008,,,,no_data,False,False
487,2009,,,,no_data,False,False
487,2010,,,,no_data,False,False
487,2011,,,,no_data,False,False
487,2012,,,,no_data,False,False
487,2013,,,,no_data,False,False
487,2014,,,,no_data,False,False
487,2015,,,,no_data,False,False
487,2016,,,,no_data,False,False
487,2017,,,,no_data,False,False
487,2018,,,,no_data,False,False
487,2019,,,,no_data,False,False
487,2020,45.0,nan,,no_data,False,False
487,2021,45.0,nan,2.4669231,productivity_normalized,True,True
487,2022,45.0,nan,,no_data,False,False
487,2023,45.0,nan,,no_data,False,False
487,2024,,,,no_data,False,False
487,2025,45.0,nan,,no_data,False,False
487,2026,,,,no_data,False,False
487,2027,,,,no_data,False,False
487,2028,,,,no_data,False,False
487,2029,,,,no_data,False,False
488,2000,,,,no_data,False,False
488,2001,,,,no_data,False,False
488,2002,,,,no_data,False,False
488,2003,,,,no_data,False,False
488,2004,,,,no_data,False,False
488,2005,,,,no_data,False,False
488,2006,,,,no_data,False,False
488,2007,,,,no_data,False,False
488,2008,,,,no_data,False,False
488,2009,,,,no_data,False,False
488,2010,,,,no_data,False,False
488,2011,,,,no_data,False,False
488,2012,,,,no_data,False,False
488,2013,,,,no_data,False,False
488,2014,,,,no_data,False,False
488,2015,,,,no_data,False,False
488,2016,,,,no_data,False,False
488,2017,,,,no_data,False,False
488,2018,,,,no_data,False,False
488,2019,,,,no_data,False,False
488,2020,45.0,nan,,no_data,False,False
488,2021,45.0,nan,1.002,productivity_normalized,True,True
488,2022,45.0,nan,,no_data,False,False
488,2023,45.0,nan,,no_data,False,False
488,2024,,,,no_data,False,False
488,2025,45.0,nan,,no_data,False,False
488,2026,,,,no_data,False,False
488,2027,,,,no_data,False,False
488,2028,,,,no_data,False,False
488,2029,,,,no_data,False,False
491,2000,,,,no_data,False,False
491,2001,,,,no_data,False,False
491,2002,,,,no_data,False,False
491,2003,,,,no_data,False,False
491,2004,,,,no_data,False,False
491,2005,,,,no_data,False,False
491,2006,,,,no_data,False,False
491,2007,,,,no_data,False,False
491,2008,,,,no_data,False,False
491,2009,,,,no_data,False,False
491,2010,,,,no_data,False,False
491,2011,,,,no_data,False,False
491,2012,,,,no_data,False,False
491,2013,,,,no_data,False,False
491,2014,,,,no_data,False,False
491,2015,,,,no_data,False,False
491,2016,,,,no_data,False,False
491,2017,,,,no_data,False,False
491,2018,,,,no_data,False,False
491,2019,,,,no_data,False,False
491,2020,45.0,nan,,no_data,False,False
491,2021,45.0,nan,2.1536364,productivity_normalized,True,True
491,2022,45.0,nan,,no_data,False,False
491,2023,45.0,nan,,no_data,False,False
491,2024,,,,no_data,False,False
491,2025,45.0,nan,,no_data,False,False
491,2026,,,,no_data,False,False
491,2027,,,,no_data,False,False
491,2028,,,,no_data,False,False
491,2029,,,,no_data,False,False
492,2000,,,,no_data,False,False
492,2001,,,,no_data,False,False
492,2002,,,,no_data,False,False
492,2003,,,,no_data,False,False
492,2004,,,,no_data,False,False
492,2005,,,,no_data,False,False
492,2006,,,,no_data,False,False
492,2007,,,,no_data,False,False
492,2008,,,,no_data,False,False
492,2009,,,,no_data,False,False
492,2010,,,,no_data,False,False
492,2011,,,,no_data,False,False
492,2012,,,,no_data,False,False
492,2013,,,,no_data,False,False
492,2014,,,,no_data,False,False
492,2015,,,,no_data,False,False
492,2016,,,,no_data,False,False
492,2017,,,,no_data,False,False
492,2018,,,,no_data,False,False
492,2019,,,,no_data,False,False
492,2020,45.0,nan,,no_data,False,False
492,2021,45.0,nan,,no_data,False,False
492,2022,45.0,nan,,no_data,False,False
492,2023,45.0,nan,,no_data,False,False
492,2024,,,,no_data,False,False
492,2025,45.0,nan,,no_data,False,False
492,2026,,,,no_data,False,False
492,2027,,,,no_data,False,False
492,2028,,,,no_data,False,False
492,2029,,,,no_data,False,False
493,2000,,,,no_data,False,False
493,2001,,,,no_data,False,False
493,2002,,,,no_data,False,False
493,2003,,,,no_data,False,False
493,2004,,,,no_data,False,False
493,2005,,,,no_data,False,False
493,2006,,,,no_data,False,False
493,2007,,,,no_data,False,False
493,2008,,,,no_data,False,False
493,2009,,,,no_data,False,False
493,2010,,,,no_data,False,False
493,2011,,,,no_data,False,False
493,2012,,,,no_data,False,False
493,2013,,,,no_data,False,False
493,2014,,,,no_data,False,False
493,2015,,,,no_data,False,False
493,2016,,,,no_data,False,False
493,2017,,,,no_data,False,False
493,2018,,,,no_data,False,False
493,2019,,,,no_data,False,False
493,2020,45.0,nan,,no_data,False,False
493,2021,45.0,nan,1.0550000000000002,productivity_normalized,True,True
493,2022,45.0,nan,,no_data,False,False
493,2023,45.0,nan,,no_data,False,False
493,2024,,,,no_data,False,False
493,2025,45.0,nan,,no_data,False,False
493,2026,,,,no_data,False,False
493,2027,,,,no_data,False,False
493,2028,,,,no_data,False,False
493,2029,,,,no_data,False,False
494,2000,,,,no_data,False,False
494,2001,,,,no_data,False,False
494,2002,,,,no_data,False,False
494,2003,,,,no_data,False,False
494,2004,,,,no_data,False,False
494,2005,,,,no_data,False,False
494,2006,,,,no_data,False,False
494,2007,,,,no_data,False,False
494,2008,,,,no_data,False,False
494,2009,,,,no_data,False,False
494,2010,,,,no_data,False,False
494,2011,,,,no_data,False,False
494,2012,,,,no_data,False,False
494,2013,,,,no_data,False,False
494,2014,,,,no_data,False,False
494,2015,,,,no_data,False,False
494,2016,,,,no_data,False,False
494,2017,,,,no_data,False,False
494,2018,,,,no_data,False,False
494,2019,,,,no_data,False,False
494,2020,45.0,nan,,no_data,False,False
494,2021,45.0,nan,1.7399999999999998,productivity_normalized,True,True
494,2022,45.0,nan,,no_data,False,False
494,2023,,,,no_data,False,False
494,2024,,,,no_data,False,False
494,2025,,,,no_data,False,False
494,2026,,,,no_data,False,False
494,2027,,,,no_data,False,False
494,2028,,,,no_data,False,False
494,2029,,,,no_data,False,False
505,2000,,,,no_data,False,False
505,2001,,,,no_data,False,False
505,2002,40.0,sunflower,,no_data,False,False
505,2003,40.0,sunflower,,no_data,False,False
505,2004,40.0,sunflower,,no_data,False,False
505,2005,40.0,sunflower,,no_data,False,False
505,2006,40.0,sunflower,,no_data,False,False
505,2007,40.0,sunflower,,no_data,False,False
505,2008,40.0,sunflower,,no_data,False,False
505,2009,40.0,sunflower,,no_data,False,False
505,2010,40.0,sunflower,,no_data,False,False
505,2011,40.0,sunflower,,no_data,False,False
505,2012,40.0,sunflower,,no_data,False,False
505,2013,40.0,sunflower,,no_data,False,False
505,2014,40.0,sunflower,,no_data,False,False
505,2015,40.0,sunflower,,no_data,False,False
505,2016,40.0,sunflower,,no_data,False,False
505,2017,40.0,sunflower,,no_data,False,False
505,2018,40.0,sunflower,,no_data,False,False
505,2019,40.0,sunflower,,no_data,False,False
505,2020,40.0,sunflower,,no_data,False,False
505,2021,44.0,wheat_winter,,no_data,False,False
505,2022,43.0,wheat_spring,3.4665217,productivity_normalized,True,True
505,2023,,,,no_data,False,False
505,2024,,,,no_data,False,False
505,2025,,,,no_data,False,False
505,2026,,,,no_data,False,False
505,2027,,,,no_data,False,False
505,2028,,,,no_data,False,False
505,2029,,,,no_data,False,False
506,2000,,,,no_data,False,False
506,2001,,,,no_data,False,False
506,2002,40.0,sunflower,,no_data,False,False
506,2003,40.0,sunflower,,no_data,False,False
506,2004,40.0,sunflower,,no_data,False,False
506,2005,40.0,sunflower,,no_data,False,False
506,2006,40.0,sunflower,,no_data,False,False
506,2007,40.0,sunflower,,no_data,False,False
506,2008,40.0,sunflower,,no_data,False,False
506,2009,40.0,sunflower,,no_data,False,False
506,2010,40.0,sunflower,,no_data,False,False
506,2011,40.0,sunflower,,no_data,False,False
506,2012,40.0,sunflower,,no_data,False,False
506,2013,40.0,sunflower,,no_data,False,False
506,2014,40.0,sunflower,,no_data,False,False
506,2015,40.0,sunflower,,no_data,False,False
506,2016,40.0,sunflower,,no_data,False,False
506,2017,40.0,sunflower,,no_data,False,False
506,2018,40.0,sunflower,,no_data,False,False
506,2019,40.0,sunflower,,no_data,False,False
506,2020,40.0,sunflower,,no_data,False,False
506,2021,44.0,wheat_winter,,no_data,False,False
506,2022,43.0,wheat_spring,2.916875,productivity_normalized,True,True
506,2023,,,,no_data,False,False
506,2024,,,,no_data,False,False
506,2025,,,,no_data,False,False
506,2026,,,,no_data,False,False
506,2027,,,,no_data,False,False
506,2028,,,,no_data,False,False
506,2029,,,,no_data,False,False
507,2000,,,,no_data,False,False
507,2001,,,,no_data,False,False
507,2002,,,,no_data,False,False
507,2003,,,,no_data,False,False
507,2004,,,,no_data,False,False
507,2005,,,,no_data,False,False
507,2006,,,,no_data,False,False
507,2007,,,,no_data,False,False
507,2008,,,,no_data,False,False
507,2009,,,,no_data,False,False
507,2010,,,,no_data,False,False
507,2011,,,,no_data,False,False
507,2012,,,,no_data,False,False
507,2013,,,,no_data,False,False
507,2014,,,,no_data,False,False
507,2015,,,,no_data,False,False
507,2016,,,,no_data,False,False
507,2017,,,,no_data,False,False
507,2018,,,,no_data,False,False
507,2019,,,,no_data,False,False
507,2020,,,,no_data,False,False
507,2021,,,,no_data,False,False
507,2022,45.0,nan,,no_data,False,False
507,2023,45.0,nan,,no_data,False,False
507,2024,,,,no_data,False,False
507,2025,45.0,nan,,no_data,False,False
507,2026,,,,no_data,False,False
507,2027,,,,no_data,False,False
507,2028,,,,no_data,False,False
507,2029,,,,no_data,False,False
508,2000,,,,no_data,False,False
508,2001,,,,no_data,False,False
508,2002,,,,no_data,False,False
508,2003,,,,no_data,False,False
508,2004,,,,no_data,False,False
508,2005,,,,no_data,False,False
508,2006,,,,no_data,False,False
508,2007,,,,no_data,False,False
508,2008,,,,no_data,False,False
508,2009,,,,no_data,False,False
508,2010,,,,no_data,False,False
508,2011,,,,no_data,False,False
508,2012,,,,no_data,False,False
508,2013,,,,no_data,False,False
508,2014,,,,no_data,False,False
508,2015,,,,no_data,False,False
508,2016,,,,no_data,False,False
508,2017,,,,no_data,False,False
508,2018,,,,no_data,False,False
508,2019,,,,no_data,False,False
508,2020,,,,no_data,False,False
508,2021,,,,no_data,False,False
508,2022,45.0,nan,,no_data,False,False
508,2023,45.0,nan,,no_data,False,False
508,2024,,,,no_data,False,False
508,2025,45.0,nan,,no_data,False,False
508,2026,,,,no_data,False,False
508,2027,,,,no_data,False,False
508,2028,,,,no_data,False,False
508,2029,,,,no_data,False,False
510,2000,,,,no_data,False,False
510,2001,,,,no_data,False,False
510,2002,40.0,sunflower,,no_data,False,False
510,2003,40.0,sunflower,,no_data,False,False
510,2004,40.0,sunflower,,no_data,False,False
510,2005,40.0,sunflower,,no_data,False,False
510,2006,40.0,sunflower,,no_data,False,False
510,2007,40.0,sunflower,,no_data,False,False
510,2008,40.0,sunflower,,no_data,False,False
510,2009,40.0,sunflower,,no_data,False,False
510,2010,40.0,sunflower,,no_data,False,False
510,2011,40.0,sunflower,,no_data,False,False
510,2012,40.0,sunflower,,no_data,False,False
510,2013,40.0,sunflower,,no_data,False,False
510,2014,40.0,sunflower,,no_data,False,False
510,2015,40.0,sunflower,,no_data,False,False
510,2016,40.0,sunflower,,no_data,False,False
510,2017,40.0,sunflower,,no_data,False,False
510,2018,40.0,sunflower,,no_data,False,False
510,2019,40.0,sunflower,,no_data,False,False
510,2020,40.0,sunflower,,no_data,False,False
510,2021,40.0,sunflower,,no_data,False,False
510,2022,43.0,wheat_spring,4.5433333,productivity_normalized,True,True
510,2023,3.0,barley_spring,2.3091667,productivity_normalized,True,True
510,2024,40.0,sunflower,,no_data,False,False
510,2025,,,,no_data,False,False
510,2026,,,,no_data,False,False
510,2027,,,,no_data,False,False
510,2028,,,,no_data,False,False
510,2029,,,,no_data,False,False
511,2000,,,,no_data,False,False
511,2001,,,,no_data,False,False
511,2002,,,,no_data,False,False
511,2003,,,,no_data,False,False
511,2004,,,,no_data,False,False
511,2005,,,,no_data,False,False
511,2006,,,,no_data,False,False
511,2007,,,,no_data,False,False
511,2008,,,,no_data,False,False
511,2009,,,,no_data,False,False
511,2010,,,,no_data,False,False
511,2011,,,,no_data,False,False
511,2012,,,,no_data,False,False
511,2013,,,,no_data,False,False
511,2014,,,,no_data,False,False
511,2015,,,,no_data,False,False
511,2016,,,,no_data,False,False
511,2017,,,,no_data,False,False
511,2018,,,,no_data,False,False
511,2019,,,,no_data,False,False
511,2020,,,,no_data,False,False
511,2021,,,,no_data,False,False
511,2022,29.0,potatoes,,no_data,False,False
511,2023,,,,no_data,False,False
511,2024,,,,no_data,False,False
511,2025,,,,no_data,False,False
511,2026,,,,no_data,False,False
511,2027,,,,no_data,False,False
511,2028,,,,no_data,False,False
511,2029,,,,no_data,False,False
512,2000,,,,no_data,False,False
512,2001,,,,no_data,False,False
512,2002,40.0,sunflower,,no_data,False,False
512,2003,40.0,sunflower,,no_data,False,False
512,2004,40.0,sunflower,,no_data,False,False
512,2005,40.0,sunflower,,no_data,False,False
512,2006,40.0,sunflower,,no_data,False,False
512,2007,40.0,sunflower,,no_data,False,False
512,2008,40.0,sunflower,,no_data,False,False
512,2009,40.0,sunflower,,no_data,False,False
512,2010,40.0,sunflower,,no_data,False,False
512,2011,40.0,sunflower,,no_data,False,False
512,2012,40.0,sunflower,,no_data,False,False
512,2013,40.0,sunflower,,no_data,False,False
512,2014,40.0,sunflower,,no_data,False,False
512,2015,40.0,sunflower,,no_data,False,False
512,2016,40.0,sunflower,,no_data,False,False
512,2017,40.0,sunflower,,no_data,False,False
512,2018,40.0,sunflower,,no_data,False,False
512,2019,40.0,sunflower,,no_data,False,False
512,2020,40.0,sunflower,,no_data,False,False
512,2021,40.0,sunflower,,no_data,False,False
512,2022,43.0,wheat_spring,1.7232222,productivity_normalized,True,True
512,2023,3.0,barley_spring,3.5200000000000005,productivity_normalized,True,True
512,2024,43.0,wheat_spring,3.6096923,productivity_normalized,True,True
512,2025,43.0,wheat_spring,3.7007692,productivity_normalized,True,True
512,2026,3.0,barley_spring,,no_data,False,False
512,2027,43.0,wheat_spring,,no_data,False,False
512,2028,,,,no_data,False,False
512,2029,,,,no_data,False,False
513,2000,,,,no_data,False,False
513,2001,,,,no_data,False,False
513,2002,40.0,sunflower,,no_data,False,False
513,2003,40.0,sunflower,,no_data,False,False
513,2004,40.0,sunflower,,no_data,False,False
513,2005,40.0,sunflower,,no_data,False,False
513,2006,40.0,sunflower,,no_data,False,False
513,2007,40.0,sunflower,,no_data,False,False
513,2008,40.0,sunflower,,no_data,False,False
513,2009,40.0,sunflower,,no_data,False,False
513,2010,40.0,sunflower,,no_data,False,False
513,2011,40.0,sunflower,,no_data,False,False
513,2012,40.0,sunflower,,no_data,False,False
513,2013,40.0,sunflower,,no_data,False,False
513,2014,40.0,sunflower,,no_data,False,False
513,2015,40.0,sunflower,,no_data,False,False
513,2016,40.0,sunflower,,no_data,False,False
513,2017,40.0,sunflower,,no_data,False,False
513,2018,40.0,sunflower,,no_data,False,False
513,2019,40.0,sunflower,,no_data,False,False
513,2020,40.0,sunflower,,no_data,False,False
513,2021,40.0,sunflower,,no_data,False,False
513,2022,,,,no_data,False,False
513,2023,43.0,wheat_spring,1.5013043,productivity_normalized,True,True
513,2024,24.0,pea,1.8699999999999999,productivity_normalized,True,True
513,2025,44.0,wheat_winter,4.506087,productivity_normalized,True,True
513,2026,40.0,sunflower,,no_data,False,False
513,2027,43.0,wheat_spring,,no_data,False,False
513,2028,,,,no_data,False,False
513,2029,,,,no_data,False,False
514,2000,,,,no_data,False,False
514,2001,,,,no_data,False,False
514,2002,,,,no_data,False,False
514,2003,,,,no_data,False,False
514,2004,,,,no_data,False,False
514,2005,,,,no_data,False,False
514,2006,,,,no_data,False,False
514,2007,,,,no_data,False,False
514,2008,,,,no_data,False,False
514,2009,,,,no_data,False,False
514,2010,,,,no_data,False,False
514,2011,,,,no_data,False,False
514,2012,,,,no_data,False,False
514,2013,,,,no_data,False,False
514,2014,,,,no_data,False,False
514,2015,,,,no_data,False,False
514,2016,,,,no_data,False,False
514,2017,,,,no_data,False,False
514,2018,,,,no_data,False,False
514,2019,,,,no_data,False,False
514,2020,,,,no_data,False,False
514,2021,,,,no_data,False,False
514,2022,,,,no_data,False,False
514,2023,44.0,wheat_winter,2.0454545,productivity_normalized,True,True
514,2024,40.0,sunflower,3.17,productivity_normalized,True,True
514,2025,63.0,nan,4.8363636,productivity_normalized,True,True
514,2026,40.0,sunflower,,no_data,False,False
514,2027,43.0,wheat_spring,,no_data,False,False
514,2028,,,,no_data,False,False
514,2029,,,,no_data,False,False
514,2030,,,,no_data,False,False
586,2000,,,,no_data,False,False
586,2001,,,,no_data,False,False
586,2002,,,,no_data,False,False
586,2003,,,,no_data,False,False
586,2004,,,,no_data,False,False
586,2005,,,,no_data,False,False
586,2006,,,,no_data,False,False
586,2007,,,,no_data,False,False
586,2008,,,,no_data,False,False
586,2009,,,,no_data,False,False
586,2010,,,,no_data,False,False
586,2011,,,,no_data,False,False
586,2012,,,,no_data,False,False
586,2013,,,,no_data,False,False
586,2014,,,,no_data,False,False
586,2015,,,,no_data,False,False
586,2016,,,,no_data,False,False
586,2017,,,,no_data,False,False
586,2018,,,,no_data,False,False
586,2019,,,,no_data,False,False
586,2020,,,,no_data,False,False
586,2021,,,,no_data,False,False
586,2022,45.0,nan,,no_data,False,False
586,2023,45.0,nan,,no_data,False,False
586,2024,,,,no_data,False,False
586,2025,45.0,nan,,no_data,False,False
586,2026,,,,no_data,False,False
586,2027,,,,no_data,False,False
586,2028,,,,no_data,False,False
586,2029,,,,no_data,False,False
587,2000,,,,no_data,False,False
587,2001,,,,no_data,False,False
587,2002,,,,no_data,False,False
587,2003,,,,no_data,False,False
587,2004,,,,no_data,False,False
587,2005,,,,no_data,False,False
587,2006,,,,no_data,False,False
587,2007,,,,no_data,False,False
587,2008,,,,no_data,False,False
587,2009,,,,no_data,False,False
587,2010,,,,no_data,False,False
587,2011,,,,no_data,False,False
587,2012,,,,no_data,False,False
587,2013,,,,no_data,False,False
587,2014,,,,no_data,False,False
587,2015,,,,no_data,False,False
587,2016,,,,no_data,False,False
587,2017,,,,no_data,False,False
587,2018,,,,no_data,False,False
587,2019,,,,no_data,False,False
587,2020,,,,no_data,False,False
587,2021,,,,no_data,False,False
587,2022,45.0,nan,,no_data,False,False
587,2023,45.0,nan,,no_data,False,False
587,2024,45.0,nan,,no_data,False,False
587,2025,45.0,nan,,no_data,False,False
587,2026,,,,no_data,False,False
587,2027,,,,no_data,False,False
587,2028,,,,no_data,False,False
587,2029,,,,no_data,False,False
588,2000,,,,no_data,False,False
588,2001,,,,no_data,False,False
588,2002,,,,no_data,False,False
588,2003,,,,no_data,False,False
588,2004,,,,no_data,False,False
588,2005,,,,no_data,False,False
588,2006,,,,no_data,False,False
588,2007,,,,no_data,False,False
588,2008,,,,no_data,False,False
588,2009,,,,no_data,False,False
588,2010,,,,no_data,False,False
588,2011,,,,no_data,False,False
588,2012,,,,no_data,False,False
588,2013,,,,no_data,False,False
588,2014,,,,no_data,False,False
588,2015,,,,no_data,False,False
588,2016,,,,no_data,False,False
588,2017,,,,no_data,False,False
588,2018,,,,no_data,False,False
588,2019,,,,no_data,False,False
588,2020,,,,no_data,False,False
588,2021,,,,no_data,False,False
588,2022,3.0,barley_spring,,no_data,False,False
588,2023,3.0,barley_spring,1.6065384999999999,productivity_normalized,True,True
588,2024,43.0,wheat_spring,,no_data,False,False
588,2025,,,,no_data,False,False
588,2026,,,,no_data,False,False
588,2027,,,,no_data,False,False
588,2028,,,,no_data,False,False
588,2029,,,,no_data,False,False
589,2000,,,,no_data,False,False
589,2001,,,,no_data,False,False
589,2002,,,,no_data,False,False
589,2003,,,,no_data,False,False
589,2004,,,,no_data,False,False
589,2005,,,,no_data,False,False
589,2006,,,,no_data,False,False
589,2007,,,,no_data,False,False
589,2008,,,,no_data,False,False
589,2009,,,,no_data,False,False
589,2010,,,,no_data,False,False
589,2011,,,,no_data,False,False
589,2012,,,,no_data,False,False
589,2013,,,,no_data,False,False
589,2014,,,,no_data,False,False
589,2015,,,,no_data,False,False
589,2016,,,,no_data,False,False
589,2017,,,,no_data,False,False
589,2018,,,,no_data,False,False
589,2019,,,,no_data,False,False
589,2020,,,,no_data,False,False
589,2021,,,,no_data,False,False
589,2022,45.0,nan,,no_data,False,False
589,2023,45.0,nan,,no_data,False,False
589,2024,45.0,nan,,no_data,False,False
589,2025,45.0,nan,,no_data,False,False
589,2026,,,,no_data,False,False
589,2027,,,,no_data,False,False
589,2028,,,,no_data,False,False
589,2029,,,,no_data,False,False
597,2000,,,,no_data,False,False
597,2001,,,,no_data,False,False
597,2002,,,,no_data,False,False
597,2003,,,,no_data,False,False
597,2004,,,,no_data,False,False
597,2005,,,,no_data,False,False
597,2006,,,,no_data,False,False
597,2007,,,,no_data,False,False
597,2008,,,,no_data,False,False
597,2009,,,,no_data,False,False
597,2010,,,,no_data,False,False
597,2011,,,,no_data,False,False
597,2012,,,,no_data,False,False
597,2013,,,,no_data,False,False
597,2014,,,,no_data,False,False
597,2015,,,,no_data,False,False
597,2016,,,,no_data,False,False
597,2017,,,,no_data,False,False
597,2018,,,,no_data,False,False
597,2019,,,,no_data,False,False
597,2020,,,,no_data,False,False
597,2021,,,,no_data,False,False
597,2022,45.0,nan,,no_data,False,False
597,2023,45.0,nan,,no_data,False,False
597,2024,,,,no_data,False,False
597,2025,45.0,nan,,no_data,False,False
597,2026,,,,no_data,False,False
597,2027,,,,no_data,False,False
597,2028,,,,no_data,False,False
597,2029,,,,no_data,False,False
598,2000,,,,no_data,False,False
598,2001,,,,no_data,False,False
598,2002,,,,no_data,False,False
598,2003,,,,no_data,False,False
598,2004,,,,no_data,False,False
598,2005,,,,no_data,False,False
598,2006,,,,no_data,False,False
598,2007,,,,no_data,False,False
598,2008,,,,no_data,False,False
598,2009,,,,no_data,False,False
598,2010,,,,no_data,False,False
598,2011,,,,no_data,False,False
598,2012,,,,no_data,False,False
598,2013,,,,no_data,False,False
598,2014,,,,no_data,False,False
598,2015,,,,no_data,False,False
598,2016,,,,no_data,False,False
598,2017,,,,no_data,False,False
598,2018,,,,no_data,False,False
598,2019,,,,no_data,False,False
598,2020,,,,no_data,False,False
598,2021,,,,no_data,False,False
598,2022,45.0,nan,,no_data,False,False
598,2023,45.0,nan,,no_data,False,False
598,2024,,,,no_data,False,False
598,2025,45.0,nan,,no_data,False,False
598,2026,,,,no_data,False,False
598,2027,,,,no_data,False,False
598,2028,,,,no_data,False,False
598,2029,,,,no_data,False,False
599,2000,,,,no_data,False,False
599,2001,,,,no_data,False,False
599,2002,,,,no_data,False,False
599,2003,,,,no_data,False,False
599,2004,,,,no_data,False,False
599,2005,,,,no_data,False,False
599,2006,,,,no_data,False,False
599,2007,,,,no_data,False,False
599,2008,,,,no_data,False,False
599,2009,,,,no_data,False,False
599,2010,,,,no_data,False,False
599,2011,,,,no_data,False,False
599,2012,,,,no_data,False,False
599,2013,,,,no_data,False,False
599,2014,,,,no_data,False,False
599,2015,,,,no_data,False,False
599,2016,,,,no_data,False,False
599,2017,,,,no_data,False,False
599,2018,,,,no_data,False,False
599,2019,,,,no_data,False,False
599,2020,,,,no_data,False,False
599,2021,,,,no_data,False,False
599,2022,45.0,nan,,no_data,False,False
599,2023,45.0,nan,1.1863889,productivity_normalized,True,True
599,2024,45.0,nan,,no_data,False,False
599,2025,45.0,nan,,no_data,False,False
599,2026,,,,no_data,False,False
599,2027,,,,no_data,False,False
599,2028,,,,no_data,False,False
599,2029,,,,no_data,False,False
601,2000,,,,no_data,False,False
601,2001,,,,no_data,False,False
601,2002,,,,no_data,False,False
601,2003,,,,no_data,False,False
601,2004,,,,no_data,False,False
601,2005,,,,no_data,False,False
601,2006,,,,no_data,False,False
601,2007,,,,no_data,False,False
601,2008,,,,no_data,False,False
601,2009,,,,no_data,False,False
601,2010,,,,no_data,False,False
601,2011,,,,no_data,False,False
601,2012,,,,no_data,False,False
601,2013,,,,no_data,False,False
601,2014,,,,no_data,False,False
601,2015,,,,no_data,False,False
601,2016,,,,no_data,False,False
601,2017,,,,no_data,False,False
601,2018,,,,no_data,False,False
601,2019,,,,no_data,False,False
601,2020,,,,no_data,False,False
601,2021,,,,no_data,False,False
601,2022,45.0,nan,,no_data,False,False
601,2023,45.0,nan,,no_data,False,False
601,2024,45.0,nan,,no_data,False,False
601,2025,45.0,nan,,no_data,False,False
601,2026,,,,no_data,False,False
601,2027,,,,no_data,False,False
601,2028,,,,no_data,False,False
601,2029,,,,no_data,False,False
602,2000,,,,no_data,False,False
602,2001,,,,no_data,False,False
602,2002,,,,no_data,False,False
602,2003,,,,no_data,False,False
602,2004,,,,no_data,False,False
602,2005,,,,no_data,False,False
602,2006,,,,no_data,False,False
602,2007,,,,no_data,False,False
602,2008,,,,no_data,False,False
602,2009,,,,no_data,False,False
602,2010,,,,no_data,False,False
602,2011,,,,no_data,False,False
602,2012,,,,no_data,False,False
602,2013,,,,no_data,False,False
602,2014,,,,no_data,False,False
602,2015,,,,no_data,False,False
602,2016,,,,no_data,False,False
602,2017,,,,no_data,False,False
602,2018,,,,no_data,False,False
602,2019,,,,no_data,False,False
602,2020,,,,no_data,False,False
602,2021,,,,no_data,False,False
602,2022,45.0,nan,,no_data,False,False
602,2023,45.0,nan,0.64,productivity_normalized,True,True
602,2024,45.0,nan,,no_data,False,False
602,2025,45.0,nan,,no_data,False,False
602,2026,,,,no_data,False,False
602,2027,,,,no_data,False,False
602,2028,,,,no_data,False,False
602,2029,,,,no_data,False,False
604,2000,,,,no_data,False,False
604,2001,,,,no_data,False,False
604,2002,,,,no_data,False,False
604,2003,,,,no_data,False,False
604,2004,,,,no_data,False,False
604,2005,,,,no_data,False,False
604,2006,,,,no_data,False,False
604,2007,,,,no_data,False,False
604,2008,,,,no_data,False,False
604,2009,,,,no_data,False,False
604,2010,,,,no_data,False,False
604,2011,,,,no_data,False,False
604,2012,,,,no_data,False,False
604,2013,,,,no_data,False,False
604,2014,,,,no_data,False,False
604,2015,,,,no_data,False,False
604,2016,,,,no_data,False,False
604,2017,,,,no_data,False,False
604,2018,,,,no_data,False,False
604,2019,,,,no_data,False,False
604,2020,,,,no_data,False,False
604,2021,,,,no_data,False,False
604,2022,,,,no_data,False,False
604,2023,43.0,wheat_spring,2.1067846,productivity_normalized,True,True
604,2024,40.0,sunflower,,no_data,False,False
604,2025,,,,no_data,False,False
604,2026,,,,no_data,False,False
604,2027,,,,no_data,False,False
604,2028,,,,no_data,False,False
604,2029,,,,no_data,False,False
611,2000,,,,no_data,False,False
611,2001,,,,no_data,False,False
611,2002,,,,no_data,False,False
611,2003,,,,no_data,False,False
611,2004,,,,no_data,False,False
611,2005,,,,no_data,False,False
611,2006,,,,no_data,False,False
611,2007,,,,no_data,False,False
611,2008,,,,no_data,False,False
611,2009,,,,no_data,False,False
611,2010,,,,no_data,False,False
611,2011,,,,no_data,False,False
611,2012,,,,no_data,False,False
611,2013,,,,no_data,False,False
611,2014,,,,no_data,False,False
611,2015,,,,no_data,False,False
611,2016,,,,no_data,False,False
611,2017,,,,no_data,False,False
611,2018,,,,no_data,False,False
611,2019,,,,no_data,False,False
611,2020,,,,no_data,False,False
611,2021,,,,no_data,False,False
611,2022,,,,no_data,False,False
611,2023,54.0,nan,,no_data,False,False
611,2024,9.0,fallow,,no_data,False,False
611,2025,,,,no_data,False,False
611,2026,,,,no_data,False,False
611,2027,,,,no_data,False,False
611,2028,,,,no_data,False,False
611,2029,,,,no_data,False,False
611,2030,,,,no_data,False,False
612,2000,,,,no_data,False,False
612,2001,,,,no_data,False,False
612,2002,,,,no_data,False,False
612,2003,,,,no_data,False,False
612,2004,,,,no_data,False,False
612,2005,,,,no_data,False,False
612,2006,,,,no_data,False,False
612,2007,,,,no_data,False,False
612,2008,,,,no_data,False,False
612,2009,,,,no_data,False,False
612,2010,,,,no_data,False,False
612,2011,,,,no_data,False,False
612,2012,,,,no_data,False,False
612,2013,,,,no_data,False,False
612,2014,,,,no_data,False,False
612,2015,,,,no_data,False,False
612,2016,,,,no_data,False,False
612,2017,,,,no_data,False,False
612,2018,,,,no_data,False,False
612,2019,,,,no_data,False,False
612,2020,,,,no_data,False,False
612,2021,,,,no_data,False,False
612,2022,,,,no_data,False,False
612,2023,54.0,nan,2.363636,productivity_normalized,False,True
612,2024,9.0,fallow,,no_data,False,False
612,2025,,,,no_data,False,False
612,2026,,,,no_data,False,False
612,2027,,,,no_data,False,False
612,2028,,,,no_data,False,False
612,2029,,,,no_data,False,False
612,2030,,,,no_data,False,False
616,2000,,,,no_data,False,False
616,2001,,,,no_data,False,False
616,2002,,,,no_data,False,False
616,2003,,,,no_data,False,False
616,2004,,,,no_data,False,False
616,2005,,,,no_data,False,False
616,2006,,,,no_data,False,False
616,2007,,,,no_data,False,False
616,2008,,,,no_data,False,False
616,2009,,,,no_data,False,False
616,2010,,,,no_data,False,False
616,2011,,,,no_data,False,False
616,2012,,,,no_data,False,False
616,2013,,,,no_data,False,False
616,2014,,,,no_data,False,False
616,2015,,,,no_data,False,False
616,2016,,,,no_data,False,False
616,2017,,,,no_data,False,False
616,2018,,,,no_data,False,False
616,2019,,,,no_data,False,False
616,2020,,,,no_data,False,False
616,2021,,,,no_data,False,False
616,2022,,,,no_data,False,False
616,2023,54.0,nan,0.257268,productivity_normalized,False,True
616,2024,9.0,fallow,,no_data,False,False
616,2025,,,,no_data,False,False
616,2026,,,,no_data,False,False
616,2027,,,,no_data,False,False
616,2028,,,,no_data,False,False
616,2029,,,,no_data,False,False
616,2030,,,,no_data,False,False
623,2000,,,,no_data,False,False
623,2001,,,,no_data,False,False
623,2002,,,,no_data,False,False
623,2003,,,,no_data,False,False
623,2004,,,,no_data,False,False
623,2005,,,,no_data,False,False
623,2006,,,,no_data,False,False
623,2007,,,,no_data,False,False
623,2008,,,,no_data,False,False
623,2009,,,,no_data,False,False
623,2010,,,,no_data,False,False
623,2011,,,,no_data,False,False
623,2012,,,,no_data,False,False
623,2013,,,,no_data,False,False
623,2014,,,,no_data,False,False
623,2015,,,,no_data,False,False
623,2016,,,,no_data,False,False
623,2017,,,,no_data,False,False
623,2018,,,,no_data,False,False
623,2019,,,,no_data,False,False
623,2020,,,,no_data,False,False
623,2021,,,,no_data,False,False
623,2022,,,,no_data,False,False
623,2023,,,,no_data,False,False
623,2024,38.0,sugar_beet,,no_data,False,False
623,2025,,,,no_data,False,False
623,2026,,,,no_data,False,False
623,2027,,,,no_data,False,False
623,2028,,,,no_data,False,False
623,2029,,,,no_data,False,False
624,2000,,,,no_data,False,False
624,2001,,,,no_data,False,False
624,2002,,,,no_data,False,False
624,2003,,,,no_data,False,False
624,2004,,,,no_data,False,False
624,2005,,,,no_data,False,False
624,2006,,,,no_data,False,False
624,2007,,,,no_data,False,False
624,2008,,,,no_data,False,False
624,2009,,,,no_data,False,False
624,2010,,,,no_data,False,False
624,2011,,,,no_data,False,False
624,2012,,,,no_data,False,False
624,2013,,,,no_data,False,False
624,2014,,,,no_data,False,False
624,2015,,,,no_data,False,False
624,2016,,,,no_data,False,False
624,2017,,,,no_data,False,False
624,2018,,,,no_data,False,False
624,2019,,,,no_data,False,False
624,2020,,,,no_data,False,False
624,2021,,,,no_data,False,False
624,2022,,,,no_data,False,False
624,2023,,,,no_data,False,False
624,2024,38.0,sugar_beet,,no_data,False,False
624,2025,,,,no_data,False,False
624,2026,,,,no_data,False,False
624,2027,,,,no_data,False,False
624,2028,,,,no_data,False,False
624,2029,,,,no_data,False,False
626,2000,,,,no_data,False,False
626,2001,,,,no_data,False,False
626,2002,,,,no_data,False,False
626,2003,,,,no_data,False,False
626,2004,,,,no_data,False,False
626,2005,,,,no_data,False,False
626,2006,,,,no_data,False,False
626,2007,,,,no_data,False,False
626,2008,,,,no_data,False,False
626,2009,,,,no_data,False,False
626,2010,,,,no_data,False,False
626,2011,,,,no_data,False,False
626,2012,,,,no_data,False,False
626,2013,,,,no_data,False,False
626,2014,,,,no_data,False,False
626,2015,,,,no_data,False,False
626,2016,,,,no_data,False,False
626,2017,,,,no_data,False,False
626,2018,,,,no_data,False,False
626,2019,,,,no_data,False,False
626,2020,,,,no_data,False,False
626,2021,,,,no_data,False,False
626,2022,,,,no_data,False,False
626,2023,,,,no_data,False,False
626,2024,,,,no_data,False,False
626,2025,,,,no_data,False,False
626,2026,,,,no_data,False,False
626,2027,,,,no_data,False,False
626,2028,,,,no_data,False,False
626,2029,,,,no_data,False,False
627,2000,,,,no_data,False,False
627,2001,,,,no_data,False,False
627,2002,,,,no_data,False,False
627,2003,,,,no_data,False,False
627,2004,,,,no_data,False,False
627,2005,,,,no_data,False,False
627,2006,,,,no_data,False,False
627,2007,,,,no_data,False,False
627,2008,,,,no_data,False,False
627,2009,,,,no_data,False,False
627,2010,,,,no_data,False,False
627,2011,,,,no_data,False,False
627,2012,,,,no_data,False,False
627,2013,,,,no_data,False,False
627,2014,,,,no_data,False,False
627,2015,,,,no_data,False,False
627,2016,,,,no_data,False,False
627,2017,,,,no_data,False,False
627,2018,,,,no_data,False,False
627,2019,,,,no_data,False,False
627,2020,,,,no_data,False,False
627,2021,,,,no_data,False,False
627,2022,,,,no_data,False,False
627,2023,,,,no_data,False,False
627,2024,,,,no_data,False,False
627,2025,,,,no_data,False,False
627,2026,,,,no_data,False,False
627,2027,,,,no_data,False,False
627,2028,,,,no_data,False,False
627,2029,,,,no_data,False,False
628,2000,,,,no_data,False,False
628,2001,,,,no_data,False,False
628,2002,,,,no_data,False,False
628,2003,,,,no_data,False,False
628,2004,,,,no_data,False,False
628,2005,,,,no_data,False,False
628,2006,,,,no_data,False,False
628,2007,,,,no_data,False,False
628,2008,,,,no_data,False,False
628,2009,,,,no_data,False,False
628,2010,,,,no_data,False,False
628,2011,,,,no_data,False,False
628,2012,,,,no_data,False,False
628,2013,,,,no_data,False,False
628,2014,,,,no_data,False,False
628,2015,,,,no_data,False,False
628,2016,,,,no_data,False,False
628,2017,,,,no_data,False,False
628,2018,43.0,wheat_spring,,no_data,False,False
628,2019,3.0,barley_spring,,no_data,False,False
628,2020,15.0,linum,,no_data,False,False
628,2021,9.0,fallow,,no_data,False,False
628,2022,43.0,wheat_spring,,no_data,False,False
628,2023,24.0,pea,1.7109375,productivity_normalized,True,True
628,2024,3.0,barley_spring,2.5993613,productivity_normalized,True,True
628,2025,43.0,wheat_spring,1.8352982,productivity_normalized,True,True
628,2026,3.0,barley_spring,,no_data,False,False
628,2027,43.0,wheat_spring,,no_data,False,False
628,2028,,,,no_data,False,False
628,2029,,,,no_data,False,False
629,2000,,,,no_data,False,False
629,2001,,,,no_data,False,False
629,2002,,,,no_data,False,False
629,2003,,,,no_data,False,False
629,2004,,,,no_data,False,False
629,2005,,,,no_data,False,False
629,2006,,,,no_data,False,False
629,2007,,,,no_data,False,False
629,2008,,,,no_data,False,False
629,2009,,,,no_data,False,False
629,2010,,,,no_data,False,False
629,2011,,,,no_data,False,False
629,2012,,,,no_data,False,False
629,2013,,,,no_data,False,False
629,2014,,,,no_data,False,False
629,2015,,,,no_data,False,False
629,2016,,,,no_data,False,False
629,2017,,,,no_data,False,False
629,2018,,,,no_data,False,False
629,2019,,,,no_data,False,False
629,2020,,,,no_data,False,False
629,2021,43.0,wheat_spring,,no_data,False,False
629,2022,3.0,barley_spring,,no_data,False,False
629,2023,45.0,nan,,no_data,False,False
629,2024,,,,no_data,False,False
629,2025,,,,no_data,False,False
629,2026,,,,no_data,False,False
629,2027,,,,no_data,False,False
629,2028,,,,no_data,False,False
629,2029,,,,no_data,False,False
630,2000,,,,no_data,False,False
630,2001,,,,no_data,False,False
630,2002,,,,no_data,False,False
630,2003,,,,no_data,False,False
630,2004,,,,no_data,False,False
630,2005,,,,no_data,False,False
630,2006,,,,no_data,False,False
630,2007,,,,no_data,False,False
630,2008,,,,no_data,False,False
630,2009,,,,no_data,False,False
630,2010,,,,no_data,False,False
630,2011,,,,no_data,False,False
630,2012,,,,no_data,False,False
630,2013,,,,no_data,False,False
630,2014,,,,no_data,False,False
630,2015,,,,no_data,False,False
630,2016,,,,no_data,False,False
630,2017,,,,no_data,False,False
630,2018,,,,no_data,False,False
630,2019,,,,no_data,False,False
630,2020,,,,no_data,False,False
630,2021,43.0,wheat_spring,,no_data,False,False
630,2022,3.0,barley_spring,,no_data,False,False
630,2023,43.0,wheat_spring,1.2423529,productivity_normalized,True,True
630,2024,3.0,barley_spring,2.7423528999999998,productivity_normalized,True,True
630,2025,43.0,wheat_spring,1.5882353,productivity_normalized,True,True
630,2026,40.0,sunflower,,no_data,False,False
630,2027,43.0,wheat_spring,,no_data,False,False
630,2028,,,,no_data,False,False
630,2029,,,,no_data,False,False
632,2000,,,,no_data,False,False
632,2001,,,,no_data,False,False
632,2002,,,,no_data,False,False
632,2003,,,,no_data,False,False
632,2004,,,,no_data,False,False
632,2005,,,,no_data,False,False
632,2006,,,,no_data,False,False
632,2007,,,,no_data,False,False
632,2008,,,,no_data,False,False
632,2009,,,,no_data,False,False
632,2010,,,,no_data,False,False
632,2011,,,,no_data,False,False
632,2012,,,,no_data,False,False
632,2013,,,,no_data,False,False
632,2014,,,,no_data,False,False
632,2015,,,,no_data,False,False
632,2016,,,,no_data,False,False
632,2017,,,,no_data,False,False
632,2018,13.0,lentil,,no_data,False,False
632,2019,43.0,wheat_spring,,no_data,False,False
632,2020,43.0,wheat_spring,,no_data,False,False
632,2021,1.0,avena_spring,,no_data,False,False
632,2022,43.0,wheat_spring,,no_data,False,False
632,2023,40.0,sunflower,1.8230951999999998,productivity_normalized,True,True
632,2024,3.0,barley_spring,5.004762,productivity_normalized,False,True
632,2025,43.0,wheat_spring,1.8557143,productivity_normalized,True,True
632,2026,40.0,sunflower,,no_data,False,False
632,2027,43.0,wheat_spring,,no_data,False,False
632,2028,,,,no_data,False,False
632,2029,,,,no_data,False,False
633,2000,,,,no_data,False,False
633,2001,,,,no_data,False,False
633,2002,,,,no_data,False,False
633,2003,,,,no_data,False,False
633,2004,,,,no_data,False,False
633,2005,,,,no_data,False,False
633,2006,,,,no_data,False,False
633,2007,,,,no_data,False,False
633,2008,,,,no_data,False,False
633,2009,,,,no_data,False,False
633,2010,,,,no_data,False,False
633,2011,,,,no_data,False,False
633,2012,,,,no_data,False,False
633,2013,,,,no_data,False,False
633,2014,,,,no_data,False,False
633,2015,,,,no_data,False,False
633,2016,,,,no_data,False,False
633,2017,,,,no_data,False,False
633,2018,43.0,wheat_spring,,no_data,False,False
633,2019,43.0,wheat_spring,,no_data,False,False
633,2020,43.0,wheat_spring,,no_data,False,False
633,2021,43.0,wheat_spring,,no_data,False,False
633,2022,40.0,sunflower,,no_data,False,False
633,2023,3.0,barley_spring,1.6493749999999998,productivity_normalized,True,True
633,2024,24.0,pea,2.7215499999999997,productivity_normalized,True,True
633,2025,44.0,wheat_winter,3.7351351,productivity_normalized,True,True
633,2026,20.0,oil_seed_raps_spring,,no_data,False,False
633,2027,43.0,wheat_spring,,no_data,False,False
633,2028,,,,no_data,False,False
633,2029,,,,no_data,False,False
634,2000,,,,no_data,False,False
634,2001,,,,no_data,False,False
634,2002,,,,no_data,False,False
634,2003,,,,no_data,False,False
634,2004,,,,no_data,False,False
634,2005,,,,no_data,False,False
634,2006,,,,no_data,False,False
634,2007,,,,no_data,False,False
634,2008,,,,no_data,False,False
634,2009,,,,no_data,False,False
634,2010,,,,no_data,False,False
634,2011,,,,no_data,False,False
634,2012,,,,no_data,False,False
634,2013,,,,no_data,False,False
634,2014,,,,no_data,False,False
634,2015,,,,no_data,False,False
634,2016,,,,no_data,False,False
634,2017,,,,no_data,False,False
634,2018,20.0,oil_seed_raps_spring,,no_data,False,False
634,2019,43.0,wheat_spring,,no_data,False,False
634,2020,43.0,wheat_spring,,no_data,False,False
634,2021,1.0,avena_spring,,no_data,False,False
634,2022,24.0,pea,,no_data,False,False
634,2023,3.0,barley_spring,1.1940476,productivity_normalized,True,True
634,2024,43.0,wheat_spring,3.7985714,productivity_normalized,True,True
634,2025,43.0,wheat_spring,3.7359999999999998,productivity_normalized,True,True
634,2026,24.0,pea,,no_data,False,False
634,2027,20.0,oil_seed_raps_spring,,no_data,False,False
634,2028,,,,no_data,False,False
634,2029,,,,no_data,False,False
635,2000,,,,no_data,False,False
635,2001,,,,no_data,False,False
635,2002,,,,no_data,False,False
635,2003,,,,no_data,False,False
635,2004,,,,no_data,False,False
635,2005,,,,no_data,False,False
635,2006,,,,no_data,False,False
635,2007,,,,no_data,False,False
635,2008,,,,no_data,False,False
635,2009,,,,no_data,False,False
635,2010,,,,no_data,False,False
635,2011,,,,no_data,False,False
635,2012,,,,no_data,False,False
635,2013,,,,no_data,False,False
635,2014,,,,no_data,False,False
635,2015,,,,no_data,False,False
635,2016,,,,no_data,False,False
635,2017,,,,no_data,False,False
635,2018,20.0,oil_seed_raps_spring,,no_data,False,False
635,2019,43.0,wheat_spring,,no_data,False,False
635,2020,43.0,wheat_spring,,no_data,False,False
635,2021,1.0,avena_spring,,no_data,False,False
635,2022,24.0,pea,,no_data,False,False
635,2023,43.0,wheat_spring,2.0047059000000003,productivity_normalized,True,True
635,2024,5.0,buckwheat,2.4098039,productivity_normalized,True,True
635,2025,43.0,wheat_spring,3.4548,productivity_normalized,True,True
635,2026,24.0,pea,,no_data,False,False
635,2027,20.0,oil_seed_raps_spring,,no_data,False,False
635,2028,,,,no_data,False,False
635,2029,,,,no_data,False,False
636,2000,,,,no_data,False,False
636,2001,,,,no_data,False,False
636,2002,,,,no_data,False,False
636,2003,,,,no_data,False,False
636,2004,,,,no_data,False,False
636,2005,,,,no_data,False,False
636,2006,,,,no_data,False,False
636,2007,,,,no_data,False,False
636,2008,,,,no_data,False,False
636,2009,,,,no_data,False,False
636,2010,,,,no_data,False,False
636,2011,,,,no_data,False,False
636,2012,,,,no_data,False,False
636,2013,,,,no_data,False,False
636,2014,,,,no_data,False,False
636,2015,,,,no_data,False,False
636,2016,,,,no_data,False,False
636,2017,,,,no_data,False,False
636,2018,20.0,oil_seed_raps_spring,,no_data,False,False
636,2019,43.0,wheat_spring,,no_data,False,False
636,2020,43.0,wheat_spring,,no_data,False,False
636,2021,1.0,avena_spring,,no_data,False,False
636,2022,24.0,pea,,no_data,False,False
636,2023,43.0,wheat_spring,2.0064912,productivity_normalized,True,True
636,2024,40.0,sunflower,4.3901753999999995,productivity_normalized,True,True
636,2025,43.0,wheat_spring,2.5898246,productivity_normalized,True,True
636,2026,43.0,wheat_spring,,no_data,False,False
636,2027,24.0,pea,,no_data,False,False
636,2028,,,,no_data,False,False
636,2029,,,,no_data,False,False
638,2000,,,,no_data,False,False
638,2001,,,,no_data,False,False
638,2002,,,,no_data,False,False
638,2003,,,,no_data,False,False
638,2004,,,,no_data,False,False
638,2005,,,,no_data,False,False
638,2006,,,,no_data,False,False
638,2007,,,,no_data,False,False
638,2008,,,,no_data,False,False
638,2009,,,,no_data,False,False
638,2010,,,,no_data,False,False
638,2011,,,,no_data,False,False
638,2012,,,,no_data,False,False
638,2013,,,,no_data,False,False
638,2014,,,,no_data,False,False
638,2015,,,,no_data,False,False
638,2016,,,,no_data,False,False
638,2017,,,,no_data,False,False
638,2018,,,,no_data,False,False
638,2019,,,,no_data,False,False
638,2020,,,,no_data,False,False
638,2021,1.0,avena_spring,,no_data,False,False
638,2022,43.0,wheat_spring,,no_data,False,False
638,2023,45.0,nan,,no_data,False,False
638,2024,45.0,nan,,no_data,False,False
638,2025,,,,no_data,False,False
638,2026,,,,no_data,False,False
638,2027,,,,no_data,False,False
638,2028,,,,no_data,False,False
638,2029,,,,no_data,False,False
639,2000,,,,no_data,False,False
639,2001,,,,no_data,False,False
639,2002,,,,no_data,False,False
639,2003,,,,no_data,False,False
639,2004,,,,no_data,False,False
639,2005,,,,no_data,False,False
639,2006,,,,no_data,False,False
639,2007,,,,no_data,False,False
639,2008,,,,no_data,False,False
639,2009,,,,no_data,False,False
639,2010,,,,no_data,False,False
639,2011,,,,no_data,False,False
639,2012,,,,no_data,False,False
639,2013,,,,no_data,False,False
639,2014,,,,no_data,False,False
639,2015,,,,no_data,False,False
639,2016,,,,no_data,False,False
639,2017,,,,no_data,False,False
639,2018,,,,no_data,False,False
639,2019,,,,no_data,False,False
639,2020,,,,no_data,False,False
639,2021,43.0,wheat_spring,,no_data,False,False
639,2022,40.0,sunflower,,no_data,False,False
639,2023,45.0,nan,,no_data,False,False
639,2024,45.0,nan,,no_data,False,False
639,2025,,,,no_data,False,False
639,2026,,,,no_data,False,False
639,2027,,,,no_data,False,False
639,2028,,,,no_data,False,False
639,2029,,,,no_data,False,False
640,2000,,,,no_data,False,False
640,2001,,,,no_data,False,False
640,2002,,,,no_data,False,False
640,2003,,,,no_data,False,False
640,2004,,,,no_data,False,False
640,2005,,,,no_data,False,False
640,2006,,,,no_data,False,False
640,2007,,,,no_data,False,False
640,2008,,,,no_data,False,False
640,2009,,,,no_data,False,False
640,2010,,,,no_data,False,False
640,2011,,,,no_data,False,False
640,2012,,,,no_data,False,False
640,2013,,,,no_data,False,False
640,2014,,,,no_data,False,False
640,2015,,,,no_data,False,False
640,2016,,,,no_data,False,False
640,2017,,,,no_data,False,False
640,2018,,,,no_data,False,False
640,2019,43.0,wheat_spring,,no_data,False,False
640,2020,43.0,wheat_spring,,no_data,False,False
640,2021,43.0,wheat_spring,,no_data,False,False
640,2022,40.0,sunflower,,no_data,False,False
640,2023,3.0,barley_spring,1.0916667,productivity_normalized,True,True
640,2024,24.0,pea,2.6459523999999996,productivity_normalized,True,True
640,2025,43.0,wheat_spring,4.794915,productivity_normalized,False,True
640,2026,20.0,oil_seed_raps_spring,,no_data,False,False
640,2027,43.0,wheat_spring,,no_data,False,False
640,2028,,,,no_data,False,False
640,2029,,,,no_data,False,False
641,2000,,,,no_data,False,False
641,2001,,,,no_data,False,False
641,2002,,,,no_data,False,False
641,2003,,,,no_data,False,False
641,2004,,,,no_data,False,False
641,2005,,,,no_data,False,False
641,2006,,,,no_data,False,False
641,2007,,,,no_data,False,False
641,2008,,,,no_data,False,False
641,2009,,,,no_data,False,False
641,2010,,,,no_data,False,False
641,2011,,,,no_data,False,False
641,2012,,,,no_data,False,False
641,2013,,,,no_data,False,False
641,2014,,,,no_data,False,False
641,2015,,,,no_data,False,False
641,2016,,,,no_data,False,False
641,2017,,,,no_data,False,False
641,2018,,,,no_data,False,False
641,2019,,,,no_data,False,False
641,2020,,,,no_data,False,False
641,2021,,,,no_data,False,False
641,2022,,,,no_data,False,False
641,2023,45.0,nan,,no_data,False,False
641,2024,45.0,nan,,no_data,False,False
641,2025,,,,no_data,False,False
641,2026,,,,no_data,False,False
641,2027,,,,no_data,False,False
641,2028,,,,no_data,False,False
641,2029,,,,no_data,False,False
643,2000,,,,no_data,False,False
643,2001,,,,no_data,False,False
643,2002,,,,no_data,False,False
643,2003,,,,no_data,False,False
643,2004,,,,no_data,False,False
643,2005,,,,no_data,False,False
643,2006,,,,no_data,False,False
643,2007,,,,no_data,False,False
643,2008,,,,no_data,False,False
643,2009,,,,no_data,False,False
643,2010,,,,no_data,False,False
643,2011,,,,no_data,False,False
643,2012,,,,no_data,False,False
643,2013,,,,no_data,False,False
643,2014,,,,no_data,False,False
643,2015,,,,no_data,False,False
643,2016,,,,no_data,False,False
643,2017,,,,no_data,False,False
643,2018,20.0,oil_seed_raps_spring,,no_data,False,False
643,2019,43.0,wheat_spring,,no_data,False,False
643,2020,15.0,linum,,no_data,False,False
643,2021,9.0,fallow,,no_data,False,False
643,2022,20.0,oil_seed_raps_spring,,no_data,False,False
643,2023,43.0,wheat_spring,1.6222414,productivity_normalized,True,True
643,2024,13.0,lentil,1.3826573,productivity_normalized,True,True
643,2025,44.0,wheat_winter,3.3,productivity_normalized,True,True
643,2026,20.0,oil_seed_raps_spring,,no_data,False,False
643,2027,43.0,wheat_spring,,no_data,False,False
643,2028,,,,no_data,False,False
643,2029,,,,no_data,False,False
644,2000,,,,no_data,False,False
644,2001,,,,no_data,False,False
644,2002,,,,no_data,False,False
644,2003,,,,no_data,False,False
644,2004,,,,no_data,False,False
644,2005,,,,no_data,False,False
644,2006,,,,no_data,False,False
644,2007,,,,no_data,False,False
644,2008,,,,no_data,False,False
644,2009,,,,no_data,False,False
644,2010,,,,no_data,False,False
644,2011,,,,no_data,False,False
644,2012,,,,no_data,False,False
644,2013,,,,no_data,False,False
644,2014,,,,no_data,False,False
644,2015,,,,no_data,False,False
644,2016,,,,no_data,False,False
644,2017,,,,no_data,False,False
644,2018,20.0,oil_seed_raps_spring,,no_data,False,False
644,2019,43.0,wheat_spring,,no_data,False,False
644,2020,43.0,wheat_spring,,no_data,False,False
644,2021,15.0,linum,,no_data,False,False
644,2022,24.0,pea,,no_data,False,False
644,2023,43.0,wheat_spring,1.736,productivity_normalized,True,True
644,2024,43.0,wheat_spring,2.4706666999999998,productivity_normalized,True,True
644,2025,40.0,sunflower,,no_data,False,False
644,2026,3.0,barley_spring,,no_data,False,False
644,2027,36.0,soya,,no_data,False,False
644,2028,,,,no_data,False,False
644,2029,,,,no_data,False,False
646,2000,,,,no_data,False,False
646,2001,,,,no_data,False,False
646,2002,,,,no_data,False,False
646,2003,,,,no_data,False,False
646,2004,,,,no_data,False,False
646,2005,,,,no_data,False,False
646,2006,,,,no_data,False,False
646,2007,,,,no_data,False,False
646,2008,,,,no_data,False,False
646,2009,,,,no_data,False,False
646,2010,,,,no_data,False,False
646,2011,,,,no_data,False,False
646,2012,,,,no_data,False,False
646,2013,,,,no_data,False,False
646,2014,,,,no_data,False,False
646,2015,,,,no_data,False,False
646,2016,,,,no_data,False,False
646,2017,,,,no_data,False,False
646,2018,,,,no_data,False,False
646,2019,,,,no_data,False,False
646,2020,,,,no_data,False,False
646,2021,9.0,fallow,,no_data,False,False
646,2022,20.0,oil_seed_raps_spring,,no_data,False,False
646,2023,45.0,nan,,no_data,False,False
646,2024,45.0,nan,,no_data,False,False
646,2025,,,,no_data,False,False
646,2026,,,,no_data,False,False
646,2027,,,,no_data,False,False
646,2028,,,,no_data,False,False
646,2029,,,,no_data,False,False
649,2000,,,,no_data,False,False
649,2001,,,,no_data,False,False
649,2002,,,,no_data,False,False
649,2003,,,,no_data,False,False
649,2004,,,,no_data,False,False
649,2005,,,,no_data,False,False
649,2006,,,,no_data,False,False
649,2007,,,,no_data,False,False
649,2008,,,,no_data,False,False
649,2009,,,,no_data,False,False
649,2010,,,,no_data,False,False
649,2011,,,,no_data,False,False
649,2012,,,,no_data,False,False
649,2013,,,,no_data,False,False
649,2014,,,,no_data,False,False
649,2015,,,,no_data,False,False
649,2016,,,,no_data,False,False
649,2017,,,,no_data,False,False
649,2018,,,,no_data,False,False
649,2019,,,,no_data,False,False
649,2020,,,,no_data,False,False
649,2021,9.0,fallow,,no_data,False,False
649,2022,43.0,wheat_spring,,no_data,False,False
649,2023,24.0,pea,1.7100000000000002,productivity_normalized,True,True
649,2024,3.0,barley_spring,,no_data,False,False
649,2025,,,,no_data,False,False
649,2026,,,,no_data,False,False
649,2027,,,,no_data,False,False
649,2028,,,,no_data,False,False
649,2029,,,,no_data,False,False
650,2000,,,,no_data,False,False
650,2001,,,,no_data,False,False
650,2002,,,,no_data,False,False
650,2003,,,,no_data,False,False
650,2004,,,,no_data,False,False
650,2005,,,,no_data,False,False
650,2006,,,,no_data,False,False
650,2007,,,,no_data,False,False
650,2008,,,,no_data,False,False
650,2009,,,,no_data,False,False
650,2010,,,,no_data,False,False
650,2011,,,,no_data,False,False
650,2012,,,,no_data,False,False
650,2013,,,,no_data,False,False
650,2014,,,,no_data,False,False
650,2015,,,,no_data,False,False
650,2016,,,,no_data,False,False
650,2017,,,,no_data,False,False
650,2018,15.0,linum,,no_data,False,False
650,2019,3.0,barley_spring,,no_data,False,False
650,2020,15.0,linum,,no_data,False,False
650,2021,9.0,fallow,,no_data,False,False
650,2022,43.0,wheat_spring,,no_data,False,False
650,2023,43.0,wheat_spring,2.6490164,productivity_normalized,True,True
650,2024,43.0,wheat_spring,3.4179661,productivity_normalized,True,True
650,2025,40.0,sunflower,,no_data,False,False
650,2026,56.0,nan,,no_data,False,False
650,2027,13.0,lentil,,no_data,False,False
650,2028,,,,no_data,False,False
650,2029,,,,no_data,False,False
652,2000,,,,no_data,False,False
652,2001,,,,no_data,False,False
652,2002,,,,no_data,False,False
652,2003,,,,no_data,False,False
652,2004,,,,no_data,False,False
652,2005,,,,no_data,False,False
652,2006,,,,no_data,False,False
652,2007,,,,no_data,False,False
652,2008,,,,no_data,False,False
652,2009,,,,no_data,False,False
652,2010,,,,no_data,False,False
652,2011,,,,no_data,False,False
652,2012,,,,no_data,False,False
652,2013,,,,no_data,False,False
652,2014,,,,no_data,False,False
652,2015,,,,no_data,False,False
652,2016,,,,no_data,False,False
652,2017,,,,no_data,False,False
652,2018,,,,no_data,False,False
652,2019,,,,no_data,False,False
652,2020,,,,no_data,False,False
652,2021,9.0,fallow,,no_data,False,False
652,2022,43.0,wheat_spring,,no_data,False,False
652,2023,24.0,pea,1.7100000000000002,productivity_normalized,True,True
652,2024,3.0,barley_spring,,no_data,False,False
652,2025,,,,no_data,False,False
652,2026,,,,no_data,False,False
652,2027,,,,no_data,False,False
652,2028,,,,no_data,False,False
652,2029,,,,no_data,False,False
653,2000,,,,no_data,False,False
653,2001,,,,no_data,False,False
653,2002,,,,no_data,False,False
653,2003,,,,no_data,False,False
653,2004,,,,no_data,False,False
653,2005,,,,no_data,False,False
653,2006,,,,no_data,False,False
653,2007,,,,no_data,False,False
653,2008,,,,no_data,False,False
653,2009,,,,no_data,False,False
653,2010,,,,no_data,False,False
653,2011,,,,no_data,False,False
653,2012,,,,no_data,False,False
653,2013,,,,no_data,False,False
653,2014,,,,no_data,False,False
653,2015,,,,no_data,False,False
653,2016,,,,no_data,False,False
653,2017,,,,no_data,False,False
653,2018,,,,no_data,False,False
653,2019,43.0,wheat_spring,,no_data,False,False
653,2020,43.0,wheat_spring,,no_data,False,False
653,2021,43.0,wheat_spring,,no_data,False,False
653,2022,40.0,sunflower,,no_data,False,False
653,2023,3.0,barley_spring,1.1259259,productivity_normalized,True,True
653,2024,24.0,pea,2.4991111,productivity_normalized,True,True
653,2025,44.0,wheat_winter,4.0735043,productivity_normalized,True,True
653,2026,20.0,oil_seed_raps_spring,,no_data,False,False
653,2027,43.0,wheat_spring,,no_data,False,False
653,2028,,,,no_data,False,False
653,2029,,,,no_data,False,False
654,2000,,,,no_data,False,False
654,2001,,,,no_data,False,False
654,2002,,,,no_data,False,False
654,2003,,,,no_data,False,False
654,2004,,,,no_data,False,False
654,2005,,,,no_data,False,False
654,2006,,,,no_data,False,False
654,2007,,,,no_data,False,False
654,2008,,,,no_data,False,False
654,2009,,,,no_data,False,False
654,2010,,,,no_data,False,False
654,2011,,,,no_data,False,False
654,2012,,,,no_data,False,False
654,2013,,,,no_data,False,False
654,2014,,,,no_data,False,False
654,2015,,,,no_data,False,False
654,2016,,,,no_data,False,False
654,2017,,,,no_data,False,False
654,2018,,,,no_data,False,False
654,2019,,,,no_data,False,False
654,2020,,,,no_data,False,False
654,2021,15.0,linum,,no_data,False,False
654,2022,24.0,pea,,no_data,False,False
654,2023,43.0,wheat_spring,2.6425,productivity_normalized,True,True
654,2024,36.0,soya,,no_data,False,False
654,2025,,,,no_data,False,False
654,2026,,,,no_data,False,False
654,2027,,,,no_data,False,False
654,2028,,,,no_data,False,False
654,2029,,,,no_data,False,False
655,2000,,,,no_data,False,False
655,2001,,,,no_data,False,False
655,2002,,,,no_data,False,False
655,2003,,,,no_data,False,False
655,2004,,,,no_data,False,False
655,2005,,,,no_data,False,False
655,2006,,,,no_data,False,False
655,2007,,,,no_data,False,False
655,2008,,,,no_data,False,False
655,2009,,,,no_data,False,False
655,2010,,,,no_data,False,False
655,2011,,,,no_data,False,False
655,2012,,,,no_data,False,False
655,2013,,,,no_data,False,False
655,2014,,,,no_data,False,False
655,2015,,,,no_data,False,False
655,2016,,,,no_data,False,False
655,2017,,,,no_data,False,False
655,2018,15.0,linum,,no_data,False,False
655,2019,9.0,fallow,,no_data,False,False
655,2020,20.0,oil_seed_raps_spring,,no_data,False,False
655,2021,43.0,wheat_spring,,no_data,False,False
655,2022,43.0,wheat_spring,,no_data,False,False
655,2023,13.0,lentil,1.28,productivity_normalized,True,True
655,2024,43.0,wheat_spring,2.4152632,productivity_normalized,True,True
655,2025,20.0,oil_seed_raps_spring,,no_data,False,False
655,2026,56.0,nan,,no_data,False,False
655,2027,24.0,pea,,no_data,False,False
655,2028,,,,no_data,False,False
655,2029,,,,no_data,False,False
657,2000,,,,no_data,False,False
657,2001,,,,no_data,False,False
657,2002,,,,no_data,False,False
657,2003,,,,no_data,False,False
657,2004,,,,no_data,False,False
657,2005,,,,no_data,False,False
657,2006,,,,no_data,False,False
657,2007,,,,no_data,False,False
657,2008,,,,no_data,False,False
657,2009,,,,no_data,False,False
657,2010,,,,no_data,False,False
657,2011,,,,no_data,False,False
657,2012,,,,no_data,False,False
657,2013,,,,no_data,False,False
657,2014,,,,no_data,False,False
657,2015,,,,no_data,False,False
657,2016,,,,no_data,False,False
657,2017,,,,no_data,False,False
657,2018,,,,no_data,False,False
657,2019,,,,no_data,False,False
657,2020,,,,no_data,False,False
657,2021,9.0,fallow,,no_data,False,False
657,2022,43.0,wheat_spring,,no_data,False,False
657,2023,45.0,nan,,no_data,False,False
657,2024,45.0,nan,1.2758620999999999,productivity_normalized,True,True
657,2025,,,,no_data,False,False
657,2026,,,,no_data,False,False
657,2027,,,,no_data,False,False
657,2028,,,,no_data,False,False
657,2029,,,,no_data,False,False
659,2000,,,,no_data,False,False
659,2001,,,,no_data,False,False
659,2002,,,,no_data,False,False
659,2003,,,,no_data,False,False
659,2004,,,,no_data,False,False
659,2005,,,,no_data,False,False
659,2006,,,,no_data,False,False
659,2007,,,,no_data,False,False
659,2008,,,,no_data,False,False
659,2009,,,,no_data,False,False
659,2010,,,,no_data,False,False
659,2011,,,,no_data,False,False
659,2012,,,,no_data,False,False
659,2013,,,,no_data,False,False
659,2014,,,,no_data,False,False
659,2015,,,,no_data,False,False
659,2016,,,,no_data,False,False
659,2017,,,,no_data,False,False
659,2018,,,,no_data,False,False
659,2019,,,,no_data,False,False
659,2020,,,,no_data,False,False
659,2021,9.0,fallow,,no_data,False,False
659,2022,43.0,wheat_spring,,no_data,False,False
659,2023,9.0,fallow,,no_data,False,False
659,2024,43.0,wheat_spring,2.4405714,productivity_normalized,True,True
659,2025,40.0,sunflower,,no_data,False,False
659,2026,3.0,barley_spring,,no_data,False,False
659,2027,36.0,soya,,no_data,False,False
659,2028,,,,no_data,False,False
659,2029,,,,no_data,False,False
660,2000,,,,no_data,False,False
660,2001,,,,no_data,False,False
660,2002,,,,no_data,False,False
660,2003,,,,no_data,False,False
660,2004,,,,no_data,False,False
660,2005,,,,no_data,False,False
660,2006,,,,no_data,False,False
660,2007,,,,no_data,False,False
660,2008,,,,no_data,False,False
660,2009,,,,no_data,False,False
660,2010,,,,no_data,False,False
660,2011,,,,no_data,False,False
660,2012,,,,no_data,False,False
660,2013,,,,no_data,False,False
660,2014,,,,no_data,False,False
660,2015,,,,no_data,False,False
660,2016,,,,no_data,False,False
660,2017,,,,no_data,False,False
660,2018,,,,no_data,False,False
660,2019,,,,no_data,False,False
660,2020,,,,no_data,False,False
660,2021,9.0,fallow,,no_data,False,False
660,2022,43.0,wheat_spring,,no_data,False,False
660,2023,43.0,wheat_spring,1.762,productivity_normalized,True,True
660,2024,24.0,pea,,no_data,False,False
660,2025,,,,no_data,False,False
660,2026,,,,no_data,False,False
660,2027,,,,no_data,False,False
660,2028,,,,no_data,False,False
660,2029,,,,no_data,False,False
661,2000,,,,no_data,False,False
661,2001,,,,no_data,False,False
661,2002,,,,no_data,False,False
661,2003,,,,no_data,False,False
661,2004,,,,no_data,False,False
661,2005,,,,no_data,False,False
661,2006,,,,no_data,False,False
661,2007,,,,no_data,False,False
661,2008,,,,no_data,False,False
661,2009,,,,no_data,False,False
661,2010,,,,no_data,False,False
661,2011,,,,no_data,False,False
661,2012,,,,no_data,False,False
661,2013,,,,no_data,False,False
661,2014,,,,no_data,False,False
661,2015,,,,no_data,False,False
661,2016,,,,no_data,False,False
661,2017,,,,no_data,False,False
661,2018,15.0,linum,,no_data,False,False
661,2019,9.0,fallow,,no_data,False,False
661,2020,20.0,oil_seed_raps_spring,,no_data,False,False
661,2021,43.0,wheat_spring,,no_data,False,False
661,2022,43.0,wheat_spring,,no_data,False,False
661,2023,13.0,lentil,1.2745614,productivity_normalized,True,True
661,2024,43.0,wheat_spring,3.6691228000000002,productivity_normalized,True,True
661,2025,20.0,oil_seed_raps_spring,,no_data,False,False
661,2026,56.0,nan,,no_data,False,False
661,2027,24.0,pea,,no_data,False,False
661,2028,,,,no_data,False,False
661,2029,,,,no_data,False,False
662,2000,,,,no_data,False,False
662,2001,,,,no_data,False,False
662,2002,,,,no_data,False,False
662,2003,,,,no_data,False,False
662,2004,,,,no_data,False,False
662,2005,,,,no_data,False,False
662,2006,,,,no_data,False,False
662,2007,,,,no_data,False,False
662,2008,,,,no_data,False,False
662,2009,,,,no_data,False,False
662,2010,,,,no_data,False,False
662,2011,,,,no_data,False,False
662,2012,,,,no_data,False,False
662,2013,,,,no_data,False,False
662,2014,,,,no_data,False,False
662,2015,,,,no_data,False,False
662,2016,,,,no_data,False,False
662,2017,,,,no_data,False,False
662,2018,,,,no_data,False,False
662,2019,,,,no_data,False,False
662,2020,,,,no_data,False,False
662,2021,9.0,fallow,,no_data,False,False
662,2022,43.0,wheat_spring,,no_data,False,False
662,2023,43.0,wheat_spring,1.7616667,productivity_normalized,True,True
662,2024,24.0,pea,,no_data,False,False
662,2025,,,,no_data,False,False
662,2026,,,,no_data,False,False
662,2027,,,,no_data,False,False
662,2028,,,,no_data,False,False
662,2029,,,,no_data,False,False
663,2000,,,,no_data,False,False
663,2001,,,,no_data,False,False
663,2002,,,,no_data,False,False
663,2003,,,,no_data,False,False
663,2004,,,,no_data,False,False
663,2005,,,,no_data,False,False
663,2006,,,,no_data,False,False
663,2007,,,,no_data,False,False
663,2008,,,,no_data,False,False
663,2009,,,,no_data,False,False
663,2010,,,,no_data,False,False
663,2011,,,,no_data,False,False
663,2012,,,,no_data,False,False
663,2013,,,,no_data,False,False
663,2014,,,,no_data,False,False
663,2015,,,,no_data,False,False
663,2016,,,,no_data,False,False
663,2017,,,,no_data,False,False
663,2018,20.0,oil_seed_raps_spring,,no_data,False,False
663,2019,3.0,barley_spring,,no_data,False,False
663,2020,15.0,linum,,no_data,False,False
663,2021,9.0,fallow,,no_data,False,False
663,2022,43.0,wheat_spring,,no_data,False,False
663,2023,43.0,wheat_spring,2.6491071,productivity_normalized,True,True
663,2024,43.0,wheat_spring,3.4639286,productivity_normalized,True,True
663,2025,40.0,sunflower,1.3196825,productivity_normalized,True,True
663,2026,43.0,wheat_spring,,no_data,False,False
663,2027,13.0,lentil,,no_data,False,False
663,2028,,,,no_data,False,False
663,2029,,,,no_data,False,False
665,2000,,,,no_data,False,False
665,2001,,,,no_data,False,False
665,2002,,,,no_data,False,False
665,2003,,,,no_data,False,False
665,2004,,,,no_data,False,False
665,2005,,,,no_data,False,False
665,2006,,,,no_data,False,False
665,2007,,,,no_data,False,False
665,2008,,,,no_data,False,False
665,2009,,,,no_data,False,False
665,2010,,,,no_data,False,False
665,2011,,,,no_data,False,False
665,2012,,,,no_data,False,False
665,2013,,,,no_data,False,False
665,2014,,,,no_data,False,False
665,2015,,,,no_data,False,False
665,2016,,,,no_data,False,False
665,2017,,,,no_data,False,False
665,2018,,,,no_data,False,False
665,2019,,,,no_data,False,False
665,2020,,,,no_data,False,False
665,2021,9.0,fallow,,no_data,False,False
665,2022,43.0,wheat_spring,,no_data,False,False
665,2023,43.0,wheat_spring,1.625,productivity_normalized,True,True
665,2024,13.0,lentil,,no_data,False,False
665,2025,,,,no_data,False,False
665,2026,,,,no_data,False,False
665,2027,,,,no_data,False,False
665,2028,,,,no_data,False,False
665,2029,,,,no_data,False,False
666,2000,,,,no_data,False,False
666,2001,,,,no_data,False,False
666,2002,,,,no_data,False,False
666,2003,,,,no_data,False,False
666,2004,,,,no_data,False,False
666,2005,,,,no_data,False,False
666,2006,,,,no_data,False,False
666,2007,,,,no_data,False,False
666,2008,,,,no_data,False,False
666,2009,,,,no_data,False,False
666,2010,,,,no_data,False,False
666,2011,,,,no_data,False,False
666,2012,,,,no_data,False,False
666,2013,,,,no_data,False,False
666,2014,,,,no_data,False,False
666,2015,,,,no_data,False,False
666,2016,,,,no_data,False,False
666,2017,,,,no_data,False,False
666,2018,,,,no_data,False,False
666,2019,,,,no_data,False,False
666,2020,,,,no_data,False,False
666,2021,9.0,fallow,,no_data,False,False
666,2022,20.0,oil_seed_raps_spring,,no_data,False,False
666,2023,43.0,wheat_spring,1.6253191,productivity_normalized,True,True
666,2024,13.0,lentil,,no_data,False,False
666,2025,,,,no_data,False,False
666,2026,,,,no_data,False,False
666,2027,,,,no_data,False,False
666,2028,,,,no_data,False,False
666,2029,,,,no_data,False,False
667,2000,,,,no_data,False,False
667,2001,,,,no_data,False,False
667,2002,,,,no_data,False,False
667,2003,,,,no_data,False,False
667,2004,,,,no_data,False,False
667,2005,,,,no_data,False,False
667,2006,,,,no_data,False,False
667,2007,,,,no_data,False,False
667,2008,,,,no_data,False,False
667,2009,,,,no_data,False,False
667,2010,,,,no_data,False,False
667,2011,,,,no_data,False,False
667,2012,,,,no_data,False,False
667,2013,,,,no_data,False,False
667,2014,,,,no_data,False,False
667,2015,,,,no_data,False,False
667,2016,,,,no_data,False,False
667,2017,,,,no_data,False,False
667,2018,15.0,linum,,no_data,False,False
667,2019,9.0,fallow,,no_data,False,False
667,2020,20.0,oil_seed_raps_spring,,no_data,False,False
667,2021,43.0,wheat_spring,,no_data,False,False
667,2022,43.0,wheat_spring,,no_data,False,False
667,2023,13.0,lentil,1.2873529,productivity_normalized,True,True
667,2024,44.0,wheat_winter,3.1582609,productivity_normalized,True,True
667,2025,20.0,oil_seed_raps_spring,1.8325991,productivity_normalized,True,True
667,2026,3.0,barley_spring,,no_data,False,False
667,2027,40.0,sunflower,,no_data,False,False
667,2028,,,,no_data,False,False
667,2029,,,,no_data,False,False
668,2000,,,,no_data,False,False
668,2001,,,,no_data,False,False
668,2002,,,,no_data,False,False
668,2003,,,,no_data,False,False
668,2004,,,,no_data,False,False
668,2005,,,,no_data,False,False
668,2006,,,,no_data,False,False
668,2007,,,,no_data,False,False
668,2008,,,,no_data,False,False
668,2009,,,,no_data,False,False
668,2010,,,,no_data,False,False
668,2011,,,,no_data,False,False
668,2012,,,,no_data,False,False
668,2013,,,,no_data,False,False
668,2014,,,,no_data,False,False
668,2015,,,,no_data,False,False
668,2016,,,,no_data,False,False
668,2017,,,,no_data,False,False
668,2018,3.0,barley_spring,,no_data,False,False
668,2019,3.0,barley_spring,,no_data,False,False
668,2020,15.0,linum,,no_data,False,False
668,2021,9.0,fallow,,no_data,False,False
668,2022,43.0,wheat_spring,,no_data,False,False
668,2023,43.0,wheat_spring,1.5998675,productivity_normalized,True,True
668,2024,36.0,soya,1.3128169,productivity_normalized,True,True
668,2025,43.0,wheat_spring,3.3545013,productivity_normalized,True,True
668,2026,43.0,wheat_spring,,no_data,False,False
668,2027,24.0,pea,,no_data,False,False
668,2028,,,,no_data,False,False
668,2029,,,,no_data,False,False
669,2000,,,,no_data,False,False
669,2001,,,,no_data,False,False
669,2002,,,,no_data,False,False
669,2003,,,,no_data,False,False
669,2004,,,,no_data,False,False
669,2005,,,,no_data,False,False
669,2006,,,,no_data,False,False
669,2007,,,,no_data,False,False
669,2008,,,,no_data,False,False
669,2009,,,,no_data,False,False
669,2010,,,,no_data,False,False
669,2011,,,,no_data,False,False
669,2012,,,,no_data,False,False
669,2013,,,,no_data,False,False
669,2014,,,,no_data,False,False
669,2015,,,,no_data,False,False
669,2016,,,,no_data,False,False
669,2017,,,,no_data,False,False
669,2018,20.0,oil_seed_raps_spring,,no_data,False,False
669,2019,43.0,wheat_spring,,no_data,False,False
669,2020,43.0,wheat_spring,,no_data,False,False
669,2021,15.0,linum,,no_data,False,False
669,2022,43.0,wheat_spring,,no_data,False,False
669,2023,43.0,wheat_spring,1.5975472,productivity_normalized,True,True
669,2024,43.0,wheat_spring,3.3226415000000005,productivity_normalized,True,True
669,2025,40.0,sunflower,1.0690566000000001,productivity_normalized,True,True
669,2026,43.0,wheat_spring,,no_data,False,False
669,2027,24.0,pea,,no_data,False,False
669,2028,,,,no_data,False,False
669,2029,,,,no_data,False,False
670,2000,,,,no_data,False,False
670,2001,,,,no_data,False,False
670,2002,,,,no_data,False,False
670,2003,,,,no_data,False,False
670,2004,,,,no_data,False,False
670,2005,,,,no_data,False,False
670,2006,,,,no_data,False,False
670,2007,,,,no_data,False,False
670,2008,,,,no_data,False,False
670,2009,,,,no_data,False,False
670,2010,,,,no_data,False,False
670,2011,,,,no_data,False,False
670,2012,,,,no_data,False,False
670,2013,,,,no_data,False,False
670,2014,,,,no_data,False,False
670,2015,,,,no_data,False,False
670,2016,,,,no_data,False,False
670,2017,,,,no_data,False,False
670,2018,9.0,fallow,,no_data,False,False
670,2019,3.0,barley_spring,,no_data,False,False
670,2020,3.0,barley_spring,,no_data,False,False
670,2021,15.0,linum,,no_data,False,False
670,2022,43.0,wheat_spring,,no_data,False,False
670,2023,5.0,buckwheat,0.7734286,productivity_normalized,True,True
670,2024,17.0,medicago,,no_data,False,False
670,2025,17.0,medicago,1.0,productivity_normalized,True,True
670,2026,17.0,medicago,,no_data,False,False
670,2027,17.0,medicago,,no_data,False,False
670,2028,,,,no_data,False,False
670,2029,,,,no_data,False,False
671,2000,,,,no_data,False,False
671,2001,,,,no_data,False,False
671,2002,,,,no_data,False,False
671,2003,,,,no_data,False,False
671,2004,,,,no_data,False,False
671,2005,,,,no_data,False,False
671,2006,,,,no_data,False,False
671,2007,,,,no_data,False,False
671,2008,,,,no_data,False,False
671,2009,,,,no_data,False,False
671,2010,,,,no_data,False,False
671,2011,,,,no_data,False,False
671,2012,,,,no_data,False,False
671,2013,,,,no_data,False,False
671,2014,,,,no_data,False,False
671,2015,,,,no_data,False,False
671,2016,,,,no_data,False,False
671,2017,,,,no_data,False,False
671,2018,43.0,wheat_spring,,no_data,False,False
671,2019,43.0,wheat_spring,,no_data,False,False
671,2020,9.0,fallow,,no_data,False,False
671,2021,15.0,linum,,no_data,False,False
671,2022,43.0,wheat_spring,,no_data,False,False
671,2023,43.0,wheat_spring,1.7734375,productivity_normalized,True,True
671,2024,43.0,wheat_spring,0.3125,productivity_normalized,False,True
671,2025,40.0,sunflower,1.2733333,productivity_normalized,True,True
671,2026,43.0,wheat_spring,,no_data,False,False
671,2027,24.0,pea,,no_data,False,False
671,2028,,,,no_data,False,False
671,2029,,,,no_data,False,False
672,2000,,,,no_data,False,False
672,2001,,,,no_data,False,False
672,2002,,,,no_data,False,False
672,2003,,,,no_data,False,False
672,2004,,,,no_data,False,False
672,2005,,,,no_data,False,False
672,2006,,,,no_data,False,False
672,2007,,,,no_data,False,False
672,2008,,,,no_data,False,False
672,2009,,,,no_data,False,False
672,2010,,,,no_data,False,False
672,2011,,,,no_data,False,False
672,2012,,,,no_data,False,False
672,2013,,,,no_data,False,False
672,2014,,,,no_data,False,False
672,2015,,,,no_data,False,False
672,2016,,,,no_data,False,False
672,2017,,,,no_data,False,False
672,2018,9.0,fallow,,no_data,False,False
672,2019,3.0,barley_spring,,no_data,False,False
672,2020,3.0,barley_spring,,no_data,False,False
672,2021,15.0,linum,,no_data,False,False
672,2022,43.0,wheat_spring,,no_data,False,False
672,2023,40.0,sunflower,1.8552174000000001,productivity_normalized,True,True
672,2024,3.0,barley_spring,2.3676521999999998,productivity_normalized,True,True
672,2025,24.0,pea,1.7893168,productivity_normalized,True,True
672,2026,20.0,oil_seed_raps_spring,,no_data,False,False
672,2027,43.0,wheat_spring,,no_data,False,False
672,2028,,,,no_data,False,False
672,2029,,,,no_data,False,False
674,2000,,,,no_data,False,False
674,2001,,,,no_data,False,False
674,2002,,,,no_data,False,False
674,2003,,,,no_data,False,False
674,2004,,,,no_data,False,False
674,2005,,,,no_data,False,False
674,2006,,,,no_data,False,False
674,2007,,,,no_data,False,False
674,2008,,,,no_data,False,False
674,2009,,,,no_data,False,False
674,2010,,,,no_data,False,False
674,2011,,,,no_data,False,False
674,2012,,,,no_data,False,False
674,2013,,,,no_data,False,False
674,2014,,,,no_data,False,False
674,2015,,,,no_data,False,False
674,2016,,,,no_data,False,False
674,2017,,,,no_data,False,False
674,2018,15.0,linum,,no_data,False,False
674,2019,9.0,fallow,,no_data,False,False
674,2020,20.0,oil_seed_raps_spring,,no_data,False,False
674,2021,43.0,wheat_spring,,no_data,False,False
674,2022,43.0,wheat_spring,,no_data,False,False
674,2023,13.0,lentil,1.2578205,productivity_normalized,True,True
674,2024,43.0,wheat_spring,4.6898425,productivity_normalized,True,True
674,2025,20.0,oil_seed_raps_spring,1.6521739,productivity_normalized,True,True
674,2026,3.0,barley_spring,,no_data,False,False
674,2027,40.0,sunflower,,no_data,False,False
674,2028,,,,no_data,False,False
674,2029,,,,no_data,False,False
675,2000,,,,no_data,False,False
675,2001,,,,no_data,False,False
675,2002,,,,no_data,False,False
675,2003,,,,no_data,False,False
675,2004,,,,no_data,False,False
675,2005,,,,no_data,False,False
675,2006,,,,no_data,False,False
675,2007,,,,no_data,False,False
675,2008,,,,no_data,False,False
675,2009,,,,no_data,False,False
675,2010,,,,no_data,False,False
675,2011,,,,no_data,False,False
675,2012,,,,no_data,False,False
675,2013,,,,no_data,False,False
675,2014,,,,no_data,False,False
675,2015,,,,no_data,False,False
675,2016,,,,no_data,False,False
675,2017,,,,no_data,False,False
675,2018,20.0,oil_seed_raps_spring,,no_data,False,False
675,2019,43.0,wheat_spring,,no_data,False,False
675,2020,43.0,wheat_spring,,no_data,False,False
675,2021,3.0,barley_spring,,no_data,False,False
675,2022,24.0,pea,,no_data,False,False
675,2023,43.0,wheat_spring,2.0089744,productivity_normalized,True,True
675,2024,40.0,sunflower,4.9047619,productivity_normalized,True,True
675,2025,43.0,wheat_spring,2.863354,productivity_normalized,True,True
675,2026,24.0,pea,,no_data,False,False
675,2027,20.0,oil_seed_raps_spring,,no_data,False,False
675,2028,,,,no_data,False,False
675,2029,,,,no_data,False,False
677,2000,,,,no_data,False,False
677,2001,,,,no_data,False,False
677,2002,,,,no_data,False,False
677,2003,,,,no_data,False,False
677,2004,,,,no_data,False,False
677,2005,,,,no_data,False,False
677,2006,,,,no_data,False,False
677,2007,,,,no_data,False,False
677,2008,,,,no_data,False,False
677,2009,,,,no_data,False,False
677,2010,,,,no_data,False,False
677,2011,,,,no_data,False,False
677,2012,,,,no_data,False,False
677,2013,,,,no_data,False,False
677,2014,,,,no_data,False,False
677,2015,,,,no_data,False,False
677,2016,,,,no_data,False,False
677,2017,,,,no_data,False,False
677,2018,13.0,lentil,,no_data,False,False
677,2019,43.0,wheat_spring,,no_data,False,False
677,2020,43.0,wheat_spring,,no_data,False,False
677,2021,43.0,wheat_spring,,no_data,False,False
677,2022,3.0,barley_spring,,no_data,False,False
677,2023,43.0,wheat_spring,2.2621428999999997,productivity_normalized,True,True
677,2024,13.0,lentil,1.64,productivity_normalized,True,True
677,2025,43.0,wheat_spring,,no_data,False,False
677,2026,20.0,oil_seed_raps_spring,,no_data,False,False
677,2027,3.0,barley_spring,,no_data,False,False
677,2028,,,,no_data,False,False
677,2029,,,,no_data,False,False
678,2000,,,,no_data,False,False
678,2001,,,,no_data,False,False
678,2002,,,,no_data,False,False
678,2003,,,,no_data,False,False
678,2004,,,,no_data,False,False
678,2005,,,,no_data,False,False
678,2006,,,,no_data,False,False
678,2007,,,,no_data,False,False
678,2008,,,,no_data,False,False
678,2009,,,,no_data,False,False
678,2010,,,,no_data,False,False
678,2011,,,,no_data,False,False
678,2012,,,,no_data,False,False
678,2013,,,,no_data,False,False
678,2014,,,,no_data,False,False
678,2015,,,,no_data,False,False
678,2016,,,,no_data,False,False
678,2017,,,,no_data,False,False
678,2018,,,,no_data,False,False
678,2019,,,,no_data,False,False
678,2020,,,,no_data,False,False
678,2021,3.0,barley_spring,,no_data,False,False
678,2022,24.0,pea,,no_data,False,False
678,2023,43.0,wheat_spring,2.0062687,productivity_normalized,True,True
678,2024,40.0,sunflower,,no_data,False,False
678,2025,,,,no_data,False,False
678,2026,,,,no_data,False,False
678,2027,,,,no_data,False,False
678,2028,,,,no_data,False,False
678,2029,,,,no_data,False,False
680,2000,,,,no_data,False,False
680,2001,,,,no_data,False,False
680,2002,,,,no_data,False,False
680,2003,,,,no_data,False,False
680,2004,,,,no_data,False,False
680,2005,,,,no_data,False,False
680,2006,,,,no_data,False,False
680,2007,,,,no_data,False,False
680,2008,,,,no_data,False,False
680,2009,,,,no_data,False,False
680,2010,,,,no_data,False,False
680,2011,,,,no_data,False,False
680,2012,,,,no_data,False,False
680,2013,,,,no_data,False,False
680,2014,,,,no_data,False,False
680,2015,,,,no_data,False,False
680,2016,,,,no_data,False,False
680,2017,,,,no_data,False,False
680,2018,20.0,oil_seed_raps_spring,,no_data,False,False
680,2019,43.0,wheat_spring,,no_data,False,False
680,2020,43.0,wheat_spring,,no_data,False,False
680,2021,3.0,barley_spring,,no_data,False,False
680,2022,24.0,pea,,no_data,False,False
680,2023,43.0,wheat_spring,2.5114634,productivity_normalized,True,True
680,2024,40.0,sunflower,5.0029268,productivity_normalized,True,True
680,2025,43.0,wheat_spring,,no_data,False,False
680,2026,24.0,pea,,no_data,False,False
680,2027,43.0,wheat_spring,,no_data,False,False
680,2028,,,,no_data,False,False
680,2029,,,,no_data,False,False
685,2000,,,,no_data,False,False
685,2001,,,,no_data,False,False
685,2002,,,,no_data,False,False
685,2003,,,,no_data,False,False
685,2004,,,,no_data,False,False
685,2005,,,,no_data,False,False
685,2006,,,,no_data,False,False
685,2007,,,,no_data,False,False
685,2008,,,,no_data,False,False
685,2009,,,,no_data,False,False
685,2010,,,,no_data,False,False
685,2011,,,,no_data,False,False
685,2012,,,,no_data,False,False
685,2013,,,,no_data,False,False
685,2014,,,,no_data,False,False
685,2015,,,,no_data,False,False
685,2016,,,,no_data,False,False
685,2017,,,,no_data,False,False
685,2018,15.0,linum,,no_data,False,False
685,2019,3.0,barley_spring,,no_data,False,False
685,2020,15.0,linum,,no_data,False,False
685,2021,,,,no_data,False,False
685,2022,24.0,pea,,no_data,False,False
685,2023,43.0,wheat_spring,3.0210127,productivity_normalized,True,True
685,2024,43.0,wheat_spring,3.1886076,productivity_normalized,True,True
685,2025,40.0,sunflower,1.2593197,productivity_normalized,True,True
685,2026,43.0,wheat_spring,,no_data,False,False
685,2027,13.0,lentil,,no_data,False,False
685,2028,,,,no_data,False,False
685,2029,,,,no_data,False,False
689,2000,,,,no_data,False,False
689,2001,,,,no_data,False,False
689,2002,,,,no_data,False,False
689,2003,,,,no_data,False,False
689,2004,,,,no_data,False,False
689,2005,,,,no_data,False,False
689,2006,,,,no_data,False,False
689,2007,,,,no_data,False,False
689,2008,,,,no_data,False,False
689,2009,,,,no_data,False,False
689,2010,,,,no_data,False,False
689,2011,,,,no_data,False,False
689,2012,,,,no_data,False,False
689,2013,,,,no_data,False,False
689,2014,,,,no_data,False,False
689,2015,,,,no_data,False,False
689,2016,,,,no_data,False,False
689,2017,,,,no_data,False,False
689,2018,13.0,lentil,,no_data,False,False
689,2019,43.0,wheat_spring,,no_data,False,False
689,2020,43.0,wheat_spring,,no_data,False,False
689,2021,43.0,wheat_spring,,no_data,False,False
689,2022,15.0,linum,,no_data,False,False
689,2023,3.0,barley_spring,1.1930768999999999,productivity_normalized,True,True
689,2024,43.0,wheat_spring,1.1392308,productivity_normalized,True,True
689,2025,43.0,wheat_spring,1.192,productivity_normalized,True,True
689,2026,40.0,sunflower,,no_data,False,False
689,2027,43.0,wheat_spring,,no_data,False,False
689,2028,,,,no_data,False,False
689,2029,,,,no_data,False,False
690,2000,,,,no_data,False,False
690,2001,,,,no_data,False,False
690,2002,,,,no_data,False,False
690,2003,,,,no_data,False,False
690,2004,,,,no_data,False,False
690,2005,,,,no_data,False,False
690,2006,,,,no_data,False,False
690,2007,,,,no_data,False,False
690,2008,,,,no_data,False,False
690,2009,,,,no_data,False,False
690,2010,,,,no_data,False,False
690,2011,,,,no_data,False,False
690,2012,,,,no_data,False,False
690,2013,,,,no_data,False,False
690,2014,,,,no_data,False,False
690,2015,,,,no_data,False,False
690,2016,,,,no_data,False,False
690,2017,,,,no_data,False,False
690,2018,,,,no_data,False,False
690,2019,,,,no_data,False,False
690,2020,,,,no_data,False,False
690,2021,43.0,wheat_spring,,no_data,False,False
690,2022,15.0,linum,,no_data,False,False
690,2023,43.0,wheat_spring,3.1429412,productivity_normalized,True,True
690,2024,43.0,wheat_spring,,no_data,False,False
690,2025,,,,no_data,False,False
690,2026,,,,no_data,False,False
690,2027,,,,no_data,False,False
690,2028,,,,no_data,False,False
690,2029,,,,no_data,False,False
693,2000,,,,no_data,False,False
693,2001,,,,no_data,False,False
693,2002,,,,no_data,False,False
693,2003,,,,no_data,False,False
693,2004,,,,no_data,False,False
693,2005,,,,no_data,False,False
693,2006,,,,no_data,False,False
693,2007,,,,no_data,False,False
693,2008,,,,no_data,False,False
693,2009,,,,no_data,False,False
693,2010,,,,no_data,False,False
693,2011,,,,no_data,False,False
693,2012,,,,no_data,False,False
693,2013,,,,no_data,False,False
693,2014,,,,no_data,False,False
693,2015,,,,no_data,False,False
693,2016,,,,no_data,False,False
693,2017,,,,no_data,False,False
693,2018,13.0,lentil,,no_data,False,False
693,2019,43.0,wheat_spring,,no_data,False,False
693,2020,43.0,wheat_spring,,no_data,False,False
693,2021,24.0,pea,,no_data,False,False
693,2022,15.0,linum,,no_data,False,False
693,2023,43.0,wheat_spring,1.8193878,productivity_normalized,True,True
693,2024,13.0,lentil,0.4937143,productivity_normalized,True,True
693,2025,43.0,wheat_spring,4.1495327,productivity_normalized,True,True
693,2026,40.0,sunflower,,no_data,False,False
693,2027,43.0,wheat_spring,,no_data,False,False
693,2028,,,,no_data,False,False
693,2029,,,,no_data,False,False
694,2000,,,,no_data,False,False
694,2001,,,,no_data,False,False
694,2002,,,,no_data,False,False
694,2003,,,,no_data,False,False
694,2004,,,,no_data,False,False
694,2005,,,,no_data,False,False
694,2006,,,,no_data,False,False
694,2007,,,,no_data,False,False
694,2008,,,,no_data,False,False
694,2009,,,,no_data,False,False
694,2010,,,,no_data,False,False
694,2011,,,,no_data,False,False
694,2012,,,,no_data,False,False
694,2013,,,,no_data,False,False
694,2014,,,,no_data,False,False
694,2015,,,,no_data,False,False
694,2016,,,,no_data,False,False
694,2017,,,,no_data,False,False
694,2018,13.0,lentil,,no_data,False,False
694,2019,43.0,wheat_spring,,no_data,False,False
694,2020,43.0,wheat_spring,,no_data,False,False
694,2021,1.0,avena_spring,,no_data,False,False
694,2022,15.0,linum,,no_data,False,False
694,2023,43.0,wheat_spring,1.8193939000000001,productivity_normalized,True,True
694,2024,43.0,wheat_spring,1.9284848,productivity_normalized,True,True
694,2025,43.0,wheat_spring,3.8374194000000004,productivity_normalized,True,True
694,2026,40.0,sunflower,,no_data,False,False
694,2027,43.0,wheat_spring,,no_data,False,False
694,2028,,,,no_data,False,False
694,2029,,,,no_data,False,False
695,2000,,,,no_data,False,False
695,2001,,,,no_data,False,False
695,2002,,,,no_data,False,False
695,2003,,,,no_data,False,False
695,2004,,,,no_data,False,False
695,2005,,,,no_data,False,False
695,2006,,,,no_data,False,False
695,2007,,,,no_data,False,False
695,2008,,,,no_data,False,False
695,2009,,,,no_data,False,False
695,2010,,,,no_data,False,False
695,2011,,,,no_data,False,False
695,2012,,,,no_data,False,False
695,2013,,,,no_data,False,False
695,2014,,,,no_data,False,False
695,2015,,,,no_data,False,False
695,2016,,,,no_data,False,False
695,2017,,,,no_data,False,False
695,2018,,,,no_data,False,False
695,2019,,,,no_data,False,False
695,2020,,,,no_data,False,False
695,2021,,,,no_data,False,False
695,2022,,,,no_data,False,False
695,2023,43.0,wheat_spring,1.8190000000000002,productivity_normalized,True,True
695,2024,43.0,wheat_spring,,no_data,False,False
695,2025,,,,no_data,False,False
695,2026,,,,no_data,False,False
695,2027,,,,no_data,False,False
695,2028,,,,no_data,False,False
695,2029,,,,no_data,False,False
696,2000,,,,no_data,False,False
696,2001,,,,no_data,False,False
696,2002,,,,no_data,False,False
696,2003,,,,no_data,False,False
696,2004,,,,no_data,False,False
696,2005,,,,no_data,False,False
696,2006,,,,no_data,False,False
696,2007,,,,no_data,False,False
696,2008,,,,no_data,False,False
696,2009,,,,no_data,False,False
696,2010,,,,no_data,False,False
696,2011,,,,no_data,False,False
696,2012,,,,no_data,False,False
696,2013,,,,no_data,False,False
696,2014,,,,no_data,False,False
696,2015,,,,no_data,False,False
696,2016,,,,no_data,False,False
696,2017,,,,no_data,False,False
696,2018,,,,no_data,False,False
696,2019,43.0,wheat_spring,,no_data,False,False
696,2020,57.0,nan,,no_data,False,False
696,2021,43.0,wheat_spring,,no_data,False,False
696,2022,15.0,linum,,no_data,False,False
696,2023,43.0,wheat_spring,1.7727778,productivity_normalized,True,True
696,2024,43.0,wheat_spring,4.2052632,productivity_normalized,True,True
696,2025,40.0,sunflower,,no_data,False,False
696,2026,3.0,barley_spring,,no_data,False,False
696,2027,36.0,soya,,no_data,False,False
696,2028,,,,no_data,False,False
696,2029,,,,no_data,False,False
698,2000,,,,no_data,False,False
698,2001,,,,no_data,False,False
698,2002,,,,no_data,False,False
698,2003,,,,no_data,False,False
698,2004,,,,no_data,False,False
698,2005,,,,no_data,False,False
698,2006,,,,no_data,False,False
698,2007,,,,no_data,False,False
698,2008,,,,no_data,False,False
698,2009,,,,no_data,False,False
698,2010,,,,no_data,False,False
698,2011,,,,no_data,False,False
698,2012,,,,no_data,False,False
698,2013,,,,no_data,False,False
698,2014,,,,no_data,False,False
698,2015,,,,no_data,False,False
698,2016,,,,no_data,False,False
698,2017,,,,no_data,False,False
698,2018,13.0,lentil,,no_data,False,False
698,2019,43.0,wheat_spring,,no_data,False,False
698,2020,43.0,wheat_spring,,no_data,False,False
698,2021,1.0,avena_spring,,no_data,False,False
698,2022,43.0,wheat_spring,,no_data,False,False
698,2023,24.0,pea,1.06,productivity_normalized,True,True
698,2024,43.0,wheat_spring,3.1886330999999997,productivity_normalized,True,True
698,2025,43.0,wheat_spring,3.1444444000000003,productivity_normalized,True,True
698,2026,40.0,sunflower,,no_data,False,False
698,2027,43.0,wheat_spring,,no_data,False,False
698,2028,,,,no_data,False,False
698,2029,,,,no_data,False,False
699,2000,,,,no_data,False,False
699,2001,,,,no_data,False,False
699,2002,,,,no_data,False,False
699,2003,,,,no_data,False,False
699,2004,,,,no_data,False,False
699,2005,,,,no_data,False,False
699,2006,,,,no_data,False,False
699,2007,,,,no_data,False,False
699,2008,,,,no_data,False,False
699,2009,,,,no_data,False,False
699,2010,,,,no_data,False,False
699,2011,,,,no_data,False,False
699,2012,,,,no_data,False,False
699,2013,,,,no_data,False,False
699,2014,,,,no_data,False,False
699,2015,,,,no_data,False,False
699,2016,,,,no_data,False,False
699,2017,,,,no_data,False,False
699,2018,3.0,barley_spring,,no_data,False,False
699,2019,3.0,barley_spring,,no_data,False,False
699,2020,15.0,linum,,no_data,False,False
699,2021,1.0,avena_spring,,no_data,False,False
699,2022,43.0,wheat_spring,,no_data,False,False
699,2023,43.0,wheat_spring,3.1443548,productivity_normalized,True,True
699,2024,43.0,wheat_spring,1.9542857000000002,productivity_normalized,True,True
699,2025,40.0,sunflower,0.8644068,productivity_normalized,True,True
699,2026,43.0,wheat_spring,,no_data,False,False
699,2027,13.0,lentil,,no_data,False,False
699,2028,,,,no_data,False,False
699,2029,,,,no_data,False,False
700,2000,,,,no_data,False,False
700,2001,,,,no_data,False,False
700,2002,,,,no_data,False,False
700,2003,,,,no_data,False,False
700,2004,,,,no_data,False,False
700,2005,,,,no_data,False,False
700,2006,,,,no_data,False,False
700,2007,,,,no_data,False,False
700,2008,,,,no_data,False,False
700,2009,,,,no_data,False,False
700,2010,,,,no_data,False,False
700,2011,,,,no_data,False,False
700,2012,,,,no_data,False,False
700,2013,,,,no_data,False,False
700,2014,,,,no_data,False,False
700,2015,,,,no_data,False,False
700,2016,,,,no_data,False,False
700,2017,,,,no_data,False,False
700,2018,,,,no_data,False,False
700,2019,43.0,wheat_spring,,no_data,False,False
700,2020,15.0,linum,,no_data,False,False
700,2021,9.0,fallow,,no_data,False,False
700,2022,43.0,wheat_spring,,no_data,False,False
700,2023,43.0,wheat_spring,1.7717778,productivity_normalized,True,True
700,2024,43.0,wheat_spring,3.1551111,productivity_normalized,True,True
700,2025,40.0,sunflower,,no_data,False,False
700,2026,3.0,barley_spring,,no_data,False,False
700,2027,36.0,soya,,no_data,False,False
700,2028,,,,no_data,False,False
700,2029,,,,no_data,False,False
701,2000,,,,no_data,False,False
701,2001,,,,no_data,False,False
701,2002,,,,no_data,False,False
701,2003,,,,no_data,False,False
701,2004,,,,no_data,False,False
701,2005,,,,no_data,False,False
701,2006,,,,no_data,False,False
701,2007,,,,no_data,False,False
701,2008,,,,no_data,False,False
701,2009,,,,no_data,False,False
701,2010,,,,no_data,False,False
701,2011,,,,no_data,False,False
701,2012,,,,no_data,False,False
701,2013,,,,no_data,False,False
701,2014,,,,no_data,False,False
701,2015,,,,no_data,False,False
701,2016,,,,no_data,False,False
701,2017,,,,no_data,False,False
701,2018,,,,no_data,False,False
701,2019,,,,no_data,False,False
701,2020,,,,no_data,False,False
701,2021,43.0,wheat_spring,,no_data,False,False
701,2022,3.0,barley_spring,,no_data,False,False
701,2023,43.0,wheat_spring,2.2635714,productivity_normalized,True,True
701,2024,13.0,lentil,,no_data,False,False
701,2025,,,,no_data,False,False
701,2026,,,,no_data,False,False
701,2027,,,,no_data,False,False
701,2028,,,,no_data,False,False
701,2029,,,,no_data,False,False
705,2000,,,,no_data,False,False
705,2001,,,,no_data,False,False
705,2002,,,,no_data,False,False
705,2003,,,,no_data,False,False
705,2004,,,,no_data,False,False
705,2005,,,,no_data,False,False
705,2006,,,,no_data,False,False
705,2007,,,,no_data,False,False
705,2008,,,,no_data,False,False
705,2009,,,,no_data,False,False
705,2010,,,,no_data,False,False
705,2011,,,,no_data,False,False
705,2012,,,,no_data,False,False
705,2013,,,,no_data,False,False
705,2014,,,,no_data,False,False
705,2015,,,,no_data,False,False
705,2016,,,,no_data,False,False
705,2017,,,,no_data,False,False
705,2018,,,,no_data,False,False
705,2019,,,,no_data,False,False
705,2020,,,,no_data,False,False
705,2021,43.0,wheat_spring,,no_data,False,False
705,2022,3.0,barley_spring,,no_data,False,False
705,2023,45.0,nan,,no_data,False,False
705,2024,45.0,nan,1.4625,productivity_normalized,True,True
705,2025,,,,no_data,False,False
705,2026,,,,no_data,False,False
705,2027,,,,no_data,False,False
705,2028,,,,no_data,False,False
705,2029,,,,no_data,False,False
706,2000,,,,no_data,False,False
706,2001,,,,no_data,False,False
706,2002,,,,no_data,False,False
706,2003,,,,no_data,False,False
706,2004,,,,no_data,False,False
706,2005,,,,no_data,False,False
706,2006,,,,no_data,False,False
706,2007,,,,no_data,False,False
706,2008,,,,no_data,False,False
706,2009,,,,no_data,False,False
706,2010,,,,no_data,False,False
706,2011,,,,no_data,False,False
706,2012,,,,no_data,False,False
706,2013,,,,no_data,False,False
706,2014,,,,no_data,False,False
706,2015,,,,no_data,False,False
706,2016,,,,no_data,False,False
706,2017,,,,no_data,False,False
706,2018,13.0,lentil,,no_data,False,False
706,2019,43.0,wheat_spring,,no_data,False,False
706,2020,43.0,wheat_spring,,no_data,False,False
706,2021,43.0,wheat_spring,,no_data,False,False
706,2022,3.0,barley_spring,,no_data,False,False
706,2023,43.0,wheat_spring,2.0191667,productivity_normalized,True,True
706,2024,13.0,lentil,0.7350725,productivity_normalized,True,True
706,2025,43.0,wheat_spring,0.828642,productivity_normalized,True,True
706,2026,43.0,wheat_spring,,no_data,False,False
706,2027,40.0,sunflower,,no_data,False,False
706,2028,,,,no_data,False,False
706,2029,,,,no_data,False,False
707,2000,,,,no_data,False,False
707,2001,,,,no_data,False,False
707,2002,,,,no_data,False,False
707,2003,,,,no_data,False,False
707,2004,,,,no_data,False,False
707,2005,,,,no_data,False,False
707,2006,,,,no_data,False,False
707,2007,,,,no_data,False,False
707,2008,,,,no_data,False,False
707,2009,,,,no_data,False,False
707,2010,,,,no_data,False,False
707,2011,,,,no_data,False,False
707,2012,,,,no_data,False,False
707,2013,,,,no_data,False,False
707,2014,,,,no_data,False,False
707,2015,,,,no_data,False,False
707,2016,,,,no_data,False,False
707,2017,,,,no_data,False,False
707,2018,,,,no_data,False,False
707,2019,,,,no_data,False,False
707,2020,,,,no_data,False,False
707,2021,43.0,wheat_spring,,no_data,False,False
707,2022,3.0,barley_spring,,no_data,False,False
707,2023,45.0,nan,,no_data,False,False
707,2024,45.0,nan,,no_data,False,False
707,2025,,,,no_data,False,False
707,2026,,,,no_data,False,False
707,2027,,,,no_data,False,False
707,2028,,,,no_data,False,False
707,2029,,,,no_data,False,False
709,2000,,,,no_data,False,False
709,2001,,,,no_data,False,False
709,2002,,,,no_data,False,False
709,2003,,,,no_data,False,False
709,2004,,,,no_data,False,False
709,2005,,,,no_data,False,False
709,2006,,,,no_data,False,False
709,2007,,,,no_data,False,False
709,2008,,,,no_data,False,False
709,2009,,,,no_data,False,False
709,2010,,,,no_data,False,False
709,2011,,,,no_data,False,False
709,2012,,,,no_data,False,False
709,2013,,,,no_data,False,False
709,2014,,,,no_data,False,False
709,2015,,,,no_data,False,False
709,2016,,,,no_data,False,False
709,2017,,,,no_data,False,False
709,2018,,,,no_data,False,False
709,2019,,,,no_data,False,False
709,2020,,,,no_data,False,False
709,2021,43.0,wheat_spring,,no_data,False,False
709,2022,3.0,barley_spring,,no_data,False,False
709,2023,45.0,nan,,no_data,False,False
709,2024,45.0,nan,,no_data,False,False
709,2025,,,,no_data,False,False
709,2026,,,,no_data,False,False
709,2027,,,,no_data,False,False
709,2028,,,,no_data,False,False
709,2029,,,,no_data,False,False
710,2000,,,,no_data,False,False
710,2001,,,,no_data,False,False
710,2002,,,,no_data,False,False
710,2003,,,,no_data,False,False
710,2004,,,,no_data,False,False
710,2005,,,,no_data,False,False
710,2006,,,,no_data,False,False
710,2007,,,,no_data,False,False
710,2008,,,,no_data,False,False
710,2009,,,,no_data,False,False
710,2010,,,,no_data,False,False
710,2011,,,,no_data,False,False
710,2012,,,,no_data,False,False
710,2013,,,,no_data,False,False
710,2014,,,,no_data,False,False
710,2015,,,,no_data,False,False
710,2016,,,,no_data,False,False
710,2017,,,,no_data,False,False
710,2018,,,,no_data,False,False
710,2019,,,,no_data,False,False
710,2020,,,,no_data,False,False
710,2021,43.0,wheat_spring,,no_data,False,False
710,2022,3.0,barley_spring,,no_data,False,False
710,2023,43.0,wheat_spring,2.0161111,productivity_normalized,True,True
710,2024,13.0,lentil,,no_data,False,False
710,2025,,,,no_data,False,False
710,2026,,,,no_data,False,False
710,2027,,,,no_data,False,False
710,2028,,,,no_data,False,False
710,2029,,,,no_data,False,False
711,2000,,,,no_data,False,False
711,2001,,,,no_data,False,False
711,2002,,,,no_data,False,False
711,2003,,,,no_data,False,False
711,2004,,,,no_data,False,False
711,2005,,,,no_data,False,False
711,2006,,,,no_data,False,False
711,2007,,,,no_data,False,False
711,2008,,,,no_data,False,False
711,2009,,,,no_data,False,False
711,2010,,,,no_data,False,False
711,2011,,,,no_data,False,False
711,2012,,,,no_data,False,False
711,2013,,,,no_data,False,False
711,2014,,,,no_data,False,False
711,2015,,,,no_data,False,False
711,2016,,,,no_data,False,False
711,2017,,,,no_data,False,False
711,2018,13.0,lentil,,no_data,False,False
711,2019,43.0,wheat_spring,,no_data,False,False
711,2020,43.0,wheat_spring,,no_data,False,False
711,2021,43.0,wheat_spring,,no_data,False,False
711,2022,3.0,barley_spring,,no_data,False,False
711,2023,43.0,wheat_spring,1.7377647,productivity_normalized,True,True
711,2024,13.0,lentil,0.6596295999999999,productivity_normalized,True,True
711,2025,43.0,wheat_spring,2.0722221999999997,productivity_normalized,True,True
711,2026,43.0,wheat_spring,,no_data,False,False
711,2027,24.0,pea,,no_data,False,False
711,2028,,,,no_data,False,False
711,2029,,,,no_data,False,False
712,2000,,,,no_data,False,False
712,2001,,,,no_data,False,False
712,2002,,,,no_data,False,False
712,2003,,,,no_data,False,False
712,2004,,,,no_data,False,False
712,2005,,,,no_data,False,False
712,2006,,,,no_data,False,False
712,2007,,,,no_data,False,False
712,2008,,,,no_data,False,False
712,2009,,,,no_data,False,False
712,2010,,,,no_data,False,False
712,2011,,,,no_data,False,False
712,2012,,,,no_data,False,False
712,2013,,,,no_data,False,False
712,2014,,,,no_data,False,False
712,2015,,,,no_data,False,False
712,2016,,,,no_data,False,False
712,2017,,,,no_data,False,False
712,2018,13.0,lentil,,no_data,False,False
712,2019,43.0,wheat_spring,,no_data,False,False
712,2020,43.0,wheat_spring,,no_data,False,False
712,2021,,,,no_data,False,False
712,2022,,,,no_data,False,False
712,2023,24.0,pea,2.1550000000000002,productivity_normalized,True,True
712,2024,43.0,wheat_spring,2.481875,productivity_normalized,True,True
712,2025,43.0,wheat_spring,,no_data,False,False
712,2026,20.0,oil_seed_raps_spring,,no_data,False,False
712,2027,3.0,barley_spring,,no_data,False,False
712,2028,,,,no_data,False,False
712,2029,,,,no_data,False,False
713,2000,,,,no_data,False,False
713,2001,,,,no_data,False,False
713,2002,,,,no_data,False,False
713,2003,,,,no_data,False,False
713,2004,,,,no_data,False,False
713,2005,,,,no_data,False,False
713,2006,,,,no_data,False,False
713,2007,,,,no_data,False,False
713,2008,,,,no_data,False,False
713,2009,,,,no_data,False,False
713,2010,,,,no_data,False,False
713,2011,,,,no_data,False,False
713,2012,,,,no_data,False,False
713,2013,,,,no_data,False,False
713,2014,,,,no_data,False,False
713,2015,,,,no_data,False,False
713,2016,,,,no_data,False,False
713,2017,,,,no_data,False,False
713,2018,,,,no_data,False,False
713,2019,,,,no_data,False,False
713,2020,,,,no_data,False,False
713,2021,43.0,wheat_spring,,no_data,False,False
713,2022,3.0,barley_spring,,no_data,False,False
713,2023,43.0,wheat_spring,1.7382353,productivity_normalized,True,True
713,2024,13.0,lentil,,no_data,False,False
713,2025,,,,no_data,False,False
713,2026,,,,no_data,False,False
713,2027,,,,no_data,False,False
713,2028,,,,no_data,False,False
713,2029,,,,no_data,False,False
714,2000,,,,no_data,False,False
714,2001,,,,no_data,False,False
714,2002,,,,no_data,False,False
714,2003,,,,no_data,False,False
714,2004,,,,no_data,False,False
714,2005,,,,no_data,False,False
714,2006,,,,no_data,False,False
714,2007,,,,no_data,False,False
714,2008,,,,no_data,False,False
714,2009,,,,no_data,False,False
714,2010,,,,no_data,False,False
714,2011,,,,no_data,False,False
714,2012,,,,no_data,False,False
714,2013,,,,no_data,False,False
714,2014,,,,no_data,False,False
714,2015,,,,no_data,False,False
714,2016,,,,no_data,False,False
714,2017,,,,no_data,False,False
714,2018,,,,no_data,False,False
714,2019,,,,no_data,False,False
714,2020,,,,no_data,False,False
714,2021,,,,no_data,False,False
714,2022,,,,no_data,False,False
714,2023,45.0,nan,,no_data,False,False
714,2024,45.0,nan,,no_data,False,False
714,2025,,,,no_data,False,False
714,2026,,,,no_data,False,False
714,2027,,,,no_data,False,False
714,2028,,,,no_data,False,False
714,2029,,,,no_data,False,False
715,2000,,,,no_data,False,False
715,2001,,,,no_data,False,False
715,2002,,,,no_data,False,False
715,2003,,,,no_data,False,False
715,2004,,,,no_data,False,False
715,2005,,,,no_data,False,False
715,2006,,,,no_data,False,False
715,2007,,,,no_data,False,False
715,2008,,,,no_data,False,False
715,2009,,,,no_data,False,False
715,2010,,,,no_data,False,False
715,2011,,,,no_data,False,False
715,2012,,,,no_data,False,False
715,2013,,,,no_data,False,False
715,2014,,,,no_data,False,False
715,2015,,,,no_data,False,False
715,2016,,,,no_data,False,False
715,2017,,,,no_data,False,False
715,2018,13.0,lentil,,no_data,False,False
715,2019,43.0,wheat_spring,,no_data,False,False
715,2020,24.0,pea,,no_data,False,False
715,2021,43.0,wheat_spring,,no_data,False,False
715,2022,43.0,wheat_spring,,no_data,False,False
715,2023,40.0,sunflower,1.8202684999999998,productivity_normalized,True,True
715,2024,43.0,wheat_spring,3.2449664,productivity_normalized,True,True
715,2025,24.0,pea,2.3115254,productivity_normalized,True,True
715,2026,20.0,oil_seed_raps_spring,,no_data,False,False
715,2027,43.0,wheat_spring,,no_data,False,False
715,2028,,,,no_data,False,False
715,2029,,,,no_data,False,False
716,2000,,,,no_data,False,False
716,2001,,,,no_data,False,False
716,2002,,,,no_data,False,False
716,2003,,,,no_data,False,False
716,2004,,,,no_data,False,False
716,2005,,,,no_data,False,False
716,2006,,,,no_data,False,False
716,2007,,,,no_data,False,False
716,2008,,,,no_data,False,False
716,2009,,,,no_data,False,False
716,2010,,,,no_data,False,False
716,2011,,,,no_data,False,False
716,2012,,,,no_data,False,False
716,2013,,,,no_data,False,False
716,2014,,,,no_data,False,False
716,2015,,,,no_data,False,False
716,2016,,,,no_data,False,False
716,2017,,,,no_data,False,False
716,2018,43.0,wheat_spring,,no_data,False,False
716,2019,15.0,linum,,no_data,False,False
716,2020,9.0,fallow,,no_data,False,False
716,2021,20.0,oil_seed_raps_spring,,no_data,False,False
716,2022,43.0,wheat_spring,,no_data,False,False
716,2023,3.0,barley_spring,1.8917857000000002,productivity_normalized,True,True
716,2024,40.0,sunflower,2.8678571,productivity_normalized,True,True
716,2025,43.0,wheat_spring,,no_data,False,False
716,2026,13.0,lentil,,no_data,False,False
716,2027,44.0,wheat_winter,,no_data,False,False
716,2028,,,,no_data,False,False
716,2029,,,,no_data,False,False
717,2000,,,,no_data,False,False
717,2001,,,,no_data,False,False
717,2002,,,,no_data,False,False
717,2003,,,,no_data,False,False
717,2004,,,,no_data,False,False
717,2005,,,,no_data,False,False
717,2006,,,,no_data,False,False
717,2007,,,,no_data,False,False
717,2008,,,,no_data,False,False
717,2009,,,,no_data,False,False
717,2010,,,,no_data,False,False
717,2011,,,,no_data,False,False
717,2012,,,,no_data,False,False
717,2013,,,,no_data,False,False
717,2014,,,,no_data,False,False
717,2015,,,,no_data,False,False
717,2016,,,,no_data,False,False
717,2017,,,,no_data,False,False
717,2018,,,,no_data,False,False
717,2019,,,,no_data,False,False
717,2020,,,,no_data,False,False
717,2021,43.0,wheat_spring,,no_data,False,False
717,2022,43.0,wheat_spring,,no_data,False,False
717,2023,40.0,sunflower,2.4256757,productivity_normalized,True,True
717,2024,43.0,wheat_spring,2.1251316,productivity_normalized,True,True
717,2025,24.0,pea,2.4324000000000003,productivity_normalized,True,True
717,2026,20.0,oil_seed_raps_spring,,no_data,False,False
717,2027,43.0,wheat_spring,,no_data,False,False
717,2028,,,,no_data,False,False
717,2029,,,,no_data,False,False
718,2000,,,,no_data,False,False
718,2001,,,,no_data,False,False
718,2002,,,,no_data,False,False
718,2003,,,,no_data,False,False
718,2004,,,,no_data,False,False
718,2005,,,,no_data,False,False
718,2006,,,,no_data,False,False
718,2007,,,,no_data,False,False
718,2008,,,,no_data,False,False
718,2009,,,,no_data,False,False
718,2010,,,,no_data,False,False
718,2011,,,,no_data,False,False
718,2012,,,,no_data,False,False
718,2013,,,,no_data,False,False
718,2014,,,,no_data,False,False
718,2015,,,,no_data,False,False
718,2016,,,,no_data,False,False
718,2017,,,,no_data,False,False
718,2018,20.0,oil_seed_raps_spring,,no_data,False,False
718,2019,43.0,wheat_spring,,no_data,False,False
718,2020,43.0,wheat_spring,,no_data,False,False
718,2021,3.0,barley_spring,,no_data,False,False
718,2022,20.0,oil_seed_raps_spring,,no_data,False,False
718,2023,43.0,wheat_spring,1.7971698,productivity_normalized,True,True
718,2024,40.0,sunflower,3.9079245,productivity_normalized,True,True
718,2025,43.0,wheat_spring,,no_data,False,False
718,2026,13.0,lentil,,no_data,False,False
718,2027,44.0,wheat_winter,,no_data,False,False
718,2028,,,,no_data,False,False
718,2029,,,,no_data,False,False
719,2000,,,,no_data,False,False
719,2001,,,,no_data,False,False
719,2002,,,,no_data,False,False
719,2003,,,,no_data,False,False
719,2004,,,,no_data,False,False
719,2005,,,,no_data,False,False
719,2006,,,,no_data,False,False
719,2007,,,,no_data,False,False
719,2008,,,,no_data,False,False
719,2009,,,,no_data,False,False
719,2010,,,,no_data,False,False
719,2011,,,,no_data,False,False
719,2012,,,,no_data,False,False
719,2013,,,,no_data,False,False
719,2014,,,,no_data,False,False
719,2015,,,,no_data,False,False
719,2016,,,,no_data,False,False
719,2017,,,,no_data,False,False
719,2018,,,,no_data,False,False
719,2019,,,,no_data,False,False
719,2020,,,,no_data,False,False
719,2021,43.0,wheat_spring,,no_data,False,False
719,2022,43.0,wheat_spring,,no_data,False,False
719,2023,40.0,sunflower,2.43,productivity_normalized,True,True
719,2024,43.0,wheat_spring,,no_data,False,False
719,2025,,,,no_data,False,False
719,2026,,,,no_data,False,False
719,2027,,,,no_data,False,False
719,2028,,,,no_data,False,False
719,2029,,,,no_data,False,False
722,2000,,,,no_data,False,False
722,2001,,,,no_data,False,False
722,2002,,,,no_data,False,False
722,2003,,,,no_data,False,False
722,2004,,,,no_data,False,False
722,2005,,,,no_data,False,False
722,2006,,,,no_data,False,False
722,2007,,,,no_data,False,False
722,2008,,,,no_data,False,False
722,2009,,,,no_data,False,False
722,2010,,,,no_data,False,False
722,2011,,,,no_data,False,False
722,2012,,,,no_data,False,False
722,2013,,,,no_data,False,False
722,2014,,,,no_data,False,False
722,2015,,,,no_data,False,False
722,2016,,,,no_data,False,False
722,2017,,,,no_data,False,False
722,2018,13.0,lentil,,no_data,False,False
722,2019,43.0,wheat_spring,,no_data,False,False
722,2020,24.0,pea,,no_data,False,False
722,2021,43.0,wheat_spring,,no_data,False,False
722,2022,43.0,wheat_spring,,no_data,False,False
722,2023,40.0,sunflower,2.3453571,productivity_normalized,True,True
722,2024,43.0,wheat_spring,3.1435714,productivity_normalized,True,True
722,2025,43.0,wheat_spring,1.9607407,productivity_normalized,True,True
722,2026,40.0,sunflower,,no_data,False,False
722,2027,43.0,wheat_spring,,no_data,False,False
722,2028,,,,no_data,False,False
722,2029,,,,no_data,False,False
725,2000,,,,no_data,False,False
725,2001,,,,no_data,False,False
725,2002,,,,no_data,False,False
725,2003,,,,no_data,False,False
725,2004,,,,no_data,False,False
725,2005,,,,no_data,False,False
725,2006,,,,no_data,False,False
725,2007,,,,no_data,False,False
725,2008,,,,no_data,False,False
725,2009,,,,no_data,False,False
725,2010,,,,no_data,False,False
725,2011,,,,no_data,False,False
725,2012,,,,no_data,False,False
725,2013,,,,no_data,False,False
725,2014,,,,no_data,False,False
725,2015,,,,no_data,False,False
725,2016,,,,no_data,False,False
725,2017,,,,no_data,False,False
725,2018,20.0,oil_seed_raps_spring,,no_data,False,False
725,2019,43.0,wheat_spring,,no_data,False,False
725,2020,43.0,wheat_spring,,no_data,False,False
725,2021,3.0,barley_spring,,no_data,False,False
725,2022,5.0,buckwheat,,no_data,False,False
725,2023,3.0,barley_spring,1.89,productivity_normalized,True,True
725,2024,40.0,sunflower,4.84875,productivity_normalized,True,True
725,2025,43.0,wheat_spring,2.7949849,productivity_normalized,True,True
725,2026,24.0,pea,,no_data,False,False
725,2027,20.0,oil_seed_raps_spring,,no_data,False,False
725,2028,,,,no_data,False,False
725,2029,,,,no_data,False,False
726,2000,,,,no_data,False,False
726,2001,,,,no_data,False,False
726,2002,,,,no_data,False,False
726,2003,,,,no_data,False,False
726,2004,,,,no_data,False,False
726,2005,,,,no_data,False,False
726,2006,,,,no_data,False,False
726,2007,,,,no_data,False,False
726,2008,,,,no_data,False,False
726,2009,,,,no_data,False,False
726,2010,,,,no_data,False,False
726,2011,,,,no_data,False,False
726,2012,,,,no_data,False,False
726,2013,,,,no_data,False,False
726,2014,,,,no_data,False,False
726,2015,,,,no_data,False,False
726,2016,,,,no_data,False,False
726,2017,,,,no_data,False,False
726,2018,,,,no_data,False,False
726,2019,,,,no_data,False,False
726,2020,,,,no_data,False,False
726,2021,20.0,oil_seed_raps_spring,,no_data,False,False
726,2022,43.0,wheat_spring,,no_data,False,False
726,2023,36.0,soya,0.7297059,productivity_normalized,True,True
726,2024,56.0,nan,2.4810293999999997,productivity_normalized,True,True
726,2025,20.0,oil_seed_raps_spring,,no_data,False,False
726,2026,13.0,lentil,,no_data,False,False
726,2027,56.0,nan,,no_data,False,False
726,2028,,,,no_data,False,False
726,2029,,,,no_data,False,False
727,2000,,,,no_data,False,False
727,2001,,,,no_data,False,False
727,2002,,,,no_data,False,False
727,2003,,,,no_data,False,False
727,2004,,,,no_data,False,False
727,2005,,,,no_data,False,False
727,2006,,,,no_data,False,False
727,2007,,,,no_data,False,False
727,2008,,,,no_data,False,False
727,2009,,,,no_data,False,False
727,2010,,,,no_data,False,False
727,2011,,,,no_data,False,False
727,2012,,,,no_data,False,False
727,2013,,,,no_data,False,False
727,2014,,,,no_data,False,False
727,2015,,,,no_data,False,False
727,2016,,,,no_data,False,False
727,2017,,,,no_data,False,False
727,2018,43.0,wheat_spring,,no_data,False,False
727,2019,15.0,linum,,no_data,False,False
727,2020,9.0,fallow,,no_data,False,False
727,2021,20.0,oil_seed_raps_spring,,no_data,False,False
727,2022,43.0,wheat_spring,,no_data,False,False
727,2023,13.0,lentil,1.3795237999999999,productivity_normalized,True,True
727,2024,43.0,wheat_spring,2.812381,productivity_normalized,True,True
727,2025,20.0,oil_seed_raps_spring,,no_data,False,False
727,2026,24.0,pea,,no_data,False,False
727,2027,56.0,nan,,no_data,False,False
727,2028,,,,no_data,False,False
727,2029,,,,no_data,False,False
728,2000,,,,no_data,False,False
728,2001,,,,no_data,False,False
728,2002,,,,no_data,False,False
728,2003,,,,no_data,False,False
728,2004,,,,no_data,False,False
728,2005,,,,no_data,False,False
728,2006,,,,no_data,False,False
728,2007,,,,no_data,False,False
728,2008,,,,no_data,False,False
728,2009,,,,no_data,False,False
728,2010,,,,no_data,False,False
728,2011,,,,no_data,False,False
728,2012,,,,no_data,False,False
728,2013,,,,no_data,False,False
728,2014,,,,no_data,False,False
728,2015,,,,no_data,False,False
728,2016,,,,no_data,False,False
728,2017,,,,no_data,False,False
728,2018,15.0,linum,,no_data,False,False
728,2019,15.0,linum,,no_data,False,False
728,2020,9.0,fallow,,no_data,False,False
728,2021,20.0,oil_seed_raps_spring,,no_data,False,False
728,2022,43.0,wheat_spring,,no_data,False,False
728,2023,43.0,wheat_spring,2.0159649,productivity_normalized,True,True
728,2024,13.0,lentil,1.4098245999999999,productivity_normalized,True,True
728,2025,44.0,wheat_winter,3.3735849,productivity_normalized,True,True
728,2026,3.0,barley_spring,,no_data,False,False
728,2027,40.0,sunflower,,no_data,False,False
728,2028,,,,no_data,False,False
728,2029,,,,no_data,False,False
729,2000,,,,no_data,False,False
729,2001,,,,no_data,False,False
729,2002,,,,no_data,False,False
729,2003,,,,no_data,False,False
729,2004,,,,no_data,False,False
729,2005,,,,no_data,False,False
729,2006,,,,no_data,False,False
729,2007,,,,no_data,False,False
729,2008,,,,no_data,False,False
729,2009,,,,no_data,False,False
729,2010,,,,no_data,False,False
729,2011,,,,no_data,False,False
729,2012,,,,no_data,False,False
729,2013,,,,no_data,False,False
729,2014,,,,no_data,False,False
729,2015,,,,no_data,False,False
729,2016,,,,no_data,False,False
729,2017,,,,no_data,False,False
729,2018,43.0,wheat_spring,,no_data,False,False
729,2019,15.0,linum,,no_data,False,False
729,2020,15.0,linum,,no_data,False,False
729,2021,20.0,oil_seed_raps_spring,,no_data,False,False
729,2022,43.0,wheat_spring,,no_data,False,False
729,2023,43.0,wheat_spring,1.8895745000000002,productivity_normalized,True,True
729,2024,3.0,barley_spring,4.021777800000001,productivity_normalized,True,True
729,2025,24.0,pea,1.2093023,productivity_normalized,True,True
729,2026,3.0,barley_spring,,no_data,False,False
729,2027,40.0,sunflower,,no_data,False,False
729,2028,,,,no_data,False,False
729,2029,,,,no_data,False,False
730,2000,,,,no_data,False,False
730,2001,,,,no_data,False,False
730,2002,,,,no_data,False,False
730,2003,,,,no_data,False,False
730,2004,,,,no_data,False,False
730,2005,,,,no_data,False,False
730,2006,,,,no_data,False,False
730,2007,,,,no_data,False,False
730,2008,,,,no_data,False,False
730,2009,,,,no_data,False,False
730,2010,,,,no_data,False,False
730,2011,,,,no_data,False,False
730,2012,,,,no_data,False,False
730,2013,,,,no_data,False,False
730,2014,,,,no_data,False,False
730,2015,,,,no_data,False,False
730,2016,,,,no_data,False,False
730,2017,,,,no_data,False,False
730,2018,43.0,wheat_spring,,no_data,False,False
730,2019,15.0,linum,,no_data,False,False
730,2020,9.0,fallow,,no_data,False,False
730,2021,20.0,oil_seed_raps_spring,,no_data,False,False
730,2022,43.0,wheat_spring,,no_data,False,False
730,2023,13.0,lentil,1.3800000000000001,productivity_normalized,True,True
730,2024,43.0,wheat_spring,3.4386364,productivity_normalized,True,True
730,2025,20.0,oil_seed_raps_spring,,no_data,False,False
730,2026,24.0,pea,,no_data,False,False
730,2027,56.0,nan,,no_data,False,False
730,2028,,,,no_data,False,False
730,2029,,,,no_data,False,False
731,2000,,,,no_data,False,False
731,2001,,,,no_data,False,False
731,2002,,,,no_data,False,False
731,2003,,,,no_data,False,False
731,2004,,,,no_data,False,False
731,2005,,,,no_data,False,False
731,2006,,,,no_data,False,False
731,2007,,,,no_data,False,False
731,2008,,,,no_data,False,False
731,2009,,,,no_data,False,False
731,2010,,,,no_data,False,False
731,2011,,,,no_data,False,False
731,2012,,,,no_data,False,False
731,2013,,,,no_data,False,False
731,2014,,,,no_data,False,False
731,2015,,,,no_data,False,False
731,2016,,,,no_data,False,False
731,2017,,,,no_data,False,False
731,2018,,,,no_data,False,False
731,2019,,,,no_data,False,False
731,2020,,,,no_data,False,False
731,2021,,,,no_data,False,False
731,2022,,,,no_data,False,False
731,2023,45.0,nan,,no_data,False,False
731,2024,45.0,nan,,no_data,False,False
731,2025,,,,no_data,False,False
731,2026,,,,no_data,False,False
731,2027,,,,no_data,False,False
731,2028,,,,no_data,False,False
731,2029,,,,no_data,False,False
732,2000,,,,no_data,False,False
732,2001,,,,no_data,False,False
732,2002,,,,no_data,False,False
732,2003,,,,no_data,False,False
732,2004,,,,no_data,False,False
732,2005,,,,no_data,False,False
732,2006,,,,no_data,False,False
732,2007,,,,no_data,False,False
732,2008,,,,no_data,False,False
732,2009,,,,no_data,False,False
732,2010,,,,no_data,False,False
732,2011,,,,no_data,False,False
732,2012,,,,no_data,False,False
732,2013,,,,no_data,False,False
732,2014,,,,no_data,False,False
732,2015,,,,no_data,False,False
732,2016,,,,no_data,False,False
732,2017,,,,no_data,False,False
732,2018,,,,no_data,False,False
732,2019,,,,no_data,False,False
732,2020,,,,no_data,False,False
732,2021,,,,no_data,False,False
732,2022,,,,no_data,False,False
732,2023,45.0,nan,,no_data,False,False
732,2024,45.0,nan,,no_data,False,False
732,2025,,,,no_data,False,False
732,2026,,,,no_data,False,False
732,2027,,,,no_data,False,False
732,2028,,,,no_data,False,False
732,2029,,,,no_data,False,False
733,2000,,,,no_data,False,False
733,2001,,,,no_data,False,False
733,2002,,,,no_data,False,False
733,2003,,,,no_data,False,False
733,2004,,,,no_data,False,False
733,2005,,,,no_data,False,False
733,2006,,,,no_data,False,False
733,2007,,,,no_data,False,False
733,2008,,,,no_data,False,False
733,2009,,,,no_data,False,False
733,2010,,,,no_data,False,False
733,2011,,,,no_data,False,False
733,2012,,,,no_data,False,False
733,2013,,,,no_data,False,False
733,2014,,,,no_data,False,False
733,2015,,,,no_data,False,False
733,2016,,,,no_data,False,False
733,2017,,,,no_data,False,False
733,2018,43.0,wheat_spring,,no_data,False,False
733,2019,43.0,wheat_spring,,no_data,False,False
733,2020,15.0,linum,,no_data,False,False
733,2021,9.0,fallow,,no_data,False,False
733,2022,20.0,oil_seed_raps_spring,,no_data,False,False
733,2023,43.0,wheat_spring,1.7423448000000001,productivity_normalized,True,True
733,2024,36.0,soya,1.2295181,productivity_normalized,True,True
733,2025,43.0,wheat_spring,,no_data,False,False
733,2026,40.0,sunflower,,no_data,False,False
733,2027,56.0,nan,,no_data,False,False
733,2028,,,,no_data,False,False
733,2029,,,,no_data,False,False
734,2000,,,,no_data,False,False
734,2001,,,,no_data,False,False
734,2002,,,,no_data,False,False
734,2003,,,,no_data,False,False
734,2004,,,,no_data,False,False
734,2005,,,,no_data,False,False
734,2006,,,,no_data,False,False
734,2007,,,,no_data,False,False
734,2008,,,,no_data,False,False
734,2009,,,,no_data,False,False
734,2010,,,,no_data,False,False
734,2011,,,,no_data,False,False
734,2012,,,,no_data,False,False
734,2013,,,,no_data,False,False
734,2014,,,,no_data,False,False
734,2015,,,,no_data,False,False
734,2016,,,,no_data,False,False
734,2017,,,,no_data,False,False
734,2018,,,,no_data,False,False
734,2019,,,,no_data,False,False
734,2020,,,,no_data,False,False
734,2021,,,,no_data,False,False
734,2022,,,,no_data,False,False
734,2023,45.0,nan,,no_data,False,False
734,2024,45.0,nan,,no_data,False,False
734,2025,,,,no_data,False,False
734,2026,,,,no_data,False,False
734,2027,,,,no_data,False,False
734,2028,,,,no_data,False,False
734,2029,,,,no_data,False,False
735,2000,,,,no_data,False,False
735,2001,,,,no_data,False,False
735,2002,,,,no_data,False,False
735,2003,,,,no_data,False,False
735,2004,,,,no_data,False,False
735,2005,,,,no_data,False,False
735,2006,,,,no_data,False,False
735,2007,,,,no_data,False,False
735,2008,,,,no_data,False,False
735,2009,,,,no_data,False,False
735,2010,,,,no_data,False,False
735,2011,,,,no_data,False,False
735,2012,,,,no_data,False,False
735,2013,,,,no_data,False,False
735,2014,,,,no_data,False,False
735,2015,,,,no_data,False,False
735,2016,,,,no_data,False,False
735,2017,,,,no_data,False,False
735,2018,,,,no_data,False,False
735,2019,,,,no_data,False,False
735,2020,,,,no_data,False,False
735,2021,9.0,fallow,,no_data,False,False
735,2022,20.0,oil_seed_raps_spring,,no_data,False,False
735,2023,43.0,wheat_spring,2.44,productivity_normalized,True,True
735,2024,36.0,soya,,no_data,False,False
735,2025,,,,no_data,False,False
735,2026,,,,no_data,False,False
735,2027,,,,no_data,False,False
735,2028,,,,no_data,False,False
735,2029,,,,no_data,False,False
736,2000,,,,no_data,False,False
736,2001,,,,no_data,False,False
736,2002,,,,no_data,False,False
736,2003,,,,no_data,False,False
736,2004,,,,no_data,False,False
736,2005,,,,no_data,False,False
736,2006,,,,no_data,False,False
736,2007,,,,no_data,False,False
736,2008,,,,no_data,False,False
736,2009,,,,no_data,False,False
736,2010,,,,no_data,False,False
736,2011,,,,no_data,False,False
736,2012,,,,no_data,False,False
736,2013,,,,no_data,False,False
736,2014,,,,no_data,False,False
736,2015,,,,no_data,False,False
736,2016,,,,no_data,False,False
736,2017,,,,no_data,False,False
736,2018,43.0,wheat_spring,,no_data,False,False
736,2019,43.0,wheat_spring,,no_data,False,False
736,2020,15.0,linum,,no_data,False,False
736,2021,9.0,fallow,,no_data,False,False
736,2022,20.0,oil_seed_raps_spring,,no_data,False,False
736,2023,43.0,wheat_spring,2.1700926,productivity_normalized,True,True
736,2024,13.0,lentil,1.1806896999999998,productivity_normalized,True,True
736,2025,44.0,wheat_winter,3.5224299,productivity_normalized,True,True
736,2026,3.0,barley_spring,,no_data,False,False
736,2027,20.0,oil_seed_raps_spring,,no_data,False,False
736,2028,,,,no_data,False,False
736,2029,,,,no_data,False,False
737,2000,,,,no_data,False,False
737,2001,,,,no_data,False,False
737,2002,,,,no_data,False,False
737,2003,,,,no_data,False,False
737,2004,,,,no_data,False,False
737,2005,,,,no_data,False,False
737,2006,,,,no_data,False,False
737,2007,,,,no_data,False,False
737,2008,,,,no_data,False,False
737,2009,,,,no_data,False,False
737,2010,,,,no_data,False,False
737,2011,,,,no_data,False,False
737,2012,,,,no_data,False,False
737,2013,,,,no_data,False,False
737,2014,,,,no_data,False,False
737,2015,,,,no_data,False,False
737,2016,,,,no_data,False,False
737,2017,,,,no_data,False,False
737,2018,43.0,wheat_spring,,no_data,False,False
737,2019,43.0,wheat_spring,,no_data,False,False
737,2020,43.0,wheat_spring,,no_data,False,False
737,2021,15.0,linum,,no_data,False,False
737,2022,24.0,pea,,no_data,False,False
737,2023,43.0,wheat_spring,2.4403008,productivity_normalized,True,True
737,2024,40.0,sunflower,1.3083459,productivity_normalized,True,True
737,2025,43.0,wheat_spring,3.0476981,productivity_normalized,True,True
737,2026,20.0,oil_seed_raps_spring,,no_data,False,False
737,2027,43.0,wheat_spring,,no_data,False,False
737,2028,,,,no_data,False,False
737,2029,,,,no_data,False,False
738,2000,,,,no_data,False,False
738,2001,,,,no_data,False,False
738,2002,,,,no_data,False,False
738,2003,,,,no_data,False,False
738,2004,,,,no_data,False,False
738,2005,,,,no_data,False,False
738,2006,,,,no_data,False,False
738,2007,,,,no_data,False,False
738,2008,,,,no_data,False,False
738,2009,,,,no_data,False,False
738,2010,,,,no_data,False,False
738,2011,,,,no_data,False,False
738,2012,,,,no_data,False,False
738,2013,,,,no_data,False,False
738,2014,,,,no_data,False,False
738,2015,,,,no_data,False,False
738,2016,,,,no_data,False,False
738,2017,,,,no_data,False,False
738,2018,15.0,linum,,no_data,False,False
738,2019,15.0,linum,,no_data,False,False
738,2020,9.0,fallow,,no_data,False,False
738,2021,20.0,oil_seed_raps_spring,,no_data,False,False
738,2022,43.0,wheat_spring,,no_data,False,False
738,2023,13.0,lentil,1.256732,productivity_normalized,True,True
738,2024,43.0,wheat_spring,6.3035088,productivity_normalized,True,True
738,2025,20.0,oil_seed_raps_spring,1.7206897,productivity_normalized,True,True
738,2026,3.0,barley_spring,,no_data,False,False
738,2027,40.0,sunflower,,no_data,False,False
738,2028,,,,no_data,False,False
738,2029,,,,no_data,False,False
741,2000,,,,no_data,False,False
741,2001,,,,no_data,False,False
741,2002,,,,no_data,False,False
741,2003,,,,no_data,False,False
741,2004,,,,no_data,False,False
741,2005,,,,no_data,False,False
741,2006,,,,no_data,False,False
741,2007,,,,no_data,False,False
741,2008,,,,no_data,False,False
741,2009,,,,no_data,False,False
741,2010,,,,no_data,False,False
741,2011,,,,no_data,False,False
741,2012,,,,no_data,False,False
741,2013,,,,no_data,False,False
741,2014,,,,no_data,False,False
741,2015,,,,no_data,False,False
741,2016,,,,no_data,False,False
741,2017,,,,no_data,False,False
741,2018,,,,no_data,False,False
741,2019,,,,no_data,False,False
741,2020,,,,no_data,False,False
741,2021,20.0,oil_seed_raps_spring,,no_data,False,False
741,2022,43.0,wheat_spring,,no_data,False,False
741,2023,43.0,wheat_spring,1.9048649000000002,productivity_normalized,True,True
741,2024,43.0,wheat_spring,,no_data,False,False
741,2025,,,,no_data,False,False
741,2026,,,,no_data,False,False
741,2027,,,,no_data,False,False
741,2028,,,,no_data,False,False
741,2029,,,,no_data,False,False
742,2000,,,,no_data,False,False
742,2001,,,,no_data,False,False
742,2002,,,,no_data,False,False
742,2003,,,,no_data,False,False
742,2004,,,,no_data,False,False
742,2005,,,,no_data,False,False
742,2006,,,,no_data,False,False
742,2007,,,,no_data,False,False
742,2008,,,,no_data,False,False
742,2009,,,,no_data,False,False
742,2010,,,,no_data,False,False
742,2011,,,,no_data,False,False
742,2012,,,,no_data,False,False
742,2013,,,,no_data,False,False
742,2014,,,,no_data,False,False
742,2015,,,,no_data,False,False
742,2016,,,,no_data,False,False
742,2017,,,,no_data,False,False
742,2018,43.0,wheat_spring,,no_data,False,False
742,2019,15.0,linum,,no_data,False,False
742,2020,9.0,fallow,,no_data,False,False
742,2021,20.0,oil_seed_raps_spring,,no_data,False,False
742,2022,43.0,wheat_spring,,no_data,False,False
742,2023,43.0,wheat_spring,1.9048739000000001,productivity_normalized,True,True
742,2024,43.0,wheat_spring,3.9002564,productivity_normalized,True,True
742,2025,24.0,pea,1.6852222000000001,productivity_normalized,True,True
742,2026,20.0,oil_seed_raps_spring,,no_data,False,False
742,2027,43.0,wheat_spring,,no_data,False,False
742,2028,,,,no_data,False,False
742,2029,,,,no_data,False,False
743,2000,,,,no_data,False,False
743,2001,,,,no_data,False,False
743,2002,,,,no_data,False,False
743,2003,,,,no_data,False,False
743,2004,,,,no_data,False,False
743,2005,,,,no_data,False,False
743,2006,,,,no_data,False,False
743,2007,,,,no_data,False,False
743,2008,,,,no_data,False,False
743,2009,,,,no_data,False,False
743,2010,,,,no_data,False,False
743,2011,,,,no_data,False,False
743,2012,,,,no_data,False,False
743,2013,,,,no_data,False,False
743,2014,,,,no_data,False,False
743,2015,,,,no_data,False,False
743,2016,,,,no_data,False,False
743,2017,,,,no_data,False,False
743,2018,43.0,wheat_spring,,no_data,False,False
743,2019,15.0,linum,,no_data,False,False
743,2020,57.0,nan,,no_data,False,False
743,2021,9.0,fallow,,no_data,False,False
743,2022,20.0,oil_seed_raps_spring,,no_data,False,False
743,2023,43.0,wheat_spring,2.4803922,productivity_normalized,True,True
743,2024,3.0,barley_spring,3.0864706,productivity_normalized,True,True
743,2025,24.0,pea,2.7562745,productivity_normalized,True,True
743,2026,20.0,oil_seed_raps_spring,,no_data,False,False
743,2027,43.0,wheat_spring,,no_data,False,False
743,2028,,,,no_data,False,False
743,2029,,,,no_data,False,False
744,2000,,,,no_data,False,False
744,2001,,,,no_data,False,False
744,2002,,,,no_data,False,False
744,2003,,,,no_data,False,False
744,2004,,,,no_data,False,False
744,2005,,,,no_data,False,False
744,2006,,,,no_data,False,False
744,2007,,,,no_data,False,False
744,2008,,,,no_data,False,False
744,2009,,,,no_data,False,False
744,2010,,,,no_data,False,False
744,2011,,,,no_data,False,False
744,2012,,,,no_data,False,False
744,2013,,,,no_data,False,False
744,2014,,,,no_data,False,False
744,2015,,,,no_data,False,False
744,2016,,,,no_data,False,False
744,2017,,,,no_data,False,False
744,2018,3.0,barley_spring,,no_data,False,False
744,2019,3.0,barley_spring,,no_data,False,False
744,2020,9.0,fallow,,no_data,False,False
744,2021,20.0,oil_seed_raps_spring,,no_data,False,False
744,2022,43.0,wheat_spring,,no_data,False,False
744,2023,24.0,pea,0.9978218,productivity_normalized,True,True
744,2024,43.0,wheat_spring,3.4330692999999997,productivity_normalized,True,True
744,2025,40.0,sunflower,2.4041905,productivity_normalized,True,True
744,2026,43.0,wheat_spring,,no_data,False,False
744,2027,24.0,pea,,no_data,False,False
744,2028,,,,no_data,False,False
744,2029,,,,no_data,False,False
745,2000,,,,no_data,False,False
745,2001,,,,no_data,False,False
745,2002,,,,no_data,False,False
745,2003,,,,no_data,False,False
745,2004,,,,no_data,False,False
745,2005,,,,no_data,False,False
745,2006,,,,no_data,False,False
745,2007,,,,no_data,False,False
745,2008,,,,no_data,False,False
745,2009,,,,no_data,False,False
745,2010,,,,no_data,False,False
745,2011,,,,no_data,False,False
745,2012,,,,no_data,False,False
745,2013,,,,no_data,False,False
745,2014,,,,no_data,False,False
745,2015,,,,no_data,False,False
745,2016,,,,no_data,False,False
745,2017,,,,no_data,False,False
745,2018,3.0,barley_spring,,no_data,False,False
745,2019,57.0,nan,,no_data,False,False
745,2020,9.0,fallow,,no_data,False,False
745,2021,43.0,wheat_spring,,no_data,False,False
745,2022,43.0,wheat_spring,,no_data,False,False
745,2023,24.0,pea,1.03,productivity_normalized,True,True
745,2024,43.0,wheat_spring,1.6649999999999998,productivity_normalized,True,True
745,2025,43.0,wheat_spring,,no_data,False,False
745,2026,13.0,lentil,,no_data,False,False
745,2027,56.0,nan,,no_data,False,False
745,2028,,,,no_data,False,False
745,2029,,,,no_data,False,False
746,2000,,,,no_data,False,False
746,2001,,,,no_data,False,False
746,2002,,,,no_data,False,False
746,2003,,,,no_data,False,False
746,2004,,,,no_data,False,False
746,2005,,,,no_data,False,False
746,2006,,,,no_data,False,False
746,2007,,,,no_data,False,False
746,2008,,,,no_data,False,False
746,2009,,,,no_data,False,False
746,2010,,,,no_data,False,False
746,2011,,,,no_data,False,False
746,2012,,,,no_data,False,False
746,2013,,,,no_data,False,False
746,2014,,,,no_data,False,False
746,2015,,,,no_data,False,False
746,2016,,,,no_data,False,False
746,2017,,,,no_data,False,False
746,2018,43.0,wheat_spring,,no_data,False,False
746,2019,15.0,linum,,no_data,False,False
746,2020,57.0,nan,,no_data,False,False
746,2021,9.0,fallow,,no_data,False,False
746,2022,20.0,oil_seed_raps_spring,,no_data,False,False
746,2023,43.0,wheat_spring,1.8734783,productivity_normalized,True,True
746,2024,43.0,wheat_spring,1.9434783,productivity_normalized,True,True
746,2025,40.0,sunflower,2.3510638,productivity_normalized,True,True
746,2026,43.0,wheat_spring,,no_data,False,False
746,2027,24.0,pea,,no_data,False,False
746,2028,,,,no_data,False,False
746,2029,,,,no_data,False,False
747,2000,,,,no_data,False,False
747,2001,,,,no_data,False,False
747,2002,,,,no_data,False,False
747,2003,,,,no_data,False,False
747,2004,,,,no_data,False,False
747,2005,,,,no_data,False,False
747,2006,,,,no_data,False,False
747,2007,,,,no_data,False,False
747,2008,,,,no_data,False,False
747,2009,,,,no_data,False,False
747,2010,,,,no_data,False,False
747,2011,,,,no_data,False,False
747,2012,,,,no_data,False,False
747,2013,,,,no_data,False,False
747,2014,,,,no_data,False,False
747,2015,,,,no_data,False,False
747,2016,,,,no_data,False,False
747,2017,,,,no_data,False,False
747,2018,,,,no_data,False,False
747,2019,,,,no_data,False,False
747,2020,,,,no_data,False,False
747,2021,9.0,fallow,,no_data,False,False
747,2022,20.0,oil_seed_raps_spring,,no_data,False,False
747,2023,24.0,pea,1.0,productivity_normalized,True,True
747,2024,43.0,wheat_spring,,no_data,False,False
747,2025,,,,no_data,False,False
747,2026,,,,no_data,False,False
747,2027,,,,no_data,False,False
747,2028,,,,no_data,False,False
747,2029,,,,no_data,False,False
749,2000,,,,no_data,False,False
749,2001,,,,no_data,False,False
749,2002,,,,no_data,False,False
749,2003,,,,no_data,False,False
749,2004,,,,no_data,False,False
749,2005,,,,no_data,False,False
749,2006,,,,no_data,False,False
749,2007,,,,no_data,False,False
749,2008,,,,no_data,False,False
749,2009,,,,no_data,False,False
749,2010,,,,no_data,False,False
749,2011,,,,no_data,False,False
749,2012,,,,no_data,False,False
749,2013,,,,no_data,False,False
749,2014,,,,no_data,False,False
749,2015,,,,no_data,False,False
749,2016,,,,no_data,False,False
749,2017,,,,no_data,False,False
749,2018,43.0,wheat_spring,,no_data,False,False
749,2019,15.0,linum,,no_data,False,False
749,2020,57.0,nan,,no_data,False,False
749,2021,43.0,wheat_spring,,no_data,False,False
749,2022,43.0,wheat_spring,,no_data,False,False
749,2023,24.0,pea,1.2801351,productivity_normalized,True,True
749,2024,56.0,nan,1.9632432000000002,productivity_normalized,True,True
749,2025,43.0,wheat_spring,3.6557576,productivity_normalized,True,True
749,2026,24.0,pea,,no_data,False,False
749,2027,20.0,oil_seed_raps_spring,,no_data,False,False
749,2028,,,,no_data,False,False
749,2029,,,,no_data,False,False
750,2000,,,,no_data,False,False
750,2001,,,,no_data,False,False
750,2002,,,,no_data,False,False
750,2003,,,,no_data,False,False
750,2004,,,,no_data,False,False
750,2005,,,,no_data,False,False
750,2006,,,,no_data,False,False
750,2007,,,,no_data,False,False
750,2008,,,,no_data,False,False
750,2009,,,,no_data,False,False
750,2010,,,,no_data,False,False
750,2011,,,,no_data,False,False
750,2012,,,,no_data,False,False
750,2013,,,,no_data,False,False
750,2014,,,,no_data,False,False
750,2015,,,,no_data,False,False
750,2016,,,,no_data,False,False
750,2017,,,,no_data,False,False
750,2018,,,,no_data,False,False
750,2019,,,,no_data,False,False
750,2020,,,,no_data,False,False
750,2021,3.0,barley_spring,,no_data,False,False
750,2022,1.0,avena_spring,,no_data,False,False
750,2023,24.0,pea,1.1019149000000001,productivity_normalized,True,True
750,2024,43.0,wheat_spring,4.9127659999999995,productivity_normalized,True,True
750,2025,40.0,sunflower,2.2961701999999997,productivity_normalized,True,True
750,2026,3.0,barley_spring,,no_data,False,False
750,2027,43.0,wheat_spring,,no_data,False,False
750,2028,,,,no_data,False,False
750,2029,,,,no_data,False,False
751,2000,,,,no_data,False,False
751,2001,,,,no_data,False,False
751,2002,,,,no_data,False,False
751,2003,,,,no_data,False,False
751,2004,,,,no_data,False,False
751,2005,,,,no_data,False,False
751,2006,,,,no_data,False,False
751,2007,,,,no_data,False,False
751,2008,,,,no_data,False,False
751,2009,,,,no_data,False,False
751,2010,,,,no_data,False,False
751,2011,,,,no_data,False,False
751,2012,,,,no_data,False,False
751,2013,,,,no_data,False,False
751,2014,,,,no_data,False,False
751,2015,,,,no_data,False,False
751,2016,,,,no_data,False,False
751,2017,,,,no_data,False,False
751,2018,,,,no_data,False,False
751,2019,,,,no_data,False,False
751,2020,,,,no_data,False,False
751,2021,,,,no_data,False,False
751,2022,,,,no_data,False,False
751,2023,45.0,nan,,no_data,False,False
751,2024,45.0,nan,1.0693548,productivity_normalized,True,True
751,2025,,,1.6935483999999998,productivity_normalized,True,True
751,2026,,,,no_data,False,False
751,2027,,,,no_data,False,False
751,2028,,,,no_data,False,False
751,2029,,,,no_data,False,False
752,2000,,,,no_data,False,False
752,2001,,,,no_data,False,False
752,2002,,,,no_data,False,False
752,2003,,,,no_data,False,False
752,2004,,,,no_data,False,False
752,2005,,,,no_data,False,False
752,2006,,,,no_data,False,False
752,2007,,,,no_data,False,False
752,2008,,,,no_data,False,False
752,2009,,,,no_data,False,False
752,2010,,,,no_data,False,False
752,2011,,,,no_data,False,False
752,2012,,,,no_data,False,False
752,2013,,,,no_data,False,False
752,2014,,,,no_data,False,False
752,2015,,,,no_data,False,False
752,2016,,,,no_data,False,False
752,2017,,,,no_data,False,False
752,2018,43.0,wheat_spring,,no_data,False,False
752,2019,15.0,linum,,no_data,False,False
752,2020,9.0,fallow,,no_data,False,False
752,2021,20.0,oil_seed_raps_spring,,no_data,False,False
752,2022,43.0,wheat_spring,,no_data,False,False
752,2023,3.0,barley_spring,1.9104762000000002,productivity_normalized,True,True
752,2024,40.0,sunflower,5.0479365000000005,productivity_normalized,True,True
752,2025,43.0,wheat_spring,,no_data,False,False
752,2026,13.0,lentil,,no_data,False,False
752,2027,44.0,wheat_winter,,no_data,False,False
752,2028,,,,no_data,False,False
752,2029,,,,no_data,False,False
753,2000,,,,no_data,False,False
753,2001,,,,no_data,False,False
753,2002,,,,no_data,False,False
753,2003,,,,no_data,False,False
753,2004,,,,no_data,False,False
753,2005,,,,no_data,False,False
753,2006,,,,no_data,False,False
753,2007,,,,no_data,False,False
753,2008,,,,no_data,False,False
753,2009,,,,no_data,False,False
753,2010,,,,no_data,False,False
753,2011,,,,no_data,False,False
753,2012,,,,no_data,False,False
753,2013,,,,no_data,False,False
753,2014,,,,no_data,False,False
753,2015,,,,no_data,False,False
753,2016,,,,no_data,False,False
753,2017,,,,no_data,False,False
753,2018,13.0,lentil,,no_data,False,False
753,2019,43.0,wheat_spring,,no_data,False,False
753,2020,43.0,wheat_spring,,no_data,False,False
753,2021,43.0,wheat_spring,,no_data,False,False
753,2022,15.0,linum,,no_data,False,False
753,2023,3.0,barley_spring,1.4910294,productivity_normalized,True,True
753,2024,3.0,barley_spring,3.7430768999999997,productivity_normalized,True,True
753,2025,24.0,pea,1.8231746000000002,productivity_normalized,True,True
753,2026,20.0,oil_seed_raps_spring,,no_data,False,False
753,2027,43.0,wheat_spring,,no_data,False,False
753,2028,,,,no_data,False,False
753,2029,,,,no_data,False,False
754,2000,,,,no_data,False,False
754,2001,,,,no_data,False,False
754,2002,,,,no_data,False,False
754,2003,,,,no_data,False,False
754,2004,,,,no_data,False,False
754,2005,,,,no_data,False,False
754,2006,,,,no_data,False,False
754,2007,,,,no_data,False,False
754,2008,,,,no_data,False,False
754,2009,,,,no_data,False,False
754,2010,,,,no_data,False,False
754,2011,,,,no_data,False,False
754,2012,,,,no_data,False,False
754,2013,,,,no_data,False,False
754,2014,,,,no_data,False,False
754,2015,,,,no_data,False,False
754,2016,,,,no_data,False,False
754,2017,,,,no_data,False,False
754,2018,,,,no_data,False,False
754,2019,,,,no_data,False,False
754,2020,,,,no_data,False,False
754,2021,46.0,nan,,no_data,False,False
754,2022,24.0,pea,,no_data,False,False
754,2023,43.0,wheat_spring,3.1427778,productivity_normalized,True,True
754,2024,43.0,wheat_spring,,no_data,False,False
754,2025,,,,no_data,False,False
754,2026,,,,no_data,False,False
754,2027,,,,no_data,False,False
754,2028,,,,no_data,False,False
754,2029,,,,no_data,False,False
755,2000,,,,no_data,False,False
755,2001,,,,no_data,False,False
755,2002,,,,no_data,False,False
755,2003,,,,no_data,False,False
755,2004,,,,no_data,False,False
755,2005,,,,no_data,False,False
755,2006,,,,no_data,False,False
755,2007,,,,no_data,False,False
755,2008,,,,no_data,False,False
755,2009,,,,no_data,False,False
755,2010,,,,no_data,False,False
755,2011,,,,no_data,False,False
755,2012,,,,no_data,False,False
755,2013,,,,no_data,False,False
755,2014,,,,no_data,False,False
755,2015,,,,no_data,False,False
755,2016,,,,no_data,False,False
755,2017,,,,no_data,False,False
755,2018,,,,no_data,False,False
755,2019,,,,no_data,False,False
755,2020,,,,no_data,False,False
755,2021,43.0,wheat_spring,,no_data,False,False
755,2022,24.0,pea,,no_data,False,False
755,2023,43.0,wheat_spring,2.6428205,productivity_normalized,True,True
755,2024,43.0,wheat_spring,,no_data,False,False
755,2025,,,,no_data,False,False
755,2026,,,,no_data,False,False
755,2027,,,,no_data,False,False
755,2028,,,,no_data,False,False
755,2029,,,,no_data,False,False
756,2000,,,,no_data,False,False
756,2001,,,,no_data,False,False
756,2002,,,,no_data,False,False
756,2003,,,,no_data,False,False
756,2004,,,,no_data,False,False
756,2005,,,,no_data,False,False
756,2006,,,,no_data,False,False
756,2007,,,,no_data,False,False
756,2008,,,,no_data,False,False
756,2009,,,,no_data,False,False
756,2010,,,,no_data,False,False
756,2011,,,,no_data,False,False
756,2012,,,,no_data,False,False
756,2013,,,,no_data,False,False
756,2014,,,,no_data,False,False
756,2015,,,,no_data,False,False
756,2016,,,,no_data,False,False
756,2017,,,,no_data,False,False
756,2018,,,,no_data,False,False
756,2019,,,,no_data,False,False
756,2020,,,,no_data,False,False
756,2021,46.0,nan,,no_data,False,False
756,2022,24.0,pea,,no_data,False,False
756,2023,43.0,wheat_spring,3.1430357,productivity_normalized,True,True
756,2024,43.0,wheat_spring,,no_data,False,False
756,2025,,,,no_data,False,False
756,2026,,,,no_data,False,False
756,2027,,,,no_data,False,False
756,2028,,,,no_data,False,False
756,2029,,,,no_data,False,False
757,2000,,,,no_data,False,False
757,2001,,,,no_data,False,False
757,2002,,,,no_data,False,False
757,2003,,,,no_data,False,False
757,2004,,,,no_data,False,False
757,2005,,,,no_data,False,False
757,2006,,,,no_data,False,False
757,2007,,,,no_data,False,False
757,2008,,,,no_data,False,False
757,2009,,,,no_data,False,False
757,2010,,,,no_data,False,False
757,2011,,,,no_data,False,False
757,2012,,,,no_data,False,False
757,2013,,,,no_data,False,False
757,2014,,,,no_data,False,False
757,2015,,,,no_data,False,False
757,2016,,,,no_data,False,False
757,2017,,,,no_data,False,False
757,2018,,,,no_data,False,False
757,2019,,,,no_data,False,False
757,2020,,,,no_data,False,False
757,2021,5.0,buckwheat,,no_data,False,False
757,2022,15.0,linum,,no_data,False,False
757,2023,3.0,barley_spring,2.6774999999999998,productivity_normalized,True,True
757,2024,13.0,lentil,,no_data,False,False
757,2025,,,,no_data,False,False
757,2026,,,,no_data,False,False
757,2027,,,,no_data,False,False
757,2028,,,,no_data,False,False
757,2029,,,,no_data,False,False
758,2000,,,,no_data,False,False
758,2001,,,,no_data,False,False
758,2002,,,,no_data,False,False
758,2003,,,,no_data,False,False
758,2004,,,,no_data,False,False
758,2005,,,,no_data,False,False
758,2006,,,,no_data,False,False
758,2007,,,,no_data,False,False
758,2008,,,,no_data,False,False
758,2009,,,,no_data,False,False
758,2010,,,,no_data,False,False
758,2011,,,,no_data,False,False
758,2012,,,,no_data,False,False
758,2013,,,,no_data,False,False
758,2014,,,,no_data,False,False
758,2015,,,,no_data,False,False
758,2016,,,,no_data,False,False
758,2017,,,,no_data,False,False
758,2018,,,,no_data,False,False
758,2019,,,,no_data,False,False
758,2020,,,,no_data,False,False
758,2021,5.0,buckwheat,,no_data,False,False
758,2022,15.0,linum,,no_data,False,False
758,2023,3.0,barley_spring,2.4257143,productivity_normalized,True,True
758,2024,13.0,lentil,,no_data,False,False
758,2025,,,,no_data,False,False
758,2026,,,,no_data,False,False
758,2027,,,,no_data,False,False
758,2028,,,,no_data,False,False
758,2029,,,,no_data,False,False
759,2000,,,,no_data,False,False
759,2001,,,,no_data,False,False
759,2002,,,,no_data,False,False
759,2003,,,,no_data,False,False
759,2004,,,,no_data,False,False
759,2005,,,,no_data,False,False
759,2006,,,,no_data,False,False
759,2007,,,,no_data,False,False
759,2008,,,,no_data,False,False
759,2009,,,,no_data,False,False
759,2010,,,,no_data,False,False
759,2011,,,,no_data,False,False
759,2012,,,,no_data,False,False
759,2013,,,,no_data,False,False
759,2014,,,,no_data,False,False
759,2015,,,,no_data,False,False
759,2016,,,,no_data,False,False
759,2017,,,,no_data,False,False
759,2018,,,,no_data,False,False
759,2019,,,,no_data,False,False
759,2020,,,,no_data,False,False
759,2021,45.0,nan,,no_data,False,False
759,2022,45.0,nan,,no_data,False,False
759,2023,45.0,nan,,no_data,False,False
759,2024,45.0,nan,0.95625,productivity_normalized,True,True
759,2025,,,1.7,productivity_normalized,True,True
759,2026,,,,no_data,False,False
759,2027,,,,no_data,False,False
759,2028,,,,no_data,False,False
759,2029,,,,no_data,False,False
760,2000,,,,no_data,False,False
760,2001,,,,no_data,False,False
760,2002,,,,no_data,False,False
760,2003,,,,no_data,False,False
760,2004,,,,no_data,False,False
760,2005,,,,no_data,False,False
760,2006,,,,no_data,False,False
760,2007,,,,no_data,False,False
760,2008,,,,no_data,False,False
760,2009,,,,no_data,False,False
760,2010,,,,no_data,False,False
760,2011,,,,no_data,False,False
760,2012,,,,no_data,False,False
760,2013,,,,no_data,False,False
760,2014,,,,no_data,False,False
760,2015,,,,no_data,False,False
760,2016,,,,no_data,False,False
760,2017,,,,no_data,False,False
760,2018,,,,no_data,False,False
760,2019,,,,no_data,False,False
760,2020,,,,no_data,False,False
760,2021,45.0,nan,,no_data,False,False
760,2022,45.0,nan,,no_data,False,False
760,2023,45.0,nan,,no_data,False,False
760,2024,45.0,nan,1.0,productivity_normalized,True,True
760,2025,,,1.7692308,productivity_normalized,True,True
760,2026,,,,no_data,False,False
760,2027,,,,no_data,False,False
760,2028,,,,no_data,False,False
760,2029,,,,no_data,False,False
761,2000,,,,no_data,False,False
761,2001,,,,no_data,False,False
761,2002,,,,no_data,False,False
761,2003,,,,no_data,False,False
761,2004,,,,no_data,False,False
761,2005,,,,no_data,False,False
761,2006,,,,no_data,False,False
761,2007,,,,no_data,False,False
761,2008,,,,no_data,False,False
761,2009,,,,no_data,False,False
761,2010,,,,no_data,False,False
761,2011,,,,no_data,False,False
761,2012,,,,no_data,False,False
761,2013,,,,no_data,False,False
761,2014,,,,no_data,False,False
761,2015,,,,no_data,False,False
761,2016,,,,no_data,False,False
761,2017,,,,no_data,False,False
761,2018,,,,no_data,False,False
761,2019,,,,no_data,False,False
761,2020,,,,no_data,False,False
761,2021,45.0,nan,,no_data,False,False
761,2022,45.0,nan,,no_data,False,False
761,2023,45.0,nan,,no_data,False,False
761,2024,,,,no_data,False,False
761,2025,,,,no_data,False,False
761,2026,,,,no_data,False,False
761,2027,,,,no_data,False,False
761,2028,,,,no_data,False,False
761,2029,,,,no_data,False,False
762,2000,,,,no_data,False,False
762,2001,,,,no_data,False,False
762,2002,,,,no_data,False,False
762,2003,,,,no_data,False,False
762,2004,,,,no_data,False,False
762,2005,,,,no_data,False,False
762,2006,,,,no_data,False,False
762,2007,,,,no_data,False,False
762,2008,,,,no_data,False,False
762,2009,,,,no_data,False,False
762,2010,,,,no_data,False,False
762,2011,,,,no_data,False,False
762,2012,,,,no_data,False,False
762,2013,,,,no_data,False,False
762,2014,,,,no_data,False,False
762,2015,,,,no_data,False,False
762,2016,,,,no_data,False,False
762,2017,,,,no_data,False,False
762,2018,,,,no_data,False,False
762,2019,,,,no_data,False,False
762,2020,,,,no_data,False,False
762,2021,45.0,nan,,no_data,False,False
762,2022,45.0,nan,,no_data,False,False
762,2023,45.0,nan,,no_data,False,False
762,2024,,,,no_data,False,False
762,2025,,,,no_data,False,False
762,2026,,,,no_data,False,False
762,2027,,,,no_data,False,False
762,2028,,,,no_data,False,False
762,2029,,,,no_data,False,False
764,2000,,,,no_data,False,False
764,2001,,,,no_data,False,False
764,2002,,,,no_data,False,False
764,2003,,,,no_data,False,False
764,2004,,,,no_data,False,False
764,2005,,,,no_data,False,False
764,2006,,,,no_data,False,False
764,2007,,,,no_data,False,False
764,2008,,,,no_data,False,False
764,2009,,,,no_data,False,False
764,2010,,,,no_data,False,False
764,2011,,,,no_data,False,False
764,2012,,,,no_data,False,False
764,2013,,,,no_data,False,False
764,2014,,,,no_data,False,False
764,2015,,,,no_data,False,False
764,2016,,,,no_data,False,False
764,2017,,,,no_data,False,False
764,2018,3.0,barley_spring,,no_data,False,False
764,2019,3.0,barley_spring,,no_data,False,False
764,2020,15.0,linum,,no_data,False,False
764,2021,46.0,nan,,no_data,False,False
764,2022,24.0,pea,,no_data,False,False
764,2023,43.0,wheat_spring,3.1446774,productivity_normalized,True,True
764,2024,43.0,wheat_spring,3.8829032,productivity_normalized,True,True
764,2025,40.0,sunflower,,no_data,False,False
764,2026,56.0,nan,,no_data,False,False
764,2027,24.0,pea,,no_data,False,False
764,2028,,,,no_data,False,False
764,2029,,,,no_data,False,False
766,2000,,,,no_data,False,False
766,2001,,,,no_data,False,False
766,2002,,,,no_data,False,False
766,2003,,,,no_data,False,False
766,2004,,,,no_data,False,False
766,2005,,,,no_data,False,False
766,2006,,,,no_data,False,False
766,2007,,,,no_data,False,False
766,2008,,,,no_data,False,False
766,2009,,,,no_data,False,False
766,2010,,,,no_data,False,False
766,2011,,,,no_data,False,False
766,2012,,,,no_data,False,False
766,2013,,,,no_data,False,False
766,2014,,,,no_data,False,False
766,2015,,,,no_data,False,False
766,2016,,,,no_data,False,False
766,2017,,,,no_data,False,False
766,2018,13.0,lentil,,no_data,False,False
766,2019,15.0,linum,,no_data,False,False
766,2020,3.0,barley_spring,,no_data,False,False
766,2021,5.0,buckwheat,,no_data,False,False
766,2022,15.0,linum,,no_data,False,False
766,2023,3.0,barley_spring,2.63,productivity_normalized,True,True
766,2024,13.0,lentil,1.131236,productivity_normalized,True,True
766,2025,43.0,wheat_spring,3.1269048,productivity_normalized,True,True
766,2026,43.0,wheat_spring,,no_data,False,False
766,2027,24.0,pea,,no_data,False,False
766,2028,,,,no_data,False,False
766,2029,,,,no_data,False,False
767,2000,,,,no_data,False,False
767,2001,,,,no_data,False,False
767,2002,,,,no_data,False,False
767,2003,,,,no_data,False,False
767,2004,,,,no_data,False,False
767,2005,,,,no_data,False,False
767,2006,,,,no_data,False,False
767,2007,,,,no_data,False,False
767,2008,,,,no_data,False,False
767,2009,,,,no_data,False,False
767,2010,,,,no_data,False,False
767,2011,,,,no_data,False,False
767,2012,,,,no_data,False,False
767,2013,,,,no_data,False,False
767,2014,,,,no_data,False,False
767,2015,,,,no_data,False,False
767,2016,,,,no_data,False,False
767,2017,,,,no_data,False,False
767,2018,9.0,fallow,,no_data,False,False
767,2019,43.0,wheat_spring,,no_data,False,False
767,2020,43.0,wheat_spring,,no_data,False,False
767,2021,43.0,wheat_spring,,no_data,False,False
767,2022,13.0,lentil,,no_data,False,False
767,2023,43.0,wheat_spring,1.6358536999999997,productivity_normalized,True,True
767,2024,43.0,wheat_spring,1.4495,productivity_normalized,True,True
767,2025,13.0,lentil,,no_data,False,False
767,2026,43.0,wheat_spring,,no_data,False,False
767,2027,40.0,sunflower,,no_data,False,False
767,2028,,,,no_data,False,False
767,2029,,,,no_data,False,False
768,2000,,,,no_data,False,False
768,2001,,,,no_data,False,False
768,2002,,,,no_data,False,False
768,2003,,,,no_data,False,False
768,2004,,,,no_data,False,False
768,2005,,,,no_data,False,False
768,2006,,,,no_data,False,False
768,2007,,,,no_data,False,False
768,2008,,,,no_data,False,False
768,2009,,,,no_data,False,False
768,2010,,,,no_data,False,False
768,2011,,,,no_data,False,False
768,2012,,,,no_data,False,False
768,2013,,,,no_data,False,False
768,2014,,,,no_data,False,False
768,2015,,,,no_data,False,False
768,2016,,,,no_data,False,False
768,2017,,,,no_data,False,False
768,2018,,,,no_data,False,False
768,2019,,,,no_data,False,False
768,2020,,,,no_data,False,False
768,2021,43.0,wheat_spring,,no_data,False,False
768,2022,13.0,lentil,,no_data,False,False
768,2023,43.0,wheat_spring,1.9517391,productivity_normalized,True,True
768,2024,43.0,wheat_spring,2.5218182,productivity_normalized,True,True
768,2025,13.0,lentil,,no_data,False,False
768,2026,43.0,wheat_spring,,no_data,False,False
768,2027,40.0,sunflower,,no_data,False,False
768,2028,,,,no_data,False,False
768,2029,,,,no_data,False,False
769,2000,,,,no_data,False,False
769,2001,,,,no_data,False,False
769,2002,,,,no_data,False,False
769,2003,,,,no_data,False,False
769,2004,,,,no_data,False,False
769,2005,,,,no_data,False,False
769,2006,,,,no_data,False,False
769,2007,,,,no_data,False,False
769,2008,,,,no_data,False,False
769,2009,,,,no_data,False,False
769,2010,,,,no_data,False,False
769,2011,,,,no_data,False,False
769,2012,,,,no_data,False,False
769,2013,,,,no_data,False,False
769,2014,,,,no_data,False,False
769,2015,,,,no_data,False,False
769,2016,,,,no_data,False,False
769,2017,,,,no_data,False,False
769,2018,9.0,fallow,,no_data,False,False
769,2019,43.0,wheat_spring,,no_data,False,False
769,2020,43.0,wheat_spring,,no_data,False,False
769,2021,43.0,wheat_spring,,no_data,False,False
769,2022,13.0,lentil,,no_data,False,False
769,2023,43.0,wheat_spring,1.636,productivity_normalized,True,True
769,2024,43.0,wheat_spring,5.470144899999999,productivity_normalized,True,True
769,2025,13.0,lentil,,no_data,False,False
769,2026,43.0,wheat_spring,,no_data,False,False
769,2027,40.0,sunflower,,no_data,False,False
769,2028,,,,no_data,False,False
769,2029,,,,no_data,False,False
770,2000,,,,no_data,False,False
770,2001,,,,no_data,False,False
770,2002,,,,no_data,False,False
770,2003,,,,no_data,False,False
770,2004,,,,no_data,False,False
770,2005,,,,no_data,False,False
770,2006,,,,no_data,False,False
770,2007,,,,no_data,False,False
770,2008,,,,no_data,False,False
770,2009,,,,no_data,False,False
770,2010,,,,no_data,False,False
770,2011,,,,no_data,False,False
770,2012,,,,no_data,False,False
770,2013,,,,no_data,False,False
770,2014,,,,no_data,False,False
770,2015,,,,no_data,False,False
770,2016,,,,no_data,False,False
770,2017,,,,no_data,False,False
770,2018,44.0,wheat_winter,,no_data,False,False
770,2019,43.0,wheat_spring,,no_data,False,False
770,2020,43.0,wheat_spring,,no_data,False,False
770,2021,43.0,wheat_spring,,no_data,False,False
770,2022,13.0,lentil,,no_data,False,False
770,2023,43.0,wheat_spring,2.5348507000000002,productivity_normalized,True,True
770,2024,20.0,oil_seed_raps_spring,1.6740299,productivity_normalized,True,True
770,2025,43.0,wheat_spring,3.4689552,productivity_normalized,True,True
770,2026,20.0,oil_seed_raps_spring,,no_data,False,False
770,2027,3.0,barley_spring,,no_data,False,False
770,2028,,,,no_data,False,False
770,2029,,,,no_data,False,False
771,2000,,,,no_data,False,False
771,2001,,,,no_data,False,False
771,2002,,,,no_data,False,False
771,2003,,,,no_data,False,False
771,2004,,,,no_data,False,False
771,2005,,,,no_data,False,False
771,2006,,,,no_data,False,False
771,2007,,,,no_data,False,False
771,2008,,,,no_data,False,False
771,2009,,,,no_data,False,False
771,2010,,,,no_data,False,False
771,2011,,,,no_data,False,False
771,2012,,,,no_data,False,False
771,2013,,,,no_data,False,False
771,2014,,,,no_data,False,False
771,2015,,,,no_data,False,False
771,2016,,,,no_data,False,False
771,2017,,,,no_data,False,False
771,2018,9.0,fallow,,no_data,False,False
771,2019,43.0,wheat_spring,,no_data,False,False
771,2020,43.0,wheat_spring,,no_data,False,False
771,2021,43.0,wheat_spring,,no_data,False,False
771,2022,43.0,wheat_spring,,no_data,False,False
771,2023,43.0,wheat_spring,2.1541667,productivity_normalized,True,True
771,2024,43.0,wheat_spring,4.9691429,productivity_normalized,True,True
771,2025,13.0,lentil,,no_data,False,False
771,2026,43.0,wheat_spring,,no_data,False,False
771,2027,40.0,sunflower,,no_data,False,False
771,2028,,,,no_data,False,False
771,2029,,,,no_data,False,False
772,2000,,,,no_data,False,False
772,2001,,,,no_data,False,False
772,2002,,,,no_data,False,False
772,2003,,,,no_data,False,False
772,2004,,,,no_data,False,False
772,2005,,,,no_data,False,False
772,2006,,,,no_data,False,False
772,2007,,,,no_data,False,False
772,2008,,,,no_data,False,False
772,2009,,,,no_data,False,False
772,2010,,,,no_data,False,False
772,2011,,,,no_data,False,False
772,2012,,,,no_data,False,False
772,2013,,,,no_data,False,False
772,2014,,,,no_data,False,False
772,2015,,,,no_data,False,False
772,2016,,,,no_data,False,False
772,2017,,,,no_data,False,False
772,2018,43.0,wheat_spring,,no_data,False,False
772,2019,3.0,barley_spring,,no_data,False,False
772,2020,20.0,oil_seed_raps_spring,,no_data,False,False
772,2021,9.0,fallow,,no_data,False,False
772,2022,43.0,wheat_spring,,no_data,False,False
772,2023,43.0,wheat_spring,2.6430508,productivity_normalized,True,True
772,2024,36.0,soya,1.2973134,productivity_normalized,True,True
772,2025,43.0,wheat_spring,,no_data,False,False
772,2026,40.0,sunflower,,no_data,False,False
772,2027,56.0,nan,,no_data,False,False
772,2028,,,,no_data,False,False
772,2029,,,,no_data,False,False
773,2000,,,,no_data,False,False
773,2001,,,,no_data,False,False
773,2002,,,,no_data,False,False
773,2003,,,,no_data,False,False
773,2004,,,,no_data,False,False
773,2005,,,,no_data,False,False
773,2006,,,,no_data,False,False
773,2007,,,,no_data,False,False
773,2008,,,,no_data,False,False
773,2009,,,,no_data,False,False
773,2010,,,,no_data,False,False
773,2011,,,,no_data,False,False
773,2012,,,,no_data,False,False
773,2013,,,,no_data,False,False
773,2014,,,,no_data,False,False
773,2015,,,,no_data,False,False
773,2016,,,,no_data,False,False
773,2017,,,,no_data,False,False
773,2018,3.0,barley_spring,,no_data,False,False
773,2019,3.0,barley_spring,,no_data,False,False
773,2020,15.0,linum,,no_data,False,False
773,2021,43.0,wheat_spring,,no_data,False,False
773,2022,43.0,wheat_spring,,no_data,False,False
773,2023,24.0,pea,0.6194029999999999,productivity_normalized,True,True
773,2024,43.0,wheat_spring,1.5847761,productivity_normalized,True,True
773,2025,40.0,sunflower,0.9616129000000001,productivity_normalized,True,True
773,2026,43.0,wheat_spring,,no_data,False,False
773,2027,13.0,lentil,,no_data,False,False
773,2028,,,,no_data,False,False
773,2029,,,,no_data,False,False
774,2000,,,,no_data,False,False
774,2001,,,,no_data,False,False
774,2002,,,,no_data,False,False
774,2003,,,,no_data,False,False
774,2004,,,,no_data,False,False
774,2005,,,,no_data,False,False
774,2006,,,,no_data,False,False
774,2007,,,,no_data,False,False
774,2008,,,,no_data,False,False
774,2009,,,,no_data,False,False
774,2010,,,,no_data,False,False
774,2011,,,,no_data,False,False
774,2012,,,,no_data,False,False
774,2013,,,,no_data,False,False
774,2014,,,,no_data,False,False
774,2015,,,,no_data,False,False
774,2016,,,,no_data,False,False
774,2017,,,,no_data,False,False
774,2018,15.0,linum,,no_data,False,False
774,2019,3.0,barley_spring,,no_data,False,False
774,2020,15.0,linum,,no_data,False,False
774,2021,9.0,fallow,,no_data,False,False
774,2022,43.0,wheat_spring,,no_data,False,False
774,2023,43.0,wheat_spring,2.6488889,productivity_normalized,True,True
774,2024,43.0,wheat_spring,4.3085714,productivity_normalized,True,True
774,2025,40.0,sunflower,,no_data,False,False
774,2026,56.0,nan,,no_data,False,False
774,2027,24.0,pea,,no_data,False,False
774,2028,,,,no_data,False,False
774,2029,,,,no_data,False,False
775,2000,,,,no_data,False,False
775,2001,,,,no_data,False,False
775,2002,,,,no_data,False,False
775,2003,,,,no_data,False,False
775,2004,,,,no_data,False,False
775,2005,,,,no_data,False,False
775,2006,,,,no_data,False,False
775,2007,,,,no_data,False,False
775,2008,,,,no_data,False,False
775,2009,,,,no_data,False,False
775,2010,,,,no_data,False,False
775,2011,,,,no_data,False,False
775,2012,,,,no_data,False,False
775,2013,,,,no_data,False,False
775,2014,,,,no_data,False,False
775,2015,,,,no_data,False,False
775,2016,,,,no_data,False,False
775,2017,,,,no_data,False,False
775,2018,15.0,linum,,no_data,False,False
775,2019,3.0,barley_spring,,no_data,False,False
775,2020,15.0,linum,,no_data,False,False
775,2021,9.0,fallow,,no_data,False,False
775,2022,43.0,wheat_spring,,no_data,False,False
775,2023,43.0,wheat_spring,2.6489830999999997,productivity_normalized,True,True
775,2024,43.0,wheat_spring,3.0208955,productivity_normalized,True,True
775,2025,40.0,sunflower,,no_data,False,False
775,2026,56.0,nan,,no_data,False,False
775,2027,24.0,pea,,no_data,False,False
775,2028,,,,no_data,False,False
775,2029,,,,no_data,False,False
776,2000,,,,no_data,False,False
776,2001,,,,no_data,False,False
776,2002,,,,no_data,False,False
776,2003,,,,no_data,False,False
776,2004,,,,no_data,False,False
776,2005,,,,no_data,False,False
776,2006,,,,no_data,False,False
776,2007,,,,no_data,False,False
776,2008,,,,no_data,False,False
776,2009,,,,no_data,False,False
776,2010,,,,no_data,False,False
776,2011,,,,no_data,False,False
776,2012,,,,no_data,False,False
776,2013,,,,no_data,False,False
776,2014,,,,no_data,False,False
776,2015,,,,no_data,False,False
776,2016,,,,no_data,False,False
776,2017,,,,no_data,False,False
776,2018,43.0,wheat_spring,,no_data,False,False
776,2019,3.0,barley_spring,,no_data,False,False
776,2020,9.0,fallow,,no_data,False,False
776,2021,20.0,oil_seed_raps_spring,,no_data,False,False
776,2022,43.0,wheat_spring,,no_data,False,False
776,2023,24.0,pea,1.0157576000000001,productivity_normalized,True,True
776,2024,43.0,wheat_spring,2.5763265,productivity_normalized,True,True
776,2025,24.0,pea,,no_data,False,False
776,2026,13.0,lentil,,no_data,False,False
776,2027,56.0,nan,,no_data,False,False
776,2028,,,,no_data,False,False
776,2029,,,,no_data,False,False
777,2000,,,,no_data,False,False
777,2001,,,,no_data,False,False
777,2002,,,,no_data,False,False
777,2003,,,,no_data,False,False
777,2004,,,,no_data,False,False
777,2005,,,,no_data,False,False
777,2006,,,,no_data,False,False
777,2007,,,,no_data,False,False
777,2008,,,,no_data,False,False
777,2009,,,,no_data,False,False
777,2010,,,,no_data,False,False
777,2011,,,,no_data,False,False
777,2012,,,,no_data,False,False
777,2013,,,,no_data,False,False
777,2014,,,,no_data,False,False
777,2015,,,,no_data,False,False
777,2016,,,,no_data,False,False
777,2017,,,,no_data,False,False
777,2018,20.0,oil_seed_raps_spring,,no_data,False,False
777,2019,43.0,wheat_spring,,no_data,False,False
777,2020,43.0,wheat_spring,,no_data,False,False
777,2021,15.0,linum,,no_data,False,False
777,2022,24.0,pea,,no_data,False,False
777,2023,43.0,wheat_spring,1.736,productivity_normalized,True,True
777,2024,43.0,wheat_spring,3.3362295000000004,productivity_normalized,True,True
777,2025,40.0,sunflower,1.4358125,productivity_normalized,True,True
777,2026,43.0,wheat_spring,,no_data,False,False
777,2027,24.0,pea,,no_data,False,False
777,2028,,,,no_data,False,False
777,2029,,,,no_data,False,False
778,2000,,,,no_data,False,False
778,2001,,,,no_data,False,False
778,2002,,,,no_data,False,False
778,2003,,,,no_data,False,False
778,2004,,,,no_data,False,False
778,2005,,,,no_data,False,False
778,2006,,,,no_data,False,False
778,2007,,,,no_data,False,False
778,2008,,,,no_data,False,False
778,2009,,,,no_data,False,False
778,2010,,,,no_data,False,False
778,2011,,,,no_data,False,False
778,2012,,,,no_data,False,False
778,2013,,,,no_data,False,False
778,2014,,,,no_data,False,False
778,2015,,,,no_data,False,False
778,2016,,,,no_data,False,False
778,2017,,,,no_data,False,False
778,2018,20.0,oil_seed_raps_spring,,no_data,False,False
778,2019,43.0,wheat_spring,,no_data,False,False
778,2020,43.0,wheat_spring,,no_data,False,False
778,2021,15.0,linum,,no_data,False,False
778,2022,24.0,pea,,no_data,False,False
778,2023,43.0,wheat_spring,1.7359091,productivity_normalized,True,True
778,2024,43.0,wheat_spring,4.4640909,productivity_normalized,True,True
778,2025,40.0,sunflower,,no_data,False,False
778,2026,3.0,barley_spring,,no_data,False,False
778,2027,36.0,soya,,no_data,False,False
778,2028,,,,no_data,False,False
778,2029,,,,no_data,False,False
779,2000,,,,no_data,False,False
779,2001,,,,no_data,False,False
779,2002,,,,no_data,False,False
779,2003,,,,no_data,False,False
779,2004,,,,no_data,False,False
779,2005,,,,no_data,False,False
779,2006,,,,no_data,False,False
779,2007,,,,no_data,False,False
779,2008,,,,no_data,False,False
779,2009,,,,no_data,False,False
779,2010,,,,no_data,False,False
779,2011,,,,no_data,False,False
779,2012,,,,no_data,False,False
779,2013,,,,no_data,False,False
779,2014,,,,no_data,False,False
779,2015,,,,no_data,False,False
779,2016,,,,no_data,False,False
779,2017,,,,no_data,False,False
779,2018,20.0,oil_seed_raps_spring,,no_data,False,False
779,2019,43.0,wheat_spring,,no_data,False,False
779,2020,43.0,wheat_spring,,no_data,False,False
779,2021,15.0,linum,,no_data,False,False
779,2022,24.0,pea,,no_data,False,False
779,2023,43.0,wheat_spring,1.7360714000000002,productivity_normalized,True,True
779,2024,43.0,wheat_spring,3.148,productivity_normalized,True,True
779,2025,40.0,sunflower,,no_data,False,False
779,2026,3.0,barley_spring,,no_data,False,False
779,2027,36.0,soya,,no_data,False,False
779,2028,,,,no_data,False,False
779,2029,,,,no_data,False,False
780,2000,,,,no_data,False,False
780,2001,,,,no_data,False,False
780,2002,,,,no_data,False,False
780,2003,,,,no_data,False,False
780,2004,,,,no_data,False,False
780,2005,,,,no_data,False,False
780,2006,,,,no_data,False,False
780,2007,,,,no_data,False,False
780,2008,,,,no_data,False,False
780,2009,,,,no_data,False,False
780,2010,,,,no_data,False,False
780,2011,,,,no_data,False,False
780,2012,,,,no_data,False,False
780,2013,,,,no_data,False,False
780,2014,,,,no_data,False,False
780,2015,,,,no_data,False,False
780,2016,,,,no_data,False,False
780,2017,,,,no_data,False,False
780,2018,20.0,oil_seed_raps_spring,,no_data,False,False
780,2019,43.0,wheat_spring,,no_data,False,False
780,2020,43.0,wheat_spring,,no_data,False,False
780,2021,15.0,linum,,no_data,False,False
780,2022,24.0,pea,,no_data,False,False
780,2023,43.0,wheat_spring,1.7357692,productivity_normalized,True,True
780,2024,43.0,wheat_spring,4.0346667,productivity_normalized,True,True
780,2025,40.0,sunflower,,no_data,False,False
780,2026,3.0,barley_spring,,no_data,False,False
780,2027,36.0,soya,,no_data,False,False
780,2028,,,,no_data,False,False
780,2029,,,,no_data,False,False
781,2000,,,,no_data,False,False
781,2001,,,,no_data,False,False
781,2002,,,,no_data,False,False
781,2003,,,,no_data,False,False
781,2004,,,,no_data,False,False
781,2005,,,,no_data,False,False
781,2006,,,,no_data,False,False
781,2007,,,,no_data,False,False
781,2008,,,,no_data,False,False
781,2009,,,,no_data,False,False
781,2010,,,,no_data,False,False
781,2011,,,,no_data,False,False
781,2012,,,,no_data,False,False
781,2013,,,,no_data,False,False
781,2014,,,,no_data,False,False
781,2015,,,,no_data,False,False
781,2016,,,,no_data,False,False
781,2017,,,,no_data,False,False
781,2018,20.0,oil_seed_raps_spring,,no_data,False,False
781,2019,43.0,wheat_spring,,no_data,False,False
781,2020,43.0,wheat_spring,,no_data,False,False
781,2021,15.0,linum,,no_data,False,False
781,2022,24.0,pea,,no_data,False,False
781,2023,43.0,wheat_spring,1.7360563,productivity_normalized,True,True
781,2024,43.0,wheat_spring,,no_data,False,False
781,2025,40.0,sunflower,,no_data,False,False
781,2026,3.0,barley_spring,,no_data,False,False
781,2027,36.0,soya,,no_data,False,False
781,2028,,,,no_data,False,False
781,2029,,,,no_data,False,False
782,2000,,,,no_data,False,False
782,2001,,,,no_data,False,False
782,2002,,,,no_data,False,False
782,2003,,,,no_data,False,False
782,2004,,,,no_data,False,False
782,2005,,,,no_data,False,False
782,2006,,,,no_data,False,False
782,2007,,,,no_data,False,False
782,2008,,,,no_data,False,False
782,2009,,,,no_data,False,False
782,2010,,,,no_data,False,False
782,2011,,,,no_data,False,False
782,2012,,,,no_data,False,False
782,2013,,,,no_data,False,False
782,2014,,,,no_data,False,False
782,2015,,,,no_data,False,False
782,2016,,,,no_data,False,False
782,2017,,,,no_data,False,False
782,2018,3.0,barley_spring,,no_data,False,False
782,2019,3.0,barley_spring,,no_data,False,False
782,2020,15.0,linum,,no_data,False,False
782,2021,46.0,nan,,no_data,False,False
782,2022,24.0,pea,,no_data,False,False
782,2023,43.0,wheat_spring,3.1433333,productivity_normalized,True,True
782,2024,43.0,wheat_spring,0.7968421,productivity_normalized,True,True
782,2025,40.0,sunflower,0.5294118,productivity_normalized,True,True
782,2026,43.0,wheat_spring,,no_data,False,False
782,2027,13.0,lentil,,no_data,False,False
782,2028,,,,no_data,False,False
782,2029,,,,no_data,False,False
783,2000,,,,no_data,False,False
783,2001,,,,no_data,False,False
783,2002,,,,no_data,False,False
783,2003,,,,no_data,False,False
783,2004,,,,no_data,False,False
783,2005,,,,no_data,False,False
783,2006,,,,no_data,False,False
783,2007,,,,no_data,False,False
783,2008,,,,no_data,False,False
783,2009,,,,no_data,False,False
783,2010,,,,no_data,False,False
783,2011,,,,no_data,False,False
783,2012,,,,no_data,False,False
783,2013,,,,no_data,False,False
783,2014,,,,no_data,False,False
783,2015,,,,no_data,False,False
783,2016,,,,no_data,False,False
783,2017,,,,no_data,False,False
783,2018,13.0,lentil,,no_data,False,False
783,2019,43.0,wheat_spring,,no_data,False,False
783,2020,43.0,wheat_spring,,no_data,False,False
783,2021,1.0,avena_spring,,no_data,False,False
783,2022,43.0,wheat_spring,,no_data,False,False
783,2023,40.0,sunflower,1.8232292,productivity_normalized,True,True
783,2024,3.0,barley_spring,3.8222917,productivity_normalized,True,True
783,2025,24.0,pea,1.9428261,productivity_normalized,True,True
783,2026,20.0,oil_seed_raps_spring,,no_data,False,False
783,2027,43.0,wheat_spring,,no_data,False,False
783,2028,,,,no_data,False,False
783,2029,,,,no_data,False,False
784,2000,,,,no_data,False,False
784,2001,,,,no_data,False,False
784,2002,,,,no_data,False,False
784,2003,,,,no_data,False,False
784,2004,,,,no_data,False,False
784,2005,,,,no_data,False,False
784,2006,,,,no_data,False,False
784,2007,,,,no_data,False,False
784,2008,,,,no_data,False,False
784,2009,,,,no_data,False,False
784,2010,,,,no_data,False,False
784,2011,,,,no_data,False,False
784,2012,,,,no_data,False,False
784,2013,,,,no_data,False,False
784,2014,,,,no_data,False,False
784,2015,,,,no_data,False,False
784,2016,,,,no_data,False,False
784,2017,,,,no_data,False,False
784,2018,,,,no_data,False,False
784,2019,,,,no_data,False,False
784,2020,,,,no_data,False,False
784,2021,9.0,fallow,,no_data,False,False
784,2022,20.0,oil_seed_raps_spring,,no_data,False,False
784,2023,43.0,wheat_spring,1.7746154,productivity_normalized,True,True
784,2024,43.0,wheat_spring,1.1116418,productivity_normalized,True,True
784,2025,40.0,sunflower,1.1829487,productivity_normalized,True,True
784,2026,43.0,wheat_spring,,no_data,False,False
784,2027,24.0,pea,,no_data,False,False
784,2028,,,,no_data,False,False
784,2029,,,,no_data,False,False
785,2000,,,,no_data,False,False
785,2001,,,,no_data,False,False
785,2002,,,,no_data,False,False
785,2003,,,,no_data,False,False
785,2004,,,,no_data,False,False
785,2005,,,,no_data,False,False
785,2006,,,,no_data,False,False
785,2007,,,,no_data,False,False
785,2008,,,,no_data,False,False
785,2009,,,,no_data,False,False
785,2010,,,,no_data,False,False
785,2011,,,,no_data,False,False
785,2012,,,,no_data,False,False
785,2013,,,,no_data,False,False
785,2014,,,,no_data,False,False
785,2015,,,,no_data,False,False
785,2016,,,,no_data,False,False
785,2017,,,,no_data,False,False
785,2018,13.0,lentil,,no_data,False,False
785,2019,20.0,oil_seed_raps_spring,,no_data,False,False
785,2020,43.0,wheat_spring,,no_data,False,False
785,2021,,,,no_data,False,False
785,2022,,,,no_data,False,False
785,2023,40.0,sunflower,1.8381871,productivity_normalized,True,True
785,2024,3.0,barley_spring,2.241155,productivity_normalized,True,True
785,2025,24.0,pea,2.5412941,productivity_normalized,True,True
785,2026,20.0,oil_seed_raps_spring,,no_data,False,False
785,2027,43.0,wheat_spring,,no_data,False,False
785,2028,,,,no_data,False,False
785,2029,,,,no_data,False,False
786,2000,,,,no_data,False,False
786,2001,,,,no_data,False,False
786,2002,,,,no_data,False,False
786,2003,,,,no_data,False,False
786,2004,,,,no_data,False,False
786,2005,,,,no_data,False,False
786,2006,,,,no_data,False,False
786,2007,,,,no_data,False,False
786,2008,,,,no_data,False,False
786,2009,,,,no_data,False,False
786,2010,,,,no_data,False,False
786,2011,,,,no_data,False,False
786,2012,,,,no_data,False,False
786,2013,,,,no_data,False,False
786,2014,,,,no_data,False,False
786,2015,,,,no_data,False,False
786,2016,,,,no_data,False,False
786,2017,,,,no_data,False,False
786,2018,13.0,lentil,,no_data,False,False
786,2019,43.0,wheat_spring,,no_data,False,False
786,2020,43.0,wheat_spring,,no_data,False,False
786,2021,43.0,wheat_spring,,no_data,False,False
786,2022,15.0,linum,,no_data,False,False
786,2023,43.0,wheat_spring,1.4060416999999998,productivity_normalized,True,True
786,2024,43.0,wheat_spring,4.355714300000001,productivity_normalized,True,True
786,2025,43.0,wheat_spring,1.8527273000000002,productivity_normalized,True,True
786,2026,40.0,sunflower,,no_data,False,False
786,2027,43.0,wheat_spring,,no_data,False,False
786,2028,,,,no_data,False,False
786,2029,,,,no_data,False,False
787,2000,,,,no_data,False,False
787,2001,,,,no_data,False,False
787,2002,,,,no_data,False,False
787,2003,,,,no_data,False,False
787,2004,,,,no_data,False,False
787,2005,,,,no_data,False,False
787,2006,,,,no_data,False,False
787,2007,,,,no_data,False,False
787,2008,,,,no_data,False,False
787,2009,,,,no_data,False,False
787,2010,,,,no_data,False,False
787,2011,,,,no_data,False,False
787,2012,,,,no_data,False,False
787,2013,,,,no_data,False,False
787,2014,,,,no_data,False,False
787,2015,,,,no_data,False,False
787,2016,,,,no_data,False,False
787,2017,,,,no_data,False,False
787,2018,15.0,linum,,no_data,False,False
787,2019,15.0,linum,,no_data,False,False
787,2020,9.0,fallow,,no_data,False,False
787,2021,20.0,oil_seed_raps_spring,,no_data,False,False
787,2022,43.0,wheat_spring,,no_data,False,False
787,2023,13.0,lentil,1.3798571000000002,productivity_normalized,True,True
787,2024,43.0,wheat_spring,3.1833333,productivity_normalized,True,True
787,2025,20.0,oil_seed_raps_spring,,no_data,False,False
787,2026,24.0,pea,,no_data,False,False
787,2027,56.0,nan,,no_data,False,False
787,2028,,,,no_data,False,False
787,2029,,,,no_data,False,False
788,2000,,,,no_data,False,False
788,2001,,,,no_data,False,False
788,2002,,,,no_data,False,False
788,2003,,,,no_data,False,False
788,2004,,,,no_data,False,False
788,2005,,,,no_data,False,False
788,2006,,,,no_data,False,False
788,2007,,,,no_data,False,False
788,2008,,,,no_data,False,False
788,2009,,,,no_data,False,False
788,2010,,,,no_data,False,False
788,2011,,,,no_data,False,False
788,2012,,,,no_data,False,False
788,2013,,,,no_data,False,False
788,2014,,,,no_data,False,False
788,2015,,,,no_data,False,False
788,2016,,,,no_data,False,False
788,2017,,,,no_data,False,False
788,2018,13.0,lentil,,no_data,False,False
788,2019,43.0,wheat_spring,,no_data,False,False
788,2020,43.0,wheat_spring,,no_data,False,False
788,2021,,,,no_data,False,False
788,2022,,,,no_data,False,False
788,2023,3.0,barley_spring,1.9351613,productivity_normalized,True,True
788,2024,43.0,wheat_spring,1.9296773999999999,productivity_normalized,True,True
788,2025,43.0,wheat_spring,3.8133793,productivity_normalized,True,True
788,2026,40.0,sunflower,,no_data,False,False
788,2027,43.0,wheat_spring,,no_data,False,False
788,2028,,,,no_data,False,False
788,2029,,,,no_data,False,False
789,2000,,,,no_data,False,False
789,2001,,,,no_data,False,False
789,2002,,,,no_data,False,False
789,2003,,,,no_data,False,False
789,2004,,,,no_data,False,False
789,2005,,,,no_data,False,False
789,2006,,,,no_data,False,False
789,2007,,,,no_data,False,False
789,2008,,,,no_data,False,False
789,2009,,,,no_data,False,False
789,2010,,,,no_data,False,False
789,2011,,,,no_data,False,False
789,2012,,,,no_data,False,False
789,2013,,,,no_data,False,False
789,2014,,,,no_data,False,False
789,2015,,,,no_data,False,False
789,2016,,,,no_data,False,False
789,2017,,,,no_data,False,False
789,2018,13.0,lentil,,no_data,False,False
789,2019,43.0,wheat_spring,,no_data,False,False
789,2020,43.0,wheat_spring,,no_data,False,False
789,2021,43.0,wheat_spring,,no_data,False,False
789,2022,15.0,linum,,no_data,False,False
789,2023,3.0,barley_spring,1.9104651000000001,productivity_normalized,True,True
789,2024,43.0,wheat_spring,3.8676744,productivity_normalized,True,True
789,2025,43.0,wheat_spring,,no_data,False,False
789,2026,20.0,oil_seed_raps_spring,,no_data,False,False
789,2027,3.0,barley_spring,,no_data,False,False
789,2028,,,,no_data,False,False
789,2029,,,,no_data,False,False
790,2000,,,,no_data,False,False
790,2001,,,,no_data,False,False
790,2002,,,,no_data,False,False
790,2003,,,,no_data,False,False
790,2004,,,,no_data,False,False
790,2005,,,,no_data,False,False
790,2006,,,,no_data,False,False
790,2007,,,,no_data,False,False
790,2008,,,,no_data,False,False
790,2009,,,,no_data,False,False
790,2010,,,,no_data,False,False
790,2011,,,,no_data,False,False
790,2012,,,,no_data,False,False
790,2013,,,,no_data,False,False
790,2014,,,,no_data,False,False
790,2015,,,,no_data,False,False
790,2016,,,,no_data,False,False
790,2017,,,,no_data,False,False
790,2018,9.0,fallow,,no_data,False,False
790,2019,3.0,barley_spring,,no_data,False,False
790,2020,36.0,soya,,no_data,False,False
790,2021,43.0,wheat_spring,,no_data,False,False
790,2022,43.0,wheat_spring,,no_data,False,False
790,2023,40.0,sunflower,1.8870833,productivity_normalized,True,True
790,2024,3.0,barley_spring,0.9412499999999999,productivity_normalized,True,True
790,2025,24.0,pea,2.9851111,productivity_normalized,True,True
790,2026,20.0,oil_seed_raps_spring,,no_data,False,False
790,2027,43.0,wheat_spring,,no_data,False,False
790,2028,,,,no_data,False,False
790,2029,,,,no_data,False,False
791,2000,,,,no_data,False,False
791,2001,,,,no_data,False,False
791,2002,,,,no_data,False,False
791,2003,,,,no_data,False,False
791,2004,,,,no_data,False,False
791,2005,,,,no_data,False,False
791,2006,,,,no_data,False,False
791,2007,,,,no_data,False,False
791,2008,,,,no_data,False,False
791,2009,,,,no_data,False,False
791,2010,,,,no_data,False,False
791,2011,,,,no_data,False,False
791,2012,,,,no_data,False,False
791,2013,,,,no_data,False,False
791,2014,,,,no_data,False,False
791,2015,,,,no_data,False,False
791,2016,,,,no_data,False,False
791,2017,,,,no_data,False,False
791,2018,,,,no_data,False,False
791,2019,,,,no_data,False,False
791,2020,,,,no_data,False,False
791,2021,15.0,linum,,no_data,False,False
791,2022,3.0,barley_spring,,no_data,False,False
791,2023,40.0,sunflower,1.8553846,productivity_normalized,True,True
791,2024,17.0,medicago,,no_data,False,False
791,2025,,,,no_data,False,False
791,2026,,,,no_data,False,False
791,2027,,,,no_data,False,False
791,2028,,,,no_data,False,False
791,2029,,,,no_data,False,False
792,2000,,,,no_data,False,False
792,2001,,,,no_data,False,False
792,2002,,,,no_data,False,False
792,2003,,,,no_data,False,False
792,2004,,,,no_data,False,False
792,2005,,,,no_data,False,False
792,2006,,,,no_data,False,False
792,2007,,,,no_data,False,False
792,2008,,,,no_data,False,False
792,2009,,,,no_data,False,False
792,2010,,,,no_data,False,False
792,2011,,,,no_data,False,False
792,2012,,,,no_data,False,False
792,2013,,,,no_data,False,False
792,2014,,,,no_data,False,False
792,2015,,,,no_data,False,False
792,2016,,,,no_data,False,False
792,2017,,,,no_data,False,False
792,2018,20.0,oil_seed_raps_spring,,no_data,False,False
792,2019,43.0,wheat_spring,,no_data,False,False
792,2020,43.0,wheat_spring,,no_data,False,False
792,2021,3.0,barley_spring,,no_data,False,False
792,2022,20.0,oil_seed_raps_spring,,no_data,False,False
792,2023,43.0,wheat_spring,1.42275,productivity_normalized,True,True
792,2024,40.0,sunflower,2.9635000000000002,productivity_normalized,True,True
792,2025,43.0,wheat_spring,,no_data,False,False
792,2026,13.0,lentil,,no_data,False,False
792,2027,44.0,wheat_winter,,no_data,False,False
792,2028,,,,no_data,False,False
792,2029,,,,no_data,False,False
793,2000,,,,no_data,False,False
793,2001,,,,no_data,False,False
793,2002,,,,no_data,False,False
793,2003,,,,no_data,False,False
793,2004,,,,no_data,False,False
793,2005,,,,no_data,False,False
793,2006,,,,no_data,False,False
793,2007,,,,no_data,False,False
793,2008,,,,no_data,False,False
793,2009,,,,no_data,False,False
793,2010,,,,no_data,False,False
793,2011,,,,no_data,False,False
793,2012,,,,no_data,False,False
793,2013,,,,no_data,False,False
793,2014,,,,no_data,False,False
793,2015,,,,no_data,False,False
793,2016,,,,no_data,False,False
793,2017,,,,no_data,False,False
793,2018,13.0,lentil,,no_data,False,False
793,2019,43.0,wheat_spring,,no_data,False,False
793,2020,43.0,wheat_spring,,no_data,False,False
793,2021,1.0,avena_spring,,no_data,False,False
793,2022,15.0,linum,,no_data,False,False
793,2023,43.0,wheat_spring,1.78,productivity_normalized,True,True
793,2024,43.0,wheat_spring,4.3638202,productivity_normalized,True,True
793,2025,43.0,wheat_spring,2.2246512,productivity_normalized,True,True
793,2026,40.0,sunflower,,no_data,False,False
793,2027,43.0,wheat_spring,,no_data,False,False
793,2028,,,,no_data,False,False
793,2029,,,,no_data,False,False
794,2000,,,,no_data,False,False
794,2001,,,,no_data,False,False
794,2002,,,,no_data,False,False
794,2003,,,,no_data,False,False
794,2004,,,,no_data,False,False
794,2005,,,,no_data,False,False
794,2006,,,,no_data,False,False
794,2007,,,,no_data,False,False
794,2008,,,,no_data,False,False
794,2009,,,,no_data,False,False
794,2010,,,,no_data,False,False
794,2011,,,,no_data,False,False
794,2012,,,,no_data,False,False
794,2013,,,,no_data,False,False
794,2014,,,,no_data,False,False
794,2015,,,,no_data,False,False
794,2016,,,,no_data,False,False
794,2017,,,,no_data,False,False
794,2018,43.0,wheat_spring,,no_data,False,False
794,2019,43.0,wheat_spring,,no_data,False,False
794,2020,43.0,wheat_spring,,no_data,False,False
794,2021,3.0,barley_spring,,no_data,False,False
794,2022,1.0,avena_spring,,no_data,False,False
794,2023,24.0,pea,1.0431818,productivity_normalized,True,True
794,2024,43.0,wheat_spring,,no_data,False,False
794,2025,20.0,oil_seed_raps_spring,,no_data,False,False
794,2026,13.0,lentil,,no_data,False,False
794,2027,44.0,wheat_winter,,no_data,False,False
794,2028,,,,no_data,False,False
794,2029,,,,no_data,False,False
795,2000,,,,no_data,False,False
795,2001,,,,no_data,False,False
795,2002,,,,no_data,False,False
795,2003,,,,no_data,False,False
795,2004,,,,no_data,False,False
795,2005,,,,no_data,False,False
795,2006,,,,no_data,False,False
795,2007,,,,no_data,False,False
795,2008,,,,no_data,False,False
795,2009,,,,no_data,False,False
795,2010,,,,no_data,False,False
795,2011,,,,no_data,False,False
795,2012,,,,no_data,False,False
795,2013,,,,no_data,False,False
795,2014,,,,no_data,False,False
795,2015,,,,no_data,False,False
795,2016,,,,no_data,False,False
795,2017,,,,no_data,False,False
795,2018,43.0,wheat_spring,,no_data,False,False
795,2019,43.0,wheat_spring,,no_data,False,False
795,2020,43.0,wheat_spring,,no_data,False,False
795,2021,3.0,barley_spring,,no_data,False,False
795,2022,1.0,avena_spring,,no_data,False,False
795,2023,24.0,pea,0.8206494,productivity_normalized,True,True
795,2024,43.0,wheat_spring,3.5212844,productivity_normalized,True,True
795,2025,20.0,oil_seed_raps_spring,1.2457471,productivity_normalized,True,True
795,2026,43.0,wheat_spring,,no_data,False,False
795,2027,40.0,sunflower,,no_data,False,False
795,2028,,,,no_data,False,False
795,2029,,,,no_data,False,False
796,2000,,,,no_data,False,False
796,2001,,,,no_data,False,False
796,2002,,,,no_data,False,False
796,2003,,,,no_data,False,False
796,2004,,,,no_data,False,False
796,2005,,,,no_data,False,False
796,2006,,,,no_data,False,False
796,2007,,,,no_data,False,False
796,2008,,,,no_data,False,False
796,2009,,,,no_data,False,False
796,2010,,,,no_data,False,False
796,2011,,,,no_data,False,False
796,2012,,,,no_data,False,False
796,2013,,,,no_data,False,False
796,2014,,,,no_data,False,False
796,2015,,,,no_data,False,False
796,2016,,,,no_data,False,False
796,2017,,,,no_data,False,False
796,2018,,,,no_data,False,False
796,2019,,,,no_data,False,False
796,2020,,,,no_data,False,False
796,2021,3.0,barley_spring,,no_data,False,False
796,2022,1.0,avena_spring,,no_data,False,False
796,2023,24.0,pea,1.1148387,productivity_normalized,True,True
796,2024,43.0,wheat_spring,,no_data,False,False
796,2025,,,,no_data,False,False
796,2026,,,,no_data,False,False
796,2027,,,,no_data,False,False
796,2028,,,,no_data,False,False
796,2029,,,,no_data,False,False
797,2000,,,,no_data,False,False
797,2001,,,,no_data,False,False
797,2002,,,,no_data,False,False
797,2003,,,,no_data,False,False
797,2004,,,,no_data,False,False
797,2005,,,,no_data,False,False
797,2006,,,,no_data,False,False
797,2007,,,,no_data,False,False
797,2008,,,,no_data,False,False
797,2009,,,,no_data,False,False
797,2010,,,,no_data,False,False
797,2011,,,,no_data,False,False
797,2012,,,,no_data,False,False
797,2013,,,,no_data,False,False
797,2014,,,,no_data,False,False
797,2015,,,,no_data,False,False
797,2016,,,,no_data,False,False
797,2017,,,,no_data,False,False
797,2018,13.0,lentil,,no_data,False,False
797,2019,43.0,wheat_spring,,no_data,False,False
797,2020,24.0,pea,,no_data,False,False
797,2021,43.0,wheat_spring,,no_data,False,False
797,2022,15.0,linum,,no_data,False,False
797,2023,43.0,wheat_spring,1.7378261,productivity_normalized,True,True
797,2024,13.0,lentil,1.5504348000000001,productivity_normalized,True,True
797,2025,43.0,wheat_spring,4.5113043,productivity_normalized,True,True
797,2026,40.0,sunflower,,no_data,False,False
797,2027,43.0,wheat_spring,,no_data,False,False
797,2028,,,,no_data,False,False
797,2029,,,,no_data,False,False
798,2000,,,,no_data,False,False
798,2001,,,,no_data,False,False
798,2002,,,,no_data,False,False
798,2003,,,,no_data,False,False
798,2004,,,,no_data,False,False
798,2005,,,,no_data,False,False
798,2006,,,,no_data,False,False
798,2007,,,,no_data,False,False
798,2008,,,,no_data,False,False
798,2009,,,,no_data,False,False
798,2010,,,,no_data,False,False
798,2011,,,,no_data,False,False
798,2012,,,,no_data,False,False
798,2013,,,,no_data,False,False
798,2014,,,,no_data,False,False
798,2015,,,,no_data,False,False
798,2016,,,,no_data,False,False
798,2017,,,,no_data,False,False
798,2018,,,,no_data,False,False
798,2019,,,,no_data,False,False
798,2020,,,,no_data,False,False
798,2021,,,,no_data,False,False
798,2022,24.0,pea,,no_data,False,False
798,2023,43.0,wheat_spring,2.0061538,productivity_normalized,True,True
798,2024,40.0,sunflower,2.7092308,productivity_normalized,True,True
798,2025,43.0,wheat_spring,,no_data,False,False
798,2026,24.0,pea,,no_data,False,False
798,2027,43.0,wheat_spring,,no_data,False,False
798,2028,,,,no_data,False,False
798,2029,,,,no_data,False,False
799,2000,,,,no_data,False,False
799,2001,,,,no_data,False,False
799,2002,,,,no_data,False,False
799,2003,,,,no_data,False,False
799,2004,,,,no_data,False,False
799,2005,,,,no_data,False,False
799,2006,,,,no_data,False,False
799,2007,,,,no_data,False,False
799,2008,,,,no_data,False,False
799,2009,,,,no_data,False,False
799,2010,,,,no_data,False,False
799,2011,,,,no_data,False,False
799,2012,,,,no_data,False,False
799,2013,,,,no_data,False,False
799,2014,,,,no_data,False,False
799,2015,,,,no_data,False,False
799,2016,,,,no_data,False,False
799,2017,,,,no_data,False,False
799,2018,9.0,fallow,,no_data,False,False
799,2019,3.0,barley_spring,,no_data,False,False
799,2020,3.0,barley_spring,,no_data,False,False
799,2021,15.0,linum,,no_data,False,False
799,2022,3.0,barley_spring,,no_data,False,False
799,2023,55.0,sweet_clover,,no_data,False,False
799,2024,3.0,barley_spring,0.8559184,productivity_normalized,True,True
799,2025,24.0,pea,,no_data,False,False
799,2026,44.0,wheat_winter,,no_data,False,False
799,2027,,,,no_data,False,False
799,2028,,,,no_data,False,False
799,2029,,,,no_data,False,False
800,2000,,,,no_data,False,False
800,2001,,,,no_data,False,False
800,2002,,,,no_data,False,False
800,2003,,,,no_data,False,False
800,2004,,,,no_data,False,False
800,2005,,,,no_data,False,False
800,2006,,,,no_data,False,False
800,2007,,,,no_data,False,False
800,2008,,,,no_data,False,False
800,2009,,,,no_data,False,False
800,2010,,,,no_data,False,False
800,2011,,,,no_data,False,False
800,2012,,,,no_data,False,False
800,2013,,,,no_data,False,False
800,2014,,,,no_data,False,False
800,2015,,,,no_data,False,False
800,2016,,,,no_data,False,False
800,2017,,,,no_data,False,False
800,2018,13.0,lentil,,no_data,False,False
800,2019,43.0,wheat_spring,,no_data,False,False
800,2020,43.0,wheat_spring,,no_data,False,False
800,2021,43.0,wheat_spring,,no_data,False,False
800,2022,15.0,linum,,no_data,False,False
800,2023,3.0,barley_spring,1.85,productivity_normalized,True,True
800,2024,43.0,wheat_spring,2.4933333,productivity_normalized,True,True
800,2025,43.0,wheat_spring,1.907,productivity_normalized,True,True
800,2026,40.0,sunflower,,no_data,False,False
800,2027,43.0,wheat_spring,,no_data,False,False
800,2028,,,,no_data,False,False
800,2029,,,,no_data,False,False
801,2000,,,,no_data,False,False
801,2001,,,,no_data,False,False
801,2002,,,,no_data,False,False
801,2003,,,,no_data,False,False
801,2004,,,,no_data,False,False
801,2005,,,,no_data,False,False
801,2006,,,,no_data,False,False
801,2007,,,,no_data,False,False
801,2008,,,,no_data,False,False
801,2009,,,,no_data,False,False
801,2010,,,,no_data,False,False
801,2011,,,,no_data,False,False
801,2012,,,,no_data,False,False
801,2013,,,,no_data,False,False
801,2014,,,,no_data,False,False
801,2015,,,,no_data,False,False
801,2016,,,,no_data,False,False
801,2017,,,,no_data,False,False
801,2018,13.0,lentil,,no_data,False,False
801,2019,43.0,wheat_spring,,no_data,False,False
801,2020,1.0,avena_spring,,no_data,False,False
801,2021,43.0,wheat_spring,,no_data,False,False
801,2022,15.0,linum,,no_data,False,False
801,2023,43.0,wheat_spring,1.8197272999999998,productivity_normalized,True,True
801,2024,13.0,lentil,0.8103704,productivity_normalized,True,True
801,2025,43.0,wheat_spring,3.8007246,productivity_normalized,True,True
801,2026,40.0,sunflower,,no_data,False,False
801,2027,43.0,wheat_spring,,no_data,False,False
801,2028,,,,no_data,False,False
801,2029,,,,no_data,False,False
802,2000,,,,no_data,False,False
802,2001,,,,no_data,False,False
802,2002,,,,no_data,False,False
802,2003,,,,no_data,False,False
802,2004,,,,no_data,False,False
802,2005,,,,no_data,False,False
802,2006,,,,no_data,False,False
802,2007,,,,no_data,False,False
802,2008,,,,no_data,False,False
802,2009,,,,no_data,False,False
802,2010,,,,no_data,False,False
802,2011,,,,no_data,False,False
802,2012,,,,no_data,False,False
802,2013,,,,no_data,False,False
802,2014,,,,no_data,False,False
802,2015,,,,no_data,False,False
802,2016,,,,no_data,False,False
802,2017,,,,no_data,False,False
802,2018,13.0,lentil,,no_data,False,False
802,2019,43.0,wheat_spring,,no_data,False,False
802,2020,43.0,wheat_spring,,no_data,False,False
802,2021,43.0,wheat_spring,,no_data,False,False
802,2022,15.0,linum,,no_data,False,False
802,2023,40.0,sunflower,2.3458333,productivity_normalized,True,True
802,2024,13.0,lentil,0.3558333,productivity_normalized,True,True
802,2025,43.0,wheat_spring,2.8191667,productivity_normalized,True,True
802,2026,40.0,sunflower,,no_data,False,False
802,2027,43.0,wheat_spring,,no_data,False,False
802,2028,,,,no_data,False,False
802,2029,,,,no_data,False,False
803,2000,,,,no_data,False,False
803,2001,,,,no_data,False,False
803,2002,,,,no_data,False,False
803,2003,,,,no_data,False,False
803,2004,,,,no_data,False,False
803,2005,,,,no_data,False,False
803,2006,,,,no_data,False,False
803,2007,,,,no_data,False,False
803,2008,,,,no_data,False,False
803,2009,,,,no_data,False,False
803,2010,,,,no_data,False,False
803,2011,,,,no_data,False,False
803,2012,,,,no_data,False,False
803,2013,,,,no_data,False,False
803,2014,,,,no_data,False,False
803,2015,,,,no_data,False,False
803,2016,,,,no_data,False,False
803,2017,,,,no_data,False,False
803,2018,13.0,lentil,,no_data,False,False
803,2019,43.0,wheat_spring,,no_data,False,False
803,2020,24.0,pea,,no_data,False,False
803,2021,43.0,wheat_spring,,no_data,False,False
803,2022,15.0,linum,,no_data,False,False
803,2023,43.0,wheat_spring,1.8186206999999999,productivity_normalized,True,True
803,2024,13.0,lentil,0.8068966,productivity_normalized,True,True
803,2025,43.0,wheat_spring,5.0110345,productivity_normalized,True,True
803,2026,40.0,sunflower,,no_data,False,False
803,2027,43.0,wheat_spring,,no_data,False,False
803,2028,,,,no_data,False,False
803,2029,,,,no_data,False,False
804,2000,,,,no_data,False,False
804,2001,,,,no_data,False,False
804,2002,,,,no_data,False,False
804,2003,,,,no_data,False,False
804,2004,,,,no_data,False,False
804,2005,,,,no_data,False,False
804,2006,,,,no_data,False,False
804,2007,,,,no_data,False,False
804,2008,,,,no_data,False,False
804,2009,,,,no_data,False,False
804,2010,,,,no_data,False,False
804,2011,,,,no_data,False,False
804,2012,,,,no_data,False,False
804,2013,,,,no_data,False,False
804,2014,,,,no_data,False,False
804,2015,,,,no_data,False,False
804,2016,,,,no_data,False,False
804,2017,,,,no_data,False,False
804,2018,,,,no_data,False,False
804,2019,,,,no_data,False,False
804,2020,,,,no_data,False,False
804,2021,43.0,wheat_spring,,no_data,False,False
804,2022,43.0,wheat_spring,,no_data,False,False
804,2023,43.0,wheat_spring,1.8188889,productivity_normalized,True,True
804,2024,13.0,lentil,,no_data,False,False
804,2025,,,,no_data,False,False
804,2026,,,,no_data,False,False
804,2027,,,,no_data,False,False
804,2028,,,,no_data,False,False
804,2029,,,,no_data,False,False
805,2000,,,,no_data,False,False
805,2001,,,,no_data,False,False
805,2002,,,,no_data,False,False
805,2003,,,,no_data,False,False
805,2004,,,,no_data,False,False
805,2005,,,,no_data,False,False
805,2006,,,,no_data,False,False
805,2007,,,,no_data,False,False
805,2008,,,,no_data,False,False
805,2009,,,,no_data,False,False
805,2010,,,,no_data,False,False
805,2011,,,,no_data,False,False
805,2012,,,,no_data,False,False
805,2013,,,,no_data,False,False
805,2014,,,,no_data,False,False
805,2015,,,,no_data,False,False
805,2016,,,,no_data,False,False
805,2017,,,,no_data,False,False
805,2018,,,,no_data,False,False
805,2019,,,,no_data,False,False
805,2020,,,,no_data,False,False
805,2021,43.0,wheat_spring,,no_data,False,False
805,2022,43.0,wheat_spring,,no_data,False,False
805,2023,43.0,wheat_spring,1.8189474,productivity_normalized,True,True
805,2024,13.0,lentil,,no_data,False,False
805,2025,,,,no_data,False,False
805,2026,,,,no_data,False,False
805,2027,,,,no_data,False,False
805,2028,,,,no_data,False,False
805,2029,,,,no_data,False,False
806,2000,,,,no_data,False,False
806,2001,,,,no_data,False,False
806,2002,,,,no_data,False,False
806,2003,,,,no_data,False,False
806,2004,,,,no_data,False,False
806,2005,,,,no_data,False,False
806,2006,,,,no_data,False,False
806,2007,,,,no_data,False,False
806,2008,,,,no_data,False,False
806,2009,,,,no_data,False,False
806,2010,,,,no_data,False,False
806,2011,,,,no_data,False,False
806,2012,,,,no_data,False,False
806,2013,,,,no_data,False,False
806,2014,,,,no_data,False,False
806,2015,,,,no_data,False,False
806,2016,,,,no_data,False,False
806,2017,,,,no_data,False,False
806,2018,,,,no_data,False,False
806,2019,,,,no_data,False,False
806,2020,,,,no_data,False,False
806,2021,43.0,wheat_spring,,no_data,False,False
806,2022,3.0,barley_spring,,no_data,False,False
806,2023,43.0,wheat_spring,2.2642857,productivity_normalized,True,True
806,2024,13.0,lentil,,no_data,False,False
806,2025,,,,no_data,False,False
806,2026,,,,no_data,False,False
806,2027,,,,no_data,False,False
806,2028,,,,no_data,False,False
806,2029,,,,no_data,False,False
807,2000,,,,no_data,False,False
807,2001,,,,no_data,False,False
807,2002,,,,no_data,False,False
807,2003,,,,no_data,False,False
807,2004,,,,no_data,False,False
807,2005,,,,no_data,False,False
807,2006,,,,no_data,False,False
807,2007,,,,no_data,False,False
807,2008,,,,no_data,False,False
807,2009,,,,no_data,False,False
807,2010,,,,no_data,False,False
807,2011,,,,no_data,False,False
807,2012,,,,no_data,False,False
807,2013,,,,no_data,False,False
807,2014,,,,no_data,False,False
807,2015,,,,no_data,False,False
807,2016,,,,no_data,False,False
807,2017,,,,no_data,False,False
807,2018,3.0,barley_spring,,no_data,False,False
807,2019,3.0,barley_spring,,no_data,False,False
807,2020,15.0,linum,,no_data,False,False
807,2021,46.0,nan,,no_data,False,False
807,2022,24.0,pea,,no_data,False,False
807,2023,43.0,wheat_spring,3.1410526,productivity_normalized,True,True
807,2024,43.0,wheat_spring,2.4712281000000003,productivity_normalized,True,True
807,2025,40.0,sunflower,,no_data,False,False
807,2026,56.0,nan,,no_data,False,False
807,2027,24.0,pea,,no_data,False,False
807,2028,,,,no_data,False,False
807,2029,,,,no_data,False,False
808,2000,,,,no_data,False,False
808,2001,,,,no_data,False,False
808,2002,,,,no_data,False,False
808,2003,,,,no_data,False,False
808,2004,,,,no_data,False,False
808,2005,,,,no_data,False,False
808,2006,,,,no_data,False,False
808,2007,,,,no_data,False,False
808,2008,,,,no_data,False,False
808,2009,,,,no_data,False,False
808,2010,,,,no_data,False,False
808,2011,,,,no_data,False,False
808,2012,,,,no_data,False,False
808,2013,,,,no_data,False,False
808,2014,,,,no_data,False,False
808,2015,,,,no_data,False,False
808,2016,,,,no_data,False,False
808,2017,,,,no_data,False,False
808,2018,43.0,wheat_spring,,no_data,False,False
808,2019,57.0,nan,,no_data,False,False
808,2020,58.0,nan,,no_data,False,False
808,2021,46.0,nan,,no_data,False,False
808,2022,24.0,pea,,no_data,False,False
808,2023,43.0,wheat_spring,2.64275,productivity_normalized,True,True
808,2024,43.0,wheat_spring,2.3962499999999998,productivity_normalized,True,True
808,2025,40.0,sunflower,1.6854054,productivity_normalized,True,True
808,2026,43.0,wheat_spring,,no_data,False,False
808,2027,13.0,lentil,,no_data,False,False
808,2028,,,,no_data,False,False
808,2029,,,,no_data,False,False
809,2000,,,,no_data,False,False
809,2001,,,,no_data,False,False
809,2002,,,,no_data,False,False
809,2003,,,,no_data,False,False
809,2004,,,,no_data,False,False
809,2005,,,,no_data,False,False
809,2006,,,,no_data,False,False
809,2007,,,,no_data,False,False
809,2008,,,,no_data,False,False
809,2009,,,,no_data,False,False
809,2010,,,,no_data,False,False
809,2011,,,,no_data,False,False
809,2012,,,,no_data,False,False
809,2013,,,,no_data,False,False
809,2014,,,,no_data,False,False
809,2015,,,,no_data,False,False
809,2016,,,,no_data,False,False
809,2017,,,,no_data,False,False
809,2018,43.0,wheat_spring,,no_data,False,False
809,2019,43.0,wheat_spring,,no_data,False,False
809,2020,43.0,wheat_spring,,no_data,False,False
809,2021,3.0,barley_spring,,no_data,False,False
809,2022,1.0,avena_spring,,no_data,False,False
809,2023,24.0,pea,1.1082759,productivity_normalized,True,True
809,2024,43.0,wheat_spring,3.1715516999999998,productivity_normalized,True,True
809,2025,43.0,wheat_spring,2.2703846,productivity_normalized,True,True
809,2026,24.0,pea,,no_data,False,False
809,2027,43.0,wheat_spring,,no_data,False,False
809,2028,,,,no_data,False,False
809,2029,,,,no_data,False,False
810,2000,,,,no_data,False,False
810,2001,,,,no_data,False,False
810,2002,,,,no_data,False,False
810,2003,,,,no_data,False,False
810,2004,,,,no_data,False,False
810,2005,,,,no_data,False,False
810,2006,,,,no_data,False,False
810,2007,,,,no_data,False,False
810,2008,,,,no_data,False,False
810,2009,,,,no_data,False,False
810,2010,,,,no_data,False,False
810,2011,,,,no_data,False,False
810,2012,,,,no_data,False,False
810,2013,,,,no_data,False,False
810,2014,,,,no_data,False,False
810,2015,,,,no_data,False,False
810,2016,,,,no_data,False,False
810,2017,,,,no_data,False,False
810,2018,43.0,wheat_spring,,no_data,False,False
810,2019,43.0,wheat_spring,,no_data,False,False
810,2020,43.0,wheat_spring,,no_data,False,False
810,2021,3.0,barley_spring,,no_data,False,False
810,2022,1.0,avena_spring,,no_data,False,False
810,2023,24.0,pea,1.032,productivity_normalized,True,True
810,2024,43.0,wheat_spring,3.8034286,productivity_normalized,True,True
810,2025,40.0,sunflower,1.2085184999999998,productivity_normalized,True,True
810,2026,43.0,wheat_spring,,no_data,False,False
810,2027,40.0,sunflower,,no_data,False,False
810,2028,,,,no_data,False,False
810,2029,,,,no_data,False,False
811,2000,,,,no_data,False,False
811,2001,,,,no_data,False,False
811,2002,,,,no_data,False,False
811,2003,,,,no_data,False,False
811,2004,,,,no_data,False,False
811,2005,,,,no_data,False,False
811,2006,,,,no_data,False,False
811,2007,,,,no_data,False,False
811,2008,,,,no_data,False,False
811,2009,,,,no_data,False,False
811,2010,,,,no_data,False,False
811,2011,,,,no_data,False,False
811,2012,,,,no_data,False,False
811,2013,,,,no_data,False,False
811,2014,,,,no_data,False,False
811,2015,,,,no_data,False,False
811,2016,,,,no_data,False,False
811,2017,,,,no_data,False,False
811,2018,43.0,wheat_spring,,no_data,False,False
811,2019,15.0,linum,,no_data,False,False
811,2020,57.0,nan,,no_data,False,False
811,2021,9.0,fallow,,no_data,False,False
811,2022,20.0,oil_seed_raps_spring,,no_data,False,False
811,2023,43.0,wheat_spring,1.8688889,productivity_normalized,True,True
811,2024,43.0,wheat_spring,4.6866667,productivity_normalized,True,True
811,2025,43.0,wheat_spring,,no_data,False,False
811,2026,13.0,lentil,,no_data,False,False
811,2027,56.0,nan,,no_data,False,False
811,2028,,,,no_data,False,False
811,2029,,,,no_data,False,False
812,2000,,,,no_data,False,False
812,2001,,,,no_data,False,False
812,2002,,,,no_data,False,False
812,2003,,,,no_data,False,False
812,2004,,,,no_data,False,False
812,2005,,,,no_data,False,False
812,2006,,,,no_data,False,False
812,2007,,,,no_data,False,False
812,2008,,,,no_data,False,False
812,2009,,,,no_data,False,False
812,2010,,,,no_data,False,False
812,2011,,,,no_data,False,False
812,2012,,,,no_data,False,False
812,2013,,,,no_data,False,False
812,2014,,,,no_data,False,False
812,2015,,,,no_data,False,False
812,2016,,,,no_data,False,False
812,2017,,,,no_data,False,False
812,2018,20.0,oil_seed_raps_spring,,no_data,False,False
812,2019,43.0,wheat_spring,,no_data,False,False
812,2020,43.0,wheat_spring,,no_data,False,False
812,2021,1.0,avena_spring,,no_data,False,False
812,2022,24.0,pea,,no_data,False,False
812,2023,43.0,wheat_spring,1.7378947,productivity_normalized,True,True
812,2024,43.0,wheat_spring,3.5915788999999996,productivity_normalized,True,True
812,2025,40.0,sunflower,1.1764286,productivity_normalized,True,True
812,2026,43.0,wheat_spring,,no_data,False,False
812,2027,24.0,pea,,no_data,False,False
812,2028,,,,no_data,False,False
812,2029,,,,no_data,False,False
813,2000,,,,no_data,False,False
813,2001,,,,no_data,False,False
813,2002,,,,no_data,False,False
813,2003,,,,no_data,False,False
813,2004,,,,no_data,False,False
813,2005,,,,no_data,False,False
813,2006,,,,no_data,False,False
813,2007,,,,no_data,False,False
813,2008,,,,no_data,False,False
813,2009,,,,no_data,False,False
813,2010,,,,no_data,False,False
813,2011,,,,no_data,False,False
813,2012,,,,no_data,False,False
813,2013,,,,no_data,False,False
813,2014,,,,no_data,False,False
813,2015,,,,no_data,False,False
813,2016,,,,no_data,False,False
813,2017,,,,no_data,False,False
813,2018,,,,no_data,False,False
813,2019,,,,no_data,False,False
813,2020,,,,no_data,False,False
813,2021,43.0,wheat_spring,,no_data,False,False
813,2022,3.0,barley_spring,,no_data,False,False
813,2023,43.0,wheat_spring,1.738,productivity_normalized,True,True
813,2024,13.0,lentil,,no_data,False,False
813,2025,,,,no_data,False,False
813,2026,,,,no_data,False,False
813,2027,,,,no_data,False,False
813,2028,,,,no_data,False,False
813,2029,,,,no_data,False,False
814,2000,,,,no_data,False,False
814,2001,,,,no_data,False,False
814,2002,,,,no_data,False,False
814,2003,,,,no_data,False,False
814,2004,,,,no_data,False,False
814,2005,,,,no_data,False,False
814,2006,,,,no_data,False,False
814,2007,,,,no_data,False,False
814,2008,,,,no_data,False,False
814,2009,,,,no_data,False,False
814,2010,,,,no_data,False,False
814,2011,,,,no_data,False,False
814,2012,,,,no_data,False,False
814,2013,,,,no_data,False,False
814,2014,,,,no_data,False,False
814,2015,,,,no_data,False,False
814,2016,,,,no_data,False,False
814,2017,,,,no_data,False,False
814,2018,43.0,wheat_spring,,no_data,False,False
814,2019,3.0,barley_spring,,no_data,False,False
814,2020,15.0,linum,,no_data,False,False
814,2021,9.0,fallow,,no_data,False,False
814,2022,43.0,wheat_spring,,no_data,False,False
814,2023,43.0,wheat_spring,1.7621622,productivity_normalized,True,True
814,2024,3.0,barley_spring,0.9753659000000001,productivity_normalized,True,True
814,2025,24.0,pea,1.2434375,productivity_normalized,True,True
814,2026,20.0,oil_seed_raps_spring,,no_data,False,False
814,2027,43.0,wheat_spring,,no_data,False,False
814,2028,,,,no_data,False,False
814,2029,,,,no_data,False,False
815,2000,,,,no_data,False,False
815,2001,,,,no_data,False,False
815,2002,,,,no_data,False,False
815,2003,,,,no_data,False,False
815,2004,,,,no_data,False,False
815,2005,,,,no_data,False,False
815,2006,,,,no_data,False,False
815,2007,,,,no_data,False,False
815,2008,,,,no_data,False,False
815,2009,,,,no_data,False,False
815,2010,,,,no_data,False,False
815,2011,,,,no_data,False,False
815,2012,,,,no_data,False,False
815,2013,,,,no_data,False,False
815,2014,,,,no_data,False,False
815,2015,,,,no_data,False,False
815,2016,,,,no_data,False,False
815,2017,,,,no_data,False,False
815,2018,,,,no_data,False,False
815,2019,,,,no_data,False,False
815,2020,,,,no_data,False,False
815,2021,,,,no_data,False,False
815,2022,,,,no_data,False,False
815,2023,43.0,wheat_spring,1.7622222,productivity_normalized,True,True
815,2024,24.0,pea,,no_data,False,False
815,2025,,,,no_data,False,False
815,2026,,,,no_data,False,False
815,2027,,,,no_data,False,False
815,2028,,,,no_data,False,False
815,2029,,,,no_data,False,False
816,2000,,,,no_data,False,False
816,2001,,,,no_data,False,False
816,2002,,,,no_data,False,False
816,2003,,,,no_data,False,False
816,2004,,,,no_data,False,False
816,2005,,,,no_data,False,False
816,2006,,,,no_data,False,False
816,2007,,,,no_data,False,False
816,2008,,,,no_data,False,False
816,2009,,,,no_data,False,False
816,2010,,,,no_data,False,False
816,2011,,,,no_data,False,False
816,2012,,,,no_data,False,False
816,2013,,,,no_data,False,False
816,2014,,,,no_data,False,False
816,2015,,,,no_data,False,False
816,2016,,,,no_data,False,False
816,2017,,,,no_data,False,False
816,2018,,,,no_data,False,False
816,2019,,,,no_data,False,False
816,2020,,,,no_data,False,False
816,2021,,,,no_data,False,False
816,2022,,,,no_data,False,False
816,2023,37.0,sudan_grass,,no_data,False,False
816,2024,43.0,wheat_spring,,no_data,False,False
816,2025,,,,no_data,False,False
816,2026,,,,no_data,False,False
816,2027,,,,no_data,False,False
816,2028,,,,no_data,False,False
816,2029,,,,no_data,False,False
817,2000,,,,no_data,False,False
817,2001,,,,no_data,False,False
817,2002,,,,no_data,False,False
817,2003,,,,no_data,False,False
817,2004,,,,no_data,False,False
817,2005,,,,no_data,False,False
817,2006,,,,no_data,False,False
817,2007,,,,no_data,False,False
817,2008,,,,no_data,False,False
817,2009,,,,no_data,False,False
817,2010,,,,no_data,False,False
817,2011,,,,no_data,False,False
817,2012,,,,no_data,False,False
817,2013,,,,no_data,False,False
817,2014,,,,no_data,False,False
817,2015,,,,no_data,False,False
817,2016,,,,no_data,False,False
817,2017,,,,no_data,False,False
817,2018,,,,no_data,False,False
817,2019,,,,no_data,False,False
817,2020,,,,no_data,False,False
817,2021,,,,no_data,False,False
817,2022,,,,no_data,False,False
817,2023,45.0,nan,,no_data,False,False
817,2024,,,,no_data,False,False
817,2025,,,,no_data,False,False
817,2026,,,,no_data,False,False
817,2027,,,,no_data,False,False
817,2028,,,,no_data,False,False
817,2029,,,,no_data,False,False
818,2000,,,,no_data,False,False
818,2001,,,,no_data,False,False
818,2002,,,,no_data,False,False
818,2003,,,,no_data,False,False
818,2004,,,,no_data,False,False
818,2005,,,,no_data,False,False
818,2006,,,,no_data,False,False
818,2007,,,,no_data,False,False
818,2008,,,,no_data,False,False
818,2009,,,,no_data,False,False
818,2010,,,,no_data,False,False
818,2011,,,,no_data,False,False
818,2012,,,,no_data,False,False
818,2013,,,,no_data,False,False
818,2014,,,,no_data,False,False
818,2015,,,,no_data,False,False
818,2016,,,,no_data,False,False
818,2017,,,,no_data,False,False
818,2018,,,,no_data,False,False
818,2019,,,,no_data,False,False
818,2020,,,,no_data,False,False
818,2021,,,,no_data,False,False
818,2022,,,,no_data,False,False
818,2023,24.0,pea,0.9972972999999999,productivity_normalized,True,True
818,2024,43.0,wheat_spring,3.3494253,productivity_normalized,True,True
818,2025,43.0,wheat_spring,,no_data,False,False
818,2026,13.0,lentil,,no_data,False,False
818,2027,56.0,nan,,no_data,False,False
818,2028,,,,no_data,False,False
818,2029,,,,no_data,False,False
819,2000,,,,no_data,False,False
819,2001,,,,no_data,False,False
819,2002,,,,no_data,False,False
819,2003,,,,no_data,False,False
819,2004,,,,no_data,False,False
819,2005,,,,no_data,False,False
819,2006,,,,no_data,False,False
819,2007,,,,no_data,False,False
819,2008,,,,no_data,False,False
819,2009,,,,no_data,False,False
819,2010,,,,no_data,False,False
819,2011,,,,no_data,False,False
819,2012,,,,no_data,False,False
819,2013,,,,no_data,False,False
819,2014,,,,no_data,False,False
819,2015,,,,no_data,False,False
819,2016,,,,no_data,False,False
819,2017,,,,no_data,False,False
819,2018,,,,no_data,False,False
819,2019,,,,no_data,False,False
819,2020,,,,no_data,False,False
819,2021,,,,no_data,False,False
819,2022,,,,no_data,False,False
819,2023,43.0,wheat_spring,1.9012499999999999,productivity_normalized,True,True
819,2024,43.0,wheat_spring,,no_data,False,False
819,2025,,,,no_data,False,False
819,2026,,,,no_data,False,False
819,2027,,,,no_data,False,False
819,2028,,,,no_data,False,False
819,2029,,,,no_data,False,False
820,2000,,,,no_data,False,False
820,2001,,,,no_data,False,False
820,2002,,,,no_data,False,False
820,2003,,,,no_data,False,False
820,2004,,,,no_data,False,False
820,2005,,,,no_data,False,False
820,2006,,,,no_data,False,False
820,2007,,,,no_data,False,False
820,2008,,,,no_data,False,False
820,2009,,,,no_data,False,False
820,2010,,,,no_data,False,False
820,2011,,,,no_data,False,False
820,2012,,,,no_data,False,False
820,2013,,,,no_data,False,False
820,2014,,,,no_data,False,False
820,2015,,,,no_data,False,False
820,2016,,,,no_data,False,False
820,2017,,,,no_data,False,False
820,2018,,,,no_data,False,False
820,2019,,,,no_data,False,False
820,2020,,,,no_data,False,False
820,2021,43.0,wheat_spring,,no_data,False,False
820,2022,43.0,wheat_spring,,no_data,False,False
820,2023,40.0,sunflower,2.425,productivity_normalized,True,True
820,2024,43.0,wheat_spring,,no_data,False,False
820,2025,,,,no_data,False,False
820,2026,,,,no_data,False,False
820,2027,,,,no_data,False,False
820,2028,,,,no_data,False,False
820,2029,,,,no_data,False,False
821,2000,,,,no_data,False,False
821,2001,,,,no_data,False,False
821,2002,,,,no_data,False,False
821,2003,,,,no_data,False,False
821,2004,,,,no_data,False,False
821,2005,,,,no_data,False,False
821,2006,,,,no_data,False,False
821,2007,,,,no_data,False,False
821,2008,,,,no_data,False,False
821,2009,,,,no_data,False,False
821,2010,,,,no_data,False,False
821,2011,,,,no_data,False,False
821,2012,,,,no_data,False,False
821,2013,,,,no_data,False,False
821,2014,,,,no_data,False,False
821,2015,,,,no_data,False,False
821,2016,,,,no_data,False,False
821,2017,,,,no_data,False,False
821,2018,,,,no_data,False,False
821,2019,,,,no_data,False,False
821,2020,9.0,fallow,,no_data,False,False
821,2021,43.0,wheat_spring,,no_data,False,False
821,2022,24.0,pea,,no_data,False,False
821,2023,43.0,wheat_spring,2.6428571,productivity_normalized,True,True
821,2024,43.0,wheat_spring,4.9399999999999995,productivity_normalized,True,True
821,2025,43.0,wheat_spring,1.8989899000000001,productivity_normalized,True,True
821,2026,43.0,wheat_spring,,no_data,False,False
821,2027,13.0,lentil,,no_data,False,False
821,2028,,,,no_data,False,False
821,2029,,,,no_data,False,False
823,2000,,,,no_data,False,False
823,2001,,,,no_data,False,False
823,2002,,,,no_data,False,False
823,2003,,,,no_data,False,False
823,2004,,,,no_data,False,False
823,2005,,,,no_data,False,False
823,2006,,,,no_data,False,False
823,2007,,,,no_data,False,False
823,2008,,,,no_data,False,False
823,2009,,,,no_data,False,False
823,2010,,,,no_data,False,False
823,2011,,,,no_data,False,False
823,2012,,,,no_data,False,False
823,2013,,,,no_data,False,False
823,2014,,,,no_data,False,False
823,2015,,,,no_data,False,False
823,2016,,,,no_data,False,False
823,2017,,,,no_data,False,False
823,2018,3.0,barley_spring,,no_data,False,False
823,2019,57.0,nan,,no_data,False,False
823,2020,9.0,fallow,,no_data,False,False
823,2021,,,,no_data,False,False
823,2022,,,,no_data,False,False
823,2023,37.0,sudan_grass,,no_data,False,False
823,2024,43.0,wheat_spring,2.4434043,productivity_normalized,True,True
823,2025,43.0,wheat_spring,,no_data,False,False
823,2026,13.0,lentil,,no_data,False,False
823,2027,56.0,nan,,no_data,False,False
823,2028,,,,no_data,False,False
823,2029,,,,no_data,False,False
824,2000,,,,no_data,False,False
824,2001,,,,no_data,False,False
824,2002,,,,no_data,False,False
824,2003,,,,no_data,False,False
824,2004,,,,no_data,False,False
824,2005,,,,no_data,False,False
824,2006,,,,no_data,False,False
824,2007,,,,no_data,False,False
824,2008,,,,no_data,False,False
824,2009,,,,no_data,False,False
824,2010,,,,no_data,False,False
824,2011,,,,no_data,False,False
824,2012,,,,no_data,False,False
824,2013,,,,no_data,False,False
824,2014,,,,no_data,False,False
824,2015,,,,no_data,False,False
824,2016,,,,no_data,False,False
824,2017,,,,no_data,False,False
824,2018,,,,no_data,False,False
824,2019,,,,no_data,False,False
824,2020,,,,no_data,False,False
824,2021,9.0,fallow,,no_data,False,False
824,2022,43.0,wheat_spring,,no_data,False,False
824,2023,43.0,wheat_spring,2.6488889,productivity_normalized,True,True
824,2024,43.0,wheat_spring,2.8755555999999998,productivity_normalized,True,True
824,2025,40.0,sunflower,,no_data,False,False
824,2026,56.0,nan,,no_data,False,False
824,2027,13.0,lentil,,no_data,False,False
824,2028,,,,no_data,False,False
824,2029,,,,no_data,False,False
828,2000,,,,no_data,False,False
828,2001,,,,no_data,False,False
828,2002,,,,no_data,False,False
828,2003,,,,no_data,False,False
828,2004,,,,no_data,False,False
828,2005,,,,no_data,False,False
828,2006,,,,no_data,False,False
828,2007,,,,no_data,False,False
828,2008,,,,no_data,False,False
828,2009,,,,no_data,False,False
828,2010,,,,no_data,False,False
828,2011,,,,no_data,False,False
828,2012,,,,no_data,False,False
828,2013,,,,no_data,False,False
828,2014,,,,no_data,False,False
828,2015,,,,no_data,False,False
828,2016,,,,no_data,False,False
828,2017,,,,no_data,False,False
828,2018,,,,no_data,False,False
828,2019,,,,no_data,False,False
828,2020,,,,no_data,False,False
828,2021,,,,no_data,False,False
828,2022,,,,no_data,False,False
828,2023,24.0,pea,1.28,productivity_normalized,True,True
828,2024,43.0,wheat_spring,,no_data,False,False
828,2025,,,,no_data,False,False
828,2026,,,,no_data,False,False
828,2027,,,,no_data,False,False
828,2028,,,,no_data,False,False
828,2029,,,,no_data,False,False
829,2000,,,,no_data,False,False
829,2001,,,,no_data,False,False
829,2002,,,,no_data,False,False
829,2003,,,,no_data,False,False
829,2004,,,,no_data,False,False
829,2005,,,,no_data,False,False
829,2006,,,,no_data,False,False
829,2007,,,,no_data,False,False
829,2008,,,,no_data,False,False
829,2009,,,,no_data,False,False
829,2010,,,,no_data,False,False
829,2011,,,,no_data,False,False
829,2012,,,,no_data,False,False
829,2013,,,,no_data,False,False
829,2014,,,,no_data,False,False
829,2015,,,,no_data,False,False
829,2016,,,,no_data,False,False
829,2017,,,,no_data,False,False
829,2018,,,,no_data,False,False
829,2019,,,,no_data,False,False
829,2020,,,,no_data,False,False
829,2021,,,,no_data,False,False
829,2022,,,,no_data,False,False
829,2023,24.0,pea,1.28,productivity_normalized,True,True
829,2024,43.0,wheat_spring,,no_data,False,False
829,2025,,,,no_data,False,False
829,2026,,,,no_data,False,False
829,2027,,,,no_data,False,False
829,2028,,,,no_data,False,False
829,2029,,,,no_data,False,False
830,2000,,,,no_data,False,False
830,2001,,,,no_data,False,False
830,2002,,,,no_data,False,False
830,2003,,,,no_data,False,False
830,2004,,,,no_data,False,False
830,2005,,,,no_data,False,False
830,2006,,,,no_data,False,False
830,2007,,,,no_data,False,False
830,2008,,,,no_data,False,False
830,2009,,,,no_data,False,False
830,2010,,,,no_data,False,False
830,2011,,,,no_data,False,False
830,2012,,,,no_data,False,False
830,2013,,,,no_data,False,False
830,2014,,,,no_data,False,False
830,2015,,,,no_data,False,False
830,2016,,,,no_data,False,False
830,2017,,,,no_data,False,False
830,2018,,,,no_data,False,False
830,2019,,,,no_data,False,False
830,2020,,,,no_data,False,False
830,2021,9.0,fallow,,no_data,False,False
830,2022,43.0,wheat_spring,,no_data,False,False
830,2023,24.0,pea,1.7100000000000002,productivity_normalized,True,True
830,2024,3.0,barley_spring,,no_data,False,False
830,2025,,,,no_data,False,False
830,2026,,,,no_data,False,False
830,2027,,,,no_data,False,False
830,2028,,,,no_data,False,False
830,2029,,,,no_data,False,False
831,2000,,,,no_data,False,False
831,2001,,,,no_data,False,False
831,2002,,,,no_data,False,False
831,2003,,,,no_data,False,False
831,2004,,,,no_data,False,False
831,2005,,,,no_data,False,False
831,2006,,,,no_data,False,False
831,2007,,,,no_data,False,False
831,2008,,,,no_data,False,False
831,2009,,,,no_data,False,False
831,2010,,,,no_data,False,False
831,2011,,,,no_data,False,False
831,2012,,,,no_data,False,False
831,2013,,,,no_data,False,False
831,2014,,,,no_data,False,False
831,2015,,,,no_data,False,False
831,2016,,,,no_data,False,False
831,2017,,,,no_data,False,False
831,2018,3.0,barley_spring,,no_data,False,False
831,2019,57.0,nan,,no_data,False,False
831,2020,58.0,nan,,no_data,False,False
831,2021,,,,no_data,False,False
831,2022,,,,no_data,False,False
831,2023,37.0,sudan_grass,,no_data,False,False
831,2024,43.0,wheat_spring,2.5172973,productivity_normalized,True,True
831,2025,43.0,wheat_spring,,no_data,False,False
831,2026,13.0,lentil,,no_data,False,False
831,2027,56.0,nan,,no_data,False,False
831,2028,,,,no_data,False,False
831,2029,,,,no_data,False,False
832,2000,,,,no_data,False,False
832,2001,,,,no_data,False,False
832,2002,,,,no_data,False,False
832,2003,,,,no_data,False,False
832,2004,,,,no_data,False,False
832,2005,,,,no_data,False,False
832,2006,,,,no_data,False,False
832,2007,,,,no_data,False,False
832,2008,,,,no_data,False,False
832,2009,,,,no_data,False,False
832,2010,,,,no_data,False,False
832,2011,,,,no_data,False,False
832,2012,,,,no_data,False,False
832,2013,,,,no_data,False,False
832,2014,,,,no_data,False,False
832,2015,,,,no_data,False,False
832,2016,,,,no_data,False,False
832,2017,,,,no_data,False,False
832,2018,,,,no_data,False,False
832,2019,,,,no_data,False,False
832,2020,,,,no_data,False,False
832,2021,,,,no_data,False,False
832,2022,,,,no_data,False,False
832,2023,43.0,wheat_spring,4.2,productivity_normalized,True,True
832,2024,3.0,barley_spring,5.508,productivity_normalized,True,True
832,2025,36.0,soya,1.6800000000000002,productivity_normalized,True,True
832,2026,43.0,wheat_spring,,no_data,False,False
832,2027,40.0,sunflower,,no_data,False,False
832,2028,,,,no_data,False,False
832,2029,,,,no_data,False,False
832,2030,,,,no_data,False,False
833,2000,,,,no_data,False,False
833,2001,,,,no_data,False,False
833,2002,,,,no_data,False,False
833,2003,,,,no_data,False,False
833,2004,,,,no_data,False,False
833,2005,,,,no_data,False,False
833,2006,,,,no_data,False,False
833,2007,,,,no_data,False,False
833,2008,,,,no_data,False,False
833,2009,,,,no_data,False,False
833,2010,,,,no_data,False,False
833,2011,,,,no_data,False,False
833,2012,,,,no_data,False,False
833,2013,,,,no_data,False,False
833,2014,,,,no_data,False,False
833,2015,,,,no_data,False,False
833,2016,,,,no_data,False,False
833,2017,,,,no_data,False,False
833,2018,13.0,lentil,,no_data,False,False
833,2019,43.0,wheat_spring,,no_data,False,False
833,2020,43.0,wheat_spring,,no_data,False,False
833,2021,43.0,wheat_spring,,no_data,False,False
833,2022,15.0,linum,,no_data,False,False
833,2023,3.0,barley_spring,1.8430108,productivity_normalized,True,True
833,2024,43.0,wheat_spring,2.3731183000000002,productivity_normalized,True,True
833,2025,43.0,wheat_spring,1.8564865000000002,productivity_normalized,True,True
833,2026,43.0,wheat_spring,,no_data,False,False
833,2027,40.0,sunflower,,no_data,False,False
833,2028,,,,no_data,False,False
833,2029,,,,no_data,False,False
834,2000,,,,no_data,False,False
834,2001,,,,no_data,False,False
834,2002,,,,no_data,False,False
834,2003,,,,no_data,False,False
834,2004,,,,no_data,False,False
834,2005,,,,no_data,False,False
834,2006,,,,no_data,False,False
834,2007,,,,no_data,False,False
834,2008,,,,no_data,False,False
834,2009,,,,no_data,False,False
834,2010,,,,no_data,False,False
834,2011,,,,no_data,False,False
834,2012,,,,no_data,False,False
834,2013,,,,no_data,False,False
834,2014,,,,no_data,False,False
834,2015,,,,no_data,False,False
834,2016,,,,no_data,False,False
834,2017,,,,no_data,False,False
834,2018,,,,no_data,False,False
834,2019,,,,no_data,False,False
834,2020,,,,no_data,False,False
834,2021,43.0,wheat_spring,,no_data,False,False
834,2022,15.0,linum,,no_data,False,False
834,2023,24.0,pea,1.0,productivity_normalized,True,True
834,2024,3.0,barley_spring,2.2088889000000003,productivity_normalized,True,True
834,2025,43.0,wheat_spring,5.0866667,productivity_normalized,True,True
834,2026,20.0,oil_seed_raps_spring,,no_data,False,False
834,2027,43.0,wheat_spring,,no_data,False,False
834,2028,,,,no_data,False,False
834,2029,,,,no_data,False,False
835,2000,,,,no_data,False,False
835,2001,,,,no_data,False,False
835,2002,,,,no_data,False,False
835,2003,,,,no_data,False,False
835,2004,,,,no_data,False,False
835,2005,,,,no_data,False,False
835,2006,,,,no_data,False,False
835,2007,,,,no_data,False,False
835,2008,,,,no_data,False,False
835,2009,,,,no_data,False,False
835,2010,,,,no_data,False,False
835,2011,,,,no_data,False,False
835,2012,,,,no_data,False,False
835,2013,,,,no_data,False,False
835,2014,,,,no_data,False,False
835,2015,,,,no_data,False,False
835,2016,,,,no_data,False,False
835,2017,,,,no_data,False,False
835,2018,,,,no_data,False,False
835,2019,,,,no_data,False,False
835,2020,,,,no_data,False,False
835,2021,,,,no_data,False,False
835,2022,,,,no_data,False,False
835,2023,43.0,wheat_spring,2.2809524,productivity_normalized,True,True
835,2024,44.0,wheat_winter,,no_data,False,False
835,2025,,,,no_data,False,False
835,2026,,,,no_data,False,False
835,2027,,,,no_data,False,False
835,2028,,,,no_data,False,False
835,2029,,,,no_data,False,False
836,2000,,,,no_data,False,False
836,2001,,,,no_data,False,False
836,2002,,,,no_data,False,False
836,2003,,,,no_data,False,False
836,2004,,,,no_data,False,False
836,2005,,,,no_data,False,False
836,2006,,,,no_data,False,False
836,2007,,,,no_data,False,False
836,2008,,,,no_data,False,False
836,2009,,,,no_data,False,False
836,2010,,,,no_data,False,False
836,2011,,,,no_data,False,False
836,2012,,,,no_data,False,False
836,2013,,,,no_data,False,False
836,2014,,,,no_data,False,False
836,2015,,,,no_data,False,False
836,2016,,,,no_data,False,False
836,2017,,,,no_data,False,False
836,2018,13.0,lentil,,no_data,False,False
836,2019,43.0,wheat_spring,,no_data,False,False
836,2020,24.0,pea,,no_data,False,False
836,2021,43.0,wheat_spring,,no_data,False,False
836,2022,43.0,wheat_spring,,no_data,False,False
836,2023,43.0,wheat_spring,1.6984762,productivity_normalized,True,True
836,2024,13.0,lentil,0.9763809999999999,productivity_normalized,True,True
836,2025,43.0,wheat_spring,3.0765713999999997,productivity_normalized,True,True
836,2026,40.0,sunflower,,no_data,False,False
836,2027,43.0,wheat_spring,,no_data,False,False
836,2028,,,,no_data,False,False
836,2029,,,,no_data,False,False
837,2000,,,,no_data,False,False
837,2001,,,,no_data,False,False
837,2002,,,,no_data,False,False
837,2003,,,,no_data,False,False
837,2004,,,,no_data,False,False
837,2005,,,,no_data,False,False
837,2006,,,,no_data,False,False
837,2007,,,,no_data,False,False
837,2008,,,,no_data,False,False
837,2009,,,,no_data,False,False
837,2010,,,,no_data,False,False
837,2011,,,,no_data,False,False
837,2012,,,,no_data,False,False
837,2013,,,,no_data,False,False
837,2014,,,,no_data,False,False
837,2015,,,,no_data,False,False
837,2016,,,,no_data,False,False
837,2017,,,,no_data,False,False
837,2018,43.0,wheat_spring,,no_data,False,False
837,2019,15.0,linum,,no_data,False,False
837,2020,9.0,fallow,,no_data,False,False
837,2021,20.0,oil_seed_raps_spring,,no_data,False,False
837,2022,43.0,wheat_spring,,no_data,False,False
837,2023,13.0,lentil,1.3793333,productivity_normalized,True,True
837,2024,43.0,wheat_spring,4.956,productivity_normalized,True,True
837,2025,24.0,pea,2.8573333,productivity_normalized,True,True
837,2026,20.0,oil_seed_raps_spring,,no_data,False,False
837,2027,56.0,nan,,no_data,False,False
837,2028,,,,no_data,False,False
837,2029,,,,no_data,False,False
838,2000,,,,no_data,False,False
838,2001,,,,no_data,False,False
838,2002,,,,no_data,False,False
838,2003,,,,no_data,False,False
838,2004,,,,no_data,False,False
838,2005,,,,no_data,False,False
838,2006,,,,no_data,False,False
838,2007,,,,no_data,False,False
838,2008,,,,no_data,False,False
838,2009,,,,no_data,False,False
838,2010,,,,no_data,False,False
838,2011,,,,no_data,False,False
838,2012,,,,no_data,False,False
838,2013,,,,no_data,False,False
838,2014,,,,no_data,False,False
838,2015,,,,no_data,False,False
838,2016,,,,no_data,False,False
838,2017,,,,no_data,False,False
838,2018,43.0,wheat_spring,,no_data,False,False
838,2019,43.0,wheat_spring,,no_data,False,False
838,2020,43.0,wheat_spring,,no_data,False,False
838,2021,3.0,barley_spring,,no_data,False,False
838,2022,1.0,avena_spring,,no_data,False,False
838,2023,43.0,wheat_spring,1.8800000000000001,productivity_normalized,True,True
838,2024,43.0,wheat_spring,2.9166667,productivity_normalized,True,True
838,2025,24.0,pea,1.2683332999999999,productivity_normalized,True,True
838,2026,20.0,oil_seed_raps_spring,,no_data,False,False
838,2027,43.0,wheat_spring,,no_data,False,False
838,2028,,,,no_data,False,False
838,2029,,,,no_data,False,False
839,2000,,,,no_data,False,False
839,2001,,,,no_data,False,False
839,2002,,,,no_data,False,False
839,2003,,,,no_data,False,False
839,2004,,,,no_data,False,False
839,2005,,,,no_data,False,False
839,2006,,,,no_data,False,False
839,2007,,,,no_data,False,False
839,2008,,,,no_data,False,False
839,2009,,,,no_data,False,False
839,2010,,,,no_data,False,False
839,2011,,,,no_data,False,False
839,2012,,,,no_data,False,False
839,2013,,,,no_data,False,False
839,2014,,,,no_data,False,False
839,2015,,,,no_data,False,False
839,2016,,,,no_data,False,False
839,2017,,,,no_data,False,False
839,2018,,,,no_data,False,False
839,2019,,,,no_data,False,False
839,2020,,,,no_data,False,False
839,2021,,,,no_data,False,False
839,2022,,,,no_data,False,False
839,2023,43.0,wheat_spring,1.8755555999999998,productivity_normalized,True,True
839,2024,43.0,wheat_spring,3.4351111000000003,productivity_normalized,True,True
839,2025,24.0,pea,2.1388889,productivity_normalized,True,True
839,2026,20.0,oil_seed_raps_spring,,no_data,False,False
839,2027,43.0,wheat_spring,,no_data,False,False
839,2028,,,,no_data,False,False
839,2029,,,,no_data,False,False
840,2000,,,,no_data,False,False
840,2001,,,,no_data,False,False
840,2002,,,,no_data,False,False
840,2003,,,,no_data,False,False
840,2004,,,,no_data,False,False
840,2005,,,,no_data,False,False
840,2006,,,,no_data,False,False
840,2007,,,,no_data,False,False
840,2008,,,,no_data,False,False
840,2009,,,,no_data,False,False
840,2010,,,,no_data,False,False
840,2011,,,,no_data,False,False
840,2012,,,,no_data,False,False
840,2013,,,,no_data,False,False
840,2014,,,,no_data,False,False
840,2015,,,,no_data,False,False
840,2016,,,,no_data,False,False
840,2017,,,,no_data,False,False
840,2018,,,,no_data,False,False
840,2019,,,,no_data,False,False
840,2020,,,,no_data,False,False
840,2021,43.0,wheat_spring,,no_data,False,False
840,2022,43.0,wheat_spring,,no_data,False,False
840,2023,9.0,fallow,,no_data,False,False
840,2024,43.0,wheat_spring,,no_data,False,False
840,2025,,,,no_data,False,False
840,2026,,,,no_data,False,False
840,2027,,,,no_data,False,False
840,2028,,,,no_data,False,False
840,2029,,,,no_data,False,False
841,2000,,,,no_data,False,False
841,2001,,,,no_data,False,False
841,2002,,,,no_data,False,False
841,2003,,,,no_data,False,False
841,2004,,,,no_data,False,False
841,2005,,,,no_data,False,False
841,2006,,,,no_data,False,False
841,2007,,,,no_data,False,False
841,2008,,,,no_data,False,False
841,2009,,,,no_data,False,False
841,2010,,,,no_data,False,False
841,2011,,,,no_data,False,False
841,2012,,,,no_data,False,False
841,2013,,,,no_data,False,False
841,2014,,,,no_data,False,False
841,2015,,,,no_data,False,False
841,2016,,,,no_data,False,False
841,2017,,,,no_data,False,False
841,2018,,,,no_data,False,False
841,2019,,,,no_data,False,False
841,2020,,,,no_data,False,False
841,2021,,,,no_data,False,False
841,2022,,,,no_data,False,False
841,2023,9.0,fallow,,no_data,False,False
841,2024,43.0,wheat_spring,,no_data,False,False
841,2025,,,,no_data,False,False
841,2026,,,,no_data,False,False
841,2027,,,,no_data,False,False
841,2028,,,,no_data,False,False
841,2029,,,,no_data,False,False
842,2000,,,,no_data,False,False
842,2001,,,,no_data,False,False
842,2002,,,,no_data,False,False
842,2003,,,,no_data,False,False
842,2004,,,,no_data,False,False
842,2005,,,,no_data,False,False
842,2006,,,,no_data,False,False
842,2007,,,,no_data,False,False
842,2008,,,,no_data,False,False
842,2009,,,,no_data,False,False
842,2010,,,,no_data,False,False
842,2011,,,,no_data,False,False
842,2012,,,,no_data,False,False
842,2013,,,,no_data,False,False
842,2014,,,,no_data,False,False
842,2015,,,,no_data,False,False
842,2016,,,,no_data,False,False
842,2017,,,,no_data,False,False
842,2018,,,,no_data,False,False
842,2019,,,,no_data,False,False
842,2020,,,,no_data,False,False
842,2021,9.0,fallow,,no_data,False,False
842,2022,9.0,fallow,,no_data,False,False
842,2023,9.0,fallow,,no_data,False,False
842,2024,3.0,barley_spring,,no_data,False,False
842,2025,,,,no_data,False,False
842,2026,,,,no_data,False,False
842,2027,,,,no_data,False,False
842,2028,,,,no_data,False,False
842,2029,,,,no_data,False,False
843,2000,,,,no_data,False,False
843,2001,,,,no_data,False,False
843,2002,,,,no_data,False,False
843,2003,,,,no_data,False,False
843,2004,,,,no_data,False,False
843,2005,,,,no_data,False,False
843,2006,,,,no_data,False,False
843,2007,,,,no_data,False,False
843,2008,,,,no_data,False,False
843,2009,,,,no_data,False,False
843,2010,,,,no_data,False,False
843,2011,,,,no_data,False,False
843,2012,,,,no_data,False,False
843,2013,,,,no_data,False,False
843,2014,,,,no_data,False,False
843,2015,,,,no_data,False,False
843,2016,,,,no_data,False,False
843,2017,,,,no_data,False,False
843,2018,,,,no_data,False,False
843,2019,,,,no_data,False,False
843,2020,,,,no_data,False,False
843,2021,,,,no_data,False,False
843,2022,,,,no_data,False,False
843,2023,9.0,fallow,,no_data,False,False
843,2024,43.0,wheat_spring,,no_data,False,False
843,2025,,,,no_data,False,False
843,2026,,,,no_data,False,False
843,2027,,,,no_data,False,False
843,2028,,,,no_data,False,False
843,2029,,,,no_data,False,False
844,2000,,,,no_data,False,False
844,2001,,,,no_data,False,False
844,2002,,,,no_data,False,False
844,2003,,,,no_data,False,False
844,2004,,,,no_data,False,False
844,2005,,,,no_data,False,False
844,2006,,,,no_data,False,False
844,2007,,,,no_data,False,False
844,2008,,,,no_data,False,False
844,2009,,,,no_data,False,False
844,2010,,,,no_data,False,False
844,2011,,,,no_data,False,False
844,2012,,,,no_data,False,False
844,2013,,,,no_data,False,False
844,2014,,,,no_data,False,False
844,2015,,,,no_data,False,False
844,2016,,,,no_data,False,False
844,2017,,,,no_data,False,False
844,2018,,,,no_data,False,False
844,2019,,,,no_data,False,False
844,2020,,,,no_data,False,False
844,2021,,,,no_data,False,False
844,2022,,,,no_data,False,False
844,2023,9.0,fallow,,no_data,False,False
844,2024,13.0,lentil,,no_data,False,False
844,2025,,,,no_data,False,False
844,2026,,,,no_data,False,False
844,2027,,,,no_data,False,False
844,2028,,,,no_data,False,False
844,2029,,,,no_data,False,False
845,2000,,,,no_data,False,False
845,2001,,,,no_data,False,False
845,2002,,,,no_data,False,False
845,2003,,,,no_data,False,False
845,2004,,,,no_data,False,False
845,2005,,,,no_data,False,False
845,2006,,,,no_data,False,False
845,2007,,,,no_data,False,False
845,2008,,,,no_data,False,False
845,2009,,,,no_data,False,False
845,2010,,,,no_data,False,False
845,2011,,,,no_data,False,False
845,2012,,,,no_data,False,False
845,2013,,,,no_data,False,False
845,2014,,,,no_data,False,False
845,2015,,,,no_data,False,False
845,2016,,,,no_data,False,False
845,2017,,,,no_data,False,False
845,2018,,,,no_data,False,False
845,2019,,,,no_data,False,False
845,2020,,,,no_data,False,False
845,2021,,,,no_data,False,False
845,2022,,,,no_data,False,False
845,2023,24.0,pea,1.7780487999999999,productivity_normalized,True,True
845,2024,40.0,sunflower,,no_data,False,False
845,2025,,,,no_data,False,False
845,2026,,,,no_data,False,False
845,2027,,,,no_data,False,False
845,2028,,,,no_data,False,False
845,2029,,,,no_data,False,False
846,2000,,,,no_data,False,False
846,2001,,,,no_data,False,False
846,2002,,,,no_data,False,False
846,2003,,,,no_data,False,False
846,2004,,,,no_data,False,False
846,2005,,,,no_data,False,False
846,2006,,,,no_data,False,False
846,2007,,,,no_data,False,False
846,2008,,,,no_data,False,False
846,2009,,,,no_data,False,False
846,2010,,,,no_data,False,False
846,2011,,,,no_data,False,False
846,2012,,,,no_data,False,False
846,2013,,,,no_data,False,False
846,2014,,,,no_data,False,False
846,2015,,,,no_data,False,False
846,2016,,,,no_data,False,False
846,2017,,,,no_data,False,False
846,2018,,,,no_data,False,False
846,2019,,,,no_data,False,False
846,2020,,,,no_data,False,False
846,2021,,,,no_data,False,False
846,2022,,,,no_data,False,False
846,2023,9.0,fallow,,no_data,False,False
846,2024,43.0,wheat_spring,3.4891303999999996,productivity_normalized,True,True
846,2025,43.0,wheat_spring,1.7005333,productivity_normalized,True,True
846,2026,43.0,wheat_spring,,no_data,False,False
846,2027,24.0,pea,,no_data,False,False
846,2028,,,,no_data,False,False
846,2029,,,,no_data,False,False
847,2000,,,,no_data,False,False
847,2001,,,,no_data,False,False
847,2002,,,,no_data,False,False
847,2003,,,,no_data,False,False
847,2004,,,,no_data,False,False
847,2005,,,,no_data,False,False
847,2006,,,,no_data,False,False
847,2007,,,,no_data,False,False
847,2008,,,,no_data,False,False
847,2009,,,,no_data,False,False
847,2010,,,,no_data,False,False
847,2011,,,,no_data,False,False
847,2012,,,,no_data,False,False
847,2013,,,,no_data,False,False
847,2014,,,,no_data,False,False
847,2015,,,,no_data,False,False
847,2016,,,,no_data,False,False
847,2017,,,,no_data,False,False
847,2018,,,,no_data,False,False
847,2019,,,,no_data,False,False
847,2020,,,,no_data,False,False
847,2021,,,,no_data,False,False
847,2022,,,,no_data,False,False
847,2023,9.0,fallow,,no_data,False,False
847,2024,43.0,wheat_spring,3.6130000000000004,productivity_normalized,True,True
847,2025,43.0,wheat_spring,2.8442623,productivity_normalized,True,True
847,2026,43.0,wheat_spring,,no_data,False,False
847,2027,24.0,pea,,no_data,False,False
847,2028,,,,no_data,False,False
847,2029,,,,no_data,False,False
848,2000,,,,no_data,False,False
848,2001,,,,no_data,False,False
848,2002,,,,no_data,False,False
848,2003,,,,no_data,False,False
848,2004,,,,no_data,False,False
848,2005,,,,no_data,False,False
848,2006,,,,no_data,False,False
848,2007,,,,no_data,False,False
848,2008,,,,no_data,False,False
848,2009,,,,no_data,False,False
848,2010,,,,no_data,False,False
848,2011,,,,no_data,False,False
848,2012,,,,no_data,False,False
848,2013,,,,no_data,False,False
848,2014,,,,no_data,False,False
848,2015,,,,no_data,False,False
848,2016,,,,no_data,False,False
848,2017,,,,no_data,False,False
848,2018,,,,no_data,False,False
848,2019,,,,no_data,False,False
848,2020,,,,no_data,False,False
848,2021,,,,no_data,False,False
848,2022,,,,no_data,False,False
848,2023,9.0,fallow,,no_data,False,False
848,2024,43.0,wheat_spring,1.2253846,productivity_normalized,True,True
848,2025,43.0,wheat_spring,4.95,productivity_normalized,True,True
848,2026,43.0,wheat_spring,,no_data,False,False
848,2027,24.0,pea,,no_data,False,False
848,2028,,,,no_data,False,False
848,2029,,,,no_data,False,False
849,2000,,,,no_data,False,False
849,2001,,,,no_data,False,False
849,2002,,,,no_data,False,False
849,2003,,,,no_data,False,False
849,2004,,,,no_data,False,False
849,2005,,,,no_data,False,False
849,2006,,,,no_data,False,False
849,2007,,,,no_data,False,False
849,2008,,,,no_data,False,False
849,2009,,,,no_data,False,False
849,2010,,,,no_data,False,False
849,2011,,,,no_data,False,False
849,2012,,,,no_data,False,False
849,2013,,,,no_data,False,False
849,2014,,,,no_data,False,False
849,2015,,,,no_data,False,False
849,2016,,,,no_data,False,False
849,2017,,,,no_data,False,False
849,2018,,,,no_data,False,False
849,2019,,,,no_data,False,False
849,2020,,,,no_data,False,False
849,2021,,,,no_data,False,False
849,2022,,,,no_data,False,False
849,2023,9.0,fallow,,no_data,False,False
849,2024,43.0,wheat_spring,1.128,productivity_normalized,True,True
849,2025,43.0,wheat_spring,0.9632,productivity_normalized,True,True
849,2026,43.0,wheat_spring,,no_data,False,False
849,2027,24.0,pea,,no_data,False,False
849,2028,,,,no_data,False,False
849,2029,,,,no_data,False,False
850,2000,,,,no_data,False,False
850,2001,,,,no_data,False,False
850,2002,,,,no_data,False,False
850,2003,,,,no_data,False,False
850,2004,,,,no_data,False,False
850,2005,,,,no_data,False,False
850,2006,,,,no_data,False,False
850,2007,,,,no_data,False,False
850,2008,,,,no_data,False,False
850,2009,,,,no_data,False,False
850,2010,,,,no_data,False,False
850,2011,,,,no_data,False,False
850,2012,,,,no_data,False,False
850,2013,,,,no_data,False,False
850,2014,,,,no_data,False,False
850,2015,,,,no_data,False,False
850,2016,,,,no_data,False,False
850,2017,,,,no_data,False,False
850,2018,58.0,nan,,no_data,False,False
850,2019,58.0,nan,,no_data,False,False
850,2020,58.0,nan,,no_data,False,False
850,2021,,,,no_data,False,False
850,2022,,,,no_data,False,False
850,2023,9.0,fallow,,no_data,False,False
850,2024,43.0,wheat_spring,3.9284211,productivity_normalized,True,True
850,2025,43.0,wheat_spring,1.5674286,productivity_normalized,True,True
850,2026,43.0,wheat_spring,,no_data,False,False
850,2027,24.0,pea,,no_data,False,False
850,2028,,,,no_data,False,False
850,2029,,,,no_data,False,False
851,2000,,,,no_data,False,False
851,2001,,,,no_data,False,False
851,2002,,,,no_data,False,False
851,2003,,,,no_data,False,False
851,2004,,,,no_data,False,False
851,2005,,,,no_data,False,False
851,2006,,,,no_data,False,False
851,2007,,,,no_data,False,False
851,2008,,,,no_data,False,False
851,2009,,,,no_data,False,False
851,2010,,,,no_data,False,False
851,2011,,,,no_data,False,False
851,2012,,,,no_data,False,False
851,2013,,,,no_data,False,False
851,2014,,,,no_data,False,False
851,2015,,,,no_data,False,False
851,2016,,,,no_data,False,False
851,2017,,,,no_data,False,False
851,2018,58.0,nan,,no_data,False,False
851,2019,58.0,nan,,no_data,False,False
851,2020,58.0,nan,,no_data,False,False
851,2021,,,,no_data,False,False
851,2022,,,,no_data,False,False
851,2023,9.0,fallow,,no_data,False,False
851,2024,43.0,wheat_spring,5.8515789,productivity_normalized,True,True
851,2025,43.0,wheat_spring,3.2888235000000003,productivity_normalized,True,True
851,2026,43.0,wheat_spring,,no_data,False,False
851,2027,24.0,pea,,no_data,False,False
851,2028,,,,no_data,False,False
851,2029,,,,no_data,False,False
852,2000,,,,no_data,False,False
852,2001,,,,no_data,False,False
852,2002,,,,no_data,False,False
852,2003,,,,no_data,False,False
852,2004,,,,no_data,False,False
852,2005,,,,no_data,False,False
852,2006,,,,no_data,False,False
852,2007,,,,no_data,False,False
852,2008,,,,no_data,False,False
852,2009,,,,no_data,False,False
852,2010,,,,no_data,False,False
852,2011,,,,no_data,False,False
852,2012,,,,no_data,False,False
852,2013,,,,no_data,False,False
852,2014,,,,no_data,False,False
852,2015,,,,no_data,False,False
852,2016,,,,no_data,False,False
852,2017,,,,no_data,False,False
852,2018,3.0,barley_spring,,no_data,False,False
852,2019,3.0,barley_spring,,no_data,False,False
852,2020,15.0,linum,,no_data,False,False
852,2021,,,,no_data,False,False
852,2022,,,,no_data,False,False
852,2023,9.0,fallow,,no_data,False,False
852,2024,43.0,wheat_spring,3.9025489999999996,productivity_normalized,True,True
852,2025,40.0,sunflower,1.2906667,productivity_normalized,True,True
852,2026,43.0,wheat_spring,,no_data,False,False
852,2027,13.0,lentil,,no_data,False,False
852,2028,,,,no_data,False,False
852,2029,,,,no_data,False,False
853,2000,,,,no_data,False,False
853,2001,,,,no_data,False,False
853,2002,,,,no_data,False,False
853,2003,,,,no_data,False,False
853,2004,,,,no_data,False,False
853,2005,,,,no_data,False,False
853,2006,,,,no_data,False,False
853,2007,,,,no_data,False,False
853,2008,,,,no_data,False,False
853,2009,,,,no_data,False,False
853,2010,,,,no_data,False,False
853,2011,,,,no_data,False,False
853,2012,,,,no_data,False,False
853,2013,,,,no_data,False,False
853,2014,,,,no_data,False,False
853,2015,,,,no_data,False,False
853,2016,,,,no_data,False,False
853,2017,,,,no_data,False,False
853,2018,3.0,barley_spring,,no_data,False,False
853,2019,57.0,nan,,no_data,False,False
853,2020,58.0,nan,,no_data,False,False
853,2021,,,,no_data,False,False
853,2022,,,,no_data,False,False
853,2023,45.0,nan,,no_data,False,False
853,2024,45.0,nan,1.5,productivity_normalized,True,True
853,2025,,,,no_data,False,False
853,2026,,,,no_data,False,False
853,2027,,,,no_data,False,False
853,2028,,,,no_data,False,False
853,2029,,,,no_data,False,False
854,2000,,,,no_data,False,False
854,2001,,,,no_data,False,False
854,2002,,,,no_data,False,False
854,2003,,,,no_data,False,False
854,2004,,,,no_data,False,False
854,2005,,,,no_data,False,False
854,2006,,,,no_data,False,False
854,2007,,,,no_data,False,False
854,2008,,,,no_data,False,False
854,2009,,,,no_data,False,False
854,2010,,,,no_data,False,False
854,2011,,,,no_data,False,False
854,2012,,,,no_data,False,False
854,2013,,,,no_data,False,False
854,2014,,,,no_data,False,False
854,2015,,,,no_data,False,False
854,2016,,,,no_data,False,False
854,2017,,,,no_data,False,False
854,2018,,,,no_data,False,False
854,2019,,,,no_data,False,False
854,2020,,,,no_data,False,False
854,2021,,,,no_data,False,False
854,2022,,,,no_data,False,False
854,2023,9.0,fallow,,no_data,False,False
854,2024,13.0,lentil,,no_data,False,False
854,2025,,,,no_data,False,False
854,2026,,,,no_data,False,False
854,2027,,,,no_data,False,False
854,2028,,,,no_data,False,False
854,2029,,,,no_data,False,False
855,2000,,,,no_data,False,False
855,2001,,,,no_data,False,False
855,2002,,,,no_data,False,False
855,2003,,,,no_data,False,False
855,2004,,,,no_data,False,False
855,2005,,,,no_data,False,False
855,2006,,,,no_data,False,False
855,2007,,,,no_data,False,False
855,2008,,,,no_data,False,False
855,2009,,,,no_data,False,False
855,2010,,,,no_data,False,False
855,2011,,,,no_data,False,False
855,2012,,,,no_data,False,False
855,2013,,,,no_data,False,False
855,2014,,,,no_data,False,False
855,2015,,,,no_data,False,False
855,2016,,,,no_data,False,False
855,2017,,,,no_data,False,False
855,2018,,,,no_data,False,False
855,2019,,,,no_data,False,False
855,2020,,,,no_data,False,False
855,2021,,,,no_data,False,False
855,2022,,,,no_data,False,False
855,2023,9.0,fallow,,no_data,False,False
855,2024,43.0,wheat_spring,,no_data,False,False
855,2025,,,,no_data,False,False
855,2026,,,,no_data,False,False
855,2027,,,,no_data,False,False
855,2028,,,,no_data,False,False
855,2029,,,,no_data,False,False
856,2000,,,,no_data,False,False
856,2001,,,,no_data,False,False
856,2002,,,,no_data,False,False
856,2003,,,,no_data,False,False
856,2004,,,,no_data,False,False
856,2005,,,,no_data,False,False
856,2006,,,,no_data,False,False
856,2007,,,,no_data,False,False
856,2008,,,,no_data,False,False
856,2009,,,,no_data,False,False
856,2010,,,,no_data,False,False
856,2011,,,,no_data,False,False
856,2012,,,,no_data,False,False
856,2013,,,,no_data,False,False
856,2014,,,,no_data,False,False
856,2015,,,,no_data,False,False
856,2016,,,,no_data,False,False
856,2017,,,,no_data,False,False
856,2018,,,,no_data,False,False
856,2019,,,,no_data,False,False
856,2020,,,,no_data,False,False
856,2021,,,,no_data,False,False
856,2022,,,,no_data,False,False
856,2023,9.0,fallow,,no_data,False,False
856,2024,43.0,wheat_spring,,no_data,False,False
856,2025,,,,no_data,False,False
856,2026,,,,no_data,False,False
856,2027,,,,no_data,False,False
856,2028,,,,no_data,False,False
856,2029,,,,no_data,False,False
857,2000,,,,no_data,False,False
857,2001,,,,no_data,False,False
857,2002,,,,no_data,False,False
857,2003,,,,no_data,False,False
857,2004,,,,no_data,False,False
857,2005,,,,no_data,False,False
857,2006,,,,no_data,False,False
857,2007,,,,no_data,False,False
857,2008,,,,no_data,False,False
857,2009,,,,no_data,False,False
857,2010,,,,no_data,False,False
857,2011,,,,no_data,False,False
857,2012,,,,no_data,False,False
857,2013,,,,no_data,False,False
857,2014,,,,no_data,False,False
857,2015,,,,no_data,False,False
857,2016,,,,no_data,False,False
857,2017,,,,no_data,False,False
857,2018,,,,no_data,False,False
857,2019,,,,no_data,False,False
857,2020,,,,no_data,False,False
857,2021,,,,no_data,False,False
857,2022,,,,no_data,False,False
857,2023,9.0,fallow,,no_data,False,False
857,2024,43.0,wheat_spring,,no_data,False,False
857,2025,,,,no_data,False,False
857,2026,,,,no_data,False,False
857,2027,,,,no_data,False,False
857,2028,,,,no_data,False,False
857,2029,,,,no_data,False,False
858,2000,,,,no_data,False,False
858,2001,,,,no_data,False,False
858,2002,,,,no_data,False,False
858,2003,,,,no_data,False,False
858,2004,,,,no_data,False,False
858,2005,,,,no_data,False,False
858,2006,,,,no_data,False,False
858,2007,,,,no_data,False,False
858,2008,,,,no_data,False,False
858,2009,,,,no_data,False,False
858,2010,,,,no_data,False,False
858,2011,,,,no_data,False,False
858,2012,,,,no_data,False,False
858,2013,,,,no_data,False,False
858,2014,,,,no_data,False,False
858,2015,,,,no_data,False,False
858,2016,,,,no_data,False,False
858,2017,,,,no_data,False,False
858,2018,,,,no_data,False,False
858,2019,,,,no_data,False,False
858,2020,,,,no_data,False,False
858,2021,,,,no_data,False,False
858,2022,,,,no_data,False,False
858,2023,45.0,nan,,no_data,False,False
858,2024,46.0,nan,,no_data,False,False
858,2025,46.0,nan,,no_data,False,False
858,2026,,,,no_data,False,False
858,2027,,,,no_data,False,False
858,2028,,,,no_data,False,False
858,2029,,,,no_data,False,False
859,2000,,,,no_data,False,False
859,2001,,,,no_data,False,False
859,2002,,,,no_data,False,False
859,2003,,,,no_data,False,False
859,2004,,,,no_data,False,False
859,2005,,,,no_data,False,False
859,2006,,,,no_data,False,False
859,2007,,,,no_data,False,False
859,2008,,,,no_data,False,False
859,2009,,,,no_data,False,False
859,2010,,,,no_data,False,False
859,2011,,,,no_data,False,False
859,2012,,,,no_data,False,False
859,2013,,,,no_data,False,False
859,2014,,,,no_data,False,False
859,2015,,,,no_data,False,False
859,2016,,,,no_data,False,False
859,2017,,,,no_data,False,False
859,2018,,,,no_data,False,False
859,2019,,,,no_data,False,False
859,2020,,,,no_data,False,False
859,2021,,,,no_data,False,False
859,2022,,,,no_data,False,False
859,2023,45.0,nan,,no_data,False,False
859,2024,45.0,nan,,no_data,False,False
859,2025,45.0,nan,,no_data,False,False
859,2026,,,,no_data,False,False
859,2027,,,,no_data,False,False
859,2028,,,,no_data,False,False
859,2029,,,,no_data,False,False
860,2000,,,,no_data,False,False
860,2001,,,,no_data,False,False
860,2002,,,,no_data,False,False
860,2003,,,,no_data,False,False
860,2004,,,,no_data,False,False
860,2005,,,,no_data,False,False
860,2006,,,,no_data,False,False
860,2007,,,,no_data,False,False
860,2008,,,,no_data,False,False
860,2009,,,,no_data,False,False
860,2010,,,,no_data,False,False
860,2011,,,,no_data,False,False
860,2012,,,,no_data,False,False
860,2013,,,,no_data,False,False
860,2014,,,,no_data,False,False
860,2015,,,,no_data,False,False
860,2016,,,,no_data,False,False
860,2017,,,,no_data,False,False
860,2018,,,,no_data,False,False
860,2019,,,,no_data,False,False
860,2020,,,,no_data,False,False
860,2021,,,,no_data,False,False
860,2022,,,,no_data,False,False
860,2023,45.0,nan,,no_data,False,False
860,2024,46.0,nan,,no_data,False,False
860,2025,45.0,nan,,no_data,False,False
860,2026,,,,no_data,False,False
860,2027,,,,no_data,False,False
860,2028,,,,no_data,False,False
860,2029,,,,no_data,False,False
861,2000,,,,no_data,False,False
861,2001,,,,no_data,False,False
861,2002,,,,no_data,False,False
861,2003,,,,no_data,False,False
861,2004,,,,no_data,False,False
861,2005,,,,no_data,False,False
861,2006,,,,no_data,False,False
861,2007,,,,no_data,False,False
861,2008,,,,no_data,False,False
861,2009,,,,no_data,False,False
861,2010,,,,no_data,False,False
861,2011,,,,no_data,False,False
861,2012,,,,no_data,False,False
861,2013,,,,no_data,False,False
861,2014,,,,no_data,False,False
861,2015,,,,no_data,False,False
861,2016,,,,no_data,False,False
861,2017,,,,no_data,False,False
861,2018,,,,no_data,False,False
861,2019,,,,no_data,False,False
861,2020,,,,no_data,False,False
861,2021,,,,no_data,False,False
861,2022,,,,no_data,False,False
861,2023,45.0,nan,,no_data,False,False
861,2024,46.0,nan,,no_data,False,False
861,2025,45.0,nan,,no_data,False,False
861,2026,,,,no_data,False,False
861,2027,,,,no_data,False,False
861,2028,,,,no_data,False,False
861,2029,,,,no_data,False,False
862,2000,,,,no_data,False,False
862,2001,,,,no_data,False,False
862,2002,,,,no_data,False,False
862,2003,,,,no_data,False,False
862,2004,,,,no_data,False,False
862,2005,,,,no_data,False,False
862,2006,,,,no_data,False,False
862,2007,,,,no_data,False,False
862,2008,,,,no_data,False,False
862,2009,,,,no_data,False,False
862,2010,,,,no_data,False,False
862,2011,,,,no_data,False,False
862,2012,,,,no_data,False,False
862,2013,,,,no_data,False,False
862,2014,,,,no_data,False,False
862,2015,,,,no_data,False,False
862,2016,,,,no_data,False,False
862,2017,,,,no_data,False,False
862,2018,,,,no_data,False,False
862,2019,,,,no_data,False,False
862,2020,,,,no_data,False,False
862,2021,,,,no_data,False,False
862,2022,,,,no_data,False,False
862,2023,45.0,nan,,no_data,False,False
862,2024,46.0,nan,,no_data,False,False
862,2025,46.0,nan,,no_data,False,False
862,2026,,,,no_data,False,False
862,2027,,,,no_data,False,False
862,2028,,,,no_data,False,False
862,2029,,,,no_data,False,False
864,2000,,,,no_data,False,False
864,2001,,,,no_data,False,False
864,2002,,,,no_data,False,False
864,2003,,,,no_data,False,False
864,2004,,,,no_data,False,False
864,2005,,,,no_data,False,False
864,2006,,,,no_data,False,False
864,2007,,,,no_data,False,False
864,2008,,,,no_data,False,False
864,2009,,,,no_data,False,False
864,2010,,,,no_data,False,False
864,2011,,,,no_data,False,False
864,2012,,,,no_data,False,False
864,2013,,,,no_data,False,False
864,2014,,,,no_data,False,False
864,2015,,,,no_data,False,False
864,2016,,,,no_data,False,False
864,2017,,,,no_data,False,False
864,2018,,,,no_data,False,False
864,2019,,,,no_data,False,False
864,2020,,,,no_data,False,False
864,2021,,,,no_data,False,False
864,2022,,,,no_data,False,False
864,2023,45.0,nan,,no_data,False,False
864,2024,46.0,nan,,no_data,False,False
864,2025,46.0,nan,,no_data,False,False
864,2026,,,,no_data,False,False
864,2027,,,,no_data,False,False
864,2028,,,,no_data,False,False
864,2029,,,,no_data,False,False
865,2000,,,,no_data,False,False
865,2001,,,,no_data,False,False
865,2002,,,,no_data,False,False
865,2003,,,,no_data,False,False
865,2004,,,,no_data,False,False
865,2005,,,,no_data,False,False
865,2006,,,,no_data,False,False
865,2007,,,,no_data,False,False
865,2008,,,,no_data,False,False
865,2009,,,,no_data,False,False
865,2010,,,,no_data,False,False
865,2011,,,,no_data,False,False
865,2012,,,,no_data,False,False
865,2013,,,,no_data,False,False
865,2014,,,,no_data,False,False
865,2015,,,,no_data,False,False
865,2016,,,,no_data,False,False
865,2017,,,,no_data,False,False
865,2018,,,,no_data,False,False
865,2019,,,,no_data,False,False
865,2020,,,,no_data,False,False
865,2021,,,,no_data,False,False
865,2022,,,,no_data,False,False
865,2023,45.0,nan,,no_data,False,False
865,2024,46.0,nan,,no_data,False,False
865,2025,45.0,nan,,no_data,False,False
865,2026,,,,no_data,False,False
865,2027,,,,no_data,False,False
865,2028,,,,no_data,False,False
865,2029,,,,no_data,False,False
866,2000,,,,no_data,False,False
866,2001,,,,no_data,False,False
866,2002,,,,no_data,False,False
866,2003,,,,no_data,False,False
866,2004,,,,no_data,False,False
866,2005,,,,no_data,False,False
866,2006,,,,no_data,False,False
866,2007,,,,no_data,False,False
866,2008,,,,no_data,False,False
866,2009,,,,no_data,False,False
866,2010,,,,no_data,False,False
866,2011,,,,no_data,False,False
866,2012,,,,no_data,False,False
866,2013,,,,no_data,False,False
866,2014,,,,no_data,False,False
866,2015,,,,no_data,False,False
866,2016,,,,no_data,False,False
866,2017,,,,no_data,False,False
866,2018,,,,no_data,False,False
866,2019,,,,no_data,False,False
866,2020,,,,no_data,False,False
866,2021,,,,no_data,False,False
866,2022,,,,no_data,False,False
866,2023,45.0,nan,,no_data,False,False
866,2024,46.0,nan,,no_data,False,False
866,2025,46.0,nan,,no_data,False,False
866,2026,,,,no_data,False,False
866,2027,,,,no_data,False,False
866,2028,,,,no_data,False,False
866,2029,,,,no_data,False,False
867,2000,,,,no_data,False,False
867,2001,,,,no_data,False,False
867,2002,,,,no_data,False,False
867,2003,,,,no_data,False,False
867,2004,,,,no_data,False,False
867,2005,,,,no_data,False,False
867,2006,,,,no_data,False,False
867,2007,,,,no_data,False,False
867,2008,,,,no_data,False,False
867,2009,,,,no_data,False,False
867,2010,,,,no_data,False,False
867,2011,,,,no_data,False,False
867,2012,,,,no_data,False,False
867,2013,,,,no_data,False,False
867,2014,,,,no_data,False,False
867,2015,,,,no_data,False,False
867,2016,,,,no_data,False,False
867,2017,,,,no_data,False,False
867,2018,,,,no_data,False,False
867,2019,,,,no_data,False,False
867,2020,,,,no_data,False,False
867,2021,,,,no_data,False,False
867,2022,,,,no_data,False,False
867,2023,,,,no_data,False,False
867,2024,3.0,barley_spring,1.6971429,productivity_normalized,True,True
867,2025,43.0,wheat_spring,4.0767742,productivity_normalized,True,True
867,2026,40.0,sunflower,,no_data,False,False
867,2027,3.0,barley_spring,,no_data,False,False
867,2028,,,,no_data,False,False
867,2029,,,,no_data,False,False
867,2030,,,,no_data,False,False
868,2000,,,,no_data,False,False
868,2001,,,,no_data,False,False
868,2002,,,,no_data,False,False
868,2003,,,,no_data,False,False
868,2004,,,,no_data,False,False
868,2005,,,,no_data,False,False
868,2006,,,,no_data,False,False
868,2007,,,,no_data,False,False
868,2008,,,,no_data,False,False
868,2009,,,,no_data,False,False
868,2010,,,,no_data,False,False
868,2011,,,,no_data,False,False
868,2012,,,,no_data,False,False
868,2013,,,,no_data,False,False
868,2014,,,,no_data,False,False
868,2015,,,,no_data,False,False
868,2016,,,,no_data,False,False
868,2017,,,,no_data,False,False
868,2018,,,,no_data,False,False
868,2019,,,,no_data,False,False
868,2020,,,,no_data,False,False
868,2021,,,,no_data,False,False
868,2022,,,,no_data,False,False
868,2023,45.0,nan,,no_data,False,False
868,2024,45.0,nan,0.9375,productivity_normalized,True,True
868,2025,,,,no_data,False,False
868,2026,,,,no_data,False,False
868,2027,,,,no_data,False,False
868,2028,,,,no_data,False,False
868,2029,,,,no_data,False,False
869,2000,,,,no_data,False,False
869,2001,,,,no_data,False,False
869,2002,,,,no_data,False,False
869,2003,,,,no_data,False,False
869,2004,,,,no_data,False,False
869,2005,,,,no_data,False,False
869,2006,,,,no_data,False,False
869,2007,,,,no_data,False,False
869,2008,,,,no_data,False,False
869,2009,,,,no_data,False,False
869,2010,,,,no_data,False,False
869,2011,,,,no_data,False,False
869,2012,,,,no_data,False,False
869,2013,,,,no_data,False,False
869,2014,,,,no_data,False,False
869,2015,,,,no_data,False,False
869,2016,,,,no_data,False,False
869,2017,,,,no_data,False,False
869,2018,,,,no_data,False,False
869,2019,,,,no_data,False,False
869,2020,,,,no_data,False,False
869,2021,,,,no_data,False,False
869,2022,,,,no_data,False,False
869,2023,45.0,nan,,no_data,False,False
869,2024,45.0,nan,,no_data,False,False
869,2025,,,,no_data,False,False
869,2026,,,,no_data,False,False
869,2027,,,,no_data,False,False
869,2028,,,,no_data,False,False
869,2029,,,,no_data,False,False
871,2000,,,,no_data,False,False
871,2001,,,,no_data,False,False
871,2002,,,,no_data,False,False
871,2003,,,,no_data,False,False
871,2004,,,,no_data,False,False
871,2005,,,,no_data,False,False
871,2006,,,,no_data,False,False
871,2007,,,,no_data,False,False
871,2008,,,,no_data,False,False
871,2009,,,,no_data,False,False
871,2010,,,,no_data,False,False
871,2011,,,,no_data,False,False
871,2012,,,,no_data,False,False
871,2013,,,,no_data,False,False
871,2014,,,,no_data,False,False
871,2015,,,,no_data,False,False
871,2016,,,,no_data,False,False
871,2017,,,,no_data,False,False
871,2018,,,,no_data,False,False
871,2019,,,,no_data,False,False
871,2020,,,,no_data,False,False
871,2021,,,,no_data,False,False
871,2022,,,,no_data,False,False
871,2023,,,,no_data,False,False
871,2024,40.0,sunflower,2.3699502,productivity_normalized,True,True
871,2025,43.0,wheat_spring,4.9961193999999995,productivity_normalized,True,True
871,2026,40.0,sunflower,,no_data,False,False
871,2027,3.0,barley_spring,,no_data,False,False
871,2028,,,,no_data,False,False
871,2029,,,,no_data,False,False
871,2030,,,,no_data,False,False
872,2000,,,,no_data,False,False
872,2001,,,,no_data,False,False
872,2002,,,,no_data,False,False
872,2003,,,,no_data,False,False
872,2004,,,,no_data,False,False
872,2005,,,,no_data,False,False
872,2006,,,,no_data,False,False
872,2007,,,,no_data,False,False
872,2008,,,,no_data,False,False
872,2009,,,,no_data,False,False
872,2010,,,,no_data,False,False
872,2011,,,,no_data,False,False
872,2012,,,,no_data,False,False
872,2013,,,,no_data,False,False
872,2014,,,,no_data,False,False
872,2015,,,,no_data,False,False
872,2016,,,,no_data,False,False
872,2017,,,,no_data,False,False
872,2018,,,,no_data,False,False
872,2019,,,,no_data,False,False
872,2020,,,,no_data,False,False
872,2021,,,,no_data,False,False
872,2022,,,,no_data,False,False
872,2023,,,,no_data,False,False
872,2024,3.0,barley_spring,3.2345678999999996,productivity_normalized,True,True
872,2025,43.0,wheat_spring,4.573057,productivity_normalized,True,True
872,2026,40.0,sunflower,,no_data,False,False
872,2027,3.0,barley_spring,,no_data,False,False
872,2028,24.0,pea,,no_data,False,False
872,2029,,,,no_data,False,False
872,2030,,,,no_data,False,False
873,2000,,,,no_data,False,False
873,2001,,,,no_data,False,False
873,2002,,,,no_data,False,False
873,2003,,,,no_data,False,False
873,2004,,,,no_data,False,False
873,2005,,,,no_data,False,False
873,2006,,,,no_data,False,False
873,2007,,,,no_data,False,False
873,2008,,,,no_data,False,False
873,2009,,,,no_data,False,False
873,2010,,,,no_data,False,False
873,2011,,,,no_data,False,False
873,2012,,,,no_data,False,False
873,2013,,,,no_data,False,False
873,2014,,,,no_data,False,False
873,2015,,,,no_data,False,False
873,2016,,,,no_data,False,False
873,2017,,,,no_data,False,False
873,2018,,,,no_data,False,False
873,2019,,,,no_data,False,False
873,2020,,,,no_data,False,False
873,2021,,,,no_data,False,False
873,2022,,,,no_data,False,False
873,2023,,,,no_data,False,False
873,2024,40.0,sunflower,2.6691661,productivity_normalized,True,True
873,2025,43.0,wheat_spring,4.1368984,productivity_normalized,True,True
873,2026,40.0,sunflower,,no_data,False,False
873,2027,3.0,barley_spring,,no_data,False,False
873,2028,,,,no_data,False,False
873,2029,,,,no_data,False,False
873,2030,,,,no_data,False,False
874,2000,,,,no_data,False,False
874,2001,,,,no_data,False,False
874,2002,,,,no_data,False,False
874,2003,,,,no_data,False,False
874,2004,,,,no_data,False,False
874,2005,,,,no_data,False,False
874,2006,,,,no_data,False,False
874,2007,,,,no_data,False,False
874,2008,,,,no_data,False,False
874,2009,,,,no_data,False,False
874,2010,,,,no_data,False,False
874,2011,,,,no_data,False,False
874,2012,,,,no_data,False,False
874,2013,,,,no_data,False,False
874,2014,,,,no_data,False,False
874,2015,,,,no_data,False,False
874,2016,,,,no_data,False,False
874,2017,,,,no_data,False,False
874,2018,,,,no_data,False,False
874,2019,,,,no_data,False,False
874,2020,,,,no_data,False,False
874,2021,,,,no_data,False,False
874,2022,,,,no_data,False,False
874,2023,,,,no_data,False,False
874,2024,3.0,barley_spring,2.890411,productivity_normalized,True,True
874,2025,43.0,wheat_spring,5.1871233,productivity_normalized,True,True
874,2026,40.0,sunflower,,no_data,False,False
874,2027,3.0,barley_spring,,no_data,False,False
874,2028,24.0,pea,,no_data,False,False
874,2029,,,,no_data,False,False
874,2030,,,,no_data,False,False
875,2000,,,,no_data,False,False
875,2001,,,,no_data,False,False
875,2002,,,,no_data,False,False
875,2003,,,,no_data,False,False
875,2004,,,,no_data,False,False
875,2005,,,,no_data,False,False
875,2006,,,,no_data,False,False
875,2007,,,,no_data,False,False
875,2008,,,,no_data,False,False
875,2009,,,,no_data,False,False
875,2010,,,,no_data,False,False
875,2011,,,,no_data,False,False
875,2012,,,,no_data,False,False
875,2013,,,,no_data,False,False
875,2014,,,,no_data,False,False
875,2015,,,,no_data,False,False
875,2016,,,,no_data,False,False
875,2017,,,,no_data,False,False
875,2018,,,,no_data,False,False
875,2019,,,,no_data,False,False
875,2020,,,,no_data,False,False
875,2021,,,,no_data,False,False
875,2022,,,,no_data,False,False
875,2023,,,,no_data,False,False
875,2024,3.0,barley_spring,2.96,productivity_normalized,True,True
875,2025,43.0,wheat_spring,4.7005882,productivity_normalized,True,True
875,2026,40.0,sunflower,,no_data,False,False
875,2027,3.0,barley_spring,,no_data,False,False
875,2028,,,,no_data,False,False
875,2029,,,,no_data,False,False
875,2030,,,,no_data,False,False
876,2000,,,,no_data,False,False
876,2001,,,,no_data,False,False
876,2002,,,,no_data,False,False
876,2003,,,,no_data,False,False
876,2004,,,,no_data,False,False
876,2005,,,,no_data,False,False
876,2006,,,,no_data,False,False
876,2007,,,,no_data,False,False
876,2008,,,,no_data,False,False
876,2009,,,,no_data,False,False
876,2010,,,,no_data,False,False
876,2011,,,,no_data,False,False
876,2012,,,,no_data,False,False
876,2013,,,,no_data,False,False
876,2014,,,,no_data,False,False
876,2015,,,,no_data,False,False
876,2016,,,,no_data,False,False
876,2017,,,,no_data,False,False
876,2018,,,,no_data,False,False
876,2019,,,,no_data,False,False
876,2020,,,,no_data,False,False
876,2021,,,,no_data,False,False
876,2022,,,,no_data,False,False
876,2023,,,,no_data,False,False
876,2024,3.0,barley_spring,,no_data,False,False
876,2025,,,,no_data,False,False
876,2026,,,,no_data,False,False
876,2027,,,,no_data,False,False
876,2028,,,,no_data,False,False
876,2029,,,,no_data,False,False
877,2000,,,,no_data,False,False
877,2001,,,,no_data,False,False
877,2002,,,,no_data,False,False
877,2003,,,,no_data,False,False
877,2004,,,,no_data,False,False
877,2005,,,,no_data,False,False
877,2006,,,,no_data,False,False
877,2007,,,,no_data,False,False
877,2008,,,,no_data,False,False
877,2009,,,,no_data,False,False
877,2010,,,,no_data,False,False
877,2011,,,,no_data,False,False
877,2012,,,,no_data,False,False
877,2013,,,,no_data,False,False
877,2014,,,,no_data,False,False
877,2015,,,,no_data,False,False
877,2016,,,,no_data,False,False
877,2017,,,,no_data,False,False
877,2018,,,,no_data,False,False
877,2019,,,,no_data,False,False
877,2020,,,,no_data,False,False
877,2021,,,,no_data,False,False
877,2022,,,,no_data,False,False
877,2023,45.0,nan,,no_data,False,False
877,2024,45.0,nan,,no_data,False,False
877,2025,,,,no_data,False,False
877,2026,,,,no_data,False,False
877,2027,,,,no_data,False,False
877,2028,,,,no_data,False,False
877,2029,,,,no_data,False,False
878,2000,,,,no_data,False,False
878,2001,,,,no_data,False,False
878,2002,,,,no_data,False,False
878,2003,,,,no_data,False,False
878,2004,,,,no_data,False,False
878,2005,,,,no_data,False,False
878,2006,,,,no_data,False,False
878,2007,,,,no_data,False,False
878,2008,,,,no_data,False,False
878,2009,,,,no_data,False,False
878,2010,,,,no_data,False,False
878,2011,,,,no_data,False,False
878,2012,,,,no_data,False,False
878,2013,,,,no_data,False,False
878,2014,,,,no_data,False,False
878,2015,,,,no_data,False,False
878,2016,,,,no_data,False,False
878,2017,,,,no_data,False,False
878,2018,,,,no_data,False,False
878,2019,,,,no_data,False,False
878,2020,,,,no_data,False,False
878,2021,,,,no_data,False,False
878,2022,,,,no_data,False,False
878,2023,45.0,nan,,no_data,False,False
878,2024,45.0,nan,,no_data,False,False
878,2025,,,,no_data,False,False
878,2026,,,,no_data,False,False
878,2027,,,,no_data,False,False
878,2028,,,,no_data,False,False
878,2029,,,,no_data,False,False
879,2000,,,,no_data,False,False
879,2001,,,,no_data,False,False
879,2002,,,,no_data,False,False
879,2003,,,,no_data,False,False
879,2004,,,,no_data,False,False
879,2005,,,,no_data,False,False
879,2006,,,,no_data,False,False
879,2007,,,,no_data,False,False
879,2008,,,,no_data,False,False
879,2009,,,,no_data,False,False
879,2010,,,,no_data,False,False
879,2011,,,,no_data,False,False
879,2012,,,,no_data,False,False
879,2013,,,,no_data,False,False
879,2014,,,,no_data,False,False
879,2015,,,,no_data,False,False
879,2016,,,,no_data,False,False
879,2017,,,,no_data,False,False
879,2018,,,,no_data,False,False
879,2019,,,,no_data,False,False
879,2020,,,,no_data,False,False
879,2021,,,,no_data,False,False
879,2022,,,,no_data,False,False
879,2023,44.0,wheat_winter,,no_data,False,False
879,2024,43.0,wheat_spring,3.6313333,productivity_normalized,True,True
879,2025,40.0,sunflower,3.7103333,productivity_normalized,True,True
879,2026,43.0,wheat_spring,,no_data,False,False
879,2027,40.0,sunflower,,no_data,False,False
879,2028,,,,no_data,False,False
879,2029,,,,no_data,False,False
880,2000,,,,no_data,False,False
880,2001,,,,no_data,False,False
880,2002,,,,no_data,False,False
880,2003,,,,no_data,False,False
880,2004,,,,no_data,False,False
880,2005,,,,no_data,False,False
880,2006,,,,no_data,False,False
880,2007,,,,no_data,False,False
880,2008,,,,no_data,False,False
880,2009,,,,no_data,False,False
880,2010,,,,no_data,False,False
880,2011,,,,no_data,False,False
880,2012,,,,no_data,False,False
880,2013,,,,no_data,False,False
880,2014,,,,no_data,False,False
880,2015,,,,no_data,False,False
880,2016,,,,no_data,False,False
880,2017,,,,no_data,False,False
880,2018,,,,no_data,False,False
880,2019,,,,no_data,False,False
880,2020,,,,no_data,False,False
880,2021,,,,no_data,False,False
880,2022,,,,no_data,False,False
880,2023,,,,no_data,False,False
880,2024,,,,no_data,False,False
880,2025,,,,no_data,False,False
880,2026,,,,no_data,False,False
880,2027,,,,no_data,False,False
880,2028,,,,no_data,False,False
880,2029,,,,no_data,False,False
881,2000,,,,no_data,False,False
881,2001,,,,no_data,False,False
881,2002,,,,no_data,False,False
881,2003,,,,no_data,False,False
881,2004,,,,no_data,False,False
881,2005,,,,no_data,False,False
881,2006,,,,no_data,False,False
881,2007,,,,no_data,False,False
881,2008,,,,no_data,False,False
881,2009,,,,no_data,False,False
881,2010,,,,no_data,False,False
881,2011,,,,no_data,False,False
881,2012,,,,no_data,False,False
881,2013,,,,no_data,False,False
881,2014,,,,no_data,False,False
881,2015,,,,no_data,False,False
881,2016,,,,no_data,False,False
881,2017,,,,no_data,False,False
881,2018,,,,no_data,False,False
881,2019,,,,no_data,False,False
881,2020,,,,no_data,False,False
881,2021,,,,no_data,False,False
881,2022,,,,no_data,False,False
881,2023,,,,no_data,False,False
881,2024,40.0,sunflower,3.5966667,productivity_normalized,True,True
881,2025,43.0,wheat_spring,5.2717949,productivity_normalized,True,True
881,2026,36.0,soya,,no_data,False,False
881,2027,20.0,oil_seed_raps_spring,,no_data,False,False
881,2028,,,,no_data,False,False
881,2029,,,,no_data,False,False
881,2030,,,,no_data,False,False
882,2000,,,,no_data,False,False
882,2001,,,,no_data,False,False
882,2002,,,,no_data,False,False
882,2003,,,,no_data,False,False
882,2004,,,,no_data,False,False
882,2005,,,,no_data,False,False
882,2006,,,,no_data,False,False
882,2007,,,,no_data,False,False
882,2008,,,,no_data,False,False
882,2009,,,,no_data,False,False
882,2010,,,,no_data,False,False
882,2011,,,,no_data,False,False
882,2012,,,,no_data,False,False
882,2013,,,,no_data,False,False
882,2014,,,,no_data,False,False
882,2015,,,,no_data,False,False
882,2016,,,,no_data,False,False
882,2017,,,,no_data,False,False
882,2018,,,,no_data,False,False
882,2019,,,,no_data,False,False
882,2020,,,,no_data,False,False
882,2021,,,,no_data,False,False
882,2022,,,,no_data,False,False
882,2023,,,,no_data,False,False
882,2024,3.0,barley_spring,3.2781452,productivity_normalized,True,True
882,2025,36.0,soya,1.5272581,productivity_normalized,True,True
882,2026,43.0,wheat_spring,,no_data,False,False
882,2027,40.0,sunflower,,no_data,False,False
882,2028,,,,no_data,False,False
882,2029,,,,no_data,False,False
882,2030,,,,no_data,False,False
883,2000,,,,no_data,False,False
883,2001,,,,no_data,False,False
883,2002,,,,no_data,False,False
883,2003,,,,no_data,False,False
883,2004,,,,no_data,False,False
883,2005,,,,no_data,False,False
883,2006,,,,no_data,False,False
883,2007,,,,no_data,False,False
883,2008,,,,no_data,False,False
883,2009,,,,no_data,False,False
883,2010,,,,no_data,False,False
883,2011,,,,no_data,False,False
883,2012,,,,no_data,False,False
883,2013,,,,no_data,False,False
883,2014,,,,no_data,False,False
883,2015,,,,no_data,False,False
883,2016,,,,no_data,False,False
883,2017,,,,no_data,False,False
883,2018,,,,no_data,False,False
883,2019,,,,no_data,False,False
883,2020,,,,no_data,False,False
883,2021,,,,no_data,False,False
883,2022,,,,no_data,False,False
883,2023,45.0,nan,,no_data,False,False
883,2024,45.0,nan,,no_data,False,False
883,2025,,,,no_data,False,False
883,2026,,,,no_data,False,False
883,2027,,,,no_data,False,False
883,2028,,,,no_data,False,False
883,2029,,,,no_data,False,False
884,2000,,,,no_data,False,False
884,2001,,,,no_data,False,False
884,2002,,,,no_data,False,False
884,2003,,,,no_data,False,False
884,2004,,,,no_data,False,False
884,2005,,,,no_data,False,False
884,2006,,,,no_data,False,False
884,2007,,,,no_data,False,False
884,2008,,,,no_data,False,False
884,2009,,,,no_data,False,False
884,2010,,,,no_data,False,False
884,2011,,,,no_data,False,False
884,2012,,,,no_data,False,False
884,2013,,,,no_data,False,False
884,2014,,,,no_data,False,False
884,2015,,,,no_data,False,False
884,2016,,,,no_data,False,False
884,2017,,,,no_data,False,False
884,2018,,,,no_data,False,False
884,2019,,,,no_data,False,False
884,2020,,,,no_data,False,False
884,2021,,,,no_data,False,False
884,2022,,,,no_data,False,False
884,2023,45.0,nan,,no_data,False,False
884,2024,45.0,nan,,no_data,False,False
884,2025,,,,no_data,False,False
884,2026,,,,no_data,False,False
884,2027,,,,no_data,False,False
884,2028,,,,no_data,False,False
884,2029,,,,no_data,False,False
892,2000,,,,no_data,False,False
892,2001,,,,no_data,False,False
892,2002,,,,no_data,False,False
892,2003,,,,no_data,False,False
892,2004,,,,no_data,False,False
892,2005,,,,no_data,False,False
892,2006,,,,no_data,False,False
892,2007,,,,no_data,False,False
892,2008,,,,no_data,False,False
892,2009,,,,no_data,False,False
892,2010,,,,no_data,False,False
892,2011,,,,no_data,False,False
892,2012,,,,no_data,False,False
892,2013,,,,no_data,False,False
892,2014,,,,no_data,False,False
892,2015,,,,no_data,False,False
892,2016,,,,no_data,False,False
892,2017,,,,no_data,False,False
892,2018,9.0,fallow,,no_data,False,False
892,2019,3.0,barley_spring,,no_data,False,False
892,2020,43.0,wheat_spring,,no_data,False,False
892,2021,43.0,wheat_spring,,no_data,False,False
892,2022,43.0,wheat_spring,,no_data,False,False
892,2023,20.0,oil_seed_raps_spring,,no_data,False,False
892,2024,43.0,wheat_spring,4.21,productivity_normalized,True,True
892,2025,43.0,wheat_spring,,no_data,False,False
892,2026,24.0,pea,,no_data,False,False
892,2027,43.0,wheat_spring,,no_data,False,False
892,2028,,,,no_data,False,False
892,2029,,,,no_data,False,False
893,2000,,,,no_data,False,False
893,2001,,,,no_data,False,False
893,2002,,,,no_data,False,False
893,2003,,,,no_data,False,False
893,2004,,,,no_data,False,False
893,2005,,,,no_data,False,False
893,2006,,,,no_data,False,False
893,2007,,,,no_data,False,False
893,2008,,,,no_data,False,False
893,2009,,,,no_data,False,False
893,2010,,,,no_data,False,False
893,2011,,,,no_data,False,False
893,2012,,,,no_data,False,False
893,2013,,,,no_data,False,False
893,2014,,,,no_data,False,False
893,2015,,,,no_data,False,False
893,2016,,,,no_data,False,False
893,2017,,,,no_data,False,False
893,2018,9.0,fallow,,no_data,False,False
893,2019,20.0,oil_seed_raps_spring,,no_data,False,False
893,2020,43.0,wheat_spring,,no_data,False,False
893,2021,43.0,wheat_spring,,no_data,False,False
893,2022,43.0,wheat_spring,,no_data,False,False
893,2023,20.0,oil_seed_raps_spring,,no_data,False,False
893,2024,43.0,wheat_spring,4.1664815,productivity_normalized,True,True
893,2025,43.0,wheat_spring,,no_data,False,False
893,2026,43.0,wheat_spring,,no_data,False,False
893,2027,20.0,oil_seed_raps_spring,,no_data,False,False
893,2028,,,,no_data,False,False
893,2029,,,,no_data,False,False
894,2000,,,,no_data,False,False
894,2001,,,,no_data,False,False
894,2002,,,,no_data,False,False
894,2003,,,,no_data,False,False
894,2004,,,,no_data,False,False
894,2005,,,,no_data,False,False
894,2006,,,,no_data,False,False
894,2007,,,,no_data,False,False
894,2008,,,,no_data,False,False
894,2009,,,,no_data,False,False
894,2010,,,,no_data,False,False
894,2011,,,,no_data,False,False
894,2012,,,,no_data,False,False
894,2013,,,,no_data,False,False
894,2014,,,,no_data,False,False
894,2015,,,,no_data,False,False
894,2016,,,,no_data,False,False
894,2017,,,,no_data,False,False
894,2018,,,,no_data,False,False
894,2019,,,,no_data,False,False
894,2020,,,,no_data,False,False
894,2021,43.0,wheat_spring,,no_data,False,False
894,2022,43.0,wheat_spring,,no_data,False,False
894,2023,20.0,oil_seed_raps_spring,,no_data,False,False
894,2024,43.0,wheat_spring,1.8546269,productivity_normalized,True,True
894,2025,43.0,wheat_spring,,no_data,False,False
894,2026,43.0,wheat_spring,,no_data,False,False
894,2027,20.0,oil_seed_raps_spring,,no_data,False,False
894,2028,,,,no_data,False,False
894,2029,,,,no_data,False,False
895,2000,,,,no_data,False,False
895,2001,,,,no_data,False,False
895,2002,,,,no_data,False,False
895,2003,,,,no_data,False,False
895,2004,,,,no_data,False,False
895,2005,,,,no_data,False,False
895,2006,,,,no_data,False,False
895,2007,,,,no_data,False,False
895,2008,,,,no_data,False,False
895,2009,,,,no_data,False,False
895,2010,,,,no_data,False,False
895,2011,,,,no_data,False,False
895,2012,,,,no_data,False,False
895,2013,,,,no_data,False,False
895,2014,,,,no_data,False,False
895,2015,,,,no_data,False,False
895,2016,,,,no_data,False,False
895,2017,,,,no_data,False,False
895,2018,,,,no_data,False,False
895,2019,,,,no_data,False,False
895,2020,,,,no_data,False,False
895,2021,43.0,wheat_spring,,no_data,False,False
895,2022,13.0,lentil,,no_data,False,False
895,2023,43.0,wheat_spring,,no_data,False,False
895,2024,13.0,lentil,,no_data,False,False
895,2025,,,,no_data,False,False
895,2026,,,,no_data,False,False
895,2027,,,,no_data,False,False
895,2028,,,,no_data,False,False
895,2029,,,,no_data,False,False
896,2000,,,,no_data,False,False
896,2001,,,,no_data,False,False
896,2002,,,,no_data,False,False
896,2003,,,,no_data,False,False
896,2004,,,,no_data,False,False
896,2005,,,,no_data,False,False
896,2006,,,,no_data,False,False
896,2007,,,,no_data,False,False
896,2008,,,,no_data,False,False
896,2009,,,,no_data,False,False
896,2010,,,,no_data,False,False
896,2011,,,,no_data,False,False
896,2012,,,,no_data,False,False
896,2013,,,,no_data,False,False
896,2014,,,,no_data,False,False
896,2015,,,,no_data,False,False
896,2016,,,,no_data,False,False
896,2017,,,,no_data,False,False
896,2018,,,,no_data,False,False
896,2019,,,,no_data,False,False
896,2020,,,,no_data,False,False
896,2021,43.0,wheat_spring,,no_data,False,False
896,2022,15.0,linum,,no_data,False,False
896,2023,43.0,wheat_spring,,no_data,False,False
896,2024,13.0,lentil,1.9372727,productivity_normalized,True,True
896,2025,43.0,wheat_spring,,no_data,False,False
896,2026,43.0,wheat_spring,,no_data,False,False
896,2027,20.0,oil_seed_raps_spring,,no_data,False,False
896,2028,,,,no_data,False,False
896,2029,,,,no_data,False,False
897,2000,,,,no_data,False,False
897,2001,,,,no_data,False,False
897,2002,,,,no_data,False,False
897,2003,,,,no_data,False,False
897,2004,,,,no_data,False,False
897,2005,,,,no_data,False,False
897,2006,,,,no_data,False,False
897,2007,,,,no_data,False,False
897,2008,,,,no_data,False,False
897,2009,,,,no_data,False,False
897,2010,,,,no_data,False,False
897,2011,,,,no_data,False,False
897,2012,,,,no_data,False,False
897,2013,,,,no_data,False,False
897,2014,,,,no_data,False,False
897,2015,,,,no_data,False,False
897,2016,,,,no_data,False,False
897,2017,,,,no_data,False,False
897,2018,9.0,fallow,,no_data,False,False
897,2019,43.0,wheat_spring,,no_data,False,False
897,2020,43.0,wheat_spring,,no_data,False,False
897,2021,43.0,wheat_spring,,no_data,False,False
897,2022,3.0,barley_spring,,no_data,False,False
897,2023,43.0,wheat_spring,,no_data,False,False
897,2024,40.0,sunflower,1.83,productivity_normalized,True,True
897,2025,43.0,wheat_spring,3.0386957,productivity_normalized,True,True
897,2026,13.0,lentil,,no_data,False,False
897,2027,20.0,oil_seed_raps_spring,,no_data,False,False
897,2028,,,,no_data,False,False
897,2029,,,,no_data,False,False
898,2000,,,,no_data,False,False
898,2001,,,,no_data,False,False
898,2002,,,,no_data,False,False
898,2003,,,,no_data,False,False
898,2004,,,,no_data,False,False
898,2005,,,,no_data,False,False
898,2006,,,,no_data,False,False
898,2007,,,,no_data,False,False
898,2008,,,,no_data,False,False
898,2009,,,,no_data,False,False
898,2010,,,,no_data,False,False
898,2011,,,,no_data,False,False
898,2012,,,,no_data,False,False
898,2013,,,,no_data,False,False
898,2014,,,,no_data,False,False
898,2015,,,,no_data,False,False
898,2016,,,,no_data,False,False
898,2017,,,,no_data,False,False
898,2018,,,,no_data,False,False
898,2019,,,,no_data,False,False
898,2020,,,,no_data,False,False
898,2021,43.0,wheat_spring,,no_data,False,False
898,2022,15.0,linum,,no_data,False,False
898,2023,43.0,wheat_spring,,no_data,False,False
898,2024,13.0,lentil,,no_data,False,False
898,2025,,,,no_data,False,False
898,2026,,,,no_data,False,False
898,2027,,,,no_data,False,False
898,2028,,,,no_data,False,False
898,2029,,,,no_data,False,False
899,2000,,,,no_data,False,False
899,2001,,,,no_data,False,False
899,2002,,,,no_data,False,False
899,2003,,,,no_data,False,False
899,2004,,,,no_data,False,False
899,2005,,,,no_data,False,False
899,2006,,,,no_data,False,False
899,2007,,,,no_data,False,False
899,2008,,,,no_data,False,False
899,2009,,,,no_data,False,False
899,2010,,,,no_data,False,False
899,2011,,,,no_data,False,False
899,2012,,,,no_data,False,False
899,2013,,,,no_data,False,False
899,2014,,,,no_data,False,False
899,2015,,,,no_data,False,False
899,2016,,,,no_data,False,False
899,2017,,,,no_data,False,False
899,2018,,,,no_data,False,False
899,2019,,,,no_data,False,False
899,2020,,,,no_data,False,False
899,2021,43.0,wheat_spring,,no_data,False,False
899,2022,43.0,wheat_spring,,no_data,False,False
899,2023,20.0,oil_seed_raps_spring,,no_data,False,False
899,2024,43.0,wheat_spring,2.7888,productivity_normalized,True,True
899,2025,43.0,wheat_spring,,no_data,False,False
899,2026,24.0,pea,,no_data,False,False
899,2027,43.0,wheat_spring,,no_data,False,False
899,2028,,,,no_data,False,False
899,2029,,,,no_data,False,False
900,2000,,,,no_data,False,False
900,2001,,,,no_data,False,False
900,2002,,,,no_data,False,False
900,2003,,,,no_data,False,False
900,2004,,,,no_data,False,False
900,2005,,,,no_data,False,False
900,2006,,,,no_data,False,False
900,2007,,,,no_data,False,False
900,2008,,,,no_data,False,False
900,2009,,,,no_data,False,False
900,2010,,,,no_data,False,False
900,2011,,,,no_data,False,False
900,2012,,,,no_data,False,False
900,2013,,,,no_data,False,False
900,2014,,,,no_data,False,False
900,2015,,,,no_data,False,False
900,2016,,,,no_data,False,False
900,2017,,,,no_data,False,False
900,2018,9.0,fallow,,no_data,False,False
900,2019,43.0,wheat_spring,,no_data,False,False
900,2020,43.0,wheat_spring,,no_data,False,False
900,2021,43.0,wheat_spring,,no_data,False,False
900,2022,15.0,linum,,no_data,False,False
900,2023,43.0,wheat_spring,,no_data,False,False
900,2024,13.0,lentil,0.4117647,productivity_normalized,True,True
900,2025,43.0,wheat_spring,,no_data,False,False
900,2026,43.0,wheat_spring,,no_data,False,False
900,2027,20.0,oil_seed_raps_spring,,no_data,False,False
900,2028,,,,no_data,False,False
900,2029,,,,no_data,False,False
901,2000,,,,no_data,False,False
901,2001,,,,no_data,False,False
901,2002,,,,no_data,False,False
901,2003,,,,no_data,False,False
901,2004,,,,no_data,False,False
901,2005,,,,no_data,False,False
901,2006,,,,no_data,False,False
901,2007,,,,no_data,False,False
901,2008,,,,no_data,False,False
901,2009,,,,no_data,False,False
901,2010,,,,no_data,False,False
901,2011,,,,no_data,False,False
901,2012,,,,no_data,False,False
901,2013,,,,no_data,False,False
901,2014,,,,no_data,False,False
901,2015,,,,no_data,False,False
901,2016,,,,no_data,False,False
901,2017,,,,no_data,False,False
901,2018,9.0,fallow,,no_data,False,False
901,2019,43.0,wheat_spring,,no_data,False,False
901,2020,43.0,wheat_spring,,no_data,False,False
901,2021,43.0,wheat_spring,,no_data,False,False
901,2022,3.0,barley_spring,,no_data,False,False
901,2023,20.0,oil_seed_raps_spring,,no_data,False,False
901,2024,43.0,wheat_spring,3.6437778,productivity_normalized,True,True
901,2025,43.0,wheat_spring,4.1341573,productivity_normalized,True,True
901,2026,13.0,lentil,,no_data,False,False
901,2027,20.0,oil_seed_raps_spring,,no_data,False,False
901,2028,,,,no_data,False,False
901,2029,,,,no_data,False,False
902,2000,,,,no_data,False,False
902,2001,,,,no_data,False,False
902,2002,,,,no_data,False,False
902,2003,,,,no_data,False,False
902,2004,,,,no_data,False,False
902,2005,,,,no_data,False,False
902,2006,,,,no_data,False,False
902,2007,,,,no_data,False,False
902,2008,,,,no_data,False,False
902,2009,,,,no_data,False,False
902,2010,,,,no_data,False,False
902,2011,,,,no_data,False,False
902,2012,,,,no_data,False,False
902,2013,,,,no_data,False,False
902,2014,,,,no_data,False,False
902,2015,,,,no_data,False,False
902,2016,,,,no_data,False,False
902,2017,,,,no_data,False,False
902,2018,,,,no_data,False,False
902,2019,,,,no_data,False,False
902,2020,,,,no_data,False,False
902,2021,43.0,wheat_spring,,no_data,False,False
902,2022,43.0,wheat_spring,,no_data,False,False
902,2023,20.0,oil_seed_raps_spring,,no_data,False,False
902,2024,43.0,wheat_spring,,no_data,False,False
902,2025,,,,no_data,False,False
902,2026,,,,no_data,False,False
902,2027,,,,no_data,False,False
902,2028,,,,no_data,False,False
902,2029,,,,no_data,False,False
903,2000,,,,no_data,False,False
903,2001,,,,no_data,False,False
903,2002,,,,no_data,False,False
903,2003,,,,no_data,False,False
903,2004,,,,no_data,False,False
903,2005,,,,no_data,False,False
903,2006,,,,no_data,False,False
903,2007,,,,no_data,False,False
903,2008,,,,no_data,False,False
903,2009,,,,no_data,False,False
903,2010,,,,no_data,False,False
903,2011,,,,no_data,False,False
903,2012,,,,no_data,False,False
903,2013,,,,no_data,False,False
903,2014,,,,no_data,False,False
903,2015,,,,no_data,False,False
903,2016,,,,no_data,False,False
903,2017,,,,no_data,False,False
903,2018,,,,no_data,False,False
903,2019,,,,no_data,False,False
903,2020,,,,no_data,False,False
903,2021,43.0,wheat_spring,,no_data,False,False
903,2022,43.0,wheat_spring,,no_data,False,False
903,2023,20.0,oil_seed_raps_spring,,no_data,False,False
903,2024,43.0,wheat_spring,5.3329032,productivity_normalized,True,True
903,2025,63.0,nan,3.5993478000000003,productivity_normalized,True,True
903,2026,13.0,lentil,,no_data,False,False
903,2027,20.0,oil_seed_raps_spring,,no_data,False,False
903,2028,,,,no_data,False,False
903,2029,,,,no_data,False,False
904,2000,,,,no_data,False,False
904,2001,,,,no_data,False,False
904,2002,,,,no_data,False,False
904,2003,,,,no_data,False,False
904,2004,,,,no_data,False,False
904,2005,,,,no_data,False,False
904,2006,,,,no_data,False,False
904,2007,,,,no_data,False,False
904,2008,,,,no_data,False,False
904,2009,,,,no_data,False,False
904,2010,,,,no_data,False,False
904,2011,,,,no_data,False,False
904,2012,,,,no_data,False,False
904,2013,,,,no_data,False,False
904,2014,,,,no_data,False,False
904,2015,,,,no_data,False,False
904,2016,,,,no_data,False,False
904,2017,,,,no_data,False,False
904,2018,9.0,fallow,,no_data,False,False
904,2019,43.0,wheat_spring,,no_data,False,False
904,2020,43.0,wheat_spring,,no_data,False,False
904,2021,43.0,wheat_spring,,no_data,False,False
904,2022,15.0,linum,,no_data,False,False
904,2023,43.0,wheat_spring,,no_data,False,False
904,2024,13.0,lentil,1.4166327,productivity_normalized,True,True
904,2025,43.0,wheat_spring,3.4331937000000003,productivity_normalized,True,True
904,2026,43.0,wheat_spring,,no_data,False,False
904,2027,20.0,oil_seed_raps_spring,,no_data,False,False
904,2028,,,,no_data,False,False
904,2029,,,,no_data,False,False
905,2000,,,,no_data,False,False
905,2001,,,,no_data,False,False
905,2002,,,,no_data,False,False
905,2003,,,,no_data,False,False
905,2004,,,,no_data,False,False
905,2005,,,,no_data,False,False
905,2006,,,,no_data,False,False
905,2007,,,,no_data,False,False
905,2008,,,,no_data,False,False
905,2009,,,,no_data,False,False
905,2010,,,,no_data,False,False
905,2011,,,,no_data,False,False
905,2012,,,,no_data,False,False
905,2013,,,,no_data,False,False
905,2014,,,,no_data,False,False
905,2015,,,,no_data,False,False
905,2016,,,,no_data,False,False
905,2017,,,,no_data,False,False
905,2018,9.0,fallow,,no_data,False,False
905,2019,21.0,oil_seed_raps_winter,,no_data,False,False
905,2020,43.0,wheat_spring,,no_data,False,False
905,2021,43.0,wheat_spring,,no_data,False,False
905,2022,43.0,wheat_spring,,no_data,False,False
905,2023,20.0,oil_seed_raps_spring,,no_data,False,False
905,2024,43.0,wheat_spring,2.0728571,productivity_normalized,True,True
905,2025,43.0,wheat_spring,,no_data,False,False
905,2026,43.0,wheat_spring,,no_data,False,False
905,2027,20.0,oil_seed_raps_spring,,no_data,False,False
905,2028,,,,no_data,False,False
905,2029,,,,no_data,False,False
906,2000,,,,no_data,False,False
906,2001,,,,no_data,False,False
906,2002,,,,no_data,False,False
906,2003,,,,no_data,False,False
906,2004,,,,no_data,False,False
906,2005,,,,no_data,False,False
906,2006,,,,no_data,False,False
906,2007,,,,no_data,False,False
906,2008,,,,no_data,False,False
906,2009,,,,no_data,False,False
906,2010,,,,no_data,False,False
906,2011,,,,no_data,False,False
906,2012,,,,no_data,False,False
906,2013,,,,no_data,False,False
906,2014,,,,no_data,False,False
906,2015,,,,no_data,False,False
906,2016,,,,no_data,False,False
906,2017,,,,no_data,False,False
906,2018,9.0,fallow,,no_data,False,False
906,2019,20.0,oil_seed_raps_spring,,no_data,False,False
906,2020,43.0,wheat_spring,,no_data,False,False
906,2021,43.0,wheat_spring,,no_data,False,False
906,2022,43.0,wheat_spring,,no_data,False,False
906,2023,20.0,oil_seed_raps_spring,,no_data,False,False
906,2024,43.0,wheat_spring,,no_data,False,False
906,2025,3.0,barley_spring,3.2494413,productivity_normalized,True,True
906,2026,40.0,sunflower,,no_data,False,False
906,2027,3.0,barley_spring,,no_data,False,False
906,2028,,,,no_data,False,False
906,2029,,,,no_data,False,False
907,2000,,,,no_data,False,False
907,2001,,,,no_data,False,False
907,2002,,,,no_data,False,False
907,2003,,,,no_data,False,False
907,2004,,,,no_data,False,False
907,2005,,,,no_data,False,False
907,2006,,,,no_data,False,False
907,2007,,,,no_data,False,False
907,2008,,,,no_data,False,False
907,2009,,,,no_data,False,False
907,2010,,,,no_data,False,False
907,2011,,,,no_data,False,False
907,2012,,,,no_data,False,False
907,2013,,,,no_data,False,False
907,2014,,,,no_data,False,False
907,2015,,,,no_data,False,False
907,2016,,,,no_data,False,False
907,2017,,,,no_data,False,False
907,2018,9.0,fallow,,no_data,False,False
907,2019,43.0,wheat_spring,,no_data,False,False
907,2020,43.0,wheat_spring,,no_data,False,False
907,2021,43.0,wheat_spring,,no_data,False,False
907,2022,43.0,wheat_spring,,no_data,False,False
907,2023,20.0,oil_seed_raps_spring,,no_data,False,False
907,2024,43.0,wheat_spring,3.0887754999999997,productivity_normalized,True,True
907,2025,43.0,wheat_spring,,no_data,False,False
907,2026,43.0,wheat_spring,,no_data,False,False
907,2027,20.0,oil_seed_raps_spring,,no_data,False,False
907,2028,,,,no_data,False,False
907,2029,,,,no_data,False,False
908,2000,,,,no_data,False,False
908,2001,,,,no_data,False,False
908,2002,,,,no_data,False,False
908,2003,,,,no_data,False,False
908,2004,,,,no_data,False,False
908,2005,,,,no_data,False,False
908,2006,,,,no_data,False,False
908,2007,,,,no_data,False,False
908,2008,,,,no_data,False,False
908,2009,,,,no_data,False,False
908,2010,,,,no_data,False,False
908,2011,,,,no_data,False,False
908,2012,,,,no_data,False,False
908,2013,,,,no_data,False,False
908,2014,,,,no_data,False,False
908,2015,,,,no_data,False,False
908,2016,,,,no_data,False,False
908,2017,,,,no_data,False,False
908,2018,9.0,fallow,,no_data,False,False
908,2019,43.0,wheat_spring,,no_data,False,False
908,2020,43.0,wheat_spring,,no_data,False,False
908,2021,43.0,wheat_spring,,no_data,False,False
908,2022,43.0,wheat_spring,,no_data,False,False
908,2023,43.0,wheat_spring,,no_data,False,False
908,2024,13.0,lentil,1.41,productivity_normalized,True,True
908,2025,43.0,wheat_spring,,no_data,False,False
908,2026,43.0,wheat_spring,,no_data,False,False
908,2027,20.0,oil_seed_raps_spring,,no_data,False,False
908,2028,,,,no_data,False,False
908,2029,,,,no_data,False,False
909,2000,,,,no_data,False,False
909,2001,,,,no_data,False,False
909,2002,,,,no_data,False,False
909,2003,,,,no_data,False,False
909,2004,,,,no_data,False,False
909,2005,,,,no_data,False,False
909,2006,,,,no_data,False,False
909,2007,,,,no_data,False,False
909,2008,,,,no_data,False,False
909,2009,,,,no_data,False,False
909,2010,,,,no_data,False,False
909,2011,,,,no_data,False,False
909,2012,,,,no_data,False,False
909,2013,,,,no_data,False,False
909,2014,,,,no_data,False,False
909,2015,,,,no_data,False,False
909,2016,,,,no_data,False,False
909,2017,,,,no_data,False,False
909,2018,9.0,fallow,,no_data,False,False
909,2019,43.0,wheat_spring,,no_data,False,False
909,2020,43.0,wheat_spring,,no_data,False,False
909,2021,43.0,wheat_spring,,no_data,False,False
909,2022,15.0,linum,,no_data,False,False
909,2023,43.0,wheat_spring,,no_data,False,False
909,2024,13.0,lentil,1.2875999999999999,productivity_normalized,True,True
909,2025,43.0,wheat_spring,,no_data,False,False
909,2026,43.0,wheat_spring,,no_data,False,False
909,2027,20.0,oil_seed_raps_spring,,no_data,False,False
909,2028,,,,no_data,False,False
909,2029,,,,no_data,False,False
910,2000,,,,no_data,False,False
910,2001,,,,no_data,False,False
910,2002,,,,no_data,False,False
910,2003,,,,no_data,False,False
910,2004,,,,no_data,False,False
910,2005,,,,no_data,False,False
910,2006,,,,no_data,False,False
910,2007,,,,no_data,False,False
910,2008,,,,no_data,False,False
910,2009,,,,no_data,False,False
910,2010,,,,no_data,False,False
910,2011,,,,no_data,False,False
910,2012,,,,no_data,False,False
910,2013,,,,no_data,False,False
910,2014,,,,no_data,False,False
910,2015,,,,no_data,False,False
910,2016,,,,no_data,False,False
910,2017,,,,no_data,False,False
910,2018,9.0,fallow,,no_data,False,False
910,2019,43.0,wheat_spring,,no_data,False,False
910,2020,43.0,wheat_spring,,no_data,False,False
910,2021,43.0,wheat_spring,,no_data,False,False
910,2022,15.0,linum,,no_data,False,False
910,2023,43.0,wheat_spring,,no_data,False,False
910,2024,13.0,lentil,1.0767856999999998,productivity_normalized,True,True
910,2025,43.0,wheat_spring,4.576904799999999,productivity_normalized,True,True
910,2026,43.0,wheat_spring,,no_data,False,False
910,2027,20.0,oil_seed_raps_spring,,no_data,False,False
910,2028,,,,no_data,False,False
910,2029,,,,no_data,False,False
911,2000,,,,no_data,False,False
911,2001,,,,no_data,False,False
911,2002,,,,no_data,False,False
911,2003,,,,no_data,False,False
911,2004,,,,no_data,False,False
911,2005,,,,no_data,False,False
911,2006,,,,no_data,False,False
911,2007,,,,no_data,False,False
911,2008,,,,no_data,False,False
911,2009,,,,no_data,False,False
911,2010,,,,no_data,False,False
911,2011,,,,no_data,False,False
911,2012,,,,no_data,False,False
911,2013,,,,no_data,False,False
911,2014,,,,no_data,False,False
911,2015,,,,no_data,False,False
911,2016,,,,no_data,False,False
911,2017,,,,no_data,False,False
911,2018,9.0,fallow,,no_data,False,False
911,2019,20.0,oil_seed_raps_spring,,no_data,False,False
911,2020,43.0,wheat_spring,,no_data,False,False
911,2021,43.0,wheat_spring,,no_data,False,False
911,2022,13.0,lentil,,no_data,False,False
911,2023,20.0,oil_seed_raps_spring,,no_data,False,False
911,2024,43.0,wheat_spring,2.9959412,productivity_normalized,True,True
911,2025,13.0,lentil,1.9134932,productivity_normalized,True,True
911,2026,20.0,oil_seed_raps_spring,,no_data,False,False
911,2027,3.0,barley_spring,,no_data,False,False
911,2028,,,,no_data,False,False
911,2029,,,,no_data,False,False
912,2000,,,,no_data,False,False
912,2001,,,,no_data,False,False
912,2002,,,,no_data,False,False
912,2003,,,,no_data,False,False
912,2004,,,,no_data,False,False
912,2005,,,,no_data,False,False
912,2006,,,,no_data,False,False
912,2007,,,,no_data,False,False
912,2008,,,,no_data,False,False
912,2009,,,,no_data,False,False
912,2010,,,,no_data,False,False
912,2011,,,,no_data,False,False
912,2012,,,,no_data,False,False
912,2013,,,,no_data,False,False
912,2014,,,,no_data,False,False
912,2015,,,,no_data,False,False
912,2016,,,,no_data,False,False
912,2017,,,,no_data,False,False
912,2018,9.0,fallow,,no_data,False,False
912,2019,43.0,wheat_spring,,no_data,False,False
912,2020,43.0,wheat_spring,,no_data,False,False
912,2021,43.0,wheat_spring,,no_data,False,False
912,2022,3.0,barley_spring,,no_data,False,False
912,2023,43.0,wheat_spring,,no_data,False,False
912,2024,40.0,sunflower,1.9226471,productivity_normalized,True,True
912,2025,3.0,barley_spring,,no_data,False,False
912,2026,36.0,soya,,no_data,False,False
912,2027,43.0,wheat_spring,,no_data,False,False
912,2028,,,,no_data,False,False
912,2029,,,,no_data,False,False
913,2000,,,,no_data,False,False
913,2001,,,,no_data,False,False
913,2002,,,,no_data,False,False
913,2003,,,,no_data,False,False
913,2004,,,,no_data,False,False
913,2005,,,,no_data,False,False
913,2006,,,,no_data,False,False
913,2007,,,,no_data,False,False
913,2008,,,,no_data,False,False
913,2009,,,,no_data,False,False
913,2010,,,,no_data,False,False
913,2011,,,,no_data,False,False
913,2012,,,,no_data,False,False
913,2013,,,,no_data,False,False
913,2014,,,,no_data,False,False
913,2015,,,,no_data,False,False
913,2016,,,,no_data,False,False
913,2017,,,,no_data,False,False
913,2018,,,,no_data,False,False
913,2019,9.0,fallow,,no_data,False,False
913,2020,43.0,wheat_spring,,no_data,False,False
913,2021,43.0,wheat_spring,,no_data,False,False
913,2022,15.0,linum,,no_data,False,False
913,2023,43.0,wheat_spring,,no_data,False,False
913,2024,24.0,pea,2.9798058000000003,productivity_normalized,True,True
913,2025,43.0,wheat_spring,3.5802138999999995,productivity_normalized,True,True
913,2026,24.0,pea,,no_data,False,False
913,2027,20.0,oil_seed_raps_spring,,no_data,False,False
913,2028,,,,no_data,False,False
913,2029,,,,no_data,False,False
914,2000,,,,no_data,False,False
914,2001,,,,no_data,False,False
914,2002,,,,no_data,False,False
914,2003,,,,no_data,False,False
914,2004,,,,no_data,False,False
914,2005,,,,no_data,False,False
914,2006,,,,no_data,False,False
914,2007,,,,no_data,False,False
914,2008,,,,no_data,False,False
914,2009,,,,no_data,False,False
914,2010,,,,no_data,False,False
914,2011,,,,no_data,False,False
914,2012,,,,no_data,False,False
914,2013,,,,no_data,False,False
914,2014,,,,no_data,False,False
914,2015,,,,no_data,False,False
914,2016,,,,no_data,False,False
914,2017,,,,no_data,False,False
914,2018,9.0,fallow,,no_data,False,False
914,2019,43.0,wheat_spring,,no_data,False,False
914,2020,43.0,wheat_spring,,no_data,False,False
914,2021,43.0,wheat_spring,,no_data,False,False
914,2022,15.0,linum,,no_data,False,False
914,2023,43.0,wheat_spring,,no_data,False,False
914,2024,24.0,pea,2.8274999999999997,productivity_normalized,True,True
914,2025,43.0,wheat_spring,,no_data,False,False
914,2026,43.0,wheat_spring,,no_data,False,False
914,2027,20.0,oil_seed_raps_spring,,no_data,False,False
914,2028,,,,no_data,False,False
914,2029,,,,no_data,False,False
915,2000,,,,no_data,False,False
915,2001,,,,no_data,False,False
915,2002,,,,no_data,False,False
915,2003,,,,no_data,False,False
915,2004,,,,no_data,False,False
915,2005,,,,no_data,False,False
915,2006,,,,no_data,False,False
915,2007,,,,no_data,False,False
915,2008,,,,no_data,False,False
915,2009,,,,no_data,False,False
915,2010,,,,no_data,False,False
915,2011,,,,no_data,False,False
915,2012,,,,no_data,False,False
915,2013,,,,no_data,False,False
915,2014,,,,no_data,False,False
915,2015,,,,no_data,False,False
915,2016,,,,no_data,False,False
915,2017,,,,no_data,False,False
915,2018,,,,no_data,False,False
915,2019,,,,no_data,False,False
915,2020,,,,no_data,False,False
915,2021,43.0,wheat_spring,,no_data,False,False
915,2022,15.0,linum,,no_data,False,False
915,2023,43.0,wheat_spring,,no_data,False,False
915,2024,24.0,pea,,no_data,False,False
915,2025,,,,no_data,False,False
915,2026,,,,no_data,False,False
915,2027,,,,no_data,False,False
915,2028,,,,no_data,False,False
915,2029,,,,no_data,False,False
916,2000,,,,no_data,False,False
916,2001,,,,no_data,False,False
916,2002,,,,no_data,False,False
916,2003,,,,no_data,False,False
916,2004,,,,no_data,False,False
916,2005,,,,no_data,False,False
916,2006,,,,no_data,False,False
916,2007,,,,no_data,False,False
916,2008,,,,no_data,False,False
916,2009,,,,no_data,False,False
916,2010,,,,no_data,False,False
916,2011,,,,no_data,False,False
916,2012,,,,no_data,False,False
916,2013,,,,no_data,False,False
916,2014,,,,no_data,False,False
916,2015,,,,no_data,False,False
916,2016,,,,no_data,False,False
916,2017,,,,no_data,False,False
916,2018,,,,no_data,False,False
916,2019,,,,no_data,False,False
916,2020,,,,no_data,False,False
916,2021,43.0,wheat_spring,,no_data,False,False
916,2022,43.0,wheat_spring,,no_data,False,False
916,2023,43.0,wheat_spring,,no_data,False,False
916,2024,43.0,wheat_spring,,no_data,False,False
916,2025,,,,no_data,False,False
916,2026,,,,no_data,False,False
916,2027,,,,no_data,False,False
916,2028,,,,no_data,False,False
916,2029,,,,no_data,False,False
917,2000,,,,no_data,False,False
917,2001,,,,no_data,False,False
917,2002,,,,no_data,False,False
917,2003,,,,no_data,False,False
917,2004,,,,no_data,False,False
917,2005,,,,no_data,False,False
917,2006,,,,no_data,False,False
917,2007,,,,no_data,False,False
917,2008,,,,no_data,False,False
917,2009,,,,no_data,False,False
917,2010,,,,no_data,False,False
917,2011,,,,no_data,False,False
917,2012,,,,no_data,False,False
917,2013,,,,no_data,False,False
917,2014,,,,no_data,False,False
917,2015,,,,no_data,False,False
917,2016,,,,no_data,False,False
917,2017,,,,no_data,False,False
917,2018,,,,no_data,False,False
917,2019,,,,no_data,False,False
917,2020,,,,no_data,False,False
917,2021,43.0,wheat_spring,,no_data,False,False
917,2022,15.0,linum,,no_data,False,False
917,2023,43.0,wheat_spring,,no_data,False,False
917,2024,24.0,pea,,no_data,False,False
917,2025,,,,no_data,False,False
917,2026,,,,no_data,False,False
917,2027,,,,no_data,False,False
917,2028,,,,no_data,False,False
917,2029,,,,no_data,False,False
918,2000,,,,no_data,False,False
918,2001,,,,no_data,False,False
918,2002,,,,no_data,False,False
918,2003,,,,no_data,False,False
918,2004,,,,no_data,False,False
918,2005,,,,no_data,False,False
918,2006,,,,no_data,False,False
918,2007,,,,no_data,False,False
918,2008,,,,no_data,False,False
918,2009,,,,no_data,False,False
918,2010,,,,no_data,False,False
918,2011,,,,no_data,False,False
918,2012,,,,no_data,False,False
918,2013,,,,no_data,False,False
918,2014,,,,no_data,False,False
918,2015,,,,no_data,False,False
918,2016,,,,no_data,False,False
918,2017,,,,no_data,False,False
918,2018,9.0,fallow,,no_data,False,False
918,2019,43.0,wheat_spring,,no_data,False,False
918,2020,43.0,wheat_spring,,no_data,False,False
918,2021,43.0,wheat_spring,,no_data,False,False
918,2022,43.0,wheat_spring,,no_data,False,False
918,2023,43.0,wheat_spring,,no_data,False,False
918,2024,43.0,wheat_spring,1.7719539999999998,productivity_normalized,True,True
918,2025,13.0,lentil,1.185989,productivity_normalized,True,True
918,2026,20.0,oil_seed_raps_spring,,no_data,False,False
918,2027,3.0,barley_spring,,no_data,False,False
918,2028,,,,no_data,False,False
918,2029,,,,no_data,False,False
919,2000,,,,no_data,False,False
919,2001,,,,no_data,False,False
919,2002,,,,no_data,False,False
919,2003,,,,no_data,False,False
919,2004,,,,no_data,False,False
919,2005,,,,no_data,False,False
919,2006,,,,no_data,False,False
919,2007,,,,no_data,False,False
919,2008,,,,no_data,False,False
919,2009,,,,no_data,False,False
919,2010,,,,no_data,False,False
919,2011,,,,no_data,False,False
919,2012,,,,no_data,False,False
919,2013,,,,no_data,False,False
919,2014,,,,no_data,False,False
919,2015,,,,no_data,False,False
919,2016,,,,no_data,False,False
919,2017,,,,no_data,False,False
919,2018,,,,no_data,False,False
919,2019,,,,no_data,False,False
919,2020,,,,no_data,False,False
919,2021,43.0,wheat_spring,,no_data,False,False
919,2022,15.0,linum,,no_data,False,False
919,2023,43.0,wheat_spring,,no_data,False,False
919,2024,24.0,pea,,no_data,False,False
919,2025,,,,no_data,False,False
919,2026,,,,no_data,False,False
919,2027,,,,no_data,False,False
919,2028,,,,no_data,False,False
919,2029,,,,no_data,False,False
920,2000,,,,no_data,False,False
920,2001,,,,no_data,False,False
920,2002,,,,no_data,False,False
920,2003,,,,no_data,False,False
920,2004,,,,no_data,False,False
920,2005,,,,no_data,False,False
920,2006,,,,no_data,False,False
920,2007,,,,no_data,False,False
920,2008,,,,no_data,False,False
920,2009,,,,no_data,False,False
920,2010,,,,no_data,False,False
920,2011,,,,no_data,False,False
920,2012,,,,no_data,False,False
920,2013,,,,no_data,False,False
920,2014,,,,no_data,False,False
920,2015,,,,no_data,False,False
920,2016,,,,no_data,False,False
920,2017,,,,no_data,False,False
920,2018,,,,no_data,False,False
920,2019,,,,no_data,False,False
920,2020,,,,no_data,False,False
920,2021,43.0,wheat_spring,,no_data,False,False
920,2022,43.0,wheat_spring,,no_data,False,False
920,2023,43.0,wheat_spring,,no_data,False,False
920,2024,43.0,wheat_spring,,no_data,False,False
920,2025,,,,no_data,False,False
920,2026,,,,no_data,False,False
920,2027,,,,no_data,False,False
920,2028,,,,no_data,False,False
920,2029,,,,no_data,False,False
921,2000,,,,no_data,False,False
921,2001,,,,no_data,False,False
921,2002,,,,no_data,False,False
921,2003,,,,no_data,False,False
921,2004,,,,no_data,False,False
921,2005,,,,no_data,False,False
921,2006,,,,no_data,False,False
921,2007,,,,no_data,False,False
921,2008,,,,no_data,False,False
921,2009,,,,no_data,False,False
921,2010,,,,no_data,False,False
921,2011,,,,no_data,False,False
921,2012,,,,no_data,False,False
921,2013,,,,no_data,False,False
921,2014,,,,no_data,False,False
921,2015,,,,no_data,False,False
921,2016,,,,no_data,False,False
921,2017,,,,no_data,False,False
921,2018,9.0,fallow,,no_data,False,False
921,2019,43.0,wheat_spring,,no_data,False,False
921,2020,43.0,wheat_spring,,no_data,False,False
921,2021,43.0,wheat_spring,,no_data,False,False
921,2022,15.0,linum,,no_data,False,False
921,2023,43.0,wheat_spring,,no_data,False,False
921,2024,24.0,pea,1.9077966,productivity_normalized,True,True
921,2025,43.0,wheat_spring,,no_data,False,False
921,2026,43.0,wheat_spring,,no_data,False,False
921,2027,20.0,oil_seed_raps_spring,,no_data,False,False
921,2028,,,,no_data,False,False
921,2029,,,,no_data,False,False
922,2000,,,,no_data,False,False
922,2001,,,,no_data,False,False
922,2002,,,,no_data,False,False
922,2003,,,,no_data,False,False
922,2004,,,,no_data,False,False
922,2005,,,,no_data,False,False
922,2006,,,,no_data,False,False
922,2007,,,,no_data,False,False
922,2008,,,,no_data,False,False
922,2009,,,,no_data,False,False
922,2010,,,,no_data,False,False
922,2011,,,,no_data,False,False
922,2012,,,,no_data,False,False
922,2013,,,,no_data,False,False
922,2014,,,,no_data,False,False
922,2015,,,,no_data,False,False
922,2016,,,,no_data,False,False
922,2017,,,,no_data,False,False
922,2018,9.0,fallow,,no_data,False,False
922,2019,43.0,wheat_spring,,no_data,False,False
922,2020,43.0,wheat_spring,,no_data,False,False
922,2021,43.0,wheat_spring,,no_data,False,False
922,2022,43.0,wheat_spring,,no_data,False,False
922,2023,43.0,wheat_spring,,no_data,False,False
922,2024,24.0,pea,0.5885714,productivity_normalized,True,True
922,2025,43.0,wheat_spring,,no_data,False,False
922,2026,43.0,wheat_spring,,no_data,False,False
922,2027,20.0,oil_seed_raps_spring,,no_data,False,False
922,2028,,,,no_data,False,False
922,2029,,,,no_data,False,False
923,2000,,,,no_data,False,False
923,2001,,,,no_data,False,False
923,2002,,,,no_data,False,False
923,2003,,,,no_data,False,False
923,2004,,,,no_data,False,False
923,2005,,,,no_data,False,False
923,2006,,,,no_data,False,False
923,2007,,,,no_data,False,False
923,2008,,,,no_data,False,False
923,2009,,,,no_data,False,False
923,2010,,,,no_data,False,False
923,2011,,,,no_data,False,False
923,2012,,,,no_data,False,False
923,2013,,,,no_data,False,False
923,2014,,,,no_data,False,False
923,2015,,,,no_data,False,False
923,2016,,,,no_data,False,False
923,2017,,,,no_data,False,False
923,2018,9.0,fallow,,no_data,False,False
923,2019,43.0,wheat_spring,,no_data,False,False
923,2020,43.0,wheat_spring,,no_data,False,False
923,2021,43.0,wheat_spring,,no_data,False,False
923,2022,43.0,wheat_spring,,no_data,False,False
923,2023,43.0,wheat_spring,,no_data,False,False
923,2024,24.0,pea,2.0810526,productivity_normalized,True,True
923,2025,43.0,wheat_spring,,no_data,False,False
923,2026,43.0,wheat_spring,,no_data,False,False
923,2027,20.0,oil_seed_raps_spring,,no_data,False,False
923,2028,,,,no_data,False,False
923,2029,,,,no_data,False,False
924,2000,,,,no_data,False,False
924,2001,,,,no_data,False,False
924,2002,,,,no_data,False,False
924,2003,,,,no_data,False,False
924,2004,,,,no_data,False,False
924,2005,,,,no_data,False,False
924,2006,,,,no_data,False,False
924,2007,,,,no_data,False,False
924,2008,,,,no_data,False,False
924,2009,,,,no_data,False,False
924,2010,,,,no_data,False,False
924,2011,,,,no_data,False,False
924,2012,,,,no_data,False,False
924,2013,,,,no_data,False,False
924,2014,,,,no_data,False,False
924,2015,,,,no_data,False,False
924,2016,,,,no_data,False,False
924,2017,,,,no_data,False,False
924,2018,9.0,fallow,,no_data,False,False
924,2019,43.0,wheat_spring,,no_data,False,False
924,2020,43.0,wheat_spring,,no_data,False,False
924,2021,43.0,wheat_spring,,no_data,False,False
924,2022,43.0,wheat_spring,,no_data,False,False
924,2023,43.0,wheat_spring,,no_data,False,False
924,2024,43.0,wheat_spring,2.1640964,productivity_normalized,True,True
924,2025,13.0,lentil,,no_data,False,False
924,2026,43.0,wheat_spring,,no_data,False,False
924,2027,40.0,sunflower,,no_data,False,False
924,2028,,,,no_data,False,False
924,2029,,,,no_data,False,False
925,2000,,,,no_data,False,False
925,2001,,,,no_data,False,False
925,2002,,,,no_data,False,False
925,2003,,,,no_data,False,False
925,2004,,,,no_data,False,False
925,2005,,,,no_data,False,False
925,2006,,,,no_data,False,False
925,2007,,,,no_data,False,False
925,2008,,,,no_data,False,False
925,2009,,,,no_data,False,False
925,2010,,,,no_data,False,False
925,2011,,,,no_data,False,False
925,2012,,,,no_data,False,False
925,2013,,,,no_data,False,False
925,2014,,,,no_data,False,False
925,2015,,,,no_data,False,False
925,2016,,,,no_data,False,False
925,2017,,,,no_data,False,False
925,2018,9.0,fallow,,no_data,False,False
925,2019,43.0,wheat_spring,,no_data,False,False
925,2020,43.0,wheat_spring,,no_data,False,False
925,2021,43.0,wheat_spring,,no_data,False,False
925,2022,43.0,wheat_spring,,no_data,False,False
925,2023,43.0,wheat_spring,,no_data,False,False
925,2024,43.0,wheat_spring,2.0,productivity_normalized,True,True
925,2025,13.0,lentil,1.0235455,productivity_normalized,True,True
925,2026,20.0,oil_seed_raps_spring,,no_data,False,False
925,2027,3.0,barley_spring,,no_data,False,False
925,2028,,,,no_data,False,False
925,2029,,,,no_data,False,False
926,2000,,,,no_data,False,False
926,2001,,,,no_data,False,False
926,2002,,,,no_data,False,False
926,2003,,,,no_data,False,False
926,2004,,,,no_data,False,False
926,2005,,,,no_data,False,False
926,2006,,,,no_data,False,False
926,2007,,,,no_data,False,False
926,2008,,,,no_data,False,False
926,2009,,,,no_data,False,False
926,2010,,,,no_data,False,False
926,2011,,,,no_data,False,False
926,2012,,,,no_data,False,False
926,2013,,,,no_data,False,False
926,2014,,,,no_data,False,False
926,2015,,,,no_data,False,False
926,2016,,,,no_data,False,False
926,2017,,,,no_data,False,False
926,2018,,,,no_data,False,False
926,2019,,,,no_data,False,False
926,2020,,,,no_data,False,False
926,2021,43.0,wheat_spring,,no_data,False,False
926,2022,43.0,wheat_spring,,no_data,False,False
926,2023,43.0,wheat_spring,,no_data,False,False
926,2024,43.0,wheat_spring,1.7537500000000001,productivity_normalized,True,True
926,2025,13.0,lentil,,no_data,False,False
926,2026,43.0,wheat_spring,,no_data,False,False
926,2027,40.0,sunflower,,no_data,False,False
926,2028,,,,no_data,False,False
926,2029,,,,no_data,False,False
928,2000,,,,no_data,False,False
928,2001,,,,no_data,False,False
928,2002,,,,no_data,False,False
928,2003,,,,no_data,False,False
928,2004,,,,no_data,False,False
928,2005,,,,no_data,False,False
928,2006,,,,no_data,False,False
928,2007,,,,no_data,False,False
928,2008,,,,no_data,False,False
928,2009,,,,no_data,False,False
928,2010,,,,no_data,False,False
928,2011,,,,no_data,False,False
928,2012,,,,no_data,False,False
928,2013,,,,no_data,False,False
928,2014,,,,no_data,False,False
928,2015,,,,no_data,False,False
928,2016,,,,no_data,False,False
928,2017,,,,no_data,False,False
928,2018,,,,no_data,False,False
928,2019,,,,no_data,False,False
928,2020,,,,no_data,False,False
928,2021,43.0,wheat_spring,,no_data,False,False
928,2022,43.0,wheat_spring,,no_data,False,False
928,2023,43.0,wheat_spring,,no_data,False,False
928,2024,5.0,buckwheat,,no_data,False,False
928,2025,,,,no_data,False,False
928,2026,,,,no_data,False,False
928,2027,,,,no_data,False,False
928,2028,,,,no_data,False,False
928,2029,,,,no_data,False,False
929,2000,,,,no_data,False,False
929,2001,,,,no_data,False,False
929,2002,,,,no_data,False,False
929,2003,,,,no_data,False,False
929,2004,,,,no_data,False,False
929,2005,,,,no_data,False,False
929,2006,,,,no_data,False,False
929,2007,,,,no_data,False,False
929,2008,,,,no_data,False,False
929,2009,,,,no_data,False,False
929,2010,,,,no_data,False,False
929,2011,,,,no_data,False,False
929,2012,,,,no_data,False,False
929,2013,,,,no_data,False,False
929,2014,,,,no_data,False,False
929,2015,,,,no_data,False,False
929,2016,,,,no_data,False,False
929,2017,,,,no_data,False,False
929,2018,,,,no_data,False,False
929,2019,,,,no_data,False,False
929,2020,,,,no_data,False,False
929,2021,43.0,wheat_spring,,no_data,False,False
929,2022,43.0,wheat_spring,,no_data,False,False
929,2023,43.0,wheat_spring,,no_data,False,False
929,2024,43.0,wheat_spring,2.6776744,productivity_normalized,True,True
929,2025,13.0,lentil,,no_data,False,False
929,2026,43.0,wheat_spring,,no_data,False,False
929,2027,40.0,sunflower,,no_data,False,False
929,2028,,,,no_data,False,False
929,2029,,,,no_data,False,False
930,2000,,,,no_data,False,False
930,2001,,,,no_data,False,False
930,2002,,,,no_data,False,False
930,2003,,,,no_data,False,False
930,2004,,,,no_data,False,False
930,2005,,,,no_data,False,False
930,2006,,,,no_data,False,False
930,2007,,,,no_data,False,False
930,2008,,,,no_data,False,False
930,2009,,,,no_data,False,False
930,2010,,,,no_data,False,False
930,2011,,,,no_data,False,False
930,2012,,,,no_data,False,False
930,2013,,,,no_data,False,False
930,2014,,,,no_data,False,False
930,2015,,,,no_data,False,False
930,2016,,,,no_data,False,False
930,2017,,,,no_data,False,False
930,2018,9.0,fallow,,no_data,False,False
930,2019,43.0,wheat_spring,,no_data,False,False
930,2020,43.0,wheat_spring,,no_data,False,False
930,2021,43.0,wheat_spring,,no_data,False,False
930,2022,43.0,wheat_spring,,no_data,False,False
930,2023,43.0,wheat_spring,,no_data,False,False
930,2024,43.0,wheat_spring,2.8293749999999998,productivity_normalized,True,True
930,2025,13.0,lentil,,no_data,False,False
930,2026,43.0,wheat_spring,,no_data,False,False
930,2027,40.0,sunflower,,no_data,False,False
930,2028,,,,no_data,False,False
930,2029,,,,no_data,False,False
931,2000,,,,no_data,False,False
931,2001,,,,no_data,False,False
931,2002,,,,no_data,False,False
931,2003,,,,no_data,False,False
931,2004,,,,no_data,False,False
931,2005,,,,no_data,False,False
931,2006,,,,no_data,False,False
931,2007,,,,no_data,False,False
931,2008,,,,no_data,False,False
931,2009,,,,no_data,False,False
931,2010,,,,no_data,False,False
931,2011,,,,no_data,False,False
931,2012,,,,no_data,False,False
931,2013,,,,no_data,False,False
931,2014,,,,no_data,False,False
931,2015,,,,no_data,False,False
931,2016,,,,no_data,False,False
931,2017,,,,no_data,False,False
931,2018,9.0,fallow,,no_data,False,False
931,2019,43.0,wheat_spring,,no_data,False,False
931,2020,43.0,wheat_spring,,no_data,False,False
931,2021,43.0,wheat_spring,,no_data,False,False
931,2022,43.0,wheat_spring,,no_data,False,False
931,2023,43.0,wheat_spring,,no_data,False,False
931,2024,40.0,sunflower,1.9646667,productivity_normalized,True,True
931,2025,3.0,barley_spring,,no_data,False,False
931,2026,36.0,soya,,no_data,False,False
931,2027,43.0,wheat_spring,,no_data,False,False
931,2028,,,,no_data,False,False
931,2029,,,,no_data,False,False
932,2000,,,,no_data,False,False
932,2001,,,,no_data,False,False
932,2002,,,,no_data,False,False
932,2003,,,,no_data,False,False
932,2004,,,,no_data,False,False
932,2005,,,,no_data,False,False
932,2006,,,,no_data,False,False
932,2007,,,,no_data,False,False
932,2008,,,,no_data,False,False
932,2009,,,,no_data,False,False
932,2010,,,,no_data,False,False
932,2011,,,,no_data,False,False
932,2012,,,,no_data,False,False
932,2013,,,,no_data,False,False
932,2014,,,,no_data,False,False
932,2015,,,,no_data,False,False
932,2016,,,,no_data,False,False
932,2017,,,,no_data,False,False
932,2018,,,,no_data,False,False
932,2019,,,,no_data,False,False
932,2020,,,,no_data,False,False
932,2021,43.0,wheat_spring,,no_data,False,False
932,2022,13.0,lentil,,no_data,False,False
932,2023,43.0,wheat_spring,,no_data,False,False
932,2024,43.0,wheat_spring,2.475,productivity_normalized,True,True
932,2025,13.0,lentil,,no_data,False,False
932,2026,43.0,wheat_spring,,no_data,False,False
932,2027,40.0,sunflower,,no_data,False,False
932,2028,,,,no_data,False,False
932,2029,,,,no_data,False,False
933,2000,,,,no_data,False,False
933,2001,,,,no_data,False,False
933,2002,,,,no_data,False,False
933,2003,,,,no_data,False,False
933,2004,,,,no_data,False,False
933,2005,,,,no_data,False,False
933,2006,,,,no_data,False,False
933,2007,,,,no_data,False,False
933,2008,,,,no_data,False,False
933,2009,,,,no_data,False,False
933,2010,,,,no_data,False,False
933,2011,,,,no_data,False,False
933,2012,,,,no_data,False,False
933,2013,,,,no_data,False,False
933,2014,,,,no_data,False,False
933,2015,,,,no_data,False,False
933,2016,,,,no_data,False,False
933,2017,,,,no_data,False,False
933,2018,9.0,fallow,,no_data,False,False
933,2019,43.0,wheat_spring,,no_data,False,False
933,2020,43.0,wheat_spring,,no_data,False,False
933,2021,43.0,wheat_spring,,no_data,False,False
933,2022,43.0,wheat_spring,,no_data,False,False
933,2023,43.0,wheat_spring,,no_data,False,False
933,2024,43.0,wheat_spring,1.9992857000000002,productivity_normalized,True,True
933,2025,13.0,lentil,,no_data,False,False
933,2026,43.0,wheat_spring,,no_data,False,False
933,2027,40.0,sunflower,,no_data,False,False
933,2028,,,,no_data,False,False
933,2029,,,,no_data,False,False
934,2000,,,,no_data,False,False
934,2001,,,,no_data,False,False
934,2002,,,,no_data,False,False
934,2003,,,,no_data,False,False
934,2004,,,,no_data,False,False
934,2005,,,,no_data,False,False
934,2006,,,,no_data,False,False
934,2007,,,,no_data,False,False
934,2008,,,,no_data,False,False
934,2009,,,,no_data,False,False
934,2010,,,,no_data,False,False
934,2011,,,,no_data,False,False
934,2012,,,,no_data,False,False
934,2013,,,,no_data,False,False
934,2014,,,,no_data,False,False
934,2015,,,,no_data,False,False
934,2016,,,,no_data,False,False
934,2017,,,,no_data,False,False
934,2018,9.0,fallow,,no_data,False,False
934,2019,43.0,wheat_spring,,no_data,False,False
934,2020,43.0,wheat_spring,,no_data,False,False
934,2021,43.0,wheat_spring,,no_data,False,False
934,2022,43.0,wheat_spring,,no_data,False,False
934,2023,43.0,wheat_spring,,no_data,False,False
934,2024,43.0,wheat_spring,2.2073973,productivity_normalized,True,True
934,2025,13.0,lentil,,no_data,False,False
934,2026,43.0,wheat_spring,,no_data,False,False
934,2027,40.0,sunflower,,no_data,False,False
934,2028,,,,no_data,False,False
934,2029,,,,no_data,False,False
935,2000,,,,no_data,False,False
935,2001,,,,no_data,False,False
935,2002,,,,no_data,False,False
935,2003,,,,no_data,False,False
935,2004,,,,no_data,False,False
935,2005,,,,no_data,False,False
935,2006,,,,no_data,False,False
935,2007,,,,no_data,False,False
935,2008,,,,no_data,False,False
935,2009,,,,no_data,False,False
935,2010,,,,no_data,False,False
935,2011,,,,no_data,False,False
935,2012,,,,no_data,False,False
935,2013,,,,no_data,False,False
935,2014,,,,no_data,False,False
935,2015,,,,no_data,False,False
935,2016,,,,no_data,False,False
935,2017,,,,no_data,False,False
935,2018,,,,no_data,False,False
935,2019,,,,no_data,False,False
935,2020,,,,no_data,False,False
935,2021,43.0,wheat_spring,,no_data,False,False
935,2022,43.0,wheat_spring,,no_data,False,False
935,2023,43.0,wheat_spring,,no_data,False,False
935,2024,43.0,wheat_spring,,no_data,False,False
935,2025,,,,no_data,False,False
935,2026,,,,no_data,False,False
935,2027,,,,no_data,False,False
935,2028,,,,no_data,False,False
935,2029,,,,no_data,False,False
936,2000,,,,no_data,False,False
936,2001,,,,no_data,False,False
936,2002,,,,no_data,False,False
936,2003,,,,no_data,False,False
936,2004,,,,no_data,False,False
936,2005,,,,no_data,False,False
936,2006,,,,no_data,False,False
936,2007,,,,no_data,False,False
936,2008,,,,no_data,False,False
936,2009,,,,no_data,False,False
936,2010,,,,no_data,False,False
936,2011,,,,no_data,False,False
936,2012,,,,no_data,False,False
936,2013,,,,no_data,False,False
936,2014,,,,no_data,False,False
936,2015,,,,no_data,False,False
936,2016,,,,no_data,False,False
936,2017,,,,no_data,False,False
936,2018,9.0,fallow,,no_data,False,False
936,2019,43.0,wheat_spring,,no_data,False,False
936,2020,43.0,wheat_spring,,no_data,False,False
936,2021,43.0,wheat_spring,,no_data,False,False
936,2022,43.0,wheat_spring,,no_data,False,False
936,2023,43.0,wheat_spring,,no_data,False,False
936,2024,40.0,sunflower,0.7842553,productivity_normalized,True,True
936,2025,3.0,barley_spring,,no_data,False,False
936,2026,36.0,soya,,no_data,False,False
936,2027,43.0,wheat_spring,,no_data,False,False
936,2028,,,,no_data,False,False
936,2029,,,,no_data,False,False
937,2000,,,,no_data,False,False
937,2001,,,,no_data,False,False
937,2002,,,,no_data,False,False
937,2003,,,,no_data,False,False
937,2004,,,,no_data,False,False
937,2005,,,,no_data,False,False
937,2006,,,,no_data,False,False
937,2007,,,,no_data,False,False
937,2008,,,,no_data,False,False
937,2009,,,,no_data,False,False
937,2010,,,,no_data,False,False
937,2011,,,,no_data,False,False
937,2012,,,,no_data,False,False
937,2013,,,,no_data,False,False
937,2014,,,,no_data,False,False
937,2015,,,,no_data,False,False
937,2016,,,,no_data,False,False
937,2017,,,,no_data,False,False
937,2018,9.0,fallow,,no_data,False,False
937,2019,43.0,wheat_spring,,no_data,False,False
937,2020,43.0,wheat_spring,,no_data,False,False
937,2021,43.0,wheat_spring,,no_data,False,False
937,2022,43.0,wheat_spring,,no_data,False,False
937,2023,43.0,wheat_spring,,no_data,False,False
937,2024,5.0,buckwheat,0.663913,productivity_normalized,True,True
937,2025,13.0,lentil,,no_data,False,False
937,2026,43.0,wheat_spring,,no_data,False,False
937,2027,40.0,sunflower,,no_data,False,False
937,2028,,,,no_data,False,False
937,2029,,,,no_data,False,False
938,2000,,,,no_data,False,False
938,2001,,,,no_data,False,False
938,2002,,,,no_data,False,False
938,2003,,,,no_data,False,False
938,2004,,,,no_data,False,False
938,2005,,,,no_data,False,False
938,2006,,,,no_data,False,False
938,2007,,,,no_data,False,False
938,2008,,,,no_data,False,False
938,2009,,,,no_data,False,False
938,2010,,,,no_data,False,False
938,2011,,,,no_data,False,False
938,2012,,,,no_data,False,False
938,2013,,,,no_data,False,False
938,2014,,,,no_data,False,False
938,2015,,,,no_data,False,False
938,2016,,,,no_data,False,False
938,2017,,,,no_data,False,False
938,2018,9.0,fallow,,no_data,False,False
938,2019,43.0,wheat_spring,,no_data,False,False
938,2020,43.0,wheat_spring,,no_data,False,False
938,2021,43.0,wheat_spring,,no_data,False,False
938,2022,43.0,wheat_spring,,no_data,False,False
938,2023,43.0,wheat_spring,,no_data,False,False
938,2024,43.0,wheat_spring,1.4650909,productivity_normalized,True,True
938,2025,13.0,lentil,,no_data,False,False
938,2026,43.0,wheat_spring,,no_data,False,False
938,2027,40.0,sunflower,,no_data,False,False
938,2028,,,,no_data,False,False
938,2029,,,,no_data,False,False
939,2000,,,,no_data,False,False
939,2001,,,,no_data,False,False
939,2002,,,,no_data,False,False
939,2003,,,,no_data,False,False
939,2004,,,,no_data,False,False
939,2005,,,,no_data,False,False
939,2006,,,,no_data,False,False
939,2007,,,,no_data,False,False
939,2008,,,,no_data,False,False
939,2009,,,,no_data,False,False
939,2010,,,,no_data,False,False
939,2011,,,,no_data,False,False
939,2012,,,,no_data,False,False
939,2013,,,,no_data,False,False
939,2014,,,,no_data,False,False
939,2015,,,,no_data,False,False
939,2016,,,,no_data,False,False
939,2017,,,,no_data,False,False
939,2018,,,,no_data,False,False
939,2019,,,,no_data,False,False
939,2020,,,,no_data,False,False
939,2021,43.0,wheat_spring,,no_data,False,False
939,2022,43.0,wheat_spring,,no_data,False,False
939,2023,43.0,wheat_spring,,no_data,False,False
939,2024,43.0,wheat_spring,1.9653846000000001,productivity_normalized,True,True
939,2025,13.0,lentil,,no_data,False,False
939,2026,43.0,wheat_spring,,no_data,False,False
939,2027,40.0,sunflower,,no_data,False,False
939,2028,,,,no_data,False,False
939,2029,,,,no_data,False,False
940,2000,,,,no_data,False,False
940,2001,,,,no_data,False,False
940,2002,,,,no_data,False,False
940,2003,,,,no_data,False,False
940,2004,,,,no_data,False,False
940,2005,,,,no_data,False,False
940,2006,,,,no_data,False,False
940,2007,,,,no_data,False,False
940,2008,,,,no_data,False,False
940,2009,,,,no_data,False,False
940,2010,,,,no_data,False,False
940,2011,,,,no_data,False,False
940,2012,,,,no_data,False,False
940,2013,,,,no_data,False,False
940,2014,,,,no_data,False,False
940,2015,,,,no_data,False,False
940,2016,,,,no_data,False,False
940,2017,,,,no_data,False,False
940,2018,,,,no_data,False,False
940,2019,,,,no_data,False,False
940,2020,,,,no_data,False,False
940,2021,43.0,wheat_spring,,no_data,False,False
940,2022,13.0,lentil,,no_data,False,False
940,2023,43.0,wheat_spring,,no_data,False,False
940,2024,43.0,wheat_spring,,no_data,False,False
940,2025,,,,no_data,False,False
940,2026,,,,no_data,False,False
940,2027,,,,no_data,False,False
940,2028,,,,no_data,False,False
940,2029,,,,no_data,False,False
941,2000,,,,no_data,False,False
941,2001,,,,no_data,False,False
941,2002,,,,no_data,False,False
941,2003,,,,no_data,False,False
941,2004,,,,no_data,False,False
941,2005,,,,no_data,False,False
941,2006,,,,no_data,False,False
941,2007,,,,no_data,False,False
941,2008,,,,no_data,False,False
941,2009,,,,no_data,False,False
941,2010,,,,no_data,False,False
941,2011,,,,no_data,False,False
941,2012,,,,no_data,False,False
941,2013,,,,no_data,False,False
941,2014,,,,no_data,False,False
941,2015,,,,no_data,False,False
941,2016,,,,no_data,False,False
941,2017,,,,no_data,False,False
941,2018,9.0,fallow,,no_data,False,False
941,2019,20.0,oil_seed_raps_spring,,no_data,False,False
941,2020,43.0,wheat_spring,,no_data,False,False
941,2021,43.0,wheat_spring,,no_data,False,False
941,2022,43.0,wheat_spring,,no_data,False,False
941,2023,43.0,wheat_spring,,no_data,False,False
941,2024,40.0,sunflower,1.6503937,productivity_normalized,True,True
941,2025,3.0,barley_spring,,no_data,False,False
941,2026,36.0,soya,,no_data,False,False
941,2027,43.0,wheat_spring,,no_data,False,False
941,2028,,,,no_data,False,False
941,2029,,,,no_data,False,False
942,2000,,,,no_data,False,False
942,2001,,,,no_data,False,False
942,2002,,,,no_data,False,False
942,2003,,,,no_data,False,False
942,2004,,,,no_data,False,False
942,2005,,,,no_data,False,False
942,2006,,,,no_data,False,False
942,2007,,,,no_data,False,False
942,2008,,,,no_data,False,False
942,2009,,,,no_data,False,False
942,2010,,,,no_data,False,False
942,2011,,,,no_data,False,False
942,2012,,,,no_data,False,False
942,2013,,,,no_data,False,False
942,2014,,,,no_data,False,False
942,2015,,,,no_data,False,False
942,2016,,,,no_data,False,False
942,2017,,,,no_data,False,False
942,2018,9.0,fallow,,no_data,False,False
942,2019,43.0,wheat_spring,,no_data,False,False
942,2020,43.0,wheat_spring,,no_data,False,False
942,2021,43.0,wheat_spring,,no_data,False,False
942,2022,3.0,barley_spring,,no_data,False,False
942,2023,43.0,wheat_spring,,no_data,False,False
942,2024,40.0,sunflower,2.0663248,productivity_normalized,True,True
942,2025,43.0,wheat_spring,3.8574756999999997,productivity_normalized,True,True
942,2026,13.0,lentil,,no_data,False,False
942,2027,20.0,oil_seed_raps_spring,,no_data,False,False
942,2028,,,,no_data,False,False
942,2029,,,,no_data,False,False
943,2000,,,,no_data,False,False
943,2001,,,,no_data,False,False
943,2002,,,,no_data,False,False
943,2003,,,,no_data,False,False
943,2004,,,,no_data,False,False
943,2005,,,,no_data,False,False
943,2006,,,,no_data,False,False
943,2007,,,,no_data,False,False
943,2008,,,,no_data,False,False
943,2009,,,,no_data,False,False
943,2010,,,,no_data,False,False
943,2011,,,,no_data,False,False
943,2012,,,,no_data,False,False
943,2013,,,,no_data,False,False
943,2014,,,,no_data,False,False
943,2015,,,,no_data,False,False
943,2016,,,,no_data,False,False
943,2017,,,,no_data,False,False
943,2018,9.0,fallow,,no_data,False,False
943,2019,43.0,wheat_spring,,no_data,False,False
943,2020,43.0,wheat_spring,,no_data,False,False
943,2021,43.0,wheat_spring,,no_data,False,False
943,2022,43.0,wheat_spring,,no_data,False,False
943,2023,43.0,wheat_spring,,no_data,False,False
943,2024,40.0,sunflower,1.629505,productivity_normalized,True,True
943,2025,43.0,wheat_spring,2.4547458,productivity_normalized,True,True
943,2026,13.0,lentil,,no_data,False,False
943,2027,20.0,oil_seed_raps_spring,,no_data,False,False
943,2028,,,,no_data,False,False
943,2029,,,,no_data,False,False
944,2000,,,,no_data,False,False
944,2001,,,,no_data,False,False
944,2002,,,,no_data,False,False
944,2003,,,,no_data,False,False
944,2004,,,,no_data,False,False
944,2005,,,,no_data,False,False
944,2006,,,,no_data,False,False
944,2007,,,,no_data,False,False
944,2008,,,,no_data,False,False
944,2009,,,,no_data,False,False
944,2010,,,,no_data,False,False
944,2011,,,,no_data,False,False
944,2012,,,,no_data,False,False
944,2013,,,,no_data,False,False
944,2014,,,,no_data,False,False
944,2015,,,,no_data,False,False
944,2016,,,,no_data,False,False
944,2017,,,,no_data,False,False
944,2018,9.0,fallow,,no_data,False,False
944,2019,43.0,wheat_spring,,no_data,False,False
944,2020,43.0,wheat_spring,,no_data,False,False
944,2021,43.0,wheat_spring,,no_data,False,False
944,2022,43.0,wheat_spring,,no_data,False,False
944,2023,43.0,wheat_spring,,no_data,False,False
944,2024,24.0,pea,2.8648,productivity_normalized,True,True
944,2025,43.0,wheat_spring,,no_data,False,False
944,2026,43.0,wheat_spring,,no_data,False,False
944,2027,20.0,oil_seed_raps_spring,,no_data,False,False
944,2028,,,,no_data,False,False
944,2029,,,,no_data,False,False
945,2000,,,,no_data,False,False
945,2001,,,,no_data,False,False
945,2002,,,,no_data,False,False
945,2003,,,,no_data,False,False
945,2004,,,,no_data,False,False
945,2005,,,,no_data,False,False
945,2006,,,,no_data,False,False
945,2007,,,,no_data,False,False
945,2008,,,,no_data,False,False
945,2009,,,,no_data,False,False
945,2010,,,,no_data,False,False
945,2011,,,,no_data,False,False
945,2012,,,,no_data,False,False
945,2013,,,,no_data,False,False
945,2014,,,,no_data,False,False
945,2015,,,,no_data,False,False
945,2016,,,,no_data,False,False
945,2017,,,,no_data,False,False
945,2018,,,,no_data,False,False
945,2019,,,,no_data,False,False
945,2020,,,,no_data,False,False
945,2021,43.0,wheat_spring,,no_data,False,False
945,2022,3.0,barley_spring,,no_data,False,False
945,2023,43.0,wheat_spring,,no_data,False,False
945,2024,3.0,barley_spring,,no_data,False,False
945,2025,,,,no_data,False,False
945,2026,,,,no_data,False,False
945,2027,,,,no_data,False,False
945,2028,,,,no_data,False,False
945,2029,,,,no_data,False,False
946,2000,,,,no_data,False,False
946,2001,,,,no_data,False,False
946,2002,,,,no_data,False,False
946,2003,,,,no_data,False,False
946,2004,,,,no_data,False,False
946,2005,,,,no_data,False,False
946,2006,,,,no_data,False,False
946,2007,,,,no_data,False,False
946,2008,,,,no_data,False,False
946,2009,,,,no_data,False,False
946,2010,,,,no_data,False,False
946,2011,,,,no_data,False,False
946,2012,,,,no_data,False,False
946,2013,,,,no_data,False,False
946,2014,,,,no_data,False,False
946,2015,,,,no_data,False,False
946,2016,,,,no_data,False,False
946,2017,,,,no_data,False,False
946,2018,9.0,fallow,,no_data,False,False
946,2019,43.0,wheat_spring,,no_data,False,False
946,2020,43.0,wheat_spring,,no_data,False,False
946,2021,43.0,wheat_spring,,no_data,False,False
946,2022,43.0,wheat_spring,,no_data,False,False
946,2023,43.0,wheat_spring,,no_data,False,False
946,2024,3.0,barley_spring,3.405679,productivity_normalized,True,True
946,2025,13.0,lentil,0.9829279,productivity_normalized,True,True
946,2026,20.0,oil_seed_raps_spring,,no_data,False,False
946,2027,3.0,barley_spring,,no_data,False,False
946,2028,,,,no_data,False,False
946,2029,,,,no_data,False,False
947,2000,,,,no_data,False,False
947,2001,,,,no_data,False,False
947,2002,,,,no_data,False,False
947,2003,,,,no_data,False,False
947,2004,,,,no_data,False,False
947,2005,,,,no_data,False,False
947,2006,,,,no_data,False,False
947,2007,,,,no_data,False,False
947,2008,,,,no_data,False,False
947,2009,,,,no_data,False,False
947,2010,,,,no_data,False,False
947,2011,,,,no_data,False,False
947,2012,,,,no_data,False,False
947,2013,,,,no_data,False,False
947,2014,,,,no_data,False,False
947,2015,,,,no_data,False,False
947,2016,,,,no_data,False,False
947,2017,,,,no_data,False,False
947,2018,9.0,fallow,,no_data,False,False
947,2019,43.0,wheat_spring,,no_data,False,False
947,2020,43.0,wheat_spring,,no_data,False,False
947,2021,43.0,wheat_spring,,no_data,False,False
947,2022,43.0,wheat_spring,,no_data,False,False
947,2023,43.0,wheat_spring,,no_data,False,False
947,2024,5.0,buckwheat,1.3284211000000001,productivity_normalized,True,True
947,2025,3.0,barley_spring,,no_data,False,False
947,2026,36.0,soya,,no_data,False,False
947,2027,43.0,wheat_spring,,no_data,False,False
947,2028,,,,no_data,False,False
947,2029,,,,no_data,False,False
949,2000,,,,no_data,False,False
949,2001,,,,no_data,False,False
949,2002,,,,no_data,False,False
949,2003,,,,no_data,False,False
949,2004,,,,no_data,False,False
949,2005,,,,no_data,False,False
949,2006,,,,no_data,False,False
949,2007,,,,no_data,False,False
949,2008,,,,no_data,False,False
949,2009,,,,no_data,False,False
949,2010,,,,no_data,False,False
949,2011,,,,no_data,False,False
949,2012,,,,no_data,False,False
949,2013,,,,no_data,False,False
949,2014,,,,no_data,False,False
949,2015,,,,no_data,False,False
949,2016,,,,no_data,False,False
949,2017,,,,no_data,False,False
949,2018,,,,no_data,False,False
949,2019,,,,no_data,False,False
949,2020,,,,no_data,False,False
949,2021,43.0,wheat_spring,,no_data,False,False
949,2022,43.0,wheat_spring,,no_data,False,False
949,2023,20.0,oil_seed_raps_spring,,no_data,False,False
949,2024,43.0,wheat_spring,3.2488421,productivity_normalized,True,True
949,2025,13.0,lentil,1.6018499,productivity_normalized,True,True
949,2026,20.0,oil_seed_raps_spring,,no_data,False,False
949,2027,3.0,barley_spring,,no_data,False,False
949,2028,,,,no_data,False,False
949,2029,,,,no_data,False,False
951,2000,,,,no_data,False,False
951,2001,,,,no_data,False,False
951,2002,,,,no_data,False,False
951,2003,,,,no_data,False,False
951,2004,,,,no_data,False,False
951,2005,,,,no_data,False,False
951,2006,,,,no_data,False,False
951,2007,,,,no_data,False,False
951,2008,,,,no_data,False,False
951,2009,,,,no_data,False,False
951,2010,,,,no_data,False,False
951,2011,,,,no_data,False,False
951,2012,,,,no_data,False,False
951,2013,,,,no_data,False,False
951,2014,,,,no_data,False,False
951,2015,,,,no_data,False,False
951,2016,,,,no_data,False,False
951,2017,,,,no_data,False,False
951,2018,9.0,fallow,,no_data,False,False
951,2019,43.0,wheat_spring,,no_data,False,False
951,2020,43.0,wheat_spring,,no_data,False,False
951,2021,,,,no_data,False,False
951,2022,,,,no_data,False,False
951,2023,43.0,wheat_spring,,no_data,False,False
951,2024,40.0,sunflower,4.6411999999999995,productivity_normalized,True,True
951,2025,3.0,barley_spring,,no_data,False,False
951,2026,36.0,soya,,no_data,False,False
951,2027,43.0,wheat_spring,,no_data,False,False
951,2028,,,,no_data,False,False
951,2029,,,,no_data,False,False
952,2000,,,,no_data,False,False
952,2001,,,,no_data,False,False
952,2002,,,,no_data,False,False
952,2003,,,,no_data,False,False
952,2004,,,,no_data,False,False
952,2005,,,,no_data,False,False
952,2006,,,,no_data,False,False
952,2007,,,,no_data,False,False
952,2008,,,,no_data,False,False
952,2009,,,,no_data,False,False
952,2010,,,,no_data,False,False
952,2011,,,,no_data,False,False
952,2012,,,,no_data,False,False
952,2013,,,,no_data,False,False
952,2014,,,,no_data,False,False
952,2015,,,,no_data,False,False
952,2016,,,,no_data,False,False
952,2017,,,,no_data,False,False
952,2018,,,,no_data,False,False
952,2019,,,,no_data,False,False
952,2020,,,,no_data,False,False
952,2021,,,,no_data,False,False
952,2022,,,,no_data,False,False
952,2023,45.0,nan,,no_data,False,False
952,2024,45.0,nan,,no_data,False,False
952,2025,,,,no_data,False,False
952,2026,,,,no_data,False,False
952,2027,,,,no_data,False,False
952,2028,,,,no_data,False,False
952,2029,,,,no_data,False,False
953,2000,,,,no_data,False,False
953,2001,,,,no_data,False,False
953,2002,,,,no_data,False,False
953,2003,,,,no_data,False,False
953,2004,,,,no_data,False,False
953,2005,,,,no_data,False,False
953,2006,,,,no_data,False,False
953,2007,,,,no_data,False,False
953,2008,,,,no_data,False,False
953,2009,,,,no_data,False,False
953,2010,,,,no_data,False,False
953,2011,,,,no_data,False,False
953,2012,,,,no_data,False,False
953,2013,,,,no_data,False,False
953,2014,,,,no_data,False,False
953,2015,,,,no_data,False,False
953,2016,,,,no_data,False,False
953,2017,,,,no_data,False,False
953,2018,,,,no_data,False,False
953,2019,,,,no_data,False,False
953,2020,,,,no_data,False,False
953,2021,,,,no_data,False,False
953,2022,,,,no_data,False,False
953,2023,45.0,nan,,no_data,False,False
953,2024,45.0,nan,,no_data,False,False
953,2025,,,,no_data,False,False
953,2026,,,,no_data,False,False
953,2027,,,,no_data,False,False
953,2028,,,,no_data,False,False
953,2029,,,,no_data,False,False
954,2000,,,,no_data,False,False
954,2001,,,,no_data,False,False
954,2002,,,,no_data,False,False
954,2003,,,,no_data,False,False
954,2004,,,,no_data,False,False
954,2005,,,,no_data,False,False
954,2006,,,,no_data,False,False
954,2007,,,,no_data,False,False
954,2008,,,,no_data,False,False
954,2009,,,,no_data,False,False
954,2010,,,,no_data,False,False
954,2011,,,,no_data,False,False
954,2012,,,,no_data,False,False
954,2013,,,,no_data,False,False
954,2014,,,,no_data,False,False
954,2015,,,,no_data,False,False
954,2016,,,,no_data,False,False
954,2017,,,,no_data,False,False
954,2018,,,,no_data,False,False
954,2019,,,,no_data,False,False
954,2020,,,,no_data,False,False
954,2021,,,,no_data,False,False
954,2022,,,,no_data,False,False
954,2023,45.0,nan,,no_data,False,False
954,2024,45.0,nan,1.0767442,productivity_normalized,True,True
954,2025,,,,no_data,False,False
954,2026,,,,no_data,False,False
954,2027,,,,no_data,False,False
954,2028,,,,no_data,False,False
954,2029,,,,no_data,False,False
955,2000,,,,no_data,False,False
955,2001,,,,no_data,False,False
955,2002,,,,no_data,False,False
955,2003,,,,no_data,False,False
955,2004,,,,no_data,False,False
955,2005,,,,no_data,False,False
955,2006,,,,no_data,False,False
955,2007,,,,no_data,False,False
955,2008,,,,no_data,False,False
955,2009,,,,no_data,False,False
955,2010,,,,no_data,False,False
955,2011,,,,no_data,False,False
955,2012,,,,no_data,False,False
955,2013,,,,no_data,False,False
955,2014,,,,no_data,False,False
955,2015,,,,no_data,False,False
955,2016,,,,no_data,False,False
955,2017,,,,no_data,False,False
955,2018,,,,no_data,False,False
955,2019,,,,no_data,False,False
955,2020,,,,no_data,False,False
955,2021,,,,no_data,False,False
955,2022,,,,no_data,False,False
955,2023,45.0,nan,,no_data,False,False
955,2024,45.0,nan,,no_data,False,False
955,2025,,,,no_data,False,False
955,2026,,,,no_data,False,False
955,2027,,,,no_data,False,False
955,2028,,,,no_data,False,False
955,2029,,,,no_data,False,False
956,2000,,,,no_data,False,False
956,2001,,,,no_data,False,False
956,2002,,,,no_data,False,False
956,2003,,,,no_data,False,False
956,2004,,,,no_data,False,False
956,2005,,,,no_data,False,False
956,2006,,,,no_data,False,False
956,2007,,,,no_data,False,False
956,2008,,,,no_data,False,False
956,2009,,,,no_data,False,False
956,2010,,,,no_data,False,False
956,2011,,,,no_data,False,False
956,2012,,,,no_data,False,False
956,2013,,,,no_data,False,False
956,2014,,,,no_data,False,False
956,2015,,,,no_data,False,False
956,2016,,,,no_data,False,False
956,2017,,,,no_data,False,False
956,2018,,,,no_data,False,False
956,2019,,,,no_data,False,False
956,2020,,,,no_data,False,False
956,2021,,,,no_data,False,False
956,2022,,,,no_data,False,False
956,2023,3.0,barley_spring,,no_data,False,False
956,2024,3.0,barley_spring,3.2732384000000003,productivity_normalized,True,True
956,2025,43.0,wheat_spring,4.2966038,productivity_normalized,True,True
956,2026,40.0,sunflower,,no_data,False,False
956,2027,3.0,barley_spring,,no_data,False,False
956,2028,24.0,pea,,no_data,False,False
956,2029,,,,no_data,False,False
956,2030,,,,no_data,False,False
957,2000,,,,no_data,False,False
957,2001,,,,no_data,False,False
957,2002,,,,no_data,False,False
957,2003,,,,no_data,False,False
957,2004,,,,no_data,False,False
957,2005,,,,no_data,False,False
957,2006,,,,no_data,False,False
957,2007,,,,no_data,False,False
957,2008,,,,no_data,False,False
957,2009,,,,no_data,False,False
957,2010,,,,no_data,False,False
957,2011,,,,no_data,False,False
957,2012,,,,no_data,False,False
957,2013,,,,no_data,False,False
957,2014,,,,no_data,False,False
957,2015,,,,no_data,False,False
957,2016,,,,no_data,False,False
957,2017,,,,no_data,False,False
957,2018,,,,no_data,False,False
957,2019,,,,no_data,False,False
957,2020,,,,no_data,False,False
957,2021,,,,no_data,False,False
957,2022,,,,no_data,False,False
957,2023,,,,no_data,False,False
957,2024,43.0,wheat_spring,4.7864705999999995,productivity_normalized,True,True
957,2025,24.0,pea,3.8161765,productivity_normalized,True,True
957,2026,44.0,wheat_winter,,no_data,False,False
957,2027,3.0,barley_spring,,no_data,False,False
957,2028,,,,no_data,False,False
957,2029,,,,no_data,False,False
958,2000,,,,no_data,False,False
958,2001,,,,no_data,False,False
958,2002,,,,no_data,False,False
958,2003,,,,no_data,False,False
958,2004,,,,no_data,False,False
958,2005,,,,no_data,False,False
958,2006,,,,no_data,False,False
958,2007,,,,no_data,False,False
958,2008,,,,no_data,False,False
958,2009,,,,no_data,False,False
958,2010,,,,no_data,False,False
958,2011,,,,no_data,False,False
958,2012,,,,no_data,False,False
958,2013,,,,no_data,False,False
958,2014,,,,no_data,False,False
958,2015,,,,no_data,False,False
958,2016,,,,no_data,False,False
958,2017,,,,no_data,False,False
958,2018,,,,no_data,False,False
958,2019,,,,no_data,False,False
958,2020,,,,no_data,False,False
958,2021,,,,no_data,False,False
958,2022,,,,no_data,False,False
958,2023,45.0,nan,,no_data,False,False
958,2024,45.0,nan,,no_data,False,False
958,2025,45.0,nan,,no_data,False,False
958,2026,,,,no_data,False,False
958,2027,,,,no_data,False,False
958,2028,,,,no_data,False,False
958,2029,,,,no_data,False,False
959,2000,,,,no_data,False,False
959,2001,,,,no_data,False,False
959,2002,,,,no_data,False,False
959,2003,,,,no_data,False,False
959,2004,,,,no_data,False,False
959,2005,,,,no_data,False,False
959,2006,,,,no_data,False,False
959,2007,,,,no_data,False,False
959,2008,,,,no_data,False,False
959,2009,,,,no_data,False,False
959,2010,,,,no_data,False,False
959,2011,,,,no_data,False,False
959,2012,,,,no_data,False,False
959,2013,,,,no_data,False,False
959,2014,,,,no_data,False,False
959,2015,,,,no_data,False,False
959,2016,,,,no_data,False,False
959,2017,,,,no_data,False,False
959,2018,,,,no_data,False,False
959,2019,,,,no_data,False,False
959,2020,,,,no_data,False,False
959,2021,,,,no_data,False,False
959,2022,,,,no_data,False,False
959,2023,,,,no_data,False,False
959,2024,45.0,nan,,no_data,False,False
959,2025,45.0,nan,,no_data,False,False
959,2026,,,,no_data,False,False
959,2027,,,,no_data,False,False
959,2028,,,,no_data,False,False
959,2029,,,,no_data,False,False
960,2000,,,,no_data,False,False
960,2001,,,,no_data,False,False
960,2002,,,,no_data,False,False
960,2003,,,,no_data,False,False
960,2004,,,,no_data,False,False
960,2005,,,,no_data,False,False
960,2006,,,,no_data,False,False
960,2007,,,,no_data,False,False
960,2008,,,,no_data,False,False
960,2009,,,,no_data,False,False
960,2010,,,,no_data,False,False
960,2011,,,,no_data,False,False
960,2012,,,,no_data,False,False
960,2013,,,,no_data,False,False
960,2014,,,,no_data,False,False
960,2015,,,,no_data,False,False
960,2016,,,,no_data,False,False
960,2017,,,,no_data,False,False
960,2018,,,,no_data,False,False
960,2019,,,,no_data,False,False
960,2020,,,,no_data,False,False
960,2021,,,,no_data,False,False
960,2022,,,,no_data,False,False
960,2023,,,,no_data,False,False
960,2024,45.0,nan,,no_data,False,False
960,2025,45.0,nan,,no_data,False,False
960,2026,,,,no_data,False,False
960,2027,,,,no_data,False,False
960,2028,,,,no_data,False,False
960,2029,,,,no_data,False,False
962,2002,,,,no_data,False,False
962,2003,,,,no_data,False,False
962,2004,,,,no_data,False,False
962,2005,,,,no_data,False,False
962,2006,,,,no_data,False,False
962,2007,,,,no_data,False,False
962,2008,,,,no_data,False,False
962,2009,,,,no_data,False,False
962,2010,,,,no_data,False,False
962,2011,,,,no_data,False,False
962,2012,,,,no_data,False,False
962,2013,,,,no_data,False,False
962,2014,,,,no_data,False,False
962,2015,,,,no_data,False,False
962,2016,,,,no_data,False,False
962,2017,,,,no_data,False,False
962,2018,,,,no_data,False,False
962,2019,,,,no_data,False,False
962,2020,,,,no_data,False,False
962,2021,,,,no_data,False,False
962,2022,,,,no_data,False,False
962,2023,,,,no_data,False,False
962,2024,45.0,nan,,no_data,False,False
962,2025,45.0,nan,,no_data,False,False
962,2026,9.0,fallow,,no_data,False,False
962,2027,,,,no_data,False,False
962,2028,,,,no_data,False,False
962,2029,,,,no_data,False,False
963,2002,,,,no_data,False,False
963,2003,,,,no_data,False,False
963,2004,,,,no_data,False,False
963,2005,,,,no_data,False,False
963,2006,,,,no_data,False,False
963,2007,,,,no_data,False,False
963,2008,,,,no_data,False,False
963,2009,,,,no_data,False,False
963,2010,,,,no_data,False,False
963,2011,,,,no_data,False,False
963,2012,,,,no_data,False,False
963,2013,,,,no_data,False,False
963,2014,,,,no_data,False,False
963,2015,,,,no_data,False,False
963,2016,,,,no_data,False,False
963,2017,,,,no_data,False,False
963,2018,,,,no_data,False,False
963,2019,,,,no_data,False,False
963,2020,,,,no_data,False,False
963,2021,,,,no_data,False,False
963,2022,,,,no_data,False,False
963,2023,,,,no_data,False,False
963,2024,3.0,barley_spring,3.2081817999999998,productivity_normalized,True,True
963,2025,43.0,wheat_spring,4.9848889,productivity_normalized,True,True
963,2026,40.0,sunflower,,no_data,False,False
963,2027,3.0,barley_spring,,no_data,False,False
963,2028,24.0,pea,,no_data,False,False
963,2029,,,,no_data,False,False
963,2030,,,,no_data,False,False
964,2002,,,,no_data,False,False
964,2003,,,,no_data,False,False
964,2004,,,,no_data,False,False
964,2005,,,,no_data,False,False
964,2006,,,,no_data,False,False
964,2007,,,,no_data,False,False
964,2008,,,,no_data,False,False
964,2009,,,,no_data,False,False
964,2010,,,,no_data,False,False
964,2011,,,,no_data,False,False
964,2012,,,,no_data,False,False
964,2013,,,,no_data,False,False
964,2014,,,,no_data,False,False
964,2015,,,,no_data,False,False
964,2016,,,,no_data,False,False
964,2017,,,,no_data,False,False
964,2018,,,,no_data,False,False
964,2019,,,,no_data,False,False
964,2020,,,,no_data,False,False
964,2021,,,,no_data,False,False
964,2022,,,,no_data,False,False
964,2023,,,,no_data,False,False
964,2024,43.0,wheat_spring,2.1013333,productivity_normalized,True,True
964,2025,40.0,sunflower,,no_data,False,False
964,2026,43.0,wheat_spring,,no_data,False,False
964,2027,36.0,soya,,no_data,False,False
964,2028,,,,no_data,False,False
964,2029,,,,no_data,False,False
964,2030,,,,no_data,False,False
965,2000,,,,no_data,False,False
965,2001,,,,no_data,False,False
965,2002,,,,no_data,False,False
965,2003,,,,no_data,False,False
965,2004,,,,no_data,False,False
965,2005,,,,no_data,False,False
965,2006,,,,no_data,False,False
965,2007,,,,no_data,False,False
965,2008,,,,no_data,False,False
965,2009,,,,no_data,False,False
965,2010,,,,no_data,False,False
965,2011,,,,no_data,False,False
965,2012,,,,no_data,False,False
965,2013,,,,no_data,False,False
965,2014,,,,no_data,False,False
965,2015,,,,no_data,False,False
965,2016,,,,no_data,False,False
965,2017,,,,no_data,False,False
965,2018,,,,no_data,False,False
965,2019,,,,no_data,False,False
965,2020,,,,no_data,False,False
965,2021,,,,no_data,False,False
965,2022,,,,no_data,False,False
965,2023,,,,no_data,False,False
965,2024,,,,no_data,False,False
965,2025,,,,no_data,False,False
965,2026,,,,no_data,False,False
965,2027,,,,no_data,False,False
965,2028,,,,no_data,False,False
965,2029,,,,no_data,False,False
966,2000,,,,no_data,False,False
966,2001,,,,no_data,False,False
966,2002,,,,no_data,False,False
966,2003,,,,no_data,False,False
966,2004,,,,no_data,False,False
966,2005,,,,no_data,False,False
966,2006,,,,no_data,False,False
966,2007,,,,no_data,False,False
966,2008,,,,no_data,False,False
966,2009,,,,no_data,False,False
966,2010,,,,no_data,False,False
966,2011,,,,no_data,False,False
966,2012,,,,no_data,False,False
966,2013,,,,no_data,False,False
966,2014,,,,no_data,False,False
966,2015,,,,no_data,False,False
966,2016,,,,no_data,False,False
966,2017,,,,no_data,False,False
966,2018,,,,no_data,False,False
966,2019,,,,no_data,False,False
966,2020,,,,no_data,False,False
966,2021,,,,no_data,False,False
966,2022,,,,no_data,False,False
966,2023,,,,no_data,False,False
966,2024,56.0,nan,4.406052600000001,productivity_normalized,True,True
966,2025,40.0,sunflower,,no_data,False,False
966,2026,3.0,barley_spring,,no_data,False,False
966,2027,44.0,wheat_winter,,no_data,False,False
966,2028,,,,no_data,False,False
966,2029,,,,no_data,False,False
966,2030,,,,no_data,False,False
968,2000,,,,no_data,False,False
968,2001,,,,no_data,False,False
968,2002,,,,no_data,False,False
968,2003,,,,no_data,False,False
968,2004,,,,no_data,False,False
968,2005,,,,no_data,False,False
968,2006,,,,no_data,False,False
968,2007,,,,no_data,False,False
968,2008,,,,no_data,False,False
968,2009,,,,no_data,False,False
968,2010,,,,no_data,False,False
968,2011,,,,no_data,False,False
968,2012,,,,no_data,False,False
968,2013,,,,no_data,False,False
968,2014,,,,no_data,False,False
968,2015,,,,no_data,False,False
968,2016,,,,no_data,False,False
968,2017,,,,no_data,False,False
968,2018,,,,no_data,False,False
968,2019,,,,no_data,False,False
968,2020,,,,no_data,False,False
968,2021,,,,no_data,False,False
968,2022,,,,no_data,False,False
968,2023,,,,no_data,False,False
968,2024,20.0,oil_seed_raps_spring,2.4633333,productivity_normalized,True,True
968,2025,43.0,wheat_spring,,no_data,False,False
968,2026,3.0,barley_spring,,no_data,False,False
968,2027,40.0,sunflower,,no_data,False,False
968,2028,,,,no_data,False,False
968,2029,,,,no_data,False,False
969,2000,,,,no_data,False,False
969,2001,,,,no_data,False,False
969,2002,,,,no_data,False,False
969,2003,,,,no_data,False,False
969,2004,,,,no_data,False,False
969,2005,,,,no_data,False,False
969,2006,,,,no_data,False,False
969,2007,,,,no_data,False,False
969,2008,,,,no_data,False,False
969,2009,,,,no_data,False,False
969,2010,,,,no_data,False,False
969,2011,,,,no_data,False,False
969,2012,,,,no_data,False,False
969,2013,,,,no_data,False,False
969,2014,,,,no_data,False,False
969,2015,,,,no_data,False,False
969,2016,,,,no_data,False,False
969,2017,,,,no_data,False,False
969,2018,,,,no_data,False,False
969,2019,,,,no_data,False,False
969,2020,,,,no_data,False,False
969,2021,,,,no_data,False,False
969,2022,,,,no_data,False,False
969,2023,,,,no_data,False,False
969,2024,13.0,lentil,1.9709091,productivity_normalized,True,True
969,2025,43.0,wheat_spring,,no_data,False,False
969,2026,43.0,wheat_spring,,no_data,False,False
969,2027,20.0,oil_seed_raps_spring,,no_data,False,False
969,2028,,,,no_data,False,False
969,2029,,,,no_data,False,False
970,2000,,,,no_data,False,False
970,2001,,,,no_data,False,False
970,2002,,,,no_data,False,False
970,2003,,,,no_data,False,False
970,2004,,,,no_data,False,False
970,2005,,,,no_data,False,False
970,2006,,,,no_data,False,False
970,2007,,,,no_data,False,False
970,2008,,,,no_data,False,False
970,2009,,,,no_data,False,False
970,2010,,,,no_data,False,False
970,2011,,,,no_data,False,False
970,2012,,,,no_data,False,False
970,2013,,,,no_data,False,False
970,2014,,,,no_data,False,False
970,2015,,,,no_data,False,False
970,2016,,,,no_data,False,False
970,2017,,,,no_data,False,False
970,2018,,,,no_data,False,False
970,2019,,,,no_data,False,False
970,2020,9.0,fallow,,no_data,False,False
970,2021,,,,no_data,False,False
970,2022,,,,no_data,False,False
970,2023,,,,no_data,False,False
970,2024,43.0,wheat_spring,3.3984615,productivity_normalized,True,True
970,2025,40.0,sunflower,,no_data,False,False
970,2026,56.0,nan,,no_data,False,False
970,2027,24.0,pea,,no_data,False,False
970,2028,,,,no_data,False,False
970,2029,,,,no_data,False,False
972,2000,,,,no_data,False,False
972,2001,,,,no_data,False,False
972,2002,,,,no_data,False,False
972,2003,,,,no_data,False,False
972,2004,,,,no_data,False,False
972,2005,,,,no_data,False,False
972,2006,,,,no_data,False,False
972,2007,,,,no_data,False,False
972,2008,,,,no_data,False,False
972,2009,,,,no_data,False,False
972,2010,,,,no_data,False,False
972,2011,,,,no_data,False,False
972,2012,,,,no_data,False,False
972,2013,,,,no_data,False,False
972,2014,,,,no_data,False,False
972,2015,,,,no_data,False,False
972,2016,,,,no_data,False,False
972,2017,,,,no_data,False,False
972,2018,,,,no_data,False,False
972,2019,,,,no_data,False,False
972,2020,,,,no_data,False,False
972,2021,,,,no_data,False,False
972,2022,,,,no_data,False,False
972,2023,,,,no_data,False,False
972,2024,46.0,nan,,no_data,False,False
972,2025,24.0,pea,,no_data,False,False
972,2026,44.0,wheat_winter,,no_data,False,False
972,2027,40.0,sunflower,,no_data,False,False
972,2028,,,,no_data,False,False
972,2029,,,,no_data,False,False
972,2030,,,,no_data,False,False
973,2000,,,,no_data,False,False
973,2001,,,,no_data,False,False
973,2002,,,,no_data,False,False
973,2003,,,,no_data,False,False
973,2004,,,,no_data,False,False
973,2005,,,,no_data,False,False
973,2006,,,,no_data,False,False
973,2007,,,,no_data,False,False
973,2008,,,,no_data,False,False
973,2009,,,,no_data,False,False
973,2010,,,,no_data,False,False
973,2011,,,,no_data,False,False
973,2012,,,,no_data,False,False
973,2013,,,,no_data,False,False
973,2014,,,,no_data,False,False
973,2015,,,,no_data,False,False
973,2016,,,,no_data,False,False
973,2017,,,,no_data,False,False
973,2018,,,,no_data,False,False
973,2019,,,,no_data,False,False
973,2020,,,,no_data,False,False
973,2021,,,,no_data,False,False
973,2022,,,,no_data,False,False
973,2023,,,,no_data,False,False
973,2024,56.0,nan,5.3428571,productivity_normalized,True,True
973,2025,40.0,sunflower,,no_data,False,False
973,2026,43.0,wheat_spring,,no_data,False,False
973,2027,3.0,barley_spring,,no_data,False,False
973,2028,,,,no_data,False,False
973,2029,,,,no_data,False,False
973,2030,,,,no_data,False,False
974,2000,,,,no_data,False,False
974,2001,,,,no_data,False,False
974,2002,,,,no_data,False,False
974,2003,,,,no_data,False,False
974,2004,,,,no_data,False,False
974,2005,,,,no_data,False,False
974,2006,,,,no_data,False,False
974,2007,,,,no_data,False,False
974,2008,,,,no_data,False,False
974,2009,,,,no_data,False,False
974,2010,,,,no_data,False,False
974,2011,,,,no_data,False,False
974,2012,,,,no_data,False,False
974,2013,,,,no_data,False,False
974,2014,,,,no_data,False,False
974,2015,,,,no_data,False,False
974,2016,,,,no_data,False,False
974,2017,,,,no_data,False,False
974,2018,,,,no_data,False,False
974,2019,,,,no_data,False,False
974,2020,,,,no_data,False,False
974,2021,,,,no_data,False,False
974,2022,,,,no_data,False,False
974,2023,,,,no_data,False,False
974,2024,45.0,nan,1.0,productivity_normalized,True,True
974,2025,,,,no_data,False,False
974,2026,,,,no_data,False,False
974,2027,,,,no_data,False,False
974,2028,,,,no_data,False,False
974,2029,,,,no_data,False,False
976,2000,,,,no_data,False,False
976,2001,,,,no_data,False,False
976,2002,,,,no_data,False,False
976,2003,,,,no_data,False,False
976,2004,,,,no_data,False,False
976,2005,,,,no_data,False,False
976,2006,,,,no_data,False,False
976,2007,,,,no_data,False,False
976,2008,,,,no_data,False,False
976,2009,,,,no_data,False,False
976,2010,,,,no_data,False,False
976,2011,,,,no_data,False,False
976,2012,,,,no_data,False,False
976,2013,,,,no_data,False,False
976,2014,,,,no_data,False,False
976,2015,,,,no_data,False,False
976,2016,,,,no_data,False,False
976,2017,,,,no_data,False,False
976,2018,,,,no_data,False,False
976,2019,,,,no_data,False,False
976,2020,,,,no_data,False,False
976,2021,,,,no_data,False,False
976,2022,,,,no_data,False,False
976,2023,,,,no_data,False,False
976,2024,44.0,wheat_winter,,no_data,False,False
976,2025,44.0,wheat_winter,6.3880952,productivity_normalized,True,True
976,2026,20.0,oil_seed_raps_spring,,no_data,False,False
976,2027,,,,no_data,False,False
976,2028,,,,no_data,False,False
976,2029,,,,no_data,False,False
977,2000,,,,no_data,False,False
977,2001,,,,no_data,False,False
977,2002,,,,no_data,False,False
977,2003,,,,no_data,False,False
977,2004,,,,no_data,False,False
977,2005,,,,no_data,False,False
977,2006,,,,no_data,False,False
977,2007,,,,no_data,False,False
977,2008,,,,no_data,False,False
977,2009,,,,no_data,False,False
977,2010,,,,no_data,False,False
977,2011,,,,no_data,False,False
977,2012,,,,no_data,False,False
977,2013,,,,no_data,False,False
977,2014,,,,no_data,False,False
977,2015,,,,no_data,False,False
977,2016,,,,no_data,False,False
977,2017,,,,no_data,False,False
977,2018,,,,no_data,False,False
977,2019,,,,no_data,False,False
977,2020,,,,no_data,False,False
977,2021,,,,no_data,False,False
977,2022,,,,no_data,False,False
977,2023,,,,no_data,False,False
977,2024,,,,no_data,False,False
977,2025,43.0,wheat_spring,4.8266667,productivity_normalized,True,True
977,2026,40.0,sunflower,,no_data,False,False
977,2027,,,,no_data,False,False
977,2028,,,,no_data,False,False
977,2029,,,,no_data,False,False
977,2030,,,,no_data,False,False
978,2000,,,,no_data,False,False
978,2001,,,,no_data,False,False
978,2002,,,,no_data,False,False
978,2003,,,,no_data,False,False
978,2004,,,,no_data,False,False
978,2005,,,,no_data,False,False
978,2006,,,,no_data,False,False
978,2007,,,,no_data,False,False
978,2008,,,,no_data,False,False
978,2009,,,,no_data,False,False
978,2010,,,,no_data,False,False
978,2011,,,,no_data,False,False
978,2012,,,,no_data,False,False
978,2013,,,,no_data,False,False
978,2014,,,,no_data,False,False
978,2015,,,,no_data,False,False
978,2016,,,,no_data,False,False
978,2017,,,,no_data,False,False
978,2018,,,,no_data,False,False
978,2019,,,,no_data,False,False
978,2020,,,,no_data,False,False
978,2021,,,,no_data,False,False
978,2022,,,,no_data,False,False
978,2023,,,,no_data,False,False
978,2024,,,,no_data,False,False
978,2025,43.0,wheat_spring,4.1304348,productivity_normalized,True,True
978,2026,43.0,wheat_spring,,no_data,False,False
978,2027,43.0,wheat_spring,,no_data,False,False
978,2028,,,,no_data,False,False
978,2029,,,,no_data,False,False
978,2030,,,,no_data,False,False
979,2000,,,,no_data,False,False
979,2001,,,,no_data,False,False
979,2002,,,,no_data,False,False
979,2003,,,,no_data,False,False
979,2004,,,,no_data,False,False
979,2005,,,,no_data,False,False
979,2006,,,,no_data,False,False
979,2007,,,,no_data,False,False
979,2008,,,,no_data,False,False
979,2009,,,,no_data,False,False
979,2010,,,,no_data,False,False
979,2011,,,,no_data,False,False
979,2012,,,,no_data,False,False
979,2013,,,,no_data,False,False
979,2014,,,,no_data,False,False
979,2015,,,,no_data,False,False
979,2016,,,,no_data,False,False
979,2017,,,,no_data,False,False
979,2018,,,,no_data,False,False
979,2019,,,,no_data,False,False
979,2020,,,,no_data,False,False
979,2021,,,,no_data,False,False
979,2022,,,,no_data,False,False
979,2023,,,,no_data,False,False
979,2024,,,,no_data,False,False
979,2025,40.0,sunflower,1.9913253000000002,productivity_normalized,True,True
979,2026,,,,no_data,False,False
979,2027,,,,no_data,False,False
979,2028,,,,no_data,False,False
979,2029,,,,no_data,False,False
979,2030,,,,no_data,False,False
980,2000,,,,no_data,False,False
980,2001,,,,no_data,False,False
980,2002,,,,no_data,False,False
980,2003,,,,no_data,False,False
980,2004,,,,no_data,False,False
980,2005,,,,no_data,False,False
980,2006,,,,no_data,False,False
980,2007,,,,no_data,False,False
980,2008,,,,no_data,False,False
980,2009,,,,no_data,False,False
980,2010,,,,no_data,False,False
980,2011,,,,no_data,False,False
980,2012,,,,no_data,False,False
980,2013,,,,no_data,False,False
980,2014,,,,no_data,False,False
980,2015,,,,no_data,False,False
980,2016,,,,no_data,False,False
980,2017,,,,no_data,False,False
980,2018,,,,no_data,False,False
980,2019,,,,no_data,False,False
980,2020,,,,no_data,False,False
980,2021,,,,no_data,False,False
980,2022,,,,no_data,False,False
980,2023,,,,no_data,False,False
980,2024,,,,no_data,False,False
980,2025,40.0,sunflower,,no_data,False,False
980,2026,,,,no_data,False,False
980,2027,,,,no_data,False,False
980,2028,,,,no_data,False,False
980,2029,,,,no_data,False,False
980,2030,,,,no_data,False,False
981,2000,,,,no_data,False,False
981,2001,,,,no_data,False,False
981,2002,,,,no_data,False,False
981,2003,,,,no_data,False,False
981,2004,,,,no_data,False,False
981,2005,,,,no_data,False,False
981,2006,,,,no_data,False,False
981,2007,,,,no_data,False,False
981,2008,,,,no_data,False,False
981,2009,,,,no_data,False,False
981,2010,,,,no_data,False,False
981,2011,,,,no_data,False,False
981,2012,,,,no_data,False,False
981,2013,,,,no_data,False,False
981,2014,,,,no_data,False,False
981,2015,,,,no_data,False,False
981,2016,,,,no_data,False,False
981,2017,,,,no_data,False,False
981,2018,,,,no_data,False,False
981,2019,,,,no_data,False,False
981,2020,,,,no_data,False,False
981,2021,,,,no_data,False,False
981,2022,,,,no_data,False,False
981,2023,,,,no_data,False,False
981,2024,,,,no_data,False,False
981,2025,,,,no_data,False,False
981,2026,,,,no_data,False,False
981,2027,,,,no_data,False,False
981,2028,,,,no_data,False,False
981,2029,,,,no_data,False,False
981,2030,,,,no_data,False,False
982,2000,,,,no_data,False,False
982,2001,,,,no_data,False,False
982,2002,,,,no_data,False,False
982,2003,,,,no_data,False,False
982,2004,,,,no_data,False,False
982,2005,,,,no_data,False,False
982,2006,,,,no_data,False,False
982,2007,,,,no_data,False,False
982,2008,,,,no_data,False,False
982,2009,,,,no_data,False,False
982,2010,,,,no_data,False,False
982,2011,,,,no_data,False,False
982,2012,,,,no_data,False,False
982,2013,,,,no_data,False,False
982,2014,,,,no_data,False,False
982,2015,,,,no_data,False,False
982,2016,,,,no_data,False,False
982,2017,,,,no_data,False,False
982,2018,,,,no_data,False,False
982,2019,,,,no_data,False,False
982,2020,,,,no_data,False,False
982,2021,,,,no_data,False,False
982,2022,,,,no_data,False,False
982,2023,,,,no_data,False,False
982,2024,,,,no_data,False,False
982,2025,,,,no_data,False,False
982,2026,,,,no_data,False,False
982,2027,,,,no_data,False,False
982,2028,,,,no_data,False,False
982,2029,,,,no_data,False,False
983,2000,,,,no_data,False,False
983,2001,,,,no_data,False,False
983,2002,,,,no_data,False,False
983,2003,,,,no_data,False,False
983,2004,,,,no_data,False,False
983,2005,,,,no_data,False,False
983,2006,,,,no_data,False,False
983,2007,,,,no_data,False,False
983,2008,,,,no_data,False,False
983,2009,,,,no_data,False,False
983,2010,,,,no_data,False,False
983,2011,,,,no_data,False,False
983,2012,,,,no_data,False,False
983,2013,,,,no_data,False,False
983,2014,,,,no_data,False,False
983,2015,,,,no_data,False,False
983,2016,,,,no_data,False,False
983,2017,,,,no_data,False,False
983,2018,,,,no_data,False,False
983,2019,,,,no_data,False,False
983,2020,,,,no_data,False,False
983,2021,,,,no_data,False,False
983,2022,,,,no_data,False,False
983,2023,,,,no_data,False,False
983,2024,,,,no_data,False,False
983,2025,63.0,nan,4.61,productivity_normalized,True,True
983,2026,13.0,lentil,,no_data,False,False
983,2027,,,,no_data,False,False
983,2028,,,,no_data,False,False
983,2029,,,,no_data,False,False
983,2030,,,,no_data,False,False
985,2000,,,,no_data,False,False
985,2001,,,,no_data,False,False
985,2002,,,,no_data,False,False
985,2003,,,,no_data,False,False
985,2004,,,,no_data,False,False
985,2005,,,,no_data,False,False
985,2006,,,,no_data,False,False
985,2007,,,,no_data,False,False
985,2008,,,,no_data,False,False
985,2009,,,,no_data,False,False
985,2010,,,,no_data,False,False
985,2011,,,,no_data,False,False
985,2012,,,,no_data,False,False
985,2013,,,,no_data,False,False
985,2014,,,,no_data,False,False
985,2015,,,,no_data,False,False
985,2016,,,,no_data,False,False
985,2017,,,,no_data,False,False
985,2018,,,,no_data,False,False
985,2019,,,,no_data,False,False
985,2020,,,,no_data,False,False
985,2021,,,,no_data,False,False
985,2022,,,,no_data,False,False
985,2023,,,,no_data,False,False
985,2024,,,,no_data,False,False
985,2025,,,,no_data,False,False
985,2026,,,,no_data,False,False
985,2027,,,,no_data,False,False
985,2028,,,,no_data,False,False
985,2029,,,,no_data,False,False
985,2030,,,,no_data,False,False
987,2000,40.0,sunflower,,no_data,False,False
987,2001,40.0,sunflower,,no_data,False,False
987,2002,40.0,sunflower,,no_data,False,False
987,2003,40.0,sunflower,,no_data,False,False
987,2004,40.0,sunflower,,no_data,False,False
987,2005,40.0,sunflower,,no_data,False,False
987,2006,40.0,sunflower,,no_data,False,False
987,2007,40.0,sunflower,,no_data,False,False
987,2008,40.0,sunflower,,no_data,False,False
987,2009,40.0,sunflower,,no_data,False,False
987,2010,40.0,sunflower,,no_data,False,False
987,2011,40.0,sunflower,,no_data,False,False
987,2012,40.0,sunflower,,no_data,False,False
987,2013,40.0,sunflower,,no_data,False,False
987,2014,40.0,sunflower,,no_data,False,False
987,2015,40.0,sunflower,,no_data,False,False
987,2016,40.0,sunflower,,no_data,False,False
987,2017,43.0,wheat_spring,1.95,productivity_normalized,True,True
987,2018,36.0,soya,0.93,productivity_normalized,True,True
987,2019,44.0,wheat_winter,4.303,productivity_normalized,True,True
987,2020,21.0,oil_seed_raps_winter,3.62,productivity_normalized,False,True
987,2021,44.0,wheat_winter,3.5988646,productivity_normalized,True,True
987,2022,44.0,wheat_winter,1.571234,productivity_normalized,True,True
987,2023,40.0,sunflower,2.2995064,productivity_normalized,True,True
987,2024,43.0,wheat_spring,3.8063830000000003,productivity_normalized,True,True
987,2025,60.0,nan,,no_data,False,False
987,2026,43.0,wheat_spring,,no_data,False,False
987,2027,40.0,sunflower,,no_data,False,False
987,2028,,,,no_data,False,False
987,2029,,,,no_data,False,False
987,2030,,,,no_data,False,False
989,2000,,,,no_data,False,False
989,2001,,,,no_data,False,False
989,2002,,,,no_data,False,False
989,2003,,,,no_data,False,False
989,2004,,,,no_data,False,False
989,2005,,,,no_data,False,False
989,2006,,,,no_data,False,False
989,2007,,,,no_data,False,False
989,2008,,,,no_data,False,False
989,2009,,,,no_data,False,False
989,2010,,,,no_data,False,False
989,2011,,,,no_data,False,False
989,2012,,,,no_data,False,False
989,2013,,,,no_data,False,False
989,2014,,,,no_data,False,False
989,2015,,,,no_data,False,False
989,2016,,,,no_data,False,False
989,2017,,,,no_data,False,False
989,2018,,,,no_data,False,False
989,2019,,,,no_data,False,False
989,2020,,,,no_data,False,False
989,2021,,,,no_data,False,False
989,2022,,,,no_data,False,False
989,2023,,,,no_data,False,False
989,2024,,,,no_data,False,False
989,2025,61.0,nan,0.7509433999999999,productivity_normalized,True,True
989,2026,40.0,sunflower,,no_data,False,False
989,2027,3.0,barley_spring,,no_data,False,False
989,2028,,,,no_data,False,False
989,2029,,,,no_data,False,False
989,2030,,,,no_data,False,False
991,2000,,,,no_data,False,False
991,2001,,,,no_data,False,False
991,2002,,,,no_data,False,False
991,2003,,,,no_data,False,False
991,2004,,,,no_data,False,False
991,2005,,,,no_data,False,False
991,2006,,,,no_data,False,False
991,2007,,,,no_data,False,False
991,2008,,,,no_data,False,False
991,2009,,,,no_data,False,False
991,2010,,,,no_data,False,False
991,2011,,,,no_data,False,False
991,2012,,,,no_data,False,False
991,2013,,,,no_data,False,False
991,2014,,,,no_data,False,False
991,2015,,,,no_data,False,False
991,2016,,,,no_data,False,False
991,2017,,,,no_data,False,False
991,2018,,,,no_data,False,False
991,2019,,,,no_data,False,False
991,2020,,,,no_data,False,False
991,2021,,,,no_data,False,False
991,2022,,,,no_data,False,False
991,2023,,,,no_data,False,False
991,2024,,,,no_data,False,False
991,2025,61.0,nan,0.5636,productivity_normalized,True,True
991,2026,40.0,sunflower,,no_data,False,False
991,2027,,,,no_data,False,False
991,2028,,,,no_data,False,False
991,2029,,,,no_data,False,False
991,2030,,,,no_data,False,False
992,2000,,,,no_data,False,False
992,2001,,,,no_data,False,False
992,2002,,,,no_data,False,False
992,2003,,,,no_data,False,False
992,2004,,,,no_data,False,False
992,2005,,,,no_data,False,False
992,2006,,,,no_data,False,False
992,2007,,,,no_data,False,False
992,2008,,,,no_data,False,False
992,2009,,,,no_data,False,False
992,2010,,,,no_data,False,False
992,2011,,,,no_data,False,False
992,2012,,,,no_data,False,False
992,2013,,,,no_data,False,False
992,2014,,,,no_data,False,False
992,2015,,,,no_data,False,False
992,2016,,,,no_data,False,False
992,2017,,,,no_data,False,False
992,2018,,,,no_data,False,False
992,2019,,,,no_data,False,False
992,2020,,,,no_data,False,False
992,2021,,,,no_data,False,False
992,2022,,,,no_data,False,False
992,2023,,,,no_data,False,False
992,2024,,,,no_data,False,False
992,2025,62.0,nan,,no_data,False,False
992,2026,,,,no_data,False,False
992,2027,,,,no_data,False,False
992,2028,,,,no_data,False,False
992,2029,,,,no_data,False,False
992,2030,,,,no_data,False,False
993,2000,,,,no_data,False,False
993,2001,,,,no_data,False,False
993,2002,,,,no_data,False,False
993,2003,,,,no_data,False,False
993,2004,,,,no_data,False,False
993,2005,,,,no_data,False,False
993,2006,,,,no_data,False,False
993,2007,,,,no_data,False,False
993,2008,,,,no_data,False,False
993,2009,,,,no_data,False,False
993,2010,,,,no_data,False,False
993,2011,,,,no_data,False,False
993,2012,,,,no_data,False,False
993,2013,,,,no_data,False,False
993,2014,,,,no_data,False,False
993,2015,,,,no_data,False,False
993,2016,,,,no_data,False,False
993,2017,,,,no_data,False,False
993,2018,,,,no_data,False,False
993,2019,,,,no_data,False,False
993,2020,,,,no_data,False,False
993,2021,,,,no_data,False,False
993,2022,,,,no_data,False,False
993,2023,,,,no_data,False,False
993,2024,,,,no_data,False,False
993,2025,43.0,wheat_spring,2.900678,productivity_normalized,True,True
993,2026,43.0,wheat_spring,,no_data,False,False
993,2027,,,,no_data,False,False
993,2028,,,,no_data,False,False
993,2029,,,,no_data,False,False
993,2030,,,,no_data,False,False
994,2000,,,,no_data,False,False
994,2001,,,,no_data,False,False
994,2002,,,,no_data,False,False
994,2003,,,,no_data,False,False
994,2004,,,,no_data,False,False
994,2005,,,,no_data,False,False
994,2006,,,,no_data,False,False
994,2007,,,,no_data,False,False
994,2008,,,,no_data,False,False
994,2009,,,,no_data,False,False
994,2010,,,,no_data,False,False
994,2011,,,,no_data,False,False
994,2012,,,,no_data,False,False
994,2013,,,,no_data,False,False
994,2014,,,,no_data,False,False
994,2015,,,,no_data,False,False
994,2016,,,,no_data,False,False
994,2017,,,,no_data,False,False
994,2018,,,,no_data,False,False
994,2019,,,,no_data,False,False
994,2020,,,,no_data,False,False
994,2021,,,,no_data,False,False
994,2022,20.0,oil_seed_raps_spring,,no_data,False,False
994,2023,,,,no_data,False,False
994,2024,,,,no_data,False,False
994,2025,43.0,wheat_spring,3.8666666999999997,productivity_normalized,True,True
994,2026,24.0,pea,,no_data,False,False
994,2027,,,,no_data,False,False
994,2028,,,,no_data,False,False
994,2029,,,,no_data,False,False
994,2030,,,,no_data,False,False
995,2000,,,,no_data,False,False
995,2001,,,,no_data,False,False
995,2002,,,,no_data,False,False
995,2003,,,,no_data,False,False
995,2004,,,,no_data,False,False
995,2005,,,,no_data,False,False
995,2006,,,,no_data,False,False
995,2007,,,,no_data,False,False
995,2008,,,,no_data,False,False
995,2009,,,,no_data,False,False
995,2010,,,,no_data,False,False
995,2011,,,,no_data,False,False
995,2012,,,,no_data,False,False
995,2013,,,,no_data,False,False
995,2014,,,,no_data,False,False
995,2015,,,,no_data,False,False
995,2016,,,,no_data,False,False
995,2017,,,,no_data,False,False
995,2018,13.0,lentil,,no_data,False,False
995,2019,43.0,wheat_spring,,no_data,False,False
995,2020,43.0,wheat_spring,,no_data,False,False
995,2021,43.0,wheat_spring,,no_data,False,False
995,2022,15.0,linum,,no_data,False,False
995,2023,3.0,barley_spring,1.8430108,productivity_normalized,True,True
995,2024,43.0,wheat_spring,2.3731183000000002,productivity_normalized,True,True
995,2025,43.0,wheat_spring,,no_data,False,False
995,2026,43.0,wheat_spring,,no_data,False,False
995,2027,40.0,sunflower,,no_data,False,False
995,2028,,,,no_data,False,False
995,2029,,,,no_data,False,False
996,2000,,,,no_data,False,False
996,2001,,,,no_data,False,False
996,2002,,,,no_data,False,False
996,2003,,,,no_data,False,False
996,2004,,,,no_data,False,False
996,2005,,,,no_data,False,False
996,2006,,,,no_data,False,False
996,2007,,,,no_data,False,False
996,2008,,,,no_data,False,False
996,2009,,,,no_data,False,False
996,2010,,,,no_data,False,False
996,2011,,,,no_data,False,False
996,2012,,,,no_data,False,False
996,2013,,,,no_data,False,False
996,2014,,,,no_data,False,False
996,2015,,,,no_data,False,False
996,2016,,,,no_data,False,False
996,2017,,,,no_data,False,False
996,2018,9.0,fallow,,no_data,False,False
996,2019,20.0,oil_seed_raps_spring,,no_data,False,False
996,2020,43.0,wheat_spring,,no_data,False,False
996,2021,43.0,wheat_spring,,no_data,False,False
996,2022,43.0,wheat_spring,,no_data,False,False
996,2023,20.0,oil_seed_raps_spring,,no_data,False,False
996,2024,43.0,wheat_spring,,no_data,False,False
996,2025,3.0,barley_spring,,no_data,False,False
996,2026,40.0,sunflower,,no_data,False,False
996,2027,3.0,barley_spring,,no_data,False,False
996,2028,,,,no_data,False,False
996,2029,,,,no_data,False,False
997,2000,,,,no_data,False,False
997,2001,,,,no_data,False,False
997,2002,,,,no_data,False,False
997,2003,,,,no_data,False,False
997,2004,,,,no_data,False,False
997,2005,,,,no_data,False,False
997,2006,,,,no_data,False,False
997,2007,,,,no_data,False,False
997,2008,,,,no_data,False,False
997,2009,,,,no_data,False,False
997,2010,,,,no_data,False,False
997,2011,,,,no_data,False,False
997,2012,,,,no_data,False,False
997,2013,,,,no_data,False,False
997,2014,,,,no_data,False,False
997,2015,,,,no_data,False,False
997,2016,,,,no_data,False,False
997,2017,,,,no_data,False,False
997,2018,20.0,oil_seed_raps_spring,,no_data,False,False
997,2019,43.0,wheat_spring,,no_data,False,False
997,2020,43.0,wheat_spring,,no_data,False,False
997,2021,15.0,linum,,no_data,False,False
997,2022,24.0,pea,,no_data,False,False
997,2023,43.0,wheat_spring,1.736,productivity_normalized,True,True
997,2024,43.0,wheat_spring,,no_data,False,False
997,2025,40.0,sunflower,,no_data,False,False
997,2026,43.0,wheat_spring,,no_data,False,False
997,2027,24.0,pea,,no_data,False,False
997,2028,,,,no_data,False,False
997,2029,,,,no_data,False,False
998,2000,,,,no_data,False,False
998,2001,,,,no_data,False,False
998,2002,,,,no_data,False,False
998,2003,,,,no_data,False,False
998,2004,,,,no_data,False,False
998,2005,,,,no_data,False,False
998,2006,,,,no_data,False,False
998,2007,,,,no_data,False,False
998,2008,,,,no_data,False,False
998,2009,,,,no_data,False,False
998,2010,,,,no_data,False,False
998,2011,,,,no_data,False,False
998,2012,,,,no_data,False,False
998,2013,,,,no_data,False,False
998,2014,,,,no_data,False,False
998,2015,,,,no_data,False,False
998,2016,,,,no_data,False,False
998,2017,,,,no_data,False,False
998,2018,,,,no_data,False,False
998,2019,,,,no_data,False,False
998,2020,,,,no_data,False,False
998,2021,,,,no_data,False,False
998,2022,,,,no_data,False,False
998,2023,,,,no_data,False,False
998,2024,,,,no_data,False,False
998,2025,43.0,wheat_spring,4.7056818,productivity_normalized,True,True
998,2026,40.0,sunflower,,no_data,False,False
998,2027,,,,no_data,False,False
998,2028,,,,no_data,False,False
998,2029,,,,no_data,False,False
998,2030,,,,no_data,False,False
1000,2000,,,,no_data,False,False
1000,2001,,,,no_data,False,False
1000,2002,,,,no_data,False,False
1000,2003,,,,no_data,False,False
1000,2004,,,,no_data,False,False
1000,2005,,,,no_data,False,False
1000,2006,,,,no_data,False,False
1000,2007,,,,no_data,False,False
1000,2008,,,,no_data,False,False
1000,2009,,,,no_data,False,False
1000,2010,,,,no_data,False,False
1000,2011,,,,no_data,False,False
1000,2012,,,,no_data,False,False
1000,2013,,,,no_data,False,False
1000,2014,,,,no_data,False,False
1000,2015,,,,no_data,False,False
1000,2016,,,,no_data,False,False
1000,2017,,,,no_data,False,False
1000,2018,,,,no_data,False,False
1000,2019,,,,no_data,False,False
1000,2020,,,,no_data,False,False
1000,2021,,,,no_data,False,False
1000,2022,,,,no_data,False,False
1000,2023,,,,no_data,False,False
1000,2024,,,,no_data,False,False
1000,2025,44.0,wheat_winter,3.4231817999999996,productivity_normalized,True,True
1000,2026,43.0,wheat_spring,,no_data,False,False
1000,2027,,,,no_data,False,False
1000,2028,,,,no_data,False,False
1000,2029,,,,no_data,False,False
1000,2030,,,,no_data,False,False
1001,2000,,,,no_data,False,False
1001,2001,,,,no_data,False,False
1001,2002,,,,no_data,False,False
1001,2003,,,,no_data,False,False
1001,2004,,,,no_data,False,False
1001,2005,,,,no_data,False,False
1001,2006,,,,no_data,False,False
1001,2007,,,,no_data,False,False
1001,2008,,,,no_data,False,False
1001,2009,,,,no_data,False,False
1001,2010,,,,no_data,False,False
1001,2011,,,,no_data,False,False
1001,2012,,,,no_data,False,False
1001,2013,,,,no_data,False,False
1001,2014,,,,no_data,False,False
1001,2015,,,,no_data,False,False
1001,2016,,,,no_data,False,False
1001,2017,,,,no_data,False,False
1001,2018,,,,no_data,False,False
1001,2019,,,,no_data,False,False
1001,2020,,,,no_data,False,False
1001,2021,,,,no_data,False,False
1001,2022,,,,no_data,False,False
1001,2023,,,,no_data,False,False
1001,2024,,,,no_data,False,False
1001,2025,,,,no_data,False,False
1001,2026,,,,no_data,False,False
1001,2027,,,,no_data,False,False
1001,2028,,,,no_data,False,False
1001,2029,,,,no_data,False,False
1001,2030,,,,no_data,False,False
1002,2000,,,,no_data,False,False
1002,2001,,,,no_data,False,False
1002,2002,,,,no_data,False,False
1002,2003,,,,no_data,False,False
1002,2004,,,,no_data,False,False
1002,2005,,,,no_data,False,False
1002,2006,,,,no_data,False,False
1002,2007,,,,no_data,False,False
1002,2008,,,,no_data,False,False
1002,2009,,,,no_data,False,False
1002,2010,,,,no_data,False,False
1002,2011,,,,no_data,False,False
1002,2012,,,,no_data,False,False
1002,2013,,,,no_data,False,False
1002,2014,,,,no_data,False,False
1002,2015,,,,no_data,False,False
1002,2016,,,,no_data,False,False
1002,2017,,,,no_data,False,False
1002,2018,9.0,fallow,,no_data,False,False
1002,2019,43.0,wheat_spring,,no_data,False,False
1002,2020,43.0,wheat_spring,,no_data,False,False
1002,2021,43.0,wheat_spring,,no_data,False,False
1002,2022,43.0,wheat_spring,,no_data,False,False
1002,2023,43.0,wheat_spring,,no_data,False,False
1002,2024,3.0,barley_spring,3.405679,productivity_normalized,True,True
1002,2025,13.0,lentil,,no_data,False,False
1002,2026,20.0,oil_seed_raps_spring,,no_data,False,False
1002,2027,3.0,barley_spring,,no_data,False,False
1002,2028,,,,no_data,False,False
1002,2029,,,,no_data,False,False
1004,2000,,,,no_data,False,False
1004,2001,,,,no_data,False,False
1004,2002,,,,no_data,False,False
1004,2003,,,,no_data,False,False
1004,2004,,,,no_data,False,False
1004,2005,,,,no_data,False,False
1004,2006,,,,no_data,False,False
1004,2007,,,,no_data,False,False
1004,2008,,,,no_data,False,False
1004,2009,,,,no_data,False,False
1004,2010,,,,no_data,False,False
1004,2011,,,,no_data,False,False
1004,2012,,,,no_data,False,False
1004,2013,,,,no_data,False,False
1004,2014,,,,no_data,False,False
1004,2015,,,,no_data,False,False
1004,2016,,,,no_data,False,False
1004,2017,,,,no_data,False,False
1004,2018,9.0,fallow,,no_data,False,False
1004,2019,43.0,wheat_spring,,no_data,False,False
1004,2020,43.0,wheat_spring,,no_data,False,False
1004,2021,43.0,wheat_spring,,no_data,False,False
1004,2022,43.0,wheat_spring,,no_data,False,False
1004,2023,43.0,wheat_spring,,no_data,False,False
1004,2024,3.0,barley_spring,3.405679,productivity_normalized,True,True
1004,2025,13.0,lentil,,no_data,False,False
1004,2026,20.0,oil_seed_raps_spring,,no_data,False,False
1004,2027,3.0,barley_spring,,no_data,False,False
1004,2028,,,,no_data,False,False
1004,2029,,,,no_data,False,False
1005,2000,,,,no_data,False,False
1005,2001,,,,no_data,False,False
1005,2002,,,,no_data,False,False
1005,2003,,,,no_data,False,False
1005,2004,,,,no_data,False,False
1005,2005,,,,no_data,False,False
1005,2006,,,,no_data,False,False
1005,2007,,,,no_data,False,False
1005,2008,,,,no_data,False,False
1005,2009,,,,no_data,False,False
1005,2010,,,,no_data,False,False
1005,2011,,,,no_data,False,False
1005,2012,,,,no_data,False,False
1005,2013,,,,no_data,False,False
1005,2014,,,,no_data,False,False
1005,2015,,,,no_data,False,False
1005,2016,,,,no_data,False,False
1005,2017,,,,no_data,False,False
1005,2018,,,,no_data,False,False
1005,2019,,,,no_data,False,False
1005,2020,,,,no_data,False,False
1005,2021,,,,no_data,False,False
1005,2022,,,,no_data,False,False
1005,2023,,,,no_data,False,False
1005,2024,,,,no_data,False,False
1005,2025,13.0,lentil,1.5001049,productivity_normalized,True,True
1005,2026,20.0,oil_seed_raps_spring,,no_data,False,False
1005,2027,3.0,barley_spring,,no_data,False,False
1005,2028,,,,no_data,False,False
1005,2029,,,,no_data,False,False
1005,2030,,,,no_data,False,False
1007,2000,,,,no_data,False,False
1007,2001,,,,no_data,False,False
1007,2002,,,,no_data,False,False
1007,2003,,,,no_data,False,False
1007,2004,,,,no_data,False,False
1007,2005,,,,no_data,False,False
1007,2006,,,,no_data,False,False
1007,2007,,,,no_data,False,False
1007,2008,,,,no_data,False,False
1007,2009,,,,no_data,False,False
1007,2010,,,,no_data,False,False
1007,2011,,,,no_data,False,False
1007,2012,,,,no_data,False,False
1007,2013,,,,no_data,False,False
1007,2014,,,,no_data,False,False
1007,2015,,,,no_data,False,False
1007,2016,,,,no_data,False,False
1007,2017,,,,no_data,False,False
1007,2018,,,,no_data,False,False
1007,2019,,,,no_data,False,False
1007,2020,,,,no_data,False,False
1007,2021,,,,no_data,False,False
1007,2022,,,,no_data,False,False
1007,2023,,,,no_data,False,False
1007,2024,,,,no_data,False,False
1007,2025,40.0,sunflower,1.46,productivity_normalized,True,True
1007,2026,24.0,pea,,no_data,False,False
1007,2027,,,,no_data,False,False
1007,2028,,,,no_data,False,False
1007,2029,,,,no_data,False,False
1007,2030,,,,no_data,False,False
1008,2000,,,,no_data,False,False
1008,2001,,,,no_data,False,False
1008,2002,,,,no_data,False,False
1008,2003,,,,no_data,False,False
1008,2004,,,,no_data,False,False
1008,2005,,,,no_data,False,False
1008,2006,,,,no_data,False,False
1008,2007,,,,no_data,False,False
1008,2008,,,,no_data,False,False
1008,2009,,,,no_data,False,False
1008,2010,,,,no_data,False,False
1008,2011,,,,no_data,False,False
1008,2012,,,,no_data,False,False
1008,2013,,,,no_data,False,False
1008,2014,,,,no_data,False,False
1008,2015,,,,no_data,False,False
1008,2016,,,,no_data,False,False
1008,2017,,,,no_data,False,False
1008,2018,,,,no_data,False,False
1008,2019,,,,no_data,False,False
1008,2020,,,,no_data,False,False
1008,2021,,,,no_data,False,False
1008,2022,,,,no_data,False,False
1008,2023,,,,no_data,False,False
1008,2024,,,,no_data,False,False
1008,2025,63.0,nan,4.3705195,productivity_normalized,True,True
1008,2026,13.0,lentil,,no_data,False,False
1008,2027,,,,no_data,False,False
1008,2028,,,,no_data,False,False
1008,2029,,,,no_data,False,False
1008,2030,,,,no_data,False,False
1009,2000,,,,no_data,False,False
1009,2001,,,,no_data,False,False
1009,2002,40.0,sunflower,,no_data,False,False
1009,2003,40.0,sunflower,,no_data,False,False
1009,2004,40.0,sunflower,,no_data,False,False
1009,2005,40.0,sunflower,,no_data,False,False
1009,2006,40.0,sunflower,,no_data,False,False
1009,2007,40.0,sunflower,,no_data,False,False
1009,2008,40.0,sunflower,,no_data,False,False
1009,2009,40.0,sunflower,,no_data,False,False
1009,2010,40.0,sunflower,,no_data,False,False
1009,2011,40.0,sunflower,,no_data,False,False
1009,2012,40.0,sunflower,,no_data,False,False
1009,2013,40.0,sunflower,,no_data,False,False
1009,2014,40.0,sunflower,,no_data,False,False
1009,2015,40.0,sunflower,,no_data,False,False
1009,2016,40.0,sunflower,,no_data,False,False
1009,2017,40.0,sunflower,,no_data,False,False
1009,2018,40.0,sunflower,2.6,productivity_normalized,True,True
1009,2019,40.0,sunflower,,no_data,False,False
1009,2020,40.0,sunflower,3.3920000000000003,productivity_normalized,True,True
1009,2021,43.0,wheat_spring,3.5964706,productivity_normalized,True,True
1009,2022,40.0,sunflower,2.8858824,productivity_normalized,True,True
1009,2023,43.0,wheat_spring,2.1070588,productivity_normalized,True,True
1009,2024,3.0,barley_spring,5.4317647000000004,productivity_normalized,True,True
1009,2025,40.0,sunflower,,no_data,False,False
1009,2026,3.0,barley_spring,,no_data,False,False
1009,2027,43.0,wheat_spring,,no_data,False,False
1009,2028,,,,no_data,False,False
1009,2029,,,,no_data,False,False
1009,2030,,,,no_data,False,False
1010,2000,,,,no_data,False,False
1010,2001,,,,no_data,False,False
1010,2002,40.0,sunflower,,no_data,False,False
1010,2003,40.0,sunflower,,no_data,False,False
1010,2004,40.0,sunflower,,no_data,False,False
1010,2005,40.0,sunflower,,no_data,False,False
1010,2006,40.0,sunflower,,no_data,False,False
1010,2007,40.0,sunflower,,no_data,False,False
1010,2008,40.0,sunflower,,no_data,False,False
1010,2009,40.0,sunflower,,no_data,False,False
1010,2010,40.0,sunflower,,no_data,False,False
1010,2011,40.0,sunflower,,no_data,False,False
1010,2012,40.0,sunflower,,no_data,False,False
1010,2013,40.0,sunflower,,no_data,False,False
1010,2014,40.0,sunflower,,no_data,False,False
1010,2015,40.0,sunflower,,no_data,False,False
1010,2016,40.0,sunflower,,no_data,False,False
1010,2017,40.0,sunflower,,no_data,False,False
1010,2018,43.0,wheat_spring,2.3,productivity_normalized,True,True
1010,2019,43.0,wheat_spring,2.4,productivity_normalized,True,True
1010,2020,40.0,sunflower,2.396,productivity_normalized,True,True
1010,2021,43.0,wheat_spring,3.196,productivity_normalized,True,True
1010,2022,44.0,wheat_winter,2.2347143,productivity_normalized,True,True
1010,2023,40.0,sunflower,3.1901408,productivity_normalized,True,True
1010,2024,43.0,wheat_spring,4.0175714,productivity_normalized,True,True
1010,2025,40.0,sunflower,,no_data,False,False
1010,2026,43.0,wheat_spring,,no_data,False,False
1010,2027,43.0,wheat_spring,,no_data,False,False
1010,2028,44.0,wheat_winter,,no_data,False,False
1010,2029,,,,no_data,False,False
1010,2030,,,,no_data,False,False
1011,2000,,,,no_data,False,False
1011,2001,,,,no_data,False,False
1011,2002,40.0,sunflower,,no_data,False,False
1011,2003,40.0,sunflower,,no_data,False,False
1011,2004,40.0,sunflower,,no_data,False,False
1011,2005,40.0,sunflower,,no_data,False,False
1011,2006,40.0,sunflower,,no_data,False,False
1011,2007,40.0,sunflower,,no_data,False,False
1011,2008,40.0,sunflower,,no_data,False,False
1011,2009,40.0,sunflower,,no_data,False,False
1011,2010,40.0,sunflower,,no_data,False,False
1011,2011,40.0,sunflower,,no_data,False,False
1011,2012,40.0,sunflower,,no_data,False,False
1011,2013,40.0,sunflower,,no_data,False,False
1011,2014,40.0,sunflower,,no_data,False,False
1011,2015,40.0,sunflower,,no_data,False,False
1011,2016,40.0,sunflower,,no_data,False,False
1011,2017,40.0,sunflower,,no_data,False,False
1011,2018,5.0,buckwheat,2.653,productivity_normalized,True,True
1011,2019,44.0,wheat_winter,2.364,productivity_normalized,True,True
1011,2020,40.0,sunflower,2.676,productivity_normalized,True,True
1011,2021,43.0,wheat_spring,3.1403749999999997,productivity_normalized,True,True
1011,2022,40.0,sunflower,3.3138125,productivity_normalized,True,True
1011,2023,43.0,wheat_spring,3.24375,productivity_normalized,True,True
1011,2024,40.0,sunflower,2.83575,productivity_normalized,True,True
1011,2025,63.0,nan,,no_data,False,False
1011,2026,,,,no_data,False,False
1011,2027,,,,no_data,False,False
1011,2028,,,,no_data,False,False
1011,2029,,,,no_data,False,False
1011,2030,,,,no_data,False,False
1012,2000,,,,no_data,False,False
1012,2001,,,,no_data,False,False
1012,2002,,,,no_data,False,False
1012,2003,,,,no_data,False,False
1012,2004,,,,no_data,False,False
1012,2005,,,,no_data,False,False
1012,2006,,,,no_data,False,False
1012,2007,,,,no_data,False,False
1012,2008,,,,no_data,False,False
1012,2009,,,,no_data,False,False
1012,2010,,,,no_data,False,False
1012,2011,,,,no_data,False,False
1012,2012,,,,no_data,False,False
1012,2013,,,,no_data,False,False
1012,2014,,,,no_data,False,False
1012,2015,,,,no_data,False,False
1012,2016,,,,no_data,False,False
1012,2017,,,,no_data,False,False
1012,2018,,,,no_data,False,False
1012,2019,,,,no_data,False,False
1012,2020,,,,no_data,False,False
1012,2021,,,,no_data,False,False
1012,2022,,,,no_data,False,False
1012,2023,,,,no_data,False,False
1012,2024,,,,no_data,False,False
1012,2025,62.0,nan,4.305,productivity_normalized,True,True
1012,2026,40.0,sunflower,,no_data,False,False
1012,2027,,,,no_data,False,False
1012,2028,,,,no_data,False,False
1012,2029,,,,no_data,False,False
1012,2030,,,,no_data,False,False
1014,2000,,,,no_data,False,False
1014,2001,,,,no_data,False,False
1014,2002,,,,no_data,False,False
1014,2003,,,,no_data,False,False
1014,2004,,,,no_data,False,False
1014,2005,,,,no_data,False,False
1014,2006,,,,no_data,False,False
1014,2007,,,,no_data,False,False
1014,2008,,,,no_data,False,False
1014,2009,,,,no_data,False,False
1014,2010,,,,no_data,False,False
1014,2011,,,,no_data,False,False
1014,2012,,,,no_data,False,False
1014,2013,,,,no_data,False,False
1014,2014,,,,no_data,False,False
1014,2015,,,,no_data,False,False
1014,2016,,,,no_data,False,False
1014,2017,,,,no_data,False,False
1014,2018,,,,no_data,False,False
1014,2019,,,,no_data,False,False
1014,2020,,,,no_data,False,False
1014,2021,,,,no_data,False,False
1014,2022,,,,no_data,False,False
1014,2023,,,,no_data,False,False
1014,2024,,,,no_data,False,False
1014,2025,62.0,nan,3.559,productivity_normalized,True,True
1014,2026,40.0,sunflower,,no_data,False,False
1014,2027,,,,no_data,False,False
1014,2028,,,,no_data,False,False
1014,2029,,,,no_data,False,False
1014,2030,,,,no_data,False,False
1015,2000,,,,no_data,False,False
1015,2001,,,,no_data,False,False
1015,2002,,,,no_data,False,False
1015,2003,,,,no_data,False,False
1015,2004,,,,no_data,False,False
1015,2005,,,,no_data,False,False
1015,2006,,,,no_data,False,False
1015,2007,,,,no_data,False,False
1015,2008,,,,no_data,False,False
1015,2009,,,,no_data,False,False
1015,2010,,,,no_data,False,False
1015,2011,,,,no_data,False,False
1015,2012,,,,no_data,False,False
1015,2013,,,,no_data,False,False
1015,2014,,,,no_data,False,False
1015,2015,,,,no_data,False,False
1015,2016,,,,no_data,False,False
1015,2017,,,,no_data,False,False
1015,2018,,,,no_data,False,False
1015,2019,,,,no_data,False,False
1015,2020,,,,no_data,False,False
1015,2021,,,,no_data,False,False
1015,2022,,,,no_data,False,False
1015,2023,,,,no_data,False,False
1015,2024,,,,no_data,False,False
1015,2025,62.0,nan,3.8295454999999996,productivity_normalized,True,True
1015,2026,40.0,sunflower,,no_data,False,False
1015,2027,,,,no_data,False,False
1015,2028,,,,no_data,False,False
1015,2029,,,,no_data,False,False
1015,2030,,,,no_data,False,False
1016,2000,,,,no_data,False,False
1016,2001,,,,no_data,False,False
1016,2002,,,,no_data,False,False
1016,2003,,,,no_data,False,False
1016,2004,,,,no_data,False,False
1016,2005,,,,no_data,False,False
1016,2006,,,,no_data,False,False
1016,2007,,,,no_data,False,False
1016,2008,,,,no_data,False,False
1016,2009,,,,no_data,False,False
1016,2010,,,,no_data,False,False
1016,2011,,,,no_data,False,False
1016,2012,,,,no_data,False,False
1016,2013,,,,no_data,False,False
1016,2014,,,,no_data,False,False
1016,2015,,,,no_data,False,False
1016,2016,,,,no_data,False,False
1016,2017,,,,no_data,False,False
1016,2018,,,,no_data,False,False
1016,2019,,,,no_data,False,False
1016,2020,,,,no_data,False,False
1016,2021,9.0,fallow,,no_data,False,False
1016,2022,20.0,oil_seed_raps_spring,,no_data,False,False
1016,2023,43.0,wheat_spring,1.7746154,productivity_normalized,True,True
1016,2024,43.0,wheat_spring,,no_data,False,False
1016,2025,40.0,sunflower,,no_data,False,False
1016,2026,43.0,wheat_spring,,no_data,False,False
1016,2027,24.0,pea,,no_data,False,False
1016,2028,,,,no_data,False,False
1016,2029,,,,no_data,False,False
1017,2000,,,,no_data,False,False
1017,2001,,,,no_data,False,False
1017,2002,,,,no_data,False,False
1017,2003,,,,no_data,False,False
1017,2004,,,,no_data,False,False
1017,2005,,,,no_data,False,False
1017,2006,,,,no_data,False,False
1017,2007,,,,no_data,False,False
1017,2008,,,,no_data,False,False
1017,2009,,,,no_data,False,False
1017,2010,,,,no_data,False,False
1017,2011,,,,no_data,False,False
1017,2012,,,,no_data,False,False
1017,2013,,,,no_data,False,False
1017,2014,,,,no_data,False,False
1017,2015,,,,no_data,False,False
1017,2016,,,,no_data,False,False
1017,2017,,,,no_data,False,False
1017,2018,,,,no_data,False,False
1017,2019,,,,no_data,False,False
1017,2020,,,,no_data,False,False
1017,2021,,,,no_data,False,False
1017,2022,,,,no_data,False,False
1017,2023,,,,no_data,False,False
1017,2024,,,,no_data,False,False
1017,2025,,,,no_data,False,False
1017,2026,63.0,nan,,no_data,False,False
1017,2027,40.0,sunflower,,no_data,False,False
1017,2028,,,,no_data,False,False
1017,2029,,,,no_data,False,False
1017,2030,,,,no_data,False,False
1018,2000,,,,no_data,False,False
1018,2001,,,,no_data,False,False
1018,2002,,,,no_data,False,False
1018,2003,,,,no_data,False,False
1018,2004,,,,no_data,False,False
1018,2005,,,,no_data,False,False
1018,2006,,,,no_data,False,False
1018,2007,,,,no_data,False,False
1018,2008,,,,no_data,False,False
1018,2009,,,,no_data,False,False
1018,2010,,,,no_data,False,False
1018,2011,,,,no_data,False,False
1018,2012,,,,no_data,False,False
1018,2013,,,,no_data,False,False
1018,2014,,,,no_data,False,False
1018,2015,,,,no_data,False,False
1018,2016,,,,no_data,False,False
1018,2017,,,,no_data,False,False
1018,2018,,,,no_data,False,False
1018,2019,,,,no_data,False,False
1018,2020,,,,no_data,False,False
1018,2021,,,,no_data,False,False
1018,2022,,,,no_data,False,False
1018,2023,,,,no_data,False,False
1018,2024,,,,no_data,False,False
1018,2025,,,,no_data,False,False
1018,2026,,,,no_data,False,False
1018,2027,,,,no_data,False,False
1018,2028,,,,no_data,False,False
1018,2029,,,,no_data,False,False
1018,2030,,,,no_data,False,False
1019,2000,,,,no_data,False,False
1019,2001,,,,no_data,False,False
1019,2002,,,,no_data,False,False
1019,2003,,,,no_data,False,False
1019,2004,,,,no_data,False,False
1019,2005,,,,no_data,False,False
1019,2006,,,,no_data,False,False
1019,2007,,,,no_data,False,False
1019,2008,,,,no_data,False,False
1019,2009,,,,no_data,False,False
1019,2010,,,,no_data,False,False
1019,2011,,,,no_data,False,False
1019,2012,,,,no_data,False,False
1019,2013,,,,no_data,False,False
1019,2014,,,,no_data,False,False
1019,2015,,,,no_data,False,False
1019,2016,,,,no_data,False,False
1019,2017,,,,no_data,False,False
1019,2018,,,,no_data,False,False
1019,2019,,,,no_data,False,False
1019,2020,,,,no_data,False,False
1019,2021,,,,no_data,False,False
1019,2022,,,,no_data,False,False
1019,2023,,,,no_data,False,False
1019,2024,,,,no_data,False,False
1019,2025,,,,no_data,False,False
1019,2026,,,,no_data,False,False
1019,2027,,,,no_data,False,False
1019,2028,,,,no_data,False,False
1019,2029,,,,no_data,False,False
1019,2030,,,,no_data,False,False
1020,2000,,,,no_data,False,False
1020,2001,,,,no_data,False,False
1020,2002,,,,no_data,False,False
1020,2003,,,,no_data,False,False
1020,2004,,,,no_data,False,False
1020,2005,,,,no_data,False,False
1020,2006,,,,no_data,False,False
1020,2007,,,,no_data,False,False
1020,2008,,,,no_data,False,False
1020,2009,,,,no_data,False,False
1020,2010,,,,no_data,False,False
1020,2011,,,,no_data,False,False
1020,2012,,,,no_data,False,False
1020,2013,,,,no_data,False,False
1020,2014,,,,no_data,False,False
1020,2015,,,,no_data,False,False
1020,2016,,,,no_data,False,False
1020,2017,,,,no_data,False,False
1020,2018,,,,no_data,False,False
1020,2019,,,,no_data,False,False
1020,2020,,,,no_data,False,False
1020,2021,,,,no_data,False,False
1020,2022,,,,no_data,False,False
1020,2023,,,,no_data,False,False
1020,2024,,,,no_data,False,False
1020,2025,62.0,nan,2.9516981,productivity_normalized,True,True
1020,2026,3.0,barley_spring,,no_data,False,False
1020,2027,,,,no_data,False,False
1020,2028,,,,no_data,False,False
1020,2029,,,,no_data,False,False
1020,2030,,,,no_data,False,False
1021,2000,,,,no_data,False,False
1021,2001,,,,no_data,False,False
1021,2002,,,,no_data,False,False
1021,2003,,,,no_data,False,False
1021,2004,,,,no_data,False,False
1021,2005,,,,no_data,False,False
1021,2006,,,,no_data,False,False
1021,2007,,,,no_data,False,False
1021,2008,,,,no_data,False,False
1021,2009,,,,no_data,False,False
1021,2010,,,,no_data,False,False
1021,2011,,,,no_data,False,False
1021,2012,,,,no_data,False,False
1021,2013,,,,no_data,False,False
1021,2014,,,,no_data,False,False
1021,2015,,,,no_data,False,False
1021,2016,,,,no_data,False,False
1021,2017,,,,no_data,False,False
1021,2018,,,,no_data,False,False
1021,2019,,,,no_data,False,False
1021,2020,,,,no_data,False,False
1021,2021,,,,no_data,False,False
1021,2022,,,,no_data,False,False
1021,2023,,,,no_data,False,False
1021,2024,,,,no_data,False,False
1021,2025,43.0,wheat_spring,1.7027027000000001,productivity_normalized,True,True
1021,2026,24.0,pea,,no_data,False,False
1021,2027,,,,no_data,False,False
1021,2028,,,,no_data,False,False
1021,2029,,,,no_data,False,False
1021,2030,,,,no_data,False,False
1022,2000,,,,no_data,False,False
1022,2001,,,,no_data,False,False
1022,2002,,,,no_data,False,False
1022,2003,,,,no_data,False,False
1022,2004,,,,no_data,False,False
1022,2005,,,,no_data,False,False
1022,2006,,,,no_data,False,False
1022,2007,,,,no_data,False,False
1022,2008,,,,no_data,False,False
1022,2009,,,,no_data,False,False
1022,2010,,,,no_data,False,False
1022,2011,,,,no_data,False,False
1022,2012,,,,no_data,False,False
1022,2013,,,,no_data,False,False
1022,2014,,,,no_data,False,False
1022,2015,,,,no_data,False,False
1022,2016,,,,no_data,False,False
1022,2017,,,,no_data,False,False
1022,2018,,,,no_data,False,False
1022,2019,,,,no_data,False,False
1022,2020,,,,no_data,False,False
1022,2021,,,,no_data,False,False
1022,2022,,,,no_data,False,False
1022,2023,,,,no_data,False,False
1022,2024,,,,no_data,False,False
1022,2025,43.0,wheat_spring,3.7833734999999997,productivity_normalized,True,True
1022,2026,43.0,wheat_spring,,no_data,False,False
1022,2027,13.0,lentil,,no_data,False,False
1022,2028,,,,no_data,False,False
1022,2029,,,,no_data,False,False
1022,2030,,,,no_data,False,False
1023,2000,,,,no_data,False,False
1023,2001,,,,no_data,False,False
1023,2002,,,,no_data,False,False
1023,2003,,,,no_data,False,False
1023,2004,,,,no_data,False,False
1023,2005,,,,no_data,False,False
1023,2006,,,,no_data,False,False
1023,2007,,,,no_data,False,False
1023,2008,,,,no_data,False,False
1023,2009,,,,no_data,False,False
1023,2010,,,,no_data,False,False
1023,2011,,,,no_data,False,False
1023,2012,,,,no_data,False,False
1023,2013,,,,no_data,False,False
1023,2014,,,,no_data,False,False
1023,2015,,,,no_data,False,False
1023,2016,,,,no_data,False,False
1023,2017,,,,no_data,False,False
1023,2018,,,,no_data,False,False
1023,2019,,,,no_data,False,False
1023,2020,,,,no_data,False,False
1023,2021,,,,no_data,False,False
1023,2022,,,,no_data,False,False
1023,2023,,,,no_data,False,False
1023,2024,,,,no_data,False,False
1023,2025,43.0,wheat_spring,2.2638298,productivity_normalized,True,True
1023,2026,43.0,wheat_spring,,no_data,False,False
1023,2027,13.0,lentil,,no_data,False,False
1023,2028,,,,no_data,False,False
1023,2029,,,,no_data,False,False
1023,2030,,,,no_data,False,False
1025,2000,,,,no_data,False,False
1025,2001,,,,no_data,False,False
1025,2002,,,,no_data,False,False
1025,2003,,,,no_data,False,False
1025,2004,,,,no_data,False,False
1025,2005,,,,no_data,False,False
1025,2006,,,,no_data,False,False
1025,2007,,,,no_data,False,False
1025,2008,,,,no_data,False,False
1025,2009,,,,no_data,False,False
1025,2010,,,,no_data,False,False
1025,2011,,,,no_data,False,False
1025,2012,,,,no_data,False,False
1025,2013,,,,no_data,False,False
1025,2014,,,,no_data,False,False
1025,2015,,,,no_data,False,False
1025,2016,,,,no_data,False,False
1025,2017,,,,no_data,False,False
1025,2018,,,,no_data,False,False
1025,2019,,,,no_data,False,False
1025,2020,,,,no_data,False,False
1025,2021,,,,no_data,False,False
1025,2022,,,,no_data,False,False
1025,2023,,,,no_data,False,False
1025,2024,,,,no_data,False,False
1025,2025,43.0,wheat_spring,1.4809524,productivity_normalized,True,True
1025,2026,24.0,pea,,no_data,False,False
1025,2027,20.0,oil_seed_raps_spring,,no_data,False,False
1025,2028,,,,no_data,False,False
1025,2029,,,,no_data,False,False
1025,2030,,,,no_data,False,False
1026,2000,,,,no_data,False,False
1026,2001,,,,no_data,False,False
1026,2002,,,,no_data,False,False
1026,2003,,,,no_data,False,False
1026,2004,,,,no_data,False,False
1026,2005,,,,no_data,False,False
1026,2006,,,,no_data,False,False
1026,2007,,,,no_data,False,False
1026,2008,,,,no_data,False,False
1026,2009,,,,no_data,False,False
1026,2010,,,,no_data,False,False
1026,2011,,,,no_data,False,False
1026,2012,,,,no_data,False,False
1026,2013,,,,no_data,False,False
1026,2014,,,,no_data,False,False
1026,2015,,,,no_data,False,False
1026,2016,,,,no_data,False,False
1026,2017,,,,no_data,False,False
1026,2018,,,,no_data,False,False
1026,2019,,,,no_data,False,False
1026,2020,,,,no_data,False,False
1026,2021,,,,no_data,False,False
1026,2022,,,,no_data,False,False
1026,2023,,,,no_data,False,False
1026,2024,,,,no_data,False,False
1026,2025,43.0,wheat_spring,0.9981818,productivity_normalized,True,True
1026,2026,20.0,oil_seed_raps_spring,,no_data,False,False
1026,2027,,,,no_data,False,False
1026,2028,,,,no_data,False,False
1026,2029,,,,no_data,False,False
1026,2030,,,,no_data,False,False
1027,2000,,,,no_data,False,False
1027,2001,,,,no_data,False,False
1027,2002,,,,no_data,False,False
1027,2003,,,,no_data,False,False
1027,2004,,,,no_data,False,False
1027,2005,,,,no_data,False,False
1027,2006,,,,no_data,False,False
1027,2007,,,,no_data,False,False
1027,2008,,,,no_data,False,False
1027,2009,,,,no_data,False,False
1027,2010,,,,no_data,False,False
1027,2011,,,,no_data,False,False
1027,2012,,,,no_data,False,False
1027,2013,,,,no_data,False,False
1027,2014,,,,no_data,False,False
1027,2015,,,,no_data,False,False
1027,2016,,,,no_data,False,False
1027,2017,,,,no_data,False,False
1027,2018,,,,no_data,False,False
1027,2019,,,,no_data,False,False
1027,2020,,,,no_data,False,False
1027,2021,,,,no_data,False,False
1027,2022,,,,no_data,False,False
1027,2023,,,,no_data,False,False
1027,2024,,,,no_data,False,False
1027,2025,43.0,wheat_spring,4.96,productivity_normalized,True,True
1027,2026,43.0,wheat_spring,,no_data,False,False
1027,2027,,,,no_data,False,False
1027,2028,,,,no_data,False,False
1027,2029,,,,no_data,False,False
1027,2030,,,,no_data,False,False
1028,2000,,,,no_data,False,False
1028,2001,,,,no_data,False,False
1028,2002,,,,no_data,False,False
1028,2003,,,,no_data,False,False
1028,2004,,,,no_data,False,False
1028,2005,,,,no_data,False,False
1028,2006,,,,no_data,False,False
1028,2007,,,,no_data,False,False
1028,2008,,,,no_data,False,False
1028,2009,,,,no_data,False,False
1028,2010,,,,no_data,False,False
1028,2011,,,,no_data,False,False
1028,2012,,,,no_data,False,False
1028,2013,,,,no_data,False,False
1028,2014,,,,no_data,False,False
1028,2015,,,,no_data,False,False
1028,2016,,,,no_data,False,False
1028,2017,,,,no_data,False,False
1028,2018,,,,no_data,False,False
1028,2019,,,,no_data,False,False
1028,2020,,,,no_data,False,False
1028,2021,,,,no_data,False,False
1028,2022,,,,no_data,False,False
1028,2023,,,,no_data,False,False
1028,2024,,,,no_data,False,False
1028,2025,3.0,barley_spring,3.1060976,productivity_normalized,True,True
1028,2026,13.0,lentil,,no_data,False,False
1028,2027,,,,no_data,False,False
1028,2028,,,,no_data,False,False
1028,2029,,,,no_data,False,False
1028,2030,,,,no_data,False,False
1029,2000,,,,no_data,False,False
1029,2001,,,,no_data,False,False
1029,2002,,,,no_data,False,False
1029,2003,,,,no_data,False,False
1029,2004,,,,no_data,False,False
1029,2005,,,,no_data,False,False
1029,2006,,,,no_data,False,False
1029,2007,,,,no_data,False,False
1029,2008,,,,no_data,False,False
1029,2009,,,,no_data,False,False
1029,2010,,,,no_data,False,False
1029,2011,,,,no_data,False,False
1029,2012,,,,no_data,False,False
1029,2013,,,,no_data,False,False
1029,2014,,,,no_data,False,False
1029,2015,,,,no_data,False,False
1029,2016,,,,no_data,False,False
1029,2017,,,,no_data,False,False
1029,2018,,,,no_data,False,False
1029,2019,,,,no_data,False,False
1029,2020,,,,no_data,False,False
1029,2021,,,,no_data,False,False
1029,2022,,,,no_data,False,False
1029,2023,,,,no_data,False,False
1029,2024,,,,no_data,False,False
1029,2025,,,,no_data,False,False
1029,2026,61.0,nan,,no_data,False,False
1029,2027,62.0,nan,,no_data,False,False
1029,2028,,,,no_data,False,False
1029,2029,,,,no_data,False,False
1029,2030,,,,no_data,False,False
1030,2000,,,,no_data,False,False
1030,2001,,,,no_data,False,False
1030,2002,,,,no_data,False,False
1030,2003,,,,no_data,False,False
1030,2004,,,,no_data,False,False
1030,2005,,,,no_data,False,False
1030,2006,,,,no_data,False,False
1030,2007,,,,no_data,False,False
1030,2008,,,,no_data,False,False
1030,2009,,,,no_data,False,False
1030,2010,,,,no_data,False,False
1030,2011,,,,no_data,False,False
1030,2012,,,,no_data,False,False
1030,2013,,,,no_data,False,False
1030,2014,,,,no_data,False,False
1030,2015,,,,no_data,False,False
1030,2016,,,,no_data,False,False
1030,2017,,,,no_data,False,False
1030,2018,,,,no_data,False,False
1030,2019,,,,no_data,False,False
1030,2020,,,,no_data,False,False
1030,2021,,,,no_data,False,False
1030,2022,,,,no_data,False,False
1030,2023,,,,no_data,False,False
1030,2024,,,,no_data,False,False
1030,2025,,,,no_data,False,False
1030,2026,61.0,nan,,no_data,False,False
1030,2027,62.0,nan,,no_data,False,False
1030,2028,,,,no_data,False,False
1030,2029,,,,no_data,False,False
1030,2030,,,,no_data,False,False
