scenario,asof_tag,field_id,year,standard_name,target_yield_t_ha,pred,cropwise_asof_t_ha,naive_crop_mean,v19_pred,method
all_crops,07_01,207,2018,sunflower,3.496,2.643332109438741,1.7426,2.215669563352981,2.643332109438741,peer_raw
all_crops,07_01,209,2018,sunflower,1.7399999999999998,2.403360402377677,2.1047,2.215669563352981,2.403360402377677,peer_raw
all_crops,07_01,210,2018,oil_seed_raps_winter,0.978,1.6491812635468732,1.5386,1.697975335103533,1.6491812635468732,peer_raw
all_crops,07_01,227,2018,sunflower,2.613,2.3847955129568574,2.2504,2.215669563352981,2.3847955129568574,peer_raw
all_crops,07_01,228,2018,maize,3.312,6.071544343137754,8.2518,6.214194800255046,6.071544343137754,peer_raw
all_crops,07_01,229,2018,maize,3.312,5.8731685248920416,9.1333,6.214194800255046,5.8731685248920416,peer_raw
all_crops,07_01,231,2018,soya,0.93,1.498957916841395,1.6974,1.4998837388223478,1.498957916841395,peer_raw
all_crops,07_01,232,2018,soya,0.9,1.6644065692432966,1.8109,1.4998837388223478,1.6644065692432966,peer_raw
all_crops,07_01,207,2019,wheat_spring,3.5799999999999996,3.652433796922776,2.2341,2.7949344889498353,3.652433796922776,peer_raw
all_crops,07_01,208,2019,sunflower,2.133,2.689640274218995,2.4488,2.2303410172138705,2.689640274218995,peer_raw
all_crops,07_01,210,2019,sunflower,1.965,2.872977102067493,2.1532,2.2303410172138705,2.872977102067493,peer_raw
all_crops,07_01,211,2019,sunflower,1.868,2.8403354701918975,1.8706,2.2303410172138705,2.8403354701918975,peer_raw
all_crops,07_01,215,2019,sunflower,1.672,2.74013832576636,1.6133,2.2303410172138705,2.74013832576636,peer_raw
all_crops,07_01,216,2019,sunflower,1.95,2.769547804919073,2.4646999999999997,2.2303410172138705,2.769547804919073,peer_raw
all_crops,07_01,217,2019,sunflower,1.962,2.7794387061971713,2.1968,2.2303410172138705,2.7794387061971713,peer_raw
all_crops,07_01,219,2019,sunflower,2.273,2.6702301122886616,1.8412,2.2303410172138705,2.6702301122886616,peer_raw
all_crops,07_01,220,2019,sunflower,2.7649999999999997,2.5882233952717795,2.4154,2.2303410172138705,2.5882233952717795,peer_raw
all_crops,07_01,221,2019,sunflower,1.982,2.7223813810626276,2.2328,2.2303410172138705,2.7223813810626276,peer_raw
all_crops,07_01,222,2019,sunflower,2.648,2.763194998658341,2.2677,2.2303410172138705,2.763194998658341,peer_raw
all_crops,07_01,223,2019,sunflower,2.651,2.839057006330456,1.9398,2.2303410172138705,2.839057006330456,peer_raw
all_crops,07_01,224,2019,sunflower,3.961,2.7612694680668817,2.8208,2.2303410172138705,2.7612694680668817,peer_raw
all_crops,07_01,225,2019,sunflower,3.961,2.7136705990572656,2.7367999999999997,2.2303410172138705,2.7136705990572656,peer_raw
all_crops,07_01,226,2019,sunflower,2.9829999999999997,2.511367017901634,2.232,2.2303410172138705,2.511367017901634,peer_raw
all_crops,07_01,227,2019,oil_seed_raps_spring,1.161,2.2212216709799497,1.8331,1.6452083064410872,2.2212216709799497,peer_raw
all_crops,07_01,228,2019,soya,1.468,1.9414504173596048,1.5787,1.5657027830454833,1.9414504173596048,peer_raw
all_crops,07_01,229,2019,soya,1.468,1.7732826320834585,2.3071,1.5657027830454833,1.7732826320834585,peer_raw
all_crops,07_01,230,2019,wheat_winter,4.503,4.264210381330393,3.7936,3.518703379214148,4.264210381330393,peer_raw
all_crops,07_01,231,2019,wheat_winter,4.303,4.526869541671211,3.9967,3.518703379214148,4.526869541671211,peer_raw
all_crops,07_01,232,2019,wheat_winter,3.404,4.3740294239971025,3.6744,3.518703379214148,4.3740294239971025,peer_raw
all_crops,07_01,207,2020,oil_seed_raps_spring,0.438,1.809002864819519,1.3694000000000002,1.6826990137403557,1.809002864819519,peer_raw
all_crops,07_01,208,2020,wheat_spring,0.505,2.4803151736648785,1.2673,2.775179717236985,2.4803151736648785,peer_raw
all_crops,07_01,209,2020,maize,0.5780000000000001,5.544413045420973,4.3353,6.027426688447606,5.544413045420973,peer_raw
all_crops,07_01,210,2020,wheat_winter,0.211,2.655902083729204,2.1024000000000003,3.4657804752870542,2.655902083729204,peer_raw
all_crops,07_01,211,2020,wheat_winter,0.319,2.8302400013889564,2.3897,3.4657804752870542,2.8302400013889564,peer_raw
all_crops,07_01,213,2020,wheat_spring,0.5780000000000001,2.2832111817773977,2.2992,2.775179717236985,2.2832111817773977,peer_raw
all_crops,07_01,214,2020,wheat_spring,0.319,2.27571395648774,2.1065,2.775179717236985,2.27571395648774,peer_raw
all_crops,07_01,215,2020,wheat_spring,1.409,2.699166224973522,1.4959,2.775179717236985,2.699166224973522,peer_raw
all_crops,07_01,216,2020,wheat_spring,1.246,2.7008124880485505,1.9066,2.775179717236985,2.7008124880485505,peer_raw
all_crops,07_01,217,2020,wheat_spring,0.337,2.3632727808196794,1.7108,2.775179717236985,2.3632727808196794,peer_raw
all_crops,07_01,219,2020,wheat_spring,0.425,2.3314353620307298,2.0603,2.775179717236985,2.3314353620307298,peer_raw
all_crops,07_01,220,2020,wheat_spring,0.513,2.3999079079589047,1.7684000000000002,2.775179717236985,2.3999079079589047,peer_raw
all_crops,07_01,221,2020,wheat_spring,0.38,2.7088613574522995,2.2152000000000003,2.775179717236985,2.7088613574522995,peer_raw
all_crops,07_01,222,2020,wheat_spring,0.21,2.365739962224854,2.492,2.775179717236985,2.365739962224854,peer_raw
all_crops,07_01,223,2020,wheat_spring,0.21,2.34068531968486,1.3154,2.775179717236985,2.34068531968486,peer_raw
all_crops,07_01,224,2020,wheat_spring,0.857,2.4624447206677296,1.6532,2.775179717236985,2.4624447206677296,peer_raw
all_crops,07_01,225,2020,wheat_spring,2.335,2.827133452661704,3.245,2.775179717236985,2.827133452661704,peer_raw
all_crops,07_01,226,2020,wheat_spring,0.502,2.4203153111873186,1.8243,2.775179717236985,2.4203153111873186,peer_raw
all_crops,07_01,227,2020,wheat_winter,0.5650000000000001,2.6819926622151207,1.8151,3.4657804752870542,2.6819926622151207,peer_raw
all_crops,07_01,228,2020,wheat_winter,1.3,2.9258280684407825,2.1523,3.4657804752870542,2.9258280684407825,peer_raw
all_crops,07_01,229,2020,wheat_winter,3.285,2.8881181772658193,2.7312000000000003,3.4657804752870542,2.8881181772658193,peer_raw
all_crops,07_01,230,2020,oil_seed_raps_winter,0.1679999999999999,1.810480062119176,1.2972,1.7397895608539231,1.810480062119176,peer_raw
all_crops,07_01,231,2020,oil_seed_raps_winter,0.362,1.805304116506746,2.0039,1.7397895608539231,1.805304116506746,peer_raw
all_crops,07_01,232,2020,oil_seed_raps_winter,0.223,1.7677642964706988,1.9402,1.7397895608539231,1.7677642964706988,peer_raw
all_crops,07_01,195,2021,barley_spring,2.022276422764228,3.5065488744130757,2.9562,2.9819317050782614,3.5065488744130757,peer_raw
all_crops,07_01,197,2021,barley_spring,2.5284548104956266,3.669885022848504,2.8515,2.9819317050782614,3.669885022848504,peer_raw
all_crops,07_01,207,2021,barley_spring,3.525020286718961,3.620197513563509,3.1924,2.9819317050782614,3.620197513563509,peer_raw
all_crops,07_01,208,2021,sunflower,2.1216153846153847,2.821249312619695,2.7356000000000003,2.257415477956708,2.821249312619695,peer_raw
all_crops,07_01,209,2021,sunflower,2.268059008785016,2.507295706205865,2.1295,2.257415477956708,2.507295706205865,peer_raw
all_crops,07_01,210,2021,sunflower,1.4783400809716598,2.8516104378012086,2.2004,2.257415477956708,2.8516104378012086,peer_raw
all_crops,07_01,211,2021,sunflower,2.1389247311827955,3.0603086796198467,2.3226,2.257415477956708,3.0603086796198467,peer_raw
all_crops,07_01,212,2021,sunflower,3.3983823529411765,3.045083538405472,2.1821,2.257415477956708,3.045083538405472,peer_raw
all_crops,07_01,213,2021,wheat_spring,1.3155714285714286,2.796534942096552,1.8895,2.7862022677059213,2.796534942096552,peer_raw
all_crops,07_01,214,2021,wheat_spring,1.5857777777777775,3.0111062119509167,2.0593,2.7862022677059213,3.0111062119509167,peer_raw
all_crops,07_01,215,2021,sunflower,2.9865822784810128,2.6163966565852173,2.2252,2.257415477956708,2.6163966565852173,peer_raw
all_crops,07_01,216,2021,sunflower,2.925945945945946,2.8340826385285824,2.3702,2.257415477956708,2.8340826385285824,peer_raw
all_crops,07_01,217,2021,sunflower,2.768578431372549,2.9345491108185406,2.068,2.257415477956708,2.9345491108185406,peer_raw
all_crops,07_01,218,2021,sunflower,2.12974358974359,2.697259165932471,2.1287,2.257415477956708,2.697259165932471,peer_raw
all_crops,07_01,219,2021,sunflower,2.818952380952381,2.7600391874496704,1.6074000000000002,2.257415477956708,2.7600391874496704,peer_raw
all_crops,07_01,220,2021,sunflower,2.0264,2.9068383351545832,2.4085,2.257415477956708,2.9068383351545832,peer_raw
all_crops,07_01,221,2021,sunflower,1.7475,2.7529579392204284,2.4882999999999997,2.257415477956708,2.7529579392204284,peer_raw
all_crops,07_01,222,2021,sunflower,2.9396774193548385,2.6750214082361747,2.7789,2.257415477956708,2.6750214082361747,peer_raw
all_crops,07_01,223,2021,sunflower,2.8625714285714285,2.9172399751481075,1.9953,2.257415477956708,2.9172399751481075,peer_raw
all_crops,07_01,224,2021,sunflower,2.0925,2.435647164094095,2.6346,2.257415477956708,2.435647164094095,peer_raw
all_crops,07_01,225,2021,sunflower,1.85,2.756662838357503,2.7541,2.257415477956708,2.756662838357503,peer_raw
all_crops,07_01,226,2021,sunflower,2.4555,2.64212743157338,2.0779,2.257415477956708,2.64212743157338,peer_raw
all_crops,07_01,227,2021,wheat_winter,2.8346242774566472,3.7419256154639817,3.556,3.569358367455552,3.7419256154639817,peer_raw
all_crops,07_01,228,2021,wheat_winter,2.4169491525423727,3.637929803032281,2.8911,3.569358367455552,3.637929803032281,peer_raw
all_crops,07_01,229,2021,wheat_winter,2.9450000000000003,2.718273404160831,2.3245,3.569358367455552,2.718273404160831,peer_raw
all_crops,07_01,230,2021,wheat_winter,2.123766816143498,3.4211922705374547,2.4353,3.569358367455552,3.4211922705374547,peer_raw
all_crops,07_01,231,2021,wheat_winter,3.5069787234042553,3.580580767950632,3.1704,3.569358367455552,3.580580767950632,peer_raw
all_crops,07_01,232,2021,wheat_winter,3.2479729729729727,3.6715761638302022,3.3893999999999997,3.569358367455552,3.6715761638302022,peer_raw
all_crops,07_01,233,2021,wheat_winter,3.6453846153846152,3.455685416131886,3.2509,3.569358367455552,3.455685416131886,peer_raw
all_crops,07_01,234,2021,wheat_winter,5.389142857142858,3.5971061716241746,2.7121,3.569358367455552,3.5971061716241746,peer_raw
all_crops,07_01,195,2022,wheat_winter,2.1216260162601626,3.364154389687249,2.4328,3.5270951632339247,3.364154389687249,peer_raw
all_crops,07_01,197,2022,wheat_winter,1.5206997084548106,3.566843636920078,2.4524999999999997,3.5270951632339247,3.566843636920078,peer_raw
all_crops,07_01,207,2022,wheat_winter,1.8862140474258409,3.157258378143359,2.8611999999999997,3.5270951632339247,3.157258378143359,peer_raw
all_crops,07_01,208,2022,wheat_spring,2.356923076923077,3.6678349551954614,1.8747,2.6779088961876263,3.6678349551954614,peer_raw
all_crops,07_01,209,2022,wheat_spring,2.657417536880491,3.6535920793770087,3.1563,2.6779088961876263,3.6535920793770087,peer_raw
all_crops,07_01,210,2022,wheat_spring,3.0655870445344133,3.316703470927073,3.8599,2.6779088961876263,3.316703470927073,peer_raw
all_crops,07_01,212,2022,wheat_spring,3.1773529411764705,3.4622657482328822,3.0978000000000003,2.6779088961876263,3.4622657482328822,peer_raw
all_crops,07_01,213,2022,sunflower,1.481428571428571,2.8641338813927346,2.8958,2.2824328364554223,2.8641338813927346,peer_raw
all_crops,07_01,214,2022,sunflower,1.002222222222222,2.7753373182895995,3.2154000000000003,2.2824328364554223,2.7753373182895995,peer_raw
all_crops,07_01,215,2022,wheat_spring,2.858987341772152,3.5035240561761407,2.9058,2.6779088961876263,3.5035240561761407,peer_raw
all_crops,07_01,216,2022,wheat_spring,3.1270270270270273,3.694645317750413,3.7896,2.6779088961876263,3.694645317750413,peer_raw
all_crops,07_01,217,2022,wheat_spring,3.063725490196078,3.655059561232119,3.4240000000000004,2.6779088961876263,3.655059561232119,peer_raw
all_crops,07_01,218,2022,wheat_spring,2.1723076923076925,3.4888340508513664,3.059,2.6779088961876263,3.4888340508513664,peer_raw
all_crops,07_01,219,2022,wheat_spring,2.827547619047619,3.0519101927876915,3.0893,2.6779088961876263,3.0519101927876915,peer_raw
all_crops,07_01,220,2022,wheat_spring,3.4832,3.4903927736339577,3.0504,2.6779088961876263,3.4903927736339577,peer_raw
all_crops,07_01,222,2022,wheat_spring,3.2700483870967743,3.864754812806683,2.65,2.6779088961876263,3.864754812806683,peer_raw
all_crops,07_01,223,2022,wheat_spring,3.2311428571428573,3.406645418151805,2.9854,2.6779088961876263,3.406645418151805,peer_raw
all_crops,07_01,224,2022,wheat_spring,3.079423076923077,3.642816377951356,3.1172999999999997,2.6779088961876263,3.642816377951356,peer_raw
all_crops,07_01,226,2022,wheat_spring,1.6934999999999998,3.6339603721044766,3.1174,2.6779088961876263,3.6339603721044766,peer_raw
all_crops,07_01,227,2022,wheat_winter,2.217514450867052,3.4370931364125052,2.6258,3.5270951632339247,3.4370931364125052,peer_raw
all_crops,07_01,228,2022,wheat_spring,4.564745762711865,3.5569813551945555,2.8893999999999997,2.6779088961876263,3.5569813551945555,peer_raw
all_crops,07_01,229,2022,wheat_spring,2.841666666666667,2.9424976552454116,2.1967,2.6779088961876263,2.9424976552454116,peer_raw
all_crops,07_01,230,2022,sunflower,3.257219730941704,2.9314244191477044,1.8525,2.2824328364554223,2.9314244191477044,peer_raw
all_crops,07_01,231,2022,wheat_winter,1.5712340425531914,2.9449390368390405,2.1225,3.5270951632339247,2.9449390368390405,peer_raw
all_crops,07_01,232,2022,wheat_winter,1.847837837837838,2.7653065928353326,2.2283,3.5270951632339247,2.7653065928353326,peer_raw
all_crops,07_01,234,2022,wheat_spring,3.975428571428571,3.2893366366044177,3.5385,2.6779088961876263,3.2893366366044177,peer_raw
all_crops,07_01,195,2023,wheat_winter,0.8904065040650406,2.451500727973427,2.4748,3.605240949754569,2.451500727973427,peer_raw
all_crops,07_01,197,2023,wheat_winter,1.0820991253644316,2.4695973714273416,2.8075,3.605240949754569,2.4695973714273416,peer_raw
all_crops,07_01,207,2023,wheat_winter,1.068974844468488,2.3884484921639024,3.0064,3.605240949754569,2.3884484921639024,peer_raw
all_crops,07_01,208,2023,wheat_spring,2.018076923076923,2.567966094433479,2.0981,2.8347937514606945,2.567966094433479,peer_raw
all_crops,07_01,209,2023,wheat_winter,1.4882148184982598,2.637944869651996,3.1699,3.605240949754569,2.637944869651996,peer_raw
all_crops,07_01,210,2023,pea,1.7267206477732793,2.627708496160444,1.872,2.4053981346767683,2.627708496160444,peer_raw
all_crops,07_01,212,2023,wheat_spring,2.9445588235294116,2.4337600415526133,1.7012,2.8347937514606945,2.4337600415526133,peer_raw
all_crops,07_01,215,2023,barley_spring,2.2745063291139243,2.8281721638510646,2.1417,3.0043107101053974,2.8281721638510646,peer_raw
all_crops,07_01,216,2023,barley_spring,2.696783783783784,2.99034754793114,2.316,3.0043107101053974,2.99034754793114,peer_raw
all_crops,07_01,217,2023,barley_spring,2.021480392156863,2.5635182581512415,1.921,3.0043107101053974,2.5635182581512415,peer_raw
all_crops,07_01,218,2023,barley_spring,3.3693589743589745,2.9476514191030256,2.1646,3.0043107101053974,2.9476514191030256,peer_raw
all_crops,07_01,219,2023,sunflower,2.802523809523809,2.5418657698467375,1.6792000000000002,2.256223661763095,2.5418657698467375,peer_raw
all_crops,07_01,220,2023,barley_spring,3.3728800000000003,2.9076271229520865,2.6805,3.0043107101053974,2.9076271229520865,peer_raw
all_crops,07_01,222,2023,barley_spring,4.5005,3.0591935170960913,2.5429,3.0043107101053974,3.0591935170960913,peer_raw
all_crops,07_01,223,2023,barley_spring,2.3584285714285715,2.7385323957343632,1.7638000000000005,3.0043107101053974,2.7385323957343632,peer_raw
all_crops,07_01,224,2023,barley_spring,2.481451923076923,2.6798244053331715,2.0122,3.0043107101053974,2.6798244053331715,peer_raw
all_crops,07_01,227,2023,sunflower,2.6015895953757227,2.435845881330581,1.9678,2.256223661763095,2.435845881330581,peer_raw
all_crops,07_01,228,2023,wheat_winter,1.5016949152542372,2.789629129750401,2.3086,3.605240949754569,2.789629129750401,peer_raw
all_crops,07_01,229,2023,wheat_winter,3.443333333333334,2.568186000609907,2.3579999999999997,3.605240949754569,2.568186000609907,peer_raw
all_crops,07_01,230,2023,wheat_spring,0.9786995515695068,2.367079303965513,1.466,2.8347937514606945,2.367079303965513,peer_raw
all_crops,07_01,231,2023,sunflower,2.2995063829787235,2.454095216877476,1.5364,2.256223661763095,2.454095216877476,peer_raw
all_crops,07_01,232,2023,sunflower,2.6881993243243243,2.409193937153565,1.8707,2.256223661763095,2.409193937153565,peer_raw
all_crops,07_01,234,2023,wheat_winter,1.7062857142857142,3.0131488071723243,2.5372,3.605240949754569,3.0131488071723243,peer_raw
all_crops,07_01,195,2024,sunflower,2.7365853658536587,3.1283745418360978,2.5282,2.2547869646006644,3.1283745418360978,peer_raw
all_crops,07_01,197,2024,sunflower,3.2877551020408164,3.0584700899739716,2.4313,2.2547869646006644,3.0584700899739716,peer_raw
all_crops,07_01,207,2024,sunflower,3.107023712920386,3.131835086898994,2.3039,2.2547869646006644,3.131835086898994,peer_raw
all_crops,07_01,208,2024,sunflower,2.360615384615385,2.691537254050183,2.3794,2.2547869646006644,2.691537254050183,peer_raw
all_crops,07_01,210,2024,wheat_winter,5.519493927125506,4.740559135266784,5.6729,3.5237797966522484,4.740559135266784,peer_raw
all_crops,07_01,212,2024,sunflower,1.900882352941176,2.853257925655357,2.5942,2.2547869646006644,2.853257925655357,peer_raw
all_crops,07_01,215,2024,wheat_winter,4.476708860759494,3.7958727314397303,4.1198999999999995,3.5237797966522484,3.7958727314397303,peer_raw
all_crops,07_01,216,2024,wheat_winter,5.342162162162162,4.408961762534345,4.7169,3.5237797966522484,4.408961762534345,peer_raw
all_crops,07_01,217,2024,sunflower,2.9758823529411766,2.9648430131087524,2.9491,2.2547869646006644,2.9648430131087524,peer_raw
all_crops,07_01,218,2024,wheat_spring,4.027153846153846,3.954118266937951,3.5061,2.7584835033320987,3.954118266937951,peer_raw
all_crops,07_01,219,2024,wheat_spring,3.6718380952380953,3.877639324953936,4.2484,2.7584835033320987,3.877639324953936,peer_raw
all_crops,07_01,220,2024,wheat_spring,3.12756,3.841528132281278,3.6352,2.7584835033320987,3.841528132281278,peer_raw
all_crops,07_01,222,2024,wheat_spring,3.6562580645161287,3.95740567933028,3.1422999999999996,2.7584835033320987,3.95740567933028,peer_raw
all_crops,07_01,223,2024,wheat_spring,3.350857142857143,3.7660995862796542,3.9329,2.7584835033320987,3.7660995862796542,peer_raw
all_crops,07_01,224,2024,wheat_winter,5.0582692307692305,4.434637864275788,4.3833,3.5237797966522484,4.434637864275788,peer_raw
all_crops,07_01,226,2024,wheat_winter,4.9315,4.393391526680332,5.2123,3.5237797966522484,4.393391526680332,peer_raw
all_crops,07_01,227,2024,barley_spring,3.007739884393064,4.056174097048885,4.3205,2.9569590723634662,4.056174097048885,peer_raw
all_crops,07_01,228,2024,sunflower,3.052881355932203,2.8250997553870096,2.4486999999999997,2.2547869646006644,2.8250997553870096,peer_raw
all_crops,07_01,229,2024,sunflower,3.2544166666666663,2.5221133157310947,2.7904,2.2547869646006644,2.5221133157310947,peer_raw
all_crops,07_01,230,2024,sunflower,3.2521793721973093,3.0355550306813264,2.7013000000000003,2.2547869646006644,3.0355550306813264,peer_raw
all_crops,07_01,231,2024,wheat_spring,3.806382978723404,4.25393326035476,3.8621,2.7584835033320987,4.25393326035476,peer_raw
all_crops,07_01,232,2024,wheat_spring,3.330304054054054,3.9978824101264703,3.8087,2.7584835033320987,3.9978824101264703,peer_raw
all_crops,07_01,234,2024,sunflower,3.295057142857143,2.8225352789685836,2.2541,2.2547869646006644,2.8225352789685836,peer_raw
all_crops,07_01,195,2025,wheat_spring,2.7195121951219514,3.342073515674513,3.6697,2.7859952931393197,3.342073515674513,peer_raw
all_crops,07_01,197,2025,wheat_spring,3.779416909620991,3.4771368593166883,3.7805,2.7859952931393197,3.4771368593166883,peer_raw
all_crops,07_01,208,2025,wheat_spring,3.8430769230769233,3.3707907634278356,2.6100000000000003,2.7859952931393197,3.3707907634278356,peer_raw
all_crops,07_01,209,2025,sunflower,2.332040444223438,2.94408065550846,2.6901,2.253882200699135,2.94408065550846,peer_raw
all_crops,07_01,210,2025,sunflower,3.192550607287449,2.8866554813771343,2.52,2.253882200699135,2.8866554813771343,peer_raw
all_crops,07_01,212,2025,wheat_spring,1.7024264705882353,2.46933586595679,2.3390999999999997,2.7859952931393197,2.46933586595679,peer_raw
all_crops,07_01,213,2025,barley_spring,1.53,3.2732976045413062,2.826,2.9620422462150753,3.2732976045413062,peer_raw
all_crops,07_01,214,2025,barley_spring,1.53,3.248537706084996,2.9945,2.9620422462150753,3.248537706084996,peer_raw
all_crops,07_01,215,2025,sunflower,3.0739240506329115,2.7494029922166554,2.6576,2.253882200699135,2.7494029922166554,peer_raw
all_crops,07_01,216,2025,sunflower,2.986756756756757,2.8580149336870253,2.8066,2.253882200699135,2.8580149336870253,peer_raw
all_crops,07_01,217,2025,wheat_spring,2.5629901960784314,2.754455425123167,2.7976,2.7859952931393197,2.754455425123167,peer_raw
all_crops,07_01,218,2025,wheat_spring,4.112820512820513,3.1846621153429746,2.6811,2.7859952931393197,3.1846621153429746,peer_raw
all_crops,07_01,219,2025,barley_spring,3.528095238095238,3.365453193031109,2.9497,2.9620422462150753,3.365453193031109,peer_raw
all_crops,07_01,220,2025,wheat_spring,3.3072000000000004,3.500303765717387,3.0496,2.7859952931393197,3.500303765717387,peer_raw
all_crops,07_01,222,2025,sunflower,2.972258064516129,2.6527255325494266,2.3774,2.253882200699135,2.6527255325494266,peer_raw
all_crops,07_01,223,2025,sunflower,3.305142857142857,2.7442689157198625,2.3918,2.253882200699135,2.7442689157198625,peer_raw
all_crops,07_01,224,2025,sunflower,3.0742307692307693,2.788966279045913,2.7087,2.253882200699135,2.788966279045913,peer_raw
all_crops,07_01,226,2025,sunflower,3.0420000000000003,2.7335121001059486,2.7547,2.253882200699135,2.7335121001059486,peer_raw
all_crops,07_01,227,2025,pea,1.5521965317919073,3.020664384208748,2.3936,2.337815103722531,3.020664384208748,peer_raw
all_crops,07_01,228,2025,wheat_spring,3.004576271186441,3.503465336849046,3.2354,2.7859952931393197,3.503465336849046,peer_raw
all_crops,07_01,229,2025,wheat_spring,3.5050000000000003,3.3009667990810616,3.344,2.7859952931393197,3.3009667990810616,peer_raw
all_crops,07_01,230,2025,wheat_spring,3.6687443946188343,3.3399574445972324,3.2042,2.7859952931393197,3.3399574445972324,peer_raw
all_crops,07_01,231,2025,pea,1.3324255319148937,2.8619850147305863,2.6262,2.337815103722531,2.8619850147305863,peer_raw
all_crops,07_01,232,2025,pea,1.8102027027027028,2.958763324074391,2.481,2.337815103722531,2.958763324074391,peer_raw
all_crops,07_01,234,2025,,4.494857142857143,3.0533852617016013,4.0216,2.498899368049851,3.0533852617016013,peer_raw
all_crops,07_01,207,2018,sunflower,3.496,2.643332109438741,1.7426,2.215669563352981,2.643332109438741,residual_global
all_crops,07_01,209,2018,sunflower,1.7399999999999998,2.403360402377677,2.1047,2.215669563352981,2.403360402377677,residual_global
all_crops,07_01,210,2018,oil_seed_raps_winter,0.978,1.6491812635468732,1.5386,1.697975335103533,1.6491812635468732,residual_global
all_crops,07_01,227,2018,sunflower,2.613,2.3847955129568574,2.2504,2.215669563352981,2.3847955129568574,residual_global
all_crops,07_01,228,2018,maize,3.312,6.071544343137754,8.2518,6.214194800255046,6.071544343137754,residual_global
all_crops,07_01,229,2018,maize,3.312,5.8731685248920416,9.1333,6.214194800255046,5.8731685248920416,residual_global
all_crops,07_01,231,2018,soya,0.93,1.498957916841395,1.6974,1.4998837388223478,1.498957916841395,residual_global
all_crops,07_01,232,2018,soya,0.9,1.6644065692432966,1.8109,1.4998837388223478,1.6644065692432966,residual_global
all_crops,07_01,207,2019,wheat_spring,3.5799999999999996,3.652433796922776,2.2341,2.7949344889498353,3.652433796922776,residual_global
all_crops,07_01,208,2019,sunflower,2.133,2.689640274218995,2.4488,2.2303410172138705,2.689640274218995,residual_global
all_crops,07_01,210,2019,sunflower,1.965,2.872977102067493,2.1532,2.2303410172138705,2.872977102067493,residual_global
all_crops,07_01,211,2019,sunflower,1.868,2.8403354701918975,1.8706,2.2303410172138705,2.8403354701918975,residual_global
all_crops,07_01,215,2019,sunflower,1.672,2.74013832576636,1.6133,2.2303410172138705,2.74013832576636,residual_global
all_crops,07_01,216,2019,sunflower,1.95,2.769547804919073,2.4646999999999997,2.2303410172138705,2.769547804919073,residual_global
all_crops,07_01,217,2019,sunflower,1.962,2.7794387061971713,2.1968,2.2303410172138705,2.7794387061971713,residual_global
all_crops,07_01,219,2019,sunflower,2.273,2.6702301122886616,1.8412,2.2303410172138705,2.6702301122886616,residual_global
all_crops,07_01,220,2019,sunflower,2.7649999999999997,2.5882233952717795,2.4154,2.2303410172138705,2.5882233952717795,residual_global
all_crops,07_01,221,2019,sunflower,1.982,2.7223813810626276,2.2328,2.2303410172138705,2.7223813810626276,residual_global
all_crops,07_01,222,2019,sunflower,2.648,2.763194998658341,2.2677,2.2303410172138705,2.763194998658341,residual_global
all_crops,07_01,223,2019,sunflower,2.651,2.839057006330456,1.9398,2.2303410172138705,2.839057006330456,residual_global
all_crops,07_01,224,2019,sunflower,3.961,2.7612694680668817,2.8208,2.2303410172138705,2.7612694680668817,residual_global
all_crops,07_01,225,2019,sunflower,3.961,2.7136705990572656,2.7367999999999997,2.2303410172138705,2.7136705990572656,residual_global
all_crops,07_01,226,2019,sunflower,2.9829999999999997,2.511367017901634,2.232,2.2303410172138705,2.511367017901634,residual_global
all_crops,07_01,227,2019,oil_seed_raps_spring,1.161,2.2212216709799497,1.8331,1.6452083064410872,2.2212216709799497,residual_global
all_crops,07_01,228,2019,soya,1.468,1.9414504173596048,1.5787,1.5657027830454833,1.9414504173596048,residual_global
all_crops,07_01,229,2019,soya,1.468,1.7732826320834585,2.3071,1.5657027830454833,1.7732826320834585,residual_global
all_crops,07_01,230,2019,wheat_winter,4.503,4.264210381330393,3.7936,3.518703379214148,4.264210381330393,residual_global
all_crops,07_01,231,2019,wheat_winter,4.303,4.526869541671211,3.9967,3.518703379214148,4.526869541671211,residual_global
all_crops,07_01,232,2019,wheat_winter,3.404,4.3740294239971025,3.6744,3.518703379214148,4.3740294239971025,residual_global
all_crops,07_01,207,2020,oil_seed_raps_spring,0.438,1.809002864819519,1.3694000000000002,1.6826990137403557,1.3517023072754581,residual_global
all_crops,07_01,208,2020,wheat_spring,0.505,2.4803151736648785,1.2673,2.775179717236985,2.0230146161208173,residual_global
all_crops,07_01,209,2020,maize,0.5780000000000001,5.544413045420973,4.3353,6.027426688447606,5.0871124878769125,residual_global
all_crops,07_01,210,2020,wheat_winter,0.211,2.655902083729204,2.1024000000000003,3.4657804752870542,2.1986015261851435,residual_global
all_crops,07_01,211,2020,wheat_winter,0.319,2.8302400013889564,2.3897,3.4657804752870542,2.3729394438448956,residual_global
all_crops,07_01,213,2020,wheat_spring,0.5780000000000001,2.2832111817773977,2.2992,2.775179717236985,1.8259106242333367,residual_global
all_crops,07_01,214,2020,wheat_spring,0.319,2.27571395648774,2.1065,2.775179717236985,1.8184133989436793,residual_global
all_crops,07_01,215,2020,wheat_spring,1.409,2.699166224973522,1.4959,2.775179717236985,2.241865667429461,residual_global
all_crops,07_01,216,2020,wheat_spring,1.246,2.7008124880485505,1.9066,2.775179717236985,2.2435119305044893,residual_global
all_crops,07_01,217,2020,wheat_spring,0.337,2.3632727808196794,1.7108,2.775179717236985,1.9059722232756184,residual_global
all_crops,07_01,219,2020,wheat_spring,0.425,2.3314353620307298,2.0603,2.775179717236985,1.8741348044866688,residual_global
all_crops,07_01,220,2020,wheat_spring,0.513,2.3999079079589047,1.7684000000000002,2.775179717236985,1.9426073504148438,residual_global
all_crops,07_01,221,2020,wheat_spring,0.38,2.7088613574522995,2.2152000000000003,2.775179717236985,2.2515607999082388,residual_global
all_crops,07_01,222,2020,wheat_spring,0.21,2.365739962224854,2.492,2.775179717236985,1.908439404680793,residual_global
all_crops,07_01,223,2020,wheat_spring,0.21,2.34068531968486,1.3154,2.775179717236985,1.883384762140799,residual_global
all_crops,07_01,224,2020,wheat_spring,0.857,2.4624447206677296,1.6532,2.775179717236985,2.005144163123669,residual_global
all_crops,07_01,225,2020,wheat_spring,2.335,2.827133452661704,3.245,2.775179717236985,2.369832895117643,residual_global
all_crops,07_01,226,2020,wheat_spring,0.502,2.4203153111873186,1.8243,2.775179717236985,1.9630147536432576,residual_global
all_crops,07_01,227,2020,wheat_winter,0.5650000000000001,2.6819926622151207,1.8151,3.4657804752870542,2.2246921046710595,residual_global
all_crops,07_01,228,2020,wheat_winter,1.3,2.9258280684407825,2.1523,3.4657804752870542,2.4685275108967213,residual_global
all_crops,07_01,229,2020,wheat_winter,3.285,2.8881181772658193,2.7312000000000003,3.4657804752870542,2.4308176197217586,residual_global
all_crops,07_01,230,2020,oil_seed_raps_winter,0.1679999999999999,1.810480062119176,1.2972,1.7397895608539231,1.353179504575115,residual_global
all_crops,07_01,231,2020,oil_seed_raps_winter,0.362,1.805304116506746,2.0039,1.7397895608539231,1.348003558962685,residual_global
all_crops,07_01,232,2020,oil_seed_raps_winter,0.223,1.7677642964706988,1.9402,1.7397895608539231,1.3104637389266378,residual_global
all_crops,07_01,195,2021,barley_spring,2.022276422764228,3.5065488744130757,2.9562,2.9819317050782614,2.4241945961716618,residual_global
all_crops,07_01,197,2021,barley_spring,2.5284548104956266,3.669885022848504,2.8515,2.9819317050782614,2.58753074460709,residual_global
all_crops,07_01,207,2021,barley_spring,3.525020286718961,3.620197513563509,3.1924,2.9819317050782614,2.537843235322095,residual_global
all_crops,07_01,208,2021,sunflower,2.1216153846153847,2.821249312619695,2.7356000000000003,2.257415477956708,1.738895034378281,residual_global
all_crops,07_01,209,2021,sunflower,2.268059008785016,2.507295706205865,2.1295,2.257415477956708,1.424941427964451,residual_global
all_crops,07_01,210,2021,sunflower,1.4783400809716598,2.8516104378012086,2.2004,2.257415477956708,1.7692561595597946,residual_global
all_crops,07_01,211,2021,sunflower,2.1389247311827955,3.0603086796198467,2.3226,2.257415477956708,1.9779544013784327,residual_global
all_crops,07_01,212,2021,sunflower,3.3983823529411765,3.045083538405472,2.1821,2.257415477956708,1.9627292601640582,residual_global
all_crops,07_01,213,2021,wheat_spring,1.3155714285714286,2.796534942096552,1.8895,2.7862022677059213,1.7141806638551382,residual_global
all_crops,07_01,214,2021,wheat_spring,1.5857777777777775,3.0111062119509167,2.0593,2.7862022677059213,1.9287519337095027,residual_global
all_crops,07_01,215,2021,sunflower,2.9865822784810128,2.6163966565852173,2.2252,2.257415477956708,1.5340423783438033,residual_global
all_crops,07_01,216,2021,sunflower,2.925945945945946,2.8340826385285824,2.3702,2.257415477956708,1.7517283602871685,residual_global
all_crops,07_01,217,2021,sunflower,2.768578431372549,2.9345491108185406,2.068,2.257415477956708,1.8521948325771267,residual_global
all_crops,07_01,218,2021,sunflower,2.12974358974359,2.697259165932471,2.1287,2.257415477956708,1.6149048876910572,residual_global
all_crops,07_01,219,2021,sunflower,2.818952380952381,2.7600391874496704,1.6074000000000002,2.257415477956708,1.6776849092082564,residual_global
all_crops,07_01,220,2021,sunflower,2.0264,2.9068383351545832,2.4085,2.257415477956708,1.8244840569131693,residual_global
all_crops,07_01,221,2021,sunflower,1.7475,2.7529579392204284,2.4882999999999997,2.257415477956708,1.6706036609790145,residual_global
all_crops,07_01,222,2021,sunflower,2.9396774193548385,2.6750214082361747,2.7789,2.257415477956708,1.5926671299947608,residual_global
all_crops,07_01,223,2021,sunflower,2.8625714285714285,2.9172399751481075,1.9953,2.257415477956708,1.8348856969066936,residual_global
all_crops,07_01,224,2021,sunflower,2.0925,2.435647164094095,2.6346,2.257415477956708,1.3532928858526811,residual_global
all_crops,07_01,225,2021,sunflower,1.85,2.756662838357503,2.7541,2.257415477956708,1.674308560116089,residual_global
all_crops,07_01,226,2021,sunflower,2.4555,2.64212743157338,2.0779,2.257415477956708,1.559773153331966,residual_global
all_crops,07_01,227,2021,wheat_winter,2.8346242774566472,3.7419256154639817,3.556,3.569358367455552,2.6595713372225678,residual_global
all_crops,07_01,228,2021,wheat_winter,2.4169491525423727,3.637929803032281,2.8911,3.569358367455552,2.555575524790867,residual_global
all_crops,07_01,229,2021,wheat_winter,2.9450000000000003,2.718273404160831,2.3245,3.569358367455552,1.635919125919417,residual_global
all_crops,07_01,230,2021,wheat_winter,2.123766816143498,3.4211922705374547,2.4353,3.569358367455552,2.3388379922960407,residual_global
all_crops,07_01,231,2021,wheat_winter,3.5069787234042553,3.580580767950632,3.1704,3.569358367455552,2.498226489709218,residual_global
all_crops,07_01,232,2021,wheat_winter,3.2479729729729727,3.6715761638302022,3.3893999999999997,3.569358367455552,2.5892218855887883,residual_global
all_crops,07_01,233,2021,wheat_winter,3.6453846153846152,3.455685416131886,3.2509,3.569358367455552,2.3733311378904722,residual_global
all_crops,07_01,234,2021,wheat_winter,5.389142857142858,3.5971061716241746,2.7121,3.569358367455552,2.5147518933827606,residual_global
all_crops,07_01,195,2022,wheat_winter,2.1216260162601626,3.364154389687249,2.4328,3.5270951632339247,2.50979902491789,residual_global
all_crops,07_01,197,2022,wheat_winter,1.5206997084548106,3.566843636920078,2.4524999999999997,3.5270951632339247,2.7124882721507193,residual_global
all_crops,07_01,207,2022,wheat_winter,1.8862140474258409,3.157258378143359,2.8611999999999997,3.5270951632339247,2.3029030133740003,residual_global
all_crops,07_01,208,2022,wheat_spring,2.356923076923077,3.6678349551954614,1.8747,2.6779088961876263,2.8134795904261027,residual_global
all_crops,07_01,209,2022,wheat_spring,2.657417536880491,3.6535920793770087,3.1563,2.6779088961876263,2.79923671460765,residual_global
all_crops,07_01,210,2022,wheat_spring,3.0655870445344133,3.316703470927073,3.8599,2.6779088961876263,2.462348106157714,residual_global
all_crops,07_01,212,2022,wheat_spring,3.1773529411764705,3.4622657482328822,3.0978000000000003,2.6779088961876263,2.6079103834635236,residual_global
all_crops,07_01,213,2022,sunflower,1.481428571428571,2.8641338813927346,2.8958,2.2824328364554223,2.009778516623376,residual_global
all_crops,07_01,214,2022,sunflower,1.002222222222222,2.7753373182895995,3.2154000000000003,2.2824328364554223,1.9209819535202408,residual_global
all_crops,07_01,215,2022,wheat_spring,2.858987341772152,3.5035240561761407,2.9058,2.6779088961876263,2.649168691406782,residual_global
all_crops,07_01,216,2022,wheat_spring,3.1270270270270273,3.694645317750413,3.7896,2.6779088961876263,2.8402899529810544,residual_global
all_crops,07_01,217,2022,wheat_spring,3.063725490196078,3.655059561232119,3.4240000000000004,2.6779088961876263,2.8007041964627604,residual_global
all_crops,07_01,218,2022,wheat_spring,2.1723076923076925,3.4888340508513664,3.059,2.6779088961876263,2.6344786860820077,residual_global
all_crops,07_01,219,2022,wheat_spring,2.827547619047619,3.0519101927876915,3.0893,2.6779088961876263,2.197554828018333,residual_global
all_crops,07_01,220,2022,wheat_spring,3.4832,3.4903927736339577,3.0504,2.6779088961876263,2.636037408864599,residual_global
all_crops,07_01,222,2022,wheat_spring,3.2700483870967743,3.864754812806683,2.65,2.6779088961876263,3.010399448037324,residual_global
all_crops,07_01,223,2022,wheat_spring,3.2311428571428573,3.406645418151805,2.9854,2.6779088961876263,2.552290053382446,residual_global
all_crops,07_01,224,2022,wheat_spring,3.079423076923077,3.642816377951356,3.1172999999999997,2.6779088961876263,2.788461013181997,residual_global
all_crops,07_01,226,2022,wheat_spring,1.6934999999999998,3.6339603721044766,3.1174,2.6779088961876263,2.779605007335118,residual_global
all_crops,07_01,227,2022,wheat_winter,2.217514450867052,3.4370931364125052,2.6258,3.5270951632339247,2.5827377716431466,residual_global
all_crops,07_01,228,2022,wheat_spring,4.564745762711865,3.5569813551945555,2.8893999999999997,2.6779088961876263,2.702625990425197,residual_global
all_crops,07_01,229,2022,wheat_spring,2.841666666666667,2.9424976552454116,2.1967,2.6779088961876263,2.088142290476053,residual_global
all_crops,07_01,230,2022,sunflower,3.257219730941704,2.9314244191477044,1.8525,2.2824328364554223,2.0770690543783457,residual_global
all_crops,07_01,231,2022,wheat_winter,1.5712340425531914,2.9449390368390405,2.1225,3.5270951632339247,2.0905836720696818,residual_global
all_crops,07_01,232,2022,wheat_winter,1.847837837837838,2.7653065928353326,2.2283,3.5270951632339247,1.910951228065974,residual_global
all_crops,07_01,234,2022,wheat_spring,3.975428571428571,3.2893366366044177,3.5385,2.6779088961876263,2.434981271835059,residual_global
all_crops,07_01,195,2023,wheat_winter,0.8904065040650406,2.451500727973427,2.4748,3.605240949754569,1.6286776712769044,residual_global
all_crops,07_01,197,2023,wheat_winter,1.0820991253644316,2.4695973714273416,2.8075,3.605240949754569,1.646774314730819,residual_global
all_crops,07_01,207,2023,wheat_winter,1.068974844468488,2.3884484921639024,3.0064,3.605240949754569,1.5656254354673798,residual_global
all_crops,07_01,208,2023,wheat_spring,2.018076923076923,2.567966094433479,2.0981,2.8347937514606945,1.7451430377369563,residual_global
all_crops,07_01,209,2023,wheat_winter,1.4882148184982598,2.637944869651996,3.1699,3.605240949754569,1.8151218129554731,residual_global
all_crops,07_01,210,2023,pea,1.7267206477732793,2.627708496160444,1.872,2.4053981346767683,1.8048854394639213,residual_global
all_crops,07_01,212,2023,wheat_spring,2.9445588235294116,2.4337600415526133,1.7012,2.8347937514606945,1.6109369848560906,residual_global
all_crops,07_01,215,2023,barley_spring,2.2745063291139243,2.8281721638510646,2.1417,3.0043107101053974,2.005349107154542,residual_global
all_crops,07_01,216,2023,barley_spring,2.696783783783784,2.99034754793114,2.316,3.0043107101053974,2.167524491234617,residual_global
all_crops,07_01,217,2023,barley_spring,2.021480392156863,2.5635182581512415,1.921,3.0043107101053974,1.7406952014547188,residual_global
all_crops,07_01,218,2023,barley_spring,3.3693589743589745,2.9476514191030256,2.1646,3.0043107101053974,2.124828362406503,residual_global
all_crops,07_01,219,2023,sunflower,2.802523809523809,2.5418657698467375,1.6792000000000002,2.256223661763095,1.7190427131502148,residual_global
all_crops,07_01,220,2023,barley_spring,3.3728800000000003,2.9076271229520865,2.6805,3.0043107101053974,2.084804066255564,residual_global
all_crops,07_01,222,2023,barley_spring,4.5005,3.0591935170960913,2.5429,3.0043107101053974,2.2363704603995687,residual_global
all_crops,07_01,223,2023,barley_spring,2.3584285714285715,2.7385323957343632,1.7638000000000005,3.0043107101053974,1.9157093390378406,residual_global
all_crops,07_01,224,2023,barley_spring,2.481451923076923,2.6798244053331715,2.0122,3.0043107101053974,1.8570013486366488,residual_global
all_crops,07_01,227,2023,sunflower,2.6015895953757227,2.435845881330581,1.9678,2.256223661763095,1.6130228246340583,residual_global
all_crops,07_01,228,2023,wheat_winter,1.5016949152542372,2.789629129750401,2.3086,3.605240949754569,1.9668060730538781,residual_global
all_crops,07_01,229,2023,wheat_winter,3.443333333333334,2.568186000609907,2.3579999999999997,3.605240949754569,1.7453629439133844,residual_global
all_crops,07_01,230,2023,wheat_spring,0.9786995515695068,2.367079303965513,1.466,2.8347937514606945,1.5442562472689905,residual_global
all_crops,07_01,231,2023,sunflower,2.2995063829787235,2.454095216877476,1.5364,2.256223661763095,1.6312721601809534,residual_global
all_crops,07_01,232,2023,sunflower,2.6881993243243243,2.409193937153565,1.8707,2.256223661763095,1.5863708804570424,residual_global
all_crops,07_01,234,2023,wheat_winter,1.7062857142857142,3.0131488071723243,2.5372,3.605240949754569,2.1903257504758016,residual_global
all_crops,07_01,195,2024,sunflower,2.7365853658536587,3.1283745418360978,2.5282,2.2547869646006644,2.3841148762088054,residual_global
all_crops,07_01,197,2024,sunflower,3.2877551020408164,3.0584700899739716,2.4313,2.2547869646006644,2.3142104243466792,residual_global
all_crops,07_01,207,2024,sunflower,3.107023712920386,3.131835086898994,2.3039,2.2547869646006644,2.3875754212717015,residual_global
all_crops,07_01,208,2024,sunflower,2.360615384615385,2.691537254050183,2.3794,2.2547869646006644,1.9472775884228906,residual_global
all_crops,07_01,210,2024,wheat_winter,5.519493927125506,4.740559135266784,5.6729,3.5237797966522484,3.9962994696394913,residual_global
all_crops,07_01,212,2024,sunflower,1.900882352941176,2.853257925655357,2.5942,2.2547869646006644,2.1089982600280646,residual_global
all_crops,07_01,215,2024,wheat_winter,4.476708860759494,3.7958727314397303,4.1198999999999995,3.5237797966522484,3.051613065812438,residual_global
all_crops,07_01,216,2024,wheat_winter,5.342162162162162,4.408961762534345,4.7169,3.5237797966522484,3.6647020969070523,residual_global
all_crops,07_01,217,2024,sunflower,2.9758823529411766,2.9648430131087524,2.9491,2.2547869646006644,2.22058334748146,residual_global
all_crops,07_01,218,2024,wheat_spring,4.027153846153846,3.954118266937951,3.5061,2.7584835033320987,3.2098586013106587,residual_global
all_crops,07_01,219,2024,wheat_spring,3.6718380952380953,3.877639324953936,4.2484,2.7584835033320987,3.1333796593266436,residual_global
all_crops,07_01,220,2024,wheat_spring,3.12756,3.841528132281278,3.6352,2.7584835033320987,3.097268466653986,residual_global
all_crops,07_01,222,2024,wheat_spring,3.6562580645161287,3.95740567933028,3.1422999999999996,2.7584835033320987,3.2131460137029877,residual_global
all_crops,07_01,223,2024,wheat_spring,3.350857142857143,3.7660995862796542,3.9329,2.7584835033320987,3.021839920652362,residual_global
all_crops,07_01,224,2024,wheat_winter,5.0582692307692305,4.434637864275788,4.3833,3.5237797966522484,3.690378198648496,residual_global
all_crops,07_01,226,2024,wheat_winter,4.9315,4.393391526680332,5.2123,3.5237797966522484,3.649131861053039,residual_global
all_crops,07_01,227,2024,barley_spring,3.007739884393064,4.056174097048885,4.3205,2.9569590723634662,3.3119144314215925,residual_global
all_crops,07_01,228,2024,sunflower,3.052881355932203,2.8250997553870096,2.4486999999999997,2.2547869646006644,2.0808400897597172,residual_global
all_crops,07_01,229,2024,sunflower,3.2544166666666663,2.5221133157310947,2.7904,2.2547869646006644,1.7778536501038023,residual_global
all_crops,07_01,230,2024,sunflower,3.2521793721973093,3.0355550306813264,2.7013000000000003,2.2547869646006644,2.291295365054034,residual_global
all_crops,07_01,231,2024,wheat_spring,3.806382978723404,4.25393326035476,3.8621,2.7584835033320987,3.5096735947274675,residual_global
all_crops,07_01,232,2024,wheat_spring,3.330304054054054,3.9978824101264703,3.8087,2.7584835033320987,3.253622744499178,residual_global
all_crops,07_01,234,2024,sunflower,3.295057142857143,2.8225352789685836,2.2541,2.2547869646006644,2.078275613341291,residual_global
all_crops,07_01,195,2025,wheat_spring,2.7195121951219514,3.342073515674513,3.6697,2.7859952931393197,2.7083664584042797,residual_global
all_crops,07_01,197,2025,wheat_spring,3.779416909620991,3.4771368593166883,3.7805,2.7859952931393197,2.8434298020464555,residual_global
all_crops,07_01,208,2025,wheat_spring,3.8430769230769233,3.3707907634278356,2.6100000000000003,2.7859952931393197,2.7370837061576028,residual_global
all_crops,07_01,209,2025,sunflower,2.332040444223438,2.94408065550846,2.6901,2.253882200699135,2.310373598238227,residual_global
all_crops,07_01,210,2025,sunflower,3.192550607287449,2.8866554813771343,2.52,2.253882200699135,2.2529484241069015,residual_global
all_crops,07_01,212,2025,wheat_spring,1.7024264705882353,2.46933586595679,2.3390999999999997,2.7859952931393197,1.8356288086865569,residual_global
all_crops,07_01,213,2025,barley_spring,1.53,3.2732976045413062,2.826,2.9620422462150753,2.639590547271073,residual_global
all_crops,07_01,214,2025,barley_spring,1.53,3.248537706084996,2.9945,2.9620422462150753,2.6148306488147632,residual_global
all_crops,07_01,215,2025,sunflower,3.0739240506329115,2.7494029922166554,2.6576,2.253882200699135,2.115695934946422,residual_global
all_crops,07_01,216,2025,sunflower,2.986756756756757,2.8580149336870253,2.8066,2.253882200699135,2.224307876416792,residual_global
all_crops,07_01,217,2025,wheat_spring,2.5629901960784314,2.754455425123167,2.7976,2.7859952931393197,2.1207483678529337,residual_global
all_crops,07_01,218,2025,wheat_spring,4.112820512820513,3.1846621153429746,2.6811,2.7859952931393197,2.5509550580727414,residual_global
all_crops,07_01,219,2025,barley_spring,3.528095238095238,3.365453193031109,2.9497,2.9620422462150753,2.7317461357608757,residual_global
all_crops,07_01,220,2025,wheat_spring,3.3072000000000004,3.500303765717387,3.0496,2.7859952931393197,2.8665967084471538,residual_global
all_crops,07_01,222,2025,sunflower,2.972258064516129,2.6527255325494266,2.3774,2.253882200699135,2.0190184752791938,residual_global
all_crops,07_01,223,2025,sunflower,3.305142857142857,2.7442689157198625,2.3918,2.253882200699135,2.1105618584496293,residual_global
all_crops,07_01,224,2025,sunflower,3.0742307692307693,2.788966279045913,2.7087,2.253882200699135,2.1552592217756796,residual_global
all_crops,07_01,226,2025,sunflower,3.0420000000000003,2.7335121001059486,2.7547,2.253882200699135,2.0998050428357153,residual_global
all_crops,07_01,227,2025,pea,1.5521965317919073,3.020664384208748,2.3936,2.337815103722531,2.386957326938515,residual_global
all_crops,07_01,228,2025,wheat_spring,3.004576271186441,3.503465336849046,3.2354,2.7859952931393197,2.8697582795788126,residual_global
all_crops,07_01,229,2025,wheat_spring,3.5050000000000003,3.3009667990810616,3.344,2.7859952931393197,2.6672597418108284,residual_global
all_crops,07_01,230,2025,wheat_spring,3.6687443946188343,3.3399574445972324,3.2042,2.7859952931393197,2.7062503873269996,residual_global
all_crops,07_01,231,2025,pea,1.3324255319148937,2.8619850147305863,2.6262,2.337815103722531,2.228277957460353,residual_global
all_crops,07_01,232,2025,pea,1.8102027027027028,2.958763324074391,2.481,2.337815103722531,2.3250562668041583,residual_global
all_crops,07_01,234,2025,,4.494857142857143,3.0533852617016013,4.0216,2.498899368049851,2.419678204431368,residual_global
all_crops,07_01,207,2018,sunflower,3.496,2.643332109438741,1.7426,2.215669563352981,2.643332109438741,residual_crop
all_crops,07_01,209,2018,sunflower,1.7399999999999998,2.403360402377677,2.1047,2.215669563352981,2.403360402377677,residual_crop
all_crops,07_01,210,2018,oil_seed_raps_winter,0.978,1.6491812635468732,1.5386,1.697975335103533,1.6491812635468732,residual_crop
all_crops,07_01,227,2018,sunflower,2.613,2.3847955129568574,2.2504,2.215669563352981,2.3847955129568574,residual_crop
all_crops,07_01,228,2018,maize,3.312,6.071544343137754,8.2518,6.214194800255046,6.071544343137754,residual_crop
all_crops,07_01,229,2018,maize,3.312,5.8731685248920416,9.1333,6.214194800255046,5.8731685248920416,residual_crop
all_crops,07_01,231,2018,soya,0.93,1.498957916841395,1.6974,1.4998837388223478,1.498957916841395,residual_crop
all_crops,07_01,232,2018,soya,0.9,1.6644065692432966,1.8109,1.4998837388223478,1.6644065692432966,residual_crop
all_crops,07_01,207,2019,wheat_spring,3.5799999999999996,3.652433796922776,2.2341,2.7949344889498353,3.652433796922776,residual_crop
all_crops,07_01,208,2019,sunflower,2.133,2.689640274218995,2.4488,2.2303410172138705,2.689640274218995,residual_crop
all_crops,07_01,210,2019,sunflower,1.965,2.872977102067493,2.1532,2.2303410172138705,2.872977102067493,residual_crop
all_crops,07_01,211,2019,sunflower,1.868,2.8403354701918975,1.8706,2.2303410172138705,2.8403354701918975,residual_crop
all_crops,07_01,215,2019,sunflower,1.672,2.74013832576636,1.6133,2.2303410172138705,2.74013832576636,residual_crop
all_crops,07_01,216,2019,sunflower,1.95,2.769547804919073,2.4646999999999997,2.2303410172138705,2.769547804919073,residual_crop
all_crops,07_01,217,2019,sunflower,1.962,2.7794387061971713,2.1968,2.2303410172138705,2.7794387061971713,residual_crop
all_crops,07_01,219,2019,sunflower,2.273,2.6702301122886616,1.8412,2.2303410172138705,2.6702301122886616,residual_crop
all_crops,07_01,220,2019,sunflower,2.7649999999999997,2.5882233952717795,2.4154,2.2303410172138705,2.5882233952717795,residual_crop
all_crops,07_01,221,2019,sunflower,1.982,2.7223813810626276,2.2328,2.2303410172138705,2.7223813810626276,residual_crop
all_crops,07_01,222,2019,sunflower,2.648,2.763194998658341,2.2677,2.2303410172138705,2.763194998658341,residual_crop
all_crops,07_01,223,2019,sunflower,2.651,2.839057006330456,1.9398,2.2303410172138705,2.839057006330456,residual_crop
all_crops,07_01,224,2019,sunflower,3.961,2.7612694680668817,2.8208,2.2303410172138705,2.7612694680668817,residual_crop
all_crops,07_01,225,2019,sunflower,3.961,2.7136705990572656,2.7367999999999997,2.2303410172138705,2.7136705990572656,residual_crop
all_crops,07_01,226,2019,sunflower,2.9829999999999997,2.511367017901634,2.232,2.2303410172138705,2.511367017901634,residual_crop
all_crops,07_01,227,2019,oil_seed_raps_spring,1.161,2.2212216709799497,1.8331,1.6452083064410872,2.2212216709799497,residual_crop
all_crops,07_01,228,2019,soya,1.468,1.9414504173596048,1.5787,1.5657027830454833,1.9414504173596048,residual_crop
all_crops,07_01,229,2019,soya,1.468,1.7732826320834585,2.3071,1.5657027830454833,1.7732826320834585,residual_crop
all_crops,07_01,230,2019,wheat_winter,4.503,4.264210381330393,3.7936,3.518703379214148,4.264210381330393,residual_crop
all_crops,07_01,231,2019,wheat_winter,4.303,4.526869541671211,3.9967,3.518703379214148,4.526869541671211,residual_crop
all_crops,07_01,232,2019,wheat_winter,3.404,4.3740294239971025,3.6744,3.518703379214148,4.3740294239971025,residual_crop
all_crops,07_01,207,2020,oil_seed_raps_spring,0.438,1.809002864819519,1.3694000000000002,1.6826990137403557,0.7487811938395694,residual_crop
all_crops,07_01,208,2020,wheat_spring,0.505,2.4803151736648785,1.2673,2.775179717236985,2.407881376742102,residual_crop
all_crops,07_01,209,2020,maize,0.5780000000000001,5.544413045420973,4.3353,6.027426688447606,2.8840566114060753,residual_crop
all_crops,07_01,210,2020,wheat_winter,0.211,2.655902083729204,2.1024000000000003,3.4657804752870542,2.337532301396302,residual_crop
all_crops,07_01,211,2020,wheat_winter,0.319,2.8302400013889564,2.3897,3.4657804752870542,2.5118702190560542,residual_crop
all_crops,07_01,213,2020,wheat_spring,0.5780000000000001,2.2832111817773977,2.2992,2.775179717236985,2.2107773848546213,residual_crop
all_crops,07_01,214,2020,wheat_spring,0.319,2.27571395648774,2.1065,2.775179717236985,2.203280159564964,residual_crop
all_crops,07_01,215,2020,wheat_spring,1.409,2.699166224973522,1.4959,2.775179717236985,2.6267324280507456,residual_crop
all_crops,07_01,216,2020,wheat_spring,1.246,2.7008124880485505,1.9066,2.775179717236985,2.628378691125774,residual_crop
all_crops,07_01,217,2020,wheat_spring,0.337,2.3632727808196794,1.7108,2.775179717236985,2.290838983896903,residual_crop
all_crops,07_01,219,2020,wheat_spring,0.425,2.3314353620307298,2.0603,2.775179717236985,2.2590015651079534,residual_crop
all_crops,07_01,220,2020,wheat_spring,0.513,2.3999079079589047,1.7684000000000002,2.775179717236985,2.3274741110361283,residual_crop
all_crops,07_01,221,2020,wheat_spring,0.38,2.7088613574522995,2.2152000000000003,2.775179717236985,2.636427560529523,residual_crop
all_crops,07_01,222,2020,wheat_spring,0.21,2.365739962224854,2.492,2.775179717236985,2.2933061653020776,residual_crop
all_crops,07_01,223,2020,wheat_spring,0.21,2.34068531968486,1.3154,2.775179717236985,2.2682515227620836,residual_crop
all_crops,07_01,224,2020,wheat_spring,0.857,2.4624447206677296,1.6532,2.775179717236985,2.390010923744953,residual_crop
all_crops,07_01,225,2020,wheat_spring,2.335,2.827133452661704,3.245,2.775179717236985,2.7546996557389276,residual_crop
all_crops,07_01,226,2020,wheat_spring,0.502,2.4203153111873186,1.8243,2.775179717236985,2.347881514264542,residual_crop
all_crops,07_01,227,2020,wheat_winter,0.5650000000000001,2.6819926622151207,1.8151,3.4657804752870542,2.3636228798822185,residual_crop
all_crops,07_01,228,2020,wheat_winter,1.3,2.9258280684407825,2.1523,3.4657804752870542,2.6074582861078803,residual_crop
all_crops,07_01,229,2020,wheat_winter,3.285,2.8881181772658193,2.7312000000000003,3.4657804752870542,2.569748394932917,residual_crop
all_crops,07_01,230,2020,oil_seed_raps_winter,0.1679999999999999,1.810480062119176,1.2972,1.7397895608539231,1.1392987985723027,residual_crop
all_crops,07_01,231,2020,oil_seed_raps_winter,0.362,1.805304116506746,2.0039,1.7397895608539231,1.1341228529598728,residual_crop
all_crops,07_01,232,2020,oil_seed_raps_winter,0.223,1.7677642964706988,1.9402,1.7397895608539231,1.0965830329238255,residual_crop
all_crops,07_01,195,2021,barley_spring,2.022276422764228,3.5065488744130757,2.9562,2.9819317050782614,2.4241945961716618,residual_crop
all_crops,07_01,197,2021,barley_spring,2.5284548104956266,3.669885022848504,2.8515,2.9819317050782614,2.58753074460709,residual_crop
all_crops,07_01,207,2021,barley_spring,3.525020286718961,3.620197513563509,3.1924,2.9819317050782614,2.537843235322095,residual_crop
all_crops,07_01,208,2021,sunflower,2.1216153846153847,2.821249312619695,2.7356000000000003,2.257415477956708,2.640663448691935,residual_crop
all_crops,07_01,209,2021,sunflower,2.268059008785016,2.507295706205865,2.1295,2.257415477956708,2.326709842278105,residual_crop
all_crops,07_01,210,2021,sunflower,1.4783400809716598,2.8516104378012086,2.2004,2.257415477956708,2.671024573873449,residual_crop
all_crops,07_01,211,2021,sunflower,2.1389247311827955,3.0603086796198467,2.3226,2.257415477956708,2.879722815692087,residual_crop
all_crops,07_01,212,2021,sunflower,3.3983823529411765,3.045083538405472,2.1821,2.257415477956708,2.8644976744777124,residual_crop
all_crops,07_01,213,2021,wheat_spring,1.3155714285714286,2.796534942096552,1.8895,2.7862022677059213,1.1361716756590226,residual_crop
all_crops,07_01,214,2021,wheat_spring,1.5857777777777775,3.0111062119509167,2.0593,2.7862022677059213,1.350742945513387,residual_crop
all_crops,07_01,215,2021,sunflower,2.9865822784810128,2.6163966565852173,2.2252,2.257415477956708,2.4358107926574575,residual_crop
all_crops,07_01,216,2021,sunflower,2.925945945945946,2.8340826385285824,2.3702,2.257415477956708,2.6534967746008227,residual_crop
all_crops,07_01,217,2021,sunflower,2.768578431372549,2.9345491108185406,2.068,2.257415477956708,2.753963246890781,residual_crop
all_crops,07_01,218,2021,sunflower,2.12974358974359,2.697259165932471,2.1287,2.257415477956708,2.5166733020047114,residual_crop
all_crops,07_01,219,2021,sunflower,2.818952380952381,2.7600391874496704,1.6074000000000002,2.257415477956708,2.5794533235219106,residual_crop
all_crops,07_01,220,2021,sunflower,2.0264,2.9068383351545832,2.4085,2.257415477956708,2.7262524712268235,residual_crop
all_crops,07_01,221,2021,sunflower,1.7475,2.7529579392204284,2.4882999999999997,2.257415477956708,2.5723720752926686,residual_crop
all_crops,07_01,222,2021,sunflower,2.9396774193548385,2.6750214082361747,2.7789,2.257415477956708,2.494435544308415,residual_crop
all_crops,07_01,223,2021,sunflower,2.8625714285714285,2.9172399751481075,1.9953,2.257415477956708,2.7366541112203477,residual_crop
all_crops,07_01,224,2021,sunflower,2.0925,2.435647164094095,2.6346,2.257415477956708,2.2550613001663353,residual_crop
all_crops,07_01,225,2021,sunflower,1.85,2.756662838357503,2.7541,2.257415477956708,2.576076974429743,residual_crop
all_crops,07_01,226,2021,sunflower,2.4555,2.64212743157338,2.0779,2.257415477956708,2.4615415676456203,residual_crop
all_crops,07_01,227,2021,wheat_winter,2.8346242774566472,3.7419256154639817,3.556,3.569358367455552,2.5847768229591583,residual_crop
all_crops,07_01,228,2021,wheat_winter,2.4169491525423727,3.637929803032281,2.8911,3.569358367455552,2.4807810105274575,residual_crop
all_crops,07_01,229,2021,wheat_winter,2.9450000000000003,2.718273404160831,2.3245,3.569358367455552,1.5611246116560074,residual_crop
all_crops,07_01,230,2021,wheat_winter,2.123766816143498,3.4211922705374547,2.4353,3.569358367455552,2.2640434780326313,residual_crop
all_crops,07_01,231,2021,wheat_winter,3.5069787234042553,3.580580767950632,3.1704,3.569358367455552,2.4234319754458085,residual_crop
all_crops,07_01,232,2021,wheat_winter,3.2479729729729727,3.6715761638302022,3.3893999999999997,3.569358367455552,2.514427371325379,residual_crop
all_crops,07_01,233,2021,wheat_winter,3.6453846153846152,3.455685416131886,3.2509,3.569358367455552,2.2985366236270623,residual_crop
all_crops,07_01,234,2021,wheat_winter,5.389142857142858,3.5971061716241746,2.7121,3.569358367455552,2.4399573791193507,residual_crop
all_crops,07_01,195,2022,wheat_winter,2.1216260162601626,3.364154389687249,2.4328,3.5270951632339247,2.678426856079573,residual_crop
all_crops,07_01,197,2022,wheat_winter,1.5206997084548106,3.566843636920078,2.4524999999999997,3.5270951632339247,2.881116103312402,residual_crop
all_crops,07_01,207,2022,wheat_winter,1.8862140474258409,3.157258378143359,2.8611999999999997,3.5270951632339247,2.471530844535683,residual_crop
all_crops,07_01,208,2022,wheat_spring,2.356923076923077,3.6678349551954614,1.8747,2.6779088961876263,2.0318501937683315,residual_crop
all_crops,07_01,209,2022,wheat_spring,2.657417536880491,3.6535920793770087,3.1563,2.6779088961876263,2.017607317949879,residual_crop
all_crops,07_01,210,2022,wheat_spring,3.0655870445344133,3.316703470927073,3.8599,2.6779088961876263,1.680718709499943,residual_crop
all_crops,07_01,212,2022,wheat_spring,3.1773529411764705,3.4622657482328822,3.0978000000000003,2.6779088961876263,1.8262809868057523,residual_crop
all_crops,07_01,213,2022,sunflower,1.481428571428571,2.8641338813927346,2.8958,2.2824328364554223,2.5913381114043528,residual_crop
all_crops,07_01,214,2022,sunflower,1.002222222222222,2.7753373182895995,3.2154000000000003,2.2824328364554223,2.5025415483012177,residual_crop
all_crops,07_01,215,2022,wheat_spring,2.858987341772152,3.5035240561761407,2.9058,2.6779088961876263,1.8675392947490108,residual_crop
all_crops,07_01,216,2022,wheat_spring,3.1270270270270273,3.694645317750413,3.7896,2.6779088961876263,2.058660556323283,residual_crop
all_crops,07_01,217,2022,wheat_spring,3.063725490196078,3.655059561232119,3.4240000000000004,2.6779088961876263,2.019074799804989,residual_crop
all_crops,07_01,218,2022,wheat_spring,2.1723076923076925,3.4888340508513664,3.059,2.6779088961876263,1.8528492894242365,residual_crop
all_crops,07_01,219,2022,wheat_spring,2.827547619047619,3.0519101927876915,3.0893,2.6779088961876263,1.4159254313605616,residual_crop
all_crops,07_01,220,2022,wheat_spring,3.4832,3.4903927736339577,3.0504,2.6779088961876263,1.8544080122068278,residual_crop
all_crops,07_01,222,2022,wheat_spring,3.2700483870967743,3.864754812806683,2.65,2.6779088961876263,2.228770051379553,residual_crop
all_crops,07_01,223,2022,wheat_spring,3.2311428571428573,3.406645418151805,2.9854,2.6779088961876263,1.770660656724675,residual_crop
all_crops,07_01,224,2022,wheat_spring,3.079423076923077,3.642816377951356,3.1172999999999997,2.6779088961876263,2.006831616524226,residual_crop
all_crops,07_01,226,2022,wheat_spring,1.6934999999999998,3.6339603721044766,3.1174,2.6779088961876263,1.9979756106773467,residual_crop
all_crops,07_01,227,2022,wheat_winter,2.217514450867052,3.4370931364125052,2.6258,3.5270951632339247,2.7513656028048294,residual_crop
all_crops,07_01,228,2022,wheat_spring,4.564745762711865,3.5569813551945555,2.8893999999999997,2.6779088961876263,1.9209965937674256,residual_crop
all_crops,07_01,229,2022,wheat_spring,2.841666666666667,2.9424976552454116,2.1967,2.6779088961876263,1.3065128938182817,residual_crop
all_crops,07_01,230,2022,sunflower,3.257219730941704,2.9314244191477044,1.8525,2.2824328364554223,2.658628649159323,residual_crop
all_crops,07_01,231,2022,wheat_winter,1.5712340425531914,2.9449390368390405,2.1225,3.5270951632339247,2.2592115032313647,residual_crop
all_crops,07_01,232,2022,wheat_winter,1.847837837837838,2.7653065928353326,2.2283,3.5270951632339247,2.079579059227657,residual_crop
all_crops,07_01,234,2022,wheat_spring,3.975428571428571,3.2893366366044177,3.5385,2.6779088961876263,1.6533518751772878,residual_crop
all_crops,07_01,195,2023,wheat_winter,0.8904065040650406,2.451500727973427,2.4748,3.605240949754569,1.585950291375178,residual_crop
all_crops,07_01,197,2023,wheat_winter,1.0820991253644316,2.4695973714273416,2.8075,3.605240949754569,1.6040469348290924,residual_crop
all_crops,07_01,207,2023,wheat_winter,1.068974844468488,2.3884484921639024,3.0064,3.605240949754569,1.5228980555656533,residual_crop
all_crops,07_01,208,2023,wheat_spring,2.018076923076923,2.567966094433479,2.0981,2.8347937514606945,1.5183347801202673,residual_crop
all_crops,07_01,209,2023,wheat_winter,1.4882148184982598,2.637944869651996,3.1699,3.605240949754569,1.7723944330537467,residual_crop
all_crops,07_01,210,2023,pea,1.7267206477732793,2.627708496160444,1.872,2.4053981346767683,1.8048854394639213,residual_crop
all_crops,07_01,212,2023,wheat_spring,2.9445588235294116,2.4337600415526133,1.7012,2.8347937514606945,1.3841287272394016,residual_crop
all_crops,07_01,215,2023,barley_spring,2.2745063291139243,2.8281721638510646,2.1417,3.0043107101053974,1.9212122002356402,residual_crop
all_crops,07_01,216,2023,barley_spring,2.696783783783784,2.99034754793114,2.316,3.0043107101053974,2.0833875843157155,residual_crop
all_crops,07_01,217,2023,barley_spring,2.021480392156863,2.5635182581512415,1.921,3.0043107101053974,1.656558294535817,residual_crop
all_crops,07_01,218,2023,barley_spring,3.3693589743589745,2.9476514191030256,2.1646,3.0043107101053974,2.0406914554876012,residual_crop
all_crops,07_01,219,2023,sunflower,2.802523809523809,2.5418657698467375,1.6792000000000002,2.256223661763095,2.214701411094237,residual_crop
all_crops,07_01,220,2023,barley_spring,3.3728800000000003,2.9076271229520865,2.6805,3.0043107101053974,2.000667159336662,residual_crop
all_crops,07_01,222,2023,barley_spring,4.5005,3.0591935170960913,2.5429,3.0043107101053974,2.152233553480667,residual_crop
all_crops,07_01,223,2023,barley_spring,2.3584285714285715,2.7385323957343632,1.7638000000000005,3.0043107101053974,1.8315724321189388,residual_crop
all_crops,07_01,224,2023,barley_spring,2.481451923076923,2.6798244053331715,2.0122,3.0043107101053974,1.772864441717747,residual_crop
all_crops,07_01,227,2023,sunflower,2.6015895953757227,2.435845881330581,1.9678,2.256223661763095,2.1086815225780806,residual_crop
all_crops,07_01,228,2023,wheat_winter,1.5016949152542372,2.789629129750401,2.3086,3.605240949754569,1.9240786931521516,residual_crop
all_crops,07_01,229,2023,wheat_winter,3.443333333333334,2.568186000609907,2.3579999999999997,3.605240949754569,1.702635564011658,residual_crop
all_crops,07_01,230,2023,wheat_spring,0.9786995515695068,2.367079303965513,1.466,2.8347937514606945,1.3174479896523015,residual_crop
all_crops,07_01,231,2023,sunflower,2.2995063829787235,2.454095216877476,1.5364,2.256223661763095,2.1269308581249757,residual_crop
all_crops,07_01,232,2023,sunflower,2.6881993243243243,2.409193937153565,1.8707,2.256223661763095,2.0820295784010647,residual_crop
all_crops,07_01,234,2023,wheat_winter,1.7062857142857142,3.0131488071723243,2.5372,3.605240949754569,2.147598370574075,residual_crop
all_crops,07_01,195,2024,sunflower,2.7365853658536587,3.1283745418360978,2.5282,2.2547869646006644,2.846563249961749,residual_crop
all_crops,07_01,197,2024,sunflower,3.2877551020408164,3.0584700899739716,2.4313,2.2547869646006644,2.776658798099623,residual_crop
all_crops,07_01,207,2024,sunflower,3.107023712920386,3.131835086898994,2.3039,2.2547869646006644,2.8500237950246454,residual_crop
all_crops,07_01,208,2024,sunflower,2.360615384615385,2.691537254050183,2.3794,2.2547869646006644,2.409725962175834,residual_crop
all_crops,07_01,210,2024,wheat_winter,5.519493927125506,4.740559135266784,5.6729,3.5237797966522484,3.8378158335894983,residual_crop
all_crops,07_01,212,2024,sunflower,1.900882352941176,2.853257925655357,2.5942,2.2547869646006644,2.571446633781008,residual_crop
all_crops,07_01,215,2024,wheat_winter,4.476708860759494,3.7958727314397303,4.1198999999999995,3.5237797966522484,2.893129429762445,residual_crop
all_crops,07_01,216,2024,wheat_winter,5.342162162162162,4.408961762534345,4.7169,3.5237797966522484,3.5062184608570592,residual_crop
all_crops,07_01,217,2024,sunflower,2.9758823529411766,2.9648430131087524,2.9491,2.2547869646006644,2.6830317212344035,residual_crop
all_crops,07_01,218,2024,wheat_spring,4.027153846153846,3.954118266937951,3.5061,2.7584835033320987,2.9510119202237632,residual_crop
all_crops,07_01,219,2024,wheat_spring,3.6718380952380953,3.877639324953936,4.2484,2.7584835033320987,2.874532978239748,residual_crop
all_crops,07_01,220,2024,wheat_spring,3.12756,3.841528132281278,3.6352,2.7584835033320987,2.83842178556709,residual_crop
all_crops,07_01,222,2024,wheat_spring,3.6562580645161287,3.95740567933028,3.1422999999999996,2.7584835033320987,2.954299332616092,residual_crop
all_crops,07_01,223,2024,wheat_spring,3.350857142857143,3.7660995862796542,3.9329,2.7584835033320987,2.762993239565466,residual_crop
all_crops,07_01,224,2024,wheat_winter,5.0582692307692305,4.434637864275788,4.3833,3.5237797966522484,3.5318945625985028,residual_crop
all_crops,07_01,226,2024,wheat_winter,4.9315,4.393391526680332,5.2123,3.5237797966522484,3.490648225003046,residual_crop
all_crops,07_01,227,2024,barley_spring,3.007739884393064,4.056174097048885,4.3205,2.9569590723634662,3.841596210950756,residual_crop
all_crops,07_01,228,2024,sunflower,3.052881355932203,2.8250997553870096,2.4486999999999997,2.2547869646006644,2.5432884635126607,residual_crop
all_crops,07_01,229,2024,sunflower,3.2544166666666663,2.5221133157310947,2.7904,2.2547869646006644,2.2403020238567457,residual_crop
all_crops,07_01,230,2024,sunflower,3.2521793721973093,3.0355550306813264,2.7013000000000003,2.2547869646006644,2.7537437388069774,residual_crop
all_crops,07_01,231,2024,wheat_spring,3.806382978723404,4.25393326035476,3.8621,2.7584835033320987,3.250826913640572,residual_crop
all_crops,07_01,232,2024,wheat_spring,3.330304054054054,3.9978824101264703,3.8087,2.7584835033320987,2.9947760634122824,residual_crop
all_crops,07_01,234,2024,sunflower,3.295057142857143,2.8225352789685836,2.2541,2.2547869646006644,2.5407239870942346,residual_crop
all_crops,07_01,195,2025,wheat_spring,2.7195121951219514,3.342073515674513,3.6697,2.7859952931393197,2.437682895057544,residual_crop
all_crops,07_01,197,2025,wheat_spring,3.779416909620991,3.4771368593166883,3.7805,2.7859952931393197,2.5727462386997195,residual_crop
all_crops,07_01,208,2025,wheat_spring,3.8430769230769233,3.3707907634278356,2.6100000000000003,2.7859952931393197,2.466400142810867,residual_crop
all_crops,07_01,209,2025,sunflower,2.332040444223438,2.94408065550846,2.6901,2.253882200699135,2.721245254524661,residual_crop
all_crops,07_01,210,2025,sunflower,3.192550607287449,2.8866554813771343,2.52,2.253882200699135,2.6638200803933354,residual_crop
all_crops,07_01,212,2025,wheat_spring,1.7024264705882353,2.46933586595679,2.3390999999999997,2.7859952931393197,1.5649452453398212,residual_crop
all_crops,07_01,213,2025,barley_spring,1.53,3.2732976045413062,2.826,2.9620422462150753,2.9892316912300365,residual_crop
all_crops,07_01,214,2025,barley_spring,1.53,3.248537706084996,2.9945,2.9620422462150753,2.9644717927737263,residual_crop
all_crops,07_01,215,2025,sunflower,3.0739240506329115,2.7494029922166554,2.6576,2.253882200699135,2.5265675912328565,residual_crop
all_crops,07_01,216,2025,sunflower,2.986756756756757,2.8580149336870253,2.8066,2.253882200699135,2.6351795327032264,residual_crop
all_crops,07_01,217,2025,wheat_spring,2.5629901960784314,2.754455425123167,2.7976,2.7859952931393197,1.8500648045061983,residual_crop
all_crops,07_01,218,2025,wheat_spring,4.112820512820513,3.1846621153429746,2.6811,2.7859952931393197,2.280271494726006,residual_crop
all_crops,07_01,219,2025,barley_spring,3.528095238095238,3.365453193031109,2.9497,2.9620422462150753,3.081387279719839,residual_crop
all_crops,07_01,220,2025,wheat_spring,3.3072000000000004,3.500303765717387,3.0496,2.7859952931393197,2.5959131451004183,residual_crop
all_crops,07_01,222,2025,sunflower,2.972258064516129,2.6527255325494266,2.3774,2.253882200699135,2.4298901315656276,residual_crop
all_crops,07_01,223,2025,sunflower,3.305142857142857,2.7442689157198625,2.3918,2.253882200699135,2.5214335147360636,residual_crop
all_crops,07_01,224,2025,sunflower,3.0742307692307693,2.788966279045913,2.7087,2.253882200699135,2.566130878062114,residual_crop
all_crops,07_01,226,2025,sunflower,3.0420000000000003,2.7335121001059486,2.7547,2.253882200699135,2.5106766991221496,residual_crop
all_crops,07_01,227,2025,pea,1.5521965317919073,3.020664384208748,2.3936,2.337815103722531,2.119676535821583,residual_crop
all_crops,07_01,228,2025,wheat_spring,3.004576271186441,3.503465336849046,3.2354,2.7859952931393197,2.599074716232077,residual_crop
all_crops,07_01,229,2025,wheat_spring,3.5050000000000003,3.3009667990810616,3.344,2.7859952931393197,2.396576178464093,residual_crop
all_crops,07_01,230,2025,wheat_spring,3.6687443946188343,3.3399574445972324,3.2042,2.7859952931393197,2.4355668239802637,residual_crop
all_crops,07_01,231,2025,pea,1.3324255319148937,2.8619850147305863,2.6262,2.337815103722531,1.9609971663434216,residual_crop
all_crops,07_01,232,2025,pea,1.8102027027027028,2.958763324074391,2.481,2.337815103722531,2.0577754756872264,residual_crop
all_crops,07_01,234,2025,,4.494857142857143,3.0533852617016013,4.0216,2.498899368049851,2.419678204431368,residual_crop
all_crops,07_01,207,2018,sunflower,3.496,2.643332109438741,1.7426,2.215669563352981,2.643332109438741,linear_global
all_crops,07_01,209,2018,sunflower,1.7399999999999998,2.403360402377677,2.1047,2.215669563352981,2.403360402377677,linear_global
all_crops,07_01,210,2018,oil_seed_raps_winter,0.978,1.6491812635468732,1.5386,1.697975335103533,1.6491812635468732,linear_global
all_crops,07_01,227,2018,sunflower,2.613,2.3847955129568574,2.2504,2.215669563352981,2.3847955129568574,linear_global
all_crops,07_01,228,2018,maize,3.312,6.071544343137754,8.2518,6.214194800255046,6.071544343137754,linear_global
all_crops,07_01,229,2018,maize,3.312,5.8731685248920416,9.1333,6.214194800255046,5.8731685248920416,linear_global
all_crops,07_01,231,2018,soya,0.93,1.498957916841395,1.6974,1.4998837388223478,1.498957916841395,linear_global
all_crops,07_01,232,2018,soya,0.9,1.6644065692432966,1.8109,1.4998837388223478,1.6644065692432966,linear_global
all_crops,07_01,207,2019,wheat_spring,3.5799999999999996,3.652433796922776,2.2341,2.7949344889498353,3.652433796922776,linear_global
all_crops,07_01,208,2019,sunflower,2.133,2.689640274218995,2.4488,2.2303410172138705,2.689640274218995,linear_global
all_crops,07_01,210,2019,sunflower,1.965,2.872977102067493,2.1532,2.2303410172138705,2.872977102067493,linear_global
all_crops,07_01,211,2019,sunflower,1.868,2.8403354701918975,1.8706,2.2303410172138705,2.8403354701918975,linear_global
all_crops,07_01,215,2019,sunflower,1.672,2.74013832576636,1.6133,2.2303410172138705,2.74013832576636,linear_global
all_crops,07_01,216,2019,sunflower,1.95,2.769547804919073,2.4646999999999997,2.2303410172138705,2.769547804919073,linear_global
all_crops,07_01,217,2019,sunflower,1.962,2.7794387061971713,2.1968,2.2303410172138705,2.7794387061971713,linear_global
all_crops,07_01,219,2019,sunflower,2.273,2.6702301122886616,1.8412,2.2303410172138705,2.6702301122886616,linear_global
all_crops,07_01,220,2019,sunflower,2.7649999999999997,2.5882233952717795,2.4154,2.2303410172138705,2.5882233952717795,linear_global
all_crops,07_01,221,2019,sunflower,1.982,2.7223813810626276,2.2328,2.2303410172138705,2.7223813810626276,linear_global
all_crops,07_01,222,2019,sunflower,2.648,2.763194998658341,2.2677,2.2303410172138705,2.763194998658341,linear_global
all_crops,07_01,223,2019,sunflower,2.651,2.839057006330456,1.9398,2.2303410172138705,2.839057006330456,linear_global
all_crops,07_01,224,2019,sunflower,3.961,2.7612694680668817,2.8208,2.2303410172138705,2.7612694680668817,linear_global
all_crops,07_01,225,2019,sunflower,3.961,2.7136705990572656,2.7367999999999997,2.2303410172138705,2.7136705990572656,linear_global
all_crops,07_01,226,2019,sunflower,2.9829999999999997,2.511367017901634,2.232,2.2303410172138705,2.511367017901634,linear_global
all_crops,07_01,227,2019,oil_seed_raps_spring,1.161,2.2212216709799497,1.8331,1.6452083064410872,2.2212216709799497,linear_global
all_crops,07_01,228,2019,soya,1.468,1.9414504173596048,1.5787,1.5657027830454833,1.9414504173596048,linear_global
all_crops,07_01,229,2019,soya,1.468,1.7732826320834585,2.3071,1.5657027830454833,1.7732826320834585,linear_global
all_crops,07_01,230,2019,wheat_winter,4.503,4.264210381330393,3.7936,3.518703379214148,4.264210381330393,linear_global
all_crops,07_01,231,2019,wheat_winter,4.303,4.526869541671211,3.9967,3.518703379214148,4.526869541671211,linear_global
all_crops,07_01,232,2019,wheat_winter,3.404,4.3740294239971025,3.6744,3.518703379214148,4.3740294239971025,linear_global
all_crops,07_01,207,2020,oil_seed_raps_spring,0.438,1.809002864819519,1.3694000000000002,1.6826990137403557,1.7991693508818183,linear_global
all_crops,07_01,208,2020,wheat_spring,0.505,2.4803151736648785,1.2673,2.775179717236985,2.2044274951946474,linear_global
all_crops,07_01,209,2020,maize,0.5780000000000001,5.544413045420973,4.3353,6.027426688447606,4.054163603320751,linear_global
all_crops,07_01,210,2020,wheat_winter,0.211,2.655902083729204,2.1024000000000003,3.4657804752870542,2.310425887300227,linear_global
all_crops,07_01,211,2020,wheat_winter,0.319,2.8302400013889564,2.3897,3.4657804752870542,2.4156702870575817,linear_global
all_crops,07_01,213,2020,wheat_spring,0.5780000000000001,2.2832111817773977,2.2992,2.775179717236985,2.0854396605661427,linear_global
all_crops,07_01,214,2020,wheat_spring,0.319,2.27571395648774,2.1065,2.775179717236985,2.0809137319210866,linear_global
all_crops,07_01,215,2020,wheat_spring,1.409,2.699166224973522,1.4959,2.775179717236985,2.3365436053353945,linear_global
all_crops,07_01,216,2020,wheat_spring,1.246,2.7008124880485505,1.9066,2.775179717236985,2.337537422237075,linear_global
all_crops,07_01,217,2020,wheat_spring,0.337,2.3632727808196794,1.7108,2.775179717236985,2.1337712859975286,linear_global
all_crops,07_01,219,2020,wheat_spring,0.425,2.3314353620307298,2.0603,2.775179717236985,2.1145516573863508,linear_global
all_crops,07_01,220,2020,wheat_spring,0.513,2.3999079079589047,1.7684000000000002,2.775179717236985,2.155887197541953,linear_global
all_crops,07_01,221,2020,wheat_spring,0.38,2.7088613574522995,2.2152000000000003,2.775179717236985,2.342396367671861,linear_global
all_crops,07_01,222,2020,wheat_spring,0.21,2.365739962224854,2.492,2.775179717236985,2.135260675279939,linear_global
all_crops,07_01,223,2020,wheat_spring,0.21,2.34068531968486,1.3154,2.775179717236985,2.1201356763660306,linear_global
all_crops,07_01,224,2020,wheat_spring,0.857,2.4624447206677296,1.6532,2.775179717236985,2.1936394513524147,linear_global
all_crops,07_01,225,2020,wheat_spring,2.335,2.827133452661704,3.245,2.775179717236985,2.4137949241961603,linear_global
all_crops,07_01,226,2020,wheat_spring,0.502,2.4203153111873186,1.8243,2.775179717236985,2.168206748745796,linear_global
all_crops,07_01,227,2020,wheat_winter,0.5650000000000001,2.6819926622151207,1.8151,3.4657804752870542,2.3261762605347602,linear_global
all_crops,07_01,228,2020,wheat_winter,1.3,2.9258280684407825,2.1523,3.4657804752870542,2.473374938322656,linear_global
all_crops,07_01,229,2020,wheat_winter,3.285,2.8881181772658193,2.7312000000000003,3.4657804752870542,2.4506102126972773,linear_global
all_crops,07_01,230,2020,oil_seed_raps_winter,0.1679999999999999,1.810480062119176,1.2972,1.7397895608539231,1.8000611060731877,linear_global
all_crops,07_01,231,2020,oil_seed_raps_winter,0.362,1.805304116506746,2.0039,1.7397895608539231,1.7969364886837562,linear_global
all_crops,07_01,232,2020,oil_seed_raps_winter,0.223,1.7677642964706988,1.9402,1.7397895608539231,1.774274431687047,linear_global
all_crops,07_01,195,2021,barley_spring,2.022276422764228,3.5065488744130757,2.9562,2.9819317050782614,2.1809843079230067,linear_global
all_crops,07_01,197,2021,barley_spring,2.5284548104956266,3.669885022848504,2.8515,2.9819317050782614,2.290699932555892,linear_global
all_crops,07_01,207,2021,barley_spring,3.525020286718961,3.620197513563509,3.1924,2.9819317050782614,2.25732400095793,linear_global
all_crops,07_01,208,2021,sunflower,2.1216153846153847,2.821249312619695,2.7356000000000003,2.257415477956708,1.7206571225263965,linear_global
all_crops,07_01,209,2021,sunflower,2.268059008785016,2.507295706205865,2.1295,2.257415477956708,1.5097692305111279,linear_global
all_crops,07_01,210,2021,sunflower,1.4783400809716598,2.8516104378012086,2.2004,2.257415477956708,1.7410511984597095,linear_global
all_crops,07_01,211,2021,sunflower,2.1389247311827955,3.0603086796198467,2.3226,2.257415477956708,1.8812373004355925,linear_global
all_crops,07_01,212,2021,sunflower,3.3983823529411765,3.045083538405472,2.1821,2.257415477956708,1.8710103182613473,linear_global
all_crops,07_01,213,2021,wheat_spring,1.3155714285714286,2.796534942096552,1.8895,2.7862022677059213,1.7040560662058655,linear_global
all_crops,07_01,214,2021,wheat_spring,1.5857777777777775,3.0111062119509167,2.0593,2.7862022677059213,1.8481871794091982,linear_global
all_crops,07_01,215,2021,sunflower,2.9865822784810128,2.6163966565852173,2.2252,2.257415477956708,1.583054164884637,linear_global
all_crops,07_01,216,2021,sunflower,2.925945945945946,2.8340826385285824,2.3702,2.257415477956708,1.729277482328548,linear_global
all_crops,07_01,217,2021,sunflower,2.768578431372549,2.9345491108185406,2.068,2.257415477956708,1.7967624932556476,linear_global
all_crops,07_01,218,2021,sunflower,2.12974358974359,2.697259165932471,2.1287,2.257415477956708,1.637370865794992,linear_global
all_crops,07_01,219,2021,sunflower,2.818952380952381,2.7600391874496704,1.6074000000000002,2.257415477956708,1.6795412569864345,linear_global
all_crops,07_01,220,2021,sunflower,2.0264,2.9068383351545832,2.4085,2.257415477956708,1.7781487014517177,linear_global
all_crops,07_01,221,2021,sunflower,1.7475,2.7529579392204284,2.4882999999999997,2.257415477956708,1.6747846640332282,linear_global
all_crops,07_01,222,2021,sunflower,2.9396774193548385,2.6750214082361747,2.7789,2.257415477956708,1.622433391760893,linear_global
all_crops,07_01,223,2021,sunflower,2.8625714285714285,2.9172399751481075,1.9953,2.257415477956708,1.785135657125814,linear_global
all_crops,07_01,224,2021,sunflower,2.0925,2.435647164094095,2.6346,2.257415477956708,1.46164170560542,linear_global
all_crops,07_01,225,2021,sunflower,1.85,2.756662838357503,2.7541,2.257415477956708,1.677273306791856,linear_global
all_crops,07_01,226,2021,sunflower,2.4555,2.64212743157338,2.0779,2.257415477956708,1.6003379570957075,linear_global
all_crops,07_01,227,2021,wheat_winter,2.8346242774566472,3.7419256154639817,3.556,3.569358367455552,2.339090804346622,linear_global
all_crops,07_01,228,2021,wheat_winter,2.4169491525423727,3.637929803032281,2.8911,3.569358367455552,2.2692350765763596,linear_global
all_crops,07_01,229,2021,wheat_winter,2.9450000000000003,2.718273404160831,2.3245,3.569358367455552,1.6514864813246446,linear_global
all_crops,07_01,230,2021,wheat_winter,2.123766816143498,3.4211922705374547,2.4353,3.569358367455552,2.123648848501066,linear_global
all_crops,07_01,231,2021,wheat_winter,3.5069787234042553,3.580580767950632,3.1704,3.569358367455552,2.230712769871155,linear_global
all_crops,07_01,232,2021,wheat_winter,3.2479729729729727,3.6715761638302022,3.3893999999999997,3.569358367455552,2.2918359002576327,linear_global
all_crops,07_01,233,2021,wheat_winter,3.6453846153846152,3.455685416131886,3.2509,3.569358367455552,2.1468184717026455,linear_global
all_crops,07_01,234,2021,wheat_winter,5.389142857142858,3.5971061716241746,2.7121,3.569358367455552,2.241813160101491,linear_global
all_crops,07_01,195,2022,wheat_winter,2.1216260162601626,3.364154389687249,2.4328,3.5270951632339247,2.393200481575588,linear_global
all_crops,07_01,197,2022,wheat_winter,1.5206997084548106,3.566843636920078,2.4524999999999997,3.5270951632339247,2.5480469125133736,linear_global
all_crops,07_01,207,2022,wheat_winter,1.8862140474258409,3.157258378143359,2.8611999999999997,3.5270951632339247,2.2351402519372927,linear_global
all_crops,07_01,208,2022,wheat_spring,2.356923076923077,3.6678349551954614,1.8747,2.6779088961876263,2.6252002169147737,linear_global
all_crops,07_01,209,2022,wheat_spring,2.657417536880491,3.6535920793770087,3.1563,2.6779088961876263,2.6143192327634828,linear_global
all_crops,07_01,210,2022,wheat_spring,3.0655870445344133,3.316703470927073,3.8599,2.6779088961876263,2.356949888537015,linear_global
all_crops,07_01,212,2022,wheat_spring,3.1773529411764705,3.4622657482328822,3.0978000000000003,2.6779088961876263,2.4681536126008243,linear_global
all_crops,07_01,213,2022,sunflower,1.481428571428571,2.8641338813927346,2.8958,2.2824328364554223,2.0112049284707747,linear_global
all_crops,07_01,214,2022,sunflower,1.002222222222222,2.7753373182895995,3.2154000000000003,2.2824328364554223,1.9433679264404307,linear_global
all_crops,07_01,215,2022,wheat_spring,2.858987341772152,3.5035240561761407,2.9058,2.6779088961876263,2.4996733000966636,linear_global
all_crops,07_01,216,2022,wheat_spring,3.1270270270270273,3.694645317750413,3.7896,2.6779088961876263,2.645682255357659,linear_global
all_crops,07_01,217,2022,wheat_spring,3.063725490196078,3.655059561232119,3.4240000000000004,2.6779088961876263,2.6154403298657316,linear_global
all_crops,07_01,218,2022,wheat_spring,2.1723076923076925,3.4888340508513664,3.059,2.6779088961876263,2.488450726990033,linear_global
all_crops,07_01,219,2022,wheat_spring,2.827547619047619,3.0519101927876915,3.0893,2.6779088961876263,2.154658476358153,linear_global
all_crops,07_01,220,2022,wheat_spring,3.4832,3.4903927736339577,3.0504,2.6779088961876263,2.4896415284903632,linear_global
all_crops,07_01,222,2022,wheat_spring,3.2700483870967743,3.864754812806683,2.65,2.6779088961876263,2.7756390662773547,linear_global
all_crops,07_01,223,2022,wheat_spring,3.2311428571428573,3.406645418151805,2.9854,2.6779088961876263,2.4256619179588137,linear_global
all_crops,07_01,224,2022,wheat_spring,3.079423076923077,3.642816377951356,3.1172999999999997,2.6779088961876263,2.6060870303679757,linear_global
all_crops,07_01,226,2022,wheat_spring,1.6934999999999998,3.6339603721044766,3.1174,2.6779088961876263,2.599321398167575,linear_global
all_crops,07_01,227,2022,wheat_winter,2.217514450867052,3.4370931364125052,2.6258,3.5270951632339247,2.4489227498343835,linear_global
all_crops,07_01,228,2022,wheat_spring,4.564745762711865,3.5569813551945555,2.8893999999999997,2.6779088961876263,2.540512526022975,linear_global
all_crops,07_01,229,2022,wheat_spring,2.841666666666667,2.9424976552454116,2.1967,2.6779088961876263,2.0710716992125104,linear_global
all_crops,07_01,230,2022,sunflower,3.257219730941704,2.9314244191477044,1.8525,2.2824328364554223,2.062612192297021,linear_global
all_crops,07_01,231,2022,wheat_winter,1.5712340425531914,2.9449390368390405,2.1225,3.5270951632339247,2.072936816536156,linear_global
all_crops,07_01,232,2022,wheat_winter,1.847837837837838,2.7653065928353326,2.2283,3.5270951632339247,1.9357048557175627,linear_global
all_crops,07_01,234,2022,wheat_spring,3.975428571428571,3.2893366366044177,3.5385,2.6779088961876263,2.3360427280498035,linear_global
all_crops,07_01,195,2023,wheat_winter,0.8904065040650406,2.451500727973427,2.4748,3.605240949754569,1.727534335072595,linear_global
all_crops,07_01,197,2023,wheat_winter,1.0820991253644316,2.4695973714273416,2.8075,3.605240949754569,1.7422770000574028,linear_global
all_crops,07_01,207,2023,wheat_winter,1.068974844468488,2.3884484921639024,3.0064,3.605240949754569,1.6761680144921978,linear_global
all_crops,07_01,208,2023,wheat_spring,2.018076923076923,2.567966094433479,2.0981,2.8347937514606945,1.8224143543660074,linear_global
all_crops,07_01,209,2023,wheat_winter,1.4882148184982598,2.637944869651996,3.1699,3.605240949754569,1.8794234699912917,linear_global
all_crops,07_01,210,2023,pea,1.7267206477732793,2.627708496160444,1.872,2.4053981346767683,1.871084275740732,linear_global
all_crops,07_01,212,2023,wheat_spring,2.9445588235294116,2.4337600415526133,1.7012,2.8347937514606945,1.7130816550953027,linear_global
all_crops,07_01,215,2023,barley_spring,2.2745063291139243,2.8281721638510646,2.1417,3.0043107101053974,2.0343945991117423,linear_global
all_crops,07_01,216,2023,barley_spring,2.696783783783784,2.99034754793114,2.316,3.0043107101053974,2.1665128763140205,linear_global
all_crops,07_01,217,2023,barley_spring,2.021480392156863,2.5635182581512415,1.921,3.0043107101053974,1.8187908669285004,linear_global
all_crops,07_01,218,2023,barley_spring,3.3693589743589745,2.9476514191030256,2.1646,3.0043107101053974,2.131729921946595,linear_global
all_crops,07_01,219,2023,sunflower,2.802523809523809,2.5418657698467375,1.6792000000000002,2.256223661763095,1.8011513868794131,linear_global
all_crops,07_01,220,2023,barley_spring,3.3728800000000003,2.9076271229520865,2.6805,3.0043107101053974,2.099123610676292,linear_global
all_crops,07_01,222,2023,barley_spring,4.5005,3.0591935170960913,2.5429,3.0043107101053974,2.222599136815204,linear_global
all_crops,07_01,223,2023,barley_spring,2.3584285714285715,2.7385323957343632,1.7638000000000005,3.0043107101053974,1.9613684009647858,linear_global
all_crops,07_01,224,2023,barley_spring,2.481451923076923,2.6798244053331715,2.0122,3.0043107101053974,1.9135411761747179,linear_global
all_crops,07_01,227,2023,sunflower,2.6015895953757227,2.435845881330581,1.9678,2.256223661763095,1.7147809114870682,linear_global
all_crops,07_01,228,2023,wheat_winter,1.5016949152542372,2.789629129750401,2.3086,3.605240949754569,2.0029950171566036,linear_global
all_crops,07_01,229,2023,wheat_winter,3.443333333333334,2.568186000609907,2.3579999999999997,3.605240949754569,1.8225935037809486,linear_global
all_crops,07_01,230,2023,wheat_spring,0.9786995515695068,2.367079303965513,1.466,2.8347937514606945,1.6587593285439748,linear_global
all_crops,07_01,231,2023,sunflower,2.2995063829787235,2.454095216877476,1.5364,2.256223661763095,1.7296479690631528,linear_global
all_crops,07_01,232,2023,sunflower,2.6881993243243243,2.409193937153565,1.8707,2.256223661763095,1.693068559956456,linear_global
all_crops,07_01,234,2023,wheat_winter,1.7062857142857142,3.0131488071723243,2.5372,3.605240949754569,2.1850882174860224,linear_global
all_crops,07_01,195,2024,sunflower,2.7365853658536587,3.1283745418360978,2.5282,2.2547869646006644,2.342994425225774,linear_global
all_crops,07_01,197,2024,sunflower,3.2877551020408164,3.0584700899739716,2.4313,2.2547869646006644,2.2872894737317293,linear_global
all_crops,07_01,207,2024,sunflower,3.107023712920386,3.131835086898994,2.3039,2.2547869646006644,2.3457520392222584,linear_global
all_crops,07_01,208,2024,sunflower,2.360615384615385,2.691537254050183,2.3794,2.2547869646006644,1.994890702520119,linear_global
all_crops,07_01,210,2024,wheat_winter,5.519493927125506,4.740559135266784,5.6729,3.5237797966522484,3.627700365751989,linear_global
all_crops,07_01,212,2024,sunflower,1.900882352941176,2.853257925655357,2.5942,2.2547869646006644,2.123761495829799,linear_global
all_crops,07_01,215,2024,wheat_winter,4.476708860759494,3.7958727314397303,4.1198999999999995,3.5237797966522484,2.874905530795553,linear_global
all_crops,07_01,216,2024,wheat_winter,5.342162162162162,4.408961762534345,4.7169,3.5237797966522484,3.363459461609789,linear_global
all_crops,07_01,217,2024,sunflower,2.9758823529411766,2.9648430131087524,2.9491,2.2547869646006644,2.2126806092549316,linear_global
all_crops,07_01,218,2024,wheat_spring,4.027153846153846,3.954118266937951,3.5061,2.7584835033320987,3.001007082903616,linear_global
all_crops,07_01,219,2024,wheat_spring,3.6718380952380953,3.877639324953936,4.2484,2.7584835033320987,2.940063099508424,linear_global
all_crops,07_01,220,2024,wheat_spring,3.12756,3.841528132281278,3.6352,2.7584835033320987,2.9112870747683983,linear_global
all_crops,07_01,222,2024,wheat_spring,3.6562580645161287,3.95740567933028,3.1422999999999996,2.7584835033320987,3.003626732196007,linear_global
all_crops,07_01,223,2024,wheat_spring,3.350857142857143,3.7660995862796542,3.9329,2.7584835033320987,2.8511801232887706,linear_global
all_crops,07_01,224,2024,wheat_winter,5.0582692307692305,4.434637864275788,4.3833,3.5237797966522484,3.383920046936804,linear_global
all_crops,07_01,226,2024,wheat_winter,4.9315,4.393391526680332,5.2123,3.5237797966522484,3.351051965235891,linear_global
all_crops,07_01,227,2024,barley_spring,3.007739884393064,4.056174097048885,4.3205,2.9569590723634662,3.0823325910018227,linear_global
all_crops,07_01,228,2024,sunflower,3.052881355932203,2.8250997553870096,2.4486999999999997,2.2547869646006644,2.1013230177761693,linear_global
all_crops,07_01,229,2024,sunflower,3.2544166666666663,2.5221133157310947,2.7904,2.2547869646006644,1.8598813860232375,linear_global
all_crops,07_01,230,2024,sunflower,3.2521793721973093,3.0355550306813264,2.7013000000000003,2.2547869646006644,2.2690290878424646,linear_global
all_crops,07_01,231,2024,wheat_spring,3.806382978723404,4.25393326035476,3.8621,2.7584835033320987,3.239921475629428,linear_global
all_crops,07_01,232,2024,wheat_spring,3.330304054054054,3.9978824101264703,3.8087,2.7584835033320987,3.035881535224666,linear_global
all_crops,07_01,234,2024,sunflower,3.295057142857143,2.8225352789685836,2.2541,2.2547869646006644,2.0992794564479467,linear_global
all_crops,07_01,195,2025,wheat_spring,2.7195121951219514,3.342073515674513,3.6697,2.7859952931393197,2.697361658105804,linear_global
all_crops,07_01,197,2025,wheat_spring,3.779416909620991,3.4771368593166883,3.7805,2.7859952931393197,2.827750562054943,linear_global
all_crops,07_01,208,2025,wheat_spring,3.8430769230769233,3.3707907634278356,2.6100000000000003,2.7859952931393197,2.7250850237357245,linear_global
all_crops,07_01,209,2025,sunflower,2.332040444223438,2.94408065550846,2.6901,2.253882200699135,2.313143028407746,linear_global
all_crops,07_01,210,2025,sunflower,3.192550607287449,2.8866554813771343,2.52,2.253882200699135,2.2577052959175083,linear_global
all_crops,07_01,212,2025,wheat_spring,1.7024264705882353,2.46933586595679,2.3390999999999997,2.7859952931393197,1.8548287952787121,linear_global
all_crops,07_01,213,2025,barley_spring,1.53,3.2732976045413062,2.826,2.9620422462150753,2.6309660289962493,linear_global
all_crops,07_01,214,2025,barley_spring,1.53,3.248537706084996,2.9945,2.9620422462150753,2.607063051811238,linear_global
all_crops,07_01,215,2025,sunflower,3.0739240506329115,2.7494029922166554,2.6576,2.253882200699135,2.125203011112991,linear_global
all_crops,07_01,216,2025,sunflower,2.986756756756757,2.8580149336870253,2.8066,2.253882200699135,2.2300559758198957,linear_global
all_crops,07_01,217,2025,wheat_spring,2.5629901960784314,2.754455425123167,2.7976,2.7859952931393197,2.1300805831557943,linear_global
all_crops,07_01,218,2025,wheat_spring,4.112820512820513,3.1846621153429746,2.6811,2.7859952931393197,2.5453981467277305,linear_global
all_crops,07_01,219,2025,barley_spring,3.528095238095238,3.365453193031109,2.9497,2.9620422462150753,2.719932182594575,linear_global
all_crops,07_01,220,2025,wheat_spring,3.3072000000000004,3.500303765717387,3.0496,2.7859952931393197,2.8501156794289226,linear_global
all_crops,07_01,222,2025,sunflower,2.972258064516129,2.6527255325494266,2.3774,2.253882200699135,2.031871484862661,linear_global
all_crops,07_01,223,2025,sunflower,3.305142857142857,2.7442689157198625,2.3918,2.253882200699135,2.120246621102528,linear_global
all_crops,07_01,224,2025,sunflower,3.0742307692307693,2.788966279045913,2.7087,2.253882200699135,2.1633970426479947,linear_global
all_crops,07_01,226,2025,sunflower,3.0420000000000003,2.7335121001059486,2.7547,2.253882200699135,2.109862090703243,linear_global
all_crops,07_01,227,2025,pea,1.5521965317919073,3.020664384208748,2.3936,2.337815103722531,2.387076252451302,linear_global
all_crops,07_01,228,2025,wheat_spring,3.004576271186441,3.503465336849046,3.2354,2.7859952931393197,2.8531678309860937,linear_global
all_crops,07_01,229,2025,wheat_spring,3.5050000000000003,3.3009667990810616,3.344,2.7859952931393197,2.657677613737941,linear_global
all_crops,07_01,230,2025,wheat_spring,3.6687443946188343,3.3399574445972324,3.2042,2.7859952931393197,2.695318822640572,linear_global
all_crops,07_01,231,2025,pea,1.3324255319148937,2.8619850147305863,2.6262,2.337815103722531,2.2338886553752797,linear_global
all_crops,07_01,232,2025,pea,1.8102027027027028,2.958763324074391,2.481,2.337815103722531,2.327317540971512,linear_global
all_crops,07_01,234,2025,,4.494857142857143,3.0533852617016013,4.0216,2.498899368049851,2.4186646852377014,linear_global
all_crops,07_01,207,2018,sunflower,3.496,2.643332109438741,1.7426,2.215669563352981,2.643332109438741,linear_crop
all_crops,07_01,209,2018,sunflower,1.7399999999999998,2.403360402377677,2.1047,2.215669563352981,2.403360402377677,linear_crop
all_crops,07_01,210,2018,oil_seed_raps_winter,0.978,1.6491812635468732,1.5386,1.697975335103533,1.6491812635468732,linear_crop
all_crops,07_01,227,2018,sunflower,2.613,2.3847955129568574,2.2504,2.215669563352981,2.3847955129568574,linear_crop
all_crops,07_01,228,2018,maize,3.312,6.071544343137754,8.2518,6.214194800255046,6.071544343137754,linear_crop
all_crops,07_01,229,2018,maize,3.312,5.8731685248920416,9.1333,6.214194800255046,5.8731685248920416,linear_crop
all_crops,07_01,231,2018,soya,0.93,1.498957916841395,1.6974,1.4998837388223478,1.498957916841395,linear_crop
all_crops,07_01,232,2018,soya,0.9,1.6644065692432966,1.8109,1.4998837388223478,1.6644065692432966,linear_crop
all_crops,07_01,207,2019,wheat_spring,3.5799999999999996,3.652433796922776,2.2341,2.7949344889498353,3.652433796922776,linear_crop
all_crops,07_01,208,2019,sunflower,2.133,2.689640274218995,2.4488,2.2303410172138705,2.689640274218995,linear_crop
all_crops,07_01,210,2019,sunflower,1.965,2.872977102067493,2.1532,2.2303410172138705,2.872977102067493,linear_crop
all_crops,07_01,211,2019,sunflower,1.868,2.8403354701918975,1.8706,2.2303410172138705,2.8403354701918975,linear_crop
all_crops,07_01,215,2019,sunflower,1.672,2.74013832576636,1.6133,2.2303410172138705,2.74013832576636,linear_crop
all_crops,07_01,216,2019,sunflower,1.95,2.769547804919073,2.4646999999999997,2.2303410172138705,2.769547804919073,linear_crop
all_crops,07_01,217,2019,sunflower,1.962,2.7794387061971713,2.1968,2.2303410172138705,2.7794387061971713,linear_crop
all_crops,07_01,219,2019,sunflower,2.273,2.6702301122886616,1.8412,2.2303410172138705,2.6702301122886616,linear_crop
all_crops,07_01,220,2019,sunflower,2.7649999999999997,2.5882233952717795,2.4154,2.2303410172138705,2.5882233952717795,linear_crop
all_crops,07_01,221,2019,sunflower,1.982,2.7223813810626276,2.2328,2.2303410172138705,2.7223813810626276,linear_crop
all_crops,07_01,222,2019,sunflower,2.648,2.763194998658341,2.2677,2.2303410172138705,2.763194998658341,linear_crop
all_crops,07_01,223,2019,sunflower,2.651,2.839057006330456,1.9398,2.2303410172138705,2.839057006330456,linear_crop
all_crops,07_01,224,2019,sunflower,3.961,2.7612694680668817,2.8208,2.2303410172138705,2.7612694680668817,linear_crop
all_crops,07_01,225,2019,sunflower,3.961,2.7136705990572656,2.7367999999999997,2.2303410172138705,2.7136705990572656,linear_crop
all_crops,07_01,226,2019,sunflower,2.9829999999999997,2.511367017901634,2.232,2.2303410172138705,2.511367017901634,linear_crop
all_crops,07_01,227,2019,oil_seed_raps_spring,1.161,2.2212216709799497,1.8331,1.6452083064410872,2.2212216709799497,linear_crop
all_crops,07_01,228,2019,soya,1.468,1.9414504173596048,1.5787,1.5657027830454833,1.9414504173596048,linear_crop
all_crops,07_01,229,2019,soya,1.468,1.7732826320834585,2.3071,1.5657027830454833,1.7732826320834585,linear_crop
all_crops,07_01,230,2019,wheat_winter,4.503,4.264210381330393,3.7936,3.518703379214148,4.264210381330393,linear_crop
all_crops,07_01,231,2019,wheat_winter,4.303,4.526869541671211,3.9967,3.518703379214148,4.526869541671211,linear_crop
all_crops,07_01,232,2019,wheat_winter,3.404,4.3740294239971025,3.6744,3.518703379214148,4.3740294239971025,linear_crop
all_crops,07_01,207,2020,oil_seed_raps_spring,0.438,1.809002864819519,1.3694000000000002,1.6826990137403557,1.5526360594947861,linear_crop
all_crops,07_01,208,2020,wheat_spring,0.505,2.4803151736648785,1.2673,2.775179717236985,2.323232975647164,linear_crop
all_crops,07_01,209,2020,maize,0.5780000000000001,5.544413045420973,4.3353,6.027426688447606,3.4733588816522176,linear_crop
all_crops,07_01,210,2020,wheat_winter,0.211,2.655902083729204,2.1024000000000003,3.4657804752870542,2.678394576896063,linear_crop
all_crops,07_01,211,2020,wheat_winter,0.319,2.8302400013889564,2.3897,3.4657804752870542,2.770650836699291,linear_crop
all_crops,07_01,213,2020,wheat_spring,0.5780000000000001,2.2832111817773977,2.2992,2.775179717236985,2.218929348943799,linear_crop
all_crops,07_01,214,2020,wheat_spring,0.319,2.27571395648774,2.1065,2.775179717236985,2.2149619620814875,linear_crop
all_crops,07_01,215,2020,wheat_spring,1.409,2.699166224973522,1.4959,2.775179717236985,2.439044726290787,linear_crop
all_crops,07_01,216,2020,wheat_spring,1.246,2.7008124880485505,1.9066,2.775179717236985,2.4399158969230457,linear_crop
all_crops,07_01,217,2020,wheat_spring,0.337,2.3632727808196794,1.7108,2.775179717236985,2.2612964012790338,linear_crop
all_crops,07_01,219,2020,wheat_spring,0.425,2.3314353620307298,2.0603,2.775179717236985,2.2444486539921247,linear_crop
all_crops,07_01,220,2020,wheat_spring,0.513,2.3999079079589047,1.7684000000000002,2.775179717236985,2.2806830031878444,linear_crop
all_crops,07_01,221,2020,wheat_spring,0.38,2.7088613574522995,2.2152000000000003,2.775179717236985,2.4441752031990545,linear_crop
all_crops,07_01,222,2020,wheat_spring,0.21,2.365739962224854,2.492,2.775179717236985,2.262601986040816,linear_crop
all_crops,07_01,223,2020,wheat_spring,0.21,2.34068531968486,1.3154,2.775179717236985,2.2493435529788943,linear_crop
all_crops,07_01,224,2020,wheat_spring,0.857,2.4624447206677296,1.6532,2.775179717236985,2.313776276974624,linear_crop
all_crops,07_01,225,2020,wheat_spring,2.335,2.827133452661704,3.245,2.775179717236985,2.5067625123144825,linear_crop
all_crops,07_01,226,2020,wheat_spring,0.502,2.4203153111873186,1.8243,2.775179717236985,2.291482206937795,linear_crop
all_crops,07_01,227,2020,wheat_winter,0.5650000000000001,2.6819926622151207,1.8151,3.4657804752870542,2.692201207258087,linear_crop
all_crops,07_01,228,2020,wheat_winter,1.3,2.9258280684407825,2.1523,3.4657804752870542,2.82123419611071,linear_crop
all_crops,07_01,229,2020,wheat_winter,3.285,2.8881181772658193,2.7312000000000003,3.4657804752870542,2.801278849826383,linear_crop
all_crops,07_01,230,2020,oil_seed_raps_winter,0.1679999999999999,1.810480062119176,1.2972,1.7397895608539231,1.5834094505283407,linear_crop
all_crops,07_01,231,2020,oil_seed_raps_winter,0.362,1.805304116506746,2.0039,1.7397895608539231,1.5806704400505418,linear_crop
all_crops,07_01,232,2020,oil_seed_raps_winter,0.223,1.7677642964706988,1.9402,1.7397895608539231,1.5608050921290921,linear_crop
all_crops,07_01,195,2021,barley_spring,2.022276422764228,3.5065488744130757,2.9562,2.9819317050782614,2.082333482566848,linear_crop
all_crops,07_01,197,2021,barley_spring,2.5284548104956266,3.669885022848504,2.8515,2.9819317050782614,2.207677767420996,linear_crop
all_crops,07_01,207,2021,barley_spring,3.525020286718961,3.620197513563509,3.1924,2.9819317050782614,2.169547534908665,linear_crop
all_crops,07_01,208,2021,sunflower,2.1216153846153847,2.821249312619695,2.7356000000000003,2.257415477956708,2.451649048871823,linear_crop
all_crops,07_01,209,2021,sunflower,2.268059008785016,2.507295706205865,2.1295,2.257415477956708,2.2107208119183266,linear_crop
all_crops,07_01,210,2021,sunflower,1.4783400809716598,2.8516104378012086,2.2004,2.257415477956708,2.474948199486658,linear_crop
all_crops,07_01,211,2021,sunflower,2.1389247311827955,3.0603086796198467,2.3226,2.257415477956708,2.6351033893919524,linear_crop
all_crops,07_01,212,2021,sunflower,3.3983823529411765,3.045083538405472,2.1821,2.257415477956708,2.623419604414779,linear_crop
all_crops,07_01,213,2021,wheat_spring,1.3155714285714286,2.796534942096552,1.8895,2.7862022677059213,1.1560619600000406,linear_crop
all_crops,07_01,214,2021,wheat_spring,1.5857777777777775,3.0111062119509167,2.0593,2.7862022677059213,1.3207241160981704,linear_crop
all_crops,07_01,215,2021,sunflower,2.9865822784810128,2.6163966565852173,2.2252,2.257415477956708,2.2944449644295757,linear_crop
all_crops,07_01,216,2021,sunflower,2.925945945945946,2.8340826385285824,2.3702,2.257415477956708,2.4614973529597917,linear_crop
all_crops,07_01,217,2021,sunflower,2.768578431372549,2.9345491108185406,2.068,2.257415477956708,2.538595400401398,linear_crop
all_crops,07_01,218,2021,sunflower,2.12974358974359,2.697259165932471,2.1287,2.257415477956708,2.356498915760811,linear_crop
all_crops,07_01,219,2021,sunflower,2.818952380952381,2.7600391874496704,1.6074000000000002,2.257415477956708,2.4046763521432553,linear_crop
all_crops,07_01,220,2021,sunflower,2.0264,2.9068383351545832,2.4085,2.257415477956708,2.5173301300272435,linear_crop
all_crops,07_01,221,2021,sunflower,1.7475,2.7529579392204284,2.4882999999999997,2.257415477956708,2.3992421968526405,linear_crop
all_crops,07_01,222,2021,sunflower,2.9396774193548385,2.6750214082361747,2.7789,2.257415477956708,2.339433643548248,linear_crop
all_crops,07_01,223,2021,sunflower,2.8625714285714285,2.9172399751481075,1.9953,2.257415477956708,2.5253123564895876,linear_crop
all_crops,07_01,224,2021,sunflower,2.0925,2.435647164094095,2.6346,2.257415477956708,2.1557376660693075,linear_crop
all_crops,07_01,225,2021,sunflower,1.85,2.756662838357503,2.7541,2.257415477956708,2.4020853392754398,linear_crop
all_crops,07_01,226,2021,sunflower,2.4555,2.64212743157338,2.0779,2.257415477956708,2.3141907807753634,linear_crop
all_crops,07_01,227,2021,wheat_winter,2.8346242774566472,3.7419256154639817,3.556,3.569358367455552,2.438051210625153,linear_crop
all_crops,07_01,228,2021,wheat_winter,2.4169491525423727,3.637929803032281,2.8911,3.569358367455552,2.35824474486763,linear_crop
all_crops,07_01,229,2021,wheat_winter,2.9450000000000003,2.718273404160831,2.3245,3.569358367455552,1.6524997231301144,linear_crop
all_crops,07_01,230,2021,wheat_winter,2.123766816143498,3.4211922705374547,2.4353,3.569358367455552,2.191920197167421,linear_crop
all_crops,07_01,231,2021,wheat_winter,3.5069787234042553,3.580580767950632,3.1704,3.569358367455552,2.3142350516169863,linear_crop
all_crops,07_01,232,2021,wheat_winter,3.2479729729729727,3.6715761638302022,3.3893999999999997,3.569358367455552,2.3840649877995084,linear_crop
all_crops,07_01,233,2021,wheat_winter,3.6453846153846152,3.455685416131886,3.2509,3.569358367455552,2.2183902633978203,linear_crop
all_crops,07_01,234,2021,wheat_winter,5.389142857142858,3.5971061716241746,2.7121,3.569358367455552,2.326916658996783,linear_crop
all_crops,07_01,195,2022,wheat_winter,2.1216260162601626,3.364154389687249,2.4328,3.5270951632339247,2.603647355958718,linear_crop
all_crops,07_01,197,2022,wheat_winter,1.5206997084548106,3.566843636920078,2.4524999999999997,3.5270951632339247,2.7718514458347503,linear_crop
all_crops,07_01,207,2022,wheat_winter,1.8862140474258409,3.157258378143359,2.8611999999999997,3.5270951632339247,2.4319522325329284,linear_crop
all_crops,07_01,208,2022,wheat_spring,2.356923076923077,3.6678349551954614,1.8747,2.6779088961876263,1.9307479799912866,linear_crop
all_crops,07_01,209,2022,wheat_spring,2.657417536880491,3.6535920793770087,3.1563,2.6779088961876263,1.9189283595774407,linear_crop
all_crops,07_01,210,2022,wheat_spring,3.0655870445344133,3.316703470927073,3.8599,2.6779088961876263,1.6393573288121426,linear_crop
all_crops,07_01,212,2022,wheat_spring,3.1773529411764705,3.4622657482328822,3.0978000000000003,2.6779088961876263,1.7601539211759265,linear_crop
all_crops,07_01,213,2022,sunflower,1.481428571428571,2.8641338813927346,2.8958,2.2824328364554223,2.5005222954017636,linear_crop
all_crops,07_01,214,2022,sunflower,1.002222222222222,2.7753373182895995,3.2154000000000003,2.2824328364554223,2.42683340817764,linear_crop
all_crops,07_01,215,2022,wheat_spring,2.858987341772152,3.5035240561761407,2.9058,2.6779088961876263,1.7943926202296019,linear_crop
all_crops,07_01,216,2022,wheat_spring,3.1270270270270273,3.694645317750413,3.7896,2.6779088961876263,1.9529968792021157,linear_crop
all_crops,07_01,217,2022,wheat_spring,3.063725490196078,3.655059561232119,3.4240000000000004,2.6779088961876263,1.9201461669017972,linear_crop
all_crops,07_01,218,2022,wheat_spring,2.1723076923076925,3.4888340508513664,3.059,2.6779088961876263,1.7822019440607306,linear_crop
all_crops,07_01,219,2022,wheat_spring,2.827547619047619,3.0519101927876915,3.0893,2.6779088961876263,1.419615467994221,linear_crop
all_crops,07_01,220,2022,wheat_spring,3.4832,3.4903927736339577,3.0504,2.6779088961876263,1.783495468757251,linear_crop
all_crops,07_01,222,2022,wheat_spring,3.2700483870967743,3.864754812806683,2.65,2.6779088961876263,2.0941642730616596,linear_crop
all_crops,07_01,223,2022,wheat_spring,3.2311428571428573,3.406645418151805,2.9854,2.6779088961876263,1.713996726713877,linear_crop
all_crops,07_01,224,2022,wheat_spring,3.079423076923077,3.642816377951356,3.1172999999999997,2.6779088961876263,1.9099860151964596,linear_crop
all_crops,07_01,226,2022,wheat_spring,1.6934999999999998,3.6339603721044766,3.1174,2.6779088961876263,1.9026367530932755,linear_crop
all_crops,07_01,227,2022,wheat_winter,2.217514450867052,3.4370931364125052,2.6258,3.5270951632339247,2.664176445079698,linear_crop
all_crops,07_01,228,2022,wheat_spring,4.564745762711865,3.5569813551945555,2.8893999999999997,2.6779088961876263,1.8387547975595842,linear_crop
all_crops,07_01,229,2022,wheat_spring,2.841666666666667,2.9424976552454116,2.1967,2.6779088961876263,1.328818168435522,linear_crop
all_crops,07_01,230,2022,sunflower,3.257219730941704,2.9314244191477044,1.8525,2.2824328364554223,2.556364150926255,linear_crop
all_crops,07_01,231,2022,wheat_winter,1.5712340425531914,2.9449390368390405,2.1225,3.5270951632339247,2.255756494205734,linear_crop
all_crops,07_01,232,2022,wheat_winter,1.847837837837838,2.7653065928353326,2.2283,3.5270951632339247,2.1066863675544516,linear_crop
all_crops,07_01,234,2022,wheat_spring,3.975428571428571,3.2893366366044177,3.5385,2.6779088961876263,1.616646634866239,linear_crop
all_crops,07_01,195,2023,wheat_winter,0.8904065040650406,2.451500727973427,2.4748,3.605240949754569,1.504652581851102,linear_crop
all_crops,07_01,197,2023,wheat_winter,1.0820991253644316,2.4695973714273416,2.8075,3.605240949754569,1.523870481202446,linear_crop
all_crops,07_01,207,2023,wheat_winter,1.068974844468488,2.3884484921639024,3.0064,3.605240949754569,1.4376936717775033,linear_crop
all_crops,07_01,208,2023,wheat_spring,2.018076923076923,2.567966094433479,2.0981,2.8347937514606945,1.4858549652972814,linear_crop
all_crops,07_01,209,2023,wheat_winter,1.4882148184982598,2.637944869651996,3.1699,3.605240949754569,1.7026486775663745,linear_crop
all_crops,07_01,210,2023,pea,1.7267206477732793,2.627708496160444,1.872,2.4053981346767683,1.5142204924780276,linear_crop
all_crops,07_01,212,2023,wheat_spring,2.9445588235294116,2.4337600415526133,1.7012,2.8347937514606945,1.3433335953441317,linear_crop
all_crops,07_01,215,2023,barley_spring,2.2745063291139243,2.8281721638510646,2.1417,3.0043107101053974,1.7998168847183098,linear_crop
all_crops,07_01,216,2023,barley_spring,2.696783783783784,2.99034754793114,2.316,3.0043107101053974,1.9720405468827007,linear_crop
all_crops,07_01,217,2023,barley_spring,2.021480392156863,2.5635182581512415,1.921,3.0043107101053974,1.5187652004304675,linear_crop
all_crops,07_01,218,2023,barley_spring,3.3693589743589745,2.9476514191030256,2.1646,3.0043107101053974,1.9266989945334878,linear_crop
all_crops,07_01,219,2023,sunflower,2.802523809523809,2.5418657698467375,1.6792000000000002,2.256223661763095,2.1438296978180205,linear_crop
all_crops,07_01,220,2023,barley_spring,3.3728800000000003,2.9076271229520865,2.6805,3.0043107101053974,1.8841948198230807,linear_crop
all_crops,07_01,222,2023,barley_spring,4.5005,3.0591935170960913,2.5429,3.0043107101053974,2.0451521661466345,linear_crop
all_crops,07_01,223,2023,barley_spring,2.3584285714285715,2.7385323957343632,1.7638000000000005,3.0043107101053974,1.704623096658573,linear_crop
all_crops,07_01,224,2023,barley_spring,2.481451923076923,2.6798244053331715,2.0122,3.0043107101053974,1.6422775985266689,linear_crop
all_crops,07_01,227,2023,sunflower,2.6015895953757227,2.435845881330581,1.9678,2.256223661763095,2.0312408880791923,linear_crop
all_crops,07_01,228,2023,wheat_winter,1.5016949152542372,2.789629129750401,2.3086,3.605240949754569,1.863731192739852,linear_crop
all_crops,07_01,229,2023,wheat_winter,3.443333333333334,2.568186000609907,2.3579999999999997,3.605240949754569,1.6285675957608732,linear_crop
all_crops,07_01,230,2023,wheat_spring,0.9786995515695068,2.367079303965513,1.466,2.8347937514606945,1.2725213639551631,linear_crop
all_crops,07_01,231,2023,sunflower,2.2995063829787235,2.454095216877476,1.5364,2.256223661763095,2.050620940223242,linear_crop
all_crops,07_01,232,2023,sunflower,2.6881993243243243,2.409193937153565,1.8707,2.256223661763095,2.002937607306938,linear_crop
all_crops,07_01,234,2023,wheat_winter,1.7062857142857142,3.0131488071723243,2.5372,3.605240949754569,2.1010999995397768,linear_crop
all_crops,07_01,195,2024,sunflower,2.7365853658536587,3.1283745418360978,2.5282,2.2547869646006644,2.806184532534491,linear_crop
all_crops,07_01,197,2024,sunflower,3.2877551020408164,3.0584700899739716,2.4313,2.2547869646006644,2.7351465569771354,linear_crop
all_crops,07_01,207,2024,sunflower,3.107023712920386,3.131835086898994,2.3039,2.2547869646006644,2.8097011914745824,linear_crop
all_crops,07_01,208,2024,sunflower,2.360615384615385,2.691537254050183,2.3794,2.2547869646006644,2.3622637843469154,linear_crop
all_crops,07_01,210,2024,wheat_winter,5.519493927125506,4.740559135266784,5.6729,3.5237797966522484,3.8571497966013695,linear_crop
all_crops,07_01,212,2024,sunflower,1.900882352941176,2.853257925655357,2.5942,2.2547869646006644,2.5266068098707564,linear_crop
all_crops,07_01,215,2024,wheat_winter,4.476708860759494,3.7958727314397303,4.1198999999999995,3.5237797966522484,2.89714499180307,linear_crop
all_crops,07_01,216,2024,wheat_winter,5.342162162162162,4.408961762534345,4.7169,3.5237797966522484,3.5201754633284277,linear_crop
all_crops,07_01,217,2024,sunflower,2.9758823529411766,2.9648430131087524,2.9491,2.2547869646006644,2.6400012862442193,linear_crop
all_crops,07_01,218,2024,wheat_spring,4.027153846153846,3.954118266937951,3.5061,2.7584835033320987,2.969215860612742,linear_crop
all_crops,07_01,219,2024,wheat_spring,3.6718380952380953,3.877639324953936,4.2484,2.7584835033320987,2.89149678741225,linear_crop
all_crops,07_01,220,2024,wheat_spring,3.12756,3.841528132281278,3.6352,2.7584835033320987,2.8548000398648012,linear_crop
all_crops,07_01,222,2024,wheat_spring,3.6562580645161287,3.95740567933028,3.1422999999999996,2.7584835033320987,2.972556579479029,linear_crop
all_crops,07_01,223,2024,wheat_spring,3.350857142857143,3.7660995862796542,3.9329,2.7584835033320987,2.7781483951632806,linear_crop
all_crops,07_01,224,2024,wheat_winter,5.0582692307692305,4.434637864275788,4.3833,3.5237797966522484,3.5462679115106166,linear_crop
all_crops,07_01,226,2024,wheat_winter,4.9315,4.393391526680332,5.2123,3.5237797966522484,3.504352750975269,linear_crop
all_crops,07_01,227,2024,barley_spring,3.007739884393064,4.056174097048885,4.3205,2.9569590723634662,3.6967466118067227,linear_crop
all_crops,07_01,228,2024,sunflower,3.052881355932203,2.8250997553870096,2.4486999999999997,2.2547869646006644,2.4979920456035543,linear_crop
all_crops,07_01,229,2024,sunflower,3.2544166666666663,2.5221133157310947,2.7904,2.2547869646006644,2.1900925811039484,linear_crop
all_crops,07_01,230,2024,sunflower,3.2521793721973093,3.0355550306813264,2.7013000000000003,2.2547869646006644,2.711859922455819,linear_crop
all_crops,07_01,231,2024,wheat_spring,3.806382978723404,4.25393326035476,3.8621,2.7584835033320987,3.273892452828629,linear_crop
all_crops,07_01,232,2024,wheat_spring,3.330304054054054,3.9978824101264703,3.8087,2.7584835033320987,3.0136896537875524,linear_crop
all_crops,07_01,234,2024,sunflower,3.295057142857143,2.8225352789685836,2.2541,2.2547869646006644,2.4953859853559344,linear_crop
all_crops,07_01,195,2025,wheat_spring,2.7195121951219514,3.342073515674513,3.6697,2.7859952931393197,2.48024892613249,linear_crop
all_crops,07_01,197,2025,wheat_spring,3.779416909620991,3.4771368593166883,3.7805,2.7859952931393197,2.6435153104467703,linear_crop
all_crops,07_01,208,2025,wheat_spring,3.8430769230769233,3.3707907634278356,2.6100000000000003,2.7859952931393197,2.5149627210209373,linear_crop
all_crops,07_01,209,2025,sunflower,2.332040444223438,2.94408065550846,2.6901,2.253882200699135,2.7204615447791154,linear_crop
all_crops,07_01,210,2025,sunflower,3.192550607287449,2.8866554813771343,2.52,2.253882200699135,2.6510452228059354,linear_crop
all_crops,07_01,212,2025,wheat_spring,1.7024264705882353,2.46933586595679,2.3390999999999997,2.7859952931393197,1.425271930287841,linear_crop
all_crops,07_01,213,2025,barley_spring,1.53,3.2732976045413062,2.826,2.9620422462150753,2.899877124113977,linear_crop
all_crops,07_01,214,2025,barley_spring,1.53,3.248537706084996,2.9945,2.9620422462150753,2.8699470262210935,linear_crop
all_crops,07_01,215,2025,sunflower,3.0739240506329115,2.7494029922166554,2.6576,2.253882200699135,2.4851325699788736,linear_crop
all_crops,07_01,216,2025,sunflower,2.986756756756757,2.8580149336870253,2.8066,2.253882200699135,2.6164241439843337,linear_crop
all_crops,07_01,217,2025,wheat_spring,2.5629901960784314,2.754455425123167,2.7976,2.7859952931393197,1.7699282838703678,linear_crop
all_crops,07_01,218,2025,wheat_spring,4.112820512820513,3.1846621153429746,2.6811,2.7859952931393197,2.2899679106552986,linear_crop
all_crops,07_01,219,2025,barley_spring,3.528095238095238,3.365453193031109,2.9497,2.9620422462150753,3.0112760375522973,linear_crop
all_crops,07_01,220,2025,wheat_spring,3.3072000000000004,3.500303765717387,3.0496,2.7859952931393197,2.671519778141648,linear_crop
all_crops,07_01,222,2025,sunflower,2.972258064516129,2.6527255325494266,2.3774,2.253882200699135,2.3682675579118295,linear_crop
all_crops,07_01,223,2025,sunflower,3.305142857142857,2.7442689157198625,2.3918,2.253882200699135,2.4789264293353765,linear_crop
all_crops,07_01,224,2025,sunflower,3.0742307692307693,2.788966279045913,2.7087,2.253882200699135,2.532957202614317,linear_crop
all_crops,07_01,226,2025,sunflower,3.0420000000000003,2.7335121001059486,2.7547,2.253882200699135,2.465923446107952,linear_crop
all_crops,07_01,227,2025,pea,1.5521965317919073,3.020664384208748,2.3936,2.337815103722531,2.1382896828863043,linear_crop
all_crops,07_01,228,2025,wheat_spring,3.004576271186441,3.503465336849046,3.2354,2.7859952931393197,2.675341527799985,linear_crop
all_crops,07_01,229,2025,wheat_spring,3.5050000000000003,3.3009667990810616,3.344,2.7859952931393197,2.4305585748627547,linear_crop
all_crops,07_01,230,2025,wheat_spring,3.6687443946188343,3.3399574445972324,3.2042,2.7859952931393197,2.477690990985742,linear_crop
all_crops,07_01,231,2025,pea,1.3324255319148937,2.8619850147305863,2.6262,2.337815103722531,1.9464759292700387,linear_crop
all_crops,07_01,232,2025,pea,1.8102027027027028,2.958763324074391,2.481,2.337815103722531,2.063462849781001,linear_crop
all_crops,07_01,234,2025,,4.494857142857143,3.0533852617016013,4.0216,2.498899368049851,2.157432940138491,linear_crop
all_crops,07_01,207,2018,sunflower,3.496,2.643332109438741,1.7426,2.215669563352981,2.643332109438741,blend_crop_mean
all_crops,07_01,209,2018,sunflower,1.7399999999999998,2.403360402377677,2.1047,2.215669563352981,2.403360402377677,blend_crop_mean
all_crops,07_01,210,2018,oil_seed_raps_winter,0.978,1.6491812635468732,1.5386,1.697975335103533,1.6491812635468732,blend_crop_mean
all_crops,07_01,227,2018,sunflower,2.613,2.3847955129568574,2.2504,2.215669563352981,2.3847955129568574,blend_crop_mean
all_crops,07_01,228,2018,maize,3.312,6.071544343137754,8.2518,6.214194800255046,6.071544343137754,blend_crop_mean
all_crops,07_01,229,2018,maize,3.312,5.8731685248920416,9.1333,6.214194800255046,5.8731685248920416,blend_crop_mean
all_crops,07_01,231,2018,soya,0.93,1.498957916841395,1.6974,1.4998837388223478,1.498957916841395,blend_crop_mean
all_crops,07_01,232,2018,soya,0.9,1.6644065692432966,1.8109,1.4998837388223478,1.6644065692432966,blend_crop_mean
all_crops,07_01,207,2019,wheat_spring,3.5799999999999996,3.652433796922776,2.2341,2.7949344889498353,3.652433796922776,blend_crop_mean
all_crops,07_01,208,2019,sunflower,2.133,2.689640274218995,2.4488,2.2303410172138705,2.689640274218995,blend_crop_mean
all_crops,07_01,210,2019,sunflower,1.965,2.872977102067493,2.1532,2.2303410172138705,2.872977102067493,blend_crop_mean
all_crops,07_01,211,2019,sunflower,1.868,2.8403354701918975,1.8706,2.2303410172138705,2.8403354701918975,blend_crop_mean
all_crops,07_01,215,2019,sunflower,1.672,2.74013832576636,1.6133,2.2303410172138705,2.74013832576636,blend_crop_mean
all_crops,07_01,216,2019,sunflower,1.95,2.769547804919073,2.4646999999999997,2.2303410172138705,2.769547804919073,blend_crop_mean
all_crops,07_01,217,2019,sunflower,1.962,2.7794387061971713,2.1968,2.2303410172138705,2.7794387061971713,blend_crop_mean
all_crops,07_01,219,2019,sunflower,2.273,2.6702301122886616,1.8412,2.2303410172138705,2.6702301122886616,blend_crop_mean
all_crops,07_01,220,2019,sunflower,2.7649999999999997,2.5882233952717795,2.4154,2.2303410172138705,2.5882233952717795,blend_crop_mean
all_crops,07_01,221,2019,sunflower,1.982,2.7223813810626276,2.2328,2.2303410172138705,2.7223813810626276,blend_crop_mean
all_crops,07_01,222,2019,sunflower,2.648,2.763194998658341,2.2677,2.2303410172138705,2.763194998658341,blend_crop_mean
all_crops,07_01,223,2019,sunflower,2.651,2.839057006330456,1.9398,2.2303410172138705,2.839057006330456,blend_crop_mean
all_crops,07_01,224,2019,sunflower,3.961,2.7612694680668817,2.8208,2.2303410172138705,2.7612694680668817,blend_crop_mean
all_crops,07_01,225,2019,sunflower,3.961,2.7136705990572656,2.7367999999999997,2.2303410172138705,2.7136705990572656,blend_crop_mean
all_crops,07_01,226,2019,sunflower,2.9829999999999997,2.511367017901634,2.232,2.2303410172138705,2.511367017901634,blend_crop_mean
all_crops,07_01,227,2019,oil_seed_raps_spring,1.161,2.2212216709799497,1.8331,1.6452083064410872,2.2212216709799497,blend_crop_mean
all_crops,07_01,228,2019,soya,1.468,1.9414504173596048,1.5787,1.5657027830454833,1.9414504173596048,blend_crop_mean
all_crops,07_01,229,2019,soya,1.468,1.7732826320834585,2.3071,1.5657027830454833,1.7732826320834585,blend_crop_mean
all_crops,07_01,230,2019,wheat_winter,4.503,4.264210381330393,3.7936,3.518703379214148,4.264210381330393,blend_crop_mean
all_crops,07_01,231,2019,wheat_winter,4.303,4.526869541671211,3.9967,3.518703379214148,4.526869541671211,blend_crop_mean
all_crops,07_01,232,2019,wheat_winter,3.404,4.3740294239971025,3.6744,3.518703379214148,4.3740294239971025,blend_crop_mean
all_crops,07_01,207,2020,oil_seed_raps_spring,0.438,1.809002864819519,1.3694000000000002,1.6826990137403557,1.161,blend_crop_mean
all_crops,07_01,208,2020,wheat_spring,0.505,2.4803151736648785,1.2673,2.775179717236985,3.5799999999999996,blend_crop_mean
all_crops,07_01,209,2020,maize,0.5780000000000001,5.544413045420973,4.3353,6.027426688447606,3.312,blend_crop_mean
all_crops,07_01,210,2020,wheat_winter,0.211,2.655902083729204,2.1024000000000003,3.4657804752870542,4.07,blend_crop_mean
all_crops,07_01,211,2020,wheat_winter,0.319,2.8302400013889564,2.3897,3.4657804752870542,4.07,blend_crop_mean
all_crops,07_01,213,2020,wheat_spring,0.5780000000000001,2.2832111817773977,2.2992,2.775179717236985,3.5799999999999996,blend_crop_mean
all_crops,07_01,214,2020,wheat_spring,0.319,2.27571395648774,2.1065,2.775179717236985,3.5799999999999996,blend_crop_mean
all_crops,07_01,215,2020,wheat_spring,1.409,2.699166224973522,1.4959,2.775179717236985,3.5799999999999996,blend_crop_mean
all_crops,07_01,216,2020,wheat_spring,1.246,2.7008124880485505,1.9066,2.775179717236985,3.5799999999999996,blend_crop_mean
all_crops,07_01,217,2020,wheat_spring,0.337,2.3632727808196794,1.7108,2.775179717236985,3.5799999999999996,blend_crop_mean
all_crops,07_01,219,2020,wheat_spring,0.425,2.3314353620307298,2.0603,2.775179717236985,3.5799999999999996,blend_crop_mean
all_crops,07_01,220,2020,wheat_spring,0.513,2.3999079079589047,1.7684000000000002,2.775179717236985,3.5799999999999996,blend_crop_mean
all_crops,07_01,221,2020,wheat_spring,0.38,2.7088613574522995,2.2152000000000003,2.775179717236985,3.5799999999999996,blend_crop_mean
all_crops,07_01,222,2020,wheat_spring,0.21,2.365739962224854,2.492,2.775179717236985,3.5799999999999996,blend_crop_mean
all_crops,07_01,223,2020,wheat_spring,0.21,2.34068531968486,1.3154,2.775179717236985,3.5799999999999996,blend_crop_mean
all_crops,07_01,224,2020,wheat_spring,0.857,2.4624447206677296,1.6532,2.775179717236985,3.5799999999999996,blend_crop_mean
all_crops,07_01,225,2020,wheat_spring,2.335,2.827133452661704,3.245,2.775179717236985,3.5799999999999996,blend_crop_mean
all_crops,07_01,226,2020,wheat_spring,0.502,2.4203153111873186,1.8243,2.775179717236985,3.5799999999999996,blend_crop_mean
all_crops,07_01,227,2020,wheat_winter,0.5650000000000001,2.6819926622151207,1.8151,3.4657804752870542,4.07,blend_crop_mean
all_crops,07_01,228,2020,wheat_winter,1.3,2.9258280684407825,2.1523,3.4657804752870542,4.07,blend_crop_mean
all_crops,07_01,229,2020,wheat_winter,3.285,2.8881181772658193,2.7312000000000003,3.4657804752870542,4.07,blend_crop_mean
all_crops,07_01,230,2020,oil_seed_raps_winter,0.1679999999999999,1.810480062119176,1.2972,1.7397895608539231,0.978,blend_crop_mean
all_crops,07_01,231,2020,oil_seed_raps_winter,0.362,1.805304116506746,2.0039,1.7397895608539231,0.978,blend_crop_mean
all_crops,07_01,232,2020,oil_seed_raps_winter,0.223,1.7677642964706988,1.9402,1.7397895608539231,0.978,blend_crop_mean
all_crops,07_01,195,2021,barley_spring,2.022276422764228,3.5065488744130757,2.9562,2.9819317050782614,1.6833396226415092,blend_crop_mean
all_crops,07_01,197,2021,barley_spring,2.5284548104956266,3.669885022848504,2.8515,2.9819317050782614,1.6833396226415092,blend_crop_mean
all_crops,07_01,207,2021,barley_spring,3.525020286718961,3.620197513563509,3.1924,2.9819317050782614,1.6833396226415092,blend_crop_mean
all_crops,07_01,208,2021,sunflower,2.1216153846153847,2.821249312619695,2.7356000000000003,2.257415477956708,2.507235294117647,blend_crop_mean
all_crops,07_01,209,2021,sunflower,2.268059008785016,2.507295706205865,2.1295,2.257415477956708,2.507235294117647,blend_crop_mean
all_crops,07_01,210,2021,sunflower,1.4783400809716598,2.8516104378012086,2.2004,2.257415477956708,2.507235294117647,blend_crop_mean
all_crops,07_01,211,2021,sunflower,2.1389247311827955,3.0603086796198467,2.3226,2.257415477956708,2.507235294117647,blend_crop_mean
all_crops,07_01,212,2021,sunflower,3.3983823529411765,3.045083538405472,2.1821,2.257415477956708,2.507235294117647,blend_crop_mean
all_crops,07_01,213,2021,wheat_spring,1.3155714285714286,2.796534942096552,1.8895,2.7862022677059213,0.8937333333333334,blend_crop_mean
all_crops,07_01,214,2021,wheat_spring,1.5857777777777775,3.0111062119509167,2.0593,2.7862022677059213,0.8937333333333334,blend_crop_mean
all_crops,07_01,215,2021,sunflower,2.9865822784810128,2.6163966565852173,2.2252,2.257415477956708,2.507235294117647,blend_crop_mean
all_crops,07_01,216,2021,sunflower,2.925945945945946,2.8340826385285824,2.3702,2.257415477956708,2.507235294117647,blend_crop_mean
all_crops,07_01,217,2021,sunflower,2.768578431372549,2.9345491108185406,2.068,2.257415477956708,2.507235294117647,blend_crop_mean
all_crops,07_01,218,2021,sunflower,2.12974358974359,2.697259165932471,2.1287,2.257415477956708,2.507235294117647,blend_crop_mean
all_crops,07_01,219,2021,sunflower,2.818952380952381,2.7600391874496704,1.6074000000000002,2.257415477956708,2.507235294117647,blend_crop_mean
all_crops,07_01,220,2021,sunflower,2.0264,2.9068383351545832,2.4085,2.257415477956708,2.507235294117647,blend_crop_mean
all_crops,07_01,221,2021,sunflower,1.7475,2.7529579392204284,2.4882999999999997,2.257415477956708,2.507235294117647,blend_crop_mean
all_crops,07_01,222,2021,sunflower,2.9396774193548385,2.6750214082361747,2.7789,2.257415477956708,2.507235294117647,blend_crop_mean
all_crops,07_01,223,2021,sunflower,2.8625714285714285,2.9172399751481075,1.9953,2.257415477956708,2.507235294117647,blend_crop_mean
all_crops,07_01,224,2021,sunflower,2.0925,2.435647164094095,2.6346,2.257415477956708,2.507235294117647,blend_crop_mean
all_crops,07_01,225,2021,sunflower,1.85,2.756662838357503,2.7541,2.257415477956708,2.507235294117647,blend_crop_mean
all_crops,07_01,226,2021,sunflower,2.4555,2.64212743157338,2.0779,2.257415477956708,2.507235294117647,blend_crop_mean
all_crops,07_01,227,2021,wheat_winter,2.8346242774566472,3.7419256154639817,3.556,3.569358367455552,2.23625,blend_crop_mean
all_crops,07_01,228,2021,wheat_winter,2.4169491525423727,3.637929803032281,2.8911,3.569358367455552,2.23625,blend_crop_mean
all_crops,07_01,229,2021,wheat_winter,2.9450000000000003,2.718273404160831,2.3245,3.569358367455552,2.23625,blend_crop_mean
all_crops,07_01,230,2021,wheat_winter,2.123766816143498,3.4211922705374547,2.4353,3.569358367455552,2.23625,blend_crop_mean
all_crops,07_01,231,2021,wheat_winter,3.5069787234042553,3.580580767950632,3.1704,3.569358367455552,2.23625,blend_crop_mean
all_crops,07_01,232,2021,wheat_winter,3.2479729729729727,3.6715761638302022,3.3893999999999997,3.569358367455552,2.23625,blend_crop_mean
all_crops,07_01,233,2021,wheat_winter,3.6453846153846152,3.455685416131886,3.2509,3.569358367455552,2.23625,blend_crop_mean
all_crops,07_01,234,2021,wheat_winter,5.389142857142858,3.5971061716241746,2.7121,3.569358367455552,2.23625,blend_crop_mean
all_crops,07_01,195,2022,wheat_winter,2.1216260162601626,3.364154389687249,2.4328,3.5270951632339247,2.7499887134404513,blend_crop_mean
all_crops,07_01,197,2022,wheat_winter,1.5206997084548106,3.566843636920078,2.4524999999999997,3.5270951632339247,2.7499887134404513,blend_crop_mean
all_crops,07_01,207,2022,wheat_winter,1.8862140474258409,3.157258378143359,2.8611999999999997,3.5270951632339247,2.7499887134404513,blend_crop_mean
all_crops,07_01,208,2022,wheat_spring,2.356923076923077,3.6678349551954614,1.8747,2.6779088961876263,0.9592558356676003,blend_crop_mean
all_crops,07_01,209,2022,wheat_spring,2.657417536880491,3.6535920793770087,3.1563,2.6779088961876263,0.9592558356676003,blend_crop_mean
all_crops,07_01,210,2022,wheat_spring,3.0655870445344133,3.316703470927073,3.8599,2.6779088961876263,0.9592558356676003,blend_crop_mean
all_crops,07_01,212,2022,wheat_spring,3.1773529411764705,3.4622657482328822,3.0978000000000003,2.6779088961876263,0.9592558356676003,blend_crop_mean
all_crops,07_01,213,2022,sunflower,1.481428571428571,2.8641338813927346,2.8958,2.2824328364554223,2.4597727362622877,blend_crop_mean
all_crops,07_01,214,2022,sunflower,1.002222222222222,2.7753373182895995,3.2154000000000003,2.2824328364554223,2.4597727362622877,blend_crop_mean
all_crops,07_01,215,2022,wheat_spring,2.858987341772152,3.5035240561761407,2.9058,2.6779088961876263,0.9592558356676003,blend_crop_mean
all_crops,07_01,216,2022,wheat_spring,3.1270270270270273,3.694645317750413,3.7896,2.6779088961876263,0.9592558356676003,blend_crop_mean
all_crops,07_01,217,2022,wheat_spring,3.063725490196078,3.655059561232119,3.4240000000000004,2.6779088961876263,0.9592558356676003,blend_crop_mean
all_crops,07_01,218,2022,wheat_spring,2.1723076923076925,3.4888340508513664,3.059,2.6779088961876263,0.9592558356676003,blend_crop_mean
all_crops,07_01,219,2022,wheat_spring,2.827547619047619,3.0519101927876915,3.0893,2.6779088961876263,0.9592558356676003,blend_crop_mean
all_crops,07_01,220,2022,wheat_spring,3.4832,3.4903927736339577,3.0504,2.6779088961876263,0.9592558356676003,blend_crop_mean
all_crops,07_01,222,2022,wheat_spring,3.2700483870967743,3.864754812806683,2.65,2.6779088961876263,0.9592558356676003,blend_crop_mean
all_crops,07_01,223,2022,wheat_spring,3.2311428571428573,3.406645418151805,2.9854,2.6779088961876263,0.9592558356676003,blend_crop_mean
all_crops,07_01,224,2022,wheat_spring,3.079423076923077,3.642816377951356,3.1172999999999997,2.6779088961876263,0.9592558356676003,blend_crop_mean
all_crops,07_01,226,2022,wheat_spring,1.6934999999999998,3.6339603721044766,3.1174,2.6779088961876263,0.9592558356676003,blend_crop_mean
all_crops,07_01,227,2022,wheat_winter,2.217514450867052,3.4370931364125052,2.6258,3.5270951632339247,2.7499887134404513,blend_crop_mean
all_crops,07_01,228,2022,wheat_spring,4.564745762711865,3.5569813551945555,2.8893999999999997,2.6779088961876263,0.9592558356676003,blend_crop_mean
all_crops,07_01,229,2022,wheat_spring,2.841666666666667,2.9424976552454116,2.1967,2.6779088961876263,0.9592558356676003,blend_crop_mean
all_crops,07_01,230,2022,sunflower,3.257219730941704,2.9314244191477044,1.8525,2.2824328364554223,2.4597727362622877,blend_crop_mean
all_crops,07_01,231,2022,wheat_winter,1.5712340425531914,2.9449390368390405,2.1225,3.5270951632339247,2.7499887134404513,blend_crop_mean
all_crops,07_01,232,2022,wheat_winter,1.847837837837838,2.7653065928353326,2.2283,3.5270951632339247,2.7499887134404513,blend_crop_mean
all_crops,07_01,234,2022,wheat_spring,3.975428571428571,3.2893366366044177,3.5385,2.6779088961876263,0.9592558356676003,blend_crop_mean
all_crops,07_01,195,2023,wheat_winter,0.8904065040650406,2.451500727973427,2.4748,3.605240949754569,2.5074975235657324,blend_crop_mean
all_crops,07_01,197,2023,wheat_winter,1.0820991253644316,2.4695973714273416,2.8075,3.605240949754569,2.5074975235657324,blend_crop_mean
all_crops,07_01,207,2023,wheat_winter,1.068974844468488,2.3884484921639024,3.0064,3.605240949754569,2.5074975235657324,blend_crop_mean
all_crops,07_01,208,2023,wheat_spring,2.018076923076923,2.567966094433479,2.0981,2.8347937514606945,1.9927464793583543,blend_crop_mean
all_crops,07_01,209,2023,wheat_winter,1.4882148184982598,2.637944869651996,3.1699,3.605240949754569,2.5074975235657324,blend_crop_mean
all_crops,07_01,210,2023,pea,1.7267206477732793,2.627708496160444,1.872,2.4053981346767683,2.1620662467350393,blend_crop_mean
all_crops,07_01,212,2023,wheat_spring,2.9445588235294116,2.4337600415526133,1.7012,2.8347937514606945,1.9927464793583543,blend_crop_mean
all_crops,07_01,215,2023,barley_spring,2.2745063291139243,2.8281721638510646,2.1417,3.0043107101053974,2.691917173326272,blend_crop_mean
all_crops,07_01,216,2023,barley_spring,2.696783783783784,2.99034754793114,2.316,3.0043107101053974,2.691917173326272,blend_crop_mean
all_crops,07_01,217,2023,barley_spring,2.021480392156863,2.5635182581512415,1.921,3.0043107101053974,2.691917173326272,blend_crop_mean
all_crops,07_01,218,2023,barley_spring,3.3693589743589745,2.9476514191030256,2.1646,3.0043107101053974,2.691917173326272,blend_crop_mean
all_crops,07_01,219,2023,sunflower,2.802523809523809,2.5418657698467375,1.6792000000000002,2.256223661763095,2.4154903664191965,blend_crop_mean
all_crops,07_01,220,2023,barley_spring,3.3728800000000003,2.9076271229520865,2.6805,3.0043107101053974,2.691917173326272,blend_crop_mean
all_crops,07_01,222,2023,barley_spring,4.5005,3.0591935170960913,2.5429,3.0043107101053974,2.691917173326272,blend_crop_mean
all_crops,07_01,223,2023,barley_spring,2.3584285714285715,2.7385323957343632,1.7638000000000005,3.0043107101053974,2.691917173326272,blend_crop_mean
all_crops,07_01,224,2023,barley_spring,2.481451923076923,2.6798244053331715,2.0122,3.0043107101053974,2.691917173326272,blend_crop_mean
all_crops,07_01,227,2023,sunflower,2.6015895953757227,2.435845881330581,1.9678,2.256223661763095,2.4154903664191965,blend_crop_mean
all_crops,07_01,228,2023,wheat_winter,1.5016949152542372,2.789629129750401,2.3086,3.605240949754569,2.5074975235657324,blend_crop_mean
all_crops,07_01,229,2023,wheat_winter,3.443333333333334,2.568186000609907,2.3579999999999997,3.605240949754569,2.5074975235657324,blend_crop_mean
all_crops,07_01,230,2023,wheat_spring,0.9786995515695068,2.367079303965513,1.466,2.8347937514606945,1.9927464793583543,blend_crop_mean
all_crops,07_01,231,2023,sunflower,2.2995063829787235,2.454095216877476,1.5364,2.256223661763095,2.4154903664191965,blend_crop_mean
all_crops,07_01,232,2023,sunflower,2.6881993243243243,2.409193937153565,1.8707,2.256223661763095,2.4154903664191965,blend_crop_mean
all_crops,07_01,234,2023,wheat_winter,1.7062857142857142,3.0131488071723243,2.5372,3.605240949754569,2.5074975235657324,blend_crop_mean
all_crops,07_01,195,2024,sunflower,2.7365853658536587,3.1283745418360978,2.5282,2.2547869646006644,2.433291772432021,blend_crop_mean
all_crops,07_01,197,2024,sunflower,3.2877551020408164,3.0584700899739716,2.4313,2.2547869646006644,2.433291772432021,blend_crop_mean
all_crops,07_01,207,2024,sunflower,3.107023712920386,3.131835086898994,2.3039,2.2547869646006644,2.433291772432021,blend_crop_mean
all_crops,07_01,208,2024,sunflower,2.360615384615385,2.691537254050183,2.3794,2.2547869646006644,2.433291772432021,blend_crop_mean
all_crops,07_01,210,2024,wheat_winter,5.519493927125506,4.740559135266784,5.6729,3.5237797966522484,2.2877915439212284,blend_crop_mean
all_crops,07_01,212,2024,sunflower,1.900882352941176,2.853257925655357,2.5942,2.2547869646006644,2.433291772432021,blend_crop_mean
all_crops,07_01,215,2024,wheat_winter,4.476708860759494,3.7958727314397303,4.1198999999999995,3.5237797966522484,2.2877915439212284,blend_crop_mean
all_crops,07_01,216,2024,wheat_winter,5.342162162162162,4.408961762534345,4.7169,3.5237797966522484,2.2877915439212284,blend_crop_mean
all_crops,07_01,217,2024,sunflower,2.9758823529411766,2.9648430131087524,2.9491,2.2547869646006644,2.433291772432021,blend_crop_mean
all_crops,07_01,218,2024,wheat_spring,4.027153846153846,3.954118266937951,3.5061,2.7584835033320987,1.9917490701718887,blend_crop_mean
all_crops,07_01,219,2024,wheat_spring,3.6718380952380953,3.877639324953936,4.2484,2.7584835033320987,1.9917490701718887,blend_crop_mean
all_crops,07_01,220,2024,wheat_spring,3.12756,3.841528132281278,3.6352,2.7584835033320987,1.9917490701718887,blend_crop_mean
all_crops,07_01,222,2024,wheat_spring,3.6562580645161287,3.95740567933028,3.1422999999999996,2.7584835033320987,1.9917490701718887,blend_crop_mean
all_crops,07_01,223,2024,wheat_spring,3.350857142857143,3.7660995862796542,3.9329,2.7584835033320987,1.9917490701718887,blend_crop_mean
all_crops,07_01,224,2024,wheat_winter,5.0582692307692305,4.434637864275788,4.3833,3.5237797966522484,2.2877915439212284,blend_crop_mean
all_crops,07_01,226,2024,wheat_winter,4.9315,4.393391526680332,5.2123,3.5237797966522484,2.2877915439212284,blend_crop_mean
all_crops,07_01,227,2024,barley_spring,3.007739884393064,4.056174097048885,4.3205,2.9569590723634662,2.8319219539907143,blend_crop_mean
all_crops,07_01,228,2024,sunflower,3.052881355932203,2.8250997553870096,2.4486999999999997,2.2547869646006644,2.433291772432021,blend_crop_mean
all_crops,07_01,229,2024,sunflower,3.2544166666666663,2.5221133157310947,2.7904,2.2547869646006644,2.433291772432021,blend_crop_mean
all_crops,07_01,230,2024,sunflower,3.2521793721973093,3.0355550306813264,2.7013000000000003,2.2547869646006644,2.433291772432021,blend_crop_mean
all_crops,07_01,231,2024,wheat_spring,3.806382978723404,4.25393326035476,3.8621,2.7584835033320987,1.9917490701718887,blend_crop_mean
all_crops,07_01,232,2024,wheat_spring,3.330304054054054,3.9978824101264703,3.8087,2.7584835033320987,1.9917490701718887,blend_crop_mean
all_crops,07_01,234,2024,sunflower,3.295057142857143,2.8225352789685836,2.2541,2.2547869646006644,2.433291772432021,blend_crop_mean
all_crops,07_01,195,2025,wheat_spring,2.7195121951219514,3.342073515674513,3.6697,2.7859952931393197,2.242387949497785,blend_crop_mean
all_crops,07_01,197,2025,wheat_spring,3.779416909620991,3.4771368593166883,3.7805,2.7859952931393197,2.242387949497785,blend_crop_mean
all_crops,07_01,208,2025,wheat_spring,3.8430769230769233,3.3707907634278356,2.6100000000000003,2.7859952931393197,2.242387949497785,blend_crop_mean
all_crops,07_01,209,2025,sunflower,2.332040444223438,2.94408065550846,2.6901,2.253882200699135,2.52918120546429,blend_crop_mean
all_crops,07_01,210,2025,sunflower,3.192550607287449,2.8866554813771343,2.52,2.253882200699135,2.52918120546429,blend_crop_mean
all_crops,07_01,212,2025,wheat_spring,1.7024264705882353,2.46933586595679,2.3390999999999997,2.7859952931393197,2.242387949497785,blend_crop_mean
all_crops,07_01,213,2025,barley_spring,1.53,3.2732976045413062,2.826,2.9620422462150753,2.84657344819091,blend_crop_mean
all_crops,07_01,214,2025,barley_spring,1.53,3.248537706084996,2.9945,2.9620422462150753,2.84657344819091,blend_crop_mean
all_crops,07_01,215,2025,sunflower,3.0739240506329115,2.7494029922166554,2.6576,2.253882200699135,2.52918120546429,blend_crop_mean
all_crops,07_01,216,2025,sunflower,2.986756756756757,2.8580149336870253,2.8066,2.253882200699135,2.52918120546429,blend_crop_mean
all_crops,07_01,217,2025,wheat_spring,2.5629901960784314,2.754455425123167,2.7976,2.7859952931393197,2.242387949497785,blend_crop_mean
all_crops,07_01,218,2025,wheat_spring,4.112820512820513,3.1846621153429746,2.6811,2.7859952931393197,2.242387949497785,blend_crop_mean
all_crops,07_01,219,2025,barley_spring,3.528095238095238,3.365453193031109,2.9497,2.9620422462150753,2.84657344819091,blend_crop_mean
all_crops,07_01,220,2025,wheat_spring,3.3072000000000004,3.500303765717387,3.0496,2.7859952931393197,2.242387949497785,blend_crop_mean
all_crops,07_01,222,2025,sunflower,2.972258064516129,2.6527255325494266,2.3774,2.253882200699135,2.52918120546429,blend_crop_mean
all_crops,07_01,223,2025,sunflower,3.305142857142857,2.7442689157198625,2.3918,2.253882200699135,2.52918120546429,blend_crop_mean
all_crops,07_01,224,2025,sunflower,3.0742307692307693,2.788966279045913,2.7087,2.253882200699135,2.52918120546429,blend_crop_mean
all_crops,07_01,226,2025,sunflower,3.0420000000000003,2.7335121001059486,2.7547,2.253882200699135,2.52918120546429,blend_crop_mean
all_crops,07_01,227,2025,pea,1.5521965317919073,3.020664384208748,2.3936,2.337815103722531,1.7267206477732793,blend_crop_mean
all_crops,07_01,228,2025,wheat_spring,3.004576271186441,3.503465336849046,3.2354,2.7859952931393197,2.242387949497785,blend_crop_mean
all_crops,07_01,229,2025,wheat_spring,3.5050000000000003,3.3009667990810616,3.344,2.7859952931393197,2.242387949497785,blend_crop_mean
all_crops,07_01,230,2025,wheat_spring,3.6687443946188343,3.3399574445972324,3.2042,2.7859952931393197,2.242387949497785,blend_crop_mean
all_crops,07_01,231,2025,pea,1.3324255319148937,2.8619850147305863,2.6262,2.337815103722531,1.7267206477732793,blend_crop_mean
all_crops,07_01,232,2025,pea,1.8102027027027028,2.958763324074391,2.481,2.337815103722531,1.7267206477732793,blend_crop_mean
all_crops,07_01,234,2025,,4.494857142857143,3.0533852617016013,4.0216,2.498899368049851,2.3903935628205004,blend_crop_mean
all_crops,08_01,207,2018,sunflower,3.496,2.777032304680101,2.3009,2.215669563352981,2.777032304680101,peer_raw
all_crops,08_01,209,2018,sunflower,1.7399999999999998,2.55873909536416,2.4931,2.215669563352981,2.55873909536416,peer_raw
all_crops,08_01,210,2018,oil_seed_raps_winter,0.978,1.610554962014694,1.7359000000000002,1.697975335103533,1.610554962014694,peer_raw
all_crops,08_01,227,2018,sunflower,2.613,2.459046096963964,2.0135,2.215669563352981,2.459046096963964,peer_raw
all_crops,08_01,228,2018,maize,3.312,4.897552328748045,4.3438,6.214194800255046,4.897552328748045,peer_raw
all_crops,08_01,229,2018,maize,3.312,6.961696362970577,3.5665,6.214194800255046,6.961696362970577,peer_raw
all_crops,08_01,231,2018,soya,0.93,1.4858073295428995,1.6007000000000002,1.4998837388223478,1.4858073295428995,peer_raw
all_crops,08_01,232,2018,soya,0.9,1.450054774700679,1.2671,1.4998837388223478,1.450054774700679,peer_raw
all_crops,08_01,207,2019,wheat_spring,3.5799999999999996,3.2607903747040754,2.7728,2.7949344889498353,3.2607903747040754,peer_raw
all_crops,08_01,208,2019,sunflower,2.133,2.22056351887742,2.165,2.2303410172138705,2.22056351887742,peer_raw
all_crops,08_01,210,2019,sunflower,1.965,2.517678636778372,2.4427,2.2303410172138705,2.517678636778372,peer_raw
all_crops,08_01,211,2019,sunflower,1.868,2.5125835716713216,2.7584,2.2303410172138705,2.5125835716713216,peer_raw
all_crops,08_01,215,2019,sunflower,1.672,2.271607246665385,1.8390999999999995,2.2303410172138705,2.271607246665385,peer_raw
all_crops,08_01,216,2019,sunflower,1.95,2.366305452056668,2.5018,2.2303410172138705,2.366305452056668,peer_raw
all_crops,08_01,217,2019,sunflower,1.962,2.241486992007162,2.0462,2.2303410172138705,2.241486992007162,peer_raw
all_crops,08_01,219,2019,sunflower,2.273,2.207818783487987,1.9478,2.2303410172138705,2.207818783487987,peer_raw
all_crops,08_01,220,2019,sunflower,2.7649999999999997,2.3316291601751926,2.2225,2.2303410172138705,2.3316291601751926,peer_raw
all_crops,08_01,221,2019,sunflower,1.982,2.395011115742967,2.5364,2.2303410172138705,2.395011115742967,peer_raw
all_crops,08_01,222,2019,sunflower,2.648,2.2829423887034226,2.1036,2.2303410172138705,2.2829423887034226,peer_raw
all_crops,08_01,223,2019,sunflower,2.651,2.3557785472736916,2.135,2.2303410172138705,2.3557785472736916,peer_raw
all_crops,08_01,224,2019,sunflower,3.961,2.336894811184253,2.4126000000000003,2.2303410172138705,2.336894811184253,peer_raw
all_crops,08_01,225,2019,sunflower,3.961,2.455527065138501,2.8852,2.2303410172138705,2.455527065138501,peer_raw
all_crops,08_01,226,2019,sunflower,2.9829999999999997,2.257890161037425,2.3326,2.2303410172138705,2.257890161037425,peer_raw
all_crops,08_01,227,2019,oil_seed_raps_spring,1.161,1.5090395834456154,1.9179,1.6452083064410872,1.5090395834456154,peer_raw
all_crops,08_01,228,2019,soya,1.468,1.4980052190602868,1.4007,1.5657027830454833,1.4980052190602868,peer_raw
all_crops,08_01,229,2019,soya,1.468,1.3319447516237997,1.5899,1.5657027830454833,1.3319447516237997,peer_raw
all_crops,08_01,230,2019,wheat_winter,4.503,3.725916030291781,3.9929,3.518703379214148,3.725916030291781,peer_raw
all_crops,08_01,231,2019,wheat_winter,4.303,3.955872040767834,4.2558,3.518703379214148,3.955872040767834,peer_raw
all_crops,08_01,232,2019,wheat_winter,3.404,3.792868321315339,4.1161,3.518703379214148,3.792868321315339,peer_raw
all_crops,08_01,207,2020,oil_seed_raps_spring,0.438,1.373552500006837,1.1949999999999998,1.6826990137403557,1.373552500006837,peer_raw
all_crops,08_01,208,2020,wheat_spring,0.505,1.8395507649605196,1.3906,2.775179717236985,1.8395507649605196,peer_raw
all_crops,08_01,209,2020,maize,0.5780000000000001,5.527891171533151,2.6306000000000003,6.027426688447606,5.527891171533151,peer_raw
all_crops,08_01,210,2020,wheat_winter,0.211,2.285533486878292,2.1218,3.4657804752870542,2.285533486878292,peer_raw
all_crops,08_01,211,2020,wheat_winter,0.319,2.1205064814013035,2.4044,3.4657804752870542,2.1205064814013035,peer_raw
all_crops,08_01,213,2020,wheat_spring,0.5780000000000001,1.8918052407157593,1.7556,2.775179717236985,1.8918052407157593,peer_raw
all_crops,08_01,214,2020,wheat_spring,0.319,1.8429995381427209,1.5097,2.775179717236985,1.8429995381427209,peer_raw
all_crops,08_01,215,2020,wheat_spring,1.409,2.4226697847956067,1.5953,2.775179717236985,2.4226697847956067,peer_raw
all_crops,08_01,216,2020,wheat_spring,1.246,2.1087969182634483,2.1373,2.775179717236985,2.1087969182634483,peer_raw
all_crops,08_01,217,2020,wheat_spring,0.337,1.830990911310511,1.961,2.775179717236985,1.830990911310511,peer_raw
all_crops,08_01,219,2020,wheat_spring,0.425,1.9538068034750695,1.1434,2.775179717236985,1.9538068034750695,peer_raw
all_crops,08_01,220,2020,wheat_spring,0.513,2.6146267426903904,1.7675,2.775179717236985,2.6146267426903904,peer_raw
all_crops,08_01,221,2020,wheat_spring,0.38,2.1565458289871224,2.8632,2.775179717236985,2.1565458289871224,peer_raw
all_crops,08_01,222,2020,wheat_spring,0.21,1.9197071951294653,0.9872,2.775179717236985,1.9197071951294653,peer_raw
all_crops,08_01,223,2020,wheat_spring,0.21,1.849240872513373,1.126,2.775179717236985,1.849240872513373,peer_raw
all_crops,08_01,224,2020,wheat_spring,0.857,1.805522431266588,1.7282,2.775179717236985,1.805522431266588,peer_raw
all_crops,08_01,225,2020,wheat_spring,2.335,2.2458287868914213,3.5470999999999995,2.775179717236985,2.2458287868914213,peer_raw
all_crops,08_01,226,2020,wheat_spring,0.502,1.7955256204050842,1.5046,2.775179717236985,1.7955256204050842,peer_raw
all_crops,08_01,227,2020,wheat_winter,0.5650000000000001,2.1474826237305775,2.2098,3.4657804752870542,2.1474826237305775,peer_raw
all_crops,08_01,228,2020,wheat_winter,1.3,2.309679438285926,2.0305,3.4657804752870542,2.309679438285926,peer_raw
all_crops,08_01,229,2020,wheat_winter,3.285,2.223256214340797,2.221,3.4657804752870542,2.223256214340797,peer_raw
all_crops,08_01,230,2020,oil_seed_raps_winter,0.1679999999999999,1.2492860307307896,1.2317,1.7397895608539231,1.2492860307307896,peer_raw
all_crops,08_01,231,2020,oil_seed_raps_winter,0.362,1.2189308179666924,1.6896999999999998,1.7397895608539231,1.2189308179666924,peer_raw
all_crops,08_01,232,2020,oil_seed_raps_winter,0.223,1.14833129115667,1.8421,1.7397895608539231,1.14833129115667,peer_raw
all_crops,08_01,195,2021,barley_spring,2.022276422764228,3.5704304117581347,3.3034,2.9819317050782614,3.5704304117581347,peer_raw
all_crops,08_01,197,2021,barley_spring,2.5284548104956266,3.5907307951930503,3.4238999999999997,2.9819317050782614,3.5907307951930503,peer_raw
all_crops,08_01,207,2021,barley_spring,3.525020286718961,3.473475272706681,4.1666,2.9819317050782614,3.473475272706681,peer_raw
all_crops,08_01,208,2021,sunflower,2.1216153846153847,2.603039595375039,2.502,2.257415477956708,2.603039595375039,peer_raw
all_crops,08_01,209,2021,sunflower,2.268059008785016,2.5969132422460603,2.5276,2.257415477956708,2.5969132422460603,peer_raw
all_crops,08_01,210,2021,sunflower,1.4783400809716598,2.6383862125277195,2.5705,2.257415477956708,2.6383862125277195,peer_raw
all_crops,08_01,211,2021,sunflower,2.1389247311827955,2.6402346047350806,3.1853,2.257415477956708,2.6402346047350806,peer_raw
all_crops,08_01,212,2021,sunflower,3.3983823529411765,2.6029781261691665,2.7846,2.257415477956708,2.6029781261691665,peer_raw
all_crops,08_01,213,2021,wheat_spring,1.3155714285714286,3.144206710242609,3.2506,2.7862022677059213,3.144206710242609,peer_raw
all_crops,08_01,214,2021,wheat_spring,1.5857777777777775,3.1880164385038836,3.5127,2.7862022677059213,3.1880164385038836,peer_raw
all_crops,08_01,215,2021,sunflower,2.9865822784810128,2.3976387648484003,2.614,2.257415477956708,2.3976387648484003,peer_raw
all_crops,08_01,216,2021,sunflower,2.925945945945946,2.3545681273586827,2.6715,2.257415477956708,2.3545681273586827,peer_raw
all_crops,08_01,217,2021,sunflower,2.768578431372549,2.6221915951795163,2.475,2.257415477956708,2.6221915951795163,peer_raw
all_crops,08_01,218,2021,sunflower,2.12974358974359,2.421647573094982,2.0886,2.257415477956708,2.421647573094982,peer_raw
all_crops,08_01,219,2021,sunflower,2.818952380952381,2.5568562931893415,2.8047999999999997,2.257415477956708,2.5568562931893415,peer_raw
all_crops,08_01,220,2021,sunflower,2.0264,2.5635569868690316,2.8005,2.257415477956708,2.5635569868690316,peer_raw
all_crops,08_01,221,2021,sunflower,1.7475,2.363222189003338,2.5108,2.257415477956708,2.363222189003338,peer_raw
all_crops,08_01,222,2021,sunflower,2.9396774193548385,2.5154628903435268,2.2581,2.257415477956708,2.5154628903435268,peer_raw
all_crops,08_01,223,2021,sunflower,2.8625714285714285,2.6520769225379053,2.4306,2.257415477956708,2.6520769225379053,peer_raw
all_crops,08_01,224,2021,sunflower,2.0925,2.348122747679401,2.4054,2.257415477956708,2.348122747679401,peer_raw
all_crops,08_01,225,2021,sunflower,1.85,2.2539728367377667,2.4835000000000003,2.257415477956708,2.2539728367377667,peer_raw
all_crops,08_01,226,2021,sunflower,2.4555,2.576625293369414,2.5431,2.257415477956708,2.576625293369414,peer_raw
all_crops,08_01,227,2021,wheat_winter,2.8346242774566472,3.745649897911126,3.5711,3.569358367455552,3.745649897911126,peer_raw
all_crops,08_01,228,2021,wheat_winter,2.4169491525423727,3.580188650701486,3.7058,3.569358367455552,3.580188650701486,peer_raw
all_crops,08_01,229,2021,wheat_winter,2.9450000000000003,2.792680179797581,2.4469000000000003,3.569358367455552,2.792680179797581,peer_raw
all_crops,08_01,230,2021,wheat_winter,2.123766816143498,3.415603002116792,3.134,3.569358367455552,3.415603002116792,peer_raw
all_crops,08_01,231,2021,wheat_winter,3.5069787234042553,3.518942631098703,3.4015999999999997,3.569358367455552,3.518942631098703,peer_raw
all_crops,08_01,232,2021,wheat_winter,3.2479729729729727,3.634774676220821,2.9818,3.569358367455552,3.634774676220821,peer_raw
all_crops,08_01,233,2021,wheat_winter,3.6453846153846152,3.160449251418675,3.4055999999999997,3.569358367455552,3.160449251418675,peer_raw
all_crops,08_01,234,2021,wheat_winter,5.389142857142858,3.47012627088092,3.8293,3.569358367455552,3.47012627088092,peer_raw
all_crops,08_01,195,2022,wheat_winter,2.1216260162601626,2.719415587881573,2.4872,3.5270951632339247,2.719415587881573,peer_raw
all_crops,08_01,197,2022,wheat_winter,1.5206997084548106,3.094287876915956,3.2342,3.5270951632339247,3.094287876915956,peer_raw
all_crops,08_01,207,2022,wheat_winter,1.8862140474258409,2.612074076944203,2.9544,3.5270951632339247,2.612074076944203,peer_raw
all_crops,08_01,208,2022,wheat_spring,2.356923076923077,2.8974847066126883,2.5443,2.6779088961876263,2.8974847066126883,peer_raw
all_crops,08_01,209,2022,wheat_spring,2.657417536880491,2.9363209290308765,3.0277000000000003,2.6779088961876263,2.9363209290308765,peer_raw
all_crops,08_01,210,2022,wheat_spring,3.0655870445344133,3.080238453333045,3.1882,2.6779088961876263,3.080238453333045,peer_raw
all_crops,08_01,212,2022,wheat_spring,3.1773529411764705,3.1847969968333087,3.457,2.6779088961876263,3.1847969968333087,peer_raw
all_crops,08_01,213,2022,sunflower,1.481428571428571,2.336138143212979,2.5688,2.2824328364554223,2.336138143212979,peer_raw
all_crops,08_01,214,2022,sunflower,1.002222222222222,2.348746841108628,2.6556,2.2824328364554223,2.348746841108628,peer_raw
all_crops,08_01,215,2022,wheat_spring,2.858987341772152,2.613029803865059,2.6435,2.6779088961876263,2.613029803865059,peer_raw
all_crops,08_01,216,2022,wheat_spring,3.1270270270270273,3.1882645386053996,3.9165,2.6779088961876263,3.1882645386053996,peer_raw
all_crops,08_01,217,2022,wheat_spring,3.063725490196078,2.831426955171166,3.319,2.6779088961876263,2.831426955171166,peer_raw
all_crops,08_01,218,2022,wheat_spring,2.1723076923076925,2.576507575206499,2.6648,2.6779088961876263,2.576507575206499,peer_raw
all_crops,08_01,219,2022,wheat_spring,2.827547619047619,2.9394569723108868,2.8246,2.6779088961876263,2.9394569723108868,peer_raw
all_crops,08_01,220,2022,wheat_spring,3.4832,3.2332465501332126,4.2787999999999995,2.6779088961876263,3.2332465501332126,peer_raw
all_crops,08_01,222,2022,wheat_spring,3.2700483870967743,3.2521190992502964,2.977,2.6779088961876263,3.2521190992502964,peer_raw
all_crops,08_01,223,2022,wheat_spring,3.2311428571428573,2.925272792656199,3.0817,2.6779088961876263,2.925272792656199,peer_raw
all_crops,08_01,224,2022,wheat_spring,3.079423076923077,2.924079201259071,3.5203,2.6779088961876263,2.924079201259071,peer_raw
all_crops,08_01,226,2022,wheat_spring,1.6934999999999998,3.161254780146548,2.5872,2.6779088961876263,3.161254780146548,peer_raw
all_crops,08_01,227,2022,wheat_winter,2.217514450867052,2.749615159233041,3.2383,3.5270951632339247,2.749615159233041,peer_raw
all_crops,08_01,228,2022,wheat_spring,4.564745762711865,2.7912392591099486,3.4387,2.6779088961876263,2.7912392591099486,peer_raw
all_crops,08_01,229,2022,wheat_spring,2.841666666666667,2.160314160594321,3.0135,2.6779088961876263,2.160314160594321,peer_raw
all_crops,08_01,230,2022,sunflower,3.257219730941704,2.4357432691195164,2.4592,2.2824328364554223,2.4357432691195164,peer_raw
all_crops,08_01,231,2022,wheat_winter,1.5712340425531914,2.195986108940295,2.288,3.5270951632339247,2.195986108940295,peer_raw
all_crops,08_01,232,2022,wheat_winter,1.847837837837838,2.001307780447695,1.8508,3.5270951632339247,2.001307780447695,peer_raw
all_crops,08_01,234,2022,wheat_spring,3.975428571428571,2.66780860440719,3.5832,2.6779088961876263,2.66780860440719,peer_raw
all_crops,08_01,195,2023,wheat_winter,0.8904065040650406,1.9430942765510193,1.8031,3.605240949754569,1.9430942765510193,peer_raw
all_crops,08_01,197,2023,wheat_winter,1.0820991253644316,2.0208549599730956,2.1736999999999997,3.605240949754569,2.0208549599730956,peer_raw
all_crops,08_01,207,2023,wheat_winter,1.068974844468488,2.060468177975322,2.1542000000000003,3.605240949754569,2.060468177975322,peer_raw
all_crops,08_01,208,2023,wheat_spring,2.018076923076923,1.8326443212223509,1.6263999999999998,2.8347937514606945,1.8326443212223509,peer_raw
all_crops,08_01,209,2023,wheat_winter,1.4882148184982598,2.041630749637,3.0968,3.605240949754569,2.041630749637,peer_raw
all_crops,08_01,210,2023,pea,1.7267206477732793,1.8026907842276343,1.9667,2.4053981346767683,1.8026907842276343,peer_raw
all_crops,08_01,212,2023,wheat_spring,2.9445588235294116,1.86836600326614,2.6809000000000003,2.8347937514606945,1.86836600326614,peer_raw
all_crops,08_01,215,2023,barley_spring,2.2745063291139243,1.970808954598959,2.0213,3.0043107101053974,1.970808954598959,peer_raw
all_crops,08_01,216,2023,barley_spring,2.696783783783784,2.469278556670128,2.809,3.0043107101053974,2.469278556670128,peer_raw
all_crops,08_01,217,2023,barley_spring,2.021480392156863,1.8062933071526852,1.9229,3.0043107101053974,1.8062933071526852,peer_raw
all_crops,08_01,218,2023,barley_spring,3.3693589743589745,2.358779096331838,2.4768,3.0043107101053974,2.358779096331838,peer_raw
all_crops,08_01,219,2023,sunflower,2.802523809523809,2.0960122719593075,2.0565,2.256223661763095,2.0960122719593075,peer_raw
all_crops,08_01,220,2023,barley_spring,3.3728800000000003,2.4976145166155224,2.759,3.0043107101053974,2.4976145166155224,peer_raw
all_crops,08_01,222,2023,barley_spring,4.5005,2.144119836404974,2.53,3.0043107101053974,2.144119836404974,peer_raw
all_crops,08_01,223,2023,barley_spring,2.3584285714285715,1.9435615876363024,1.8187,3.0043107101053974,1.9435615876363024,peer_raw
all_crops,08_01,224,2023,barley_spring,2.481451923076923,2.013250358240091,1.8807,3.0043107101053974,2.013250358240091,peer_raw
all_crops,08_01,227,2023,sunflower,2.6015895953757227,2.1333075154558583,2.3906,2.256223661763095,2.1333075154558583,peer_raw
all_crops,08_01,228,2023,wheat_winter,1.5016949152542372,2.1684674389629937,2.2995,3.605240949754569,2.1684674389629937,peer_raw
all_crops,08_01,229,2023,wheat_winter,3.443333333333334,2.154616746315992,2.076,3.605240949754569,2.154616746315992,peer_raw
all_crops,08_01,230,2023,wheat_spring,0.9786995515695068,1.7359674587217568,2.1049,2.8347937514606945,1.7359674587217568,peer_raw
all_crops,08_01,231,2023,sunflower,2.2995063829787235,1.6952985612267233,1.7592,2.256223661763095,1.6952985612267233,peer_raw
all_crops,08_01,232,2023,sunflower,2.6881993243243243,1.9719556275301384,2.0155000000000003,2.256223661763095,1.9719556275301384,peer_raw
all_crops,08_01,234,2023,wheat_winter,1.7062857142857142,2.6317971783288607,2.4153,3.605240949754569,2.6317971783288607,peer_raw
all_crops,08_01,195,2024,sunflower,2.7365853658536587,2.701458063253699,3.1813,2.2547869646006644,2.701458063253699,peer_raw
all_crops,08_01,197,2024,sunflower,3.2877551020408164,2.572521245845143,3.3829,2.2547869646006644,2.572521245845143,peer_raw
all_crops,08_01,207,2024,sunflower,3.107023712920386,2.7209546712322727,2.8787,2.2547869646006644,2.7209546712322727,peer_raw
all_crops,08_01,208,2024,sunflower,2.360615384615385,2.5359501827642754,2.2707,2.2547869646006644,2.5359501827642754,peer_raw
all_crops,08_01,210,2024,wheat_winter,5.519493927125506,4.5797331848133895,5.754099999999999,3.5237797966522484,4.5797331848133895,peer_raw
all_crops,08_01,212,2024,sunflower,1.900882352941176,2.593949921438126,2.9494,2.2547869646006644,2.593949921438126,peer_raw
all_crops,08_01,215,2024,wheat_winter,4.476708860759494,3.6182254061195542,4.2056,3.5237797966522484,3.6182254061195542,peer_raw
all_crops,08_01,216,2024,wheat_winter,5.342162162162162,4.023708368018216,5.3586,3.5237797966522484,4.023708368018216,peer_raw
all_crops,08_01,217,2024,sunflower,2.9758823529411766,2.624924568650522,3.1949,2.2547869646006644,2.624924568650522,peer_raw
all_crops,08_01,218,2024,wheat_spring,4.027153846153846,3.3805546738873025,3.3049,2.7584835033320987,3.3805546738873025,peer_raw
all_crops,08_01,219,2024,wheat_spring,3.6718380952380953,3.49933812692156,4.2143999999999995,2.7584835033320987,3.49933812692156,peer_raw
all_crops,08_01,220,2024,wheat_spring,3.12756,3.604770835845875,3.7114,2.7584835033320987,3.604770835845875,peer_raw
all_crops,08_01,222,2024,wheat_spring,3.6562580645161287,3.73301308446341,4.2654000000000005,2.7584835033320987,3.73301308446341,peer_raw
all_crops,08_01,223,2024,wheat_spring,3.350857142857143,3.4453892437894007,3.5340000000000003,2.7584835033320987,3.4453892437894007,peer_raw
all_crops,08_01,224,2024,wheat_winter,5.0582692307692305,4.093209478187353,4.9363,3.5237797966522484,4.093209478187353,peer_raw
all_crops,08_01,226,2024,wheat_winter,4.9315,4.043759068134507,4.5445,3.5237797966522484,4.043759068134507,peer_raw
all_crops,08_01,227,2024,barley_spring,3.007739884393064,3.425291545790026,3.716,2.9569590723634662,3.425291545790026,peer_raw
all_crops,08_01,228,2024,sunflower,3.052881355932203,2.622288335873198,2.9244,2.2547869646006644,2.622288335873198,peer_raw
all_crops,08_01,229,2024,sunflower,3.2544166666666663,2.2117906391367463,2.2287,2.2547869646006644,2.2117906391367463,peer_raw
all_crops,08_01,230,2024,sunflower,3.2521793721973093,2.642250387654,3.1405000000000003,2.2547869646006644,2.642250387654,peer_raw
all_crops,08_01,231,2024,wheat_spring,3.806382978723404,3.717641477177515,4.3306,2.7584835033320987,3.717641477177515,peer_raw
all_crops,08_01,232,2024,wheat_spring,3.330304054054054,3.5480167543370547,4.5228,2.7584835033320987,3.5480167543370547,peer_raw
all_crops,08_01,234,2024,sunflower,3.295057142857143,2.551390314094865,2.7715,2.2547869646006644,2.551390314094865,peer_raw
all_crops,08_01,195,2025,wheat_spring,2.7195121951219514,3.3420742194439574,2.8708,2.7859952931393197,3.3420742194439574,peer_raw
all_crops,08_01,197,2025,wheat_spring,3.779416909620991,3.3596421837876393,3.4404000000000003,2.7859952931393197,3.3596421837876393,peer_raw
all_crops,08_01,208,2025,wheat_spring,3.8430769230769233,3.4209967363794016,3.0721,2.7859952931393197,3.4209967363794016,peer_raw
all_crops,08_01,209,2025,sunflower,2.332040444223438,2.684375634900514,3.5131,2.253882200699135,2.684375634900514,peer_raw
all_crops,08_01,210,2025,sunflower,3.192550607287449,2.6624475020897327,2.3675,2.253882200699135,2.6624475020897327,peer_raw
all_crops,08_01,212,2025,wheat_spring,1.7024264705882353,2.9007980954552863,2.8967,2.7859952931393197,2.9007980954552863,peer_raw
all_crops,08_01,213,2025,barley_spring,1.53,3.075296830820435,3.665,2.9620422462150753,3.075296830820435,peer_raw
all_crops,08_01,214,2025,barley_spring,1.53,3.116550703080479,3.0967,2.9620422462150753,3.116550703080479,peer_raw
all_crops,08_01,215,2025,sunflower,3.0739240506329115,2.4076604970534365,2.7828,2.253882200699135,2.4076604970534365,peer_raw
all_crops,08_01,216,2025,sunflower,2.986756756756757,2.7088463481459497,3.2991,2.253882200699135,2.7088463481459497,peer_raw
all_crops,08_01,217,2025,wheat_spring,2.5629901960784314,2.8921818838825812,2.7186,2.7859952931393197,2.8921818838825812,peer_raw
all_crops,08_01,218,2025,wheat_spring,4.112820512820513,3.2727696788813283,2.6460999999999997,2.7859952931393197,3.2727696788813283,peer_raw
all_crops,08_01,219,2025,barley_spring,3.528095238095238,3.6496708226531114,4.1021,2.9620422462150753,3.6496708226531114,peer_raw
all_crops,08_01,220,2025,wheat_spring,3.3072000000000004,3.342377560196839,3.6214,2.7859952931393197,3.342377560196839,peer_raw
all_crops,08_01,222,2025,sunflower,2.972258064516129,2.501469237169803,2.5026,2.253882200699135,2.501469237169803,peer_raw
all_crops,08_01,223,2025,sunflower,3.305142857142857,2.5153881432177574,2.1723,2.253882200699135,2.5153881432177574,peer_raw
all_crops,08_01,224,2025,sunflower,3.0742307692307693,2.4663266902825707,2.718,2.253882200699135,2.4663266902825707,peer_raw
all_crops,08_01,226,2025,sunflower,3.0420000000000003,2.4769101248731955,2.9094,2.253882200699135,2.4769101248731955,peer_raw
all_crops,08_01,227,2025,pea,1.5521965317919073,3.052259241935011,2.8562000000000003,2.337815103722531,3.052259241935011,peer_raw
all_crops,08_01,228,2025,wheat_spring,3.004576271186441,3.295563994568336,3.5229999999999997,2.7859952931393197,3.295563994568336,peer_raw
all_crops,08_01,229,2025,wheat_spring,3.5050000000000003,2.867851723342114,3.1488,2.7859952931393197,2.867851723342114,peer_raw
all_crops,08_01,230,2025,wheat_spring,3.6687443946188343,3.4385132238093212,2.9788,2.7859952931393197,3.4385132238093212,peer_raw
all_crops,08_01,231,2025,pea,1.3324255319148937,2.8665921871648,2.5528,2.337815103722531,2.8665921871648,peer_raw
all_crops,08_01,232,2025,pea,1.8102027027027028,2.9181049263125884,2.42,2.337815103722531,2.9181049263125884,peer_raw
all_crops,08_01,234,2025,,4.494857142857143,3.0360817449725355,4.459300000000001,2.498899368049851,3.0360817449725355,peer_raw
all_crops,08_01,207,2018,sunflower,3.496,2.777032304680101,2.3009,2.215669563352981,2.777032304680101,residual_global
all_crops,08_01,209,2018,sunflower,1.7399999999999998,2.55873909536416,2.4931,2.215669563352981,2.55873909536416,residual_global
all_crops,08_01,210,2018,oil_seed_raps_winter,0.978,1.610554962014694,1.7359000000000002,1.697975335103533,1.610554962014694,residual_global
all_crops,08_01,227,2018,sunflower,2.613,2.459046096963964,2.0135,2.215669563352981,2.459046096963964,residual_global
all_crops,08_01,228,2018,maize,3.312,4.897552328748045,4.3438,6.214194800255046,4.897552328748045,residual_global
all_crops,08_01,229,2018,maize,3.312,6.961696362970577,3.5665,6.214194800255046,6.961696362970577,residual_global
all_crops,08_01,231,2018,soya,0.93,1.4858073295428995,1.6007000000000002,1.4998837388223478,1.4858073295428995,residual_global
all_crops,08_01,232,2018,soya,0.9,1.450054774700679,1.2671,1.4998837388223478,1.450054774700679,residual_global
all_crops,08_01,207,2019,wheat_spring,3.5799999999999996,3.2607903747040754,2.7728,2.7949344889498353,3.2607903747040754,residual_global
all_crops,08_01,208,2019,sunflower,2.133,2.22056351887742,2.165,2.2303410172138705,2.22056351887742,residual_global
all_crops,08_01,210,2019,sunflower,1.965,2.517678636778372,2.4427,2.2303410172138705,2.517678636778372,residual_global
all_crops,08_01,211,2019,sunflower,1.868,2.5125835716713216,2.7584,2.2303410172138705,2.5125835716713216,residual_global
all_crops,08_01,215,2019,sunflower,1.672,2.271607246665385,1.8390999999999995,2.2303410172138705,2.271607246665385,residual_global
all_crops,08_01,216,2019,sunflower,1.95,2.366305452056668,2.5018,2.2303410172138705,2.366305452056668,residual_global
all_crops,08_01,217,2019,sunflower,1.962,2.241486992007162,2.0462,2.2303410172138705,2.241486992007162,residual_global
all_crops,08_01,219,2019,sunflower,2.273,2.207818783487987,1.9478,2.2303410172138705,2.207818783487987,residual_global
all_crops,08_01,220,2019,sunflower,2.7649999999999997,2.3316291601751926,2.2225,2.2303410172138705,2.3316291601751926,residual_global
all_crops,08_01,221,2019,sunflower,1.982,2.395011115742967,2.5364,2.2303410172138705,2.395011115742967,residual_global
all_crops,08_01,222,2019,sunflower,2.648,2.2829423887034226,2.1036,2.2303410172138705,2.2829423887034226,residual_global
all_crops,08_01,223,2019,sunflower,2.651,2.3557785472736916,2.135,2.2303410172138705,2.3557785472736916,residual_global
all_crops,08_01,224,2019,sunflower,3.961,2.336894811184253,2.4126000000000003,2.2303410172138705,2.336894811184253,residual_global
all_crops,08_01,225,2019,sunflower,3.961,2.455527065138501,2.8852,2.2303410172138705,2.455527065138501,residual_global
all_crops,08_01,226,2019,sunflower,2.9829999999999997,2.257890161037425,2.3326,2.2303410172138705,2.257890161037425,residual_global
all_crops,08_01,227,2019,oil_seed_raps_spring,1.161,1.5090395834456154,1.9179,1.6452083064410872,1.5090395834456154,residual_global
all_crops,08_01,228,2019,soya,1.468,1.4980052190602868,1.4007,1.5657027830454833,1.4980052190602868,residual_global
all_crops,08_01,229,2019,soya,1.468,1.3319447516237997,1.5899,1.5657027830454833,1.3319447516237997,residual_global
all_crops,08_01,230,2019,wheat_winter,4.503,3.725916030291781,3.9929,3.518703379214148,3.725916030291781,residual_global
all_crops,08_01,231,2019,wheat_winter,4.303,3.955872040767834,4.2558,3.518703379214148,3.955872040767834,residual_global
all_crops,08_01,232,2019,wheat_winter,3.404,3.792868321315339,4.1161,3.518703379214148,3.792868321315339,residual_global
all_crops,08_01,207,2020,oil_seed_raps_spring,0.438,1.373552500006837,1.1949999999999998,1.6826990137403557,1.232633981834643,residual_global
all_crops,08_01,208,2020,wheat_spring,0.505,1.8395507649605196,1.3906,2.775179717236985,1.6986322467883257,residual_global
all_crops,08_01,209,2020,maize,0.5780000000000001,5.527891171533151,2.6306000000000003,6.027426688447606,5.3869726533609565,residual_global
all_crops,08_01,210,2020,wheat_winter,0.211,2.285533486878292,2.1218,3.4657804752870542,2.1446149687060982,residual_global
all_crops,08_01,211,2020,wheat_winter,0.319,2.1205064814013035,2.4044,3.4657804752870542,1.9795879632291096,residual_global
all_crops,08_01,213,2020,wheat_spring,0.5780000000000001,1.8918052407157593,1.7556,2.775179717236985,1.7508867225435654,residual_global
all_crops,08_01,214,2020,wheat_spring,0.319,1.8429995381427209,1.5097,2.775179717236985,1.702081019970527,residual_global
all_crops,08_01,215,2020,wheat_spring,1.409,2.4226697847956067,1.5953,2.775179717236985,2.281751266623413,residual_global
all_crops,08_01,216,2020,wheat_spring,1.246,2.1087969182634483,2.1373,2.775179717236985,1.9678784000912544,residual_global
all_crops,08_01,217,2020,wheat_spring,0.337,1.830990911310511,1.961,2.775179717236985,1.690072393138317,residual_global
all_crops,08_01,219,2020,wheat_spring,0.425,1.9538068034750695,1.1434,2.775179717236985,1.8128882853028756,residual_global
all_crops,08_01,220,2020,wheat_spring,0.513,2.6146267426903904,1.7675,2.775179717236985,2.4737082245181967,residual_global
all_crops,08_01,221,2020,wheat_spring,0.38,2.1565458289871224,2.8632,2.775179717236985,2.0156273108149287,residual_global
all_crops,08_01,222,2020,wheat_spring,0.21,1.9197071951294653,0.9872,2.775179717236985,1.7787886769572714,residual_global
all_crops,08_01,223,2020,wheat_spring,0.21,1.849240872513373,1.126,2.775179717236985,1.7083223543411792,residual_global
all_crops,08_01,224,2020,wheat_spring,0.857,1.805522431266588,1.7282,2.775179717236985,1.6646039130943941,residual_global
all_crops,08_01,225,2020,wheat_spring,2.335,2.2458287868914213,3.5470999999999995,2.775179717236985,2.1049102687192276,residual_global
all_crops,08_01,226,2020,wheat_spring,0.502,1.7955256204050842,1.5046,2.775179717236985,1.6546071022328903,residual_global
all_crops,08_01,227,2020,wheat_winter,0.5650000000000001,2.1474826237305775,2.2098,3.4657804752870542,2.006564105558384,residual_global
all_crops,08_01,228,2020,wheat_winter,1.3,2.309679438285926,2.0305,3.4657804752870542,2.168760920113732,residual_global
all_crops,08_01,229,2020,wheat_winter,3.285,2.223256214340797,2.221,3.4657804752870542,2.082337696168603,residual_global
all_crops,08_01,230,2020,oil_seed_raps_winter,0.1679999999999999,1.2492860307307896,1.2317,1.7397895608539231,1.1083675125585957,residual_global
all_crops,08_01,231,2020,oil_seed_raps_winter,0.362,1.2189308179666924,1.6896999999999998,1.7397895608539231,1.0780122997944985,residual_global
all_crops,08_01,232,2020,oil_seed_raps_winter,0.223,1.14833129115667,1.8421,1.7397895608539231,1.0074127729844762,residual_global
all_crops,08_01,195,2021,barley_spring,2.022276422764228,3.5704304117581347,3.3034,2.9819317050782614,2.8780963641624417,residual_global
all_crops,08_01,197,2021,barley_spring,2.5284548104956266,3.5907307951930503,3.4238999999999997,2.9819317050782614,2.8983967475973573,residual_global
all_crops,08_01,207,2021,barley_spring,3.525020286718961,3.473475272706681,4.1666,2.9819317050782614,2.7811412251109875,residual_global
all_crops,08_01,208,2021,sunflower,2.1216153846153847,2.603039595375039,2.502,2.257415477956708,1.9107055477793458,residual_global
all_crops,08_01,209,2021,sunflower,2.268059008785016,2.5969132422460603,2.5276,2.257415477956708,1.9045791946503672,residual_global
all_crops,08_01,210,2021,sunflower,1.4783400809716598,2.6383862125277195,2.5705,2.257415477956708,1.9460521649320264,residual_global
all_crops,08_01,211,2021,sunflower,2.1389247311827955,2.6402346047350806,3.1853,2.257415477956708,1.9479005571393875,residual_global
all_crops,08_01,212,2021,sunflower,3.3983823529411765,2.6029781261691665,2.7846,2.257415477956708,1.9106440785734733,residual_global
all_crops,08_01,213,2021,wheat_spring,1.3155714285714286,3.144206710242609,3.2506,2.7862022677059213,2.451872662646916,residual_global
all_crops,08_01,214,2021,wheat_spring,1.5857777777777775,3.1880164385038836,3.5127,2.7862022677059213,2.4956823909081907,residual_global
all_crops,08_01,215,2021,sunflower,2.9865822784810128,2.3976387648484003,2.614,2.257415477956708,1.7053047172527072,residual_global
all_crops,08_01,216,2021,sunflower,2.925945945945946,2.3545681273586827,2.6715,2.257415477956708,1.6622340797629895,residual_global
all_crops,08_01,217,2021,sunflower,2.768578431372549,2.6221915951795163,2.475,2.257415477956708,1.929857547583823,residual_global
all_crops,08_01,218,2021,sunflower,2.12974358974359,2.421647573094982,2.0886,2.257415477956708,1.7293135254992886,residual_global
all_crops,08_01,219,2021,sunflower,2.818952380952381,2.5568562931893415,2.8047999999999997,2.257415477956708,1.8645222455936483,residual_global
all_crops,08_01,220,2021,sunflower,2.0264,2.5635569868690316,2.8005,2.257415477956708,1.8712229392733384,residual_global
all_crops,08_01,221,2021,sunflower,1.7475,2.363222189003338,2.5108,2.257415477956708,1.6708881414076446,residual_global
all_crops,08_01,222,2021,sunflower,2.9396774193548385,2.5154628903435268,2.2581,2.257415477956708,1.8231288427478336,residual_global
all_crops,08_01,223,2021,sunflower,2.8625714285714285,2.6520769225379053,2.4306,2.257415477956708,1.959742874942212,residual_global
all_crops,08_01,224,2021,sunflower,2.0925,2.348122747679401,2.4054,2.257415477956708,1.655788700083708,residual_global
all_crops,08_01,225,2021,sunflower,1.85,2.2539728367377667,2.4835000000000003,2.257415477956708,1.5616387891420735,residual_global
all_crops,08_01,226,2021,sunflower,2.4555,2.576625293369414,2.5431,2.257415477956708,1.8842912457737209,residual_global
all_crops,08_01,227,2021,wheat_winter,2.8346242774566472,3.745649897911126,3.5711,3.569358367455552,3.0533158503154327,residual_global
all_crops,08_01,228,2021,wheat_winter,2.4169491525423727,3.580188650701486,3.7058,3.569358367455552,2.887854603105793,residual_global
all_crops,08_01,229,2021,wheat_winter,2.9450000000000003,2.792680179797581,2.4469000000000003,3.569358367455552,2.1003461322018877,residual_global
all_crops,08_01,230,2021,wheat_winter,2.123766816143498,3.415603002116792,3.134,3.569358367455552,2.7232689545210986,residual_global
all_crops,08_01,231,2021,wheat_winter,3.5069787234042553,3.518942631098703,3.4015999999999997,3.569358367455552,2.8266085835030097,residual_global
all_crops,08_01,232,2021,wheat_winter,3.2479729729729727,3.634774676220821,2.9818,3.569358367455552,2.9424406286251275,residual_global
all_crops,08_01,233,2021,wheat_winter,3.6453846153846152,3.160449251418675,3.4055999999999997,3.569358367455552,2.4681152038229817,residual_global
all_crops,08_01,234,2021,wheat_winter,5.389142857142858,3.47012627088092,3.8293,3.569358367455552,2.7777922232852266,residual_global
all_crops,08_01,195,2022,wheat_winter,2.1216260162601626,2.719415587881573,2.4872,3.5270951632339247,2.170135111519,residual_global
all_crops,08_01,197,2022,wheat_winter,1.5206997084548106,3.094287876915956,3.2342,3.5270951632339247,2.545007400553383,residual_global
all_crops,08_01,207,2022,wheat_winter,1.8862140474258409,2.612074076944203,2.9544,3.5270951632339247,2.06279360058163,residual_global
all_crops,08_01,208,2022,wheat_spring,2.356923076923077,2.8974847066126883,2.5443,2.6779088961876263,2.3482042302501154,residual_global
all_crops,08_01,209,2022,wheat_spring,2.657417536880491,2.9363209290308765,3.0277000000000003,2.6779088961876263,2.3870404526683036,residual_global
all_crops,08_01,210,2022,wheat_spring,3.0655870445344133,3.080238453333045,3.1882,2.6779088961876263,2.530957976970472,residual_global
all_crops,08_01,212,2022,wheat_spring,3.1773529411764705,3.1847969968333087,3.457,2.6779088961876263,2.635516520470736,residual_global
all_crops,08_01,213,2022,sunflower,1.481428571428571,2.336138143212979,2.5688,2.2824328364554223,1.786857666850406,residual_global
all_crops,08_01,214,2022,sunflower,1.002222222222222,2.348746841108628,2.6556,2.2824328364554223,1.799466364746055,residual_global
all_crops,08_01,215,2022,wheat_spring,2.858987341772152,2.613029803865059,2.6435,2.6779088961876263,2.063749327502486,residual_global
all_crops,08_01,216,2022,wheat_spring,3.1270270270270273,3.1882645386053996,3.9165,2.6779088961876263,2.6389840622428267,residual_global
all_crops,08_01,217,2022,wheat_spring,3.063725490196078,2.831426955171166,3.319,2.6779088961876263,2.2821464788085932,residual_global
all_crops,08_01,218,2022,wheat_spring,2.1723076923076925,2.576507575206499,2.6648,2.6779088961876263,2.0272270988439263,residual_global
all_crops,08_01,219,2022,wheat_spring,2.827547619047619,2.9394569723108868,2.8246,2.6779088961876263,2.390176495948314,residual_global
all_crops,08_01,220,2022,wheat_spring,3.4832,3.2332465501332126,4.2787999999999995,2.6779088961876263,2.6839660737706397,residual_global
all_crops,08_01,222,2022,wheat_spring,3.2700483870967743,3.2521190992502964,2.977,2.6779088961876263,2.7028386228877235,residual_global
all_crops,08_01,223,2022,wheat_spring,3.2311428571428573,2.925272792656199,3.0817,2.6779088961876263,2.375992316293626,residual_global
all_crops,08_01,224,2022,wheat_spring,3.079423076923077,2.924079201259071,3.5203,2.6779088961876263,2.374798724896498,residual_global
all_crops,08_01,226,2022,wheat_spring,1.6934999999999998,3.161254780146548,2.5872,2.6779088961876263,2.611974303783975,residual_global
all_crops,08_01,227,2022,wheat_winter,2.217514450867052,2.749615159233041,3.2383,3.5270951632339247,2.200334682870468,residual_global
all_crops,08_01,228,2022,wheat_spring,4.564745762711865,2.7912392591099486,3.4387,2.6779088961876263,2.2419587827473757,residual_global
all_crops,08_01,229,2022,wheat_spring,2.841666666666667,2.160314160594321,3.0135,2.6779088961876263,1.611033684231748,residual_global
all_crops,08_01,230,2022,sunflower,3.257219730941704,2.4357432691195164,2.4592,2.2824328364554223,1.8864627927569435,residual_global
all_crops,08_01,231,2022,wheat_winter,1.5712340425531914,2.195986108940295,2.288,3.5270951632339247,1.646705632577722,residual_global
all_crops,08_01,232,2022,wheat_winter,1.847837837837838,2.001307780447695,1.8508,3.5270951632339247,1.4520273040851222,residual_global
all_crops,08_01,234,2022,wheat_spring,3.975428571428571,2.66780860440719,3.5832,2.6779088961876263,2.118528128044617,residual_global
all_crops,08_01,195,2023,wheat_winter,0.8904065040650406,1.9430942765510193,1.8031,3.605240949754569,1.4926866798482952,residual_global
all_crops,08_01,197,2023,wheat_winter,1.0820991253644316,2.0208549599730956,2.1736999999999997,3.605240949754569,1.5704473632703715,residual_global
all_crops,08_01,207,2023,wheat_winter,1.068974844468488,2.060468177975322,2.1542000000000003,3.605240949754569,1.6100605812725977,residual_global
all_crops,08_01,208,2023,wheat_spring,2.018076923076923,1.8326443212223509,1.6263999999999998,2.8347937514606945,1.3822367245196268,residual_global
all_crops,08_01,209,2023,wheat_winter,1.4882148184982598,2.041630749637,3.0968,3.605240949754569,1.591223152934276,residual_global
all_crops,08_01,210,2023,pea,1.7267206477732793,1.8026907842276343,1.9667,2.4053981346767683,1.3522831875249102,residual_global
all_crops,08_01,212,2023,wheat_spring,2.9445588235294116,1.86836600326614,2.6809000000000003,2.8347937514606945,1.4179584065634159,residual_global
all_crops,08_01,215,2023,barley_spring,2.2745063291139243,1.970808954598959,2.0213,3.0043107101053974,1.520401357896235,residual_global
all_crops,08_01,216,2023,barley_spring,2.696783783783784,2.469278556670128,2.809,3.0043107101053974,2.0188709599674035,residual_global
all_crops,08_01,217,2023,barley_spring,2.021480392156863,1.8062933071526852,1.9229,3.0043107101053974,1.355885710449961,residual_global
all_crops,08_01,218,2023,barley_spring,3.3693589743589745,2.358779096331838,2.4768,3.0043107101053974,1.9083714996291137,residual_global
all_crops,08_01,219,2023,sunflower,2.802523809523809,2.0960122719593075,2.0565,2.256223661763095,1.6456046752565834,residual_global
all_crops,08_01,220,2023,barley_spring,3.3728800000000003,2.4976145166155224,2.759,3.0043107101053974,2.047206919912798,residual_global
all_crops,08_01,222,2023,barley_spring,4.5005,2.144119836404974,2.53,3.0043107101053974,1.69371223970225,residual_global
all_crops,08_01,223,2023,barley_spring,2.3584285714285715,1.9435615876363024,1.8187,3.0043107101053974,1.4931539909335783,residual_global
all_crops,08_01,224,2023,barley_spring,2.481451923076923,2.013250358240091,1.8807,3.0043107101053974,1.562842761537367,residual_global
all_crops,08_01,227,2023,sunflower,2.6015895953757227,2.1333075154558583,2.3906,2.256223661763095,1.6828999187531342,residual_global
all_crops,08_01,228,2023,wheat_winter,1.5016949152542372,2.1684674389629937,2.2995,3.605240949754569,1.7180598422602695,residual_global
all_crops,08_01,229,2023,wheat_winter,3.443333333333334,2.154616746315992,2.076,3.605240949754569,1.7042091496132679,residual_global
all_crops,08_01,230,2023,wheat_spring,0.9786995515695068,1.7359674587217568,2.1049,2.8347937514606945,1.2855598620190327,residual_global
all_crops,08_01,231,2023,sunflower,2.2995063829787235,1.6952985612267233,1.7592,2.256223661763095,1.2448909645239992,residual_global
all_crops,08_01,232,2023,sunflower,2.6881993243243243,1.9719556275301384,2.0155000000000003,2.256223661763095,1.5215480308274143,residual_global
all_crops,08_01,234,2023,wheat_winter,1.7062857142857142,2.6317971783288607,2.4153,3.605240949754569,2.1813895816261364,residual_global
all_crops,08_01,195,2024,sunflower,2.7365853658536587,2.701458063253699,3.1813,2.2547869646006644,2.367071456903234,residual_global
all_crops,08_01,197,2024,sunflower,3.2877551020408164,2.572521245845143,3.3829,2.2547869646006644,2.238134639494678,residual_global
all_crops,08_01,207,2024,sunflower,3.107023712920386,2.7209546712322727,2.8787,2.2547869646006644,2.386568064881808,residual_global
all_crops,08_01,208,2024,sunflower,2.360615384615385,2.5359501827642754,2.2707,2.2547869646006644,2.2015635764138106,residual_global
all_crops,08_01,210,2024,wheat_winter,5.519493927125506,4.5797331848133895,5.754099999999999,3.5237797966522484,4.245346578462924,residual_global
all_crops,08_01,212,2024,sunflower,1.900882352941176,2.593949921438126,2.9494,2.2547869646006644,2.2595633150876613,residual_global
all_crops,08_01,215,2024,wheat_winter,4.476708860759494,3.6182254061195542,4.2056,3.5237797966522484,3.2838387997690894,residual_global
all_crops,08_01,216,2024,wheat_winter,5.342162162162162,4.023708368018216,5.3586,3.5237797966522484,3.689321761667751,residual_global
all_crops,08_01,217,2024,sunflower,2.9758823529411766,2.624924568650522,3.1949,2.2547869646006644,2.290537962300057,residual_global
all_crops,08_01,218,2024,wheat_spring,4.027153846153846,3.3805546738873025,3.3049,2.7584835033320987,3.0461680675368377,residual_global
all_crops,08_01,219,2024,wheat_spring,3.6718380952380953,3.49933812692156,4.2143999999999995,2.7584835033320987,3.1649515205710954,residual_global
all_crops,08_01,220,2024,wheat_spring,3.12756,3.604770835845875,3.7114,2.7584835033320987,3.27038422949541,residual_global
all_crops,08_01,222,2024,wheat_spring,3.6562580645161287,3.73301308446341,4.2654000000000005,2.7584835033320987,3.3986264781129454,residual_global
all_crops,08_01,223,2024,wheat_spring,3.350857142857143,3.4453892437894007,3.5340000000000003,2.7584835033320987,3.111002637438936,residual_global
all_crops,08_01,224,2024,wheat_winter,5.0582692307692305,4.093209478187353,4.9363,3.5237797966522484,3.758822871836888,residual_global
all_crops,08_01,226,2024,wheat_winter,4.9315,4.043759068134507,4.5445,3.5237797966522484,3.709372461784042,residual_global
all_crops,08_01,227,2024,barley_spring,3.007739884393064,3.425291545790026,3.716,2.9569590723634662,3.0909049394395613,residual_global
all_crops,08_01,228,2024,sunflower,3.052881355932203,2.622288335873198,2.9244,2.2547869646006644,2.287901729522733,residual_global
all_crops,08_01,229,2024,sunflower,3.2544166666666663,2.2117906391367463,2.2287,2.2547869646006644,1.8774040327862815,residual_global
all_crops,08_01,230,2024,sunflower,3.2521793721973093,2.642250387654,3.1405000000000003,2.2547869646006644,2.3078637813035354,residual_global
all_crops,08_01,231,2024,wheat_spring,3.806382978723404,3.717641477177515,4.3306,2.7584835033320987,3.38325487082705,residual_global
all_crops,08_01,232,2024,wheat_spring,3.330304054054054,3.5480167543370547,4.5228,2.7584835033320987,3.21363014798659,residual_global
all_crops,08_01,234,2024,sunflower,3.295057142857143,2.551390314094865,2.7715,2.2547869646006644,2.2170037077444,residual_global
all_crops,08_01,195,2025,wheat_spring,2.7195121951219514,3.3420742194439574,2.8708,2.7859952931393197,3.109173222282852,residual_global
all_crops,08_01,197,2025,wheat_spring,3.779416909620991,3.3596421837876393,3.4404000000000003,2.7859952931393197,3.1267411866265338,residual_global
all_crops,08_01,208,2025,wheat_spring,3.8430769230769233,3.4209967363794016,3.0721,2.7859952931393197,3.188095739218296,residual_global
all_crops,08_01,209,2025,sunflower,2.332040444223438,2.684375634900514,3.5131,2.253882200699135,2.4514746377394085,residual_global
all_crops,08_01,210,2025,sunflower,3.192550607287449,2.6624475020897327,2.3675,2.253882200699135,2.429546504928627,residual_global
all_crops,08_01,212,2025,wheat_spring,1.7024264705882353,2.9007980954552863,2.8967,2.7859952931393197,2.6678970982941808,residual_global
all_crops,08_01,213,2025,barley_spring,1.53,3.075296830820435,3.665,2.9620422462150753,2.8423958336593294,residual_global
all_crops,08_01,214,2025,barley_spring,1.53,3.116550703080479,3.0967,2.9620422462150753,2.8836497059193733,residual_global
all_crops,08_01,215,2025,sunflower,3.0739240506329115,2.4076604970534365,2.7828,2.253882200699135,2.174759499892331,residual_global
all_crops,08_01,216,2025,sunflower,2.986756756756757,2.7088463481459497,3.2991,2.253882200699135,2.475945350984844,residual_global
all_crops,08_01,217,2025,wheat_spring,2.5629901960784314,2.8921818838825812,2.7186,2.7859952931393197,2.6592808867214757,residual_global
all_crops,08_01,218,2025,wheat_spring,4.112820512820513,3.2727696788813283,2.6460999999999997,2.7859952931393197,3.0398686817202227,residual_global
all_crops,08_01,219,2025,barley_spring,3.528095238095238,3.6496708226531114,4.1021,2.9620422462150753,3.416769825492006,residual_global
all_crops,08_01,220,2025,wheat_spring,3.3072000000000004,3.342377560196839,3.6214,2.7859952931393197,3.1094765630357335,residual_global
all_crops,08_01,222,2025,sunflower,2.972258064516129,2.501469237169803,2.5026,2.253882200699135,2.2685682400086975,residual_global
all_crops,08_01,223,2025,sunflower,3.305142857142857,2.5153881432177574,2.1723,2.253882200699135,2.282487146056652,residual_global
all_crops,08_01,224,2025,sunflower,3.0742307692307693,2.4663266902825707,2.718,2.253882200699135,2.233425693121465,residual_global
all_crops,08_01,226,2025,sunflower,3.0420000000000003,2.4769101248731955,2.9094,2.253882200699135,2.24400912771209,residual_global
all_crops,08_01,227,2025,pea,1.5521965317919073,3.052259241935011,2.8562000000000003,2.337815103722531,2.8193582447739054,residual_global
all_crops,08_01,228,2025,wheat_spring,3.004576271186441,3.295563994568336,3.5229999999999997,2.7859952931393197,3.0626629974072306,residual_global
all_crops,08_01,229,2025,wheat_spring,3.5050000000000003,2.867851723342114,3.1488,2.7859952931393197,2.6349507261810086,residual_global
all_crops,08_01,230,2025,wheat_spring,3.6687443946188343,3.4385132238093212,2.9788,2.7859952931393197,3.2056122266482157,residual_global
all_crops,08_01,231,2025,pea,1.3324255319148937,2.8665921871648,2.5528,2.337815103722531,2.6336911900036943,residual_global
all_crops,08_01,232,2025,pea,1.8102027027027028,2.9181049263125884,2.42,2.337815103722531,2.685203929151483,residual_global
all_crops,08_01,234,2025,,4.494857142857143,3.0360817449725355,4.459300000000001,2.498899368049851,2.80318074781143,residual_global
all_crops,08_01,207,2018,sunflower,3.496,2.777032304680101,2.3009,2.215669563352981,2.777032304680101,residual_crop
all_crops,08_01,209,2018,sunflower,1.7399999999999998,2.55873909536416,2.4931,2.215669563352981,2.55873909536416,residual_crop
all_crops,08_01,210,2018,oil_seed_raps_winter,0.978,1.610554962014694,1.7359000000000002,1.697975335103533,1.610554962014694,residual_crop
all_crops,08_01,227,2018,sunflower,2.613,2.459046096963964,2.0135,2.215669563352981,2.459046096963964,residual_crop
all_crops,08_01,228,2018,maize,3.312,4.897552328748045,4.3438,6.214194800255046,4.897552328748045,residual_crop
all_crops,08_01,229,2018,maize,3.312,6.961696362970577,3.5665,6.214194800255046,6.961696362970577,residual_crop
all_crops,08_01,231,2018,soya,0.93,1.4858073295428995,1.6007000000000002,1.4998837388223478,1.4858073295428995,residual_crop
all_crops,08_01,232,2018,soya,0.9,1.450054774700679,1.2671,1.4998837388223478,1.450054774700679,residual_crop
all_crops,08_01,207,2019,wheat_spring,3.5799999999999996,3.2607903747040754,2.7728,2.7949344889498353,3.2607903747040754,residual_crop
all_crops,08_01,208,2019,sunflower,2.133,2.22056351887742,2.165,2.2303410172138705,2.22056351887742,residual_crop
all_crops,08_01,210,2019,sunflower,1.965,2.517678636778372,2.4427,2.2303410172138705,2.517678636778372,residual_crop
all_crops,08_01,211,2019,sunflower,1.868,2.5125835716713216,2.7584,2.2303410172138705,2.5125835716713216,residual_crop
all_crops,08_01,215,2019,sunflower,1.672,2.271607246665385,1.8390999999999995,2.2303410172138705,2.271607246665385,residual_crop
all_crops,08_01,216,2019,sunflower,1.95,2.366305452056668,2.5018,2.2303410172138705,2.366305452056668,residual_crop
all_crops,08_01,217,2019,sunflower,1.962,2.241486992007162,2.0462,2.2303410172138705,2.241486992007162,residual_crop
all_crops,08_01,219,2019,sunflower,2.273,2.207818783487987,1.9478,2.2303410172138705,2.207818783487987,residual_crop
all_crops,08_01,220,2019,sunflower,2.7649999999999997,2.3316291601751926,2.2225,2.2303410172138705,2.3316291601751926,residual_crop
all_crops,08_01,221,2019,sunflower,1.982,2.395011115742967,2.5364,2.2303410172138705,2.395011115742967,residual_crop
all_crops,08_01,222,2019,sunflower,2.648,2.2829423887034226,2.1036,2.2303410172138705,2.2829423887034226,residual_crop
all_crops,08_01,223,2019,sunflower,2.651,2.3557785472736916,2.135,2.2303410172138705,2.3557785472736916,residual_crop
all_crops,08_01,224,2019,sunflower,3.961,2.336894811184253,2.4126000000000003,2.2303410172138705,2.336894811184253,residual_crop
all_crops,08_01,225,2019,sunflower,3.961,2.455527065138501,2.8852,2.2303410172138705,2.455527065138501,residual_crop
all_crops,08_01,226,2019,sunflower,2.9829999999999997,2.257890161037425,2.3326,2.2303410172138705,2.257890161037425,residual_crop
all_crops,08_01,227,2019,oil_seed_raps_spring,1.161,1.5090395834456154,1.9179,1.6452083064410872,1.5090395834456154,residual_crop
all_crops,08_01,228,2019,soya,1.468,1.4980052190602868,1.4007,1.5657027830454833,1.4980052190602868,residual_crop
all_crops,08_01,229,2019,soya,1.468,1.3319447516237997,1.5899,1.5657027830454833,1.3319447516237997,residual_crop
all_crops,08_01,230,2019,wheat_winter,4.503,3.725916030291781,3.9929,3.518703379214148,3.725916030291781,residual_crop
all_crops,08_01,231,2019,wheat_winter,4.303,3.955872040767834,4.2558,3.518703379214148,3.955872040767834,residual_crop
all_crops,08_01,232,2019,wheat_winter,3.404,3.792868321315339,4.1161,3.518703379214148,3.792868321315339,residual_crop
all_crops,08_01,207,2020,oil_seed_raps_spring,0.438,1.373552500006837,1.1949999999999998,1.6826990137403557,1.0255129165612216,residual_crop
all_crops,08_01,208,2020,wheat_spring,0.505,1.8395507649605196,1.3906,2.775179717236985,2.158760390256444,residual_crop
all_crops,08_01,209,2020,maize,0.5780000000000001,5.527891171533151,2.6306000000000003,6.027426688447606,2.9102668256738395,residual_crop
all_crops,08_01,210,2020,wheat_winter,0.211,2.285533486878292,2.1218,3.4657804752870542,2.5306480227533075,residual_crop
all_crops,08_01,211,2020,wheat_winter,0.319,2.1205064814013035,2.4044,3.4657804752870542,2.365621017276319,residual_crop
all_crops,08_01,213,2020,wheat_spring,0.5780000000000001,1.8918052407157593,1.7556,2.775179717236985,2.2110148660116833,residual_crop
all_crops,08_01,214,2020,wheat_spring,0.319,1.8429995381427209,1.5097,2.775179717236985,2.162209163438645,residual_crop
all_crops,08_01,215,2020,wheat_spring,1.409,2.4226697847956067,1.5953,2.775179717236985,2.741879410091531,residual_crop
all_crops,08_01,216,2020,wheat_spring,1.246,2.1087969182634483,2.1373,2.775179717236985,2.4280065435593725,residual_crop
all_crops,08_01,217,2020,wheat_spring,0.337,1.830990911310511,1.961,2.775179717236985,2.150200536606435,residual_crop
all_crops,08_01,219,2020,wheat_spring,0.425,1.9538068034750695,1.1434,2.775179717236985,2.273016428770994,residual_crop
all_crops,08_01,220,2020,wheat_spring,0.513,2.6146267426903904,1.7675,2.775179717236985,2.9338363679863146,residual_crop
all_crops,08_01,221,2020,wheat_spring,0.38,2.1565458289871224,2.8632,2.775179717236985,2.4757554542830467,residual_crop
all_crops,08_01,222,2020,wheat_spring,0.21,1.9197071951294653,0.9872,2.775179717236985,2.2389168204253895,residual_crop
all_crops,08_01,223,2020,wheat_spring,0.21,1.849240872513373,1.126,2.775179717236985,2.1684504978092973,residual_crop
all_crops,08_01,224,2020,wheat_spring,0.857,1.805522431266588,1.7282,2.775179717236985,2.1247320565625123,residual_crop
all_crops,08_01,225,2020,wheat_spring,2.335,2.2458287868914213,3.5470999999999995,2.775179717236985,2.5650384121873455,residual_crop
all_crops,08_01,226,2020,wheat_spring,0.502,1.7955256204050842,1.5046,2.775179717236985,2.1147352457010085,residual_crop
all_crops,08_01,227,2020,wheat_winter,0.5650000000000001,2.1474826237305775,2.2098,3.4657804752870542,2.392597159605593,residual_crop
all_crops,08_01,228,2020,wheat_winter,1.3,2.309679438285926,2.0305,3.4657804752870542,2.5547939741609413,residual_crop
all_crops,08_01,229,2020,wheat_winter,3.285,2.223256214340797,2.221,3.4657804752870542,2.4683707502158123,residual_crop
all_crops,08_01,230,2020,oil_seed_raps_winter,0.1679999999999999,1.2492860307307896,1.2317,1.7397895608539231,0.6167310687160956,residual_crop
all_crops,08_01,231,2020,oil_seed_raps_winter,0.362,1.2189308179666924,1.6896999999999998,1.7397895608539231,0.5863758559519985,residual_crop
all_crops,08_01,232,2020,oil_seed_raps_winter,0.223,1.14833129115667,1.8421,1.7397895608539231,0.5157763291419761,residual_crop
all_crops,08_01,195,2021,barley_spring,2.022276422764228,3.5704304117581347,3.3034,2.9819317050782614,2.8780963641624417,residual_crop
all_crops,08_01,197,2021,barley_spring,2.5284548104956266,3.5907307951930503,3.4238999999999997,2.9819317050782614,2.8983967475973573,residual_crop
all_crops,08_01,207,2021,barley_spring,3.525020286718961,3.473475272706681,4.1666,2.9819317050782614,2.7811412251109875,residual_crop
all_crops,08_01,208,2021,sunflower,2.1216153846153847,2.603039595375039,2.502,2.257415477956708,2.7250669513863333,residual_crop
all_crops,08_01,209,2021,sunflower,2.268059008785016,2.5969132422460603,2.5276,2.257415477956708,2.7189405982573547,residual_crop
all_crops,08_01,210,2021,sunflower,1.4783400809716598,2.6383862125277195,2.5705,2.257415477956708,2.760413568539014,residual_crop
all_crops,08_01,211,2021,sunflower,2.1389247311827955,2.6402346047350806,3.1853,2.257415477956708,2.762261960746375,residual_crop
all_crops,08_01,212,2021,sunflower,3.3983823529411765,2.6029781261691665,2.7846,2.257415477956708,2.725005482180461,residual_crop
all_crops,08_01,213,2021,wheat_spring,1.3155714285714286,3.144206710242609,3.2506,2.7862022677059213,1.935379522625865,residual_crop
all_crops,08_01,214,2021,wheat_spring,1.5857777777777775,3.1880164385038836,3.5127,2.7862022677059213,1.9791892508871398,residual_crop
all_crops,08_01,215,2021,sunflower,2.9865822784810128,2.3976387648484003,2.614,2.257415477956708,2.5196661208596947,residual_crop
all_crops,08_01,216,2021,sunflower,2.925945945945946,2.3545681273586827,2.6715,2.257415477956708,2.476595483369977,residual_crop
all_crops,08_01,217,2021,sunflower,2.768578431372549,2.6221915951795163,2.475,2.257415477956708,2.7442189511908106,residual_crop
all_crops,08_01,218,2021,sunflower,2.12974358974359,2.421647573094982,2.0886,2.257415477956708,2.543674929106276,residual_crop
all_crops,08_01,219,2021,sunflower,2.818952380952381,2.5568562931893415,2.8047999999999997,2.257415477956708,2.678883649200636,residual_crop
all_crops,08_01,220,2021,sunflower,2.0264,2.5635569868690316,2.8005,2.257415477956708,2.685584342880326,residual_crop
all_crops,08_01,221,2021,sunflower,1.7475,2.363222189003338,2.5108,2.257415477956708,2.485249545014632,residual_crop
all_crops,08_01,222,2021,sunflower,2.9396774193548385,2.5154628903435268,2.2581,2.257415477956708,2.637490246354821,residual_crop
all_crops,08_01,223,2021,sunflower,2.8625714285714285,2.6520769225379053,2.4306,2.257415477956708,2.7741042785491996,residual_crop
all_crops,08_01,224,2021,sunflower,2.0925,2.348122747679401,2.4054,2.257415477956708,2.4701501036906954,residual_crop
all_crops,08_01,225,2021,sunflower,1.85,2.2539728367377667,2.4835000000000003,2.257415477956708,2.376000192749061,residual_crop
all_crops,08_01,226,2021,sunflower,2.4555,2.576625293369414,2.5431,2.257415477956708,2.6986526493807084,residual_crop
all_crops,08_01,227,2021,wheat_winter,2.8346242774566472,3.745649897911126,3.5711,3.569358367455552,3.161760568284645,residual_crop
all_crops,08_01,228,2021,wheat_winter,2.4169491525423727,3.580188650701486,3.7058,3.569358367455552,2.996299321075005,residual_crop
all_crops,08_01,229,2021,wheat_winter,2.9450000000000003,2.792680179797581,2.4469000000000003,3.569358367455552,2.2087908501710998,residual_crop
all_crops,08_01,230,2021,wheat_winter,2.123766816143498,3.415603002116792,3.134,3.569358367455552,2.8317136724903107,residual_crop
all_crops,08_01,231,2021,wheat_winter,3.5069787234042553,3.518942631098703,3.4015999999999997,3.569358367455552,2.9350533014722218,residual_crop
all_crops,08_01,232,2021,wheat_winter,3.2479729729729727,3.634774676220821,2.9818,3.569358367455552,3.0508853465943395,residual_crop
all_crops,08_01,233,2021,wheat_winter,3.6453846153846152,3.160449251418675,3.4055999999999997,3.569358367455552,2.5765599217921937,residual_crop
all_crops,08_01,234,2021,wheat_winter,5.389142857142858,3.47012627088092,3.8293,3.569358367455552,2.8862369412544386,residual_crop
all_crops,08_01,195,2022,wheat_winter,2.1216260162601626,2.719415587881573,2.4872,3.5270951632339247,2.351933726499652,residual_crop
all_crops,08_01,197,2022,wheat_winter,1.5206997084548106,3.094287876915956,3.2342,3.5270951632339247,2.726806015534035,residual_crop
all_crops,08_01,207,2022,wheat_winter,1.8862140474258409,2.612074076944203,2.9544,3.5270951632339247,2.2445922155622817,residual_crop
all_crops,08_01,208,2022,wheat_spring,2.356923076923077,2.8974847066126883,2.5443,2.6779088961876263,1.6290563679863093,residual_crop
all_crops,08_01,209,2022,wheat_spring,2.657417536880491,2.9363209290308765,3.0277000000000003,2.6779088961876263,1.6678925904044974,residual_crop
all_crops,08_01,210,2022,wheat_spring,3.0655870445344133,3.080238453333045,3.1882,2.6779088961876263,1.8118101147066659,residual_crop
all_crops,08_01,212,2022,wheat_spring,3.1773529411764705,3.1847969968333087,3.457,2.6779088961876263,1.9163686582069297,residual_crop
all_crops,08_01,213,2022,sunflower,1.481428571428571,2.336138143212979,2.5688,2.2824328364554223,2.3472041456790205,residual_crop
all_crops,08_01,214,2022,sunflower,1.002222222222222,2.348746841108628,2.6556,2.2824328364554223,2.3598128435746695,residual_crop
all_crops,08_01,215,2022,wheat_spring,2.858987341772152,2.613029803865059,2.6435,2.6779088961876263,1.34460146523868,residual_crop
all_crops,08_01,216,2022,wheat_spring,3.1270270270270273,3.1882645386053996,3.9165,2.6779088961876263,1.9198361999790206,residual_crop
all_crops,08_01,217,2022,wheat_spring,3.063725490196078,2.831426955171166,3.319,2.6779088961876263,1.5629986165447871,residual_crop
all_crops,08_01,218,2022,wheat_spring,2.1723076923076925,2.576507575206499,2.6648,2.6779088961876263,1.3080792365801202,residual_crop
all_crops,08_01,219,2022,wheat_spring,2.827547619047619,2.9394569723108868,2.8246,2.6779088961876263,1.6710286336845077,residual_crop
all_crops,08_01,220,2022,wheat_spring,3.4832,3.2332465501332126,4.2787999999999995,2.6779088961876263,1.9648182115068336,residual_crop
all_crops,08_01,222,2022,wheat_spring,3.2700483870967743,3.2521190992502964,2.977,2.6779088961876263,1.9836907606239174,residual_crop
all_crops,08_01,223,2022,wheat_spring,3.2311428571428573,2.925272792656199,3.0817,2.6779088961876263,1.65684445402982,residual_crop
all_crops,08_01,224,2022,wheat_spring,3.079423076923077,2.924079201259071,3.5203,2.6779088961876263,1.655650862632692,residual_crop
all_crops,08_01,226,2022,wheat_spring,1.6934999999999998,3.161254780146548,2.5872,2.6779088961876263,1.8928264415201688,residual_crop
all_crops,08_01,227,2022,wheat_winter,2.217514450867052,2.749615159233041,3.2383,3.5270951632339247,2.38213329785112,residual_crop
all_crops,08_01,228,2022,wheat_spring,4.564745762711865,2.7912392591099486,3.4387,2.6779088961876263,1.5228109204835696,residual_crop
all_crops,08_01,229,2022,wheat_spring,2.841666666666667,2.160314160594321,3.0135,2.6779088961876263,0.891885821967942,residual_crop
all_crops,08_01,230,2022,sunflower,3.257219730941704,2.4357432691195164,2.4592,2.2824328364554223,2.446809271585558,residual_crop
all_crops,08_01,231,2022,wheat_winter,1.5712340425531914,2.195986108940295,2.288,3.5270951632339247,1.8285042475583742,residual_crop
all_crops,08_01,232,2022,wheat_winter,1.847837837837838,2.001307780447695,1.8508,3.5270951632339247,1.6338259190657742,residual_crop
all_crops,08_01,234,2022,wheat_spring,3.975428571428571,2.66780860440719,3.5832,2.6779088961876263,1.399380265780811,residual_crop
all_crops,08_01,195,2023,wheat_winter,0.8904065040650406,1.9430942765510193,1.8031,3.605240949754569,1.484581991593083,residual_crop
all_crops,08_01,197,2023,wheat_winter,1.0820991253644316,2.0208549599730956,2.1736999999999997,3.605240949754569,1.5623426750151592,residual_crop
all_crops,08_01,207,2023,wheat_winter,1.068974844468488,2.060468177975322,2.1542000000000003,3.605240949754569,1.6019558930173854,residual_crop
all_crops,08_01,208,2023,wheat_spring,2.018076923076923,1.8326443212223509,1.6263999999999998,2.8347937514606945,1.2596998493594296,residual_crop
all_crops,08_01,209,2023,wheat_winter,1.4882148184982598,2.041630749637,3.0968,3.605240949754569,1.5831184646790637,residual_crop
all_crops,08_01,210,2023,pea,1.7267206477732793,1.8026907842276343,1.9667,2.4053981346767683,1.3522831875249102,residual_crop
all_crops,08_01,212,2023,wheat_spring,2.9445588235294116,1.86836600326614,2.6809000000000003,2.8347937514606945,1.2954215314032187,residual_crop
all_crops,08_01,215,2023,barley_spring,2.2745063291139243,1.970808954598959,2.0213,3.0043107101053974,1.117847301372609,residual_crop
all_crops,08_01,216,2023,barley_spring,2.696783783783784,2.469278556670128,2.809,3.0043107101053974,1.6163169034437779,residual_crop
all_crops,08_01,217,2023,barley_spring,2.021480392156863,1.8062933071526852,1.9229,3.0043107101053974,0.9533316539263351,residual_crop
all_crops,08_01,218,2023,barley_spring,3.3693589743589745,2.358779096331838,2.4768,3.0043107101053974,1.5058174431054878,residual_crop
all_crops,08_01,219,2023,sunflower,2.802523809523809,2.0960122719593075,2.0565,2.256223661763095,2.068890281553815,residual_crop
all_crops,08_01,220,2023,barley_spring,3.3728800000000003,2.4976145166155224,2.759,3.0043107101053974,1.6446528633891724,residual_crop
all_crops,08_01,222,2023,barley_spring,4.5005,2.144119836404974,2.53,3.0043107101053974,1.291158183178624,residual_crop
all_crops,08_01,223,2023,barley_spring,2.3584285714285715,1.9435615876363024,1.8187,3.0043107101053974,1.0905999344099522,residual_crop
all_crops,08_01,224,2023,barley_spring,2.481451923076923,2.013250358240091,1.8807,3.0043107101053974,1.1602887050137412,residual_crop
all_crops,08_01,227,2023,sunflower,2.6015895953757227,2.1333075154558583,2.3906,2.256223661763095,2.106185525050366,residual_crop
all_crops,08_01,228,2023,wheat_winter,1.5016949152542372,2.1684674389629937,2.2995,3.605240949754569,1.7099551540050573,residual_crop
all_crops,08_01,229,2023,wheat_winter,3.443333333333334,2.154616746315992,2.076,3.605240949754569,1.6961044613580556,residual_crop
all_crops,08_01,230,2023,wheat_spring,0.9786995515695068,1.7359674587217568,2.1049,2.8347937514606945,1.1630229868588355,residual_crop
all_crops,08_01,231,2023,sunflower,2.2995063829787235,1.6952985612267233,1.7592,2.256223661763095,1.668176570821231,residual_crop
all_crops,08_01,232,2023,sunflower,2.6881993243243243,1.9719556275301384,2.0155000000000003,2.256223661763095,1.9448336371246462,residual_crop
all_crops,08_01,234,2023,wheat_winter,1.7062857142857142,2.6317971783288607,2.4153,3.605240949754569,2.1732848933709246,residual_crop
all_crops,08_01,195,2024,sunflower,2.7365853658536587,2.701458063253699,3.1813,2.2547869646006644,2.737841758156805,residual_crop
all_crops,08_01,197,2024,sunflower,3.2877551020408164,2.572521245845143,3.3829,2.2547869646006644,2.608904940748249,residual_crop
all_crops,08_01,207,2024,sunflower,3.107023712920386,2.7209546712322727,2.8787,2.2547869646006644,2.7573383661353787,residual_crop
all_crops,08_01,208,2024,sunflower,2.360615384615385,2.5359501827642754,2.2707,2.2547869646006644,2.5723338776673814,residual_crop
all_crops,08_01,210,2024,wheat_winter,5.519493927125506,4.5797331848133895,5.754099999999999,3.5237797966522484,4.09948523510479,residual_crop
all_crops,08_01,212,2024,sunflower,1.900882352941176,2.593949921438126,2.9494,2.2547869646006644,2.630333616341232,residual_crop
all_crops,08_01,215,2024,wheat_winter,4.476708860759494,3.6182254061195542,4.2056,3.5237797966522484,3.137977456410955,residual_crop
all_crops,08_01,216,2024,wheat_winter,5.342162162162162,4.023708368018216,5.3586,3.5237797966522484,3.5434604183096168,residual_crop
all_crops,08_01,217,2024,sunflower,2.9758823529411766,2.624924568650522,3.1949,2.2547869646006644,2.661308263553628,residual_crop
all_crops,08_01,218,2024,wheat_spring,4.027153846153846,3.3805546738873025,3.3049,2.7584835033320987,2.867696443390715,residual_crop
all_crops,08_01,219,2024,wheat_spring,3.6718380952380953,3.49933812692156,4.2143999999999995,2.7584835033320987,2.9864798964249726,residual_crop
all_crops,08_01,220,2024,wheat_spring,3.12756,3.604770835845875,3.7114,2.7584835033320987,3.091912605349288,residual_crop
all_crops,08_01,222,2024,wheat_spring,3.6562580645161287,3.73301308446341,4.2654000000000005,2.7584835033320987,3.2201548539668226,residual_crop
all_crops,08_01,223,2024,wheat_spring,3.350857142857143,3.4453892437894007,3.5340000000000003,2.7584835033320987,2.932531013292813,residual_crop
all_crops,08_01,224,2024,wheat_winter,5.0582692307692305,4.093209478187353,4.9363,3.5237797966522484,3.6129615284787535,residual_crop
all_crops,08_01,226,2024,wheat_winter,4.9315,4.043759068134507,4.5445,3.5237797966522484,3.5635111184259074,residual_crop
all_crops,08_01,227,2024,barley_spring,3.007739884393064,3.425291545790026,3.716,2.9569590723634662,3.7264550731163437,residual_crop
all_crops,08_01,228,2024,sunflower,3.052881355932203,2.622288335873198,2.9244,2.2547869646006644,2.658672030776304,residual_crop
all_crops,08_01,229,2024,sunflower,3.2544166666666663,2.2117906391367463,2.2287,2.2547869646006644,2.2481743340398523,residual_crop
all_crops,08_01,230,2024,sunflower,3.2521793721973093,2.642250387654,3.1405000000000003,2.2547869646006644,2.678634082557106,residual_crop
all_crops,08_01,231,2024,wheat_spring,3.806382978723404,3.717641477177515,4.3306,2.7584835033320987,3.204783246680927,residual_crop
all_crops,08_01,232,2024,wheat_spring,3.330304054054054,3.5480167543370547,4.5228,2.7584835033320987,3.035158523840467,residual_crop
all_crops,08_01,234,2024,sunflower,3.295057142857143,2.551390314094865,2.7715,2.2547869646006644,2.587774008997971,residual_crop
all_crops,08_01,195,2025,wheat_spring,2.7195121951219514,3.3420742194439574,2.8708,2.7859952931393197,2.911753207097294,residual_crop
all_crops,08_01,197,2025,wheat_spring,3.779416909620991,3.3596421837876393,3.4404000000000003,2.7859952931393197,2.929321171440976,residual_crop
all_crops,08_01,208,2025,wheat_spring,3.8430769230769233,3.4209967363794016,3.0721,2.7859952931393197,2.990675724032738,residual_crop
all_crops,08_01,209,2025,sunflower,2.332040444223438,2.684375634900514,3.5131,2.253882200699135,2.781189987254444,residual_crop
all_crops,08_01,210,2025,sunflower,3.192550607287449,2.6624475020897327,2.3675,2.253882200699135,2.7592618544436625,residual_crop
all_crops,08_01,212,2025,wheat_spring,1.7024264705882353,2.9007980954552863,2.8967,2.7859952931393197,2.470477083108623,residual_crop
all_crops,08_01,213,2025,barley_spring,1.53,3.075296830820435,3.665,2.9620422462150753,3.3165674257531457,residual_crop
all_crops,08_01,214,2025,barley_spring,1.53,3.116550703080479,3.0967,2.9620422462150753,3.3578212980131896,residual_crop
all_crops,08_01,215,2025,sunflower,3.0739240506329115,2.4076604970534365,2.7828,2.253882200699135,2.5044748494073663,residual_crop
all_crops,08_01,216,2025,sunflower,2.986756756756757,2.7088463481459497,3.2991,2.253882200699135,2.8056607004998795,residual_crop
all_crops,08_01,217,2025,wheat_spring,2.5629901960784314,2.8921818838825812,2.7186,2.7859952931393197,2.461860871535918,residual_crop
all_crops,08_01,218,2025,wheat_spring,4.112820512820513,3.2727696788813283,2.6460999999999997,2.7859952931393197,2.842448666534665,residual_crop
all_crops,08_01,219,2025,barley_spring,3.528095238095238,3.6496708226531114,4.1021,2.9620422462150753,3.890941417585822,residual_crop
all_crops,08_01,220,2025,wheat_spring,3.3072000000000004,3.342377560196839,3.6214,2.7859952931393197,2.9120565478501756,residual_crop
all_crops,08_01,222,2025,sunflower,2.972258064516129,2.501469237169803,2.5026,2.253882200699135,2.598283589523733,residual_crop
all_crops,08_01,223,2025,sunflower,3.305142857142857,2.5153881432177574,2.1723,2.253882200699135,2.612202495571687,residual_crop
all_crops,08_01,224,2025,sunflower,3.0742307692307693,2.4663266902825707,2.718,2.253882200699135,2.5631410426365004,residual_crop
all_crops,08_01,226,2025,sunflower,3.0420000000000003,2.4769101248731955,2.9094,2.253882200699135,2.5737244772271253,residual_crop
all_crops,08_01,227,2025,pea,1.5521965317919073,3.052259241935011,2.8562000000000003,2.337815103722531,2.9762891054806557,residual_crop
all_crops,08_01,228,2025,wheat_spring,3.004576271186441,3.295563994568336,3.5229999999999997,2.7859952931393197,2.865242982221673,residual_crop
all_crops,08_01,229,2025,wheat_spring,3.5050000000000003,2.867851723342114,3.1488,2.7859952931393197,2.4375307109954507,residual_crop
all_crops,08_01,230,2025,wheat_spring,3.6687443946188343,3.4385132238093212,2.9788,2.7859952931393197,3.0081922114626582,residual_crop
all_crops,08_01,231,2025,pea,1.3324255319148937,2.8665921871648,2.5528,2.337815103722531,2.7906220507104447,residual_crop
all_crops,08_01,232,2025,pea,1.8102027027027028,2.9181049263125884,2.42,2.337815103722531,2.8421347898582336,residual_crop
all_crops,08_01,234,2025,,4.494857142857143,3.0360817449725355,4.459300000000001,2.498899368049851,2.80318074781143,residual_crop
all_crops,08_01,207,2018,sunflower,3.496,2.777032304680101,2.3009,2.215669563352981,2.777032304680101,linear_global
all_crops,08_01,209,2018,sunflower,1.7399999999999998,2.55873909536416,2.4931,2.215669563352981,2.55873909536416,linear_global
all_crops,08_01,210,2018,oil_seed_raps_winter,0.978,1.610554962014694,1.7359000000000002,1.697975335103533,1.610554962014694,linear_global
all_crops,08_01,227,2018,sunflower,2.613,2.459046096963964,2.0135,2.215669563352981,2.459046096963964,linear_global
all_crops,08_01,228,2018,maize,3.312,4.897552328748045,4.3438,6.214194800255046,4.897552328748045,linear_global
all_crops,08_01,229,2018,maize,3.312,6.961696362970577,3.5665,6.214194800255046,6.961696362970577,linear_global
all_crops,08_01,231,2018,soya,0.93,1.4858073295428995,1.6007000000000002,1.4998837388223478,1.4858073295428995,linear_global
all_crops,08_01,232,2018,soya,0.9,1.450054774700679,1.2671,1.4998837388223478,1.450054774700679,linear_global
all_crops,08_01,207,2019,wheat_spring,3.5799999999999996,3.2607903747040754,2.7728,2.7949344889498353,3.2607903747040754,linear_global
all_crops,08_01,208,2019,sunflower,2.133,2.22056351887742,2.165,2.2303410172138705,2.22056351887742,linear_global
all_crops,08_01,210,2019,sunflower,1.965,2.517678636778372,2.4427,2.2303410172138705,2.517678636778372,linear_global
all_crops,08_01,211,2019,sunflower,1.868,2.5125835716713216,2.7584,2.2303410172138705,2.5125835716713216,linear_global
all_crops,08_01,215,2019,sunflower,1.672,2.271607246665385,1.8390999999999995,2.2303410172138705,2.271607246665385,linear_global
all_crops,08_01,216,2019,sunflower,1.95,2.366305452056668,2.5018,2.2303410172138705,2.366305452056668,linear_global
all_crops,08_01,217,2019,sunflower,1.962,2.241486992007162,2.0462,2.2303410172138705,2.241486992007162,linear_global
all_crops,08_01,219,2019,sunflower,2.273,2.207818783487987,1.9478,2.2303410172138705,2.207818783487987,linear_global
all_crops,08_01,220,2019,sunflower,2.7649999999999997,2.3316291601751926,2.2225,2.2303410172138705,2.3316291601751926,linear_global
all_crops,08_01,221,2019,sunflower,1.982,2.395011115742967,2.5364,2.2303410172138705,2.395011115742967,linear_global
all_crops,08_01,222,2019,sunflower,2.648,2.2829423887034226,2.1036,2.2303410172138705,2.2829423887034226,linear_global
all_crops,08_01,223,2019,sunflower,2.651,2.3557785472736916,2.135,2.2303410172138705,2.3557785472736916,linear_global
all_crops,08_01,224,2019,sunflower,3.961,2.336894811184253,2.4126000000000003,2.2303410172138705,2.336894811184253,linear_global
all_crops,08_01,225,2019,sunflower,3.961,2.455527065138501,2.8852,2.2303410172138705,2.455527065138501,linear_global
all_crops,08_01,226,2019,sunflower,2.9829999999999997,2.257890161037425,2.3326,2.2303410172138705,2.257890161037425,linear_global
all_crops,08_01,227,2019,oil_seed_raps_spring,1.161,1.5090395834456154,1.9179,1.6452083064410872,1.5090395834456154,linear_global
all_crops,08_01,228,2019,soya,1.468,1.4980052190602868,1.4007,1.5657027830454833,1.4980052190602868,linear_global
all_crops,08_01,229,2019,soya,1.468,1.3319447516237997,1.5899,1.5657027830454833,1.3319447516237997,linear_global
all_crops,08_01,230,2019,wheat_winter,4.503,3.725916030291781,3.9929,3.518703379214148,3.725916030291781,linear_global
all_crops,08_01,231,2019,wheat_winter,4.303,3.955872040767834,4.2558,3.518703379214148,3.955872040767834,linear_global
all_crops,08_01,232,2019,wheat_winter,3.404,3.792868321315339,4.1161,3.518703379214148,3.792868321315339,linear_global
all_crops,08_01,207,2020,oil_seed_raps_spring,0.438,1.373552500006837,1.1949999999999998,1.6826990137403557,1.8062067853791346,linear_global
all_crops,08_01,208,2020,wheat_spring,0.505,1.8395507649605196,1.3906,2.775179717236985,2.058056620796525,linear_global
all_crops,08_01,209,2020,maize,0.5780000000000001,5.527891171533151,2.6306000000000003,6.027426688447606,4.051428687216034,linear_global
all_crops,08_01,210,2020,wheat_winter,0.211,2.285533486878292,2.1218,3.4657804752870542,2.2990890098874046,linear_global
all_crops,08_01,211,2020,wheat_winter,0.319,2.1205064814013035,2.4044,3.4657804752870542,2.209899784745257,linear_global
all_crops,08_01,213,2020,wheat_spring,0.5780000000000001,1.8918052407157593,1.7556,2.775179717236985,2.0862976725525595,linear_global
all_crops,08_01,214,2020,wheat_spring,0.319,1.8429995381427209,1.5097,2.775179717236985,2.059920518204846,linear_global
all_crops,08_01,215,2020,wheat_spring,1.409,2.4226697847956067,1.5953,2.775179717236985,2.3732046379008667,linear_global
all_crops,08_01,216,2020,wheat_spring,1.246,2.1087969182634483,2.1373,2.775179717236985,2.2035713243820587,linear_global
all_crops,08_01,217,2020,wheat_spring,0.337,1.830990911310511,1.961,2.775179717236985,2.053430428179336,linear_global
all_crops,08_01,219,2020,wheat_spring,0.425,1.9538068034750695,1.1434,2.775179717236985,2.1198065599260034,linear_global
all_crops,08_01,220,2020,wheat_spring,0.513,2.6146267426903904,1.7675,2.775179717236985,2.4769482178427995,linear_global
all_crops,08_01,221,2020,wheat_spring,0.38,2.1565458289871224,2.8632,2.775179717236985,2.229377333141152,linear_global
all_crops,08_01,222,2020,wheat_spring,0.21,1.9197071951294653,0.9872,2.775179717236985,2.101377348069407,linear_global
all_crops,08_01,223,2020,wheat_spring,0.21,1.849240872513373,1.126,2.775179717236985,2.0632936617383097,linear_global
all_crops,08_01,224,2020,wheat_spring,0.857,1.805522431266588,1.7282,2.775179717236985,2.03966592948956,linear_global
all_crops,08_01,225,2020,wheat_spring,2.335,2.2458287868914213,3.5470999999999995,2.775179717236985,2.2776305133456116,linear_global
all_crops,08_01,226,2020,wheat_spring,0.502,1.7955256204050842,1.5046,2.775179717236985,2.0342631300383243,linear_global
all_crops,08_01,227,2020,wheat_winter,0.5650000000000001,2.1474826237305775,2.2098,3.4657804752870542,2.2244791029890685,linear_global
all_crops,08_01,228,2020,wheat_winter,1.3,2.309679438285926,2.0305,3.4657804752870542,2.3121387449301163,linear_global
all_crops,08_01,229,2020,wheat_winter,3.285,2.223256214340797,2.221,3.4657804752870542,2.265431114529423,linear_global
all_crops,08_01,230,2020,oil_seed_raps_winter,0.1679999999999999,1.2492860307307896,1.2317,1.7397895608539231,1.7390466858921045,linear_global
all_crops,08_01,231,2020,oil_seed_raps_winter,0.362,1.2189308179666924,1.6896999999999998,1.7397895608539231,1.7226411412503073,linear_global
all_crops,08_01,232,2020,oil_seed_raps_winter,0.223,1.14833129115667,1.8421,1.7397895608539231,1.6844854644058516,linear_global
all_crops,08_01,195,2021,barley_spring,2.022276422764228,3.5704304117581347,3.3034,2.9819317050782614,2.4171086939468234,linear_global
all_crops,08_01,197,2021,barley_spring,2.5284548104956266,3.5907307951930503,3.4238999999999997,2.9819317050782614,2.42957633106701,linear_global
all_crops,08_01,207,2021,barley_spring,3.525020286718961,3.473475272706681,4.1666,2.9819317050782614,2.357562947212222,linear_global
all_crops,08_01,208,2021,sunflower,2.1216153846153847,2.603039595375039,2.502,2.257415477956708,1.8229781598741872,linear_global
all_crops,08_01,209,2021,sunflower,2.268059008785016,2.5969132422460603,2.5276,2.257415477956708,1.8192156128303292,linear_global
all_crops,08_01,210,2021,sunflower,1.4783400809716598,2.6383862125277195,2.5705,2.257415477956708,1.8446865575258213,linear_global
all_crops,08_01,211,2021,sunflower,2.1389247311827955,2.6402346047350806,3.1853,2.257415477956708,1.8458217618617907,linear_global
all_crops,08_01,212,2021,sunflower,3.3983823529411765,2.6029781261691665,2.7846,2.257415477956708,1.8229404080871168,linear_global
all_crops,08_01,213,2021,wheat_spring,1.3155714285714286,3.144206710242609,3.2506,2.7862022677059213,2.155340119005594,linear_global
all_crops,08_01,214,2021,wheat_spring,1.5857777777777775,3.1880164385038836,3.5127,2.7862022677059213,2.182246201644217,linear_global
all_crops,08_01,215,2021,sunflower,2.9865822784810128,2.3976387648484003,2.614,2.257415477956708,1.696829654975183,linear_global
all_crops,08_01,216,2021,sunflower,2.925945945945946,2.3545681273586827,2.6715,2.257415477956708,1.6703774906365862,linear_global
all_crops,08_01,217,2021,sunflower,2.768578431372549,2.6221915951795163,2.475,2.257415477956708,1.8347405083270456,linear_global
all_crops,08_01,218,2021,sunflower,2.12974358974359,2.421647573094982,2.0886,2.257415477956708,1.7115748498069066,linear_global
all_crops,08_01,219,2021,sunflower,2.818952380952381,2.5568562931893415,2.8047999999999997,2.257415477956708,1.7946143284958662,linear_global
all_crops,08_01,220,2021,sunflower,2.0264,2.5635569868690316,2.8005,2.257415477956708,1.7987296112204387,linear_global
all_crops,08_01,221,2021,sunflower,1.7475,2.363222189003338,2.5108,2.257415477956708,1.6756924493686323,linear_global
all_crops,08_01,222,2021,sunflower,2.9396774193548385,2.5154628903435268,2.2581,2.257415477956708,1.7691922507550244,linear_global
all_crops,08_01,223,2021,sunflower,2.8625714285714285,2.6520769225379053,2.4306,2.257415477956708,1.8530948127133133,linear_global
all_crops,08_01,224,2021,sunflower,2.0925,2.348122747679401,2.4054,2.257415477956708,1.6664190109753156,linear_global
all_crops,08_01,225,2021,sunflower,1.85,2.2539728367377667,2.4835000000000003,2.257415477956708,1.60859611672893,linear_global
all_crops,08_01,226,2021,sunflower,2.4555,2.576625293369414,2.5431,2.257415477956708,1.8067556124900461,linear_global
all_crops,08_01,227,2021,wheat_winter,2.8346242774566472,3.745649897911126,3.5711,3.569358367455552,2.524721093325632,linear_global
all_crops,08_01,228,2021,wheat_winter,2.4169491525423727,3.580188650701486,3.7058,3.569358367455552,2.4231017916864714,linear_global
all_crops,08_01,229,2021,wheat_winter,2.9450000000000003,2.792680179797581,2.4469000000000003,3.569358367455552,1.9394473880255045,linear_global
all_crops,08_01,230,2021,wheat_winter,2.123766816143498,3.415603002116792,3.134,3.569358367455552,2.322020245698762,linear_global
all_crops,08_01,231,2021,wheat_winter,3.5069787234042553,3.518942631098703,3.4015999999999997,3.569358367455552,2.3854870761855804,linear_global
all_crops,08_01,232,2021,wheat_winter,3.2479729729729727,3.634774676220821,2.9818,3.569358367455552,2.456626220433851,linear_global
all_crops,08_01,233,2021,wheat_winter,3.6453846153846152,3.160449251418675,3.4055999999999997,3.569358367455552,2.1653156009930226,linear_global
all_crops,08_01,234,2021,wheat_winter,5.389142857142858,3.47012627088092,3.8293,3.569358367455552,2.3555061319007136,linear_global
all_crops,08_01,195,2022,wheat_winter,2.1216260162601626,2.719415587881573,2.4872,3.5270951632339247,2.122525393258846,linear_global
all_crops,08_01,197,2022,wheat_winter,1.5206997084548106,3.094287876915956,3.2342,3.5270951632339247,2.3817398606913027,linear_global
all_crops,08_01,207,2022,wheat_winter,1.8862140474258409,2.612074076944203,2.9544,3.5270951632339247,2.048301521809992,linear_global
all_crops,08_01,208,2022,wheat_spring,2.356923076923077,2.8974847066126883,2.5443,2.6779088961876263,2.2456555715308903,linear_global
all_crops,08_01,209,2022,wheat_spring,2.657417536880491,2.9363209290308765,3.0277000000000003,2.6779088961876263,2.272509812310197,linear_global
all_crops,08_01,210,2022,wheat_spring,3.0655870445344133,3.080238453333045,3.1882,2.6779088961876263,2.372025048585137,linear_global
all_crops,08_01,212,2022,wheat_spring,3.1773529411764705,3.1847969968333087,3.457,2.6779088961876263,2.444324570213551,linear_global
all_crops,08_01,213,2022,sunflower,1.481428571428571,2.336138143212979,2.5688,2.2824328364554223,1.857498978650936,linear_global
all_crops,08_01,214,2022,sunflower,1.002222222222222,2.348746841108628,2.6556,2.2824328364554223,1.866217566302363,linear_global
all_crops,08_01,215,2022,wheat_spring,2.858987341772152,2.613029803865059,2.6435,2.6779088961876263,2.0489623821937744,linear_global
all_crops,08_01,216,2022,wheat_spring,3.1270270270270273,3.1882645386053996,3.9165,2.6779088961876263,2.446722285435627,linear_global
all_crops,08_01,217,2022,wheat_spring,3.063725490196078,2.831426955171166,3.319,2.6779088961876263,2.1999783492859324,linear_global
all_crops,08_01,218,2022,wheat_spring,2.1723076923076925,2.576507575206499,2.6648,2.6779088961876263,2.023708208097415,linear_global
all_crops,08_01,219,2022,wheat_spring,2.827547619047619,2.9394569723108868,2.8246,2.6779088961876263,2.2746783049207524,linear_global
all_crops,08_01,220,2022,wheat_spring,3.4832,3.2332465501332126,4.2787999999999995,2.6779088961876263,2.477826180023987,linear_global
all_crops,08_01,222,2022,wheat_spring,3.2700483870967743,3.2521190992502964,2.977,2.6779088961876263,2.490876058373435,linear_global
all_crops,08_01,223,2022,wheat_spring,3.2311428571428573,2.925272792656199,3.0817,2.6779088961876263,2.2648703124851766,linear_global
all_crops,08_01,224,2022,wheat_spring,3.079423076923077,2.924079201259071,3.5203,2.6779088961876263,2.264044974983876,linear_global
all_crops,08_01,226,2022,wheat_spring,1.6934999999999998,3.161254780146548,2.5872,2.6779088961876263,2.428045737824106,linear_global
all_crops,08_01,227,2022,wheat_winter,2.217514450867052,2.749615159233041,3.2383,3.5270951632339247,2.143407613773794,linear_global
all_crops,08_01,228,2022,wheat_spring,4.564745762711865,2.7912392591099486,3.4387,2.6779088961876263,2.1721895995261695,linear_global
all_crops,08_01,229,2022,wheat_spring,2.841666666666667,2.160314160594321,3.0135,2.6779088961876263,1.735921253784298,linear_global
all_crops,08_01,230,2022,sunflower,3.257219730941704,2.4357432691195164,2.4592,2.2824328364554223,1.926373340455358,linear_global
all_crops,08_01,231,2022,wheat_winter,1.5712340425531914,2.195986108940295,2.288,3.5270951632339247,1.7605874810922644,linear_global
all_crops,08_01,232,2022,wheat_winter,1.847837837837838,2.001307780447695,1.8508,3.5270951632339247,1.6259724649468013,linear_global
all_crops,08_01,234,2022,wheat_spring,3.975428571428571,2.66780860440719,3.5832,2.6779088961876263,2.086840502354891,linear_global
all_crops,08_01,195,2023,wheat_winter,0.8904065040650406,1.9430942765510193,1.8031,3.605240949754569,1.6747830124167222,linear_global
all_crops,08_01,197,2023,wheat_winter,1.0820991253644316,2.0208549599730956,2.1736999999999997,3.605240949754569,1.731389875241866,linear_global
all_crops,08_01,207,2023,wheat_winter,1.068974844468488,2.060468177975322,2.1542000000000003,3.605240949754569,1.7602268131239978,linear_global
all_crops,08_01,208,2023,wheat_spring,2.018076923076923,1.8326443212223509,1.6263999999999998,2.8347937514606945,1.59437958493658,linear_global
all_crops,08_01,209,2023,wheat_winter,1.4882148184982598,2.041630749637,3.0968,3.605240949754569,1.746513871377615,linear_global
all_crops,08_01,210,2023,pea,1.7267206477732793,1.8026907842276343,1.9667,2.4053981346767683,1.5725745327537899,linear_global
all_crops,08_01,212,2023,wheat_spring,2.9445588235294116,1.86836600326614,2.6809000000000003,2.8347937514606945,1.6203836305075336,linear_global
all_crops,08_01,215,2023,barley_spring,2.2745063291139243,1.970808954598959,2.0213,3.0043107101053974,1.6949582592054786,linear_global
all_crops,08_01,216,2023,barley_spring,2.696783783783784,2.469278556670128,2.809,3.0043107101053974,2.0578254453616114,linear_global
all_crops,08_01,217,2023,barley_spring,2.021480392156863,1.8062933071526852,1.9229,3.0043107101053974,1.5751970344097477,linear_global
all_crops,08_01,218,2023,barley_spring,3.3693589743589745,2.358779096331838,2.4768,3.0043107101053974,1.9773859800900626,linear_global
all_crops,08_01,219,2023,sunflower,2.802523809523809,2.0960122719593075,2.0565,2.256223661763095,1.7861015812439534,linear_global
all_crops,08_01,220,2023,barley_spring,3.3728800000000003,2.4976145166155224,2.759,3.0043107101053974,2.078452962084186,linear_global
all_crops,08_01,222,2023,barley_spring,4.5005,2.144119836404974,2.53,3.0043107101053974,1.8211220849430565,linear_global
all_crops,08_01,223,2023,barley_spring,2.3584285714285715,1.9435615876363024,1.8187,3.0043107101053974,1.6751231973705722,linear_global
all_crops,08_01,224,2023,barley_spring,2.481451923076923,2.013250358240091,1.8807,3.0043107101053974,1.7258540102237632,linear_global
all_crops,08_01,227,2023,sunflower,2.6015895953757227,2.1333075154558583,2.3906,2.256223661763095,1.8132511205706643,linear_global
all_crops,08_01,228,2023,wheat_winter,1.5016949152542372,2.1684674389629937,2.2995,3.605240949754569,1.838846226983347,linear_global
all_crops,08_01,229,2023,wheat_winter,3.443333333333334,2.154616746315992,2.076,3.605240949754569,1.8287634419022751,linear_global
all_crops,08_01,230,2023,wheat_spring,0.9786995515695068,1.7359674587217568,2.1049,2.8347937514606945,1.5240024527780072,linear_global
all_crops,08_01,231,2023,sunflower,2.2995063829787235,1.6952985612267233,1.7592,2.256223661763095,1.494397019795179,linear_global
all_crops,08_01,232,2023,sunflower,2.6881993243243243,1.9719556275301384,2.0155000000000003,2.256223661763095,1.6957929941185999,linear_global
all_crops,08_01,234,2023,wheat_winter,1.7062857142857142,2.6317971783288607,2.4153,3.605240949754569,2.1761329102385925,linear_global
all_crops,08_01,195,2024,sunflower,2.7365853658536587,2.701458063253699,3.1813,2.2547869646006644,2.305937576525293,linear_global
all_crops,08_01,197,2024,sunflower,3.2877551020408164,2.572521245845143,3.3829,2.2547869646006644,2.2195179430550542,linear_global
all_crops,08_01,207,2024,sunflower,3.107023712920386,2.7209546712322727,2.8787,2.2547869646006644,2.3190051374383445,linear_global
all_crops,08_01,208,2024,sunflower,2.360615384615385,2.5359501827642754,2.2707,2.2547869646006644,2.195006264152269,linear_global
all_crops,08_01,210,2024,wheat_winter,5.519493927125506,4.5797331848133895,5.754099999999999,3.5237797966522484,3.5648475668899655,linear_global
all_crops,08_01,212,2024,sunflower,1.900882352941176,2.593949921438126,2.9494,2.2547869646006644,2.233880468264827,linear_global
all_crops,08_01,215,2024,wheat_winter,4.476708860759494,3.6182254061195542,4.2056,3.5237797966522484,2.920398979717138,linear_global
all_crops,08_01,216,2024,wheat_winter,5.342162162162162,4.023708368018216,5.3586,3.5237797966522484,3.192173090867053,linear_global
all_crops,08_01,217,2024,sunflower,2.9758823529411766,2.624924568650522,3.1949,2.2547869646006644,2.254641161081397,linear_global
all_crops,08_01,218,2024,wheat_spring,4.027153846153846,3.3805546738873025,3.3049,2.7584835033320987,2.761100666179336,linear_global
all_crops,08_01,219,2024,wheat_spring,3.6718380952380953,3.49933812692156,4.2143999999999995,2.7584835033320987,2.8407150283131783,linear_global
all_crops,08_01,220,2024,wheat_spring,3.12756,3.604770835845875,3.7114,2.7584835033320987,2.9113810819985475,linear_global
all_crops,08_01,222,2024,wheat_spring,3.6562580645161287,3.73301308446341,4.2654000000000005,2.7584835033320987,2.997335182182435,linear_global
all_crops,08_01,223,2024,wheat_spring,3.350857142857143,3.4453892437894007,3.5340000000000003,2.7584835033320987,2.804555901695085,linear_global
all_crops,08_01,224,2024,wheat_winter,5.0582692307692305,4.093209478187353,4.9363,3.5237797966522484,3.2387560652828067,linear_global
all_crops,08_01,226,2024,wheat_winter,4.9315,4.043759068134507,4.5445,3.5237797966522484,3.2056120308819978,linear_global
all_crops,08_01,227,2024,barley_spring,3.007739884393064,3.425291545790026,3.716,2.9569590723634662,2.791085461446835,linear_global
all_crops,08_01,228,2024,sunflower,3.052881355932203,2.622288335873198,2.9244,2.2547869646006644,2.2528742315500385,linear_global
all_crops,08_01,229,2024,sunflower,3.2544166666666663,2.2117906391367463,2.2287,2.2547869646006644,1.9777390048138825,linear_global
all_crops,08_01,230,2024,sunflower,3.2521793721973093,2.642250387654,3.1405000000000003,2.2547869646006644,2.266253755202655,linear_global
all_crops,08_01,231,2024,wheat_spring,3.806382978723404,3.717641477177515,4.3306,2.7584835033320987,2.9870323943969552,linear_global
all_crops,08_01,232,2024,wheat_spring,3.330304054054054,3.5480167543370547,4.5228,2.7584835033320987,2.8733417770078624,linear_global
all_crops,08_01,234,2024,sunflower,3.295057142857143,2.551390314094865,2.7715,2.2547869646006644,2.205354980036064,linear_global
all_crops,08_01,195,2025,wheat_spring,2.7195121951219514,3.3420742194439574,2.8708,2.7859952931393197,2.996799379077032,linear_global
all_crops,08_01,197,2025,wheat_spring,3.779416909620991,3.3596421837876393,3.4404000000000003,2.7859952931393197,3.011620771999816,linear_global
all_crops,08_01,208,2025,wheat_spring,3.8430769230769233,3.4209967363794016,3.0721,2.7859952931393197,3.063383168244156,linear_global
all_crops,08_01,209,2025,sunflower,2.332040444223438,2.684375634900514,3.5131,2.253882200699135,2.441925236827154,linear_global
all_crops,08_01,210,2025,sunflower,3.192550607287449,2.6624475020897327,2.3675,2.253882200699135,2.42342534315174,linear_global
all_crops,08_01,212,2025,wheat_spring,1.7024264705882353,2.9007980954552863,2.8967,2.7859952931393197,2.624512260710288,linear_global
all_crops,08_01,213,2025,barley_spring,1.53,3.075296830820435,3.665,2.9620422462150753,2.7717299047571253,linear_global
all_crops,08_01,214,2025,barley_spring,1.53,3.116550703080479,3.0967,2.9620422462150753,2.806534156313586,linear_global
all_crops,08_01,215,2025,sunflower,3.0739240506329115,2.4076604970534365,2.7828,2.253882200699135,2.208471678664125,linear_global
all_crops,08_01,216,2025,sunflower,2.986756756756757,2.7088463481459497,3.2991,2.253882200699135,2.4625702045090128,linear_global
all_crops,08_01,217,2025,wheat_spring,2.5629901960784314,2.8921818838825812,2.7186,2.7859952931393197,2.6172431056319523,linear_global
all_crops,08_01,218,2025,wheat_spring,4.112820512820513,3.2727696788813283,2.6460999999999997,2.7859952931393197,2.938329894114699,linear_global
all_crops,08_01,219,2025,barley_spring,3.528095238095238,3.6496708226531114,4.1021,2.9620422462150753,3.2563064015577563,linear_global
all_crops,08_01,220,2025,wheat_spring,3.3072000000000004,3.342377560196839,3.6214,2.7859952931393197,2.9970552956078267,linear_global
all_crops,08_01,222,2025,sunflower,2.972258064516129,2.501469237169803,2.5026,2.253882200699135,2.2876143823750414,linear_global
all_crops,08_01,223,2025,sunflower,3.305142857142857,2.5153881432177574,2.1723,2.253882200699135,2.2993572099193287,linear_global
all_crops,08_01,224,2025,sunflower,3.0742307692307693,2.4663266902825707,2.718,2.253882200699135,2.2579660130174193,linear_global
all_crops,08_01,226,2025,sunflower,3.0420000000000003,2.4769101248731955,2.9094,2.253882200699135,2.2668948359289165,linear_global
all_crops,08_01,227,2025,pea,1.5521965317919073,3.052259241935011,2.8562000000000003,2.337815103722531,2.7522940071093016,linear_global
all_crops,08_01,228,2025,wheat_spring,3.004576271186441,3.295563994568336,3.5229999999999997,2.7859952931393197,2.9575605518388315,linear_global
all_crops,08_01,229,2025,wheat_spring,3.5050000000000003,2.867851723342114,3.1488,2.7859952931393197,2.596716716678166,linear_global
all_crops,08_01,230,2025,wheat_spring,3.6687443946188343,3.4385132238093212,2.9788,2.7859952931393197,3.0781611321417888,linear_global
all_crops,08_01,231,2025,pea,1.3324255319148937,2.8665921871648,2.5528,2.337815103722531,2.5956540960911,linear_global
all_crops,08_01,232,2025,pea,1.8102027027027028,2.9181049263125884,2.42,2.337815103722531,2.6391133456946436,linear_global
all_crops,08_01,234,2025,,4.494857142857143,3.0360817449725355,4.459300000000001,2.498899368049851,2.7386456962237995,linear_global
all_crops,08_01,207,2018,sunflower,3.496,2.777032304680101,2.3009,2.215669563352981,2.777032304680101,linear_crop
all_crops,08_01,209,2018,sunflower,1.7399999999999998,2.55873909536416,2.4931,2.215669563352981,2.55873909536416,linear_crop
all_crops,08_01,210,2018,oil_seed_raps_winter,0.978,1.610554962014694,1.7359000000000002,1.697975335103533,1.610554962014694,linear_crop
all_crops,08_01,227,2018,sunflower,2.613,2.459046096963964,2.0135,2.215669563352981,2.459046096963964,linear_crop
all_crops,08_01,228,2018,maize,3.312,4.897552328748045,4.3438,6.214194800255046,4.897552328748045,linear_crop
all_crops,08_01,229,2018,maize,3.312,6.961696362970577,3.5665,6.214194800255046,6.961696362970577,linear_crop
all_crops,08_01,231,2018,soya,0.93,1.4858073295428995,1.6007000000000002,1.4998837388223478,1.4858073295428995,linear_crop
all_crops,08_01,232,2018,soya,0.9,1.450054774700679,1.2671,1.4998837388223478,1.450054774700679,linear_crop
all_crops,08_01,207,2019,wheat_spring,3.5799999999999996,3.2607903747040754,2.7728,2.7949344889498353,3.2607903747040754,linear_crop
all_crops,08_01,208,2019,sunflower,2.133,2.22056351887742,2.165,2.2303410172138705,2.22056351887742,linear_crop
all_crops,08_01,210,2019,sunflower,1.965,2.517678636778372,2.4427,2.2303410172138705,2.517678636778372,linear_crop
all_crops,08_01,211,2019,sunflower,1.868,2.5125835716713216,2.7584,2.2303410172138705,2.5125835716713216,linear_crop
all_crops,08_01,215,2019,sunflower,1.672,2.271607246665385,1.8390999999999995,2.2303410172138705,2.271607246665385,linear_crop
all_crops,08_01,216,2019,sunflower,1.95,2.366305452056668,2.5018,2.2303410172138705,2.366305452056668,linear_crop
all_crops,08_01,217,2019,sunflower,1.962,2.241486992007162,2.0462,2.2303410172138705,2.241486992007162,linear_crop
all_crops,08_01,219,2019,sunflower,2.273,2.207818783487987,1.9478,2.2303410172138705,2.207818783487987,linear_crop
all_crops,08_01,220,2019,sunflower,2.7649999999999997,2.3316291601751926,2.2225,2.2303410172138705,2.3316291601751926,linear_crop
all_crops,08_01,221,2019,sunflower,1.982,2.395011115742967,2.5364,2.2303410172138705,2.395011115742967,linear_crop
all_crops,08_01,222,2019,sunflower,2.648,2.2829423887034226,2.1036,2.2303410172138705,2.2829423887034226,linear_crop
all_crops,08_01,223,2019,sunflower,2.651,2.3557785472736916,2.135,2.2303410172138705,2.3557785472736916,linear_crop
all_crops,08_01,224,2019,sunflower,3.961,2.336894811184253,2.4126000000000003,2.2303410172138705,2.336894811184253,linear_crop
all_crops,08_01,225,2019,sunflower,3.961,2.455527065138501,2.8852,2.2303410172138705,2.455527065138501,linear_crop
all_crops,08_01,226,2019,sunflower,2.9829999999999997,2.257890161037425,2.3326,2.2303410172138705,2.257890161037425,linear_crop
all_crops,08_01,227,2019,oil_seed_raps_spring,1.161,1.5090395834456154,1.9179,1.6452083064410872,1.5090395834456154,linear_crop
all_crops,08_01,228,2019,soya,1.468,1.4980052190602868,1.4007,1.5657027830454833,1.4980052190602868,linear_crop
all_crops,08_01,229,2019,soya,1.468,1.3319447516237997,1.5899,1.5657027830454833,1.3319447516237997,linear_crop
all_crops,08_01,230,2019,wheat_winter,4.503,3.725916030291781,3.9929,3.518703379214148,3.725916030291781,linear_crop
all_crops,08_01,231,2019,wheat_winter,4.303,3.955872040767834,4.2558,3.518703379214148,3.955872040767834,linear_crop
all_crops,08_01,232,2019,wheat_winter,3.404,3.792868321315339,4.1161,3.518703379214148,3.792868321315339,linear_crop
all_crops,08_01,207,2020,oil_seed_raps_spring,0.438,1.373552500006837,1.1949999999999998,1.6826990137403557,1.6256789457168752,linear_crop
all_crops,08_01,208,2020,wheat_spring,0.505,1.8395507649605196,1.3906,2.775179717236985,2.2432922585697557,linear_crop
all_crops,08_01,209,2020,maize,0.5780000000000001,5.527891171533151,2.6306000000000003,6.027426688447606,3.4749705712643975,linear_crop
all_crops,08_01,210,2020,wheat_winter,0.211,2.285533486878292,2.1218,3.4657804752870542,2.7917839476030126,linear_crop
all_crops,08_01,211,2020,wheat_winter,0.319,2.1205064814013035,2.4044,3.4657804752870542,2.7161032679207717,linear_crop
all_crops,08_01,213,2020,wheat_spring,0.5780000000000001,1.8918052407157593,1.7556,2.775179717236985,2.2672559379091783,linear_crop
all_crops,08_01,214,2020,wheat_spring,0.319,1.8429995381427209,1.5097,2.775179717236985,2.244873851217241,linear_crop
all_crops,08_01,215,2020,wheat_spring,1.409,2.4226697847956067,1.5953,2.775179717236985,2.5107081498610464,linear_crop
all_crops,08_01,216,2020,wheat_spring,1.246,2.1087969182634483,2.1373,2.775179717236985,2.366767394199214,linear_crop
all_crops,08_01,217,2020,wheat_spring,0.337,1.830990911310511,1.961,2.775179717236985,2.2393667462553273,linear_crop
all_crops,08_01,219,2020,wheat_spring,0.425,1.9538068034750695,1.1434,2.775179717236985,2.295689589707096,linear_crop
all_crops,08_01,220,2020,wheat_spring,0.513,2.6146267426903904,1.7675,2.775179717236985,2.598738790671761,linear_crop
all_crops,08_01,221,2020,wheat_spring,0.38,2.1565458289871224,2.8632,2.775179717236985,2.388664840663867,linear_crop
all_crops,08_01,222,2020,wheat_spring,0.21,1.9197071951294653,0.9872,2.775179717236985,2.2800516550003826,linear_crop
all_crops,08_01,223,2020,wheat_spring,0.21,1.849240872513373,1.126,2.775179717236985,2.24773610049535,linear_crop
all_crops,08_01,224,2020,wheat_spring,0.857,1.805522431266588,1.7282,2.775179717236985,2.2276870101137995,linear_crop
all_crops,08_01,225,2020,wheat_spring,2.335,2.2458287868914213,3.5470999999999995,2.775179717236985,2.4296096237235125,linear_crop
all_crops,08_01,226,2020,wheat_spring,0.502,1.7955256204050842,1.5046,2.775179717236985,2.2231025153611577,linear_crop
all_crops,08_01,227,2020,wheat_winter,0.5650000000000001,2.1474826237305775,2.2098,3.4657804752870542,2.7284744115453163,linear_crop
all_crops,08_01,228,2020,wheat_winter,1.3,2.309679438285926,2.0305,3.4657804752870542,2.8028571777620543,linear_crop
all_crops,08_01,229,2020,wheat_winter,3.285,2.223256214340797,2.221,3.4657804752870542,2.763223856478709,linear_crop
all_crops,08_01,230,2020,oil_seed_raps_winter,0.1679999999999999,1.2492860307307896,1.2317,1.7397895608539231,1.511293806804654,linear_crop
all_crops,08_01,231,2020,oil_seed_raps_winter,0.362,1.2189308179666924,1.6896999999999998,1.7397895608539231,1.4973730359147874,linear_crop
all_crops,08_01,232,2020,oil_seed_raps_winter,0.223,1.14833129115667,1.8421,1.7397895608539231,1.4649963945354942,linear_crop
all_crops,08_01,195,2021,barley_spring,2.022276422764228,3.5704304117581347,3.3034,2.9819317050782614,2.29910407380647,linear_crop
all_crops,08_01,197,2021,barley_spring,2.5284548104956266,3.5907307951930503,3.4238999999999997,2.9819317050782614,2.3123877327766142,linear_crop
all_crops,08_01,207,2021,barley_spring,3.525020286718961,3.473475272706681,4.1666,2.9819317050782614,2.235660986305607,linear_crop
all_crops,08_01,208,2021,sunflower,2.1216153846153847,2.603039595375039,2.502,2.257415477956708,2.502221410493359,linear_crop
all_crops,08_01,209,2021,sunflower,2.268059008785016,2.5969132422460603,2.5276,2.257415477956708,2.4982126002185705,linear_crop
all_crops,08_01,210,2021,sunflower,1.4783400809716598,2.6383862125277195,2.5705,2.257415477956708,2.525350648889757,linear_crop
all_crops,08_01,211,2021,sunflower,2.1389247311827955,2.6402346047350806,3.1853,2.257415477956708,2.5265601537153373,linear_crop
all_crops,08_01,212,2021,sunflower,3.3983823529411765,2.6029781261691665,2.7846,2.257415477956708,2.5021811878064035,linear_crop
all_crops,08_01,213,2021,wheat_spring,1.3155714285714286,3.144206710242609,3.2506,2.7862022677059213,1.649483576753234,linear_crop
all_crops,08_01,214,2021,wheat_spring,1.5857777777777775,3.1880164385038836,3.5127,2.7862022677059213,1.6781506948726155,linear_crop
all_crops,08_01,215,2021,sunflower,2.9865822784810128,2.3976387648484003,2.614,2.257415477956708,2.3678163341731056,linear_crop
all_crops,08_01,216,2021,sunflower,2.925945945945946,2.3545681273586827,2.6715,2.257415477956708,2.3396328438526184,linear_crop
all_crops,08_01,217,2021,sunflower,2.768578431372549,2.6221915951795163,2.475,2.257415477956708,2.5147536188043293,linear_crop
all_crops,08_01,218,2021,sunflower,2.12974358974359,2.421647573094982,2.0886,2.257415477956708,2.3835266197472507,linear_crop
all_crops,08_01,219,2021,sunflower,2.818952380952381,2.5568562931893415,2.8047999999999997,2.257415477956708,2.472001132225375,linear_crop
all_crops,08_01,220,2021,sunflower,2.0264,2.5635569868690316,2.8005,2.257415477956708,2.476385765155574,linear_crop
all_crops,08_01,221,2021,sunflower,1.7475,2.363222189003338,2.5108,2.257415477956708,2.345295673028371,linear_crop
all_crops,08_01,222,2021,sunflower,2.9396774193548385,2.5154628903435268,2.2581,2.257415477956708,2.444915148909815,linear_crop
all_crops,08_01,223,2021,sunflower,2.8625714285714285,2.6520769225379053,2.4306,2.257415477956708,2.534309234495665,linear_crop
all_crops,08_01,224,2021,sunflower,2.0925,2.348122747679401,2.4054,2.257415477956708,2.3354152769348717,linear_crop
all_crops,08_01,225,2021,sunflower,1.85,2.2539728367377667,2.4835000000000003,2.257415477956708,2.2738078046904286,linear_crop
all_crops,08_01,226,2021,sunflower,2.4555,2.576625293369414,2.5431,2.257415477956708,2.484937077864763,linear_crop
all_crops,08_01,227,2021,wheat_winter,2.8346242774566472,3.745649897911126,3.5711,3.569358367455552,2.7251072561439225,linear_crop
all_crops,08_01,228,2021,wheat_winter,2.4169491525423727,3.580188650701486,3.7058,3.569358367455552,2.6168368489491867,linear_crop
all_crops,08_01,229,2021,wheat_winter,2.9450000000000003,2.792680179797581,2.4469000000000003,3.569358367455552,2.101526682659678,linear_crop
all_crops,08_01,230,2021,wheat_winter,2.123766816143498,3.415603002116792,3.134,3.569358367455552,2.5091393941602913,linear_crop
all_crops,08_01,231,2021,wheat_winter,3.5069787234042553,3.518942631098703,3.4015999999999997,3.569358367455552,2.576760205062607,linear_crop
all_crops,08_01,232,2021,wheat_winter,3.2479729729729727,3.634774676220821,2.9818,3.569358367455552,2.6525554918930085,linear_crop
all_crops,08_01,233,2021,wheat_winter,3.6453846153846152,3.160449251418675,3.4055999999999997,3.569358367455552,2.3421782419193238,linear_crop
all_crops,08_01,234,2021,wheat_winter,5.389142857142858,3.47012627088092,3.8293,3.569358367455552,2.5448169719027143,linear_crop
all_crops,08_01,195,2022,wheat_winter,2.1216260162601626,2.719415587881573,2.4872,3.5270951632339247,2.368173092990303,linear_crop
all_crops,08_01,197,2022,wheat_winter,1.5206997084548106,3.094287876915956,3.2342,3.5270951632339247,2.634764444772191,linear_crop
all_crops,08_01,207,2022,wheat_winter,1.8862140474258409,2.612074076944203,2.9544,3.5270951632339247,2.2918369130693614,linear_crop
all_crops,08_01,208,2022,wheat_spring,2.356923076923077,2.8974847066126883,2.5443,2.6779088961876263,1.5154839747102429,linear_crop
all_crops,08_01,209,2022,wheat_spring,2.657417536880491,2.9363209290308765,3.0277000000000003,2.6779088961876263,1.5431024499494654,linear_crop
all_crops,08_01,210,2022,wheat_spring,3.0655870445344133,3.080238453333045,3.1882,2.6779088961876263,1.645449751873665,linear_crop
all_crops,08_01,212,2022,wheat_spring,3.1773529411764705,3.1847969968333087,3.457,2.6779088961876263,1.7198068176463344,linear_crop
all_crops,08_01,213,2022,sunflower,1.481428571428571,2.336138143212979,2.5688,2.2824328364554223,2.3139869053957596,linear_crop
all_crops,08_01,214,2022,sunflower,1.002222222222222,2.348746841108628,2.6556,2.2824328364554223,2.3229536119636656,linear_crop
all_crops,08_01,215,2022,wheat_spring,2.858987341772152,2.613029803865059,2.6435,2.6779088961876263,1.3131931699142645,linear_crop
all_crops,08_01,216,2022,wheat_spring,3.1270270270270273,3.1882645386053996,3.9165,2.6779088961876263,1.722272768519265,linear_crop
all_crops,08_01,217,2022,wheat_spring,3.063725490196078,2.831426955171166,3.319,2.6779088961876263,1.4685068420503995,linear_crop
all_crops,08_01,218,2022,wheat_spring,2.1723076923076925,2.576507575206499,2.6648,2.6779088961876263,1.2872202970373374,linear_crop
all_crops,08_01,219,2022,wheat_spring,2.827547619047619,2.9394569723108868,2.8246,2.6779088961876263,1.545332654853162,linear_crop
all_crops,08_01,220,2022,wheat_spring,3.4832,3.2332465501332126,4.2787999999999995,2.6779088961876263,1.7542618368229193,linear_crop
all_crops,08_01,222,2022,wheat_spring,3.2700483870967743,3.2521190992502964,2.977,2.6779088961876263,1.7676830966168966,linear_crop
all_crops,08_01,223,2022,wheat_spring,3.2311428571428573,2.925272792656199,3.0817,2.6779088961876263,1.5352455405513805,linear_crop
all_crops,08_01,224,2022,wheat_spring,3.079423076923077,2.924079201259071,3.5203,2.6779088961876263,1.5343967150891005,linear_crop
all_crops,08_01,226,2022,wheat_spring,1.6934999999999998,3.161254780146548,2.5872,2.6779088961876263,1.703064712257237,linear_crop
all_crops,08_01,227,2022,wheat_winter,2.217514450867052,2.749615159233041,3.2383,3.5270951632339247,2.3896495925484844,linear_crop
all_crops,08_01,228,2022,wheat_spring,4.564745762711865,2.7912392591099486,3.4387,2.6779088961876263,1.4399272630008075,linear_crop
all_crops,08_01,229,2022,wheat_spring,2.841666666666667,2.160314160594321,3.0135,2.6779088961876263,0.9912433250131297,linear_crop
all_crops,08_01,230,2022,sunflower,3.257219730941704,2.4357432691195164,2.4592,2.2824328364554223,2.3848213360447357,linear_crop
all_crops,08_01,231,2022,wheat_winter,1.5712340425531914,2.195986108940295,2.288,3.5270951632339247,1.9959349296603754,linear_crop
all_crops,08_01,232,2022,wheat_winter,1.847837837837838,2.001307780447695,1.8508,3.5270951632339247,1.857488956795413,linear_crop
all_crops,08_01,234,2022,wheat_spring,3.975428571428571,2.66780860440719,3.5832,2.6779088961876263,1.3521492488581996,linear_crop
all_crops,08_01,195,2023,wheat_winter,0.8904065040650406,1.9430942765510193,1.8031,3.605240949754569,1.5583138774342236,linear_crop
all_crops,08_01,197,2023,wheat_winter,1.0820991253644316,2.0208549599730956,2.1736999999999997,3.605240949754569,1.62745989394022,linear_crop
all_crops,08_01,207,2023,wheat_winter,1.068974844468488,2.060468177975322,2.1542000000000003,3.605240949754569,1.6626845872594656,linear_crop
all_crops,08_01,208,2023,wheat_spring,2.018076923076923,1.8326443212223509,1.6263999999999998,2.8347937514606945,1.3270343332624173,linear_crop
all_crops,08_01,209,2023,wheat_winter,1.4882148184982598,2.041630749637,3.0968,3.605240949754569,1.6459340512110345,linear_crop
all_crops,08_01,210,2023,pea,1.7267206477732793,1.8026907842276343,1.9667,2.4053981346767683,1.1430333038593956,linear_crop
all_crops,08_01,212,2023,wheat_spring,2.9445588235294116,1.86836600326614,2.6809000000000003,2.8347937514606945,1.35879861191227,linear_crop
all_crops,08_01,215,2023,barley_spring,2.2745063291139243,1.970808954598959,2.0213,3.0043107101053974,1.291970336442578,linear_crop
all_crops,08_01,216,2023,barley_spring,2.696783783783784,2.469278556670128,2.809,3.0043107101053974,1.7352173067073142,linear_crop
all_crops,08_01,217,2023,barley_spring,2.021480392156863,1.8062933071526852,1.9229,3.0043107101053974,1.1456804483757606,linear_crop
all_crops,08_01,218,2023,barley_spring,3.3693589743589745,2.358779096331838,2.4768,3.0043107101053974,1.636959457467708,linear_crop
all_crops,08_01,219,2023,sunflower,2.802523809523809,2.0960122719593075,2.0565,2.256223661763095,2.0545394805553556,linear_crop
all_crops,08_01,220,2023,barley_spring,3.3728800000000003,2.4976145166155224,2.759,3.0043107101053974,1.7604140856947437,linear_crop
all_crops,08_01,222,2023,barley_spring,4.5005,2.144119836404974,2.53,3.0043107101053974,1.4460810845307996,linear_crop
all_crops,08_01,223,2023,barley_spring,2.3584285714285715,1.9435615876363024,1.8187,3.0043107101053974,1.267741551369813,linear_crop
all_crops,08_01,224,2023,barley_spring,2.481451923076923,2.013250358240091,1.8807,3.0043107101053974,1.3297098966876755,linear_crop
all_crops,08_01,227,2023,sunflower,2.6015895953757227,2.1333075154558583,2.3906,2.256223661763095,2.0877029946722536,linear_crop
all_crops,08_01,228,2023,wheat_winter,1.5016949152542372,2.1684674389629937,2.2995,3.605240949754569,1.7587192201131283,linear_crop
all_crops,08_01,229,2023,wheat_winter,3.443333333333334,2.154616746315992,2.076,3.605240949754569,1.7464029674743666,linear_crop
all_crops,08_01,230,2023,wheat_spring,0.9786995515695068,1.7359674587217568,2.1049,2.8347937514606945,1.2410677543175077,linear_crop
all_crops,08_01,231,2023,sunflower,2.2995063829787235,1.6952985612267233,1.7592,2.256223661763095,1.698218578563023,linear_crop
all_crops,08_01,232,2023,sunflower,2.6881993243243243,1.9719556275301384,2.0155000000000003,2.256223661763095,1.9442263710779435,linear_crop
all_crops,08_01,234,2023,wheat_winter,1.7062857142857142,2.6317971783288607,2.4153,3.605240949754569,2.170719274588163,linear_crop
all_crops,08_01,195,2024,sunflower,2.7365853658536587,2.701458063253699,3.1813,2.2547869646006644,2.6342278472240945,linear_crop
all_crops,08_01,197,2024,sunflower,3.2877551020408164,2.572521245845143,3.3829,2.2547869646006644,2.5325910919998496,linear_crop
all_crops,08_01,207,2024,sunflower,3.107023712920386,2.7209546712322727,2.8787,2.2547869646006644,2.6495963975935557,linear_crop
all_crops,08_01,208,2024,sunflower,2.360615384615385,2.5359501827642754,2.2707,2.2547869646006644,2.5037632966397174,linear_crop
all_crops,08_01,210,2024,wheat_winter,5.519493927125506,4.5797331848133895,5.754099999999999,3.5237797966522484,3.7031531634685244,linear_crop
all_crops,08_01,212,2024,sunflower,1.900882352941176,2.593949921438126,2.9494,2.2547869646006644,2.549482629264358,linear_crop
all_crops,08_01,215,2024,wheat_winter,4.476708860759494,3.6182254061195542,4.2056,3.5237797966522484,2.9452274389669024,linear_crop
all_crops,08_01,216,2024,wheat_winter,5.342162162162162,4.023708368018216,5.3586,3.5237797966522484,3.2648566447624034,linear_crop
all_crops,08_01,217,2024,sunflower,2.9758823529411766,2.624924568650522,3.1949,2.2547869646006644,2.5738989495998306,linear_crop
all_crops,08_01,218,2024,wheat_spring,4.027153846153846,3.3805546738873025,3.3049,2.7584835033320987,2.6786690120531516,linear_crop
all_crops,08_01,219,2024,wheat_spring,3.6718380952380953,3.49933812692156,4.2143999999999995,2.7584835033320987,2.7723021959906697,linear_crop
all_crops,08_01,220,2024,wheat_spring,3.12756,3.604770835845875,3.7114,2.7584835033320987,2.8554114168086064,linear_crop
all_crops,08_01,222,2024,wheat_spring,3.6562580645161287,3.73301308446341,4.2654000000000005,2.7584835033320987,2.956500665745523,linear_crop
all_crops,08_01,223,2024,wheat_spring,3.350857142857143,3.4453892437894007,3.5340000000000003,2.7584835033320987,2.7297760227863908,linear_crop
all_crops,08_01,224,2024,wheat_winter,5.0582692307692305,4.093209478187353,4.9363,3.5237797966522484,3.319642139425971,linear_crop
all_crops,08_01,226,2024,wheat_winter,4.9315,4.043759068134507,4.5445,3.5237797966522484,3.2806619681816778,linear_crop
all_crops,08_01,227,2024,barley_spring,3.007739884393064,3.425291545790026,3.716,2.9569590723634662,3.351257830606349,linear_crop
all_crops,08_01,228,2024,sunflower,3.052881355932203,2.622288335873198,2.9244,2.2547869646006644,2.571820891905464,linear_crop
all_crops,08_01,229,2024,sunflower,3.2544166666666663,2.2117906391367463,2.2287,2.2547869646006644,2.2482387315740375,linear_crop
all_crops,08_01,230,2024,sunflower,3.2521793721973093,2.642250387654,3.1405000000000003,2.2547869646006644,2.587556336686843,linear_crop
all_crops,08_01,231,2024,wheat_spring,3.806382978723404,3.717641477177515,4.3306,2.7584835033320987,2.944383721039425,linear_crop
all_crops,08_01,232,2024,wheat_spring,3.330304054054054,3.5480167543370547,4.5228,2.7584835033320987,2.810673995750577,linear_crop
all_crops,08_01,234,2024,sunflower,3.295057142857143,2.551390314094865,2.7715,2.2547869646006644,2.515934256651122,linear_crop
all_crops,08_01,195,2025,wheat_spring,2.7195121951219514,3.3420742194439574,2.8708,2.7859952931393197,2.899304169915834,linear_crop
all_crops,08_01,197,2025,wheat_spring,3.779416909620991,3.3596421837876393,3.4404000000000003,2.7859952931393197,2.916672735992559,linear_crop
all_crops,08_01,208,2025,wheat_spring,3.8430769230769233,3.4209967363794016,3.0721,2.7859952931393197,2.977330907875812,linear_crop
all_crops,08_01,209,2025,sunflower,2.332040444223438,2.684375634900514,3.5131,2.253882200699135,2.744973359001974,linear_crop
all_crops,08_01,210,2025,sunflower,3.192550607287449,2.6624475020897327,2.3675,2.253882200699135,2.723294112834775,linear_crop
all_crops,08_01,212,2025,wheat_spring,1.7024264705882353,2.9007980954552863,2.8967,2.7859952931393197,2.4630365769471205,linear_crop
all_crops,08_01,213,2025,barley_spring,1.53,3.075296830820435,3.665,2.9620422462150753,3.161863749710503,linear_crop
all_crops,08_01,214,2025,barley_spring,1.53,3.116550703080479,3.0967,2.9620422462150753,3.202649386125289,linear_crop
all_crops,08_01,215,2025,sunflower,3.0739240506329115,2.4076604970534365,2.7828,2.253882200699135,2.4713989674501446,linear_crop
all_crops,08_01,216,2025,sunflower,2.986756756756757,2.7088463481459497,3.2991,2.253882200699135,2.7691663270450126,linear_crop
all_crops,08_01,217,2025,wheat_spring,2.5629901960784314,2.8921818838825812,2.7186,2.7859952931393197,2.45451816029372,linear_crop
all_crops,08_01,218,2025,wheat_spring,4.112820512820513,3.2727696788813283,2.6460999999999997,2.7859952931393197,2.8307862432721596,linear_crop
all_crops,08_01,219,2025,barley_spring,3.528095238095238,3.6496708226531114,4.1021,2.9620422462150753,3.7297185355432085,linear_crop
all_crops,08_01,220,2025,wheat_spring,3.3072000000000004,3.342377560196839,3.6214,2.7859952931393197,2.8996040677188533,linear_crop
all_crops,08_01,222,2025,sunflower,2.972258064516129,2.501469237169803,2.5026,2.253882200699135,2.5641429683719927,linear_crop
all_crops,08_01,223,2025,sunflower,3.305142857142857,2.5153881432177574,2.1723,2.253882200699135,2.57790389335341,linear_crop
all_crops,08_01,224,2025,sunflower,3.0742307692307693,2.4663266902825707,2.718,2.253882200699135,2.5293992931359477,linear_crop
all_crops,08_01,226,2025,sunflower,3.0420000000000003,2.4769101248731955,2.9094,2.253882200699135,2.539862604616431,linear_crop
all_crops,08_01,227,2025,pea,1.5521965317919073,3.052259241935011,2.8562000000000003,2.337815103722531,2.646064627808172,linear_crop
all_crops,08_01,228,2025,wheat_spring,3.004576271186441,3.295563994568336,3.5229999999999997,2.7859952931393197,2.8533218410476584,linear_crop
all_crops,08_01,229,2025,wheat_spring,3.5050000000000003,2.867851723342114,3.1488,2.7859952931393197,2.430464149667474,linear_crop
all_crops,08_01,230,2025,wheat_spring,3.6687443946188343,3.4385132238093212,2.9788,2.7859952931393197,2.99464858130723,linear_crop
all_crops,08_01,231,2025,pea,1.3324255319148937,2.8665921871648,2.5528,2.337815103722531,2.4625049138902035,linear_crop
all_crops,08_01,232,2025,pea,1.8102027027027028,2.9181049263125884,2.42,2.337815103722531,2.5134329779605995,linear_crop
all_crops,08_01,234,2025,,4.494857142857143,3.0360817449725355,4.459300000000001,2.498899368049851,2.5256285407394317,linear_crop
all_crops,08_01,207,2018,sunflower,3.496,2.777032304680101,2.3009,2.215669563352981,2.777032304680101,blend_crop_mean
all_crops,08_01,209,2018,sunflower,1.7399999999999998,2.55873909536416,2.4931,2.215669563352981,2.55873909536416,blend_crop_mean
all_crops,08_01,210,2018,oil_seed_raps_winter,0.978,1.610554962014694,1.7359000000000002,1.697975335103533,1.610554962014694,blend_crop_mean
all_crops,08_01,227,2018,sunflower,2.613,2.459046096963964,2.0135,2.215669563352981,2.459046096963964,blend_crop_mean
all_crops,08_01,228,2018,maize,3.312,4.897552328748045,4.3438,6.214194800255046,4.897552328748045,blend_crop_mean
all_crops,08_01,229,2018,maize,3.312,6.961696362970577,3.5665,6.214194800255046,6.961696362970577,blend_crop_mean
all_crops,08_01,231,2018,soya,0.93,1.4858073295428995,1.6007000000000002,1.4998837388223478,1.4858073295428995,blend_crop_mean
all_crops,08_01,232,2018,soya,0.9,1.450054774700679,1.2671,1.4998837388223478,1.450054774700679,blend_crop_mean
all_crops,08_01,207,2019,wheat_spring,3.5799999999999996,3.2607903747040754,2.7728,2.7949344889498353,3.2607903747040754,blend_crop_mean
all_crops,08_01,208,2019,sunflower,2.133,2.22056351887742,2.165,2.2303410172138705,2.22056351887742,blend_crop_mean
all_crops,08_01,210,2019,sunflower,1.965,2.517678636778372,2.4427,2.2303410172138705,2.517678636778372,blend_crop_mean
all_crops,08_01,211,2019,sunflower,1.868,2.5125835716713216,2.7584,2.2303410172138705,2.5125835716713216,blend_crop_mean
all_crops,08_01,215,2019,sunflower,1.672,2.271607246665385,1.8390999999999995,2.2303410172138705,2.271607246665385,blend_crop_mean
all_crops,08_01,216,2019,sunflower,1.95,2.366305452056668,2.5018,2.2303410172138705,2.366305452056668,blend_crop_mean
all_crops,08_01,217,2019,sunflower,1.962,2.241486992007162,2.0462,2.2303410172138705,2.241486992007162,blend_crop_mean
all_crops,08_01,219,2019,sunflower,2.273,2.207818783487987,1.9478,2.2303410172138705,2.207818783487987,blend_crop_mean
all_crops,08_01,220,2019,sunflower,2.7649999999999997,2.3316291601751926,2.2225,2.2303410172138705,2.3316291601751926,blend_crop_mean
all_crops,08_01,221,2019,sunflower,1.982,2.395011115742967,2.5364,2.2303410172138705,2.395011115742967,blend_crop_mean
all_crops,08_01,222,2019,sunflower,2.648,2.2829423887034226,2.1036,2.2303410172138705,2.2829423887034226,blend_crop_mean
all_crops,08_01,223,2019,sunflower,2.651,2.3557785472736916,2.135,2.2303410172138705,2.3557785472736916,blend_crop_mean
all_crops,08_01,224,2019,sunflower,3.961,2.336894811184253,2.4126000000000003,2.2303410172138705,2.336894811184253,blend_crop_mean
all_crops,08_01,225,2019,sunflower,3.961,2.455527065138501,2.8852,2.2303410172138705,2.455527065138501,blend_crop_mean
all_crops,08_01,226,2019,sunflower,2.9829999999999997,2.257890161037425,2.3326,2.2303410172138705,2.257890161037425,blend_crop_mean
all_crops,08_01,227,2019,oil_seed_raps_spring,1.161,1.5090395834456154,1.9179,1.6452083064410872,1.5090395834456154,blend_crop_mean
all_crops,08_01,228,2019,soya,1.468,1.4980052190602868,1.4007,1.5657027830454833,1.4980052190602868,blend_crop_mean
all_crops,08_01,229,2019,soya,1.468,1.3319447516237997,1.5899,1.5657027830454833,1.3319447516237997,blend_crop_mean
all_crops,08_01,230,2019,wheat_winter,4.503,3.725916030291781,3.9929,3.518703379214148,3.725916030291781,blend_crop_mean
all_crops,08_01,231,2019,wheat_winter,4.303,3.955872040767834,4.2558,3.518703379214148,3.955872040767834,blend_crop_mean
all_crops,08_01,232,2019,wheat_winter,3.404,3.792868321315339,4.1161,3.518703379214148,3.792868321315339,blend_crop_mean
all_crops,08_01,207,2020,oil_seed_raps_spring,0.438,1.373552500006837,1.1949999999999998,1.6826990137403557,1.161,blend_crop_mean
all_crops,08_01,208,2020,wheat_spring,0.505,1.8395507649605196,1.3906,2.775179717236985,3.5799999999999996,blend_crop_mean
all_crops,08_01,209,2020,maize,0.5780000000000001,5.527891171533151,2.6306000000000003,6.027426688447606,3.312,blend_crop_mean
all_crops,08_01,210,2020,wheat_winter,0.211,2.285533486878292,2.1218,3.4657804752870542,4.07,blend_crop_mean
all_crops,08_01,211,2020,wheat_winter,0.319,2.1205064814013035,2.4044,3.4657804752870542,4.07,blend_crop_mean
all_crops,08_01,213,2020,wheat_spring,0.5780000000000001,1.8918052407157593,1.7556,2.775179717236985,3.5799999999999996,blend_crop_mean
all_crops,08_01,214,2020,wheat_spring,0.319,1.8429995381427209,1.5097,2.775179717236985,3.5799999999999996,blend_crop_mean
all_crops,08_01,215,2020,wheat_spring,1.409,2.4226697847956067,1.5953,2.775179717236985,3.5799999999999996,blend_crop_mean
all_crops,08_01,216,2020,wheat_spring,1.246,2.1087969182634483,2.1373,2.775179717236985,3.5799999999999996,blend_crop_mean
all_crops,08_01,217,2020,wheat_spring,0.337,1.830990911310511,1.961,2.775179717236985,3.5799999999999996,blend_crop_mean
all_crops,08_01,219,2020,wheat_spring,0.425,1.9538068034750695,1.1434,2.775179717236985,3.5799999999999996,blend_crop_mean
all_crops,08_01,220,2020,wheat_spring,0.513,2.6146267426903904,1.7675,2.775179717236985,3.5799999999999996,blend_crop_mean
all_crops,08_01,221,2020,wheat_spring,0.38,2.1565458289871224,2.8632,2.775179717236985,3.5799999999999996,blend_crop_mean
all_crops,08_01,222,2020,wheat_spring,0.21,1.9197071951294653,0.9872,2.775179717236985,3.5799999999999996,blend_crop_mean
all_crops,08_01,223,2020,wheat_spring,0.21,1.849240872513373,1.126,2.775179717236985,3.5799999999999996,blend_crop_mean
all_crops,08_01,224,2020,wheat_spring,0.857,1.805522431266588,1.7282,2.775179717236985,3.5799999999999996,blend_crop_mean
all_crops,08_01,225,2020,wheat_spring,2.335,2.2458287868914213,3.5470999999999995,2.775179717236985,3.5799999999999996,blend_crop_mean
all_crops,08_01,226,2020,wheat_spring,0.502,1.7955256204050842,1.5046,2.775179717236985,3.5799999999999996,blend_crop_mean
all_crops,08_01,227,2020,wheat_winter,0.5650000000000001,2.1474826237305775,2.2098,3.4657804752870542,4.07,blend_crop_mean
all_crops,08_01,228,2020,wheat_winter,1.3,2.309679438285926,2.0305,3.4657804752870542,4.07,blend_crop_mean
all_crops,08_01,229,2020,wheat_winter,3.285,2.223256214340797,2.221,3.4657804752870542,4.07,blend_crop_mean
all_crops,08_01,230,2020,oil_seed_raps_winter,0.1679999999999999,1.2492860307307896,1.2317,1.7397895608539231,0.978,blend_crop_mean
all_crops,08_01,231,2020,oil_seed_raps_winter,0.362,1.2189308179666924,1.6896999999999998,1.7397895608539231,0.978,blend_crop_mean
all_crops,08_01,232,2020,oil_seed_raps_winter,0.223,1.14833129115667,1.8421,1.7397895608539231,0.978,blend_crop_mean
all_crops,08_01,195,2021,barley_spring,2.022276422764228,3.5704304117581347,3.3034,2.9819317050782614,1.6833396226415092,blend_crop_mean
all_crops,08_01,197,2021,barley_spring,2.5284548104956266,3.5907307951930503,3.4238999999999997,2.9819317050782614,1.6833396226415092,blend_crop_mean
all_crops,08_01,207,2021,barley_spring,3.525020286718961,3.473475272706681,4.1666,2.9819317050782614,1.6833396226415092,blend_crop_mean
all_crops,08_01,208,2021,sunflower,2.1216153846153847,2.603039595375039,2.502,2.257415477956708,2.507235294117647,blend_crop_mean
all_crops,08_01,209,2021,sunflower,2.268059008785016,2.5969132422460603,2.5276,2.257415477956708,2.507235294117647,blend_crop_mean
all_crops,08_01,210,2021,sunflower,1.4783400809716598,2.6383862125277195,2.5705,2.257415477956708,2.507235294117647,blend_crop_mean
all_crops,08_01,211,2021,sunflower,2.1389247311827955,2.6402346047350806,3.1853,2.257415477956708,2.507235294117647,blend_crop_mean
all_crops,08_01,212,2021,sunflower,3.3983823529411765,2.6029781261691665,2.7846,2.257415477956708,2.507235294117647,blend_crop_mean
all_crops,08_01,213,2021,wheat_spring,1.3155714285714286,3.144206710242609,3.2506,2.7862022677059213,0.8937333333333334,blend_crop_mean
all_crops,08_01,214,2021,wheat_spring,1.5857777777777775,3.1880164385038836,3.5127,2.7862022677059213,0.8937333333333334,blend_crop_mean
all_crops,08_01,215,2021,sunflower,2.9865822784810128,2.3976387648484003,2.614,2.257415477956708,2.507235294117647,blend_crop_mean
all_crops,08_01,216,2021,sunflower,2.925945945945946,2.3545681273586827,2.6715,2.257415477956708,2.507235294117647,blend_crop_mean
all_crops,08_01,217,2021,sunflower,2.768578431372549,2.6221915951795163,2.475,2.257415477956708,2.507235294117647,blend_crop_mean
all_crops,08_01,218,2021,sunflower,2.12974358974359,2.421647573094982,2.0886,2.257415477956708,2.507235294117647,blend_crop_mean
all_crops,08_01,219,2021,sunflower,2.818952380952381,2.5568562931893415,2.8047999999999997,2.257415477956708,2.507235294117647,blend_crop_mean
all_crops,08_01,220,2021,sunflower,2.0264,2.5635569868690316,2.8005,2.257415477956708,2.507235294117647,blend_crop_mean
all_crops,08_01,221,2021,sunflower,1.7475,2.363222189003338,2.5108,2.257415477956708,2.507235294117647,blend_crop_mean
all_crops,08_01,222,2021,sunflower,2.9396774193548385,2.5154628903435268,2.2581,2.257415477956708,2.507235294117647,blend_crop_mean
all_crops,08_01,223,2021,sunflower,2.8625714285714285,2.6520769225379053,2.4306,2.257415477956708,2.507235294117647,blend_crop_mean
all_crops,08_01,224,2021,sunflower,2.0925,2.348122747679401,2.4054,2.257415477956708,2.507235294117647,blend_crop_mean
all_crops,08_01,225,2021,sunflower,1.85,2.2539728367377667,2.4835000000000003,2.257415477956708,2.507235294117647,blend_crop_mean
all_crops,08_01,226,2021,sunflower,2.4555,2.576625293369414,2.5431,2.257415477956708,2.507235294117647,blend_crop_mean
all_crops,08_01,227,2021,wheat_winter,2.8346242774566472,3.745649897911126,3.5711,3.569358367455552,2.23625,blend_crop_mean
all_crops,08_01,228,2021,wheat_winter,2.4169491525423727,3.580188650701486,3.7058,3.569358367455552,2.23625,blend_crop_mean
all_crops,08_01,229,2021,wheat_winter,2.9450000000000003,2.792680179797581,2.4469000000000003,3.569358367455552,2.23625,blend_crop_mean
all_crops,08_01,230,2021,wheat_winter,2.123766816143498,3.415603002116792,3.134,3.569358367455552,2.23625,blend_crop_mean
all_crops,08_01,231,2021,wheat_winter,3.5069787234042553,3.518942631098703,3.4015999999999997,3.569358367455552,2.23625,blend_crop_mean
all_crops,08_01,232,2021,wheat_winter,3.2479729729729727,3.634774676220821,2.9818,3.569358367455552,2.23625,blend_crop_mean
all_crops,08_01,233,2021,wheat_winter,3.6453846153846152,3.160449251418675,3.4055999999999997,3.569358367455552,2.23625,blend_crop_mean
all_crops,08_01,234,2021,wheat_winter,5.389142857142858,3.47012627088092,3.8293,3.569358367455552,2.23625,blend_crop_mean
all_crops,08_01,195,2022,wheat_winter,2.1216260162601626,2.719415587881573,2.4872,3.5270951632339247,2.7499887134404513,blend_crop_mean
all_crops,08_01,197,2022,wheat_winter,1.5206997084548106,3.094287876915956,3.2342,3.5270951632339247,2.7499887134404513,blend_crop_mean
all_crops,08_01,207,2022,wheat_winter,1.8862140474258409,2.612074076944203,2.9544,3.5270951632339247,2.7499887134404513,blend_crop_mean
all_crops,08_01,208,2022,wheat_spring,2.356923076923077,2.8974847066126883,2.5443,2.6779088961876263,0.9592558356676003,blend_crop_mean
all_crops,08_01,209,2022,wheat_spring,2.657417536880491,2.9363209290308765,3.0277000000000003,2.6779088961876263,0.9592558356676003,blend_crop_mean
all_crops,08_01,210,2022,wheat_spring,3.0655870445344133,3.080238453333045,3.1882,2.6779088961876263,0.9592558356676003,blend_crop_mean
all_crops,08_01,212,2022,wheat_spring,3.1773529411764705,3.1847969968333087,3.457,2.6779088961876263,0.9592558356676003,blend_crop_mean
all_crops,08_01,213,2022,sunflower,1.481428571428571,2.336138143212979,2.5688,2.2824328364554223,2.4597727362622877,blend_crop_mean
all_crops,08_01,214,2022,sunflower,1.002222222222222,2.348746841108628,2.6556,2.2824328364554223,2.4597727362622877,blend_crop_mean
all_crops,08_01,215,2022,wheat_spring,2.858987341772152,2.613029803865059,2.6435,2.6779088961876263,0.9592558356676003,blend_crop_mean
all_crops,08_01,216,2022,wheat_spring,3.1270270270270273,3.1882645386053996,3.9165,2.6779088961876263,0.9592558356676003,blend_crop_mean
all_crops,08_01,217,2022,wheat_spring,3.063725490196078,2.831426955171166,3.319,2.6779088961876263,0.9592558356676003,blend_crop_mean
all_crops,08_01,218,2022,wheat_spring,2.1723076923076925,2.576507575206499,2.6648,2.6779088961876263,0.9592558356676003,blend_crop_mean
all_crops,08_01,219,2022,wheat_spring,2.827547619047619,2.9394569723108868,2.8246,2.6779088961876263,0.9592558356676003,blend_crop_mean
all_crops,08_01,220,2022,wheat_spring,3.4832,3.2332465501332126,4.2787999999999995,2.6779088961876263,0.9592558356676003,blend_crop_mean
all_crops,08_01,222,2022,wheat_spring,3.2700483870967743,3.2521190992502964,2.977,2.6779088961876263,0.9592558356676003,blend_crop_mean
all_crops,08_01,223,2022,wheat_spring,3.2311428571428573,2.925272792656199,3.0817,2.6779088961876263,0.9592558356676003,blend_crop_mean
all_crops,08_01,224,2022,wheat_spring,3.079423076923077,2.924079201259071,3.5203,2.6779088961876263,0.9592558356676003,blend_crop_mean
all_crops,08_01,226,2022,wheat_spring,1.6934999999999998,3.161254780146548,2.5872,2.6779088961876263,0.9592558356676003,blend_crop_mean
all_crops,08_01,227,2022,wheat_winter,2.217514450867052,2.749615159233041,3.2383,3.5270951632339247,2.7499887134404513,blend_crop_mean
all_crops,08_01,228,2022,wheat_spring,4.564745762711865,2.7912392591099486,3.4387,2.6779088961876263,0.9592558356676003,blend_crop_mean
all_crops,08_01,229,2022,wheat_spring,2.841666666666667,2.160314160594321,3.0135,2.6779088961876263,0.9592558356676003,blend_crop_mean
all_crops,08_01,230,2022,sunflower,3.257219730941704,2.4357432691195164,2.4592,2.2824328364554223,2.4597727362622877,blend_crop_mean
all_crops,08_01,231,2022,wheat_winter,1.5712340425531914,2.195986108940295,2.288,3.5270951632339247,2.7499887134404513,blend_crop_mean
all_crops,08_01,232,2022,wheat_winter,1.847837837837838,2.001307780447695,1.8508,3.5270951632339247,2.7499887134404513,blend_crop_mean
all_crops,08_01,234,2022,wheat_spring,3.975428571428571,2.66780860440719,3.5832,2.6779088961876263,0.9592558356676003,blend_crop_mean
all_crops,08_01,195,2023,wheat_winter,0.8904065040650406,1.9430942765510193,1.8031,3.605240949754569,2.5074975235657324,blend_crop_mean
all_crops,08_01,197,2023,wheat_winter,1.0820991253644316,2.0208549599730956,2.1736999999999997,3.605240949754569,2.5074975235657324,blend_crop_mean
all_crops,08_01,207,2023,wheat_winter,1.068974844468488,2.060468177975322,2.1542000000000003,3.605240949754569,2.5074975235657324,blend_crop_mean
all_crops,08_01,208,2023,wheat_spring,2.018076923076923,1.8326443212223509,1.6263999999999998,2.8347937514606945,1.9927464793583543,blend_crop_mean
all_crops,08_01,209,2023,wheat_winter,1.4882148184982598,2.041630749637,3.0968,3.605240949754569,2.5074975235657324,blend_crop_mean
all_crops,08_01,210,2023,pea,1.7267206477732793,1.8026907842276343,1.9667,2.4053981346767683,2.1620662467350393,blend_crop_mean
all_crops,08_01,212,2023,wheat_spring,2.9445588235294116,1.86836600326614,2.6809000000000003,2.8347937514606945,1.9927464793583543,blend_crop_mean
all_crops,08_01,215,2023,barley_spring,2.2745063291139243,1.970808954598959,2.0213,3.0043107101053974,2.691917173326272,blend_crop_mean
all_crops,08_01,216,2023,barley_spring,2.696783783783784,2.469278556670128,2.809,3.0043107101053974,2.691917173326272,blend_crop_mean
all_crops,08_01,217,2023,barley_spring,2.021480392156863,1.8062933071526852,1.9229,3.0043107101053974,2.691917173326272,blend_crop_mean
all_crops,08_01,218,2023,barley_spring,3.3693589743589745,2.358779096331838,2.4768,3.0043107101053974,2.691917173326272,blend_crop_mean
all_crops,08_01,219,2023,sunflower,2.802523809523809,2.0960122719593075,2.0565,2.256223661763095,2.4154903664191965,blend_crop_mean
all_crops,08_01,220,2023,barley_spring,3.3728800000000003,2.4976145166155224,2.759,3.0043107101053974,2.691917173326272,blend_crop_mean
all_crops,08_01,222,2023,barley_spring,4.5005,2.144119836404974,2.53,3.0043107101053974,2.691917173326272,blend_crop_mean
all_crops,08_01,223,2023,barley_spring,2.3584285714285715,1.9435615876363024,1.8187,3.0043107101053974,2.691917173326272,blend_crop_mean
all_crops,08_01,224,2023,barley_spring,2.481451923076923,2.013250358240091,1.8807,3.0043107101053974,2.691917173326272,blend_crop_mean
all_crops,08_01,227,2023,sunflower,2.6015895953757227,2.1333075154558583,2.3906,2.256223661763095,2.4154903664191965,blend_crop_mean
all_crops,08_01,228,2023,wheat_winter,1.5016949152542372,2.1684674389629937,2.2995,3.605240949754569,2.5074975235657324,blend_crop_mean
all_crops,08_01,229,2023,wheat_winter,3.443333333333334,2.154616746315992,2.076,3.605240949754569,2.5074975235657324,blend_crop_mean
all_crops,08_01,230,2023,wheat_spring,0.9786995515695068,1.7359674587217568,2.1049,2.8347937514606945,1.9927464793583543,blend_crop_mean
all_crops,08_01,231,2023,sunflower,2.2995063829787235,1.6952985612267233,1.7592,2.256223661763095,2.4154903664191965,blend_crop_mean
all_crops,08_01,232,2023,sunflower,2.6881993243243243,1.9719556275301384,2.0155000000000003,2.256223661763095,2.4154903664191965,blend_crop_mean
all_crops,08_01,234,2023,wheat_winter,1.7062857142857142,2.6317971783288607,2.4153,3.605240949754569,2.5074975235657324,blend_crop_mean
all_crops,08_01,195,2024,sunflower,2.7365853658536587,2.701458063253699,3.1813,2.2547869646006644,2.433291772432021,blend_crop_mean
all_crops,08_01,197,2024,sunflower,3.2877551020408164,2.572521245845143,3.3829,2.2547869646006644,2.433291772432021,blend_crop_mean
all_crops,08_01,207,2024,sunflower,3.107023712920386,2.7209546712322727,2.8787,2.2547869646006644,2.433291772432021,blend_crop_mean
all_crops,08_01,208,2024,sunflower,2.360615384615385,2.5359501827642754,2.2707,2.2547869646006644,2.433291772432021,blend_crop_mean
all_crops,08_01,210,2024,wheat_winter,5.519493927125506,4.5797331848133895,5.754099999999999,3.5237797966522484,2.2877915439212284,blend_crop_mean
all_crops,08_01,212,2024,sunflower,1.900882352941176,2.593949921438126,2.9494,2.2547869646006644,2.433291772432021,blend_crop_mean
all_crops,08_01,215,2024,wheat_winter,4.476708860759494,3.6182254061195542,4.2056,3.5237797966522484,2.2877915439212284,blend_crop_mean
all_crops,08_01,216,2024,wheat_winter,5.342162162162162,4.023708368018216,5.3586,3.5237797966522484,2.2877915439212284,blend_crop_mean
all_crops,08_01,217,2024,sunflower,2.9758823529411766,2.624924568650522,3.1949,2.2547869646006644,2.433291772432021,blend_crop_mean
all_crops,08_01,218,2024,wheat_spring,4.027153846153846,3.3805546738873025,3.3049,2.7584835033320987,1.9917490701718887,blend_crop_mean
all_crops,08_01,219,2024,wheat_spring,3.6718380952380953,3.49933812692156,4.2143999999999995,2.7584835033320987,1.9917490701718887,blend_crop_mean
all_crops,08_01,220,2024,wheat_spring,3.12756,3.604770835845875,3.7114,2.7584835033320987,1.9917490701718887,blend_crop_mean
all_crops,08_01,222,2024,wheat_spring,3.6562580645161287,3.73301308446341,4.2654000000000005,2.7584835033320987,1.9917490701718887,blend_crop_mean
all_crops,08_01,223,2024,wheat_spring,3.350857142857143,3.4453892437894007,3.5340000000000003,2.7584835033320987,1.9917490701718887,blend_crop_mean
all_crops,08_01,224,2024,wheat_winter,5.0582692307692305,4.093209478187353,4.9363,3.5237797966522484,2.2877915439212284,blend_crop_mean
all_crops,08_01,226,2024,wheat_winter,4.9315,4.043759068134507,4.5445,3.5237797966522484,2.2877915439212284,blend_crop_mean
all_crops,08_01,227,2024,barley_spring,3.007739884393064,3.425291545790026,3.716,2.9569590723634662,2.8319219539907143,blend_crop_mean
all_crops,08_01,228,2024,sunflower,3.052881355932203,2.622288335873198,2.9244,2.2547869646006644,2.433291772432021,blend_crop_mean
all_crops,08_01,229,2024,sunflower,3.2544166666666663,2.2117906391367463,2.2287,2.2547869646006644,2.433291772432021,blend_crop_mean
all_crops,08_01,230,2024,sunflower,3.2521793721973093,2.642250387654,3.1405000000000003,2.2547869646006644,2.433291772432021,blend_crop_mean
all_crops,08_01,231,2024,wheat_spring,3.806382978723404,3.717641477177515,4.3306,2.7584835033320987,1.9917490701718887,blend_crop_mean
all_crops,08_01,232,2024,wheat_spring,3.330304054054054,3.5480167543370547,4.5228,2.7584835033320987,1.9917490701718887,blend_crop_mean
all_crops,08_01,234,2024,sunflower,3.295057142857143,2.551390314094865,2.7715,2.2547869646006644,2.433291772432021,blend_crop_mean
all_crops,08_01,195,2025,wheat_spring,2.7195121951219514,3.3420742194439574,2.8708,2.7859952931393197,2.9021997114654887,blend_crop_mean
all_crops,08_01,197,2025,wheat_spring,3.779416909620991,3.3596421837876393,3.4404000000000003,2.7859952931393197,2.9127404900716978,blend_crop_mean
all_crops,08_01,208,2025,wheat_spring,3.8430769230769233,3.4209967363794016,3.0721,2.7859952931393197,2.949553221626755,blend_crop_mean
all_crops,08_01,209,2025,sunflower,2.332040444223438,2.684375634900514,3.5131,2.253882200699135,2.6222978631260245,blend_crop_mean
all_crops,08_01,210,2025,sunflower,3.192550607287449,2.6624475020897327,2.3675,2.253882200699135,2.6091409834395556,blend_crop_mean
all_crops,08_01,212,2025,wheat_spring,1.7024264705882353,2.9007980954552863,2.8967,2.7859952931393197,2.637434037072286,blend_crop_mean
all_crops,08_01,213,2025,barley_spring,1.53,3.075296830820435,3.665,2.9620422462150753,2.983807477768625,blend_crop_mean
all_crops,08_01,214,2025,barley_spring,1.53,3.116550703080479,3.0967,2.9620422462150753,3.008559801124651,blend_crop_mean
all_crops,08_01,215,2025,sunflower,3.0739240506329115,2.4076604970534365,2.7828,2.253882200699135,2.456268780417778,blend_crop_mean
all_crops,08_01,216,2025,sunflower,2.986756756756757,2.7088463481459497,3.2991,2.253882200699135,2.636980291073286,blend_crop_mean
all_crops,08_01,217,2025,wheat_spring,2.5629901960784314,2.8921818838825812,2.7186,2.7859952931393197,2.632264310128663,blend_crop_mean
all_crops,08_01,218,2025,wheat_spring,4.112820512820513,3.2727696788813283,2.6460999999999997,2.7859952931393197,2.8606169871279112,blend_crop_mean
all_crops,08_01,219,2025,barley_spring,3.528095238095238,3.6496708226531114,4.1021,2.9620422462150753,3.328431872868231,blend_crop_mean
all_crops,08_01,220,2025,wheat_spring,3.3072000000000004,3.342377560196839,3.6214,2.7859952931393197,2.9023817159172176,blend_crop_mean
all_crops,08_01,222,2025,sunflower,2.972258064516129,2.501469237169803,2.5026,2.253882200699135,2.5125540244875975,blend_crop_mean
all_crops,08_01,223,2025,sunflower,3.305142857142857,2.5153881432177574,2.1723,2.253882200699135,2.5209053681163702,blend_crop_mean
all_crops,08_01,224,2025,sunflower,3.0742307692307693,2.4663266902825707,2.718,2.253882200699135,2.4914684963552585,blend_crop_mean
all_crops,08_01,226,2025,sunflower,3.0420000000000003,2.4769101248731955,2.9094,2.253882200699135,2.497818557109633,blend_crop_mean
all_crops,08_01,227,2025,pea,1.5521965317919073,3.052259241935011,2.8562000000000003,2.337815103722531,2.5220438042703184,blend_crop_mean
all_crops,08_01,228,2025,wheat_spring,3.004576271186441,3.295563994568336,3.5229999999999997,2.7859952931393197,2.874293576540116,blend_crop_mean
all_crops,08_01,229,2025,wheat_spring,3.5050000000000003,2.867851723342114,3.1488,2.7859952931393197,2.6176662138043825,blend_crop_mean
all_crops,08_01,230,2025,wheat_spring,3.6687443946188343,3.4385132238093212,2.9788,2.7859952931393197,2.960063114084707,blend_crop_mean
all_crops,08_01,231,2025,pea,1.3324255319148937,2.8665921871648,2.5528,2.337815103722531,2.4106435714081917,blend_crop_mean
all_crops,08_01,232,2025,pea,1.8102027027027028,2.9181049263125884,2.42,2.337815103722531,2.4415512148968648,blend_crop_mean
all_crops,08_01,234,2025,,4.494857142857143,3.0360817449725355,4.459300000000001,2.498899368049851,2.7778064721117213,blend_crop_mean
all_crops,09_01,207,2018,sunflower,3.496,2.3176491107069928,2.2908,2.215669563352981,2.3176491107069928,peer_raw
all_crops,09_01,209,2018,sunflower,1.7399999999999998,2.208236283903511,2.0557,2.215669563352981,2.208236283903511,peer_raw
all_crops,09_01,210,2018,oil_seed_raps_winter,0.978,1.4282776131763355,1.7359000000000002,1.697975335103533,1.4282776131763355,peer_raw
all_crops,09_01,227,2018,sunflower,2.613,2.049084723866859,2.4276,2.215669563352981,2.049084723866859,peer_raw
all_crops,09_01,228,2018,maize,3.312,5.903337712695922,5.561999999999999,6.214194800255046,5.903337712695922,peer_raw
all_crops,09_01,229,2018,maize,3.312,5.437510732907713,3.9653,6.214194800255046,5.437510732907713,peer_raw
all_crops,09_01,231,2018,soya,0.93,1.1309657355989884,1.302,1.4998837388223478,1.1309657355989884,peer_raw
all_crops,09_01,232,2018,soya,0.9,1.06409766481432,1.1918,1.4998837388223478,1.06409766481432,peer_raw
all_crops,09_01,207,2019,wheat_spring,3.5799999999999996,3.236442020195129,2.7728,2.7949344889498353,3.236442020195129,peer_raw
all_crops,09_01,208,2019,sunflower,2.133,2.1691381473423337,2.5304,2.2303410172138705,2.1691381473423337,peer_raw
all_crops,09_01,210,2019,sunflower,1.965,2.602613184225734,2.5763000000000003,2.2303410172138705,2.602613184225734,peer_raw
all_crops,09_01,211,2019,sunflower,1.868,2.249438302024031,2.5446999999999997,2.2303410172138705,2.249438302024031,peer_raw
all_crops,09_01,215,2019,sunflower,1.672,2.3344354853023264,2.476,2.2303410172138705,2.3344354853023264,peer_raw
all_crops,09_01,216,2019,sunflower,1.95,2.3550635721348847,2.4692,2.2303410172138705,2.3550635721348847,peer_raw
all_crops,09_01,217,2019,sunflower,1.962,2.2109783375981085,2.4656,2.2303410172138705,2.2109783375981085,peer_raw
all_crops,09_01,219,2019,sunflower,2.273,2.2573191606295437,2.4422,2.2303410172138705,2.2573191606295437,peer_raw
all_crops,09_01,220,2019,sunflower,2.7649999999999997,2.209092671407053,2.8589,2.2303410172138705,2.209092671407053,peer_raw
all_crops,09_01,221,2019,sunflower,1.982,2.33796058917412,3.0438,2.2303410172138705,2.33796058917412,peer_raw
all_crops,09_01,222,2019,sunflower,2.648,2.155457162284926,2.4673,2.2303410172138705,2.155457162284926,peer_raw
all_crops,09_01,223,2019,sunflower,2.651,2.3481805802643905,2.4036,2.2303410172138705,2.3481805802643905,peer_raw
all_crops,09_01,224,2019,sunflower,3.961,2.2605793432033887,2.5131,2.2303410172138705,2.2605793432033887,peer_raw
all_crops,09_01,225,2019,sunflower,3.961,2.2811677479727033,2.1581,2.2303410172138705,2.2811677479727033,peer_raw
all_crops,09_01,226,2019,sunflower,2.9829999999999997,2.173311560055084,2.1576,2.2303410172138705,2.173311560055084,peer_raw
all_crops,09_01,227,2019,oil_seed_raps_spring,1.161,1.364958783986446,1.9179,1.6452083064410872,1.364958783986446,peer_raw
all_crops,09_01,228,2019,soya,1.468,1.793916113701514,2.1823,1.5657027830454833,1.793916113701514,peer_raw
all_crops,09_01,229,2019,soya,1.468,1.4114121454411408,1.5674,1.5657027830454833,1.4114121454411408,peer_raw
all_crops,09_01,230,2019,wheat_winter,4.503,4.000307775895154,3.9929,3.518703379214148,4.000307775895154,peer_raw
all_crops,09_01,231,2019,wheat_winter,4.303,4.432399158245728,4.2558,3.518703379214148,4.432399158245728,peer_raw
all_crops,09_01,232,2019,wheat_winter,3.404,4.296766175268879,4.1161,3.518703379214148,4.296766175268879,peer_raw
all_crops,09_01,207,2020,oil_seed_raps_spring,0.438,1.0948272479270944,1.0497,1.6826990137403557,1.0948272479270944,peer_raw
all_crops,09_01,208,2020,wheat_spring,0.505,1.7844845930973043,1.3906,2.775179717236985,1.7844845930973043,peer_raw
all_crops,09_01,209,2020,maize,0.5780000000000001,5.777497943002109,2.8203,6.027426688447606,5.777497943002109,peer_raw
all_crops,09_01,210,2020,wheat_winter,0.211,2.0321279030611534,2.1218,3.4657804752870542,2.0321279030611534,peer_raw
all_crops,09_01,211,2020,wheat_winter,0.319,2.0344380540220737,2.4044,3.4657804752870542,2.0344380540220737,peer_raw
all_crops,09_01,213,2020,wheat_spring,0.5780000000000001,1.7383870645349346,1.5272,2.775179717236985,1.7383870645349346,peer_raw
all_crops,09_01,214,2020,wheat_spring,0.319,1.5988769993402592,1.5097,2.775179717236985,1.5988769993402592,peer_raw
all_crops,09_01,215,2020,wheat_spring,1.409,2.139303995337056,1.5953,2.775179717236985,2.139303995337056,peer_raw
all_crops,09_01,216,2020,wheat_spring,1.246,1.6606034051379008,2.1373,2.775179717236985,1.6606034051379008,peer_raw
all_crops,09_01,217,2020,wheat_spring,0.337,1.6226309219984612,1.961,2.775179717236985,1.6226309219984612,peer_raw
all_crops,09_01,219,2020,wheat_spring,0.425,1.7460406629966618,1.1434,2.775179717236985,1.7460406629966618,peer_raw
all_crops,09_01,220,2020,wheat_spring,0.513,2.0530920994626745,1.7675,2.775179717236985,2.0530920994626745,peer_raw
all_crops,09_01,221,2020,wheat_spring,0.38,1.8070216696351584,2.8632,2.775179717236985,1.8070216696351584,peer_raw
all_crops,09_01,222,2020,wheat_spring,0.21,1.6559006335814872,0.9872,2.775179717236985,1.6559006335814872,peer_raw
all_crops,09_01,223,2020,wheat_spring,0.21,1.7538756135291915,1.126,2.775179717236985,1.7538756135291915,peer_raw
all_crops,09_01,224,2020,wheat_spring,0.857,1.6153640506388358,1.7282,2.775179717236985,1.6153640506388358,peer_raw
all_crops,09_01,225,2020,wheat_spring,2.335,2.009613296489551,3.5470999999999995,2.775179717236985,2.009613296489551,peer_raw
all_crops,09_01,226,2020,wheat_spring,0.502,1.640363597206426,1.5046,2.775179717236985,1.640363597206426,peer_raw
all_crops,09_01,227,2020,wheat_winter,0.5650000000000001,1.935174445325095,2.2098,3.4657804752870542,1.935174445325095,peer_raw
all_crops,09_01,228,2020,wheat_winter,1.3,1.995901054575968,2.0305,3.4657804752870542,1.995901054575968,peer_raw
all_crops,09_01,229,2020,wheat_winter,3.285,1.9802371100333584,2.221,3.4657804752870542,1.9802371100333584,peer_raw
all_crops,09_01,230,2020,oil_seed_raps_winter,0.1679999999999999,1.0998017337121977,1.2317,1.7397895608539231,1.0998017337121977,peer_raw
all_crops,09_01,231,2020,oil_seed_raps_winter,0.362,0.965656401356798,1.6896999999999998,1.7397895608539231,0.965656401356798,peer_raw
all_crops,09_01,232,2020,oil_seed_raps_winter,0.223,0.9286190074243744,1.8421,1.7397895608539231,0.9286190074243744,peer_raw
all_crops,09_01,195,2021,barley_spring,2.022276422764228,3.4902667559211933,3.518,2.9819317050782614,3.4902667559211933,peer_raw
all_crops,09_01,197,2021,barley_spring,2.5284548104956266,3.644866070696594,3.7068,2.9819317050782614,3.644866070696594,peer_raw
all_crops,09_01,207,2021,barley_spring,3.525020286718961,3.530494103598954,3.1641,2.9819317050782614,3.530494103598954,peer_raw
all_crops,09_01,208,2021,sunflower,2.1216153846153847,2.1998900195226607,2.5939,2.257415477956708,2.1998900195226607,peer_raw
all_crops,09_01,209,2021,sunflower,2.268059008785016,2.050929484119222,2.3401,2.257415477956708,2.050929484119222,peer_raw
all_crops,09_01,210,2021,sunflower,1.4783400809716598,2.2614816712192396,2.8418,2.257415477956708,2.2614816712192396,peer_raw
all_crops,09_01,211,2021,sunflower,2.1389247311827955,2.288962664569502,2.9005,2.257415477956708,2.288962664569502,peer_raw
all_crops,09_01,212,2021,sunflower,3.3983823529411765,2.3081032456801975,2.9642,2.257415477956708,2.3081032456801975,peer_raw
all_crops,09_01,213,2021,wheat_spring,1.3155714285714286,2.678814557729252,3.1079999999999997,2.7862022677059213,2.678814557729252,peer_raw
all_crops,09_01,214,2021,wheat_spring,1.5857777777777775,2.6973199550656575,3.1157,2.7862022677059213,2.6973199550656575,peer_raw
all_crops,09_01,215,2021,sunflower,2.9865822784810128,2.1110592241422035,2.6519,2.257415477956708,2.1110592241422035,peer_raw
all_crops,09_01,216,2021,sunflower,2.925945945945946,1.9818304829815132,2.7872,2.257415477956708,1.9818304829815132,peer_raw
all_crops,09_01,217,2021,sunflower,2.768578431372549,2.3290812329343735,2.6262,2.257415477956708,2.3290812329343735,peer_raw
all_crops,09_01,218,2021,sunflower,2.12974358974359,2.0746495947267234,2.6262,2.257415477956708,2.0746495947267234,peer_raw
all_crops,09_01,219,2021,sunflower,2.818952380952381,2.3380287495481773,2.9821,2.257415477956708,2.3380287495481773,peer_raw
all_crops,09_01,220,2021,sunflower,2.0264,2.2330010182926596,3.0557,2.257415477956708,2.2330010182926596,peer_raw
all_crops,09_01,221,2021,sunflower,1.7475,2.1030773576869786,2.4777,2.257415477956708,2.1030773576869786,peer_raw
all_crops,09_01,222,2021,sunflower,2.9396774193548385,2.1888203442327465,2.7158,2.257415477956708,2.1888203442327465,peer_raw
all_crops,09_01,223,2021,sunflower,2.8625714285714285,2.2727655152229356,2.6313,2.257415477956708,2.2727655152229356,peer_raw
all_crops,09_01,224,2021,sunflower,2.0925,2.140735467451167,2.6733,2.257415477956708,2.140735467451167,peer_raw
all_crops,09_01,225,2021,sunflower,1.85,1.8579568088695424,2.3085,2.257415477956708,1.8579568088695424,peer_raw
all_crops,09_01,226,2021,sunflower,2.4555,2.1661037328262704,2.9791,2.257415477956708,2.1661037328262704,peer_raw
all_crops,09_01,227,2021,wheat_winter,2.8346242774566472,3.5548622621351584,3.5711,3.569358367455552,3.5548622621351584,peer_raw
all_crops,09_01,228,2021,wheat_winter,2.4169491525423727,3.5725517536440057,3.7058,3.569358367455552,3.5725517536440057,peer_raw
all_crops,09_01,229,2021,wheat_winter,2.9450000000000003,2.5255083560972413,2.4469000000000003,3.569358367455552,2.5255083560972413,peer_raw
all_crops,09_01,230,2021,wheat_winter,2.123766816143498,3.4143339355808036,3.134,3.569358367455552,3.4143339355808036,peer_raw
all_crops,09_01,231,2021,wheat_winter,3.5069787234042553,3.439808557152958,3.4015999999999997,3.569358367455552,3.439808557152958,peer_raw
all_crops,09_01,232,2021,wheat_winter,3.2479729729729727,3.7633101857286544,2.9818,3.569358367455552,3.7633101857286544,peer_raw
all_crops,09_01,233,2021,wheat_winter,3.6453846153846152,3.184262732672686,3.4055999999999997,3.569358367455552,3.184262732672686,peer_raw
all_crops,09_01,234,2021,wheat_winter,5.389142857142858,3.3759071622339443,3.8293,3.569358367455552,3.3759071622339443,peer_raw
all_crops,09_01,195,2022,wheat_winter,2.1216260162601626,2.7816834845564875,2.4872,3.5270951632339247,2.7816834845564875,peer_raw
all_crops,09_01,197,2022,wheat_winter,1.5206997084548106,3.3048272773266096,3.2342,3.5270951632339247,3.3048272773266096,peer_raw
all_crops,09_01,207,2022,wheat_winter,1.8862140474258409,2.811037298198109,2.9544,3.5270951632339247,2.811037298198109,peer_raw
all_crops,09_01,208,2022,wheat_spring,2.356923076923077,3.0006835153541176,3.6425,2.6779088961876263,3.0006835153541176,peer_raw
all_crops,09_01,209,2022,wheat_spring,2.657417536880491,3.187309818005179,3.5056,2.6779088961876263,3.187309818005179,peer_raw
all_crops,09_01,210,2022,wheat_spring,3.0655870445344133,3.391344555789879,3.1305,2.6779088961876263,3.391344555789879,peer_raw
all_crops,09_01,212,2022,wheat_spring,3.1773529411764705,3.4041539459537256,3.4025,2.6779088961876263,3.4041539459537256,peer_raw
all_crops,09_01,213,2022,sunflower,1.481428571428571,2.2453677434282073,2.1202,2.2824328364554223,2.2453677434282073,peer_raw
all_crops,09_01,214,2022,sunflower,1.002222222222222,2.2660499161496124,2.1227,2.2824328364554223,2.2660499161496124,peer_raw
all_crops,09_01,215,2022,wheat_spring,2.858987341772152,2.648184189585133,2.7344999999999997,2.6779088961876263,2.648184189585133,peer_raw
all_crops,09_01,216,2022,wheat_spring,3.1270270270270273,3.262494479025442,3.9809,2.6779088961876263,3.262494479025442,peer_raw
all_crops,09_01,217,2022,wheat_spring,3.063725490196078,2.967477758853395,3.6563,2.6779088961876263,2.967477758853395,peer_raw
all_crops,09_01,218,2022,wheat_spring,2.1723076923076925,2.713717808041446,2.5543,2.6779088961876263,2.713717808041446,peer_raw
all_crops,09_01,219,2022,wheat_spring,2.827547619047619,3.1965611862401375,3.4502,2.6779088961876263,3.1965611862401375,peer_raw
all_crops,09_01,220,2022,wheat_spring,3.4832,3.5100455141326217,3.4874,2.6779088961876263,3.5100455141326217,peer_raw
all_crops,09_01,222,2022,wheat_spring,3.2700483870967743,3.4642224676476303,3.586,2.6779088961876263,3.4642224676476303,peer_raw
all_crops,09_01,223,2022,wheat_spring,3.2311428571428573,3.1495847754115074,2.9478999999999997,2.6779088961876263,3.1495847754115074,peer_raw
all_crops,09_01,224,2022,wheat_spring,3.079423076923077,2.9480654139594393,3.3052,2.6779088961876263,2.9480654139594393,peer_raw
all_crops,09_01,226,2022,wheat_spring,1.6934999999999998,3.214774246379992,2.926,2.6779088961876263,3.214774246379992,peer_raw
all_crops,09_01,227,2022,wheat_winter,2.217514450867052,2.7510995904176827,3.2383,3.5270951632339247,2.7510995904176827,peer_raw
all_crops,09_01,228,2022,wheat_spring,4.564745762711865,2.8558392688625536,3.2991,2.6779088961876263,2.8558392688625536,peer_raw
all_crops,09_01,229,2022,wheat_spring,2.841666666666667,2.3197018390314152,2.6656,2.6779088961876263,2.3197018390314152,peer_raw
all_crops,09_01,230,2022,sunflower,3.257219730941704,2.1564345310662616,2.7875,2.2824328364554223,2.1564345310662616,peer_raw
all_crops,09_01,231,2022,wheat_winter,1.5712340425531914,2.509250348150431,2.288,3.5270951632339247,2.509250348150431,peer_raw
all_crops,09_01,232,2022,wheat_winter,1.847837837837838,2.1100375580045445,1.8508,3.5270951632339247,2.1100375580045445,peer_raw
all_crops,09_01,234,2022,wheat_spring,3.975428571428571,2.782999476260221,3.5317999999999996,2.6779088961876263,2.782999476260221,peer_raw
all_crops,09_01,195,2023,wheat_winter,0.8904065040650406,2.071881740653539,1.8031,3.605240949754569,2.071881740653539,peer_raw
all_crops,09_01,197,2023,wheat_winter,1.0820991253644316,1.979186800869712,2.1736999999999997,3.605240949754569,1.979186800869712,peer_raw
all_crops,09_01,207,2023,wheat_winter,1.068974844468488,1.9377381086439849,2.1542000000000003,3.605240949754569,1.9377381086439849,peer_raw
all_crops,09_01,208,2023,wheat_spring,2.018076923076923,1.6828858174220256,1.4264,2.8347937514606945,1.6828858174220256,peer_raw
all_crops,09_01,209,2023,wheat_winter,1.4882148184982598,1.674708271048853,3.0968,3.605240949754569,1.674708271048853,peer_raw
all_crops,09_01,210,2023,pea,1.7267206477732793,1.6537713414802269,1.6518000000000002,2.4053981346767683,1.6537713414802269,peer_raw
all_crops,09_01,212,2023,wheat_spring,2.9445588235294116,1.6926770431492104,2.073,2.8347937514606945,1.6926770431492104,peer_raw
all_crops,09_01,215,2023,barley_spring,2.2745063291139243,1.848763429657788,2.4396,3.0043107101053974,1.848763429657788,peer_raw
all_crops,09_01,216,2023,barley_spring,2.696783783783784,2.191741172497061,2.5551,3.0043107101053974,2.191741172497061,peer_raw
all_crops,09_01,217,2023,barley_spring,2.021480392156863,1.6247292083920888,1.8331,3.0043107101053974,1.6247292083920888,peer_raw
all_crops,09_01,218,2023,barley_spring,3.3693589743589745,2.1769310795255232,2.3995,3.0043107101053974,2.1769310795255232,peer_raw
all_crops,09_01,219,2023,sunflower,2.802523809523809,1.8170094774074803,2.4396,2.256223661763095,1.8170094774074803,peer_raw
all_crops,09_01,220,2023,barley_spring,3.3728800000000003,2.410890103505206,2.5408,3.0043107101053974,2.410890103505206,peer_raw
all_crops,09_01,222,2023,barley_spring,4.5005,2.024065596744845,2.0631,3.0043107101053974,2.024065596744845,peer_raw
all_crops,09_01,223,2023,barley_spring,2.3584285714285715,1.8608807644904168,2.0345,3.0043107101053974,1.8608807644904168,peer_raw
all_crops,09_01,224,2023,barley_spring,2.481451923076923,1.836799581518206,2.2415,3.0043107101053974,1.836799581518206,peer_raw
all_crops,09_01,227,2023,sunflower,2.6015895953757227,2.0074795877071483,2.253,2.256223661763095,2.0074795877071483,peer_raw
all_crops,09_01,228,2023,wheat_winter,1.5016949152542372,1.957609755911756,2.2995,3.605240949754569,1.957609755911756,peer_raw
all_crops,09_01,229,2023,wheat_winter,3.443333333333334,1.9965466405558383,2.076,3.605240949754569,1.9965466405558383,peer_raw
all_crops,09_01,230,2023,wheat_spring,0.9786995515695068,1.6756245877145086,2.0961,2.8347937514606945,1.6756245877145086,peer_raw
all_crops,09_01,231,2023,sunflower,2.2995063829787235,1.5755006403195115,2.2117,2.256223661763095,1.5755006403195115,peer_raw
all_crops,09_01,232,2023,sunflower,2.6881993243243243,1.7693639344631202,2.3653,2.256223661763095,1.7693639344631202,peer_raw
all_crops,09_01,234,2023,wheat_winter,1.7062857142857142,2.3644984377402367,2.4153,3.605240949754569,2.3644984377402367,peer_raw
all_crops,09_01,195,2024,sunflower,2.7365853658536587,2.282366655830168,3.2249000000000003,2.2547869646006644,2.282366655830168,peer_raw
all_crops,09_01,197,2024,sunflower,3.2877551020408164,2.27372450737521,3.2267,2.2547869646006644,2.27372450737521,peer_raw
all_crops,09_01,207,2024,sunflower,3.107023712920386,2.455537248164474,2.8238,2.2547869646006644,2.455537248164474,peer_raw
all_crops,09_01,208,2024,sunflower,2.360615384615385,2.1606580875219334,2.4902,2.2547869646006644,2.1606580875219334,peer_raw
all_crops,09_01,210,2024,wheat_winter,5.519493927125506,4.641162791462097,5.754099999999999,3.5237797966522484,4.641162791462097,peer_raw
all_crops,09_01,212,2024,sunflower,1.900882352941176,2.232398898769699,2.5872,2.2547869646006644,2.232398898769699,peer_raw
all_crops,09_01,215,2024,wheat_winter,4.476708860759494,3.839847108188898,4.2056,3.5237797966522484,3.839847108188898,peer_raw
all_crops,09_01,216,2024,wheat_winter,5.342162162162162,3.9638725965154777,5.3586,3.5237797966522484,3.9638725965154777,peer_raw
all_crops,09_01,217,2024,sunflower,2.9758823529411766,2.369486904842298,3.2312,2.2547869646006644,2.369486904842298,peer_raw
all_crops,09_01,218,2024,wheat_spring,4.027153846153846,3.184362458844786,3.4,2.7584835033320987,3.184362458844786,peer_raw
all_crops,09_01,219,2024,wheat_spring,3.6718380952380953,3.3054667496671675,3.2952,2.7584835033320987,3.3054667496671675,peer_raw
all_crops,09_01,220,2024,wheat_spring,3.12756,3.4653745738119337,3.8434,2.7584835033320987,3.4653745738119337,peer_raw
all_crops,09_01,222,2024,wheat_spring,3.6562580645161287,3.4911677147031845,3.9848,2.7584835033320987,3.4911677147031845,peer_raw
all_crops,09_01,223,2024,wheat_spring,3.350857142857143,3.3565456818457005,4.2385,2.7584835033320987,3.3565456818457005,peer_raw
all_crops,09_01,224,2024,wheat_winter,5.0582692307692305,4.215927373192827,4.9363,3.5237797966522484,4.215927373192827,peer_raw
all_crops,09_01,226,2024,wheat_winter,4.9315,4.1291288228304746,4.5445,3.5237797966522484,4.1291288228304746,peer_raw
all_crops,09_01,227,2024,barley_spring,3.007739884393064,3.5821261886899083,3.5776000000000003,2.9569590723634662,3.5821261886899083,peer_raw
all_crops,09_01,228,2024,sunflower,3.052881355932203,2.2746732066540463,3.0939,2.2547869646006644,2.2746732066540463,peer_raw
all_crops,09_01,229,2024,sunflower,3.2544166666666663,1.742423478352512,2.2845,2.2547869646006644,1.742423478352512,peer_raw
all_crops,09_01,230,2024,sunflower,3.2521793721973093,2.247466115874052,3.0899,2.2547869646006644,2.247466115874052,peer_raw
all_crops,09_01,231,2024,wheat_spring,3.806382978723404,3.5536653092976636,3.636,2.7584835033320987,3.5536653092976636,peer_raw
all_crops,09_01,232,2024,wheat_spring,3.330304054054054,3.422616281542804,3.8371,2.7584835033320987,3.422616281542804,peer_raw
all_crops,09_01,234,2024,sunflower,3.295057142857143,1.9162447257694817,2.6495,2.2547869646006644,1.9162447257694817,peer_raw
all_crops,09_01,195,2025,wheat_spring,2.7195121951219514,3.097203909616747,2.8708,2.7859952931393197,3.097203909616747,peer_raw
all_crops,09_01,197,2025,wheat_spring,3.779416909620991,3.130119830864165,3.1238,2.7859952931393197,3.130119830864165,peer_raw
all_crops,09_01,208,2025,wheat_spring,3.8430769230769233,3.2978889421786555,3.0721,2.7859952931393197,3.2978889421786555,peer_raw
all_crops,09_01,209,2025,sunflower,2.332040444223438,2.243864511813616,3.0953,2.253882200699135,2.243864511813616,peer_raw
all_crops,09_01,210,2025,sunflower,3.192550607287449,2.2802384978736336,2.6427,2.253882200699135,2.2802384978736336,peer_raw
all_crops,09_01,212,2025,wheat_spring,1.7024264705882353,2.6035416620217244,2.8967,2.7859952931393197,2.6035416620217244,peer_raw
all_crops,09_01,213,2025,barley_spring,1.53,2.9379546693232994,3.0796,2.9620422462150753,2.9379546693232994,peer_raw
all_crops,09_01,214,2025,barley_spring,1.53,2.955633952560145,3.0119,2.9620422462150753,2.955633952560145,peer_raw
all_crops,09_01,215,2025,sunflower,3.0739240506329115,2.1117030893813133,2.6681,2.253882200699135,2.1117030893813133,peer_raw
all_crops,09_01,216,2025,sunflower,2.986756756756757,2.2406486562033936,2.9402,2.253882200699135,2.2406486562033936,peer_raw
all_crops,09_01,217,2025,wheat_spring,2.5629901960784314,2.72437059464628,2.7186,2.7859952931393197,2.72437059464628,peer_raw
all_crops,09_01,218,2025,wheat_spring,4.112820512820513,3.173729831266157,2.6460999999999997,2.7859952931393197,3.173729831266157,peer_raw
all_crops,09_01,219,2025,barley_spring,3.528095238095238,3.467650538001181,3.8607,2.9620422462150753,3.467650538001181,peer_raw
all_crops,09_01,220,2025,wheat_spring,3.3072000000000004,3.149641927270244,3.6214,2.7859952931393197,3.149641927270244,peer_raw
all_crops,09_01,222,2025,sunflower,2.972258064516129,2.0711369383969394,2.5682,2.253882200699135,2.0711369383969394,peer_raw
all_crops,09_01,223,2025,sunflower,3.305142857142857,2.1020379100195914,2.6925999999999997,2.253882200699135,2.1020379100195914,peer_raw
all_crops,09_01,224,2025,sunflower,3.0742307692307693,2.0757066641340227,3.1024000000000003,2.253882200699135,2.0757066641340227,peer_raw
all_crops,09_01,226,2025,sunflower,3.0420000000000003,2.091787731350962,3.3878999999999997,2.253882200699135,2.091787731350962,peer_raw
all_crops,09_01,227,2025,pea,1.5521965317919073,2.8543113797244137,2.822,2.337815103722531,2.8543113797244137,peer_raw
all_crops,09_01,228,2025,wheat_spring,3.004576271186441,3.133048220918475,3.5229999999999997,2.7859952931393197,3.133048220918475,peer_raw
all_crops,09_01,229,2025,wheat_spring,3.5050000000000003,2.6662101105820497,3.1488,2.7859952931393197,2.6662101105820497,peer_raw
all_crops,09_01,230,2025,wheat_spring,3.6687443946188343,3.336382602426425,2.9788,2.7859952931393197,3.336382602426425,peer_raw
all_crops,09_01,231,2025,pea,1.3324255319148937,2.742571858743768,2.49,2.337815103722531,2.742571858743768,peer_raw
all_crops,09_01,232,2025,pea,1.8102027027027028,2.8019840928918898,2.47,2.337815103722531,2.8019840928918898,peer_raw
all_crops,09_01,234,2025,,4.494857142857143,2.8888595436175697,4.459300000000001,2.498899368049851,2.8888595436175697,peer_raw
all_crops,09_01,207,2018,sunflower,3.496,2.3176491107069928,2.2908,2.215669563352981,2.3176491107069928,residual_global
all_crops,09_01,209,2018,sunflower,1.7399999999999998,2.208236283903511,2.0557,2.215669563352981,2.208236283903511,residual_global
all_crops,09_01,210,2018,oil_seed_raps_winter,0.978,1.4282776131763355,1.7359000000000002,1.697975335103533,1.4282776131763355,residual_global
all_crops,09_01,227,2018,sunflower,2.613,2.049084723866859,2.4276,2.215669563352981,2.049084723866859,residual_global
all_crops,09_01,228,2018,maize,3.312,5.903337712695922,5.561999999999999,6.214194800255046,5.903337712695922,residual_global
all_crops,09_01,229,2018,maize,3.312,5.437510732907713,3.9653,6.214194800255046,5.437510732907713,residual_global
all_crops,09_01,231,2018,soya,0.93,1.1309657355989884,1.302,1.4998837388223478,1.1309657355989884,residual_global
all_crops,09_01,232,2018,soya,0.9,1.06409766481432,1.1918,1.4998837388223478,1.06409766481432,residual_global
all_crops,09_01,207,2019,wheat_spring,3.5799999999999996,3.236442020195129,2.7728,2.7949344889498353,3.236442020195129,residual_global
all_crops,09_01,208,2019,sunflower,2.133,2.1691381473423337,2.5304,2.2303410172138705,2.1691381473423337,residual_global
all_crops,09_01,210,2019,sunflower,1.965,2.602613184225734,2.5763000000000003,2.2303410172138705,2.602613184225734,residual_global
all_crops,09_01,211,2019,sunflower,1.868,2.249438302024031,2.5446999999999997,2.2303410172138705,2.249438302024031,residual_global
all_crops,09_01,215,2019,sunflower,1.672,2.3344354853023264,2.476,2.2303410172138705,2.3344354853023264,residual_global
all_crops,09_01,216,2019,sunflower,1.95,2.3550635721348847,2.4692,2.2303410172138705,2.3550635721348847,residual_global
all_crops,09_01,217,2019,sunflower,1.962,2.2109783375981085,2.4656,2.2303410172138705,2.2109783375981085,residual_global
all_crops,09_01,219,2019,sunflower,2.273,2.2573191606295437,2.4422,2.2303410172138705,2.2573191606295437,residual_global
all_crops,09_01,220,2019,sunflower,2.7649999999999997,2.209092671407053,2.8589,2.2303410172138705,2.209092671407053,residual_global
all_crops,09_01,221,2019,sunflower,1.982,2.33796058917412,3.0438,2.2303410172138705,2.33796058917412,residual_global
all_crops,09_01,222,2019,sunflower,2.648,2.155457162284926,2.4673,2.2303410172138705,2.155457162284926,residual_global
all_crops,09_01,223,2019,sunflower,2.651,2.3481805802643905,2.4036,2.2303410172138705,2.3481805802643905,residual_global
all_crops,09_01,224,2019,sunflower,3.961,2.2605793432033887,2.5131,2.2303410172138705,2.2605793432033887,residual_global
all_crops,09_01,225,2019,sunflower,3.961,2.2811677479727033,2.1581,2.2303410172138705,2.2811677479727033,residual_global
all_crops,09_01,226,2019,sunflower,2.9829999999999997,2.173311560055084,2.1576,2.2303410172138705,2.173311560055084,residual_global
all_crops,09_01,227,2019,oil_seed_raps_spring,1.161,1.364958783986446,1.9179,1.6452083064410872,1.364958783986446,residual_global
all_crops,09_01,228,2019,soya,1.468,1.793916113701514,2.1823,1.5657027830454833,1.793916113701514,residual_global
all_crops,09_01,229,2019,soya,1.468,1.4114121454411408,1.5674,1.5657027830454833,1.4114121454411408,residual_global
all_crops,09_01,230,2019,wheat_winter,4.503,4.000307775895154,3.9929,3.518703379214148,4.000307775895154,residual_global
all_crops,09_01,231,2019,wheat_winter,4.303,4.432399158245728,4.2558,3.518703379214148,4.432399158245728,residual_global
all_crops,09_01,232,2019,wheat_winter,3.404,4.296766175268879,4.1161,3.518703379214148,4.296766175268879,residual_global
all_crops,09_01,207,2020,oil_seed_raps_spring,0.438,1.0948272479270944,1.0497,1.6826990137403557,1.0231687102021543,residual_global
all_crops,09_01,208,2020,wheat_spring,0.505,1.7844845930973043,1.3906,2.775179717236985,1.7128260553723642,residual_global
all_crops,09_01,209,2020,maize,0.5780000000000001,5.777497943002109,2.8203,6.027426688447606,5.705839405277168,residual_global
all_crops,09_01,210,2020,wheat_winter,0.211,2.0321279030611534,2.1218,3.4657804752870542,1.9604693653362133,residual_global
all_crops,09_01,211,2020,wheat_winter,0.319,2.0344380540220737,2.4044,3.4657804752870542,1.9627795162971335,residual_global
all_crops,09_01,213,2020,wheat_spring,0.5780000000000001,1.7383870645349346,1.5272,2.775179717236985,1.6667285268099945,residual_global
all_crops,09_01,214,2020,wheat_spring,0.319,1.5988769993402592,1.5097,2.775179717236985,1.527218461615319,residual_global
all_crops,09_01,215,2020,wheat_spring,1.409,2.139303995337056,1.5953,2.775179717236985,2.067645457612116,residual_global
all_crops,09_01,216,2020,wheat_spring,1.246,1.6606034051379008,2.1373,2.775179717236985,1.5889448674129607,residual_global
all_crops,09_01,217,2020,wheat_spring,0.337,1.6226309219984612,1.961,2.775179717236985,1.550972384273521,residual_global
all_crops,09_01,219,2020,wheat_spring,0.425,1.7460406629966618,1.1434,2.775179717236985,1.6743821252717217,residual_global
all_crops,09_01,220,2020,wheat_spring,0.513,2.0530920994626745,1.7675,2.775179717236985,1.9814335617377343,residual_global
all_crops,09_01,221,2020,wheat_spring,0.38,1.8070216696351584,2.8632,2.775179717236985,1.7353631319102183,residual_global
all_crops,09_01,222,2020,wheat_spring,0.21,1.6559006335814872,0.9872,2.775179717236985,1.584242095856547,residual_global
all_crops,09_01,223,2020,wheat_spring,0.21,1.7538756135291915,1.126,2.775179717236985,1.6822170758042514,residual_global
all_crops,09_01,224,2020,wheat_spring,0.857,1.6153640506388358,1.7282,2.775179717236985,1.5437055129138957,residual_global
all_crops,09_01,225,2020,wheat_spring,2.335,2.009613296489551,3.5470999999999995,2.775179717236985,1.9379547587646109,residual_global
all_crops,09_01,226,2020,wheat_spring,0.502,1.640363597206426,1.5046,2.775179717236985,1.568705059481486,residual_global
all_crops,09_01,227,2020,wheat_winter,0.5650000000000001,1.935174445325095,2.2098,3.4657804752870542,1.8635159076001548,residual_global
all_crops,09_01,228,2020,wheat_winter,1.3,1.995901054575968,2.0305,3.4657804752870542,1.9242425168510278,residual_global
all_crops,09_01,229,2020,wheat_winter,3.285,1.9802371100333584,2.221,3.4657804752870542,1.9085785723084183,residual_global
all_crops,09_01,230,2020,oil_seed_raps_winter,0.1679999999999999,1.0998017337121977,1.2317,1.7397895608539231,1.0281431959872576,residual_global
all_crops,09_01,231,2020,oil_seed_raps_winter,0.362,0.965656401356798,1.6896999999999998,1.7397895608539231,0.893997863631858,residual_global
all_crops,09_01,232,2020,oil_seed_raps_winter,0.223,0.9286190074243744,1.8421,1.7397895608539231,0.8569604696994344,residual_global
all_crops,09_01,195,2021,barley_spring,2.022276422764228,3.4902667559211933,3.518,2.9819317050782614,2.9341736031391292,residual_global
all_crops,09_01,197,2021,barley_spring,2.5284548104956266,3.644866070696594,3.7068,2.9819317050782614,3.08877291791453,residual_global
all_crops,09_01,207,2021,barley_spring,3.525020286718961,3.530494103598954,3.1641,2.9819317050782614,2.97440095081689,residual_global
all_crops,09_01,208,2021,sunflower,2.1216153846153847,2.1998900195226607,2.5939,2.257415477956708,1.6437968667405967,residual_global
all_crops,09_01,209,2021,sunflower,2.268059008785016,2.050929484119222,2.3401,2.257415477956708,1.494836331337158,residual_global
all_crops,09_01,210,2021,sunflower,1.4783400809716598,2.2614816712192396,2.8418,2.257415477956708,1.7053885184371755,residual_global
all_crops,09_01,211,2021,sunflower,2.1389247311827955,2.288962664569502,2.9005,2.257415477956708,1.7328695117874378,residual_global
all_crops,09_01,212,2021,sunflower,3.3983823529411765,2.3081032456801975,2.9642,2.257415477956708,1.7520100928981335,residual_global
all_crops,09_01,213,2021,wheat_spring,1.3155714285714286,2.678814557729252,3.1079999999999997,2.7862022677059213,2.122721404947188,residual_global
all_crops,09_01,214,2021,wheat_spring,1.5857777777777775,2.6973199550656575,3.1157,2.7862022677059213,2.1412268022835934,residual_global
all_crops,09_01,215,2021,sunflower,2.9865822784810128,2.1110592241422035,2.6519,2.257415477956708,1.5549660713601394,residual_global
all_crops,09_01,216,2021,sunflower,2.925945945945946,1.9818304829815132,2.7872,2.257415477956708,1.4257373301994494,residual_global
all_crops,09_01,217,2021,sunflower,2.768578431372549,2.3290812329343735,2.6262,2.257415477956708,1.7729880801523095,residual_global
all_crops,09_01,218,2021,sunflower,2.12974358974359,2.0746495947267234,2.6262,2.257415477956708,1.5185564419446593,residual_global
all_crops,09_01,219,2021,sunflower,2.818952380952381,2.3380287495481773,2.9821,2.257415477956708,1.7819355967661132,residual_global
all_crops,09_01,220,2021,sunflower,2.0264,2.2330010182926596,3.0557,2.257415477956708,1.6769078655105956,residual_global
all_crops,09_01,221,2021,sunflower,1.7475,2.1030773576869786,2.4777,2.257415477956708,1.5469842049049145,residual_global
all_crops,09_01,222,2021,sunflower,2.9396774193548385,2.1888203442327465,2.7158,2.257415477956708,1.6327271914506825,residual_global
all_crops,09_01,223,2021,sunflower,2.8625714285714285,2.2727655152229356,2.6313,2.257415477956708,1.7166723624408715,residual_global
all_crops,09_01,224,2021,sunflower,2.0925,2.140735467451167,2.6733,2.257415477956708,1.5846423146691029,residual_global
all_crops,09_01,225,2021,sunflower,1.85,1.8579568088695424,2.3085,2.257415477956708,1.3018636560874786,residual_global
all_crops,09_01,226,2021,sunflower,2.4555,2.1661037328262704,2.9791,2.257415477956708,1.6100105800442064,residual_global
all_crops,09_01,227,2021,wheat_winter,2.8346242774566472,3.5548622621351584,3.5711,3.569358367455552,2.9987691093530944,residual_global
all_crops,09_01,228,2021,wheat_winter,2.4169491525423727,3.5725517536440057,3.7058,3.569358367455552,3.0164586008619416,residual_global
all_crops,09_01,229,2021,wheat_winter,2.9450000000000003,2.5255083560972413,2.4469000000000003,3.569358367455552,1.9694152033151773,residual_global
all_crops,09_01,230,2021,wheat_winter,2.123766816143498,3.4143339355808036,3.134,3.569358367455552,2.8582407827987395,residual_global
all_crops,09_01,231,2021,wheat_winter,3.5069787234042553,3.439808557152958,3.4015999999999997,3.569358367455552,2.883715404370894,residual_global
all_crops,09_01,232,2021,wheat_winter,3.2479729729729727,3.7633101857286544,2.9818,3.569358367455552,3.2072170329465903,residual_global
all_crops,09_01,233,2021,wheat_winter,3.6453846153846152,3.184262732672686,3.4055999999999997,3.569358367455552,2.628169579890622,residual_global
all_crops,09_01,234,2021,wheat_winter,5.389142857142858,3.3759071622339443,3.8293,3.569358367455552,2.81981400945188,residual_global
all_crops,09_01,195,2022,wheat_winter,2.1216260162601626,2.7816834845564875,2.4872,3.5270951632339247,2.406315690274083,residual_global
all_crops,09_01,197,2022,wheat_winter,1.5206997084548106,3.3048272773266096,3.2342,3.5270951632339247,2.929459483044205,residual_global
all_crops,09_01,207,2022,wheat_winter,1.8862140474258409,2.811037298198109,2.9544,3.5270951632339247,2.4356695039157046,residual_global
all_crops,09_01,208,2022,wheat_spring,2.356923076923077,3.0006835153541176,3.6425,2.6779088961876263,2.625315721071713,residual_global
all_crops,09_01,209,2022,wheat_spring,2.657417536880491,3.187309818005179,3.5056,2.6779088961876263,2.8119420237227746,residual_global
all_crops,09_01,210,2022,wheat_spring,3.0655870445344133,3.391344555789879,3.1305,2.6779088961876263,3.0159767615074746,residual_global
all_crops,09_01,212,2022,wheat_spring,3.1773529411764705,3.4041539459537256,3.4025,2.6779088961876263,3.028786151671321,residual_global
all_crops,09_01,213,2022,sunflower,1.481428571428571,2.2453677434282073,2.1202,2.2824328364554223,1.8699999491458028,residual_global
all_crops,09_01,214,2022,sunflower,1.002222222222222,2.2660499161496124,2.1227,2.2824328364554223,1.8906821218672079,residual_global
all_crops,09_01,215,2022,wheat_spring,2.858987341772152,2.648184189585133,2.7344999999999997,2.6779088961876263,2.2728163953027285,residual_global
all_crops,09_01,216,2022,wheat_spring,3.1270270270270273,3.262494479025442,3.9809,2.6779088961876263,2.8871266847430377,residual_global
all_crops,09_01,217,2022,wheat_spring,3.063725490196078,2.967477758853395,3.6563,2.6779088961876263,2.5921099645709904,residual_global
all_crops,09_01,218,2022,wheat_spring,2.1723076923076925,2.713717808041446,2.5543,2.6779088961876263,2.3383500137590416,residual_global
all_crops,09_01,219,2022,wheat_spring,2.827547619047619,3.1965611862401375,3.4502,2.6779088961876263,2.821193391957733,residual_global
all_crops,09_01,220,2022,wheat_spring,3.4832,3.5100455141326217,3.4874,2.6779088961876263,3.134677719850217,residual_global
all_crops,09_01,222,2022,wheat_spring,3.2700483870967743,3.4642224676476303,3.586,2.6779088961876263,3.088854673365226,residual_global
all_crops,09_01,223,2022,wheat_spring,3.2311428571428573,3.1495847754115074,2.9478999999999997,2.6779088961876263,2.774216981129103,residual_global
all_crops,09_01,224,2022,wheat_spring,3.079423076923077,2.9480654139594393,3.3052,2.6779088961876263,2.572697619677035,residual_global
all_crops,09_01,226,2022,wheat_spring,1.6934999999999998,3.214774246379992,2.926,2.6779088961876263,2.8394064520975877,residual_global
all_crops,09_01,227,2022,wheat_winter,2.217514450867052,2.7510995904176827,3.2383,3.5270951632339247,2.375731796135278,residual_global
all_crops,09_01,228,2022,wheat_spring,4.564745762711865,2.8558392688625536,3.2991,2.6779088961876263,2.480471474580149,residual_global
all_crops,09_01,229,2022,wheat_spring,2.841666666666667,2.3197018390314152,2.6656,2.6779088961876263,1.9443340447490107,residual_global
all_crops,09_01,230,2022,sunflower,3.257219730941704,2.1564345310662616,2.7875,2.2824328364554223,1.781066736783857,residual_global
all_crops,09_01,231,2022,wheat_winter,1.5712340425531914,2.509250348150431,2.288,3.5270951632339247,2.1338825538680264,residual_global
all_crops,09_01,232,2022,wheat_winter,1.847837837837838,2.1100375580045445,1.8508,3.5270951632339247,1.73466976372214,residual_global
all_crops,09_01,234,2022,wheat_spring,3.975428571428571,2.782999476260221,3.5317999999999996,2.6779088961876263,2.4076316819778163,residual_global
all_crops,09_01,195,2023,wheat_winter,0.8904065040650406,2.071881740653539,1.8031,3.605240949754569,1.7254923166953264,residual_global
all_crops,09_01,197,2023,wheat_winter,1.0820991253644316,1.979186800869712,2.1736999999999997,3.605240949754569,1.6327973769114996,residual_global
all_crops,09_01,207,2023,wheat_winter,1.068974844468488,1.9377381086439849,2.1542000000000003,3.605240949754569,1.5913486846857725,residual_global
all_crops,09_01,208,2023,wheat_spring,2.018076923076923,1.6828858174220256,1.4264,2.8347937514606945,1.3364963934638132,residual_global
all_crops,09_01,209,2023,wheat_winter,1.4882148184982598,1.674708271048853,3.0968,3.605240949754569,1.3283188470906406,residual_global
all_crops,09_01,210,2023,pea,1.7267206477732793,1.6537713414802269,1.6518000000000002,2.4053981346767683,1.3073819175220145,residual_global
all_crops,09_01,212,2023,wheat_spring,2.9445588235294116,1.6926770431492104,2.073,2.8347937514606945,1.346287619190998,residual_global
all_crops,09_01,215,2023,barley_spring,2.2745063291139243,1.848763429657788,2.4396,3.0043107101053974,1.5023740056995756,residual_global
all_crops,09_01,216,2023,barley_spring,2.696783783783784,2.191741172497061,2.5551,3.0043107101053974,1.8453517485388486,residual_global
all_crops,09_01,217,2023,barley_spring,2.021480392156863,1.6247292083920888,1.8331,3.0043107101053974,1.2783397844338764,residual_global
all_crops,09_01,218,2023,barley_spring,3.3693589743589745,2.1769310795255232,2.3995,3.0043107101053974,1.8305416555673109,residual_global
all_crops,09_01,219,2023,sunflower,2.802523809523809,1.8170094774074803,2.4396,2.256223661763095,1.470620053449268,residual_global
all_crops,09_01,220,2023,barley_spring,3.3728800000000003,2.410890103505206,2.5408,3.0043107101053974,2.0645006795469936,residual_global
all_crops,09_01,222,2023,barley_spring,4.5005,2.024065596744845,2.0631,3.0043107101053974,1.6776761727866325,residual_global
all_crops,09_01,223,2023,barley_spring,2.3584285714285715,1.8608807644904168,2.0345,3.0043107101053974,1.5144913405322045,residual_global
all_crops,09_01,224,2023,barley_spring,2.481451923076923,1.836799581518206,2.2415,3.0043107101053974,1.4904101575599937,residual_global
all_crops,09_01,227,2023,sunflower,2.6015895953757227,2.0074795877071483,2.253,2.256223661763095,1.661090163748936,residual_global
all_crops,09_01,228,2023,wheat_winter,1.5016949152542372,1.957609755911756,2.2995,3.605240949754569,1.6112203319535436,residual_global
all_crops,09_01,229,2023,wheat_winter,3.443333333333334,1.9965466405558383,2.076,3.605240949754569,1.650157216597626,residual_global
all_crops,09_01,230,2023,wheat_spring,0.9786995515695068,1.6756245877145086,2.0961,2.8347937514606945,1.3292351637562962,residual_global
all_crops,09_01,231,2023,sunflower,2.2995063829787235,1.5755006403195115,2.2117,2.256223661763095,1.2291112163612992,residual_global
all_crops,09_01,232,2023,sunflower,2.6881993243243243,1.7693639344631202,2.3653,2.256223661763095,1.4229745105049079,residual_global
all_crops,09_01,234,2023,wheat_winter,1.7062857142857142,2.3644984377402367,2.4153,3.605240949754569,2.0181090137820243,residual_global
all_crops,09_01,195,2024,sunflower,2.7365853658536587,2.282366655830168,3.2249000000000003,2.2547869646006644,2.060613200939841,residual_global
all_crops,09_01,197,2024,sunflower,3.2877551020408164,2.27372450737521,3.2267,2.2547869646006644,2.0519710524848827,residual_global
all_crops,09_01,207,2024,sunflower,3.107023712920386,2.455537248164474,2.8238,2.2547869646006644,2.2337837932741467,residual_global
all_crops,09_01,208,2024,sunflower,2.360615384615385,2.1606580875219334,2.4902,2.2547869646006644,1.9389046326316064,residual_global
all_crops,09_01,210,2024,wheat_winter,5.519493927125506,4.641162791462097,5.754099999999999,3.5237797966522484,4.41940933657177,residual_global
all_crops,09_01,212,2024,sunflower,1.900882352941176,2.232398898769699,2.5872,2.2547869646006644,2.0106454438793717,residual_global
all_crops,09_01,215,2024,wheat_winter,4.476708860759494,3.839847108188898,4.2056,3.5237797966522484,3.618093653298571,residual_global
all_crops,09_01,216,2024,wheat_winter,5.342162162162162,3.9638725965154777,5.3586,3.5237797966522484,3.7421191416251505,residual_global
all_crops,09_01,217,2024,sunflower,2.9758823529411766,2.369486904842298,3.2312,2.2547869646006644,2.147733449951971,residual_global
all_crops,09_01,218,2024,wheat_spring,4.027153846153846,3.184362458844786,3.4,2.7584835033320987,2.9626090039544586,residual_global
all_crops,09_01,219,2024,wheat_spring,3.6718380952380953,3.3054667496671675,3.2952,2.7584835033320987,3.08371329477684,residual_global
all_crops,09_01,220,2024,wheat_spring,3.12756,3.4653745738119337,3.8434,2.7584835033320987,3.2436211189216064,residual_global
all_crops,09_01,222,2024,wheat_spring,3.6562580645161287,3.4911677147031845,3.9848,2.7584835033320987,3.2694142598128573,residual_global
all_crops,09_01,223,2024,wheat_spring,3.350857142857143,3.3565456818457005,4.2385,2.7584835033320987,3.134792226955373,residual_global
all_crops,09_01,224,2024,wheat_winter,5.0582692307692305,4.215927373192827,4.9363,3.5237797966522484,3.9941739183024993,residual_global
all_crops,09_01,226,2024,wheat_winter,4.9315,4.1291288228304746,4.5445,3.5237797966522484,3.9073753679401473,residual_global
all_crops,09_01,227,2024,barley_spring,3.007739884393064,3.5821261886899083,3.5776000000000003,2.9569590723634662,3.360372733799581,residual_global
all_crops,09_01,228,2024,sunflower,3.052881355932203,2.2746732066540463,3.0939,2.2547869646006644,2.052919751763719,residual_global
all_crops,09_01,229,2024,sunflower,3.2544166666666663,1.742423478352512,2.2845,2.2547869646006644,1.520670023462185,residual_global
all_crops,09_01,230,2024,sunflower,3.2521793721973093,2.247466115874052,3.0899,2.2547869646006644,2.0257126609837246,residual_global
all_crops,09_01,231,2024,wheat_spring,3.806382978723404,3.5536653092976636,3.636,2.7584835033320987,3.3319118544073363,residual_global
all_crops,09_01,232,2024,wheat_spring,3.330304054054054,3.422616281542804,3.8371,2.7584835033320987,3.2008628266524766,residual_global
all_crops,09_01,234,2024,sunflower,3.295057142857143,1.9162447257694817,2.6495,2.2547869646006644,1.6944912708791546,residual_global
all_crops,09_01,195,2025,wheat_spring,2.7195121951219514,3.097203909616747,2.8708,2.7859952931393197,2.988505893684154,residual_global
all_crops,09_01,197,2025,wheat_spring,3.779416909620991,3.130119830864165,3.1238,2.7859952931393197,3.021421814931572,residual_global
all_crops,09_01,208,2025,wheat_spring,3.8430769230769233,3.2978889421786555,3.0721,2.7859952931393197,3.1891909262460625,residual_global
all_crops,09_01,209,2025,sunflower,2.332040444223438,2.243864511813616,3.0953,2.253882200699135,2.135166495881023,residual_global
all_crops,09_01,210,2025,sunflower,3.192550607287449,2.2802384978736336,2.6427,2.253882200699135,2.1715404819410407,residual_global
all_crops,09_01,212,2025,wheat_spring,1.7024264705882353,2.6035416620217244,2.8967,2.7859952931393197,2.4948436460891315,residual_global
all_crops,09_01,213,2025,barley_spring,1.53,2.9379546693232994,3.0796,2.9620422462150753,2.8292566533907064,residual_global
all_crops,09_01,214,2025,barley_spring,1.53,2.955633952560145,3.0119,2.9620422462150753,2.846935936627552,residual_global
all_crops,09_01,215,2025,sunflower,3.0739240506329115,2.1117030893813133,2.6681,2.253882200699135,2.0030050734487204,residual_global
all_crops,09_01,216,2025,sunflower,2.986756756756757,2.2406486562033936,2.9402,2.253882200699135,2.1319506402708006,residual_global
all_crops,09_01,217,2025,wheat_spring,2.5629901960784314,2.72437059464628,2.7186,2.7859952931393197,2.615672578713687,residual_global
all_crops,09_01,218,2025,wheat_spring,4.112820512820513,3.173729831266157,2.6460999999999997,2.7859952931393197,3.065031815333564,residual_global
all_crops,09_01,219,2025,barley_spring,3.528095238095238,3.467650538001181,3.8607,2.9620422462150753,3.358952522068588,residual_global
all_crops,09_01,220,2025,wheat_spring,3.3072000000000004,3.149641927270244,3.6214,2.7859952931393197,3.040943911337651,residual_global
all_crops,09_01,222,2025,sunflower,2.972258064516129,2.0711369383969394,2.5682,2.253882200699135,1.9624389224643464,residual_global
all_crops,09_01,223,2025,sunflower,3.305142857142857,2.1020379100195914,2.6925999999999997,2.253882200699135,1.9933398940869984,residual_global
all_crops,09_01,224,2025,sunflower,3.0742307692307693,2.0757066641340227,3.1024000000000003,2.253882200699135,1.9670086482014297,residual_global
all_crops,09_01,226,2025,sunflower,3.0420000000000003,2.091787731350962,3.3878999999999997,2.253882200699135,1.983089715418369,residual_global
all_crops,09_01,227,2025,pea,1.5521965317919073,2.8543113797244137,2.822,2.337815103722531,2.7456133637918207,residual_global
all_crops,09_01,228,2025,wheat_spring,3.004576271186441,3.133048220918475,3.5229999999999997,2.7859952931393197,3.024350204985882,residual_global
all_crops,09_01,229,2025,wheat_spring,3.5050000000000003,2.6662101105820497,3.1488,2.7859952931393197,2.5575120946494567,residual_global
all_crops,09_01,230,2025,wheat_spring,3.6687443946188343,3.336382602426425,2.9788,2.7859952931393197,3.227684586493832,residual_global
all_crops,09_01,231,2025,pea,1.3324255319148937,2.742571858743768,2.49,2.337815103722531,2.633873842811175,residual_global
all_crops,09_01,232,2025,pea,1.8102027027027028,2.8019840928918898,2.47,2.337815103722531,2.693286076959297,residual_global
all_crops,09_01,234,2025,,4.494857142857143,2.8888595436175697,4.459300000000001,2.498899368049851,2.7801615276849767,residual_global
all_crops,09_01,207,2018,sunflower,3.496,2.3176491107069928,2.2908,2.215669563352981,2.3176491107069928,residual_crop
all_crops,09_01,209,2018,sunflower,1.7399999999999998,2.208236283903511,2.0557,2.215669563352981,2.208236283903511,residual_crop
all_crops,09_01,210,2018,oil_seed_raps_winter,0.978,1.4282776131763355,1.7359000000000002,1.697975335103533,1.4282776131763355,residual_crop
all_crops,09_01,227,2018,sunflower,2.613,2.049084723866859,2.4276,2.215669563352981,2.049084723866859,residual_crop
all_crops,09_01,228,2018,maize,3.312,5.903337712695922,5.561999999999999,6.214194800255046,5.903337712695922,residual_crop
all_crops,09_01,229,2018,maize,3.312,5.437510732907713,3.9653,6.214194800255046,5.437510732907713,residual_crop
all_crops,09_01,231,2018,soya,0.93,1.1309657355989884,1.302,1.4998837388223478,1.1309657355989884,residual_crop
all_crops,09_01,232,2018,soya,0.9,1.06409766481432,1.1918,1.4998837388223478,1.06409766481432,residual_crop
all_crops,09_01,207,2019,wheat_spring,3.5799999999999996,3.236442020195129,2.7728,2.7949344889498353,3.236442020195129,residual_crop
all_crops,09_01,208,2019,sunflower,2.133,2.1691381473423337,2.5304,2.2303410172138705,2.1691381473423337,residual_crop
all_crops,09_01,210,2019,sunflower,1.965,2.602613184225734,2.5763000000000003,2.2303410172138705,2.602613184225734,residual_crop
all_crops,09_01,211,2019,sunflower,1.868,2.249438302024031,2.5446999999999997,2.2303410172138705,2.249438302024031,residual_crop
all_crops,09_01,215,2019,sunflower,1.672,2.3344354853023264,2.476,2.2303410172138705,2.3344354853023264,residual_crop
all_crops,09_01,216,2019,sunflower,1.95,2.3550635721348847,2.4692,2.2303410172138705,2.3550635721348847,residual_crop
all_crops,09_01,217,2019,sunflower,1.962,2.2109783375981085,2.4656,2.2303410172138705,2.2109783375981085,residual_crop
all_crops,09_01,219,2019,sunflower,2.273,2.2573191606295437,2.4422,2.2303410172138705,2.2573191606295437,residual_crop
all_crops,09_01,220,2019,sunflower,2.7649999999999997,2.209092671407053,2.8589,2.2303410172138705,2.209092671407053,residual_crop
all_crops,09_01,221,2019,sunflower,1.982,2.33796058917412,3.0438,2.2303410172138705,2.33796058917412,residual_crop
all_crops,09_01,222,2019,sunflower,2.648,2.155457162284926,2.4673,2.2303410172138705,2.155457162284926,residual_crop
all_crops,09_01,223,2019,sunflower,2.651,2.3481805802643905,2.4036,2.2303410172138705,2.3481805802643905,residual_crop
all_crops,09_01,224,2019,sunflower,3.961,2.2605793432033887,2.5131,2.2303410172138705,2.2605793432033887,residual_crop
all_crops,09_01,225,2019,sunflower,3.961,2.2811677479727033,2.1581,2.2303410172138705,2.2811677479727033,residual_crop
all_crops,09_01,226,2019,sunflower,2.9829999999999997,2.173311560055084,2.1576,2.2303410172138705,2.173311560055084,residual_crop
all_crops,09_01,227,2019,oil_seed_raps_spring,1.161,1.364958783986446,1.9179,1.6452083064410872,1.364958783986446,residual_crop
all_crops,09_01,228,2019,soya,1.468,1.793916113701514,2.1823,1.5657027830454833,1.793916113701514,residual_crop
all_crops,09_01,229,2019,soya,1.468,1.4114121454411408,1.5674,1.5657027830454833,1.4114121454411408,residual_crop
all_crops,09_01,230,2019,wheat_winter,4.503,4.000307775895154,3.9929,3.518703379214148,4.000307775895154,residual_crop
all_crops,09_01,231,2019,wheat_winter,4.303,4.432399158245728,4.2558,3.518703379214148,4.432399158245728,residual_crop
all_crops,09_01,232,2019,wheat_winter,3.404,4.296766175268879,4.1161,3.518703379214148,4.296766175268879,residual_crop
all_crops,09_01,207,2020,oil_seed_raps_spring,0.438,1.0948272479270944,1.0497,1.6826990137403557,0.8908684639406483,residual_crop
all_crops,09_01,208,2020,wheat_spring,0.505,1.7844845930973043,1.3906,2.775179717236985,2.1280425729021752,residual_crop
all_crops,09_01,209,2020,maize,0.5780000000000001,5.777497943002109,2.8203,6.027426688447606,3.419073720200291,residual_crop
all_crops,09_01,210,2020,wheat_winter,0.211,2.0321279030611534,2.1218,3.4657804752870542,1.8589701999245665,residual_crop
all_crops,09_01,211,2020,wheat_winter,0.319,2.0344380540220737,2.4044,3.4657804752870542,1.8612803508854867,residual_crop
all_crops,09_01,213,2020,wheat_spring,0.5780000000000001,1.7383870645349346,1.5272,2.775179717236985,2.0819450443398053,residual_crop
all_crops,09_01,214,2020,wheat_spring,0.319,1.5988769993402592,1.5097,2.775179717236985,1.9424349791451299,residual_crop
all_crops,09_01,215,2020,wheat_spring,1.409,2.139303995337056,1.5953,2.775179717236985,2.4828619751419265,residual_crop
all_crops,09_01,216,2020,wheat_spring,1.246,1.6606034051379008,2.1373,2.775179717236985,2.0041613849427717,residual_crop
all_crops,09_01,217,2020,wheat_spring,0.337,1.6226309219984612,1.961,2.775179717236985,1.9661889018033318,residual_crop
all_crops,09_01,219,2020,wheat_spring,0.425,1.7460406629966618,1.1434,2.775179717236985,2.0895986428015325,residual_crop
all_crops,09_01,220,2020,wheat_spring,0.513,2.0530920994626745,1.7675,2.775179717236985,2.396650079267545,residual_crop
all_crops,09_01,221,2020,wheat_spring,0.38,1.8070216696351584,2.8632,2.775179717236985,2.1505796494400293,residual_crop
all_crops,09_01,222,2020,wheat_spring,0.21,1.6559006335814872,0.9872,2.775179717236985,1.9994586133863579,residual_crop
all_crops,09_01,223,2020,wheat_spring,0.21,1.7538756135291915,1.126,2.775179717236985,2.0974335933340624,residual_crop
all_crops,09_01,224,2020,wheat_spring,0.857,1.6153640506388358,1.7282,2.775179717236985,1.9589220304437065,residual_crop
all_crops,09_01,225,2020,wheat_spring,2.335,2.009613296489551,3.5470999999999995,2.775179717236985,2.3531712762944217,residual_crop
all_crops,09_01,226,2020,wheat_spring,0.502,1.640363597206426,1.5046,2.775179717236985,1.9839215770112968,residual_crop
all_crops,09_01,227,2020,wheat_winter,0.5650000000000001,1.935174445325095,2.2098,3.4657804752870542,1.762016742188508,residual_crop
all_crops,09_01,228,2020,wheat_winter,1.3,1.995901054575968,2.0305,3.4657804752870542,1.822743351439381,residual_crop
all_crops,09_01,229,2020,wheat_winter,3.285,1.9802371100333584,2.221,3.4657804752870542,1.8070794068967715,residual_crop
all_crops,09_01,230,2020,oil_seed_raps_winter,0.1679999999999999,1.0998017337121977,1.2317,1.7397895608539231,0.6495241205358622,residual_crop
all_crops,09_01,231,2020,oil_seed_raps_winter,0.362,0.965656401356798,1.6896999999999998,1.7397895608539231,0.5153787881804625,residual_crop
all_crops,09_01,232,2020,oil_seed_raps_winter,0.223,0.9286190074243744,1.8421,1.7397895608539231,0.4783413942480389,residual_crop
all_crops,09_01,195,2021,barley_spring,2.022276422764228,3.4902667559211933,3.518,2.9819317050782614,2.9341736031391292,residual_crop
all_crops,09_01,197,2021,barley_spring,2.5284548104956266,3.644866070696594,3.7068,2.9819317050782614,3.08877291791453,residual_crop
all_crops,09_01,207,2021,barley_spring,3.525020286718961,3.530494103598954,3.1641,2.9819317050782614,2.97440095081689,residual_crop
all_crops,09_01,208,2021,sunflower,2.1216153846153847,2.1998900195226607,2.5939,2.257415477956708,2.441260257046426,residual_crop
all_crops,09_01,209,2021,sunflower,2.268059008785016,2.050929484119222,2.3401,2.257415477956708,2.2922997216429875,residual_crop
all_crops,09_01,210,2021,sunflower,1.4783400809716598,2.2614816712192396,2.8418,2.257415477956708,2.502851908743005,residual_crop
all_crops,09_01,211,2021,sunflower,2.1389247311827955,2.288962664569502,2.9005,2.257415477956708,2.5303329020932672,residual_crop
all_crops,09_01,212,2021,sunflower,3.3983823529411765,2.3081032456801975,2.9642,2.257415477956708,2.549473483203963,residual_crop
all_crops,09_01,213,2021,wheat_spring,1.3155714285714286,2.678814557729252,3.1079999999999997,2.7862022677059213,1.7017478495171834,residual_crop
all_crops,09_01,214,2021,wheat_spring,1.5857777777777775,2.6973199550656575,3.1157,2.7862022677059213,1.7202532468535887,residual_crop
all_crops,09_01,215,2021,sunflower,2.9865822784810128,2.1110592241422035,2.6519,2.257415477956708,2.352429461665969,residual_crop
all_crops,09_01,216,2021,sunflower,2.925945945945946,1.9818304829815132,2.7872,2.257415477956708,2.2232007205052784,residual_crop
all_crops,09_01,217,2021,sunflower,2.768578431372549,2.3290812329343735,2.6262,2.257415477956708,2.570451470458139,residual_crop
all_crops,09_01,218,2021,sunflower,2.12974358974359,2.0746495947267234,2.6262,2.257415477956708,2.316019832250489,residual_crop
all_crops,09_01,219,2021,sunflower,2.818952380952381,2.3380287495481773,2.9821,2.257415477956708,2.5793989870719427,residual_crop
all_crops,09_01,220,2021,sunflower,2.0264,2.2330010182926596,3.0557,2.257415477956708,2.474371255816425,residual_crop
all_crops,09_01,221,2021,sunflower,1.7475,2.1030773576869786,2.4777,2.257415477956708,2.344447595210744,residual_crop
all_crops,09_01,222,2021,sunflower,2.9396774193548385,2.1888203442327465,2.7158,2.257415477956708,2.430190581756512,residual_crop
all_crops,09_01,223,2021,sunflower,2.8625714285714285,2.2727655152229356,2.6313,2.257415477956708,2.514135752746701,residual_crop
all_crops,09_01,224,2021,sunflower,2.0925,2.140735467451167,2.6733,2.257415477956708,2.3821057049749323,residual_crop
all_crops,09_01,225,2021,sunflower,1.85,1.8579568088695424,2.3085,2.257415477956708,2.0993270463933076,residual_crop
all_crops,09_01,226,2021,sunflower,2.4555,2.1661037328262704,2.9791,2.257415477956708,2.407473970350036,residual_crop
all_crops,09_01,227,2021,wheat_winter,2.8346242774566472,3.5548622621351584,3.5711,3.569358367455552,2.952693302581732,residual_crop
all_crops,09_01,228,2021,wheat_winter,2.4169491525423727,3.5725517536440057,3.7058,3.569358367455552,2.97038279409058,residual_crop
all_crops,09_01,229,2021,wheat_winter,2.9450000000000003,2.5255083560972413,2.4469000000000003,3.569358367455552,1.9233393965438152,residual_crop
all_crops,09_01,230,2021,wheat_winter,2.123766816143498,3.4143339355808036,3.134,3.569358367455552,2.8121649760273773,residual_crop
all_crops,09_01,231,2021,wheat_winter,3.5069787234042553,3.439808557152958,3.4015999999999997,3.569358367455552,2.837639597599532,residual_crop
all_crops,09_01,232,2021,wheat_winter,3.2479729729729727,3.7633101857286544,2.9818,3.569358367455552,3.1611412261752285,residual_crop
all_crops,09_01,233,2021,wheat_winter,3.6453846153846152,3.184262732672686,3.4055999999999997,3.569358367455552,2.5820937731192597,residual_crop
all_crops,09_01,234,2021,wheat_winter,5.389142857142858,3.3759071622339443,3.8293,3.569358367455552,2.7737382026805184,residual_crop
all_crops,09_01,195,2022,wheat_winter,2.1216260162601626,2.7816834845564875,2.4872,3.5270951632339247,2.4355536591423848,residual_crop
all_crops,09_01,197,2022,wheat_winter,1.5206997084548106,3.3048272773266096,3.2342,3.5270951632339247,2.958697451912507,residual_crop
all_crops,09_01,207,2022,wheat_winter,1.8862140474258409,2.811037298198109,2.9544,3.5270951632339247,2.4649074727840063,residual_crop
all_crops,09_01,208,2022,wheat_spring,2.356923076923077,3.0006835153541176,3.6425,2.6779088961876263,1.9929902253760743,residual_crop
all_crops,09_01,209,2022,wheat_spring,2.657417536880491,3.187309818005179,3.5056,2.6779088961876263,2.179616528027136,residual_crop
all_crops,09_01,210,2022,wheat_spring,3.0655870445344133,3.391344555789879,3.1305,2.6779088961876263,2.383651265811836,residual_crop
all_crops,09_01,212,2022,wheat_spring,3.1773529411764705,3.4041539459537256,3.4025,2.6779088961876263,2.396460655975682,residual_crop
all_crops,09_01,213,2022,sunflower,1.481428571428571,2.2453677434282073,2.1202,2.2824328364554223,2.4867233450986683,residual_crop
all_crops,09_01,214,2022,sunflower,1.002222222222222,2.2660499161496124,2.1227,2.2824328364554223,2.5074055178200734,residual_crop
all_crops,09_01,215,2022,wheat_spring,2.858987341772152,2.648184189585133,2.7344999999999997,2.6779088961876263,1.6404908996070897,residual_crop
all_crops,09_01,216,2022,wheat_spring,3.1270270270270273,3.262494479025442,3.9809,2.6779088961876263,2.2548011890473987,residual_crop
all_crops,09_01,217,2022,wheat_spring,3.063725490196078,2.967477758853395,3.6563,2.6779088961876263,1.9597844688753516,residual_crop
all_crops,09_01,218,2022,wheat_spring,2.1723076923076925,2.713717808041446,2.5543,2.6779088961876263,1.7060245180634028,residual_crop
all_crops,09_01,219,2022,wheat_spring,2.827547619047619,3.1965611862401375,3.4502,2.6779088961876263,2.188867896262094,residual_crop
all_crops,09_01,220,2022,wheat_spring,3.4832,3.5100455141326217,3.4874,2.6779088961876263,2.5023522241545786,residual_crop
all_crops,09_01,222,2022,wheat_spring,3.2700483870967743,3.4642224676476303,3.586,2.6779088961876263,2.4565291776695872,residual_crop
all_crops,09_01,223,2022,wheat_spring,3.2311428571428573,3.1495847754115074,2.9478999999999997,2.6779088961876263,2.1418914854334643,residual_crop
all_crops,09_01,224,2022,wheat_spring,3.079423076923077,2.9480654139594393,3.3052,2.6779088961876263,1.940372123981396,residual_crop
all_crops,09_01,226,2022,wheat_spring,1.6934999999999998,3.214774246379992,2.926,2.6779088961876263,2.207080956401949,residual_crop
all_crops,09_01,227,2022,wheat_winter,2.217514450867052,2.7510995904176827,3.2383,3.5270951632339247,2.40496976500358,residual_crop
all_crops,09_01,228,2022,wheat_spring,4.564745762711865,2.8558392688625536,3.2991,2.6779088961876263,1.8481459788845103,residual_crop
all_crops,09_01,229,2022,wheat_spring,2.841666666666667,2.3197018390314152,2.6656,2.6779088961876263,1.312008549053372,residual_crop
all_crops,09_01,230,2022,sunflower,3.257219730941704,2.1564345310662616,2.7875,2.2824328364554223,2.3977901327367226,residual_crop
all_crops,09_01,231,2022,wheat_winter,1.5712340425531914,2.509250348150431,2.288,3.5270951632339247,2.163120522736328,residual_crop
all_crops,09_01,232,2022,wheat_winter,1.847837837837838,2.1100375580045445,1.8508,3.5270951632339247,1.7639077325904418,residual_crop
all_crops,09_01,234,2022,wheat_spring,3.975428571428571,2.782999476260221,3.5317999999999996,2.6779088961876263,1.7753061862821775,residual_crop
all_crops,09_01,195,2023,wheat_winter,0.8904065040650406,2.071881740653539,1.8031,3.605240949754569,1.5882050742953293,residual_crop
all_crops,09_01,197,2023,wheat_winter,1.0820991253644316,1.979186800869712,2.1736999999999997,3.605240949754569,1.4955101345115025,residual_crop
all_crops,09_01,207,2023,wheat_winter,1.068974844468488,1.9377381086439849,2.1542000000000003,3.605240949754569,1.4540614422857754,residual_crop
all_crops,09_01,208,2023,wheat_spring,2.018076923076923,1.6828858174220256,1.4264,2.8347937514606945,1.1622412557653863,residual_crop
all_crops,09_01,209,2023,wheat_winter,1.4882148184982598,1.674708271048853,3.0968,3.605240949754569,1.1910316046906435,residual_crop
all_crops,09_01,210,2023,pea,1.7267206477732793,1.6537713414802269,1.6518000000000002,2.4053981346767683,1.3073819175220145,residual_crop
all_crops,09_01,212,2023,wheat_spring,2.9445588235294116,1.6926770431492104,2.073,2.8347937514606945,1.172032481492571,residual_crop
all_crops,09_01,215,2023,barley_spring,2.2745063291139243,1.848763429657788,2.4396,3.0043107101053974,0.9854716262451461,residual_crop
all_crops,09_01,216,2023,barley_spring,2.696783783783784,2.191741172497061,2.5551,3.0043107101053974,1.328449369084419,residual_crop
all_crops,09_01,217,2023,barley_spring,2.021480392156863,1.6247292083920888,1.8331,3.0043107101053974,0.7614374049794469,residual_crop
all_crops,09_01,218,2023,barley_spring,3.3693589743589745,2.1769310795255232,2.3995,3.0043107101053974,1.3136392761128812,residual_crop
all_crops,09_01,219,2023,sunflower,2.802523809523809,1.8170094774074803,2.4396,2.256223661763095,2.0137421474275907,residual_crop
all_crops,09_01,220,2023,barley_spring,3.3728800000000003,2.410890103505206,2.5408,3.0043107101053974,1.547598300092564,residual_crop
all_crops,09_01,222,2023,barley_spring,4.5005,2.024065596744845,2.0631,3.0043107101053974,1.1607737933322029,residual_crop
all_crops,09_01,223,2023,barley_spring,2.3584285714285715,1.8608807644904168,2.0345,3.0043107101053974,0.997588961077775,residual_crop
all_crops,09_01,224,2023,barley_spring,2.481451923076923,1.836799581518206,2.2415,3.0043107101053974,0.9735077781055642,residual_crop
all_crops,09_01,227,2023,sunflower,2.6015895953757227,2.0074795877071483,2.253,2.256223661763095,2.2042122577272587,residual_crop
all_crops,09_01,228,2023,wheat_winter,1.5016949152542372,1.957609755911756,2.2995,3.605240949754569,1.4739330895535465,residual_crop
all_crops,09_01,229,2023,wheat_winter,3.443333333333334,1.9965466405558383,2.076,3.605240949754569,1.5128699741976288,residual_crop
all_crops,09_01,230,2023,wheat_spring,0.9786995515695068,1.6756245877145086,2.0961,2.8347937514606945,1.1549800260578693,residual_crop
all_crops,09_01,231,2023,sunflower,2.2995063829787235,1.5755006403195115,2.2117,2.256223661763095,1.772233310339622,residual_crop
all_crops,09_01,232,2023,sunflower,2.6881993243243243,1.7693639344631202,2.3653,2.256223661763095,1.9660966044832309,residual_crop
all_crops,09_01,234,2023,wheat_winter,1.7062857142857142,2.3644984377402367,2.4153,3.605240949754569,1.8808217713820272,residual_crop
all_crops,09_01,195,2024,sunflower,2.7365853658536587,2.282366655830168,3.2249000000000003,2.2547869646006644,2.5385026134655195,residual_crop
all_crops,09_01,197,2024,sunflower,3.2877551020408164,2.27372450737521,3.2267,2.2547869646006644,2.5298604650105614,residual_crop
all_crops,09_01,207,2024,sunflower,3.107023712920386,2.455537248164474,2.8238,2.2547869646006644,2.7116732057998254,residual_crop
all_crops,09_01,208,2024,sunflower,2.360615384615385,2.1606580875219334,2.4902,2.2547869646006644,2.416794045157285,residual_crop
all_crops,09_01,210,2024,wheat_winter,5.519493927125506,4.641162791462097,5.754099999999999,3.5237797966522484,4.177643923874682,residual_crop
all_crops,09_01,212,2024,sunflower,1.900882352941176,2.232398898769699,2.5872,2.2547869646006644,2.4885348564050505,residual_crop
all_crops,09_01,215,2024,wheat_winter,4.476708860759494,3.839847108188898,4.2056,3.5237797966522484,3.3763282406014836,residual_crop
all_crops,09_01,216,2024,wheat_winter,5.342162162162162,3.9638725965154777,5.3586,3.5237797966522484,3.5003537289280633,residual_crop
all_crops,09_01,217,2024,sunflower,2.9758823529411766,2.369486904842298,3.2312,2.2547869646006644,2.6256228624776496,residual_crop
all_crops,09_01,218,2024,wheat_spring,4.027153846153846,3.184362458844786,3.4,2.7584835033320987,2.729990371103282,residual_crop
all_crops,09_01,219,2024,wheat_spring,3.6718380952380953,3.3054667496671675,3.2952,2.7584835033320987,2.8510946619256634,residual_crop
all_crops,09_01,220,2024,wheat_spring,3.12756,3.4653745738119337,3.8434,2.7584835033320987,3.0110024860704296,residual_crop
all_crops,09_01,222,2024,wheat_spring,3.6562580645161287,3.4911677147031845,3.9848,2.7584835033320987,3.0367956269616805,residual_crop
all_crops,09_01,223,2024,wheat_spring,3.350857142857143,3.3565456818457005,4.2385,2.7584835033320987,2.9021735941041964,residual_crop
all_crops,09_01,224,2024,wheat_winter,5.0582692307692305,4.215927373192827,4.9363,3.5237797966522484,3.7524085056054117,residual_crop
all_crops,09_01,226,2024,wheat_winter,4.9315,4.1291288228304746,4.5445,3.5237797966522484,3.6656099552430597,residual_crop
all_crops,09_01,227,2024,barley_spring,3.007739884393064,3.5821261886899083,3.5776000000000003,2.9569590723634662,3.992191063903543,residual_crop
all_crops,09_01,228,2024,sunflower,3.052881355932203,2.2746732066540463,3.0939,2.2547869646006644,2.5308091642893977,residual_crop
all_crops,09_01,229,2024,sunflower,3.2544166666666663,1.742423478352512,2.2845,2.2547869646006644,1.9985594359878636,residual_crop
all_crops,09_01,230,2024,sunflower,3.2521793721973093,2.247466115874052,3.0899,2.2547869646006644,2.5036020735094033,residual_crop
all_crops,09_01,231,2024,wheat_spring,3.806382978723404,3.5536653092976636,3.636,2.7584835033320987,3.0992932215561595,residual_crop
all_crops,09_01,232,2024,wheat_spring,3.330304054054054,3.422616281542804,3.8371,2.7584835033320987,2.9682441938013,residual_crop
all_crops,09_01,234,2024,sunflower,3.295057142857143,1.9162447257694817,2.6495,2.2547869646006644,2.172380683404833,residual_crop
all_crops,09_01,195,2025,wheat_spring,2.7195121951219514,3.097203909616747,2.8708,2.7859952931393197,2.742190004284788,residual_crop
all_crops,09_01,197,2025,wheat_spring,3.779416909620991,3.130119830864165,3.1238,2.7859952931393197,2.775105925532206,residual_crop
all_crops,09_01,208,2025,wheat_spring,3.8430769230769233,3.2978889421786555,3.0721,2.7859952931393197,2.9428750368466963,residual_crop
all_crops,09_01,209,2025,sunflower,2.332040444223438,2.243864511813616,3.0953,2.253882200699135,2.5922933989285464,residual_crop
all_crops,09_01,210,2025,sunflower,3.192550607287449,2.2802384978736336,2.6427,2.253882200699135,2.6286673849885642,residual_crop
all_crops,09_01,212,2025,wheat_spring,1.7024264705882353,2.6035416620217244,2.8967,2.7859952931393197,2.2485277566897652,residual_crop
all_crops,09_01,213,2025,barley_spring,1.53,2.9379546693232994,3.0796,2.9620422462150753,3.265981946244394,residual_crop
all_crops,09_01,214,2025,barley_spring,1.53,2.955633952560145,3.0119,2.9620422462150753,3.2836612294812397,residual_crop
all_crops,09_01,215,2025,sunflower,3.0739240506329115,2.1117030893813133,2.6681,2.253882200699135,2.460131976496244,residual_crop
all_crops,09_01,216,2025,sunflower,2.986756756756757,2.2406486562033936,2.9402,2.253882200699135,2.589077543318324,residual_crop
all_crops,09_01,217,2025,wheat_spring,2.5629901960784314,2.72437059464628,2.7186,2.7859952931393197,2.369356689314321,residual_crop
all_crops,09_01,218,2025,wheat_spring,4.112820512820513,3.173729831266157,2.6460999999999997,2.7859952931393197,2.818715925934198,residual_crop
all_crops,09_01,219,2025,barley_spring,3.528095238095238,3.467650538001181,3.8607,2.9620422462150753,3.7956778149222754,residual_crop
all_crops,09_01,220,2025,wheat_spring,3.3072000000000004,3.149641927270244,3.6214,2.7859952931393197,2.794628021938285,residual_crop
all_crops,09_01,222,2025,sunflower,2.972258064516129,2.0711369383969394,2.5682,2.253882200699135,2.41956582551187,residual_crop
all_crops,09_01,223,2025,sunflower,3.305142857142857,2.1020379100195914,2.6925999999999997,2.253882200699135,2.450466797134522,residual_crop
all_crops,09_01,224,2025,sunflower,3.0742307692307693,2.0757066641340227,3.1024000000000003,2.253882200699135,2.4241355512489533,residual_crop
all_crops,09_01,226,2025,sunflower,3.0420000000000003,2.091787731350962,3.3878999999999997,2.253882200699135,2.4402166184658927,residual_crop
all_crops,09_01,227,2025,pea,1.5521965317919073,2.8543113797244137,2.822,2.337815103722531,2.9272606860174664,residual_crop
all_crops,09_01,228,2025,wheat_spring,3.004576271186441,3.133048220918475,3.5229999999999997,2.7859952931393197,2.778034315586516,residual_crop
all_crops,09_01,229,2025,wheat_spring,3.5050000000000003,2.6662101105820497,3.1488,2.7859952931393197,2.3111962052500905,residual_crop
all_crops,09_01,230,2025,wheat_spring,3.6687443946188343,3.336382602426425,2.9788,2.7859952931393197,2.981368697094466,residual_crop
all_crops,09_01,231,2025,pea,1.3324255319148937,2.742571858743768,2.49,2.337815103722531,2.81552116503682,residual_crop
all_crops,09_01,232,2025,pea,1.8102027027027028,2.8019840928918898,2.47,2.337815103722531,2.8749333991849424,residual_crop
all_crops,09_01,234,2025,,4.494857142857143,2.8888595436175697,4.459300000000001,2.498899368049851,2.7801615276849767,residual_crop
all_crops,09_01,207,2018,sunflower,3.496,2.3176491107069928,2.2908,2.215669563352981,2.3176491107069928,linear_global
all_crops,09_01,209,2018,sunflower,1.7399999999999998,2.208236283903511,2.0557,2.215669563352981,2.208236283903511,linear_global
all_crops,09_01,210,2018,oil_seed_raps_winter,0.978,1.4282776131763355,1.7359000000000002,1.697975335103533,1.4282776131763355,linear_global
all_crops,09_01,227,2018,sunflower,2.613,2.049084723866859,2.4276,2.215669563352981,2.049084723866859,linear_global
all_crops,09_01,228,2018,maize,3.312,5.903337712695922,5.561999999999999,6.214194800255046,5.903337712695922,linear_global
all_crops,09_01,229,2018,maize,3.312,5.437510732907713,3.9653,6.214194800255046,5.437510732907713,linear_global
all_crops,09_01,231,2018,soya,0.93,1.1309657355989884,1.302,1.4998837388223478,1.1309657355989884,linear_global
all_crops,09_01,232,2018,soya,0.9,1.06409766481432,1.1918,1.4998837388223478,1.06409766481432,linear_global
all_crops,09_01,207,2019,wheat_spring,3.5799999999999996,3.236442020195129,2.7728,2.7949344889498353,3.236442020195129,linear_global
all_crops,09_01,208,2019,sunflower,2.133,2.1691381473423337,2.5304,2.2303410172138705,2.1691381473423337,linear_global
all_crops,09_01,210,2019,sunflower,1.965,2.602613184225734,2.5763000000000003,2.2303410172138705,2.602613184225734,linear_global
all_crops,09_01,211,2019,sunflower,1.868,2.249438302024031,2.5446999999999997,2.2303410172138705,2.249438302024031,linear_global
all_crops,09_01,215,2019,sunflower,1.672,2.3344354853023264,2.476,2.2303410172138705,2.3344354853023264,linear_global
all_crops,09_01,216,2019,sunflower,1.95,2.3550635721348847,2.4692,2.2303410172138705,2.3550635721348847,linear_global
all_crops,09_01,217,2019,sunflower,1.962,2.2109783375981085,2.4656,2.2303410172138705,2.2109783375981085,linear_global
all_crops,09_01,219,2019,sunflower,2.273,2.2573191606295437,2.4422,2.2303410172138705,2.2573191606295437,linear_global
all_crops,09_01,220,2019,sunflower,2.7649999999999997,2.209092671407053,2.8589,2.2303410172138705,2.209092671407053,linear_global
all_crops,09_01,221,2019,sunflower,1.982,2.33796058917412,3.0438,2.2303410172138705,2.33796058917412,linear_global
all_crops,09_01,222,2019,sunflower,2.648,2.155457162284926,2.4673,2.2303410172138705,2.155457162284926,linear_global
all_crops,09_01,223,2019,sunflower,2.651,2.3481805802643905,2.4036,2.2303410172138705,2.3481805802643905,linear_global
all_crops,09_01,224,2019,sunflower,3.961,2.2605793432033887,2.5131,2.2303410172138705,2.2605793432033887,linear_global
all_crops,09_01,225,2019,sunflower,3.961,2.2811677479727033,2.1581,2.2303410172138705,2.2811677479727033,linear_global
all_crops,09_01,226,2019,sunflower,2.9829999999999997,2.173311560055084,2.1576,2.2303410172138705,2.173311560055084,linear_global
all_crops,09_01,227,2019,oil_seed_raps_spring,1.161,1.364958783986446,1.9179,1.6452083064410872,1.364958783986446,linear_global
all_crops,09_01,228,2019,soya,1.468,1.793916113701514,2.1823,1.5657027830454833,1.793916113701514,linear_global
all_crops,09_01,229,2019,soya,1.468,1.4114121454411408,1.5674,1.5657027830454833,1.4114121454411408,linear_global
all_crops,09_01,230,2019,wheat_winter,4.503,4.000307775895154,3.9929,3.518703379214148,4.000307775895154,linear_global
all_crops,09_01,231,2019,wheat_winter,4.303,4.432399158245728,4.2558,3.518703379214148,4.432399158245728,linear_global
all_crops,09_01,232,2019,wheat_winter,3.404,4.296766175268879,4.1161,3.518703379214148,4.296766175268879,linear_global
all_crops,09_01,207,2020,oil_seed_raps_spring,0.438,1.0948272479270944,1.0497,1.6826990137403557,1.6417954033940885,linear_global
all_crops,09_01,208,2020,wheat_spring,0.505,1.7844845930973043,1.3906,2.775179717236985,2.0387500893262946,linear_global
all_crops,09_01,209,2020,maize,0.5780000000000001,5.777497943002109,2.8203,6.027426688447606,4.3370586208527335,linear_global
all_crops,09_01,210,2020,wheat_winter,0.211,2.0321279030611534,2.1218,3.4657804752870542,2.1812892401355275,linear_global
all_crops,09_01,211,2020,wheat_winter,0.319,2.0344380540220737,2.4044,3.4657804752870542,2.182618922557632,linear_global
all_crops,09_01,213,2020,wheat_spring,0.5780000000000001,1.7383870645349346,1.5272,2.775179717236985,2.012217159457752,linear_global
all_crops,09_01,214,2020,wheat_spring,0.319,1.5988769993402592,1.5097,2.775179717236985,1.931917609976312,linear_global
all_crops,09_01,215,2020,wheat_spring,1.409,2.139303995337056,1.5953,2.775179717236985,2.2429779212563266,linear_global
all_crops,09_01,216,2020,wheat_spring,1.246,1.6606034051379008,2.1373,2.775179717236985,1.9674462477827857,linear_global
all_crops,09_01,217,2020,wheat_spring,0.337,1.6226309219984612,1.961,2.775179717236985,1.9455899517188873,linear_global
all_crops,09_01,219,2020,wheat_spring,0.425,1.7460406629966618,1.1434,2.775179717236985,2.016622436650698,linear_global
all_crops,09_01,220,2020,wheat_spring,0.513,2.0530920994626745,1.7675,2.775179717236985,2.1933558643173274,linear_global
all_crops,09_01,221,2020,wheat_spring,0.38,1.8070216696351584,2.8632,2.775179717236985,2.051722035759644,linear_global
all_crops,09_01,222,2020,wheat_spring,0.21,1.6559006335814872,0.9872,2.775179717236985,1.964739414861683,linear_global
all_crops,09_01,223,2020,wheat_spring,0.21,1.7538756135291915,1.126,2.775179717236985,2.0211320969185333,linear_global
all_crops,09_01,224,2020,wheat_spring,0.857,1.6153640506388358,1.7282,2.775179717236985,1.9414072678709282,linear_global
all_crops,09_01,225,2020,wheat_spring,2.335,2.009613296489551,3.5470999999999995,2.775179717236985,2.168330227021106,linear_global
all_crops,09_01,226,2020,wheat_spring,0.502,1.640363597206426,1.5046,2.775179717236985,1.95579656891395,linear_global
all_crops,09_01,227,2020,wheat_winter,0.5650000000000001,1.935174445325095,2.2098,3.4657804752870542,2.1254845283678887,linear_global
all_crops,09_01,228,2020,wheat_winter,1.3,1.995901054575968,2.0305,3.4657804752870542,2.1604377007972473,linear_global
all_crops,09_01,229,2020,wheat_winter,3.285,1.9802371100333584,2.221,3.4657804752870542,2.1514218087315484,linear_global
all_crops,09_01,230,2020,oil_seed_raps_winter,0.1679999999999999,1.0998017337121977,1.2317,1.7397895608539231,1.6446586302651263,linear_global
all_crops,09_01,231,2020,oil_seed_raps_winter,0.362,0.965656401356798,1.6896999999999998,1.7397895608539231,1.5674469270224574,linear_global
all_crops,09_01,232,2020,oil_seed_raps_winter,0.223,0.9286190074243744,1.8421,1.7397895608539231,1.5461288519245056,linear_global
all_crops,09_01,195,2021,barley_spring,2.022276422764228,3.4902667559211933,3.518,2.9819317050782614,2.4696638238624855,linear_global
all_crops,09_01,197,2021,barley_spring,2.5284548104956266,3.644866070696594,3.7068,2.9819317050782614,2.5668511281694206,linear_global
all_crops,09_01,207,2021,barley_spring,3.525020286718961,3.530494103598954,3.1641,2.9819317050782614,2.494952341382109,linear_global
all_crops,09_01,208,2021,sunflower,2.1216153846153847,2.1998900195226607,2.5939,2.257415477956708,1.6584814668569252,linear_global
all_crops,09_01,209,2021,sunflower,2.268059008785016,2.050929484119222,2.3401,2.257415477956708,1.564838924488545,linear_global
all_crops,09_01,210,2021,sunflower,1.4783400809716598,2.2614816712192396,2.8418,2.257415477956708,1.6972004392204083,linear_global
all_crops,09_01,211,2021,sunflower,2.1389247311827955,2.288962664569502,2.9005,2.257415477956708,1.7144760892921367,linear_global
all_crops,09_01,212,2021,sunflower,3.3983823529411765,2.3081032456801975,2.9642,2.257415477956708,1.726508623095532,linear_global
all_crops,09_01,213,2021,wheat_spring,1.3155714285714286,2.678814557729252,3.1079999999999997,2.7862022677059213,1.9595525608806135,linear_global
all_crops,09_01,214,2021,wheat_spring,1.5857777777777775,2.6973199550656575,3.1157,2.7862022677059213,1.9711857927928427,linear_global
all_crops,09_01,215,2021,sunflower,2.9865822784810128,2.1110592241422035,2.6519,2.257415477956708,1.602638880782014,linear_global
all_crops,09_01,216,2021,sunflower,2.925945945945946,1.9818304829815132,2.7872,2.257415477956708,1.5214005324061999,linear_global
all_crops,09_01,217,2021,sunflower,2.768578431372549,2.3290812329343735,2.6262,2.257415477956708,1.7396962237907907,linear_global
all_crops,09_01,218,2021,sunflower,2.12974358974359,2.0746495947267234,2.6262,2.257415477956708,1.5797503334501857,linear_global
all_crops,09_01,219,2021,sunflower,2.818952380952381,2.3380287495481773,2.9821,2.257415477956708,1.745320990117863,linear_global
all_crops,09_01,220,2021,sunflower,2.0264,2.2330010182926596,3.0557,2.257415477956708,1.6792963632103888,linear_global
all_crops,09_01,221,2021,sunflower,1.7475,2.1030773576869786,2.4777,2.257415477956708,1.5976211607148312,linear_global
all_crops,09_01,222,2021,sunflower,2.9396774193548385,2.1888203442327465,2.7158,2.257415477956708,1.6515226268223313,linear_global
all_crops,09_01,223,2021,sunflower,2.8625714285714285,2.2727655152229356,2.6313,2.257415477956708,1.7042939142628584,linear_global
all_crops,09_01,224,2021,sunflower,2.0925,2.140735467451167,2.6733,2.257415477956708,1.6212945526609286,linear_global
all_crops,09_01,225,2021,sunflower,1.85,1.8579568088695424,2.3085,2.257415477956708,1.4435285930704518,linear_global
all_crops,09_01,226,2021,sunflower,2.4555,2.1661037328262704,2.9791,2.257415477956708,1.6372420575404363,linear_global
all_crops,09_01,227,2021,wheat_winter,2.8346242774566472,3.5548622621351584,3.5711,3.569358367455552,2.5102711391562016,linear_global
all_crops,09_01,228,2021,wheat_winter,2.4169491525423727,3.5725517536440057,3.7058,3.569358367455552,2.521391460076142,linear_global
all_crops,09_01,229,2021,wheat_winter,2.9450000000000003,2.5255083560972413,2.4469000000000003,3.569358367455552,1.8631781591454166,linear_global
all_crops,09_01,230,2021,wheat_winter,2.123766816143498,3.4143339355808036,3.134,3.569358367455552,2.421929420071457,linear_global
all_crops,09_01,231,2021,wheat_winter,3.5069787234042553,3.439808557152958,3.4015999999999997,3.569358367455552,2.4379437847045335,linear_global
all_crops,09_01,232,2021,wheat_winter,3.2479729729729727,3.7633101857286544,2.9818,3.569358367455552,2.6413098297989195,linear_global
all_crops,09_01,233,2021,wheat_winter,3.6453846153846152,3.184262732672686,3.4055999999999997,3.569358367455552,2.27729747236989,linear_global
all_crops,09_01,234,2021,wheat_winter,5.389142857142858,3.3759071622339443,3.8293,3.569358367455552,2.3977728154951667,linear_global
all_crops,09_01,195,2022,wheat_winter,2.1216260162601626,2.7816834845564875,2.4872,3.5270951632339247,2.2799111591209504,linear_global
all_crops,09_01,197,2022,wheat_winter,1.5206997084548106,3.3048272773266096,3.2342,3.5270951632339247,2.6337111685625474,linear_global
all_crops,09_01,207,2022,wheat_winter,1.8862140474258409,2.811037298198109,2.9544,3.5270951632339247,2.299763023344667,linear_global
all_crops,09_01,208,2022,wheat_spring,2.356923076923077,3.0006835153541176,3.6425,2.6779088961876263,2.428019985097136,linear_global
all_crops,09_01,209,2022,wheat_spring,2.657417536880491,3.187309818005179,3.5056,2.6779088961876263,2.5542345910095294,linear_global
all_crops,09_01,210,2022,wheat_spring,3.0655870445344133,3.391344555789879,3.1305,2.6779088961876263,2.692222450470496,linear_global
all_crops,09_01,212,2022,wheat_spring,3.1773529411764705,3.4041539459537256,3.4025,2.6779088961876263,2.700885388698077,linear_global
all_crops,09_01,213,2022,sunflower,1.481428571428571,2.2453677434282073,2.1202,2.2824328364554223,1.9172030148264023,linear_global
all_crops,09_01,214,2022,sunflower,1.002222222222222,2.2660499161496124,2.1227,2.2824328364554223,1.9311902837288188,linear_global
all_crops,09_01,215,2022,wheat_spring,2.858987341772152,2.648184189585133,2.7344999999999997,2.6779088961876263,2.189626131420992,linear_global
all_crops,09_01,216,2022,wheat_spring,3.1270270270270273,3.262494479025442,3.9809,2.6779088961876263,2.6050816700467854,linear_global
all_crops,09_01,217,2022,wheat_spring,3.063725490196078,2.967477758853395,3.6563,2.6779088961876263,2.4055630676571664,linear_global
all_crops,09_01,218,2022,wheat_spring,2.1723076923076925,2.713717808041446,2.5543,2.6779088961876263,2.2339462498072074,linear_global
all_crops,09_01,219,2022,wheat_spring,2.827547619047619,3.1965611862401375,3.4502,2.6779088961876263,2.5604912535449755,linear_global
all_crops,09_01,220,2022,wheat_spring,3.4832,3.5100455141326217,3.4874,2.6779088961876263,2.7724994235757525,linear_global
all_crops,09_01,222,2022,wheat_spring,3.2700483870967743,3.4642224676476303,3.586,2.6779088961876263,2.7415094844747134,linear_global
all_crops,09_01,223,2022,wheat_spring,3.2311428571428573,3.1495847754115074,2.9478999999999997,2.6779088961876263,2.528721298851076,linear_global
all_crops,09_01,224,2022,wheat_spring,3.079423076923077,2.9480654139594393,3.3052,2.6779088961876263,2.3924345781258323,linear_global
all_crops,09_01,226,2022,wheat_spring,1.6934999999999998,3.214774246379992,2.926,2.6779088961876263,2.572808671697488,linear_global
all_crops,09_01,227,2022,wheat_winter,2.217514450867052,2.7510995904176827,3.2383,3.5270951632339247,2.2592273964831997,linear_global
all_crops,09_01,228,2022,wheat_spring,4.564745762711865,2.8558392688625536,3.2991,2.6779088961876263,2.3300624130404706,linear_global
all_crops,09_01,229,2022,wheat_spring,2.841666666666667,2.3197018390314152,2.6656,2.6779088961876263,1.9674748599475846,linear_global
all_crops,09_01,230,2022,sunflower,3.257219730941704,2.1564345310662616,2.7875,2.2824328364554223,1.857057846694485,linear_global
all_crops,09_01,231,2022,wheat_winter,1.5712340425531914,2.509250348150431,2.288,3.5270951632339247,2.0956657421538782,linear_global
all_crops,09_01,232,2022,wheat_winter,1.847837837837838,2.1100375580045445,1.8508,3.5270951632339247,1.8256797633947177,linear_global
all_crops,09_01,234,2022,wheat_spring,3.975428571428571,2.782999476260221,3.5317999999999996,2.6779088961876263,2.2808011589329342,linear_global
all_crops,09_01,195,2023,wheat_winter,0.8904065040650406,2.071881740653539,1.8031,3.605240949754569,1.8519057291087133,linear_global
all_crops,09_01,197,2023,wheat_winter,1.0820991253644316,1.979186800869712,2.1736999999999997,3.605240949754569,1.7860513376152094,linear_global
all_crops,09_01,207,2023,wheat_winter,1.068974844468488,1.9377381086439849,2.1542000000000003,3.605240949754569,1.7566044399626255,linear_global
all_crops,09_01,208,2023,wheat_spring,2.018076923076923,1.6828858174220256,1.4264,2.8347937514606945,1.575546632510706,linear_global
all_crops,09_01,209,2023,wheat_winter,1.4882148184982598,1.674708271048853,3.0968,3.605240949754569,1.569736958956021,linear_global
all_crops,09_01,210,2023,pea,1.7267206477732793,1.6537713414802269,1.6518000000000002,2.4053981346767683,1.554862481884245,linear_global
all_crops,09_01,212,2023,wheat_spring,2.9445588235294116,1.6926770431492104,2.073,2.8347937514606945,1.5825027318807796,linear_global
all_crops,09_01,215,2023,barley_spring,2.2745063291139243,1.848763429657788,2.4396,3.0043107101053974,1.6933930785158147,linear_global
all_crops,09_01,216,2023,barley_spring,2.696783783783784,2.191741172497061,2.5551,3.0043107101053974,1.9370589205042752,linear_global
all_crops,09_01,217,2023,barley_spring,2.021480392156863,1.6247292083920888,1.8331,3.0043107101053974,1.534229726669635,linear_global
all_crops,09_01,218,2023,barley_spring,3.3693589743589745,2.1769310795255232,2.3995,3.0043107101053974,1.9265372063429913,linear_global
all_crops,09_01,219,2023,sunflower,2.802523809523809,1.8170094774074803,2.4396,2.256223661763095,1.6708337326892297,linear_global
all_crops,09_01,220,2023,barley_spring,3.3728800000000003,2.410890103505206,2.5408,3.0043107101053974,2.0927515562797536,linear_global
all_crops,09_01,222,2023,barley_spring,4.5005,2.024065596744845,2.0631,3.0043107101053974,1.8179351254488332,linear_global
all_crops,09_01,223,2023,barley_spring,2.3584285714285715,1.8608807644904168,2.0345,3.0043107101053974,1.7020017438193011,linear_global
all_crops,09_01,224,2023,barley_spring,2.481451923076923,1.836799581518206,2.2415,3.0043107101053974,1.6848934566271738,linear_global
all_crops,09_01,227,2023,sunflower,2.6015895953757227,2.0074795877071483,2.253,2.256223661763095,1.8061517256750101,linear_global
all_crops,09_01,228,2023,wheat_winter,1.5016949152542372,1.957609755911756,2.2995,3.605240949754569,1.7707220955956564,linear_global
all_crops,09_01,229,2023,wheat_winter,3.443333333333334,1.9965466405558383,2.076,3.605240949754569,1.798384499291788,linear_global
all_crops,09_01,230,2023,wheat_spring,0.9786995515695068,1.6756245877145086,2.0961,2.8347937514606945,1.5703879489299382,linear_global
all_crops,09_01,231,2023,sunflower,2.2995063829787235,1.5755006403195115,2.2117,2.256223661763095,1.4992556773625578,linear_global
all_crops,09_01,232,2023,sunflower,2.6881993243243243,1.7693639344631202,2.3653,2.256223661763095,1.6369843311437324,linear_global
all_crops,09_01,234,2023,wheat_winter,1.7062857142857142,2.3644984377402367,2.4153,3.605240949754569,2.059792961922318,linear_global
all_crops,09_01,195,2024,sunflower,2.7365853658536587,2.282366655830168,3.2249000000000003,2.2547869646006644,2.10286723030713,linear_global
all_crops,09_01,197,2024,sunflower,3.2877551020408164,2.27372450737521,3.2267,2.2547869646006644,2.097241364174955,linear_global
all_crops,09_01,207,2024,sunflower,3.107023712920386,2.455537248164474,2.8238,2.2547869646006644,2.2155978291367933,linear_global
all_crops,09_01,208,2024,sunflower,2.360615384615385,2.1606580875219334,2.4902,2.2547869646006644,2.023637381848789,linear_global
all_crops,09_01,210,2024,wheat_winter,5.519493927125506,4.641162791462097,5.754099999999999,3.5237797966522484,3.6383964290151085,linear_global
all_crops,09_01,212,2024,sunflower,1.900882352941176,2.232398898769699,2.5872,2.2547869646006644,2.0703392179023017,linear_global
all_crops,09_01,215,2024,wheat_winter,4.476708860759494,3.839847108188898,4.2056,3.5237797966522484,3.116755914830108,linear_global
all_crops,09_01,216,2024,wheat_winter,5.342162162162162,3.9638725965154777,5.3586,3.5237797966522484,3.197494031970722,linear_global
all_crops,09_01,217,2024,sunflower,2.9758823529411766,2.369486904842298,3.2312,2.2547869646006644,2.159580773345472,linear_global
all_crops,09_01,218,2024,wheat_spring,4.027153846153846,3.184362458844786,3.4,2.7584835033320987,2.690048492697124,linear_global
all_crops,09_01,219,2024,wheat_spring,3.6718380952380953,3.3054667496671675,3.2952,2.7584835033320987,2.768884968574583,linear_global
all_crops,09_01,220,2024,wheat_spring,3.12756,3.4653745738119337,3.8434,2.7584835033320987,2.8729817700602984,linear_global
all_crops,09_01,222,2024,wheat_spring,3.6562580645161287,3.4911677147031845,3.9848,2.7584835033320987,2.889772589905479,linear_global
all_crops,09_01,223,2024,wheat_spring,3.350857142857143,3.3565456818457005,4.2385,2.7584835033320987,2.8021363338003233,linear_global
all_crops,09_01,224,2024,wheat_winter,5.0582692307692305,4.215927373192827,4.9363,3.5237797966522484,3.36157666014503,linear_global
all_crops,09_01,226,2024,wheat_winter,4.9315,4.1291288228304746,4.5445,3.5237797966522484,3.305072536506041,linear_global
all_crops,09_01,227,2024,barley_spring,3.007739884393064,3.5821261886899083,3.5776000000000003,2.9569590723634662,2.9489847407847734,linear_global
all_crops,09_01,228,2024,sunflower,3.052881355932203,2.2746732066540463,3.0939,2.2547869646006644,2.0978589484678243,linear_global
all_crops,09_01,229,2024,sunflower,3.2544166666666663,1.742423478352512,2.2845,2.2547869646006644,1.7513749999546386,linear_global
all_crops,09_01,230,2024,sunflower,3.2521793721973093,2.247466115874052,3.0899,2.2547869646006644,2.0801476754699193,linear_global
all_crops,09_01,231,2024,wheat_spring,3.806382978723404,3.5536653092976636,3.636,2.7584835033320987,2.93045727642805,linear_global
all_crops,09_01,232,2024,wheat_spring,3.330304054054054,3.422616281542804,3.8371,2.7584835033320987,2.845146975321435,linear_global
all_crops,09_01,234,2024,sunflower,3.295057142857143,1.9162447257694817,2.6495,2.2547869646006644,1.8645291622549323,linear_global
all_crops,09_01,195,2025,wheat_spring,2.7195121951219514,3.097203909616747,2.8708,2.7859952931393197,2.858894345710819,linear_global
all_crops,09_01,197,2025,wheat_spring,3.779416909620991,3.130119830864165,3.1238,2.7859952931393197,2.884677353480787,linear_global
all_crops,09_01,208,2025,wheat_spring,3.8430769230769233,3.2978889421786555,3.0721,2.7859952931393197,3.0160907284268546,linear_global
all_crops,09_01,209,2025,sunflower,2.332040444223438,2.243864511813616,3.0953,2.253882200699135,2.190474459826446,linear_global
all_crops,09_01,210,2025,sunflower,3.192550607287449,2.2802384978736336,2.6427,2.253882200699135,2.2189661662611764,linear_global
all_crops,09_01,212,2025,wheat_spring,1.7024264705882353,2.6035416620217244,2.8967,2.7859952931393197,2.4722092072390867,linear_global
all_crops,09_01,213,2025,barley_spring,1.53,2.9379546693232994,3.0796,2.9620422462150753,2.7341545771050844,linear_global
all_crops,09_01,214,2025,barley_spring,1.53,2.955633952560145,3.0119,2.9620422462150753,2.7480027417557644,linear_global
all_crops,09_01,215,2025,sunflower,3.0739240506329115,2.1117030893813133,2.6681,2.253882200699135,2.086952551511958,linear_global
all_crops,09_01,216,2025,sunflower,2.986756756756757,2.2406486562033936,2.9402,2.253882200699135,2.1879554833845525,linear_global
all_crops,09_01,217,2025,wheat_spring,2.5629901960784314,2.72437059464628,2.7186,2.7859952931393197,2.56685438776674,linear_global
all_crops,09_01,218,2025,wheat_spring,4.112820512820513,3.173729831266157,2.6460999999999997,2.7859952931393197,2.9188370226196563,linear_global
all_crops,09_01,219,2025,barley_spring,3.528095238095238,3.467650538001181,3.8607,2.9620422462150753,3.149064814469721,linear_global
all_crops,09_01,220,2025,wheat_spring,3.3072000000000004,3.149641927270244,3.6214,2.7859952931393197,2.8999689918201965,linear_global
all_crops,09_01,222,2025,sunflower,2.972258064516129,2.0711369383969394,2.5682,2.253882200699135,2.0551771265385534,linear_global
all_crops,09_01,223,2025,sunflower,3.305142857142857,2.1020379100195914,2.6925999999999997,2.253882200699135,2.079381826308544,linear_global
all_crops,09_01,224,2025,sunflower,3.0742307692307693,2.0757066641340227,3.1024000000000003,2.253882200699135,2.058756588079375,linear_global
all_crops,09_01,226,2025,sunflower,3.0420000000000003,2.091787731350962,3.3878999999999997,2.253882200699135,2.0713528717406215,linear_global
all_crops,09_01,227,2025,pea,1.5521965317919073,2.8543113797244137,2.822,2.337815103722531,2.668636873091166,linear_global
all_crops,09_01,228,2025,wheat_spring,3.004576271186441,3.133048220918475,3.5229999999999997,2.7859952931393197,2.886971158443931,linear_global
all_crops,09_01,229,2025,wheat_spring,3.5050000000000003,2.6662101105820497,3.1488,2.7859952931393197,2.5212973395145726,linear_global
all_crops,09_01,230,2025,wheat_spring,3.6687443946188343,3.336382602426425,2.9788,2.7859952931393197,3.046242773505666,linear_global
all_crops,09_01,231,2025,pea,1.3324255319148937,2.742571858743768,2.49,2.337815103722531,2.5811114194968052,linear_global
all_crops,09_01,232,2025,pea,1.8102027027027028,2.8019840928918898,2.47,2.337815103722531,2.6276489623216883,linear_global
all_crops,09_01,234,2025,,4.494857142857143,2.8888595436175697,4.459300000000001,2.498899368049851,2.6956984148721133,linear_global
all_crops,09_01,207,2018,sunflower,3.496,2.3176491107069928,2.2908,2.215669563352981,2.3176491107069928,linear_crop
all_crops,09_01,209,2018,sunflower,1.7399999999999998,2.208236283903511,2.0557,2.215669563352981,2.208236283903511,linear_crop
all_crops,09_01,210,2018,oil_seed_raps_winter,0.978,1.4282776131763355,1.7359000000000002,1.697975335103533,1.4282776131763355,linear_crop
all_crops,09_01,227,2018,sunflower,2.613,2.049084723866859,2.4276,2.215669563352981,2.049084723866859,linear_crop
all_crops,09_01,228,2018,maize,3.312,5.903337712695922,5.561999999999999,6.214194800255046,5.903337712695922,linear_crop
all_crops,09_01,229,2018,maize,3.312,5.437510732907713,3.9653,6.214194800255046,5.437510732907713,linear_crop
all_crops,09_01,231,2018,soya,0.93,1.1309657355989884,1.302,1.4998837388223478,1.1309657355989884,linear_crop
all_crops,09_01,232,2018,soya,0.9,1.06409766481432,1.1918,1.4998837388223478,1.06409766481432,linear_crop
all_crops,09_01,207,2019,wheat_spring,3.5799999999999996,3.236442020195129,2.7728,2.7949344889498353,3.236442020195129,linear_crop
all_crops,09_01,208,2019,sunflower,2.133,2.1691381473423337,2.5304,2.2303410172138705,2.1691381473423337,linear_crop
all_crops,09_01,210,2019,sunflower,1.965,2.602613184225734,2.5763000000000003,2.2303410172138705,2.602613184225734,linear_crop
all_crops,09_01,211,2019,sunflower,1.868,2.249438302024031,2.5446999999999997,2.2303410172138705,2.249438302024031,linear_crop
all_crops,09_01,215,2019,sunflower,1.672,2.3344354853023264,2.476,2.2303410172138705,2.3344354853023264,linear_crop
all_crops,09_01,216,2019,sunflower,1.95,2.3550635721348847,2.4692,2.2303410172138705,2.3550635721348847,linear_crop
all_crops,09_01,217,2019,sunflower,1.962,2.2109783375981085,2.4656,2.2303410172138705,2.2109783375981085,linear_crop
all_crops,09_01,219,2019,sunflower,2.273,2.2573191606295437,2.4422,2.2303410172138705,2.2573191606295437,linear_crop
all_crops,09_01,220,2019,sunflower,2.7649999999999997,2.209092671407053,2.8589,2.2303410172138705,2.209092671407053,linear_crop
all_crops,09_01,221,2019,sunflower,1.982,2.33796058917412,3.0438,2.2303410172138705,2.33796058917412,linear_crop
all_crops,09_01,222,2019,sunflower,2.648,2.155457162284926,2.4673,2.2303410172138705,2.155457162284926,linear_crop
all_crops,09_01,223,2019,sunflower,2.651,2.3481805802643905,2.4036,2.2303410172138705,2.3481805802643905,linear_crop
all_crops,09_01,224,2019,sunflower,3.961,2.2605793432033887,2.5131,2.2303410172138705,2.2605793432033887,linear_crop
all_crops,09_01,225,2019,sunflower,3.961,2.2811677479727033,2.1581,2.2303410172138705,2.2811677479727033,linear_crop
all_crops,09_01,226,2019,sunflower,2.9829999999999997,2.173311560055084,2.1576,2.2303410172138705,2.173311560055084,linear_crop
all_crops,09_01,227,2019,oil_seed_raps_spring,1.161,1.364958783986446,1.9179,1.6452083064410872,1.364958783986446,linear_crop
all_crops,09_01,228,2019,soya,1.468,1.793916113701514,2.1823,1.5657027830454833,1.793916113701514,linear_crop
all_crops,09_01,229,2019,soya,1.468,1.4114121454411408,1.5674,1.5657027830454833,1.4114121454411408,linear_crop
all_crops,09_01,230,2019,wheat_winter,4.503,4.000307775895154,3.9929,3.518703379214148,4.000307775895154,linear_crop
all_crops,09_01,231,2019,wheat_winter,4.303,4.432399158245728,4.2558,3.518703379214148,4.432399158245728,linear_crop
all_crops,09_01,232,2019,wheat_winter,3.404,4.296766175268879,4.1161,3.518703379214148,4.296766175268879,linear_crop
all_crops,09_01,207,2020,oil_seed_raps_spring,0.438,1.0948272479270944,1.0497,1.6826990137403557,1.4668635625954114,linear_crop
all_crops,09_01,208,2020,wheat_spring,0.505,1.7844845930973043,1.3906,2.775179717236985,2.1836615116791767,linear_crop
all_crops,09_01,209,2020,maize,0.5780000000000001,5.777497943002109,2.8203,6.027426688447606,3.7345139843912696,linear_crop
all_crops,09_01,210,2020,wheat_winter,0.211,2.0321279030611534,2.1218,3.4657804752870542,2.5203903262423593,linear_crop
all_crops,09_01,211,2020,wheat_winter,0.319,2.0344380540220737,2.4044,3.4657804752870542,2.5215574810430055,linear_crop
all_crops,09_01,213,2020,wheat_spring,0.5780000000000001,1.7383870645349346,1.5272,2.775179717236985,2.1603717125839434,linear_crop
all_crops,09_01,214,2020,wheat_spring,0.319,1.5988769993402592,1.5097,2.775179717236985,2.0898872095861147,linear_crop
all_crops,09_01,215,2020,wheat_spring,1.409,2.139303995337056,1.5953,2.775179717236985,2.362926492925921,linear_crop
all_crops,09_01,216,2020,wheat_spring,1.246,1.6606034051379008,2.1373,2.775179717236985,2.1210731675914953,linear_crop
all_crops,09_01,217,2020,wheat_spring,0.337,1.6226309219984612,1.961,2.775179717236985,2.101888375455229,linear_crop
all_crops,09_01,219,2020,wheat_spring,0.425,1.7460406629966618,1.1434,2.775179717236985,2.164238530959858,linear_crop
all_crops,09_01,220,2020,wheat_spring,0.513,2.0530920994626745,1.7675,2.775179717236985,2.319369760121539,linear_crop
all_crops,09_01,221,2020,wheat_spring,0.38,1.8070216696351584,2.8632,2.775179717236985,2.195047891841626,linear_crop
all_crops,09_01,222,2020,wheat_spring,0.21,1.6559006335814872,0.9872,2.775179717236985,2.11869719195559,linear_crop
all_crops,09_01,223,2020,wheat_spring,0.21,1.7538756135291915,1.126,2.775179717236985,2.1681969736251046,linear_crop
all_crops,09_01,224,2020,wheat_spring,0.857,1.6153640506388358,1.7282,2.775179717236985,2.098216942749513,linear_crop
all_crops,09_01,225,2020,wheat_spring,2.335,2.009613296489551,3.5470999999999995,2.775179717236985,2.2974030166165114,linear_crop
all_crops,09_01,226,2020,wheat_spring,0.502,1.640363597206426,1.5046,2.775179717236985,2.1108474336931504,linear_crop
all_crops,09_01,227,2020,wheat_winter,0.5650000000000001,1.935174445325095,2.2098,3.4657804752870542,2.4714066470152645,linear_crop
all_crops,09_01,228,2020,wheat_winter,1.3,1.995901054575968,2.0305,3.4657804752870542,2.5020874790098473,linear_crop
all_crops,09_01,229,2020,wheat_winter,3.285,1.9802371100333584,2.221,3.4657804752870542,2.4941736030860513,linear_crop
all_crops,09_01,230,2020,oil_seed_raps_winter,0.1679999999999999,1.0998017337121977,1.2317,1.7397895608539231,1.4156209819886074,linear_crop
all_crops,09_01,231,2020,oil_seed_raps_winter,0.362,0.965656401356798,1.6896999999999998,1.7397895608539231,1.3478468965320853,linear_crop
all_crops,09_01,232,2020,oil_seed_raps_winter,0.223,0.9286190074243744,1.8421,1.7397895608539231,1.3291345383949225,linear_crop
all_crops,09_01,195,2021,barley_spring,2.022276422764228,3.4902667559211933,3.518,2.9819317050782614,2.3390019797959334,linear_crop
all_crops,09_01,197,2021,barley_spring,2.5284548104956266,3.644866070696594,3.7068,2.9819317050782614,2.4411432132774182,linear_crop
all_crops,09_01,207,2021,barley_spring,3.525020286718961,3.530494103598954,3.1641,2.9819317050782614,2.3655795291043784,linear_crop
all_crops,09_01,208,2021,sunflower,2.1216153846153847,2.1998900195226607,2.5939,2.257415477956708,2.317070350938148,linear_crop
all_crops,09_01,209,2021,sunflower,2.268059008785016,2.050929484119222,2.3401,2.257415477956708,2.218654566571485,linear_crop
all_crops,09_01,210,2021,sunflower,1.4783400809716598,2.2614816712192396,2.8418,2.257415477956708,2.3577629457636173,linear_crop
all_crops,09_01,211,2021,sunflower,2.1389247311827955,2.288962664569502,2.9005,2.257415477956708,2.375919187673034,linear_crop
all_crops,09_01,212,2021,sunflower,3.3983823529411765,2.3081032456801975,2.9642,2.257415477956708,2.388565055910155,linear_crop
all_crops,09_01,213,2021,wheat_spring,1.3155714285714286,2.678814557729252,3.1079999999999997,2.7862022677059213,1.490127536361875,linear_crop
all_crops,09_01,214,2021,wheat_spring,1.5857777777777775,2.6973199550656575,3.1157,2.7862022677059213,1.5023537490896053,linear_crop
all_crops,09_01,215,2021,sunflower,2.9865822784810128,2.1110592241422035,2.6519,2.257415477956708,2.2583813003140696,linear_crop
all_crops,09_01,216,2021,sunflower,2.925945945945946,1.9818304829815132,2.7872,2.257415477956708,2.1730019890112438,linear_crop
all_crops,09_01,217,2021,sunflower,2.768578431372549,2.3290812329343735,2.6262,2.257415477956708,2.4024248682722815,linear_crop
all_crops,09_01,218,2021,sunflower,2.12974358974359,2.0746495947267234,2.6262,2.257415477956708,2.2343260548913864,linear_crop
all_crops,09_01,219,2021,sunflower,2.818952380952381,2.3380287495481773,2.9821,2.257415477956708,2.4083363458545577,linear_crop
all_crops,09_01,220,2021,sunflower,2.0264,2.2330010182926596,3.0557,2.257415477956708,2.3389462451559515,linear_crop
all_crops,09_01,221,2021,sunflower,1.7475,2.1030773576869786,2.4777,2.257415477956708,2.253107811965136,linear_crop
all_crops,09_01,222,2021,sunflower,2.9396774193548385,2.1888203442327465,2.7158,2.257415477956708,2.3097567978994817,linear_crop
all_crops,09_01,223,2021,sunflower,2.8625714285714285,2.2727655152229356,2.6313,2.257415477956708,2.3652179965613813,linear_crop
all_crops,09_01,224,2021,sunflower,2.0925,2.140735467451167,2.6733,2.257415477956708,2.277987907892362,linear_crop
all_crops,09_01,225,2021,sunflower,1.85,1.8579568088695424,2.3085,2.257415477956708,2.09116068274115,linear_crop
all_crops,09_01,226,2021,sunflower,2.4555,2.1661037328262704,2.9791,2.257415477956708,2.2947483050549438,linear_crop
all_crops,09_01,227,2021,wheat_winter,2.8346242774566472,3.5548622621351584,3.5711,3.569358367455552,2.6201614817904364,linear_crop
all_crops,09_01,228,2021,wheat_winter,2.4169491525423727,3.5725517536440057,3.7058,3.569358367455552,2.6318486389101095,linear_crop
all_crops,09_01,229,2021,wheat_winter,2.9450000000000003,2.5255083560972413,2.4469000000000003,3.569358367455552,1.9400842265681706,linear_crop
all_crops,09_01,230,2021,wheat_winter,2.123766816143498,3.4143339355808036,3.134,3.569358367455552,2.527316719611486,linear_crop
all_crops,09_01,231,2021,wheat_winter,3.5069787234042553,3.439808557152958,3.4015999999999997,3.569358367455552,2.5441473845703446,linear_crop
all_crops,09_01,232,2021,wheat_winter,3.2479729729729727,3.7633101857286544,2.9818,3.569358367455552,2.757879608571434,linear_crop
all_crops,09_01,233,2021,wheat_winter,3.6453846153846152,3.184262732672686,3.4055999999999997,3.569358367455552,2.375312446579977,linear_crop
all_crops,09_01,234,2021,wheat_winter,5.389142857142858,3.3759071622339443,3.8293,3.569358367455552,2.5019287802531274,linear_crop
all_crops,09_01,195,2022,wheat_winter,2.1216260162601626,2.7816834845564875,2.4872,3.5270951632339247,2.4409632164156694,linear_crop
all_crops,09_01,197,2022,wheat_winter,1.5206997084548106,3.3048272773266096,3.2342,3.5270951632339247,2.814088213761597,linear_crop
all_crops,09_01,207,2022,wheat_winter,1.8862140474258409,2.811037298198109,2.9544,3.5270951632339247,2.461899413668679,linear_crop
all_crops,09_01,208,2022,wheat_spring,2.356923076923077,3.0006835153541176,3.6425,2.6779088961876263,1.7638422085851793,linear_crop
all_crops,09_01,209,2022,wheat_spring,2.657417536880491,3.187309818005179,3.5056,2.6779088961876263,1.8969508101660764,linear_crop
all_crops,09_01,210,2022,wheat_spring,3.0655870445344133,3.391344555789879,3.1305,2.6779088961876263,2.0424757347595066,linear_crop
all_crops,09_01,212,2022,wheat_spring,3.1773529411764705,3.4041539459537256,3.4025,2.6779088961876263,2.0516118532358054,linear_crop
all_crops,09_01,213,2022,sunflower,1.481428571428571,2.2453677434282073,2.1202,2.2824328364554223,2.4082453203926155,linear_crop
all_crops,09_01,214,2022,sunflower,1.002222222222222,2.2660499161496124,2.1227,2.2824328364554223,2.4229965909771702,linear_crop
all_crops,09_01,215,2022,wheat_spring,2.858987341772152,2.648184189585133,2.7344999999999997,2.6779088961876263,1.5124269919474311,linear_crop
all_crops,09_01,216,2022,wheat_spring,3.1270270270270273,3.262494479025442,3.9809,2.6779088961876263,1.950575218658231,linear_crop
all_crops,09_01,217,2022,wheat_spring,3.063725490196078,2.967477758853395,3.6563,2.6779088961876263,1.7401586669329017,linear_crop
all_crops,09_01,218,2022,wheat_spring,2.1723076923076925,2.713717808041446,2.5543,2.6779088961876263,1.559167929239457,linear_crop
all_crops,09_01,219,2022,wheat_spring,2.827547619047619,3.1965611862401375,3.4502,2.6779088961876263,1.903549219237962,linear_crop
all_crops,09_01,220,2022,wheat_spring,3.4832,3.5100455141326217,3.4874,2.6779088961876263,2.1271375340175487,linear_crop
all_crops,09_01,222,2022,wheat_spring,3.2700483870967743,3.4642224676476303,3.586,2.6779088961876263,2.0944548866567536,linear_crop
all_crops,09_01,223,2022,wheat_spring,3.2311428571428573,3.1495847754115074,2.9478999999999997,2.6779088961876263,1.8700439508815507,linear_crop
all_crops,09_01,224,2022,wheat_spring,3.079423076923077,2.9480654139594393,3.3052,2.6779088961876263,1.7263130832957885,linear_crop
all_crops,09_01,226,2022,wheat_spring,1.6934999999999998,3.214774246379992,2.926,2.6779088961876263,1.9165394297886025,linear_crop
all_crops,09_01,227,2022,wheat_winter,2.217514450867052,2.7510995904176827,3.2383,3.5270951632339247,2.4191496814429163,linear_crop
all_crops,09_01,228,2022,wheat_spring,4.564745762711865,2.8558392688625536,3.2991,2.6779088961876263,1.6605340745030344,linear_crop
all_crops,09_01,229,2022,wheat_spring,2.841666666666667,2.3197018390314152,2.6656,2.6779088961876263,1.278141547156926,linear_crop
all_crops,09_01,230,2022,sunflower,3.257219730941704,2.1564345310662616,2.7875,2.2824328364554223,2.3448149498422817,linear_crop
all_crops,09_01,231,2022,wheat_winter,1.5712340425531914,2.509250348150431,2.288,3.5270951632339247,2.2466540901232737,linear_crop
all_crops,09_01,232,2022,wheat_winter,1.847837837837838,2.1100375580045445,1.8508,3.5270951632339247,1.9619211480101715,linear_crop
all_crops,09_01,234,2022,wheat_spring,3.975428571428571,2.782999476260221,3.5317999999999996,2.6779088961876263,1.6085821106318585,linear_crop
all_crops,09_01,195,2023,wheat_winter,0.8904065040650406,2.071881740653539,1.8031,3.605240949754569,1.6596136223701061,linear_crop
all_crops,09_01,197,2023,wheat_winter,1.0820991253644316,1.979186800869712,2.1736999999999997,3.605240949754569,1.5767448143865532,linear_crop
all_crops,09_01,207,2023,wheat_winter,1.068974844468488,1.9377381086439849,2.1542000000000003,3.605240949754569,1.5396898928856229,linear_crop
all_crops,09_01,208,2023,wheat_spring,2.018076923076923,1.6828858174220256,1.4264,2.8347937514606945,1.2397886230978559,linear_crop
all_crops,09_01,209,2023,wheat_winter,1.4882148184982598,1.674708271048853,3.0968,3.605240949754569,1.3045425465855054,linear_crop
all_crops,09_01,210,2023,pea,1.7267206477732793,1.6537713414802269,1.6518000000000002,2.4053981346767683,1.0947862704143727,linear_crop
all_crops,09_01,212,2023,wheat_spring,2.9445588235294116,1.6926770431492104,2.073,2.8347937514606945,1.24854192944448,linear_crop
all_crops,09_01,215,2023,barley_spring,2.2745063291139243,1.848763429657788,2.4396,3.0043107101053974,1.2173850146592828,linear_crop
all_crops,09_01,216,2023,barley_spring,2.696783783783784,2.191741172497061,2.5551,3.0043107101053974,1.5240053844471393,linear_crop
all_crops,09_01,217,2023,barley_spring,2.021480392156863,1.6247292083920888,1.8331,3.0043107101053974,1.017099552398793,linear_crop
all_crops,09_01,218,2023,barley_spring,3.3693589743589745,2.1769310795255232,2.3995,3.0043107101053974,1.5107652361333361,linear_crop
all_crops,09_01,219,2023,sunflower,2.802523809523809,1.8170094774074803,2.4396,2.256223661763095,1.9951657058581835,linear_crop
all_crops,09_01,220,2023,barley_spring,3.3728800000000003,2.410890103505206,2.5408,3.0043107101053974,1.7199234218919779,linear_crop
all_crops,09_01,222,2023,barley_spring,4.5005,2.024065596744845,2.0631,3.0043107101053974,1.374104266619708,linear_crop
all_crops,09_01,223,2023,barley_spring,2.3584285714285715,1.8608807644904168,2.0345,3.0043107101053974,1.2282178507974724,linear_crop
all_crops,09_01,224,2023,barley_spring,2.481451923076923,1.836799581518206,2.2415,3.0043107101053974,1.2066893948494473,linear_crop
all_crops,09_01,227,2023,sunflower,2.6015895953757227,2.0074795877071483,2.253,2.256223661763095,2.1654450224405033,linear_crop
all_crops,09_01,228,2023,wheat_winter,1.5016949152542372,1.957609755911756,2.2995,3.605240949754569,1.557455045175383,linear_crop
all_crops,09_01,229,2023,wheat_winter,3.443333333333334,1.9965466405558383,2.076,3.605240949754569,1.5922644233849494,linear_crop
all_crops,09_01,230,2023,wheat_spring,0.9786995515695068,1.6756245877145086,2.0961,2.8347937514606945,1.2332971204143224,linear_crop
all_crops,09_01,231,2023,sunflower,2.2995063829787235,1.5755006403195115,2.2117,2.256223661763095,1.7792580253132964,linear_crop
all_crops,09_01,232,2023,sunflower,2.6881993243243243,1.7693639344631202,2.3653,2.256223661763095,1.9525708311138215,linear_crop
all_crops,09_01,234,2023,wheat_winter,1.7062857142857142,2.3644984377402367,2.4153,3.605240949754569,1.921211471618506,linear_crop
all_crops,09_01,195,2024,sunflower,2.7365853658536587,2.282366655830168,3.2249000000000003,2.2547869646006644,2.4713014258831425,linear_crop
all_crops,09_01,197,2024,sunflower,3.2877551020408164,2.27372450737521,3.2267,2.2547869646006644,2.464523087768936,linear_crop
all_crops,09_01,207,2024,sunflower,3.107023712920386,2.455537248164474,2.8238,2.2547869646006644,2.607125154484555,linear_crop
all_crops,09_01,208,2024,sunflower,2.360615384615385,2.1606580875219334,2.4902,2.2547869646006644,2.375841155593998,linear_crop
all_crops,09_01,210,2024,wheat_winter,5.519493927125506,4.641162791462097,5.754099999999999,3.5237797966522484,3.7647243260690666,linear_crop
all_crops,09_01,212,2024,sunflower,1.900882352941176,2.232398898769699,2.5872,2.2547869646006644,2.4321099732102747,linear_crop
all_crops,09_01,215,2024,wheat_winter,4.476708860759494,3.839847108188898,4.2056,3.5237797966522484,3.136224518902946,linear_crop
all_crops,09_01,216,2024,wheat_winter,5.342162162162162,3.9638725965154777,5.3586,3.5237797966522484,3.2335020302808974,linear_crop
all_crops,09_01,217,2024,sunflower,2.9758823529411766,2.369486904842298,3.2312,2.2547869646006644,2.5396328723372115,linear_crop
all_crops,09_01,218,2024,wheat_spring,4.027153846153846,3.184362458844786,3.4,2.7584835033320987,2.570752792017086,linear_crop
all_crops,09_01,219,2024,wheat_spring,3.6718380952380953,3.3054667496671675,3.2952,2.7584835033320987,2.6657391064218503,linear_crop
all_crops,09_01,220,2024,wheat_spring,3.12756,3.4653745738119337,3.8434,2.7584835033320987,2.7911603838749643,linear_crop
all_crops,09_01,222,2024,wheat_spring,3.6562580645161287,3.4911677147031845,3.9848,2.7584835033320987,2.81139084287477,linear_crop
all_crops,09_01,223,2024,wheat_spring,3.350857142857143,3.3565456818457005,4.2385,2.7584835033320987,2.705802092451682,linear_crop
all_crops,09_01,224,2024,wheat_winter,5.0582692307692305,4.215927373192827,4.9363,3.5237797966522484,3.4311973728828504,linear_crop
all_crops,09_01,226,2024,wheat_winter,4.9315,4.1291288228304746,4.5445,3.5237797966522484,3.3631182458873567,linear_crop
all_crops,09_01,227,2024,barley_spring,3.007739884393064,3.5821261886899083,3.5776000000000003,2.9569590723634662,3.55777437317676,linear_crop
all_crops,09_01,228,2024,sunflower,3.052881355932203,2.2746732066540463,3.0939,2.2547869646006644,2.465267185664751,linear_crop
all_crops,09_01,229,2024,sunflower,3.2544166666666663,1.742423478352512,2.2845,2.2547869646006644,2.0478051808836915,linear_crop
all_crops,09_01,230,2024,sunflower,3.2521793721973093,2.247466115874052,3.0899,2.2547869646006644,2.4439277165070665,linear_crop
all_crops,09_01,231,2024,wheat_spring,3.806382978723404,3.5536653092976636,3.636,2.7584835033320987,2.8604098836484724,linear_crop
all_crops,09_01,232,2024,wheat_spring,3.330304054054054,3.422616281542804,3.8371,2.7584835033320987,2.7576235656061288,linear_crop
all_crops,09_01,234,2024,sunflower,3.295057142857143,1.9162447257694817,2.6495,2.2547869646006644,2.1841392409343965,linear_crop
all_crops,09_01,195,2025,wheat_spring,2.7195121951219514,3.097203909616747,2.8708,2.7859952931393197,2.7123432243883836,linear_crop
all_crops,09_01,197,2025,wheat_spring,3.779416909620991,3.130119830864165,3.1238,2.7859952931393197,2.743451840375874,linear_crop
all_crops,09_01,208,2025,wheat_spring,3.8430769230769233,3.2978889421786555,3.0721,2.7859952931393197,2.9020093001296203,linear_crop
all_crops,09_01,209,2025,sunflower,2.332040444223438,2.243864511813616,3.0953,2.253882200699135,2.548926511325422,linear_crop
all_crops,09_01,210,2025,sunflower,3.192550607287449,2.2802384978736336,2.6427,2.253882200699135,2.5833033211303174,linear_crop
all_crops,09_01,212,2025,wheat_spring,1.7024264705882353,2.6035416620217244,2.8967,2.7859952931393197,2.2457863514234653,linear_crop
all_crops,09_01,213,2025,barley_spring,1.53,2.9379546693232994,3.0796,2.9620422462150753,3.0996757487512174,linear_crop
all_crops,09_01,214,2025,barley_spring,1.53,2.955633952560145,3.0119,2.9620422462150753,3.1163843205397788,linear_crop
all_crops,09_01,215,2025,sunflower,3.0739240506329115,2.1117030893813133,2.6681,2.253882200699135,2.424021639063052,linear_crop
all_crops,09_01,216,2025,sunflower,2.986756756756757,2.2406486562033936,2.9402,2.253882200699135,2.545887227797622,linear_crop
all_crops,09_01,217,2025,wheat_spring,2.5629901960784314,2.72437059464628,2.7186,2.7859952931393197,2.3599809637188898,linear_crop
all_crops,09_01,218,2025,wheat_spring,4.112820512820513,3.173729831266157,2.6460999999999997,2.7859952931393197,2.784667358711891,linear_crop
all_crops,09_01,219,2025,barley_spring,3.528095238095238,3.467650538001181,3.8607,2.9620422462150753,3.6002877548682517,linear_crop
all_crops,09_01,220,2025,wheat_spring,3.3072000000000004,3.149641927270244,3.6214,2.7859952931393197,2.761902042507619,linear_crop
all_crops,09_01,222,2025,sunflower,2.972258064516129,2.0711369383969394,2.5682,2.253882200699135,2.3856828423580247,linear_crop
all_crops,09_01,223,2025,sunflower,3.305142857142857,2.1020379100195914,2.6925999999999997,2.253882200699135,2.4148871429949033,linear_crop
all_crops,09_01,224,2025,sunflower,3.0742307692307693,2.0757066641340227,3.1024000000000003,2.253882200699135,2.3900016594451885,linear_crop
all_crops,09_01,226,2025,sunflower,3.0420000000000003,2.091787731350962,3.3878999999999997,2.253882200699135,2.4051997680127872,linear_crop
all_crops,09_01,227,2025,pea,1.5521965317919073,2.8543113797244137,2.822,2.337815103722531,2.5503698408836195,linear_crop
all_crops,09_01,228,2025,wheat_spring,3.004576271186441,3.133048220918475,3.5229999999999997,2.7859952931393197,2.7462194421384485,linear_crop
all_crops,09_01,229,2025,wheat_spring,3.5050000000000003,2.6662101105820497,3.1488,2.7859952931393197,2.305013881047837,linear_crop
all_crops,09_01,230,2025,wheat_spring,3.6687443946188343,3.336382602426425,2.9788,2.7859952931393197,2.9383893997658936,linear_crop
all_crops,09_01,231,2025,pea,1.3324255319148937,2.742571858743768,2.49,2.337815103722531,2.4447655704551963,linear_crop
all_crops,09_01,232,2025,pea,1.8102027027027028,2.8019840928918898,2.47,2.337815103722531,2.5009156737192133,linear_crop
all_crops,09_01,234,2025,,4.494857142857143,2.8888595436175697,4.459300000000001,2.498899368049851,2.480184732757677,linear_crop
all_crops,09_01,207,2018,sunflower,3.496,2.3176491107069928,2.2908,2.215669563352981,2.3176491107069928,blend_crop_mean
all_crops,09_01,209,2018,sunflower,1.7399999999999998,2.208236283903511,2.0557,2.215669563352981,2.208236283903511,blend_crop_mean
all_crops,09_01,210,2018,oil_seed_raps_winter,0.978,1.4282776131763355,1.7359000000000002,1.697975335103533,1.4282776131763355,blend_crop_mean
all_crops,09_01,227,2018,sunflower,2.613,2.049084723866859,2.4276,2.215669563352981,2.049084723866859,blend_crop_mean
all_crops,09_01,228,2018,maize,3.312,5.903337712695922,5.561999999999999,6.214194800255046,5.903337712695922,blend_crop_mean
all_crops,09_01,229,2018,maize,3.312,5.437510732907713,3.9653,6.214194800255046,5.437510732907713,blend_crop_mean
all_crops,09_01,231,2018,soya,0.93,1.1309657355989884,1.302,1.4998837388223478,1.1309657355989884,blend_crop_mean
all_crops,09_01,232,2018,soya,0.9,1.06409766481432,1.1918,1.4998837388223478,1.06409766481432,blend_crop_mean
all_crops,09_01,207,2019,wheat_spring,3.5799999999999996,3.236442020195129,2.7728,2.7949344889498353,3.236442020195129,blend_crop_mean
all_crops,09_01,208,2019,sunflower,2.133,2.1691381473423337,2.5304,2.2303410172138705,2.1691381473423337,blend_crop_mean
all_crops,09_01,210,2019,sunflower,1.965,2.602613184225734,2.5763000000000003,2.2303410172138705,2.602613184225734,blend_crop_mean
all_crops,09_01,211,2019,sunflower,1.868,2.249438302024031,2.5446999999999997,2.2303410172138705,2.249438302024031,blend_crop_mean
all_crops,09_01,215,2019,sunflower,1.672,2.3344354853023264,2.476,2.2303410172138705,2.3344354853023264,blend_crop_mean
all_crops,09_01,216,2019,sunflower,1.95,2.3550635721348847,2.4692,2.2303410172138705,2.3550635721348847,blend_crop_mean
all_crops,09_01,217,2019,sunflower,1.962,2.2109783375981085,2.4656,2.2303410172138705,2.2109783375981085,blend_crop_mean
all_crops,09_01,219,2019,sunflower,2.273,2.2573191606295437,2.4422,2.2303410172138705,2.2573191606295437,blend_crop_mean
all_crops,09_01,220,2019,sunflower,2.7649999999999997,2.209092671407053,2.8589,2.2303410172138705,2.209092671407053,blend_crop_mean
all_crops,09_01,221,2019,sunflower,1.982,2.33796058917412,3.0438,2.2303410172138705,2.33796058917412,blend_crop_mean
all_crops,09_01,222,2019,sunflower,2.648,2.155457162284926,2.4673,2.2303410172138705,2.155457162284926,blend_crop_mean
all_crops,09_01,223,2019,sunflower,2.651,2.3481805802643905,2.4036,2.2303410172138705,2.3481805802643905,blend_crop_mean
all_crops,09_01,224,2019,sunflower,3.961,2.2605793432033887,2.5131,2.2303410172138705,2.2605793432033887,blend_crop_mean
all_crops,09_01,225,2019,sunflower,3.961,2.2811677479727033,2.1581,2.2303410172138705,2.2811677479727033,blend_crop_mean
all_crops,09_01,226,2019,sunflower,2.9829999999999997,2.173311560055084,2.1576,2.2303410172138705,2.173311560055084,blend_crop_mean
all_crops,09_01,227,2019,oil_seed_raps_spring,1.161,1.364958783986446,1.9179,1.6452083064410872,1.364958783986446,blend_crop_mean
all_crops,09_01,228,2019,soya,1.468,1.793916113701514,2.1823,1.5657027830454833,1.793916113701514,blend_crop_mean
all_crops,09_01,229,2019,soya,1.468,1.4114121454411408,1.5674,1.5657027830454833,1.4114121454411408,blend_crop_mean
all_crops,09_01,230,2019,wheat_winter,4.503,4.000307775895154,3.9929,3.518703379214148,4.000307775895154,blend_crop_mean
all_crops,09_01,231,2019,wheat_winter,4.303,4.432399158245728,4.2558,3.518703379214148,4.432399158245728,blend_crop_mean
all_crops,09_01,232,2019,wheat_winter,3.404,4.296766175268879,4.1161,3.518703379214148,4.296766175268879,blend_crop_mean
all_crops,09_01,207,2020,oil_seed_raps_spring,0.438,1.0948272479270944,1.0497,1.6826990137403557,1.161,blend_crop_mean
all_crops,09_01,208,2020,wheat_spring,0.505,1.7844845930973043,1.3906,2.775179717236985,3.5799999999999996,blend_crop_mean
all_crops,09_01,209,2020,maize,0.5780000000000001,5.777497943002109,2.8203,6.027426688447606,3.312,blend_crop_mean
all_crops,09_01,210,2020,wheat_winter,0.211,2.0321279030611534,2.1218,3.4657804752870542,4.07,blend_crop_mean
all_crops,09_01,211,2020,wheat_winter,0.319,2.0344380540220737,2.4044,3.4657804752870542,4.07,blend_crop_mean
all_crops,09_01,213,2020,wheat_spring,0.5780000000000001,1.7383870645349346,1.5272,2.775179717236985,3.5799999999999996,blend_crop_mean
all_crops,09_01,214,2020,wheat_spring,0.319,1.5988769993402592,1.5097,2.775179717236985,3.5799999999999996,blend_crop_mean
all_crops,09_01,215,2020,wheat_spring,1.409,2.139303995337056,1.5953,2.775179717236985,3.5799999999999996,blend_crop_mean
all_crops,09_01,216,2020,wheat_spring,1.246,1.6606034051379008,2.1373,2.775179717236985,3.5799999999999996,blend_crop_mean
all_crops,09_01,217,2020,wheat_spring,0.337,1.6226309219984612,1.961,2.775179717236985,3.5799999999999996,blend_crop_mean
all_crops,09_01,219,2020,wheat_spring,0.425,1.7460406629966618,1.1434,2.775179717236985,3.5799999999999996,blend_crop_mean
all_crops,09_01,220,2020,wheat_spring,0.513,2.0530920994626745,1.7675,2.775179717236985,3.5799999999999996,blend_crop_mean
all_crops,09_01,221,2020,wheat_spring,0.38,1.8070216696351584,2.8632,2.775179717236985,3.5799999999999996,blend_crop_mean
all_crops,09_01,222,2020,wheat_spring,0.21,1.6559006335814872,0.9872,2.775179717236985,3.5799999999999996,blend_crop_mean
all_crops,09_01,223,2020,wheat_spring,0.21,1.7538756135291915,1.126,2.775179717236985,3.5799999999999996,blend_crop_mean
all_crops,09_01,224,2020,wheat_spring,0.857,1.6153640506388358,1.7282,2.775179717236985,3.5799999999999996,blend_crop_mean
all_crops,09_01,225,2020,wheat_spring,2.335,2.009613296489551,3.5470999999999995,2.775179717236985,3.5799999999999996,blend_crop_mean
all_crops,09_01,226,2020,wheat_spring,0.502,1.640363597206426,1.5046,2.775179717236985,3.5799999999999996,blend_crop_mean
all_crops,09_01,227,2020,wheat_winter,0.5650000000000001,1.935174445325095,2.2098,3.4657804752870542,4.07,blend_crop_mean
all_crops,09_01,228,2020,wheat_winter,1.3,1.995901054575968,2.0305,3.4657804752870542,4.07,blend_crop_mean
all_crops,09_01,229,2020,wheat_winter,3.285,1.9802371100333584,2.221,3.4657804752870542,4.07,blend_crop_mean
all_crops,09_01,230,2020,oil_seed_raps_winter,0.1679999999999999,1.0998017337121977,1.2317,1.7397895608539231,0.978,blend_crop_mean
all_crops,09_01,231,2020,oil_seed_raps_winter,0.362,0.965656401356798,1.6896999999999998,1.7397895608539231,0.978,blend_crop_mean
all_crops,09_01,232,2020,oil_seed_raps_winter,0.223,0.9286190074243744,1.8421,1.7397895608539231,0.978,blend_crop_mean
all_crops,09_01,195,2021,barley_spring,2.022276422764228,3.4902667559211933,3.518,2.9819317050782614,1.6833396226415092,blend_crop_mean
all_crops,09_01,197,2021,barley_spring,2.5284548104956266,3.644866070696594,3.7068,2.9819317050782614,1.6833396226415092,blend_crop_mean
all_crops,09_01,207,2021,barley_spring,3.525020286718961,3.530494103598954,3.1641,2.9819317050782614,1.6833396226415092,blend_crop_mean
all_crops,09_01,208,2021,sunflower,2.1216153846153847,2.1998900195226607,2.5939,2.257415477956708,2.507235294117647,blend_crop_mean
all_crops,09_01,209,2021,sunflower,2.268059008785016,2.050929484119222,2.3401,2.257415477956708,2.507235294117647,blend_crop_mean
all_crops,09_01,210,2021,sunflower,1.4783400809716598,2.2614816712192396,2.8418,2.257415477956708,2.507235294117647,blend_crop_mean
all_crops,09_01,211,2021,sunflower,2.1389247311827955,2.288962664569502,2.9005,2.257415477956708,2.507235294117647,blend_crop_mean
all_crops,09_01,212,2021,sunflower,3.3983823529411765,2.3081032456801975,2.9642,2.257415477956708,2.507235294117647,blend_crop_mean
all_crops,09_01,213,2021,wheat_spring,1.3155714285714286,2.678814557729252,3.1079999999999997,2.7862022677059213,0.8937333333333334,blend_crop_mean
all_crops,09_01,214,2021,wheat_spring,1.5857777777777775,2.6973199550656575,3.1157,2.7862022677059213,0.8937333333333334,blend_crop_mean
all_crops,09_01,215,2021,sunflower,2.9865822784810128,2.1110592241422035,2.6519,2.257415477956708,2.507235294117647,blend_crop_mean
all_crops,09_01,216,2021,sunflower,2.925945945945946,1.9818304829815132,2.7872,2.257415477956708,2.507235294117647,blend_crop_mean
all_crops,09_01,217,2021,sunflower,2.768578431372549,2.3290812329343735,2.6262,2.257415477956708,2.507235294117647,blend_crop_mean
all_crops,09_01,218,2021,sunflower,2.12974358974359,2.0746495947267234,2.6262,2.257415477956708,2.507235294117647,blend_crop_mean
all_crops,09_01,219,2021,sunflower,2.818952380952381,2.3380287495481773,2.9821,2.257415477956708,2.507235294117647,blend_crop_mean
all_crops,09_01,220,2021,sunflower,2.0264,2.2330010182926596,3.0557,2.257415477956708,2.507235294117647,blend_crop_mean
all_crops,09_01,221,2021,sunflower,1.7475,2.1030773576869786,2.4777,2.257415477956708,2.507235294117647,blend_crop_mean
all_crops,09_01,222,2021,sunflower,2.9396774193548385,2.1888203442327465,2.7158,2.257415477956708,2.507235294117647,blend_crop_mean
all_crops,09_01,223,2021,sunflower,2.8625714285714285,2.2727655152229356,2.6313,2.257415477956708,2.507235294117647,blend_crop_mean
all_crops,09_01,224,2021,sunflower,2.0925,2.140735467451167,2.6733,2.257415477956708,2.507235294117647,blend_crop_mean
all_crops,09_01,225,2021,sunflower,1.85,1.8579568088695424,2.3085,2.257415477956708,2.507235294117647,blend_crop_mean
all_crops,09_01,226,2021,sunflower,2.4555,2.1661037328262704,2.9791,2.257415477956708,2.507235294117647,blend_crop_mean
all_crops,09_01,227,2021,wheat_winter,2.8346242774566472,3.5548622621351584,3.5711,3.569358367455552,2.23625,blend_crop_mean
all_crops,09_01,228,2021,wheat_winter,2.4169491525423727,3.5725517536440057,3.7058,3.569358367455552,2.23625,blend_crop_mean
all_crops,09_01,229,2021,wheat_winter,2.9450000000000003,2.5255083560972413,2.4469000000000003,3.569358367455552,2.23625,blend_crop_mean
all_crops,09_01,230,2021,wheat_winter,2.123766816143498,3.4143339355808036,3.134,3.569358367455552,2.23625,blend_crop_mean
all_crops,09_01,231,2021,wheat_winter,3.5069787234042553,3.439808557152958,3.4015999999999997,3.569358367455552,2.23625,blend_crop_mean
all_crops,09_01,232,2021,wheat_winter,3.2479729729729727,3.7633101857286544,2.9818,3.569358367455552,2.23625,blend_crop_mean
all_crops,09_01,233,2021,wheat_winter,3.6453846153846152,3.184262732672686,3.4055999999999997,3.569358367455552,2.23625,blend_crop_mean
all_crops,09_01,234,2021,wheat_winter,5.389142857142858,3.3759071622339443,3.8293,3.569358367455552,2.23625,blend_crop_mean
all_crops,09_01,195,2022,wheat_winter,2.1216260162601626,2.7816834845564875,2.4872,3.5270951632339247,2.7499887134404513,blend_crop_mean
all_crops,09_01,197,2022,wheat_winter,1.5206997084548106,3.3048272773266096,3.2342,3.5270951632339247,2.7499887134404513,blend_crop_mean
all_crops,09_01,207,2022,wheat_winter,1.8862140474258409,2.811037298198109,2.9544,3.5270951632339247,2.7499887134404513,blend_crop_mean
all_crops,09_01,208,2022,wheat_spring,2.356923076923077,3.0006835153541176,3.6425,2.6779088961876263,0.9592558356676003,blend_crop_mean
all_crops,09_01,209,2022,wheat_spring,2.657417536880491,3.187309818005179,3.5056,2.6779088961876263,0.9592558356676003,blend_crop_mean
all_crops,09_01,210,2022,wheat_spring,3.0655870445344133,3.391344555789879,3.1305,2.6779088961876263,0.9592558356676003,blend_crop_mean
all_crops,09_01,212,2022,wheat_spring,3.1773529411764705,3.4041539459537256,3.4025,2.6779088961876263,0.9592558356676003,blend_crop_mean
all_crops,09_01,213,2022,sunflower,1.481428571428571,2.2453677434282073,2.1202,2.2824328364554223,2.4597727362622877,blend_crop_mean
all_crops,09_01,214,2022,sunflower,1.002222222222222,2.2660499161496124,2.1227,2.2824328364554223,2.4597727362622877,blend_crop_mean
all_crops,09_01,215,2022,wheat_spring,2.858987341772152,2.648184189585133,2.7344999999999997,2.6779088961876263,0.9592558356676003,blend_crop_mean
all_crops,09_01,216,2022,wheat_spring,3.1270270270270273,3.262494479025442,3.9809,2.6779088961876263,0.9592558356676003,blend_crop_mean
all_crops,09_01,217,2022,wheat_spring,3.063725490196078,2.967477758853395,3.6563,2.6779088961876263,0.9592558356676003,blend_crop_mean
all_crops,09_01,218,2022,wheat_spring,2.1723076923076925,2.713717808041446,2.5543,2.6779088961876263,0.9592558356676003,blend_crop_mean
all_crops,09_01,219,2022,wheat_spring,2.827547619047619,3.1965611862401375,3.4502,2.6779088961876263,0.9592558356676003,blend_crop_mean
all_crops,09_01,220,2022,wheat_spring,3.4832,3.5100455141326217,3.4874,2.6779088961876263,0.9592558356676003,blend_crop_mean
all_crops,09_01,222,2022,wheat_spring,3.2700483870967743,3.4642224676476303,3.586,2.6779088961876263,0.9592558356676003,blend_crop_mean
all_crops,09_01,223,2022,wheat_spring,3.2311428571428573,3.1495847754115074,2.9478999999999997,2.6779088961876263,0.9592558356676003,blend_crop_mean
all_crops,09_01,224,2022,wheat_spring,3.079423076923077,2.9480654139594393,3.3052,2.6779088961876263,0.9592558356676003,blend_crop_mean
all_crops,09_01,226,2022,wheat_spring,1.6934999999999998,3.214774246379992,2.926,2.6779088961876263,0.9592558356676003,blend_crop_mean
all_crops,09_01,227,2022,wheat_winter,2.217514450867052,2.7510995904176827,3.2383,3.5270951632339247,2.7499887134404513,blend_crop_mean
all_crops,09_01,228,2022,wheat_spring,4.564745762711865,2.8558392688625536,3.2991,2.6779088961876263,0.9592558356676003,blend_crop_mean
all_crops,09_01,229,2022,wheat_spring,2.841666666666667,2.3197018390314152,2.6656,2.6779088961876263,0.9592558356676003,blend_crop_mean
all_crops,09_01,230,2022,sunflower,3.257219730941704,2.1564345310662616,2.7875,2.2824328364554223,2.4597727362622877,blend_crop_mean
all_crops,09_01,231,2022,wheat_winter,1.5712340425531914,2.509250348150431,2.288,3.5270951632339247,2.7499887134404513,blend_crop_mean
all_crops,09_01,232,2022,wheat_winter,1.847837837837838,2.1100375580045445,1.8508,3.5270951632339247,2.7499887134404513,blend_crop_mean
all_crops,09_01,234,2022,wheat_spring,3.975428571428571,2.782999476260221,3.5317999999999996,2.6779088961876263,0.9592558356676003,blend_crop_mean
all_crops,09_01,195,2023,wheat_winter,0.8904065040650406,2.071881740653539,1.8031,3.605240949754569,2.289689632109636,blend_crop_mean
all_crops,09_01,197,2023,wheat_winter,1.0820991253644316,1.979186800869712,2.1736999999999997,3.605240949754569,2.243342162217722,blend_crop_mean
all_crops,09_01,207,2023,wheat_winter,1.068974844468488,1.9377381086439849,2.1542000000000003,3.605240949754569,2.222617816104859,blend_crop_mean
all_crops,09_01,208,2023,wheat_spring,2.018076923076923,1.6828858174220256,1.4264,2.8347937514606945,1.83781614839019,blend_crop_mean
all_crops,09_01,209,2023,wheat_winter,1.4882148184982598,1.674708271048853,3.0968,3.605240949754569,2.0911028973072927,blend_crop_mean
all_crops,09_01,210,2023,pea,1.7267206477732793,1.6537713414802269,1.6518000000000002,2.4053981346767683,1.907918794107633,blend_crop_mean
all_crops,09_01,212,2023,wheat_spring,2.9445588235294116,1.6926770431492104,2.073,2.8347937514606945,1.8427117612537822,blend_crop_mean
all_crops,09_01,215,2023,barley_spring,2.2745063291139243,1.848763429657788,2.4396,3.0043107101053974,2.27034030149203,blend_crop_mean
all_crops,09_01,216,2023,barley_spring,2.696783783783784,2.191741172497061,2.5551,3.0043107101053974,2.4418291729116666,blend_crop_mean
all_crops,09_01,217,2023,barley_spring,2.021480392156863,1.6247292083920888,1.8331,3.0043107101053974,2.1583231908591802,blend_crop_mean
all_crops,09_01,218,2023,barley_spring,3.3693589743589745,2.1769310795255232,2.3995,3.0043107101053974,2.4344241264258977,blend_crop_mean
all_crops,09_01,219,2023,sunflower,2.802523809523809,1.8170094774074803,2.4396,2.256223661763095,2.1162499219133384,blend_crop_mean
all_crops,09_01,220,2023,barley_spring,3.3728800000000003,2.410890103505206,2.5408,3.0043107101053974,2.551403638415739,blend_crop_mean
all_crops,09_01,222,2023,barley_spring,4.5005,2.024065596744845,2.0631,3.0043107101053974,2.3579913850355583,blend_crop_mean
all_crops,09_01,223,2023,barley_spring,2.3584285714285715,1.8608807644904168,2.0345,3.0043107101053974,2.2763989689083446,blend_crop_mean
all_crops,09_01,224,2023,barley_spring,2.481451923076923,1.836799581518206,2.2415,3.0043107101053974,2.264358377422239,blend_crop_mean
all_crops,09_01,227,2023,sunflower,2.6015895953757227,2.0074795877071483,2.253,2.256223661763095,2.211484977063172,blend_crop_mean
all_crops,09_01,228,2023,wheat_winter,1.5016949152542372,1.957609755911756,2.2995,3.605240949754569,2.232553639738744,blend_crop_mean
all_crops,09_01,229,2023,wheat_winter,3.443333333333334,1.9965466405558383,2.076,3.605240949754569,2.2520220820607855,blend_crop_mean
all_crops,09_01,230,2023,wheat_spring,0.9786995515695068,1.6756245877145086,2.0961,2.8347937514606945,1.8341855335364314,blend_crop_mean
all_crops,09_01,231,2023,sunflower,2.2995063829787235,1.5755006403195115,2.2117,2.256223661763095,1.995495503369354,blend_crop_mean
all_crops,09_01,232,2023,sunflower,2.6881993243243243,1.7693639344631202,2.3653,2.256223661763095,2.0924271504411585,blend_crop_mean
all_crops,09_01,234,2023,wheat_winter,1.7062857142857142,2.3644984377402367,2.4153,3.605240949754569,2.4359979806529846,blend_crop_mean
all_crops,09_01,195,2024,sunflower,2.7365853658536587,2.282366655830168,3.2249000000000003,2.2547869646006644,2.357829214131095,blend_crop_mean
all_crops,09_01,197,2024,sunflower,3.2877551020408164,2.27372450737521,3.2267,2.2547869646006644,2.3535081399036155,blend_crop_mean
all_crops,09_01,207,2024,sunflower,3.107023712920386,2.455537248164474,2.8238,2.2547869646006644,2.4444145102982473,blend_crop_mean
all_crops,09_01,208,2024,sunflower,2.360615384615385,2.1606580875219334,2.4902,2.2547869646006644,2.2969749299769773,blend_crop_mean
all_crops,09_01,210,2024,wheat_winter,5.519493927125506,4.641162791462097,5.754099999999999,3.5237797966522484,3.464477167691663,blend_crop_mean
all_crops,09_01,212,2024,sunflower,1.900882352941176,2.232398898769699,2.5872,2.2547869646006644,2.33284533560086,blend_crop_mean
all_crops,09_01,215,2024,wheat_winter,4.476708860759494,3.839847108188898,4.2056,3.5237797966522484,3.0638193260550635,blend_crop_mean
all_crops,09_01,216,2024,wheat_winter,5.342162162162162,3.9638725965154777,5.3586,3.5237797966522484,3.125832070218353,blend_crop_mean
all_crops,09_01,217,2024,sunflower,2.9758823529411766,2.369486904842298,3.2312,2.2547869646006644,2.4013893386371596,blend_crop_mean
all_crops,09_01,218,2024,wheat_spring,4.027153846153846,3.184362458844786,3.4,2.7584835033320987,2.5880557645083373,blend_crop_mean
all_crops,09_01,219,2024,wheat_spring,3.6718380952380953,3.3054667496671675,3.2952,2.7584835033320987,2.6486079099195283,blend_crop_mean
all_crops,09_01,220,2024,wheat_spring,3.12756,3.4653745738119337,3.8434,2.7584835033320987,2.728561821991911,blend_crop_mean
all_crops,09_01,222,2024,wheat_spring,3.6562580645161287,3.4911677147031845,3.9848,2.7584835033320987,2.7414583924375364,blend_crop_mean
all_crops,09_01,223,2024,wheat_spring,3.350857142857143,3.3565456818457005,4.2385,2.7584835033320987,2.6741473760087944,blend_crop_mean
all_crops,09_01,224,2024,wheat_winter,5.0582692307692305,4.215927373192827,4.9363,3.5237797966522484,3.2518594585570275,blend_crop_mean
all_crops,09_01,226,2024,wheat_winter,4.9315,4.1291288228304746,4.5445,3.5237797966522484,3.2084601833758515,blend_crop_mean
all_crops,09_01,227,2024,barley_spring,3.007739884393064,3.5821261886899083,3.5776000000000003,2.9569590723634662,3.207024071340311,blend_crop_mean
all_crops,09_01,228,2024,sunflower,3.052881355932203,2.2746732066540463,3.0939,2.2547869646006644,2.353982489543034,blend_crop_mean
all_crops,09_01,229,2024,sunflower,3.2544166666666663,1.742423478352512,2.2845,2.2547869646006644,2.0878576253922665,blend_crop_mean
all_crops,09_01,230,2024,sunflower,3.2521793721973093,2.247466115874052,3.0899,2.2547869646006644,2.3403789441530365,blend_crop_mean
all_crops,09_01,231,2024,wheat_spring,3.806382978723404,3.5536653092976636,3.636,2.7584835033320987,2.772707189734776,blend_crop_mean
all_crops,09_01,232,2024,wheat_spring,3.330304054054054,3.422616281542804,3.8371,2.7584835033320987,2.7071826758573465,blend_crop_mean
all_crops,09_01,234,2024,sunflower,3.295057142857143,1.9162447257694817,2.6495,2.2547869646006644,2.1747682491007514,blend_crop_mean
all_crops,09_01,195,2025,wheat_spring,2.7195121951219514,3.097203909616747,2.8708,2.7859952931393197,3.097203909616747,blend_crop_mean
all_crops,09_01,197,2025,wheat_spring,3.779416909620991,3.130119830864165,3.1238,2.7859952931393197,3.130119830864165,blend_crop_mean
all_crops,09_01,208,2025,wheat_spring,3.8430769230769233,3.2978889421786555,3.0721,2.7859952931393197,3.2978889421786555,blend_crop_mean
all_crops,09_01,209,2025,sunflower,2.332040444223438,2.243864511813616,3.0953,2.253882200699135,2.243864511813616,blend_crop_mean
all_crops,09_01,210,2025,sunflower,3.192550607287449,2.2802384978736336,2.6427,2.253882200699135,2.2802384978736336,blend_crop_mean
all_crops,09_01,212,2025,wheat_spring,1.7024264705882353,2.6035416620217244,2.8967,2.7859952931393197,2.6035416620217244,blend_crop_mean
all_crops,09_01,213,2025,barley_spring,1.53,2.9379546693232994,3.0796,2.9620422462150753,2.9379546693232994,blend_crop_mean
all_crops,09_01,214,2025,barley_spring,1.53,2.955633952560145,3.0119,2.9620422462150753,2.955633952560145,blend_crop_mean
all_crops,09_01,215,2025,sunflower,3.0739240506329115,2.1117030893813133,2.6681,2.253882200699135,2.1117030893813133,blend_crop_mean
all_crops,09_01,216,2025,sunflower,2.986756756756757,2.2406486562033936,2.9402,2.253882200699135,2.2406486562033936,blend_crop_mean
all_crops,09_01,217,2025,wheat_spring,2.5629901960784314,2.72437059464628,2.7186,2.7859952931393197,2.72437059464628,blend_crop_mean
all_crops,09_01,218,2025,wheat_spring,4.112820512820513,3.173729831266157,2.6460999999999997,2.7859952931393197,3.173729831266157,blend_crop_mean
all_crops,09_01,219,2025,barley_spring,3.528095238095238,3.467650538001181,3.8607,2.9620422462150753,3.467650538001181,blend_crop_mean
all_crops,09_01,220,2025,wheat_spring,3.3072000000000004,3.149641927270244,3.6214,2.7859952931393197,3.149641927270244,blend_crop_mean
all_crops,09_01,222,2025,sunflower,2.972258064516129,2.0711369383969394,2.5682,2.253882200699135,2.0711369383969394,blend_crop_mean
all_crops,09_01,223,2025,sunflower,3.305142857142857,2.1020379100195914,2.6925999999999997,2.253882200699135,2.1020379100195914,blend_crop_mean
all_crops,09_01,224,2025,sunflower,3.0742307692307693,2.0757066641340227,3.1024000000000003,2.253882200699135,2.0757066641340227,blend_crop_mean
all_crops,09_01,226,2025,sunflower,3.0420000000000003,2.091787731350962,3.3878999999999997,2.253882200699135,2.091787731350962,blend_crop_mean
all_crops,09_01,227,2025,pea,1.5521965317919073,2.8543113797244137,2.822,2.337815103722531,2.8543113797244137,blend_crop_mean
all_crops,09_01,228,2025,wheat_spring,3.004576271186441,3.133048220918475,3.5229999999999997,2.7859952931393197,3.133048220918475,blend_crop_mean
all_crops,09_01,229,2025,wheat_spring,3.5050000000000003,2.6662101105820497,3.1488,2.7859952931393197,2.6662101105820497,blend_crop_mean
all_crops,09_01,230,2025,wheat_spring,3.6687443946188343,3.336382602426425,2.9788,2.7859952931393197,3.336382602426425,blend_crop_mean
all_crops,09_01,231,2025,pea,1.3324255319148937,2.742571858743768,2.49,2.337815103722531,2.742571858743768,blend_crop_mean
all_crops,09_01,232,2025,pea,1.8102027027027028,2.8019840928918898,2.47,2.337815103722531,2.8019840928918898,blend_crop_mean
all_crops,09_01,234,2025,,4.494857142857143,2.8888595436175697,4.459300000000001,2.498899368049851,2.8888595436175697,blend_crop_mean
sunflower,07_01,207,2018,sunflower,3.496,2.743751891161017,1.7426,2.215669563352981,2.743751891161017,peer_raw
sunflower,07_01,209,2018,sunflower,1.7399999999999998,2.4769250437575794,2.1047,2.215669563352981,2.4769250437575794,peer_raw
sunflower,07_01,227,2018,sunflower,2.613,2.6456776356774556,2.2504,2.215669563352981,2.6456776356774556,peer_raw
sunflower,07_01,208,2019,sunflower,2.133,2.4441567328602467,2.4488,2.2303410172138705,2.4441567328602467,peer_raw
sunflower,07_01,210,2019,sunflower,1.965,2.621138669150298,2.1532,2.2303410172138705,2.621138669150298,peer_raw
sunflower,07_01,211,2019,sunflower,1.868,2.674561220504336,1.8706,2.2303410172138705,2.674561220504336,peer_raw
sunflower,07_01,215,2019,sunflower,1.672,2.488546602423888,1.6133,2.2303410172138705,2.488546602423888,peer_raw
sunflower,07_01,216,2019,sunflower,1.95,2.4439763663362872,2.4646999999999997,2.2303410172138705,2.4439763663362872,peer_raw
sunflower,07_01,217,2019,sunflower,1.962,2.5715730834073196,2.1968,2.2303410172138705,2.5715730834073196,peer_raw
sunflower,07_01,219,2019,sunflower,2.273,2.4280762054328777,1.8412,2.2303410172138705,2.4280762054328777,peer_raw
sunflower,07_01,220,2019,sunflower,2.7649999999999997,2.3457288171078265,2.4154,2.2303410172138705,2.3457288171078265,peer_raw
sunflower,07_01,221,2019,sunflower,1.982,2.6256865936743683,2.2328,2.2303410172138705,2.6256865936743683,peer_raw
sunflower,07_01,222,2019,sunflower,2.648,2.484079985383362,2.2677,2.2303410172138705,2.484079985383362,peer_raw
sunflower,07_01,223,2019,sunflower,2.651,2.6669039180672645,1.9398,2.2303410172138705,2.6669039180672645,peer_raw
sunflower,07_01,224,2019,sunflower,3.961,2.4067524910661713,2.8208,2.2303410172138705,2.4067524910661713,peer_raw
sunflower,07_01,225,2019,sunflower,3.961,2.553157963026494,2.7367999999999997,2.2303410172138705,2.553157963026494,peer_raw
sunflower,07_01,226,2019,sunflower,2.9829999999999997,2.294635976110378,2.232,2.2303410172138705,2.294635976110378,peer_raw
sunflower,07_01,208,2021,sunflower,2.1216153846153847,2.8318639447548843,2.7356000000000003,2.257415477956708,2.8318639447548843,peer_raw
sunflower,07_01,209,2021,sunflower,2.268059008785016,2.500202970695932,2.1295,2.257415477956708,2.500202970695932,peer_raw
sunflower,07_01,210,2021,sunflower,1.4783400809716598,3.004877674306285,2.2004,2.257415477956708,3.004877674306285,peer_raw
sunflower,07_01,211,2021,sunflower,2.1389247311827955,3.031352556576921,2.3226,2.257415477956708,3.031352556576921,peer_raw
sunflower,07_01,212,2021,sunflower,3.3983823529411765,3.0912336495813366,2.1821,2.257415477956708,3.0912336495813366,peer_raw
sunflower,07_01,215,2021,sunflower,2.9865822784810128,2.6978665448559647,2.2252,2.257415477956708,2.6978665448559647,peer_raw
sunflower,07_01,216,2021,sunflower,2.925945945945946,2.8168809628220752,2.3702,2.257415477956708,2.8168809628220752,peer_raw
sunflower,07_01,217,2021,sunflower,2.768578431372549,3.019999176885918,2.068,2.257415477956708,3.019999176885918,peer_raw
sunflower,07_01,218,2021,sunflower,2.12974358974359,2.622041772498307,2.1287,2.257415477956708,2.622041772498307,peer_raw
sunflower,07_01,219,2021,sunflower,2.818952380952381,2.8354563111487225,1.6074000000000002,2.257415477956708,2.8354563111487225,peer_raw
sunflower,07_01,220,2021,sunflower,2.0264,2.8269958582057813,2.4085,2.257415477956708,2.8269958582057813,peer_raw
sunflower,07_01,221,2021,sunflower,1.7475,2.7522902790179367,2.4882999999999997,2.257415477956708,2.7522902790179367,peer_raw
sunflower,07_01,222,2021,sunflower,2.9396774193548385,2.6788397153166983,2.7789,2.257415477956708,2.6788397153166983,peer_raw
sunflower,07_01,223,2021,sunflower,2.8625714285714285,2.949602635046757,1.9953,2.257415477956708,2.949602635046757,peer_raw
sunflower,07_01,224,2021,sunflower,2.0925,2.480840243971794,2.6346,2.257415477956708,2.480840243971794,peer_raw
sunflower,07_01,225,2021,sunflower,1.85,2.590724240007307,2.7541,2.257415477956708,2.590724240007307,peer_raw
sunflower,07_01,226,2021,sunflower,2.4555,2.586243751816225,2.0779,2.257415477956708,2.586243751816225,peer_raw
sunflower,07_01,213,2022,sunflower,1.481428571428571,2.807213492429315,2.8958,2.2824328364554223,2.807213492429315,peer_raw
sunflower,07_01,214,2022,sunflower,1.002222222222222,2.708950191600306,3.2154000000000003,2.2824328364554223,2.708950191600306,peer_raw
sunflower,07_01,230,2022,sunflower,3.257219730941704,2.8660980574016057,1.8525,2.2824328364554223,2.8660980574016057,peer_raw
sunflower,07_01,219,2023,sunflower,2.802523809523809,2.607393370550286,1.6792000000000002,2.256223661763095,2.607393370550286,peer_raw
sunflower,07_01,227,2023,sunflower,2.6015895953757227,2.280273213952123,1.9678,2.256223661763095,2.280273213952123,peer_raw
sunflower,07_01,231,2023,sunflower,2.2995063829787235,2.2990050248123333,1.5364,2.256223661763095,2.2990050248123333,peer_raw
sunflower,07_01,232,2023,sunflower,2.6881993243243243,2.29174232485022,1.8707,2.256223661763095,2.29174232485022,peer_raw
sunflower,07_01,195,2024,sunflower,2.7365853658536587,2.8862685976356013,2.5282,2.2547869646006644,2.8862685976356013,peer_raw
sunflower,07_01,197,2024,sunflower,3.2877551020408164,2.824610071356129,2.4313,2.2547869646006644,2.824610071356129,peer_raw
sunflower,07_01,207,2024,sunflower,3.107023712920386,2.910288639605476,2.3039,2.2547869646006644,2.910288639605476,peer_raw
sunflower,07_01,208,2024,sunflower,2.360615384615385,2.6180118152507523,2.3794,2.2547869646006644,2.6180118152507523,peer_raw
sunflower,07_01,212,2024,sunflower,1.900882352941176,2.795805418164059,2.5942,2.2547869646006644,2.795805418164059,peer_raw
sunflower,07_01,217,2024,sunflower,2.9758823529411766,2.841517429204279,2.9491,2.2547869646006644,2.841517429204279,peer_raw
sunflower,07_01,228,2024,sunflower,3.052881355932203,2.6628209747134934,2.4486999999999997,2.2547869646006644,2.6628209747134934,peer_raw
sunflower,07_01,229,2024,sunflower,3.2544166666666663,2.3036075120514896,2.7904,2.2547869646006644,2.3036075120514896,peer_raw
sunflower,07_01,230,2024,sunflower,3.2521793721973093,2.9017114765535466,2.7013000000000003,2.2547869646006644,2.9017114765535466,peer_raw
sunflower,07_01,234,2024,sunflower,3.295057142857143,2.704728411230571,2.2541,2.2547869646006644,2.704728411230571,peer_raw
sunflower,07_01,209,2025,sunflower,2.332040444223438,2.8303687090196537,2.6901,2.253882200699135,2.8303687090196537,peer_raw
sunflower,07_01,210,2025,sunflower,3.192550607287449,2.8405589711330443,2.52,2.253882200699135,2.8405589711330443,peer_raw
sunflower,07_01,215,2025,sunflower,3.0739240506329115,2.8180809152805812,2.6576,2.253882200699135,2.8180809152805812,peer_raw
sunflower,07_01,216,2025,sunflower,2.986756756756757,2.7587870208062313,2.8066,2.253882200699135,2.7587870208062313,peer_raw
sunflower,07_01,222,2025,sunflower,2.972258064516129,2.6340070284309753,2.3774,2.253882200699135,2.6340070284309753,peer_raw
sunflower,07_01,223,2025,sunflower,3.305142857142857,2.7538508029840036,2.3918,2.253882200699135,2.7538508029840036,peer_raw
sunflower,07_01,224,2025,sunflower,3.0742307692307693,2.7370487674679693,2.7087,2.253882200699135,2.7370487674679693,peer_raw
sunflower,07_01,226,2025,sunflower,3.0420000000000003,2.7109612949647133,2.7547,2.253882200699135,2.7109612949647133,peer_raw
sunflower,07_01,207,2018,sunflower,3.496,2.743751891161017,1.7426,2.215669563352981,2.743751891161017,residual_global
sunflower,07_01,209,2018,sunflower,1.7399999999999998,2.4769250437575794,2.1047,2.215669563352981,2.4769250437575794,residual_global
sunflower,07_01,227,2018,sunflower,2.613,2.6456776356774556,2.2504,2.215669563352981,2.6456776356774556,residual_global
sunflower,07_01,208,2019,sunflower,2.133,2.4441567328602467,2.4488,2.2303410172138705,2.4441567328602467,residual_global
sunflower,07_01,210,2019,sunflower,1.965,2.621138669150298,2.1532,2.2303410172138705,2.621138669150298,residual_global
sunflower,07_01,211,2019,sunflower,1.868,2.674561220504336,1.8706,2.2303410172138705,2.674561220504336,residual_global
sunflower,07_01,215,2019,sunflower,1.672,2.488546602423888,1.6133,2.2303410172138705,2.488546602423888,residual_global
sunflower,07_01,216,2019,sunflower,1.95,2.4439763663362872,2.4646999999999997,2.2303410172138705,2.4439763663362872,residual_global
sunflower,07_01,217,2019,sunflower,1.962,2.5715730834073196,2.1968,2.2303410172138705,2.5715730834073196,residual_global
sunflower,07_01,219,2019,sunflower,2.273,2.4280762054328777,1.8412,2.2303410172138705,2.4280762054328777,residual_global
sunflower,07_01,220,2019,sunflower,2.7649999999999997,2.3457288171078265,2.4154,2.2303410172138705,2.3457288171078265,residual_global
sunflower,07_01,221,2019,sunflower,1.982,2.6256865936743683,2.2328,2.2303410172138705,2.6256865936743683,residual_global
sunflower,07_01,222,2019,sunflower,2.648,2.484079985383362,2.2677,2.2303410172138705,2.484079985383362,residual_global
sunflower,07_01,223,2019,sunflower,2.651,2.6669039180672645,1.9398,2.2303410172138705,2.6669039180672645,residual_global
sunflower,07_01,224,2019,sunflower,3.961,2.4067524910661713,2.8208,2.2303410172138705,2.4067524910661713,residual_global
sunflower,07_01,225,2019,sunflower,3.961,2.553157963026494,2.7367999999999997,2.2303410172138705,2.553157963026494,residual_global
sunflower,07_01,226,2019,sunflower,2.9829999999999997,2.294635976110378,2.232,2.2303410172138705,2.294635976110378,residual_global
sunflower,07_01,208,2021,sunflower,2.1216153846153847,2.8318639447548843,2.7356000000000003,2.257415477956708,2.8318639447548843,residual_global
sunflower,07_01,209,2021,sunflower,2.268059008785016,2.500202970695932,2.1295,2.257415477956708,2.500202970695932,residual_global
sunflower,07_01,210,2021,sunflower,1.4783400809716598,3.004877674306285,2.2004,2.257415477956708,3.004877674306285,residual_global
sunflower,07_01,211,2021,sunflower,2.1389247311827955,3.031352556576921,2.3226,2.257415477956708,3.031352556576921,residual_global
sunflower,07_01,212,2021,sunflower,3.3983823529411765,3.0912336495813366,2.1821,2.257415477956708,3.0912336495813366,residual_global
sunflower,07_01,215,2021,sunflower,2.9865822784810128,2.6978665448559647,2.2252,2.257415477956708,2.6978665448559647,residual_global
sunflower,07_01,216,2021,sunflower,2.925945945945946,2.8168809628220752,2.3702,2.257415477956708,2.8168809628220752,residual_global
sunflower,07_01,217,2021,sunflower,2.768578431372549,3.019999176885918,2.068,2.257415477956708,3.019999176885918,residual_global
sunflower,07_01,218,2021,sunflower,2.12974358974359,2.622041772498307,2.1287,2.257415477956708,2.622041772498307,residual_global
sunflower,07_01,219,2021,sunflower,2.818952380952381,2.8354563111487225,1.6074000000000002,2.257415477956708,2.8354563111487225,residual_global
sunflower,07_01,220,2021,sunflower,2.0264,2.8269958582057813,2.4085,2.257415477956708,2.8269958582057813,residual_global
sunflower,07_01,221,2021,sunflower,1.7475,2.7522902790179367,2.4882999999999997,2.257415477956708,2.7522902790179367,residual_global
sunflower,07_01,222,2021,sunflower,2.9396774193548385,2.6788397153166983,2.7789,2.257415477956708,2.6788397153166983,residual_global
sunflower,07_01,223,2021,sunflower,2.8625714285714285,2.949602635046757,1.9953,2.257415477956708,2.949602635046757,residual_global
sunflower,07_01,224,2021,sunflower,2.0925,2.480840243971794,2.6346,2.257415477956708,2.480840243971794,residual_global
sunflower,07_01,225,2021,sunflower,1.85,2.590724240007307,2.7541,2.257415477956708,2.590724240007307,residual_global
sunflower,07_01,226,2021,sunflower,2.4555,2.586243751816225,2.0779,2.257415477956708,2.586243751816225,residual_global
sunflower,07_01,213,2022,sunflower,1.481428571428571,2.807213492429315,2.8958,2.2824328364554223,2.6130850086134845,residual_global
sunflower,07_01,214,2022,sunflower,1.002222222222222,2.708950191600306,3.2154000000000003,2.2824328364554223,2.5148217077844754,residual_global
sunflower,07_01,230,2022,sunflower,3.257219730941704,2.8660980574016057,1.8525,2.2824328364554223,2.671969573585775,residual_global
sunflower,07_01,219,2023,sunflower,2.802523809523809,2.607393370550286,1.6792000000000002,2.256223661763095,2.357616082264422,residual_global
sunflower,07_01,227,2023,sunflower,2.6015895953757227,2.280273213952123,1.9678,2.256223661763095,2.030495925666259,residual_global
sunflower,07_01,231,2023,sunflower,2.2995063829787235,2.2990050248123333,1.5364,2.256223661763095,2.0492277365264693,residual_global
sunflower,07_01,232,2023,sunflower,2.6881993243243243,2.29174232485022,1.8707,2.256223661763095,2.041965036564356,residual_global
sunflower,07_01,195,2024,sunflower,2.7365853658536587,2.8862685976356013,2.5282,2.2547869646006644,2.6831380003541536,residual_global
sunflower,07_01,197,2024,sunflower,3.2877551020408164,2.824610071356129,2.4313,2.2547869646006644,2.621479474074681,residual_global
sunflower,07_01,207,2024,sunflower,3.107023712920386,2.910288639605476,2.3039,2.2547869646006644,2.7071580423240285,residual_global
sunflower,07_01,208,2024,sunflower,2.360615384615385,2.6180118152507523,2.3794,2.2547869646006644,2.4148812179693047,residual_global
sunflower,07_01,212,2024,sunflower,1.900882352941176,2.795805418164059,2.5942,2.2547869646006644,2.5926748208826114,residual_global
sunflower,07_01,217,2024,sunflower,2.9758823529411766,2.841517429204279,2.9491,2.2547869646006644,2.638386831922831,residual_global
sunflower,07_01,228,2024,sunflower,3.052881355932203,2.6628209747134934,2.4486999999999997,2.2547869646006644,2.4596903774320458,residual_global
sunflower,07_01,229,2024,sunflower,3.2544166666666663,2.3036075120514896,2.7904,2.2547869646006644,2.100476914770042,residual_global
sunflower,07_01,230,2024,sunflower,3.2521793721973093,2.9017114765535466,2.7013000000000003,2.2547869646006644,2.698580879272099,residual_global
sunflower,07_01,234,2024,sunflower,3.295057142857143,2.704728411230571,2.2541,2.2547869646006644,2.5015978139491235,residual_global
sunflower,07_01,209,2025,sunflower,2.332040444223438,2.8303687090196537,2.6901,2.253882200699135,2.701850159503206,residual_global
sunflower,07_01,210,2025,sunflower,3.192550607287449,2.8405589711330443,2.52,2.253882200699135,2.7120404216165968,residual_global
sunflower,07_01,215,2025,sunflower,3.0739240506329115,2.8180809152805812,2.6576,2.253882200699135,2.6895623657641337,residual_global
sunflower,07_01,216,2025,sunflower,2.986756756756757,2.7587870208062313,2.8066,2.253882200699135,2.6302684712897837,residual_global
sunflower,07_01,222,2025,sunflower,2.972258064516129,2.6340070284309753,2.3774,2.253882200699135,2.5054884789145278,residual_global
sunflower,07_01,223,2025,sunflower,3.305142857142857,2.7538508029840036,2.3918,2.253882200699135,2.625332253467556,residual_global
sunflower,07_01,224,2025,sunflower,3.0742307692307693,2.7370487674679693,2.7087,2.253882200699135,2.6085302179515217,residual_global
sunflower,07_01,226,2025,sunflower,3.0420000000000003,2.7109612949647133,2.7547,2.253882200699135,2.5824427454482657,residual_global
sunflower,07_01,207,2018,sunflower,3.496,2.743751891161017,1.7426,2.215669563352981,2.743751891161017,residual_crop
sunflower,07_01,209,2018,sunflower,1.7399999999999998,2.4769250437575794,2.1047,2.215669563352981,2.4769250437575794,residual_crop
sunflower,07_01,227,2018,sunflower,2.613,2.6456776356774556,2.2504,2.215669563352981,2.6456776356774556,residual_crop
sunflower,07_01,208,2019,sunflower,2.133,2.4441567328602467,2.4488,2.2303410172138705,2.4441567328602467,residual_crop
sunflower,07_01,210,2019,sunflower,1.965,2.621138669150298,2.1532,2.2303410172138705,2.621138669150298,residual_crop
sunflower,07_01,211,2019,sunflower,1.868,2.674561220504336,1.8706,2.2303410172138705,2.674561220504336,residual_crop
sunflower,07_01,215,2019,sunflower,1.672,2.488546602423888,1.6133,2.2303410172138705,2.488546602423888,residual_crop
sunflower,07_01,216,2019,sunflower,1.95,2.4439763663362872,2.4646999999999997,2.2303410172138705,2.4439763663362872,residual_crop
sunflower,07_01,217,2019,sunflower,1.962,2.5715730834073196,2.1968,2.2303410172138705,2.5715730834073196,residual_crop
sunflower,07_01,219,2019,sunflower,2.273,2.4280762054328777,1.8412,2.2303410172138705,2.4280762054328777,residual_crop
sunflower,07_01,220,2019,sunflower,2.7649999999999997,2.3457288171078265,2.4154,2.2303410172138705,2.3457288171078265,residual_crop
sunflower,07_01,221,2019,sunflower,1.982,2.6256865936743683,2.2328,2.2303410172138705,2.6256865936743683,residual_crop
sunflower,07_01,222,2019,sunflower,2.648,2.484079985383362,2.2677,2.2303410172138705,2.484079985383362,residual_crop
sunflower,07_01,223,2019,sunflower,2.651,2.6669039180672645,1.9398,2.2303410172138705,2.6669039180672645,residual_crop
sunflower,07_01,224,2019,sunflower,3.961,2.4067524910661713,2.8208,2.2303410172138705,2.4067524910661713,residual_crop
sunflower,07_01,225,2019,sunflower,3.961,2.553157963026494,2.7367999999999997,2.2303410172138705,2.553157963026494,residual_crop
sunflower,07_01,226,2019,sunflower,2.9829999999999997,2.294635976110378,2.232,2.2303410172138705,2.294635976110378,residual_crop
sunflower,07_01,208,2021,sunflower,2.1216153846153847,2.8318639447548843,2.7356000000000003,2.257415477956708,2.8318639447548843,residual_crop
sunflower,07_01,209,2021,sunflower,2.268059008785016,2.500202970695932,2.1295,2.257415477956708,2.500202970695932,residual_crop
sunflower,07_01,210,2021,sunflower,1.4783400809716598,3.004877674306285,2.2004,2.257415477956708,3.004877674306285,residual_crop
sunflower,07_01,211,2021,sunflower,2.1389247311827955,3.031352556576921,2.3226,2.257415477956708,3.031352556576921,residual_crop
sunflower,07_01,212,2021,sunflower,3.3983823529411765,3.0912336495813366,2.1821,2.257415477956708,3.0912336495813366,residual_crop
sunflower,07_01,215,2021,sunflower,2.9865822784810128,2.6978665448559647,2.2252,2.257415477956708,2.6978665448559647,residual_crop
sunflower,07_01,216,2021,sunflower,2.925945945945946,2.8168809628220752,2.3702,2.257415477956708,2.8168809628220752,residual_crop
sunflower,07_01,217,2021,sunflower,2.768578431372549,3.019999176885918,2.068,2.257415477956708,3.019999176885918,residual_crop
sunflower,07_01,218,2021,sunflower,2.12974358974359,2.622041772498307,2.1287,2.257415477956708,2.622041772498307,residual_crop
sunflower,07_01,219,2021,sunflower,2.818952380952381,2.8354563111487225,1.6074000000000002,2.257415477956708,2.8354563111487225,residual_crop
sunflower,07_01,220,2021,sunflower,2.0264,2.8269958582057813,2.4085,2.257415477956708,2.8269958582057813,residual_crop
sunflower,07_01,221,2021,sunflower,1.7475,2.7522902790179367,2.4882999999999997,2.257415477956708,2.7522902790179367,residual_crop
sunflower,07_01,222,2021,sunflower,2.9396774193548385,2.6788397153166983,2.7789,2.257415477956708,2.6788397153166983,residual_crop
sunflower,07_01,223,2021,sunflower,2.8625714285714285,2.949602635046757,1.9953,2.257415477956708,2.949602635046757,residual_crop
sunflower,07_01,224,2021,sunflower,2.0925,2.480840243971794,2.6346,2.257415477956708,2.480840243971794,residual_crop
sunflower,07_01,225,2021,sunflower,1.85,2.590724240007307,2.7541,2.257415477956708,2.590724240007307,residual_crop
sunflower,07_01,226,2021,sunflower,2.4555,2.586243751816225,2.0779,2.257415477956708,2.586243751816225,residual_crop
sunflower,07_01,213,2022,sunflower,1.481428571428571,2.807213492429315,2.8958,2.2824328364554223,2.6130850086134845,residual_crop
sunflower,07_01,214,2022,sunflower,1.002222222222222,2.708950191600306,3.2154000000000003,2.2824328364554223,2.5148217077844754,residual_crop
sunflower,07_01,230,2022,sunflower,3.257219730941704,2.8660980574016057,1.8525,2.2824328364554223,2.671969573585775,residual_crop
sunflower,07_01,219,2023,sunflower,2.802523809523809,2.607393370550286,1.6792000000000002,2.256223661763095,2.357616082264422,residual_crop
sunflower,07_01,227,2023,sunflower,2.6015895953757227,2.280273213952123,1.9678,2.256223661763095,2.030495925666259,residual_crop
sunflower,07_01,231,2023,sunflower,2.2995063829787235,2.2990050248123333,1.5364,2.256223661763095,2.0492277365264693,residual_crop
sunflower,07_01,232,2023,sunflower,2.6881993243243243,2.29174232485022,1.8707,2.256223661763095,2.041965036564356,residual_crop
sunflower,07_01,195,2024,sunflower,2.7365853658536587,2.8862685976356013,2.5282,2.2547869646006644,2.6831380003541536,residual_crop
sunflower,07_01,197,2024,sunflower,3.2877551020408164,2.824610071356129,2.4313,2.2547869646006644,2.621479474074681,residual_crop
sunflower,07_01,207,2024,sunflower,3.107023712920386,2.910288639605476,2.3039,2.2547869646006644,2.7071580423240285,residual_crop
sunflower,07_01,208,2024,sunflower,2.360615384615385,2.6180118152507523,2.3794,2.2547869646006644,2.4148812179693047,residual_crop
sunflower,07_01,212,2024,sunflower,1.900882352941176,2.795805418164059,2.5942,2.2547869646006644,2.5926748208826114,residual_crop
sunflower,07_01,217,2024,sunflower,2.9758823529411766,2.841517429204279,2.9491,2.2547869646006644,2.638386831922831,residual_crop
sunflower,07_01,228,2024,sunflower,3.052881355932203,2.6628209747134934,2.4486999999999997,2.2547869646006644,2.4596903774320458,residual_crop
sunflower,07_01,229,2024,sunflower,3.2544166666666663,2.3036075120514896,2.7904,2.2547869646006644,2.100476914770042,residual_crop
sunflower,07_01,230,2024,sunflower,3.2521793721973093,2.9017114765535466,2.7013000000000003,2.2547869646006644,2.698580879272099,residual_crop
sunflower,07_01,234,2024,sunflower,3.295057142857143,2.704728411230571,2.2541,2.2547869646006644,2.5015978139491235,residual_crop
sunflower,07_01,209,2025,sunflower,2.332040444223438,2.8303687090196537,2.6901,2.253882200699135,2.701850159503206,residual_crop
sunflower,07_01,210,2025,sunflower,3.192550607287449,2.8405589711330443,2.52,2.253882200699135,2.7120404216165968,residual_crop
sunflower,07_01,215,2025,sunflower,3.0739240506329115,2.8180809152805812,2.6576,2.253882200699135,2.6895623657641337,residual_crop
sunflower,07_01,216,2025,sunflower,2.986756756756757,2.7587870208062313,2.8066,2.253882200699135,2.6302684712897837,residual_crop
sunflower,07_01,222,2025,sunflower,2.972258064516129,2.6340070284309753,2.3774,2.253882200699135,2.5054884789145278,residual_crop
sunflower,07_01,223,2025,sunflower,3.305142857142857,2.7538508029840036,2.3918,2.253882200699135,2.625332253467556,residual_crop
sunflower,07_01,224,2025,sunflower,3.0742307692307693,2.7370487674679693,2.7087,2.253882200699135,2.6085302179515217,residual_crop
sunflower,07_01,226,2025,sunflower,3.0420000000000003,2.7109612949647133,2.7547,2.253882200699135,2.5824427454482657,residual_crop
sunflower,07_01,207,2018,sunflower,3.496,2.743751891161017,1.7426,2.215669563352981,2.743751891161017,linear_global
sunflower,07_01,209,2018,sunflower,1.7399999999999998,2.4769250437575794,2.1047,2.215669563352981,2.4769250437575794,linear_global
sunflower,07_01,227,2018,sunflower,2.613,2.6456776356774556,2.2504,2.215669563352981,2.6456776356774556,linear_global
sunflower,07_01,208,2019,sunflower,2.133,2.4441567328602467,2.4488,2.2303410172138705,2.4441567328602467,linear_global
sunflower,07_01,210,2019,sunflower,1.965,2.621138669150298,2.1532,2.2303410172138705,2.621138669150298,linear_global
sunflower,07_01,211,2019,sunflower,1.868,2.674561220504336,1.8706,2.2303410172138705,2.674561220504336,linear_global
sunflower,07_01,215,2019,sunflower,1.672,2.488546602423888,1.6133,2.2303410172138705,2.488546602423888,linear_global
sunflower,07_01,216,2019,sunflower,1.95,2.4439763663362872,2.4646999999999997,2.2303410172138705,2.4439763663362872,linear_global
sunflower,07_01,217,2019,sunflower,1.962,2.5715730834073196,2.1968,2.2303410172138705,2.5715730834073196,linear_global
sunflower,07_01,219,2019,sunflower,2.273,2.4280762054328777,1.8412,2.2303410172138705,2.4280762054328777,linear_global
sunflower,07_01,220,2019,sunflower,2.7649999999999997,2.3457288171078265,2.4154,2.2303410172138705,2.3457288171078265,linear_global
sunflower,07_01,221,2019,sunflower,1.982,2.6256865936743683,2.2328,2.2303410172138705,2.6256865936743683,linear_global
sunflower,07_01,222,2019,sunflower,2.648,2.484079985383362,2.2677,2.2303410172138705,2.484079985383362,linear_global
sunflower,07_01,223,2019,sunflower,2.651,2.6669039180672645,1.9398,2.2303410172138705,2.6669039180672645,linear_global
sunflower,07_01,224,2019,sunflower,3.961,2.4067524910661713,2.8208,2.2303410172138705,2.4067524910661713,linear_global
sunflower,07_01,225,2019,sunflower,3.961,2.553157963026494,2.7367999999999997,2.2303410172138705,2.553157963026494,linear_global
sunflower,07_01,226,2019,sunflower,2.9829999999999997,2.294635976110378,2.232,2.2303410172138705,2.294635976110378,linear_global
sunflower,07_01,208,2021,sunflower,2.1216153846153847,2.8318639447548843,2.7356000000000003,2.257415477956708,2.8318639447548843,linear_global
sunflower,07_01,209,2021,sunflower,2.268059008785016,2.500202970695932,2.1295,2.257415477956708,2.500202970695932,linear_global
sunflower,07_01,210,2021,sunflower,1.4783400809716598,3.004877674306285,2.2004,2.257415477956708,3.004877674306285,linear_global
sunflower,07_01,211,2021,sunflower,2.1389247311827955,3.031352556576921,2.3226,2.257415477956708,3.031352556576921,linear_global
sunflower,07_01,212,2021,sunflower,3.3983823529411765,3.0912336495813366,2.1821,2.257415477956708,3.0912336495813366,linear_global
sunflower,07_01,215,2021,sunflower,2.9865822784810128,2.6978665448559647,2.2252,2.257415477956708,2.6978665448559647,linear_global
sunflower,07_01,216,2021,sunflower,2.925945945945946,2.8168809628220752,2.3702,2.257415477956708,2.8168809628220752,linear_global
sunflower,07_01,217,2021,sunflower,2.768578431372549,3.019999176885918,2.068,2.257415477956708,3.019999176885918,linear_global
sunflower,07_01,218,2021,sunflower,2.12974358974359,2.622041772498307,2.1287,2.257415477956708,2.622041772498307,linear_global
sunflower,07_01,219,2021,sunflower,2.818952380952381,2.8354563111487225,1.6074000000000002,2.257415477956708,2.8354563111487225,linear_global
sunflower,07_01,220,2021,sunflower,2.0264,2.8269958582057813,2.4085,2.257415477956708,2.8269958582057813,linear_global
sunflower,07_01,221,2021,sunflower,1.7475,2.7522902790179367,2.4882999999999997,2.257415477956708,2.7522902790179367,linear_global
sunflower,07_01,222,2021,sunflower,2.9396774193548385,2.6788397153166983,2.7789,2.257415477956708,2.6788397153166983,linear_global
sunflower,07_01,223,2021,sunflower,2.8625714285714285,2.949602635046757,1.9953,2.257415477956708,2.949602635046757,linear_global
sunflower,07_01,224,2021,sunflower,2.0925,2.480840243971794,2.6346,2.257415477956708,2.480840243971794,linear_global
sunflower,07_01,225,2021,sunflower,1.85,2.590724240007307,2.7541,2.257415477956708,2.590724240007307,linear_global
sunflower,07_01,226,2021,sunflower,2.4555,2.586243751816225,2.0779,2.257415477956708,2.586243751816225,linear_global
sunflower,07_01,213,2022,sunflower,1.481428571428571,2.807213492429315,2.8958,2.2824328364554223,2.468446635922435,linear_global
sunflower,07_01,214,2022,sunflower,1.002222222222222,2.708950191600306,3.2154000000000003,2.2824328364554223,2.4628872244115723,linear_global
sunflower,07_01,230,2022,sunflower,3.257219730941704,2.8660980574016057,1.8525,2.2824328364554223,2.4717781292221432,linear_global
sunflower,07_01,219,2023,sunflower,2.802523809523809,2.607393370550286,1.6792000000000002,2.256223661763095,2.413969412240519,linear_global
sunflower,07_01,227,2023,sunflower,2.6015895953757227,2.280273213952123,1.9678,2.256223661763095,2.4053725928349095,linear_global
sunflower,07_01,231,2023,sunflower,2.2995063829787235,2.2990050248123333,1.5364,2.256223661763095,2.40586487064738,linear_global
sunflower,07_01,232,2023,sunflower,2.6881993243243243,2.29174232485022,1.8707,2.256223661763095,2.4056740046346565,linear_global
sunflower,07_01,195,2024,sunflower,2.7365853658536587,2.8862685976356013,2.5282,2.2547869646006644,2.4212528925586767,linear_global
sunflower,07_01,197,2024,sunflower,3.2877551020408164,2.824610071356129,2.4313,2.2547869646006644,2.424223918366108,linear_global
sunflower,07_01,207,2024,sunflower,3.107023712920386,2.910288639605476,2.3039,2.2547869646006644,2.4200954830503045,linear_global
sunflower,07_01,208,2024,sunflower,2.360615384615385,2.6180118152507523,2.3794,2.2547869646006644,2.43417888790069,linear_global
sunflower,07_01,212,2024,sunflower,1.900882352941176,2.795805418164059,2.5942,2.2547869646006644,2.4256118751203752,linear_global
sunflower,07_01,217,2024,sunflower,2.9758823529411766,2.841517429204279,2.9491,2.2547869646006644,2.423409234663247,linear_global
sunflower,07_01,228,2024,sunflower,3.052881355932203,2.6628209747134934,2.4486999999999997,2.2547869646006644,2.4320197514891304,linear_global
sunflower,07_01,229,2024,sunflower,3.2544166666666663,2.3036075120514896,2.7904,2.2547869646006644,2.4493285088069463,linear_global
sunflower,07_01,230,2024,sunflower,3.2521793721973093,2.9017114765535466,2.7013000000000003,2.2547869646006644,2.4205087750038996,linear_global
sunflower,07_01,234,2024,sunflower,3.295057142857143,2.704728411230571,2.2541,2.2547869646006644,2.4300004350550792,linear_global
sunflower,07_01,209,2025,sunflower,2.332040444223438,2.8303687090196537,2.6901,2.253882200699135,2.549386791283782,linear_global
sunflower,07_01,210,2025,sunflower,3.192550607287449,2.8405589711330443,2.52,2.253882200699135,2.5505792477783578,linear_global
sunflower,07_01,215,2025,sunflower,3.0739240506329115,2.8180809152805812,2.6576,2.253882200699135,2.5479488832805224,linear_global
sunflower,07_01,216,2025,sunflower,2.986756756756757,2.7587870208062313,2.8066,2.253882200699135,2.5410103581701926,linear_global
sunflower,07_01,222,2025,sunflower,2.972258064516129,2.6340070284309753,2.3774,2.253882200699135,2.5264087011524192,linear_global
sunflower,07_01,223,2025,sunflower,3.305142857142857,2.7538508029840036,2.3918,2.253882200699135,2.5404327258251893,linear_global
sunflower,07_01,224,2025,sunflower,3.0742307692307693,2.7370487674679693,2.7087,2.253882200699135,2.5384665647833793,linear_global
sunflower,07_01,226,2025,sunflower,3.0420000000000003,2.7109612949647133,2.7547,2.253882200699135,2.535413829174873,linear_global
sunflower,07_01,207,2018,sunflower,3.496,2.743751891161017,1.7426,2.215669563352981,2.743751891161017,linear_crop
sunflower,07_01,209,2018,sunflower,1.7399999999999998,2.4769250437575794,2.1047,2.215669563352981,2.4769250437575794,linear_crop
sunflower,07_01,227,2018,sunflower,2.613,2.6456776356774556,2.2504,2.215669563352981,2.6456776356774556,linear_crop
sunflower,07_01,208,2019,sunflower,2.133,2.4441567328602467,2.4488,2.2303410172138705,2.4441567328602467,linear_crop
sunflower,07_01,210,2019,sunflower,1.965,2.621138669150298,2.1532,2.2303410172138705,2.621138669150298,linear_crop
sunflower,07_01,211,2019,sunflower,1.868,2.674561220504336,1.8706,2.2303410172138705,2.674561220504336,linear_crop
sunflower,07_01,215,2019,sunflower,1.672,2.488546602423888,1.6133,2.2303410172138705,2.488546602423888,linear_crop
sunflower,07_01,216,2019,sunflower,1.95,2.4439763663362872,2.4646999999999997,2.2303410172138705,2.4439763663362872,linear_crop
sunflower,07_01,217,2019,sunflower,1.962,2.5715730834073196,2.1968,2.2303410172138705,2.5715730834073196,linear_crop
sunflower,07_01,219,2019,sunflower,2.273,2.4280762054328777,1.8412,2.2303410172138705,2.4280762054328777,linear_crop
sunflower,07_01,220,2019,sunflower,2.7649999999999997,2.3457288171078265,2.4154,2.2303410172138705,2.3457288171078265,linear_crop
sunflower,07_01,221,2019,sunflower,1.982,2.6256865936743683,2.2328,2.2303410172138705,2.6256865936743683,linear_crop
sunflower,07_01,222,2019,sunflower,2.648,2.484079985383362,2.2677,2.2303410172138705,2.484079985383362,linear_crop
sunflower,07_01,223,2019,sunflower,2.651,2.6669039180672645,1.9398,2.2303410172138705,2.6669039180672645,linear_crop
sunflower,07_01,224,2019,sunflower,3.961,2.4067524910661713,2.8208,2.2303410172138705,2.4067524910661713,linear_crop
sunflower,07_01,225,2019,sunflower,3.961,2.553157963026494,2.7367999999999997,2.2303410172138705,2.553157963026494,linear_crop
sunflower,07_01,226,2019,sunflower,2.9829999999999997,2.294635976110378,2.232,2.2303410172138705,2.294635976110378,linear_crop
sunflower,07_01,208,2021,sunflower,2.1216153846153847,2.8318639447548843,2.7356000000000003,2.257415477956708,2.8318639447548843,linear_crop
sunflower,07_01,209,2021,sunflower,2.268059008785016,2.500202970695932,2.1295,2.257415477956708,2.500202970695932,linear_crop
sunflower,07_01,210,2021,sunflower,1.4783400809716598,3.004877674306285,2.2004,2.257415477956708,3.004877674306285,linear_crop
sunflower,07_01,211,2021,sunflower,2.1389247311827955,3.031352556576921,2.3226,2.257415477956708,3.031352556576921,linear_crop
sunflower,07_01,212,2021,sunflower,3.3983823529411765,3.0912336495813366,2.1821,2.257415477956708,3.0912336495813366,linear_crop
sunflower,07_01,215,2021,sunflower,2.9865822784810128,2.6978665448559647,2.2252,2.257415477956708,2.6978665448559647,linear_crop
sunflower,07_01,216,2021,sunflower,2.925945945945946,2.8168809628220752,2.3702,2.257415477956708,2.8168809628220752,linear_crop
sunflower,07_01,217,2021,sunflower,2.768578431372549,3.019999176885918,2.068,2.257415477956708,3.019999176885918,linear_crop
sunflower,07_01,218,2021,sunflower,2.12974358974359,2.622041772498307,2.1287,2.257415477956708,2.622041772498307,linear_crop
sunflower,07_01,219,2021,sunflower,2.818952380952381,2.8354563111487225,1.6074000000000002,2.257415477956708,2.8354563111487225,linear_crop
sunflower,07_01,220,2021,sunflower,2.0264,2.8269958582057813,2.4085,2.257415477956708,2.8269958582057813,linear_crop
sunflower,07_01,221,2021,sunflower,1.7475,2.7522902790179367,2.4882999999999997,2.257415477956708,2.7522902790179367,linear_crop
sunflower,07_01,222,2021,sunflower,2.9396774193548385,2.6788397153166983,2.7789,2.257415477956708,2.6788397153166983,linear_crop
sunflower,07_01,223,2021,sunflower,2.8625714285714285,2.949602635046757,1.9953,2.257415477956708,2.949602635046757,linear_crop
sunflower,07_01,224,2021,sunflower,2.0925,2.480840243971794,2.6346,2.257415477956708,2.480840243971794,linear_crop
sunflower,07_01,225,2021,sunflower,1.85,2.590724240007307,2.7541,2.257415477956708,2.590724240007307,linear_crop
sunflower,07_01,226,2021,sunflower,2.4555,2.586243751816225,2.0779,2.257415477956708,2.586243751816225,linear_crop
sunflower,07_01,213,2022,sunflower,1.481428571428571,2.807213492429315,2.8958,2.2824328364554223,2.4679777764813458,linear_crop
sunflower,07_01,214,2022,sunflower,1.002222222222222,2.708950191600306,3.2154000000000003,2.2824328364554223,2.4627188737008003,linear_crop
sunflower,07_01,230,2022,sunflower,3.257219730941704,2.8660980574016057,1.8525,2.2824328364554223,2.4711291890621507,linear_crop
sunflower,07_01,219,2023,sunflower,2.802523809523809,2.607393370550286,1.6792000000000002,2.256223661763095,2.4140454599494525,linear_crop
sunflower,07_01,227,2023,sunflower,2.6015895953757227,2.280273213952123,1.9678,2.256223661763095,2.4058784815141236,linear_crop
sunflower,07_01,231,2023,sunflower,2.2995063829787235,2.2990050248123333,1.5364,2.256223661763095,2.406346145435971,linear_crop
sunflower,07_01,232,2023,sunflower,2.6881993243243243,2.29174232485022,1.8707,2.256223661763095,2.4061648227238837,linear_crop
sunflower,07_01,195,2024,sunflower,2.7365853658536587,2.8862685976356013,2.5282,2.2547869646006644,2.4218001143711017,linear_crop
sunflower,07_01,197,2024,sunflower,3.2877551020408164,2.824610071356129,2.4313,2.2547869646006644,2.4246360935509226,linear_crop
sunflower,07_01,207,2024,sunflower,3.107023712920386,2.910288639605476,2.3039,2.2547869646006644,2.420695314385837,linear_crop
sunflower,07_01,208,2024,sunflower,2.360615384615385,2.6180118152507523,2.3794,2.2547869646006644,2.4341385644702958,linear_crop
sunflower,07_01,212,2024,sunflower,1.900882352941176,2.795805418164059,2.5942,2.2547869646006644,2.4259609613618136,linear_crop
sunflower,07_01,217,2024,sunflower,2.9758823529411766,2.841517429204279,2.9491,2.2547869646006644,2.4238584409254638,linear_crop
sunflower,07_01,228,2024,sunflower,3.052881355932203,2.6628209747134934,2.4486999999999997,2.2547869646006644,2.4320775706228983,linear_crop
sunflower,07_01,229,2024,sunflower,3.2544166666666663,2.3036075120514896,2.7904,2.2547869646006644,2.4485995662444497,linear_crop
sunflower,07_01,230,2024,sunflower,3.2521793721973093,2.9017114765535466,2.7013000000000003,2.2547869646006644,2.4210898203415416,linear_crop
sunflower,07_01,234,2024,sunflower,3.295057142857143,2.704728411230571,2.2541,2.2547869646006644,2.430150041299486,linear_crop
sunflower,07_01,209,2025,sunflower,2.332040444223438,2.8303687090196537,2.6901,2.253882200699135,2.5486384362534307,linear_crop
sunflower,07_01,210,2025,sunflower,3.192550607287449,2.8405589711330443,2.52,2.253882200699135,2.5497867276926516,linear_crop
sunflower,07_01,215,2025,sunflower,3.0739240506329115,2.8180809152805812,2.6576,2.253882200699135,2.5472537841021436,linear_crop
sunflower,07_01,216,2025,sunflower,2.986756756756757,2.7587870208062313,2.8066,2.253882200699135,2.540572241403307,linear_crop
sunflower,07_01,222,2025,sunflower,2.972258064516129,2.6340070284309753,2.3774,2.253882200699135,2.5265113864973037,linear_crop
sunflower,07_01,223,2025,sunflower,3.305142857142857,2.7538508029840036,2.3918,2.253882200699135,2.54001600284886,linear_crop
sunflower,07_01,224,2025,sunflower,3.0742307692307693,2.7370487674679693,2.7087,2.253882200699135,2.538122662586376,linear_crop
sunflower,07_01,226,2025,sunflower,3.0420000000000003,2.7109612949647133,2.7547,2.253882200699135,2.535182991259666,linear_crop
sunflower,07_01,207,2018,sunflower,3.496,2.743751891161017,1.7426,2.215669563352981,2.743751891161017,blend_crop_mean
sunflower,07_01,209,2018,sunflower,1.7399999999999998,2.4769250437575794,2.1047,2.215669563352981,2.4769250437575794,blend_crop_mean
sunflower,07_01,227,2018,sunflower,2.613,2.6456776356774556,2.2504,2.215669563352981,2.6456776356774556,blend_crop_mean
sunflower,07_01,208,2019,sunflower,2.133,2.4441567328602467,2.4488,2.2303410172138705,2.4441567328602467,blend_crop_mean
sunflower,07_01,210,2019,sunflower,1.965,2.621138669150298,2.1532,2.2303410172138705,2.621138669150298,blend_crop_mean
sunflower,07_01,211,2019,sunflower,1.868,2.674561220504336,1.8706,2.2303410172138705,2.674561220504336,blend_crop_mean
sunflower,07_01,215,2019,sunflower,1.672,2.488546602423888,1.6133,2.2303410172138705,2.488546602423888,blend_crop_mean
sunflower,07_01,216,2019,sunflower,1.95,2.4439763663362872,2.4646999999999997,2.2303410172138705,2.4439763663362872,blend_crop_mean
sunflower,07_01,217,2019,sunflower,1.962,2.5715730834073196,2.1968,2.2303410172138705,2.5715730834073196,blend_crop_mean
sunflower,07_01,219,2019,sunflower,2.273,2.4280762054328777,1.8412,2.2303410172138705,2.4280762054328777,blend_crop_mean
sunflower,07_01,220,2019,sunflower,2.7649999999999997,2.3457288171078265,2.4154,2.2303410172138705,2.3457288171078265,blend_crop_mean
sunflower,07_01,221,2019,sunflower,1.982,2.6256865936743683,2.2328,2.2303410172138705,2.6256865936743683,blend_crop_mean
sunflower,07_01,222,2019,sunflower,2.648,2.484079985383362,2.2677,2.2303410172138705,2.484079985383362,blend_crop_mean
sunflower,07_01,223,2019,sunflower,2.651,2.6669039180672645,1.9398,2.2303410172138705,2.6669039180672645,blend_crop_mean
sunflower,07_01,224,2019,sunflower,3.961,2.4067524910661713,2.8208,2.2303410172138705,2.4067524910661713,blend_crop_mean
sunflower,07_01,225,2019,sunflower,3.961,2.553157963026494,2.7367999999999997,2.2303410172138705,2.553157963026494,blend_crop_mean
sunflower,07_01,226,2019,sunflower,2.9829999999999997,2.294635976110378,2.232,2.2303410172138705,2.294635976110378,blend_crop_mean
sunflower,07_01,208,2021,sunflower,2.1216153846153847,2.8318639447548843,2.7356000000000003,2.257415477956708,2.8318639447548843,blend_crop_mean
sunflower,07_01,209,2021,sunflower,2.268059008785016,2.500202970695932,2.1295,2.257415477956708,2.500202970695932,blend_crop_mean
sunflower,07_01,210,2021,sunflower,1.4783400809716598,3.004877674306285,2.2004,2.257415477956708,3.004877674306285,blend_crop_mean
sunflower,07_01,211,2021,sunflower,2.1389247311827955,3.031352556576921,2.3226,2.257415477956708,3.031352556576921,blend_crop_mean
sunflower,07_01,212,2021,sunflower,3.3983823529411765,3.0912336495813366,2.1821,2.257415477956708,3.0912336495813366,blend_crop_mean
sunflower,07_01,215,2021,sunflower,2.9865822784810128,2.6978665448559647,2.2252,2.257415477956708,2.6978665448559647,blend_crop_mean
sunflower,07_01,216,2021,sunflower,2.925945945945946,2.8168809628220752,2.3702,2.257415477956708,2.8168809628220752,blend_crop_mean
sunflower,07_01,217,2021,sunflower,2.768578431372549,3.019999176885918,2.068,2.257415477956708,3.019999176885918,blend_crop_mean
sunflower,07_01,218,2021,sunflower,2.12974358974359,2.622041772498307,2.1287,2.257415477956708,2.622041772498307,blend_crop_mean
sunflower,07_01,219,2021,sunflower,2.818952380952381,2.8354563111487225,1.6074000000000002,2.257415477956708,2.8354563111487225,blend_crop_mean
sunflower,07_01,220,2021,sunflower,2.0264,2.8269958582057813,2.4085,2.257415477956708,2.8269958582057813,blend_crop_mean
sunflower,07_01,221,2021,sunflower,1.7475,2.7522902790179367,2.4882999999999997,2.257415477956708,2.7522902790179367,blend_crop_mean
sunflower,07_01,222,2021,sunflower,2.9396774193548385,2.6788397153166983,2.7789,2.257415477956708,2.6788397153166983,blend_crop_mean
sunflower,07_01,223,2021,sunflower,2.8625714285714285,2.949602635046757,1.9953,2.257415477956708,2.949602635046757,blend_crop_mean
sunflower,07_01,224,2021,sunflower,2.0925,2.480840243971794,2.6346,2.257415477956708,2.480840243971794,blend_crop_mean
sunflower,07_01,225,2021,sunflower,1.85,2.590724240007307,2.7541,2.257415477956708,2.590724240007307,blend_crop_mean
sunflower,07_01,226,2021,sunflower,2.4555,2.586243751816225,2.0779,2.257415477956708,2.586243751816225,blend_crop_mean
sunflower,07_01,213,2022,sunflower,1.481428571428571,2.807213492429315,2.8958,2.2824328364554223,2.4597727362622877,blend_crop_mean
sunflower,07_01,214,2022,sunflower,1.002222222222222,2.708950191600306,3.2154000000000003,2.2824328364554223,2.4597727362622877,blend_crop_mean
sunflower,07_01,230,2022,sunflower,3.257219730941704,2.8660980574016057,1.8525,2.2824328364554223,2.4597727362622877,blend_crop_mean
sunflower,07_01,219,2023,sunflower,2.802523809523809,2.607393370550286,1.6792000000000002,2.256223661763095,2.4154903664191965,blend_crop_mean
sunflower,07_01,227,2023,sunflower,2.6015895953757227,2.280273213952123,1.9678,2.256223661763095,2.4154903664191965,blend_crop_mean
sunflower,07_01,231,2023,sunflower,2.2995063829787235,2.2990050248123333,1.5364,2.256223661763095,2.4154903664191965,blend_crop_mean
sunflower,07_01,232,2023,sunflower,2.6881993243243243,2.29174232485022,1.8707,2.256223661763095,2.4154903664191965,blend_crop_mean
sunflower,07_01,195,2024,sunflower,2.7365853658536587,2.8862685976356013,2.5282,2.2547869646006644,2.433291772432021,blend_crop_mean
sunflower,07_01,197,2024,sunflower,3.2877551020408164,2.824610071356129,2.4313,2.2547869646006644,2.433291772432021,blend_crop_mean
sunflower,07_01,207,2024,sunflower,3.107023712920386,2.910288639605476,2.3039,2.2547869646006644,2.433291772432021,blend_crop_mean
sunflower,07_01,208,2024,sunflower,2.360615384615385,2.6180118152507523,2.3794,2.2547869646006644,2.433291772432021,blend_crop_mean
sunflower,07_01,212,2024,sunflower,1.900882352941176,2.795805418164059,2.5942,2.2547869646006644,2.433291772432021,blend_crop_mean
sunflower,07_01,217,2024,sunflower,2.9758823529411766,2.841517429204279,2.9491,2.2547869646006644,2.433291772432021,blend_crop_mean
sunflower,07_01,228,2024,sunflower,3.052881355932203,2.6628209747134934,2.4486999999999997,2.2547869646006644,2.433291772432021,blend_crop_mean
sunflower,07_01,229,2024,sunflower,3.2544166666666663,2.3036075120514896,2.7904,2.2547869646006644,2.433291772432021,blend_crop_mean
sunflower,07_01,230,2024,sunflower,3.2521793721973093,2.9017114765535466,2.7013000000000003,2.2547869646006644,2.433291772432021,blend_crop_mean
sunflower,07_01,234,2024,sunflower,3.295057142857143,2.704728411230571,2.2541,2.2547869646006644,2.433291772432021,blend_crop_mean
sunflower,07_01,209,2025,sunflower,2.332040444223438,2.8303687090196537,2.6901,2.253882200699135,2.52918120546429,blend_crop_mean
sunflower,07_01,210,2025,sunflower,3.192550607287449,2.8405589711330443,2.52,2.253882200699135,2.52918120546429,blend_crop_mean
sunflower,07_01,215,2025,sunflower,3.0739240506329115,2.8180809152805812,2.6576,2.253882200699135,2.52918120546429,blend_crop_mean
sunflower,07_01,216,2025,sunflower,2.986756756756757,2.7587870208062313,2.8066,2.253882200699135,2.52918120546429,blend_crop_mean
sunflower,07_01,222,2025,sunflower,2.972258064516129,2.6340070284309753,2.3774,2.253882200699135,2.52918120546429,blend_crop_mean
sunflower,07_01,223,2025,sunflower,3.305142857142857,2.7538508029840036,2.3918,2.253882200699135,2.52918120546429,blend_crop_mean
sunflower,07_01,224,2025,sunflower,3.0742307692307693,2.7370487674679693,2.7087,2.253882200699135,2.52918120546429,blend_crop_mean
sunflower,07_01,226,2025,sunflower,3.0420000000000003,2.7109612949647133,2.7547,2.253882200699135,2.52918120546429,blend_crop_mean
sunflower,08_01,207,2018,sunflower,3.496,2.3394167172237643,2.3009,2.215669563352981,2.3394167172237643,peer_raw
sunflower,08_01,209,2018,sunflower,1.7399999999999998,2.288276854004572,2.4931,2.215669563352981,2.288276854004572,peer_raw
sunflower,08_01,227,2018,sunflower,2.613,2.28615142628404,2.0135,2.215669563352981,2.28615142628404,peer_raw
sunflower,08_01,208,2019,sunflower,2.133,2.0795655176197454,2.165,2.2303410172138705,2.0795655176197454,peer_raw
sunflower,08_01,210,2019,sunflower,1.965,2.4584103508501536,2.4427,2.2303410172138705,2.4584103508501536,peer_raw
sunflower,08_01,211,2019,sunflower,1.868,2.42244106301332,2.7584,2.2303410172138705,2.42244106301332,peer_raw
sunflower,08_01,215,2019,sunflower,1.672,2.1792542169461067,1.8390999999999995,2.2303410172138705,2.1792542169461067,peer_raw
sunflower,08_01,216,2019,sunflower,1.95,2.293731270287406,2.5018,2.2303410172138705,2.293731270287406,peer_raw
sunflower,08_01,217,2019,sunflower,1.962,2.166804749510133,2.0462,2.2303410172138705,2.166804749510133,peer_raw
sunflower,08_01,219,2019,sunflower,2.273,2.173974592921263,1.9478,2.2303410172138705,2.173974592921263,peer_raw
sunflower,08_01,220,2019,sunflower,2.7649999999999997,2.174696125006127,2.2225,2.2303410172138705,2.174696125006127,peer_raw
sunflower,08_01,221,2019,sunflower,1.982,2.3725663153982635,2.5364,2.2303410172138705,2.3725663153982635,peer_raw
sunflower,08_01,222,2019,sunflower,2.648,2.093635532412508,2.1036,2.2303410172138705,2.093635532412508,peer_raw
sunflower,08_01,223,2019,sunflower,2.651,2.311946157549165,2.135,2.2303410172138705,2.311946157549165,peer_raw
sunflower,08_01,224,2019,sunflower,3.961,2.3017951091478936,2.4126000000000003,2.2303410172138705,2.3017951091478936,peer_raw
sunflower,08_01,225,2019,sunflower,3.961,2.42732334959218,2.8852,2.2303410172138705,2.42732334959218,peer_raw
sunflower,08_01,226,2019,sunflower,2.9829999999999997,2.1696474757208573,2.3326,2.2303410172138705,2.1696474757208573,peer_raw
sunflower,08_01,208,2021,sunflower,2.1216153846153847,2.2636650424051563,2.502,2.257415477956708,2.2636650424051563,peer_raw
sunflower,08_01,209,2021,sunflower,2.268059008785016,2.2663123834336107,2.5276,2.257415477956708,2.2663123834336107,peer_raw
sunflower,08_01,210,2021,sunflower,1.4783400809716598,2.3168113003891175,2.5705,2.257415477956708,2.3168113003891175,peer_raw
sunflower,08_01,211,2021,sunflower,2.1389247311827955,2.331883609493447,3.1853,2.257415477956708,2.331883609493447,peer_raw
sunflower,08_01,212,2021,sunflower,3.3983823529411765,2.4401913742296797,2.7846,2.257415477956708,2.4401913742296797,peer_raw
sunflower,08_01,215,2021,sunflower,2.9865822784810128,2.2614556520929208,2.614,2.257415477956708,2.2614556520929208,peer_raw
sunflower,08_01,216,2021,sunflower,2.925945945945946,2.1277560792772094,2.6715,2.257415477956708,2.1277560792772094,peer_raw
sunflower,08_01,217,2021,sunflower,2.768578431372549,2.343740324665828,2.475,2.257415477956708,2.343740324665828,peer_raw
sunflower,08_01,218,2021,sunflower,2.12974358974359,2.30040820777194,2.0886,2.257415477956708,2.30040820777194,peer_raw
sunflower,08_01,219,2021,sunflower,2.818952380952381,2.4037811206745423,2.8047999999999997,2.257415477956708,2.4037811206745423,peer_raw
sunflower,08_01,220,2021,sunflower,2.0264,2.2906535883962325,2.8005,2.257415477956708,2.2906535883962325,peer_raw
sunflower,08_01,221,2021,sunflower,1.7475,2.1054508660240714,2.5108,2.257415477956708,2.1054508660240714,peer_raw
sunflower,08_01,222,2021,sunflower,2.9396774193548385,2.3929891858106824,2.2581,2.257415477956708,2.3929891858106824,peer_raw
sunflower,08_01,223,2021,sunflower,2.8625714285714285,2.4387993552114695,2.4306,2.257415477956708,2.4387993552114695,peer_raw
sunflower,08_01,224,2021,sunflower,2.0925,2.288624373267208,2.4054,2.257415477956708,2.288624373267208,peer_raw
sunflower,08_01,225,2021,sunflower,1.85,2.231613242450826,2.4835000000000003,2.257415477956708,2.231613242450826,peer_raw
sunflower,08_01,226,2021,sunflower,2.4555,2.2624673497700076,2.5431,2.257415477956708,2.2624673497700076,peer_raw
sunflower,08_01,213,2022,sunflower,1.481428571428571,2.08158185419244,2.5688,2.2824328364554223,2.08158185419244,peer_raw
sunflower,08_01,214,2022,sunflower,1.002222222222222,2.0738065841243256,2.6556,2.2824328364554223,2.0738065841243256,peer_raw
sunflower,08_01,230,2022,sunflower,3.257219730941704,2.205595783103088,2.4592,2.2824328364554223,2.205595783103088,peer_raw
sunflower,08_01,219,2023,sunflower,2.802523809523809,2.037192876261056,2.0565,2.256223661763095,2.037192876261056,peer_raw
sunflower,08_01,227,2023,sunflower,2.6015895953757227,2.039109596026691,2.3906,2.256223661763095,2.039109596026691,peer_raw
sunflower,08_01,231,2023,sunflower,2.2995063829787235,1.760243592886698,1.7592,2.256223661763095,1.760243592886698,peer_raw
sunflower,08_01,232,2023,sunflower,2.6881993243243243,1.9880561549463975,2.0155000000000003,2.256223661763095,1.9880561549463975,peer_raw
sunflower,08_01,195,2024,sunflower,2.7365853658536587,2.289705148513619,3.1813,2.2547869646006644,2.289705148513619,peer_raw
sunflower,08_01,197,2024,sunflower,3.2877551020408164,2.189142985487057,3.3829,2.2547869646006644,2.189142985487057,peer_raw
sunflower,08_01,207,2024,sunflower,3.107023712920386,2.2137254130186603,2.8787,2.2547869646006644,2.2137254130186603,peer_raw
sunflower,08_01,208,2024,sunflower,2.360615384615385,2.234699828607065,2.2707,2.2547869646006644,2.234699828607065,peer_raw
sunflower,08_01,212,2024,sunflower,1.900882352941176,2.1999452007547644,2.9494,2.2547869646006644,2.1999452007547644,peer_raw
sunflower,08_01,217,2024,sunflower,2.9758823529411766,2.228842542480867,3.1949,2.2547869646006644,2.228842542480867,peer_raw
sunflower,08_01,228,2024,sunflower,3.052881355932203,2.3537528540946866,2.9244,2.2547869646006644,2.3537528540946866,peer_raw
sunflower,08_01,229,2024,sunflower,3.2544166666666663,1.9298185041227636,2.2287,2.2547869646006644,1.9298185041227636,peer_raw
sunflower,08_01,230,2024,sunflower,3.2521793721973093,2.252112684632079,3.1405000000000003,2.2547869646006644,2.252112684632079,peer_raw
sunflower,08_01,234,2024,sunflower,3.295057142857143,2.22210935436088,2.7715,2.2547869646006644,2.22210935436088,peer_raw
sunflower,08_01,209,2025,sunflower,2.332040444223438,2.161504393763868,3.5131,2.253882200699135,2.161504393763868,peer_raw
sunflower,08_01,210,2025,sunflower,3.192550607287449,2.0912354245820093,2.3675,2.253882200699135,2.0912354245820093,peer_raw
sunflower,08_01,215,2025,sunflower,3.0739240506329115,2.0742579914942705,2.7828,2.253882200699135,2.0742579914942705,peer_raw
sunflower,08_01,216,2025,sunflower,2.986756756756757,2.046001113990024,3.2991,2.253882200699135,2.046001113990024,peer_raw
sunflower,08_01,222,2025,sunflower,2.972258064516129,2.069440719772606,2.5026,2.253882200699135,2.069440719772606,peer_raw
sunflower,08_01,223,2025,sunflower,3.305142857142857,2.070610607039164,2.1723,2.253882200699135,2.070610607039164,peer_raw
sunflower,08_01,224,2025,sunflower,3.0742307692307693,2.091404949412551,2.718,2.253882200699135,2.091404949412551,peer_raw
sunflower,08_01,226,2025,sunflower,3.0420000000000003,2.0416695097043993,2.9094,2.253882200699135,2.0416695097043993,peer_raw
sunflower,08_01,207,2018,sunflower,3.496,2.3394167172237643,2.3009,2.215669563352981,2.3394167172237643,residual_global
sunflower,08_01,209,2018,sunflower,1.7399999999999998,2.288276854004572,2.4931,2.215669563352981,2.288276854004572,residual_global
sunflower,08_01,227,2018,sunflower,2.613,2.28615142628404,2.0135,2.215669563352981,2.28615142628404,residual_global
sunflower,08_01,208,2019,sunflower,2.133,2.0795655176197454,2.165,2.2303410172138705,2.0795655176197454,residual_global
sunflower,08_01,210,2019,sunflower,1.965,2.4584103508501536,2.4427,2.2303410172138705,2.4584103508501536,residual_global
sunflower,08_01,211,2019,sunflower,1.868,2.42244106301332,2.7584,2.2303410172138705,2.42244106301332,residual_global
sunflower,08_01,215,2019,sunflower,1.672,2.1792542169461067,1.8390999999999995,2.2303410172138705,2.1792542169461067,residual_global
sunflower,08_01,216,2019,sunflower,1.95,2.293731270287406,2.5018,2.2303410172138705,2.293731270287406,residual_global
sunflower,08_01,217,2019,sunflower,1.962,2.166804749510133,2.0462,2.2303410172138705,2.166804749510133,residual_global
sunflower,08_01,219,2019,sunflower,2.273,2.173974592921263,1.9478,2.2303410172138705,2.173974592921263,residual_global
sunflower,08_01,220,2019,sunflower,2.7649999999999997,2.174696125006127,2.2225,2.2303410172138705,2.174696125006127,residual_global
sunflower,08_01,221,2019,sunflower,1.982,2.3725663153982635,2.5364,2.2303410172138705,2.3725663153982635,residual_global
sunflower,08_01,222,2019,sunflower,2.648,2.093635532412508,2.1036,2.2303410172138705,2.093635532412508,residual_global
sunflower,08_01,223,2019,sunflower,2.651,2.311946157549165,2.135,2.2303410172138705,2.311946157549165,residual_global
sunflower,08_01,224,2019,sunflower,3.961,2.3017951091478936,2.4126000000000003,2.2303410172138705,2.3017951091478936,residual_global
sunflower,08_01,225,2019,sunflower,3.961,2.42732334959218,2.8852,2.2303410172138705,2.42732334959218,residual_global
sunflower,08_01,226,2019,sunflower,2.9829999999999997,2.1696474757208573,2.3326,2.2303410172138705,2.1696474757208573,residual_global
sunflower,08_01,208,2021,sunflower,2.1216153846153847,2.2636650424051563,2.502,2.257415477956708,2.2636650424051563,residual_global
sunflower,08_01,209,2021,sunflower,2.268059008785016,2.2663123834336107,2.5276,2.257415477956708,2.2663123834336107,residual_global
sunflower,08_01,210,2021,sunflower,1.4783400809716598,2.3168113003891175,2.5705,2.257415477956708,2.3168113003891175,residual_global
sunflower,08_01,211,2021,sunflower,2.1389247311827955,2.331883609493447,3.1853,2.257415477956708,2.331883609493447,residual_global
sunflower,08_01,212,2021,sunflower,3.3983823529411765,2.4401913742296797,2.7846,2.257415477956708,2.4401913742296797,residual_global
sunflower,08_01,215,2021,sunflower,2.9865822784810128,2.2614556520929208,2.614,2.257415477956708,2.2614556520929208,residual_global
sunflower,08_01,216,2021,sunflower,2.925945945945946,2.1277560792772094,2.6715,2.257415477956708,2.1277560792772094,residual_global
sunflower,08_01,217,2021,sunflower,2.768578431372549,2.343740324665828,2.475,2.257415477956708,2.343740324665828,residual_global
sunflower,08_01,218,2021,sunflower,2.12974358974359,2.30040820777194,2.0886,2.257415477956708,2.30040820777194,residual_global
sunflower,08_01,219,2021,sunflower,2.818952380952381,2.4037811206745423,2.8047999999999997,2.257415477956708,2.4037811206745423,residual_global
sunflower,08_01,220,2021,sunflower,2.0264,2.2906535883962325,2.8005,2.257415477956708,2.2906535883962325,residual_global
sunflower,08_01,221,2021,sunflower,1.7475,2.1054508660240714,2.5108,2.257415477956708,2.1054508660240714,residual_global
sunflower,08_01,222,2021,sunflower,2.9396774193548385,2.3929891858106824,2.2581,2.257415477956708,2.3929891858106824,residual_global
sunflower,08_01,223,2021,sunflower,2.8625714285714285,2.4387993552114695,2.4306,2.257415477956708,2.4387993552114695,residual_global
sunflower,08_01,224,2021,sunflower,2.0925,2.288624373267208,2.4054,2.257415477956708,2.288624373267208,residual_global
sunflower,08_01,225,2021,sunflower,1.85,2.231613242450826,2.4835000000000003,2.257415477956708,2.231613242450826,residual_global
sunflower,08_01,226,2021,sunflower,2.4555,2.2624673497700076,2.5431,2.257415477956708,2.2624673497700076,residual_global
sunflower,08_01,213,2022,sunflower,1.481428571428571,2.08158185419244,2.5688,2.2824328364554223,2.258818123429685,residual_global
sunflower,08_01,214,2022,sunflower,1.002222222222222,2.0738065841243256,2.6556,2.2824328364554223,2.2510428533615707,residual_global
sunflower,08_01,230,2022,sunflower,3.257219730941704,2.205595783103088,2.4592,2.2824328364554223,2.382832052340333,residual_global
sunflower,08_01,219,2023,sunflower,2.802523809523809,2.037192876261056,2.0565,2.256223661763095,2.183298807537785,residual_global
sunflower,08_01,227,2023,sunflower,2.6015895953757227,2.039109596026691,2.3906,2.256223661763095,2.18521552730342,residual_global
sunflower,08_01,231,2023,sunflower,2.2995063829787235,1.760243592886698,1.7592,2.256223661763095,1.906349524163427,residual_global
sunflower,08_01,232,2023,sunflower,2.6881993243243243,1.9880561549463975,2.0155000000000003,2.256223661763095,2.1341620862231263,residual_global
sunflower,08_01,195,2024,sunflower,2.7365853658536587,2.289705148513619,3.1813,2.2547869646006644,2.484171888740953,residual_global
sunflower,08_01,197,2024,sunflower,3.2877551020408164,2.189142985487057,3.3829,2.2547869646006644,2.3836097257143916,residual_global
sunflower,08_01,207,2024,sunflower,3.107023712920386,2.2137254130186603,2.8787,2.2547869646006644,2.4081921532459947,residual_global
sunflower,08_01,208,2024,sunflower,2.360615384615385,2.234699828607065,2.2707,2.2547869646006644,2.4291665688343995,residual_global
sunflower,08_01,212,2024,sunflower,1.900882352941176,2.1999452007547644,2.9494,2.2547869646006644,2.3944119409820988,residual_global
sunflower,08_01,217,2024,sunflower,2.9758823529411766,2.228842542480867,3.1949,2.2547869646006644,2.4233092827082015,residual_global
sunflower,08_01,228,2024,sunflower,3.052881355932203,2.3537528540946866,2.9244,2.2547869646006644,2.548219594322021,residual_global
sunflower,08_01,229,2024,sunflower,3.2544166666666663,1.9298185041227636,2.2287,2.2547869646006644,2.124285244350098,residual_global
sunflower,08_01,230,2024,sunflower,3.2521793721973093,2.252112684632079,3.1405000000000003,2.2547869646006644,2.4465794248594133,residual_global
sunflower,08_01,234,2024,sunflower,3.295057142857143,2.22210935436088,2.7715,2.2547869646006644,2.416576094588214,residual_global
sunflower,08_01,209,2025,sunflower,2.332040444223438,2.161504393763868,3.5131,2.253882200699135,2.4572408769445384,residual_global
sunflower,08_01,210,2025,sunflower,3.192550607287449,2.0912354245820093,2.3675,2.253882200699135,2.3869719077626796,residual_global
sunflower,08_01,215,2025,sunflower,3.0739240506329115,2.0742579914942705,2.7828,2.253882200699135,2.369994474674941,residual_global
sunflower,08_01,216,2025,sunflower,2.986756756756757,2.046001113990024,3.2991,2.253882200699135,2.3417375971706944,residual_global
sunflower,08_01,222,2025,sunflower,2.972258064516129,2.069440719772606,2.5026,2.253882200699135,2.3651772029532765,residual_global
sunflower,08_01,223,2025,sunflower,3.305142857142857,2.070610607039164,2.1723,2.253882200699135,2.3663470902198345,residual_global
sunflower,08_01,224,2025,sunflower,3.0742307692307693,2.091404949412551,2.718,2.253882200699135,2.3871414325932214,residual_global
sunflower,08_01,226,2025,sunflower,3.0420000000000003,2.0416695097043993,2.9094,2.253882200699135,2.3374059928850697,residual_global
sunflower,08_01,207,2018,sunflower,3.496,2.3394167172237643,2.3009,2.215669563352981,2.3394167172237643,residual_crop
sunflower,08_01,209,2018,sunflower,1.7399999999999998,2.288276854004572,2.4931,2.215669563352981,2.288276854004572,residual_crop
sunflower,08_01,227,2018,sunflower,2.613,2.28615142628404,2.0135,2.215669563352981,2.28615142628404,residual_crop
sunflower,08_01,208,2019,sunflower,2.133,2.0795655176197454,2.165,2.2303410172138705,2.0795655176197454,residual_crop
sunflower,08_01,210,2019,sunflower,1.965,2.4584103508501536,2.4427,2.2303410172138705,2.4584103508501536,residual_crop
sunflower,08_01,211,2019,sunflower,1.868,2.42244106301332,2.7584,2.2303410172138705,2.42244106301332,residual_crop
sunflower,08_01,215,2019,sunflower,1.672,2.1792542169461067,1.8390999999999995,2.2303410172138705,2.1792542169461067,residual_crop
sunflower,08_01,216,2019,sunflower,1.95,2.293731270287406,2.5018,2.2303410172138705,2.293731270287406,residual_crop
sunflower,08_01,217,2019,sunflower,1.962,2.166804749510133,2.0462,2.2303410172138705,2.166804749510133,residual_crop
sunflower,08_01,219,2019,sunflower,2.273,2.173974592921263,1.9478,2.2303410172138705,2.173974592921263,residual_crop
sunflower,08_01,220,2019,sunflower,2.7649999999999997,2.174696125006127,2.2225,2.2303410172138705,2.174696125006127,residual_crop
sunflower,08_01,221,2019,sunflower,1.982,2.3725663153982635,2.5364,2.2303410172138705,2.3725663153982635,residual_crop
sunflower,08_01,222,2019,sunflower,2.648,2.093635532412508,2.1036,2.2303410172138705,2.093635532412508,residual_crop
sunflower,08_01,223,2019,sunflower,2.651,2.311946157549165,2.135,2.2303410172138705,2.311946157549165,residual_crop
sunflower,08_01,224,2019,sunflower,3.961,2.3017951091478936,2.4126000000000003,2.2303410172138705,2.3017951091478936,residual_crop
sunflower,08_01,225,2019,sunflower,3.961,2.42732334959218,2.8852,2.2303410172138705,2.42732334959218,residual_crop
sunflower,08_01,226,2019,sunflower,2.9829999999999997,2.1696474757208573,2.3326,2.2303410172138705,2.1696474757208573,residual_crop
sunflower,08_01,208,2021,sunflower,2.1216153846153847,2.2636650424051563,2.502,2.257415477956708,2.2636650424051563,residual_crop
sunflower,08_01,209,2021,sunflower,2.268059008785016,2.2663123834336107,2.5276,2.257415477956708,2.2663123834336107,residual_crop
sunflower,08_01,210,2021,sunflower,1.4783400809716598,2.3168113003891175,2.5705,2.257415477956708,2.3168113003891175,residual_crop
sunflower,08_01,211,2021,sunflower,2.1389247311827955,2.331883609493447,3.1853,2.257415477956708,2.331883609493447,residual_crop
sunflower,08_01,212,2021,sunflower,3.3983823529411765,2.4401913742296797,2.7846,2.257415477956708,2.4401913742296797,residual_crop
sunflower,08_01,215,2021,sunflower,2.9865822784810128,2.2614556520929208,2.614,2.257415477956708,2.2614556520929208,residual_crop
sunflower,08_01,216,2021,sunflower,2.925945945945946,2.1277560792772094,2.6715,2.257415477956708,2.1277560792772094,residual_crop
sunflower,08_01,217,2021,sunflower,2.768578431372549,2.343740324665828,2.475,2.257415477956708,2.343740324665828,residual_crop
sunflower,08_01,218,2021,sunflower,2.12974358974359,2.30040820777194,2.0886,2.257415477956708,2.30040820777194,residual_crop
sunflower,08_01,219,2021,sunflower,2.818952380952381,2.4037811206745423,2.8047999999999997,2.257415477956708,2.4037811206745423,residual_crop
sunflower,08_01,220,2021,sunflower,2.0264,2.2906535883962325,2.8005,2.257415477956708,2.2906535883962325,residual_crop
sunflower,08_01,221,2021,sunflower,1.7475,2.1054508660240714,2.5108,2.257415477956708,2.1054508660240714,residual_crop
sunflower,08_01,222,2021,sunflower,2.9396774193548385,2.3929891858106824,2.2581,2.257415477956708,2.3929891858106824,residual_crop
sunflower,08_01,223,2021,sunflower,2.8625714285714285,2.4387993552114695,2.4306,2.257415477956708,2.4387993552114695,residual_crop
sunflower,08_01,224,2021,sunflower,2.0925,2.288624373267208,2.4054,2.257415477956708,2.288624373267208,residual_crop
sunflower,08_01,225,2021,sunflower,1.85,2.231613242450826,2.4835000000000003,2.257415477956708,2.231613242450826,residual_crop
sunflower,08_01,226,2021,sunflower,2.4555,2.2624673497700076,2.5431,2.257415477956708,2.2624673497700076,residual_crop
sunflower,08_01,213,2022,sunflower,1.481428571428571,2.08158185419244,2.5688,2.2824328364554223,2.258818123429685,residual_crop
sunflower,08_01,214,2022,sunflower,1.002222222222222,2.0738065841243256,2.6556,2.2824328364554223,2.2510428533615707,residual_crop
sunflower,08_01,230,2022,sunflower,3.257219730941704,2.205595783103088,2.4592,2.2824328364554223,2.382832052340333,residual_crop
sunflower,08_01,219,2023,sunflower,2.802523809523809,2.037192876261056,2.0565,2.256223661763095,2.183298807537785,residual_crop
sunflower,08_01,227,2023,sunflower,2.6015895953757227,2.039109596026691,2.3906,2.256223661763095,2.18521552730342,residual_crop
sunflower,08_01,231,2023,sunflower,2.2995063829787235,1.760243592886698,1.7592,2.256223661763095,1.906349524163427,residual_crop
sunflower,08_01,232,2023,sunflower,2.6881993243243243,1.9880561549463975,2.0155000000000003,2.256223661763095,2.1341620862231263,residual_crop
sunflower,08_01,195,2024,sunflower,2.7365853658536587,2.289705148513619,3.1813,2.2547869646006644,2.484171888740953,residual_crop
sunflower,08_01,197,2024,sunflower,3.2877551020408164,2.189142985487057,3.3829,2.2547869646006644,2.3836097257143916,residual_crop
sunflower,08_01,207,2024,sunflower,3.107023712920386,2.2137254130186603,2.8787,2.2547869646006644,2.4081921532459947,residual_crop
sunflower,08_01,208,2024,sunflower,2.360615384615385,2.234699828607065,2.2707,2.2547869646006644,2.4291665688343995,residual_crop
sunflower,08_01,212,2024,sunflower,1.900882352941176,2.1999452007547644,2.9494,2.2547869646006644,2.3944119409820988,residual_crop
sunflower,08_01,217,2024,sunflower,2.9758823529411766,2.228842542480867,3.1949,2.2547869646006644,2.4233092827082015,residual_crop
sunflower,08_01,228,2024,sunflower,3.052881355932203,2.3537528540946866,2.9244,2.2547869646006644,2.548219594322021,residual_crop
sunflower,08_01,229,2024,sunflower,3.2544166666666663,1.9298185041227636,2.2287,2.2547869646006644,2.124285244350098,residual_crop
sunflower,08_01,230,2024,sunflower,3.2521793721973093,2.252112684632079,3.1405000000000003,2.2547869646006644,2.4465794248594133,residual_crop
sunflower,08_01,234,2024,sunflower,3.295057142857143,2.22210935436088,2.7715,2.2547869646006644,2.416576094588214,residual_crop
sunflower,08_01,209,2025,sunflower,2.332040444223438,2.161504393763868,3.5131,2.253882200699135,2.4572408769445384,residual_crop
sunflower,08_01,210,2025,sunflower,3.192550607287449,2.0912354245820093,2.3675,2.253882200699135,2.3869719077626796,residual_crop
sunflower,08_01,215,2025,sunflower,3.0739240506329115,2.0742579914942705,2.7828,2.253882200699135,2.369994474674941,residual_crop
sunflower,08_01,216,2025,sunflower,2.986756756756757,2.046001113990024,3.2991,2.253882200699135,2.3417375971706944,residual_crop
sunflower,08_01,222,2025,sunflower,2.972258064516129,2.069440719772606,2.5026,2.253882200699135,2.3651772029532765,residual_crop
sunflower,08_01,223,2025,sunflower,3.305142857142857,2.070610607039164,2.1723,2.253882200699135,2.3663470902198345,residual_crop
sunflower,08_01,224,2025,sunflower,3.0742307692307693,2.091404949412551,2.718,2.253882200699135,2.3871414325932214,residual_crop
sunflower,08_01,226,2025,sunflower,3.0420000000000003,2.0416695097043993,2.9094,2.253882200699135,2.3374059928850697,residual_crop
sunflower,08_01,207,2018,sunflower,3.496,2.3394167172237643,2.3009,2.215669563352981,2.3394167172237643,linear_global
sunflower,08_01,209,2018,sunflower,1.7399999999999998,2.288276854004572,2.4931,2.215669563352981,2.288276854004572,linear_global
sunflower,08_01,227,2018,sunflower,2.613,2.28615142628404,2.0135,2.215669563352981,2.28615142628404,linear_global
sunflower,08_01,208,2019,sunflower,2.133,2.0795655176197454,2.165,2.2303410172138705,2.0795655176197454,linear_global
sunflower,08_01,210,2019,sunflower,1.965,2.4584103508501536,2.4427,2.2303410172138705,2.4584103508501536,linear_global
sunflower,08_01,211,2019,sunflower,1.868,2.42244106301332,2.7584,2.2303410172138705,2.42244106301332,linear_global
sunflower,08_01,215,2019,sunflower,1.672,2.1792542169461067,1.8390999999999995,2.2303410172138705,2.1792542169461067,linear_global
sunflower,08_01,216,2019,sunflower,1.95,2.293731270287406,2.5018,2.2303410172138705,2.293731270287406,linear_global
sunflower,08_01,217,2019,sunflower,1.962,2.166804749510133,2.0462,2.2303410172138705,2.166804749510133,linear_global
sunflower,08_01,219,2019,sunflower,2.273,2.173974592921263,1.9478,2.2303410172138705,2.173974592921263,linear_global
sunflower,08_01,220,2019,sunflower,2.7649999999999997,2.174696125006127,2.2225,2.2303410172138705,2.174696125006127,linear_global
sunflower,08_01,221,2019,sunflower,1.982,2.3725663153982635,2.5364,2.2303410172138705,2.3725663153982635,linear_global
sunflower,08_01,222,2019,sunflower,2.648,2.093635532412508,2.1036,2.2303410172138705,2.093635532412508,linear_global
sunflower,08_01,223,2019,sunflower,2.651,2.311946157549165,2.135,2.2303410172138705,2.311946157549165,linear_global
sunflower,08_01,224,2019,sunflower,3.961,2.3017951091478936,2.4126000000000003,2.2303410172138705,2.3017951091478936,linear_global
sunflower,08_01,225,2019,sunflower,3.961,2.42732334959218,2.8852,2.2303410172138705,2.42732334959218,linear_global
sunflower,08_01,226,2019,sunflower,2.9829999999999997,2.1696474757208573,2.3326,2.2303410172138705,2.1696474757208573,linear_global
sunflower,08_01,208,2021,sunflower,2.1216153846153847,2.2636650424051563,2.502,2.257415477956708,2.2636650424051563,linear_global
sunflower,08_01,209,2021,sunflower,2.268059008785016,2.2663123834336107,2.5276,2.257415477956708,2.2663123834336107,linear_global
sunflower,08_01,210,2021,sunflower,1.4783400809716598,2.3168113003891175,2.5705,2.257415477956708,2.3168113003891175,linear_global
sunflower,08_01,211,2021,sunflower,2.1389247311827955,2.331883609493447,3.1853,2.257415477956708,2.331883609493447,linear_global
sunflower,08_01,212,2021,sunflower,3.3983823529411765,2.4401913742296797,2.7846,2.257415477956708,2.4401913742296797,linear_global
sunflower,08_01,215,2021,sunflower,2.9865822784810128,2.2614556520929208,2.614,2.257415477956708,2.2614556520929208,linear_global
sunflower,08_01,216,2021,sunflower,2.925945945945946,2.1277560792772094,2.6715,2.257415477956708,2.1277560792772094,linear_global
sunflower,08_01,217,2021,sunflower,2.768578431372549,2.343740324665828,2.475,2.257415477956708,2.343740324665828,linear_global
sunflower,08_01,218,2021,sunflower,2.12974358974359,2.30040820777194,2.0886,2.257415477956708,2.30040820777194,linear_global
sunflower,08_01,219,2021,sunflower,2.818952380952381,2.4037811206745423,2.8047999999999997,2.257415477956708,2.4037811206745423,linear_global
sunflower,08_01,220,2021,sunflower,2.0264,2.2906535883962325,2.8005,2.257415477956708,2.2906535883962325,linear_global
sunflower,08_01,221,2021,sunflower,1.7475,2.1054508660240714,2.5108,2.257415477956708,2.1054508660240714,linear_global
sunflower,08_01,222,2021,sunflower,2.9396774193548385,2.3929891858106824,2.2581,2.257415477956708,2.3929891858106824,linear_global
sunflower,08_01,223,2021,sunflower,2.8625714285714285,2.4387993552114695,2.4306,2.257415477956708,2.4387993552114695,linear_global
sunflower,08_01,224,2021,sunflower,2.0925,2.288624373267208,2.4054,2.257415477956708,2.288624373267208,linear_global
sunflower,08_01,225,2021,sunflower,1.85,2.231613242450826,2.4835000000000003,2.257415477956708,2.231613242450826,linear_global
sunflower,08_01,226,2021,sunflower,2.4555,2.2624673497700076,2.5431,2.257415477956708,2.2624673497700076,linear_global
sunflower,08_01,213,2022,sunflower,1.481428571428571,2.08158185419244,2.5688,2.2824328364554223,2.1730841740848734,linear_global
sunflower,08_01,214,2022,sunflower,1.002222222222222,2.0738065841243256,2.6556,2.2824328364554223,2.1619917141261387,linear_global
sunflower,08_01,230,2022,sunflower,3.257219730941704,2.205595783103088,2.4592,2.2824328364554223,2.3500065869034437,linear_global
sunflower,08_01,219,2023,sunflower,2.802523809523809,2.037192876261056,2.0565,2.256223661763095,1.934461357926858,linear_global
sunflower,08_01,227,2023,sunflower,2.6015895953757227,2.039109596026691,2.3906,2.256223661763095,1.9384322077409635,linear_global
sunflower,08_01,231,2023,sunflower,2.2995063829787235,1.760243592886698,1.7592,2.256223661763095,1.360708204168709,linear_global
sunflower,08_01,232,2023,sunflower,2.6881993243243243,1.9880561549463975,2.0155000000000003,2.256223661763095,1.832665287266829,linear_global
sunflower,08_01,195,2024,sunflower,2.7365853658536587,2.289705148513619,3.1813,2.2547869646006644,2.4812311241699216,linear_global
sunflower,08_01,197,2024,sunflower,3.2877551020408164,2.189142985487057,3.3829,2.2547869646006644,2.3864812443625896,linear_global
sunflower,08_01,207,2024,sunflower,3.107023712920386,2.2137254130186603,2.8787,2.2547869646006644,2.409642858869396,linear_global
sunflower,08_01,208,2024,sunflower,2.360615384615385,2.234699828607065,2.2707,2.2547869646006644,2.4294049969958946,linear_global
sunflower,08_01,212,2024,sunflower,1.900882352941176,2.1999452007547644,2.9494,2.2547869646006644,2.396659114124578,linear_global
sunflower,08_01,217,2024,sunflower,2.9758823529411766,2.228842542480867,3.1949,2.2547869646006644,2.4238862497876843,linear_global
sunflower,08_01,228,2024,sunflower,3.052881355932203,2.3537528540946866,2.9244,2.2547869646006644,2.541577005991683,linear_global
sunflower,08_01,229,2024,sunflower,3.2544166666666663,1.9298185041227636,2.2287,2.2547869646006644,2.1421451769902555,linear_global
sunflower,08_01,230,2024,sunflower,3.2521793721973093,2.252112684632079,3.1405000000000003,2.2547869646006644,2.445811426271254,linear_global
sunflower,08_01,234,2024,sunflower,3.295057142857143,2.22210935436088,2.7715,2.2547869646006644,2.417542225893524,linear_global
sunflower,08_01,209,2025,sunflower,2.332040444223438,2.161504393763868,3.5131,2.253882200699135,2.482832149827568,linear_global
sunflower,08_01,210,2025,sunflower,3.192550607287449,2.0912354245820093,2.3675,2.253882200699135,2.4375599022696375,linear_global
sunflower,08_01,215,2025,sunflower,3.0739240506329115,2.0742579914942705,2.7828,2.253882200699135,2.426621837251818,linear_global
sunflower,08_01,216,2025,sunflower,2.986756756756757,2.046001113990024,3.2991,2.253882200699135,2.4084167551440157,linear_global
sunflower,08_01,222,2025,sunflower,2.972258064516129,2.069440719772606,2.5026,2.253882200699135,2.4235182095698384,linear_global
sunflower,08_01,223,2025,sunflower,3.305142857142857,2.070610607039164,2.1723,2.253882200699135,2.4242719338177268,linear_global
sunflower,08_01,224,2025,sunflower,3.0742307692307693,2.091404949412551,2.718,2.253882200699135,2.4376691221740256,linear_global
sunflower,08_01,226,2025,sunflower,3.0420000000000003,2.0416695097043993,2.9094,2.253882200699135,2.405626028827336,linear_global
sunflower,08_01,207,2018,sunflower,3.496,2.3394167172237643,2.3009,2.215669563352981,2.3394167172237643,linear_crop
sunflower,08_01,209,2018,sunflower,1.7399999999999998,2.288276854004572,2.4931,2.215669563352981,2.288276854004572,linear_crop
sunflower,08_01,227,2018,sunflower,2.613,2.28615142628404,2.0135,2.215669563352981,2.28615142628404,linear_crop
sunflower,08_01,208,2019,sunflower,2.133,2.0795655176197454,2.165,2.2303410172138705,2.0795655176197454,linear_crop
sunflower,08_01,210,2019,sunflower,1.965,2.4584103508501536,2.4427,2.2303410172138705,2.4584103508501536,linear_crop
sunflower,08_01,211,2019,sunflower,1.868,2.42244106301332,2.7584,2.2303410172138705,2.42244106301332,linear_crop
sunflower,08_01,215,2019,sunflower,1.672,2.1792542169461067,1.8390999999999995,2.2303410172138705,2.1792542169461067,linear_crop
sunflower,08_01,216,2019,sunflower,1.95,2.293731270287406,2.5018,2.2303410172138705,2.293731270287406,linear_crop
sunflower,08_01,217,2019,sunflower,1.962,2.166804749510133,2.0462,2.2303410172138705,2.166804749510133,linear_crop
sunflower,08_01,219,2019,sunflower,2.273,2.173974592921263,1.9478,2.2303410172138705,2.173974592921263,linear_crop
sunflower,08_01,220,2019,sunflower,2.7649999999999997,2.174696125006127,2.2225,2.2303410172138705,2.174696125006127,linear_crop
sunflower,08_01,221,2019,sunflower,1.982,2.3725663153982635,2.5364,2.2303410172138705,2.3725663153982635,linear_crop
sunflower,08_01,222,2019,sunflower,2.648,2.093635532412508,2.1036,2.2303410172138705,2.093635532412508,linear_crop
sunflower,08_01,223,2019,sunflower,2.651,2.311946157549165,2.135,2.2303410172138705,2.311946157549165,linear_crop
sunflower,08_01,224,2019,sunflower,3.961,2.3017951091478936,2.4126000000000003,2.2303410172138705,2.3017951091478936,linear_crop
sunflower,08_01,225,2019,sunflower,3.961,2.42732334959218,2.8852,2.2303410172138705,2.42732334959218,linear_crop
sunflower,08_01,226,2019,sunflower,2.9829999999999997,2.1696474757208573,2.3326,2.2303410172138705,2.1696474757208573,linear_crop
sunflower,08_01,208,2021,sunflower,2.1216153846153847,2.2636650424051563,2.502,2.257415477956708,2.2636650424051563,linear_crop
sunflower,08_01,209,2021,sunflower,2.268059008785016,2.2663123834336107,2.5276,2.257415477956708,2.2663123834336107,linear_crop
sunflower,08_01,210,2021,sunflower,1.4783400809716598,2.3168113003891175,2.5705,2.257415477956708,2.3168113003891175,linear_crop
sunflower,08_01,211,2021,sunflower,2.1389247311827955,2.331883609493447,3.1853,2.257415477956708,2.331883609493447,linear_crop
sunflower,08_01,212,2021,sunflower,3.3983823529411765,2.4401913742296797,2.7846,2.257415477956708,2.4401913742296797,linear_crop
sunflower,08_01,215,2021,sunflower,2.9865822784810128,2.2614556520929208,2.614,2.257415477956708,2.2614556520929208,linear_crop
sunflower,08_01,216,2021,sunflower,2.925945945945946,2.1277560792772094,2.6715,2.257415477956708,2.1277560792772094,linear_crop
sunflower,08_01,217,2021,sunflower,2.768578431372549,2.343740324665828,2.475,2.257415477956708,2.343740324665828,linear_crop
sunflower,08_01,218,2021,sunflower,2.12974358974359,2.30040820777194,2.0886,2.257415477956708,2.30040820777194,linear_crop
sunflower,08_01,219,2021,sunflower,2.818952380952381,2.4037811206745423,2.8047999999999997,2.257415477956708,2.4037811206745423,linear_crop
sunflower,08_01,220,2021,sunflower,2.0264,2.2906535883962325,2.8005,2.257415477956708,2.2906535883962325,linear_crop
sunflower,08_01,221,2021,sunflower,1.7475,2.1054508660240714,2.5108,2.257415477956708,2.1054508660240714,linear_crop
sunflower,08_01,222,2021,sunflower,2.9396774193548385,2.3929891858106824,2.2581,2.257415477956708,2.3929891858106824,linear_crop
sunflower,08_01,223,2021,sunflower,2.8625714285714285,2.4387993552114695,2.4306,2.257415477956708,2.4387993552114695,linear_crop
sunflower,08_01,224,2021,sunflower,2.0925,2.288624373267208,2.4054,2.257415477956708,2.288624373267208,linear_crop
sunflower,08_01,225,2021,sunflower,1.85,2.231613242450826,2.4835000000000003,2.257415477956708,2.231613242450826,linear_crop
sunflower,08_01,226,2021,sunflower,2.4555,2.2624673497700076,2.5431,2.257415477956708,2.2624673497700076,linear_crop
sunflower,08_01,213,2022,sunflower,1.481428571428571,2.08158185419244,2.5688,2.2824328364554223,2.1885808531214903,linear_crop
sunflower,08_01,214,2022,sunflower,1.002222222222222,2.0738065841243256,2.6556,2.2824328364554223,2.1780879855929576,linear_crop
sunflower,08_01,230,2022,sunflower,3.257219730941704,2.205595783103088,2.4592,2.2824328364554223,2.355939892274192,linear_crop
sunflower,08_01,219,2023,sunflower,2.802523809523809,2.037192876261056,2.0565,2.256223661763095,1.9585128083514747,linear_crop
sunflower,08_01,227,2023,sunflower,2.6015895953757227,2.039109596026691,2.3906,2.256223661763095,1.962285115674875,linear_crop
sunflower,08_01,231,2023,sunflower,2.2995063829787235,1.760243592886698,1.7592,2.256223661763095,1.4134473122812332,linear_crop
sunflower,08_01,232,2023,sunflower,2.6881993243243243,1.9880561549463975,2.0155000000000003,2.256223661763095,1.8618065412244476,linear_crop
sunflower,08_01,195,2024,sunflower,2.7365853658536587,2.289705148513619,3.1813,2.2547869646006644,2.47905206272729,linear_crop
sunflower,08_01,197,2024,sunflower,3.2877551020408164,2.189142985487057,3.3829,2.2547869646006644,2.3886089956384726,linear_crop
sunflower,08_01,207,2024,sunflower,3.107023712920386,2.2137254130186603,2.8787,2.2547869646006644,2.4107178094858788,linear_crop
sunflower,08_01,208,2024,sunflower,2.360615384615385,2.234699828607065,2.2707,2.2547869646006644,2.4295816686066276,linear_crop
sunflower,08_01,212,2024,sunflower,1.900882352941176,2.1999452007547644,2.9494,2.2547869646006644,2.398324234956734,linear_crop
sunflower,08_01,217,2024,sunflower,2.9758823529411766,2.228842542480867,3.1949,2.2547869646006644,2.4243137735442453,linear_crop
sunflower,08_01,228,2024,sunflower,3.052881355932203,2.3537528540946866,2.9244,2.2547869646006644,2.536654949920789,linear_crop
sunflower,08_01,229,2024,sunflower,3.2544166666666663,1.9298185041227636,2.2287,2.2547869646006644,2.1553791131466995,linear_crop
sunflower,08_01,230,2024,sunflower,3.2521793721973093,2.252112684632079,3.1405000000000003,2.2547869646006644,2.4452423510967436,linear_crop
sunflower,08_01,234,2024,sunflower,3.295057142857143,2.22210935436088,2.7715,2.2547869646006644,2.418258114372547,linear_crop
sunflower,08_01,209,2025,sunflower,2.332040444223438,2.161504393763868,3.5131,2.253882200699135,2.484548781517817,linear_crop
sunflower,08_01,210,2025,sunflower,3.192550607287449,2.0912354245820093,2.3675,2.253882200699135,2.4409532838694394,linear_crop
sunflower,08_01,215,2025,sunflower,3.0739240506329115,2.0742579914942705,2.7828,2.253882200699135,2.4304203323707987,linear_crop
sunflower,08_01,216,2025,sunflower,2.986756756756757,2.046001113990024,3.2991,2.253882200699135,2.4128895125632854,linear_crop
sunflower,08_01,222,2025,sunflower,2.972258064516129,2.069440719772606,2.5026,2.253882200699135,2.427431653862225,linear_crop
sunflower,08_01,223,2025,sunflower,3.305142857142857,2.070610607039164,2.1723,2.253882200699135,2.428157462397229,linear_crop
sunflower,08_01,224,2025,sunflower,3.0742307692307693,2.091404949412551,2.718,2.253882200699135,2.4410584585921837,linear_crop
sunflower,08_01,226,2025,sunflower,3.0420000000000003,2.0416695097043993,2.9094,2.253882200699135,2.4102021464805565,linear_crop
sunflower,08_01,207,2018,sunflower,3.496,2.3394167172237643,2.3009,2.215669563352981,2.3394167172237643,blend_crop_mean
sunflower,08_01,209,2018,sunflower,1.7399999999999998,2.288276854004572,2.4931,2.215669563352981,2.288276854004572,blend_crop_mean
sunflower,08_01,227,2018,sunflower,2.613,2.28615142628404,2.0135,2.215669563352981,2.28615142628404,blend_crop_mean
sunflower,08_01,208,2019,sunflower,2.133,2.0795655176197454,2.165,2.2303410172138705,2.0795655176197454,blend_crop_mean
sunflower,08_01,210,2019,sunflower,1.965,2.4584103508501536,2.4427,2.2303410172138705,2.4584103508501536,blend_crop_mean
sunflower,08_01,211,2019,sunflower,1.868,2.42244106301332,2.7584,2.2303410172138705,2.42244106301332,blend_crop_mean
sunflower,08_01,215,2019,sunflower,1.672,2.1792542169461067,1.8390999999999995,2.2303410172138705,2.1792542169461067,blend_crop_mean
sunflower,08_01,216,2019,sunflower,1.95,2.293731270287406,2.5018,2.2303410172138705,2.293731270287406,blend_crop_mean
sunflower,08_01,217,2019,sunflower,1.962,2.166804749510133,2.0462,2.2303410172138705,2.166804749510133,blend_crop_mean
sunflower,08_01,219,2019,sunflower,2.273,2.173974592921263,1.9478,2.2303410172138705,2.173974592921263,blend_crop_mean
sunflower,08_01,220,2019,sunflower,2.7649999999999997,2.174696125006127,2.2225,2.2303410172138705,2.174696125006127,blend_crop_mean
sunflower,08_01,221,2019,sunflower,1.982,2.3725663153982635,2.5364,2.2303410172138705,2.3725663153982635,blend_crop_mean
sunflower,08_01,222,2019,sunflower,2.648,2.093635532412508,2.1036,2.2303410172138705,2.093635532412508,blend_crop_mean
sunflower,08_01,223,2019,sunflower,2.651,2.311946157549165,2.135,2.2303410172138705,2.311946157549165,blend_crop_mean
sunflower,08_01,224,2019,sunflower,3.961,2.3017951091478936,2.4126000000000003,2.2303410172138705,2.3017951091478936,blend_crop_mean
sunflower,08_01,225,2019,sunflower,3.961,2.42732334959218,2.8852,2.2303410172138705,2.42732334959218,blend_crop_mean
sunflower,08_01,226,2019,sunflower,2.9829999999999997,2.1696474757208573,2.3326,2.2303410172138705,2.1696474757208573,blend_crop_mean
sunflower,08_01,208,2021,sunflower,2.1216153846153847,2.2636650424051563,2.502,2.257415477956708,2.2636650424051563,blend_crop_mean
sunflower,08_01,209,2021,sunflower,2.268059008785016,2.2663123834336107,2.5276,2.257415477956708,2.2663123834336107,blend_crop_mean
sunflower,08_01,210,2021,sunflower,1.4783400809716598,2.3168113003891175,2.5705,2.257415477956708,2.3168113003891175,blend_crop_mean
sunflower,08_01,211,2021,sunflower,2.1389247311827955,2.331883609493447,3.1853,2.257415477956708,2.331883609493447,blend_crop_mean
sunflower,08_01,212,2021,sunflower,3.3983823529411765,2.4401913742296797,2.7846,2.257415477956708,2.4401913742296797,blend_crop_mean
sunflower,08_01,215,2021,sunflower,2.9865822784810128,2.2614556520929208,2.614,2.257415477956708,2.2614556520929208,blend_crop_mean
sunflower,08_01,216,2021,sunflower,2.925945945945946,2.1277560792772094,2.6715,2.257415477956708,2.1277560792772094,blend_crop_mean
sunflower,08_01,217,2021,sunflower,2.768578431372549,2.343740324665828,2.475,2.257415477956708,2.343740324665828,blend_crop_mean
sunflower,08_01,218,2021,sunflower,2.12974358974359,2.30040820777194,2.0886,2.257415477956708,2.30040820777194,blend_crop_mean
sunflower,08_01,219,2021,sunflower,2.818952380952381,2.4037811206745423,2.8047999999999997,2.257415477956708,2.4037811206745423,blend_crop_mean
sunflower,08_01,220,2021,sunflower,2.0264,2.2906535883962325,2.8005,2.257415477956708,2.2906535883962325,blend_crop_mean
sunflower,08_01,221,2021,sunflower,1.7475,2.1054508660240714,2.5108,2.257415477956708,2.1054508660240714,blend_crop_mean
sunflower,08_01,222,2021,sunflower,2.9396774193548385,2.3929891858106824,2.2581,2.257415477956708,2.3929891858106824,blend_crop_mean
sunflower,08_01,223,2021,sunflower,2.8625714285714285,2.4387993552114695,2.4306,2.257415477956708,2.4387993552114695,blend_crop_mean
sunflower,08_01,224,2021,sunflower,2.0925,2.288624373267208,2.4054,2.257415477956708,2.288624373267208,blend_crop_mean
sunflower,08_01,225,2021,sunflower,1.85,2.231613242450826,2.4835000000000003,2.257415477956708,2.231613242450826,blend_crop_mean
sunflower,08_01,226,2021,sunflower,2.4555,2.2624673497700076,2.5431,2.257415477956708,2.2624673497700076,blend_crop_mean
sunflower,08_01,213,2022,sunflower,1.481428571428571,2.08158185419244,2.5688,2.2824328364554223,2.08158185419244,blend_crop_mean
sunflower,08_01,214,2022,sunflower,1.002222222222222,2.0738065841243256,2.6556,2.2824328364554223,2.0738065841243256,blend_crop_mean
sunflower,08_01,230,2022,sunflower,3.257219730941704,2.205595783103088,2.4592,2.2824328364554223,2.205595783103088,blend_crop_mean
sunflower,08_01,219,2023,sunflower,2.802523809523809,2.037192876261056,2.0565,2.256223661763095,2.037192876261056,blend_crop_mean
sunflower,08_01,227,2023,sunflower,2.6015895953757227,2.039109596026691,2.3906,2.256223661763095,2.039109596026691,blend_crop_mean
sunflower,08_01,231,2023,sunflower,2.2995063829787235,1.760243592886698,1.7592,2.256223661763095,1.760243592886698,blend_crop_mean
sunflower,08_01,232,2023,sunflower,2.6881993243243243,1.9880561549463975,2.0155000000000003,2.256223661763095,1.9880561549463975,blend_crop_mean
sunflower,08_01,195,2024,sunflower,2.7365853658536587,2.289705148513619,3.1813,2.2547869646006644,2.304063810905459,blend_crop_mean
sunflower,08_01,197,2024,sunflower,3.2877551020408164,2.189142985487057,3.3829,2.2547869646006644,2.2135578641815536,blend_crop_mean
sunflower,08_01,207,2024,sunflower,3.107023712920386,2.2137254130186603,2.8787,2.2547869646006644,2.2356820489599967,blend_crop_mean
sunflower,08_01,208,2024,sunflower,2.360615384615385,2.234699828607065,2.2707,2.2547869646006644,2.254559022989561,blend_crop_mean
sunflower,08_01,212,2024,sunflower,1.900882352941176,2.1999452007547644,2.9494,2.2547869646006644,2.22327985792249,blend_crop_mean
sunflower,08_01,217,2024,sunflower,2.9758823529411766,2.228842542480867,3.1949,2.2547869646006644,2.2492874654759825,blend_crop_mean
sunflower,08_01,228,2024,sunflower,3.052881355932203,2.3537528540946866,2.9244,2.2547869646006644,2.3617067459284202,blend_crop_mean
sunflower,08_01,229,2024,sunflower,3.2544166666666663,1.9298185041227636,2.2287,2.2547869646006644,1.9801658309536894,blend_crop_mean
sunflower,08_01,230,2024,sunflower,3.2521793721973093,2.252112684632079,3.1405000000000003,2.2547869646006644,2.270230593412073,blend_crop_mean
sunflower,08_01,234,2024,sunflower,3.295057142857143,2.22210935436088,2.7715,2.2547869646006644,2.243227596167994,blend_crop_mean
sunflower,08_01,209,2025,sunflower,2.332040444223438,2.161504393763868,3.5131,2.253882200699135,2.2718074372739947,blend_crop_mean
sunflower,08_01,210,2025,sunflower,3.192550607287449,2.0912354245820093,2.3675,2.253882200699135,2.2226191588466935,blend_crop_mean
sunflower,08_01,215,2025,sunflower,3.0739240506329115,2.0742579914942705,2.7828,2.253882200699135,2.2107349556852762,blend_crop_mean
sunflower,08_01,216,2025,sunflower,2.986756756756757,2.046001113990024,3.2991,2.253882200699135,2.190955141432304,blend_crop_mean
sunflower,08_01,222,2025,sunflower,2.972258064516129,2.069440719772606,2.5026,2.253882200699135,2.2073628654801114,blend_crop_mean
sunflower,08_01,223,2025,sunflower,3.305142857142857,2.070610607039164,2.1723,2.253882200699135,2.2081817865667017,blend_crop_mean
sunflower,08_01,224,2025,sunflower,3.0742307692307693,2.091404949412551,2.718,2.253882200699135,2.2227378262280726,blend_crop_mean
sunflower,08_01,226,2025,sunflower,3.0420000000000003,2.0416695097043993,2.9094,2.253882200699135,2.1879230184323664,blend_crop_mean
sunflower,09_01,207,2018,sunflower,3.496,2.3185374831425194,2.2908,2.215669563352981,2.3185374831425194,peer_raw
sunflower,09_01,209,2018,sunflower,1.7399999999999998,2.3634812118842636,2.0557,2.215669563352981,2.3634812118842636,peer_raw
sunflower,09_01,227,2018,sunflower,2.613,2.0962829400835137,2.4276,2.215669563352981,2.0962829400835137,peer_raw
sunflower,09_01,208,2019,sunflower,2.133,2.074037728616676,2.5304,2.2303410172138705,2.074037728616676,peer_raw
sunflower,09_01,210,2019,sunflower,1.965,2.464906470934104,2.5763000000000003,2.2303410172138705,2.464906470934104,peer_raw
sunflower,09_01,211,2019,sunflower,1.868,2.1457900821572817,2.5446999999999997,2.2303410172138705,2.1457900821572817,peer_raw
sunflower,09_01,215,2019,sunflower,1.672,2.170819984477966,2.476,2.2303410172138705,2.170819984477966,peer_raw
sunflower,09_01,216,2019,sunflower,1.95,2.191632729151966,2.4692,2.2303410172138705,2.191632729151966,peer_raw
sunflower,09_01,217,2019,sunflower,1.962,2.131597220332527,2.4656,2.2303410172138705,2.131597220332527,peer_raw
sunflower,09_01,219,2019,sunflower,2.273,2.1506655330260664,2.4422,2.2303410172138705,2.1506655330260664,peer_raw
sunflower,09_01,220,2019,sunflower,2.7649999999999997,2.0242811642157426,2.8589,2.2303410172138705,2.0242811642157426,peer_raw
sunflower,09_01,221,2019,sunflower,1.982,2.229761526167693,3.0438,2.2303410172138705,2.229761526167693,peer_raw
sunflower,09_01,222,2019,sunflower,2.648,1.974994357163116,2.4673,2.2303410172138705,1.974994357163116,peer_raw
sunflower,09_01,223,2019,sunflower,2.651,2.1748101036621064,2.4036,2.2303410172138705,2.1748101036621064,peer_raw
sunflower,09_01,224,2019,sunflower,3.961,2.1502172763336462,2.5131,2.2303410172138705,2.1502172763336462,peer_raw
sunflower,09_01,225,2019,sunflower,3.961,2.1642799172942313,2.1581,2.2303410172138705,2.1642799172942313,peer_raw
sunflower,09_01,226,2019,sunflower,2.9829999999999997,2.0714278754874607,2.1576,2.2303410172138705,2.0714278754874607,peer_raw
sunflower,09_01,208,2021,sunflower,2.1216153846153847,1.8952705423677307,2.5939,2.257415477956708,1.8952705423677307,peer_raw
sunflower,09_01,209,2021,sunflower,2.268059008785016,2.090992644739669,2.3401,2.257415477956708,2.090992644739669,peer_raw
sunflower,09_01,210,2021,sunflower,1.4783400809716598,2.0259613268196373,2.8418,2.257415477956708,2.0259613268196373,peer_raw
sunflower,09_01,211,2021,sunflower,2.1389247311827955,2.031886539978007,2.9005,2.257415477956708,2.031886539978007,peer_raw
sunflower,09_01,212,2021,sunflower,3.3983823529411765,2.0521212289139728,2.9642,2.257415477956708,2.0521212289139728,peer_raw
sunflower,09_01,215,2021,sunflower,2.9865822784810128,1.8806980379685712,2.6519,2.257415477956708,1.8806980379685712,peer_raw
sunflower,09_01,216,2021,sunflower,2.925945945945946,1.8076557448214112,2.7872,2.257415477956708,1.8076557448214112,peer_raw
sunflower,09_01,217,2021,sunflower,2.768578431372549,2.040258276125792,2.6262,2.257415477956708,2.040258276125792,peer_raw
sunflower,09_01,218,2021,sunflower,2.12974358974359,1.8041221882687153,2.6262,2.257415477956708,1.8041221882687153,peer_raw
sunflower,09_01,219,2021,sunflower,2.818952380952381,2.0631258683028024,2.9821,2.257415477956708,2.0631258683028024,peer_raw
sunflower,09_01,220,2021,sunflower,2.0264,1.8748291176487293,3.0557,2.257415477956708,1.8748291176487293,peer_raw
sunflower,09_01,221,2021,sunflower,1.7475,1.7051432389450047,2.4777,2.257415477956708,1.7051432389450047,peer_raw
sunflower,09_01,222,2021,sunflower,2.9396774193548385,2.0127103652026954,2.7158,2.257415477956708,2.0127103652026954,peer_raw
sunflower,09_01,223,2021,sunflower,2.8625714285714285,1.9741313822545317,2.6313,2.257415477956708,1.9741313822545317,peer_raw
sunflower,09_01,224,2021,sunflower,2.0925,1.907723674200932,2.6733,2.257415477956708,1.907723674200932,peer_raw
sunflower,09_01,225,2021,sunflower,1.85,1.5550695324980146,2.3085,2.257415477956708,1.5550695324980146,peer_raw
sunflower,09_01,226,2021,sunflower,2.4555,1.9248591272628692,2.9791,2.257415477956708,1.9248591272628692,peer_raw
sunflower,09_01,213,2022,sunflower,1.481428571428571,1.9011255828474247,2.1202,2.2824328364554223,1.9011255828474247,peer_raw
sunflower,09_01,214,2022,sunflower,1.002222222222222,1.8441496585722008,2.1227,2.2824328364554223,1.8441496585722008,peer_raw
sunflower,09_01,230,2022,sunflower,3.257219730941704,2.007991718302595,2.7875,2.2824328364554223,2.007991718302595,peer_raw
sunflower,09_01,219,2023,sunflower,2.802523809523809,1.924498152825868,2.4396,2.256223661763095,1.924498152825868,peer_raw
sunflower,09_01,227,2023,sunflower,2.6015895953757227,1.874941142157998,2.253,2.256223661763095,1.874941142157998,peer_raw
sunflower,09_01,231,2023,sunflower,2.2995063829787235,1.5674006566274234,2.2117,2.256223661763095,1.5674006566274234,peer_raw
sunflower,09_01,232,2023,sunflower,2.6881993243243243,1.7905102202408822,2.3653,2.256223661763095,1.7905102202408822,peer_raw
sunflower,09_01,195,2024,sunflower,2.7365853658536587,2.138603699267078,3.2249000000000003,2.2547869646006644,2.138603699267078,peer_raw
sunflower,09_01,197,2024,sunflower,3.2877551020408164,1.852433334631165,3.2267,2.2547869646006644,1.852433334631165,peer_raw
sunflower,09_01,207,2024,sunflower,3.107023712920386,1.8341855466822052,2.8238,2.2547869646006644,1.8341855466822052,peer_raw
sunflower,09_01,208,2024,sunflower,2.360615384615385,1.8795513619830728,2.4902,2.2547869646006644,1.8795513619830728,peer_raw
sunflower,09_01,212,2024,sunflower,1.900882352941176,1.865262705009082,2.5872,2.2547869646006644,1.865262705009082,peer_raw
sunflower,09_01,217,2024,sunflower,2.9758823529411766,1.966643059585156,3.2312,2.2547869646006644,1.966643059585156,peer_raw
sunflower,09_01,228,2024,sunflower,3.052881355932203,2.0770121405172493,3.0939,2.2547869646006644,2.0770121405172493,peer_raw
sunflower,09_01,229,2024,sunflower,3.2544166666666663,1.619757928268745,2.2845,2.2547869646006644,1.619757928268745,peer_raw
sunflower,09_01,230,2024,sunflower,3.2521793721973093,1.971740563843528,3.0899,2.2547869646006644,1.971740563843528,peer_raw
sunflower,09_01,234,2024,sunflower,3.295057142857143,1.6974750370524525,2.6495,2.2547869646006644,1.6974750370524525,peer_raw
sunflower,09_01,209,2025,sunflower,2.332040444223438,2.004182223476671,3.0953,2.253882200699135,2.004182223476671,peer_raw
sunflower,09_01,210,2025,sunflower,3.192550607287449,2.0855140196477326,2.6427,2.253882200699135,2.0855140196477326,peer_raw
sunflower,09_01,215,2025,sunflower,3.0739240506329115,1.867184574537612,2.6681,2.253882200699135,1.867184574537612,peer_raw
sunflower,09_01,216,2025,sunflower,2.986756756756757,1.810319521390021,2.9402,2.253882200699135,1.810319521390021,peer_raw
sunflower,09_01,222,2025,sunflower,2.972258064516129,1.892015431456245,2.5682,2.253882200699135,1.892015431456245,peer_raw
sunflower,09_01,223,2025,sunflower,3.305142857142857,1.957501682238984,2.6925999999999997,2.253882200699135,1.957501682238984,peer_raw
sunflower,09_01,224,2025,sunflower,3.0742307692307693,1.789873654154167,3.1024000000000003,2.253882200699135,1.789873654154167,peer_raw
sunflower,09_01,226,2025,sunflower,3.0420000000000003,1.7609694151010071,3.3878999999999997,2.253882200699135,1.7609694151010071,peer_raw
sunflower,09_01,207,2018,sunflower,3.496,2.3185374831425194,2.2908,2.215669563352981,2.3185374831425194,residual_global
sunflower,09_01,209,2018,sunflower,1.7399999999999998,2.3634812118842636,2.0557,2.215669563352981,2.3634812118842636,residual_global
sunflower,09_01,227,2018,sunflower,2.613,2.0962829400835137,2.4276,2.215669563352981,2.0962829400835137,residual_global
sunflower,09_01,208,2019,sunflower,2.133,2.074037728616676,2.5304,2.2303410172138705,2.074037728616676,residual_global
sunflower,09_01,210,2019,sunflower,1.965,2.464906470934104,2.5763000000000003,2.2303410172138705,2.464906470934104,residual_global
sunflower,09_01,211,2019,sunflower,1.868,2.1457900821572817,2.5446999999999997,2.2303410172138705,2.1457900821572817,residual_global
sunflower,09_01,215,2019,sunflower,1.672,2.170819984477966,2.476,2.2303410172138705,2.170819984477966,residual_global
sunflower,09_01,216,2019,sunflower,1.95,2.191632729151966,2.4692,2.2303410172138705,2.191632729151966,residual_global
sunflower,09_01,217,2019,sunflower,1.962,2.131597220332527,2.4656,2.2303410172138705,2.131597220332527,residual_global
sunflower,09_01,219,2019,sunflower,2.273,2.1506655330260664,2.4422,2.2303410172138705,2.1506655330260664,residual_global
sunflower,09_01,220,2019,sunflower,2.7649999999999997,2.0242811642157426,2.8589,2.2303410172138705,2.0242811642157426,residual_global
sunflower,09_01,221,2019,sunflower,1.982,2.229761526167693,3.0438,2.2303410172138705,2.229761526167693,residual_global
sunflower,09_01,222,2019,sunflower,2.648,1.974994357163116,2.4673,2.2303410172138705,1.974994357163116,residual_global
sunflower,09_01,223,2019,sunflower,2.651,2.1748101036621064,2.4036,2.2303410172138705,2.1748101036621064,residual_global
sunflower,09_01,224,2019,sunflower,3.961,2.1502172763336462,2.5131,2.2303410172138705,2.1502172763336462,residual_global
sunflower,09_01,225,2019,sunflower,3.961,2.1642799172942313,2.1581,2.2303410172138705,2.1642799172942313,residual_global
sunflower,09_01,226,2019,sunflower,2.9829999999999997,2.0714278754874607,2.1576,2.2303410172138705,2.0714278754874607,residual_global
sunflower,09_01,208,2021,sunflower,2.1216153846153847,1.8952705423677307,2.5939,2.257415477956708,1.8952705423677307,residual_global
sunflower,09_01,209,2021,sunflower,2.268059008785016,2.090992644739669,2.3401,2.257415477956708,2.090992644739669,residual_global
sunflower,09_01,210,2021,sunflower,1.4783400809716598,2.0259613268196373,2.8418,2.257415477956708,2.0259613268196373,residual_global
sunflower,09_01,211,2021,sunflower,2.1389247311827955,2.031886539978007,2.9005,2.257415477956708,2.031886539978007,residual_global
sunflower,09_01,212,2021,sunflower,3.3983823529411765,2.0521212289139728,2.9642,2.257415477956708,2.0521212289139728,residual_global
sunflower,09_01,215,2021,sunflower,2.9865822784810128,1.8806980379685712,2.6519,2.257415477956708,1.8806980379685712,residual_global
sunflower,09_01,216,2021,sunflower,2.925945945945946,1.8076557448214112,2.7872,2.257415477956708,1.8076557448214112,residual_global
sunflower,09_01,217,2021,sunflower,2.768578431372549,2.040258276125792,2.6262,2.257415477956708,2.040258276125792,residual_global
sunflower,09_01,218,2021,sunflower,2.12974358974359,1.8041221882687153,2.6262,2.257415477956708,1.8041221882687153,residual_global
sunflower,09_01,219,2021,sunflower,2.818952380952381,2.0631258683028024,2.9821,2.257415477956708,2.0631258683028024,residual_global
sunflower,09_01,220,2021,sunflower,2.0264,1.8748291176487293,3.0557,2.257415477956708,1.8748291176487293,residual_global
sunflower,09_01,221,2021,sunflower,1.7475,1.7051432389450047,2.4777,2.257415477956708,1.7051432389450047,residual_global
sunflower,09_01,222,2021,sunflower,2.9396774193548385,2.0127103652026954,2.7158,2.257415477956708,2.0127103652026954,residual_global
sunflower,09_01,223,2021,sunflower,2.8625714285714285,1.9741313822545317,2.6313,2.257415477956708,1.9741313822545317,residual_global
sunflower,09_01,224,2021,sunflower,2.0925,1.907723674200932,2.6733,2.257415477956708,1.907723674200932,residual_global
sunflower,09_01,225,2021,sunflower,1.85,1.5550695324980146,2.3085,2.257415477956708,1.5550695324980146,residual_global
sunflower,09_01,226,2021,sunflower,2.4555,1.9248591272628692,2.9791,2.257415477956708,1.9248591272628692,residual_global
sunflower,09_01,213,2022,sunflower,1.481428571428571,1.9011255828474247,2.1202,2.2824328364554223,2.3154841296847133,residual_global
sunflower,09_01,214,2022,sunflower,1.002222222222222,1.8441496585722008,2.1227,2.2824328364554223,2.2585082054094894,residual_global
sunflower,09_01,230,2022,sunflower,3.257219730941704,2.007991718302595,2.7875,2.2824328364554223,2.422350265139883,residual_global
sunflower,09_01,219,2023,sunflower,2.802523809523809,1.924498152825868,2.4396,2.256223661763095,2.3049250219431134,residual_global
sunflower,09_01,227,2023,sunflower,2.6015895953757227,1.874941142157998,2.253,2.256223661763095,2.2553680112752437,residual_global
sunflower,09_01,231,2023,sunflower,2.2995063829787235,1.5674006566274234,2.2117,2.256223661763095,1.947827525744669,residual_global
sunflower,09_01,232,2023,sunflower,2.6881993243243243,1.7905102202408822,2.3653,2.256223661763095,2.170937089358128,residual_global
sunflower,09_01,195,2024,sunflower,2.7365853658536587,2.138603699267078,3.2249000000000003,2.2547869646006644,2.5608052382350897,residual_global
sunflower,09_01,197,2024,sunflower,3.2877551020408164,1.852433334631165,3.2267,2.2547869646006644,2.274634873599177,residual_global
sunflower,09_01,207,2024,sunflower,3.107023712920386,1.8341855466822052,2.8238,2.2547869646006644,2.2563870856502173,residual_global
sunflower,09_01,208,2024,sunflower,2.360615384615385,1.8795513619830728,2.4902,2.2547869646006644,2.301752900951085,residual_global
sunflower,09_01,212,2024,sunflower,1.900882352941176,1.865262705009082,2.5872,2.2547869646006644,2.287464243977094,residual_global
sunflower,09_01,217,2024,sunflower,2.9758823529411766,1.966643059585156,3.2312,2.2547869646006644,2.388844598553168,residual_global
sunflower,09_01,228,2024,sunflower,3.052881355932203,2.0770121405172493,3.0939,2.2547869646006644,2.499213679485261,residual_global
sunflower,09_01,229,2024,sunflower,3.2544166666666663,1.619757928268745,2.2845,2.2547869646006644,2.041959467236757,residual_global
sunflower,09_01,230,2024,sunflower,3.2521793721973093,1.971740563843528,3.0899,2.2547869646006644,2.3939421028115397,residual_global
sunflower,09_01,234,2024,sunflower,3.295057142857143,1.6974750370524525,2.6495,2.2547869646006644,2.1196765760204643,residual_global
sunflower,09_01,209,2025,sunflower,2.332040444223438,2.004182223476671,3.0953,2.253882200699135,2.5459641162181352,residual_global
sunflower,09_01,210,2025,sunflower,3.192550607287449,2.0855140196477326,2.6427,2.253882200699135,2.6272959123891972,residual_global
sunflower,09_01,215,2025,sunflower,3.0739240506329115,1.867184574537612,2.6681,2.253882200699135,2.4089664672790763,residual_global
sunflower,09_01,216,2025,sunflower,2.986756756756757,1.810319521390021,2.9402,2.253882200699135,2.3521014141314853,residual_global
sunflower,09_01,222,2025,sunflower,2.972258064516129,1.892015431456245,2.5682,2.253882200699135,2.4337973241977093,residual_global
sunflower,09_01,223,2025,sunflower,3.305142857142857,1.957501682238984,2.6925999999999997,2.253882200699135,2.4992835749804483,residual_global
sunflower,09_01,224,2025,sunflower,3.0742307692307693,1.789873654154167,3.1024000000000003,2.253882200699135,2.3316555468956315,residual_global
sunflower,09_01,226,2025,sunflower,3.0420000000000003,1.7609694151010071,3.3878999999999997,2.253882200699135,2.3027513078424713,residual_global
sunflower,09_01,207,2018,sunflower,3.496,2.3185374831425194,2.2908,2.215669563352981,2.3185374831425194,residual_crop
sunflower,09_01,209,2018,sunflower,1.7399999999999998,2.3634812118842636,2.0557,2.215669563352981,2.3634812118842636,residual_crop
sunflower,09_01,227,2018,sunflower,2.613,2.0962829400835137,2.4276,2.215669563352981,2.0962829400835137,residual_crop
sunflower,09_01,208,2019,sunflower,2.133,2.074037728616676,2.5304,2.2303410172138705,2.074037728616676,residual_crop
sunflower,09_01,210,2019,sunflower,1.965,2.464906470934104,2.5763000000000003,2.2303410172138705,2.464906470934104,residual_crop
sunflower,09_01,211,2019,sunflower,1.868,2.1457900821572817,2.5446999999999997,2.2303410172138705,2.1457900821572817,residual_crop
sunflower,09_01,215,2019,sunflower,1.672,2.170819984477966,2.476,2.2303410172138705,2.170819984477966,residual_crop
sunflower,09_01,216,2019,sunflower,1.95,2.191632729151966,2.4692,2.2303410172138705,2.191632729151966,residual_crop
sunflower,09_01,217,2019,sunflower,1.962,2.131597220332527,2.4656,2.2303410172138705,2.131597220332527,residual_crop
sunflower,09_01,219,2019,sunflower,2.273,2.1506655330260664,2.4422,2.2303410172138705,2.1506655330260664,residual_crop
sunflower,09_01,220,2019,sunflower,2.7649999999999997,2.0242811642157426,2.8589,2.2303410172138705,2.0242811642157426,residual_crop
sunflower,09_01,221,2019,sunflower,1.982,2.229761526167693,3.0438,2.2303410172138705,2.229761526167693,residual_crop
sunflower,09_01,222,2019,sunflower,2.648,1.974994357163116,2.4673,2.2303410172138705,1.974994357163116,residual_crop
sunflower,09_01,223,2019,sunflower,2.651,2.1748101036621064,2.4036,2.2303410172138705,2.1748101036621064,residual_crop
sunflower,09_01,224,2019,sunflower,3.961,2.1502172763336462,2.5131,2.2303410172138705,2.1502172763336462,residual_crop
sunflower,09_01,225,2019,sunflower,3.961,2.1642799172942313,2.1581,2.2303410172138705,2.1642799172942313,residual_crop
sunflower,09_01,226,2019,sunflower,2.9829999999999997,2.0714278754874607,2.1576,2.2303410172138705,2.0714278754874607,residual_crop
sunflower,09_01,208,2021,sunflower,2.1216153846153847,1.8952705423677307,2.5939,2.257415477956708,1.8952705423677307,residual_crop
sunflower,09_01,209,2021,sunflower,2.268059008785016,2.090992644739669,2.3401,2.257415477956708,2.090992644739669,residual_crop
sunflower,09_01,210,2021,sunflower,1.4783400809716598,2.0259613268196373,2.8418,2.257415477956708,2.0259613268196373,residual_crop
sunflower,09_01,211,2021,sunflower,2.1389247311827955,2.031886539978007,2.9005,2.257415477956708,2.031886539978007,residual_crop
sunflower,09_01,212,2021,sunflower,3.3983823529411765,2.0521212289139728,2.9642,2.257415477956708,2.0521212289139728,residual_crop
sunflower,09_01,215,2021,sunflower,2.9865822784810128,1.8806980379685712,2.6519,2.257415477956708,1.8806980379685712,residual_crop
sunflower,09_01,216,2021,sunflower,2.925945945945946,1.8076557448214112,2.7872,2.257415477956708,1.8076557448214112,residual_crop
sunflower,09_01,217,2021,sunflower,2.768578431372549,2.040258276125792,2.6262,2.257415477956708,2.040258276125792,residual_crop
sunflower,09_01,218,2021,sunflower,2.12974358974359,1.8041221882687153,2.6262,2.257415477956708,1.8041221882687153,residual_crop
sunflower,09_01,219,2021,sunflower,2.818952380952381,2.0631258683028024,2.9821,2.257415477956708,2.0631258683028024,residual_crop
sunflower,09_01,220,2021,sunflower,2.0264,1.8748291176487293,3.0557,2.257415477956708,1.8748291176487293,residual_crop
sunflower,09_01,221,2021,sunflower,1.7475,1.7051432389450047,2.4777,2.257415477956708,1.7051432389450047,residual_crop
sunflower,09_01,222,2021,sunflower,2.9396774193548385,2.0127103652026954,2.7158,2.257415477956708,2.0127103652026954,residual_crop
sunflower,09_01,223,2021,sunflower,2.8625714285714285,1.9741313822545317,2.6313,2.257415477956708,1.9741313822545317,residual_crop
sunflower,09_01,224,2021,sunflower,2.0925,1.907723674200932,2.6733,2.257415477956708,1.907723674200932,residual_crop
sunflower,09_01,225,2021,sunflower,1.85,1.5550695324980146,2.3085,2.257415477956708,1.5550695324980146,residual_crop
sunflower,09_01,226,2021,sunflower,2.4555,1.9248591272628692,2.9791,2.257415477956708,1.9248591272628692,residual_crop
sunflower,09_01,213,2022,sunflower,1.481428571428571,1.9011255828474247,2.1202,2.2824328364554223,2.3154841296847133,residual_crop
sunflower,09_01,214,2022,sunflower,1.002222222222222,1.8441496585722008,2.1227,2.2824328364554223,2.2585082054094894,residual_crop
sunflower,09_01,230,2022,sunflower,3.257219730941704,2.007991718302595,2.7875,2.2824328364554223,2.422350265139883,residual_crop
sunflower,09_01,219,2023,sunflower,2.802523809523809,1.924498152825868,2.4396,2.256223661763095,2.3049250219431134,residual_crop
sunflower,09_01,227,2023,sunflower,2.6015895953757227,1.874941142157998,2.253,2.256223661763095,2.2553680112752437,residual_crop
sunflower,09_01,231,2023,sunflower,2.2995063829787235,1.5674006566274234,2.2117,2.256223661763095,1.947827525744669,residual_crop
sunflower,09_01,232,2023,sunflower,2.6881993243243243,1.7905102202408822,2.3653,2.256223661763095,2.170937089358128,residual_crop
sunflower,09_01,195,2024,sunflower,2.7365853658536587,2.138603699267078,3.2249000000000003,2.2547869646006644,2.5608052382350897,residual_crop
sunflower,09_01,197,2024,sunflower,3.2877551020408164,1.852433334631165,3.2267,2.2547869646006644,2.274634873599177,residual_crop
sunflower,09_01,207,2024,sunflower,3.107023712920386,1.8341855466822052,2.8238,2.2547869646006644,2.2563870856502173,residual_crop
sunflower,09_01,208,2024,sunflower,2.360615384615385,1.8795513619830728,2.4902,2.2547869646006644,2.301752900951085,residual_crop
sunflower,09_01,212,2024,sunflower,1.900882352941176,1.865262705009082,2.5872,2.2547869646006644,2.287464243977094,residual_crop
sunflower,09_01,217,2024,sunflower,2.9758823529411766,1.966643059585156,3.2312,2.2547869646006644,2.388844598553168,residual_crop
sunflower,09_01,228,2024,sunflower,3.052881355932203,2.0770121405172493,3.0939,2.2547869646006644,2.499213679485261,residual_crop
sunflower,09_01,229,2024,sunflower,3.2544166666666663,1.619757928268745,2.2845,2.2547869646006644,2.041959467236757,residual_crop
sunflower,09_01,230,2024,sunflower,3.2521793721973093,1.971740563843528,3.0899,2.2547869646006644,2.3939421028115397,residual_crop
sunflower,09_01,234,2024,sunflower,3.295057142857143,1.6974750370524525,2.6495,2.2547869646006644,2.1196765760204643,residual_crop
sunflower,09_01,209,2025,sunflower,2.332040444223438,2.004182223476671,3.0953,2.253882200699135,2.5459641162181352,residual_crop
sunflower,09_01,210,2025,sunflower,3.192550607287449,2.0855140196477326,2.6427,2.253882200699135,2.6272959123891972,residual_crop
sunflower,09_01,215,2025,sunflower,3.0739240506329115,1.867184574537612,2.6681,2.253882200699135,2.4089664672790763,residual_crop
sunflower,09_01,216,2025,sunflower,2.986756756756757,1.810319521390021,2.9402,2.253882200699135,2.3521014141314853,residual_crop
sunflower,09_01,222,2025,sunflower,2.972258064516129,1.892015431456245,2.5682,2.253882200699135,2.4337973241977093,residual_crop
sunflower,09_01,223,2025,sunflower,3.305142857142857,1.957501682238984,2.6925999999999997,2.253882200699135,2.4992835749804483,residual_crop
sunflower,09_01,224,2025,sunflower,3.0742307692307693,1.789873654154167,3.1024000000000003,2.253882200699135,2.3316555468956315,residual_crop
sunflower,09_01,226,2025,sunflower,3.0420000000000003,1.7609694151010071,3.3878999999999997,2.253882200699135,2.3027513078424713,residual_crop
sunflower,09_01,207,2018,sunflower,3.496,2.3185374831425194,2.2908,2.215669563352981,2.3185374831425194,linear_global
sunflower,09_01,209,2018,sunflower,1.7399999999999998,2.3634812118842636,2.0557,2.215669563352981,2.3634812118842636,linear_global
sunflower,09_01,227,2018,sunflower,2.613,2.0962829400835137,2.4276,2.215669563352981,2.0962829400835137,linear_global
sunflower,09_01,208,2019,sunflower,2.133,2.074037728616676,2.5304,2.2303410172138705,2.074037728616676,linear_global
sunflower,09_01,210,2019,sunflower,1.965,2.464906470934104,2.5763000000000003,2.2303410172138705,2.464906470934104,linear_global
sunflower,09_01,211,2019,sunflower,1.868,2.1457900821572817,2.5446999999999997,2.2303410172138705,2.1457900821572817,linear_global
sunflower,09_01,215,2019,sunflower,1.672,2.170819984477966,2.476,2.2303410172138705,2.170819984477966,linear_global
sunflower,09_01,216,2019,sunflower,1.95,2.191632729151966,2.4692,2.2303410172138705,2.191632729151966,linear_global
sunflower,09_01,217,2019,sunflower,1.962,2.131597220332527,2.4656,2.2303410172138705,2.131597220332527,linear_global
sunflower,09_01,219,2019,sunflower,2.273,2.1506655330260664,2.4422,2.2303410172138705,2.1506655330260664,linear_global
sunflower,09_01,220,2019,sunflower,2.7649999999999997,2.0242811642157426,2.8589,2.2303410172138705,2.0242811642157426,linear_global
sunflower,09_01,221,2019,sunflower,1.982,2.229761526167693,3.0438,2.2303410172138705,2.229761526167693,linear_global
sunflower,09_01,222,2019,sunflower,2.648,1.974994357163116,2.4673,2.2303410172138705,1.974994357163116,linear_global
sunflower,09_01,223,2019,sunflower,2.651,2.1748101036621064,2.4036,2.2303410172138705,2.1748101036621064,linear_global
sunflower,09_01,224,2019,sunflower,3.961,2.1502172763336462,2.5131,2.2303410172138705,2.1502172763336462,linear_global
sunflower,09_01,225,2019,sunflower,3.961,2.1642799172942313,2.1581,2.2303410172138705,2.1642799172942313,linear_global
sunflower,09_01,226,2019,sunflower,2.9829999999999997,2.0714278754874607,2.1576,2.2303410172138705,2.0714278754874607,linear_global
sunflower,09_01,208,2021,sunflower,2.1216153846153847,1.8952705423677307,2.5939,2.257415477956708,1.8952705423677307,linear_global
sunflower,09_01,209,2021,sunflower,2.268059008785016,2.090992644739669,2.3401,2.257415477956708,2.090992644739669,linear_global
sunflower,09_01,210,2021,sunflower,1.4783400809716598,2.0259613268196373,2.8418,2.257415477956708,2.0259613268196373,linear_global
sunflower,09_01,211,2021,sunflower,2.1389247311827955,2.031886539978007,2.9005,2.257415477956708,2.031886539978007,linear_global
sunflower,09_01,212,2021,sunflower,3.3983823529411765,2.0521212289139728,2.9642,2.257415477956708,2.0521212289139728,linear_global
sunflower,09_01,215,2021,sunflower,2.9865822784810128,1.8806980379685712,2.6519,2.257415477956708,1.8806980379685712,linear_global
sunflower,09_01,216,2021,sunflower,2.925945945945946,1.8076557448214112,2.7872,2.257415477956708,1.8076557448214112,linear_global
sunflower,09_01,217,2021,sunflower,2.768578431372549,2.040258276125792,2.6262,2.257415477956708,2.040258276125792,linear_global
sunflower,09_01,218,2021,sunflower,2.12974358974359,1.8041221882687153,2.6262,2.257415477956708,1.8041221882687153,linear_global
sunflower,09_01,219,2021,sunflower,2.818952380952381,2.0631258683028024,2.9821,2.257415477956708,2.0631258683028024,linear_global
sunflower,09_01,220,2021,sunflower,2.0264,1.8748291176487293,3.0557,2.257415477956708,1.8748291176487293,linear_global
sunflower,09_01,221,2021,sunflower,1.7475,1.7051432389450047,2.4777,2.257415477956708,1.7051432389450047,linear_global
sunflower,09_01,222,2021,sunflower,2.9396774193548385,2.0127103652026954,2.7158,2.257415477956708,2.0127103652026954,linear_global
sunflower,09_01,223,2021,sunflower,2.8625714285714285,1.9741313822545317,2.6313,2.257415477956708,1.9741313822545317,linear_global
sunflower,09_01,224,2021,sunflower,2.0925,1.907723674200932,2.6733,2.257415477956708,1.907723674200932,linear_global
sunflower,09_01,225,2021,sunflower,1.85,1.5550695324980146,2.3085,2.257415477956708,1.5550695324980146,linear_global
sunflower,09_01,226,2021,sunflower,2.4555,1.9248591272628692,2.9791,2.257415477956708,1.9248591272628692,linear_global
sunflower,09_01,213,2022,sunflower,1.481428571428571,1.9011255828474247,2.1202,2.2824328364554223,2.4090189880157586,linear_global
sunflower,09_01,214,2022,sunflower,1.002222222222222,1.8441496585722008,2.1227,2.2824328364554223,2.3889776154821396,linear_global
sunflower,09_01,230,2022,sunflower,3.257219730941704,2.007991718302595,2.7875,2.2824328364554223,2.4466093221635563,linear_global
sunflower,09_01,219,2023,sunflower,2.802523809523809,1.924498152825868,2.4396,2.256223661763095,2.3423217725362937,linear_global
sunflower,09_01,227,2023,sunflower,2.6015895953757227,1.874941142157998,2.253,2.256223661763095,2.309526534527585,linear_global
sunflower,09_01,231,2023,sunflower,2.2995063829787235,1.5674006566274234,2.2117,2.256223661763095,2.106006118659801,linear_global
sunflower,09_01,232,2023,sunflower,2.6881993243243243,1.7905102202408822,2.3653,2.256223661763095,2.2536528621197824,linear_global
sunflower,09_01,195,2024,sunflower,2.7365853658536587,2.138603699267078,3.2249000000000003,2.2547869646006644,2.4949587884765414,linear_global
sunflower,09_01,197,2024,sunflower,3.2877551020408164,1.852433334631165,3.2267,2.2547869646006644,2.356563424847077,linear_global
sunflower,09_01,207,2024,sunflower,3.107023712920386,1.8341855466822052,2.8238,2.2547869646006644,2.3477385793679075,linear_global
sunflower,09_01,208,2024,sunflower,2.360615384615385,1.8795513619830728,2.4902,2.2547869646006644,2.3696780227232614,linear_global
sunflower,09_01,212,2024,sunflower,1.900882352941176,1.865262705009082,2.5872,2.2547869646006644,2.36276785968032,linear_global
sunflower,09_01,217,2024,sunflower,2.9758823529411766,1.966643059585156,3.2312,2.2547869646006644,2.4117965949034468,linear_global
sunflower,09_01,228,2024,sunflower,3.052881355932203,2.0770121405172493,3.0939,2.2547869646006644,2.4651723842116104,linear_global
sunflower,09_01,229,2024,sunflower,3.2544166666666663,1.619757928268745,2.2845,2.2547869646006644,2.244038853995273,linear_global
sunflower,09_01,230,2024,sunflower,3.2521793721973093,1.971740563843528,3.0899,2.2547869646006644,2.4142618080862923,linear_global
sunflower,09_01,234,2024,sunflower,3.295057142857143,1.6974750370524525,2.6495,2.2547869646006644,2.2816237644524966,linear_global
sunflower,09_01,209,2025,sunflower,2.332040444223438,2.004182223476671,3.0953,2.253882200699135,2.53007025173818,linear_global
sunflower,09_01,210,2025,sunflower,3.192550607287449,2.0855140196477326,2.6427,2.253882200699135,2.53437866589799,linear_global
sunflower,09_01,215,2025,sunflower,3.0739240506329115,1.867184574537612,2.6681,2.253882200699135,2.5228130333028673,linear_global
sunflower,09_01,216,2025,sunflower,2.986756756756757,1.810319521390021,2.9402,2.253882200699135,2.5198007034182037,linear_global
sunflower,09_01,222,2025,sunflower,2.972258064516129,1.892015431456245,2.5682,2.253882200699135,2.524128405894952,linear_global
sunflower,09_01,223,2025,sunflower,3.305142857142857,1.957501682238984,2.6925999999999997,2.253882200699135,2.527597429123602,linear_global
sunflower,09_01,224,2025,sunflower,3.0742307692307693,1.789873654154167,3.1024000000000003,2.253882200699135,2.518717618228209,linear_global
sunflower,09_01,226,2025,sunflower,3.0420000000000003,1.7609694151010071,3.3878999999999997,2.253882200699135,2.5171864651161684,linear_global
sunflower,09_01,207,2018,sunflower,3.496,2.3185374831425194,2.2908,2.215669563352981,2.3185374831425194,linear_crop
sunflower,09_01,209,2018,sunflower,1.7399999999999998,2.3634812118842636,2.0557,2.215669563352981,2.3634812118842636,linear_crop
sunflower,09_01,227,2018,sunflower,2.613,2.0962829400835137,2.4276,2.215669563352981,2.0962829400835137,linear_crop
sunflower,09_01,208,2019,sunflower,2.133,2.074037728616676,2.5304,2.2303410172138705,2.074037728616676,linear_crop
sunflower,09_01,210,2019,sunflower,1.965,2.464906470934104,2.5763000000000003,2.2303410172138705,2.464906470934104,linear_crop
sunflower,09_01,211,2019,sunflower,1.868,2.1457900821572817,2.5446999999999997,2.2303410172138705,2.1457900821572817,linear_crop
sunflower,09_01,215,2019,sunflower,1.672,2.170819984477966,2.476,2.2303410172138705,2.170819984477966,linear_crop
sunflower,09_01,216,2019,sunflower,1.95,2.191632729151966,2.4692,2.2303410172138705,2.191632729151966,linear_crop
sunflower,09_01,217,2019,sunflower,1.962,2.131597220332527,2.4656,2.2303410172138705,2.131597220332527,linear_crop
sunflower,09_01,219,2019,sunflower,2.273,2.1506655330260664,2.4422,2.2303410172138705,2.1506655330260664,linear_crop
sunflower,09_01,220,2019,sunflower,2.7649999999999997,2.0242811642157426,2.8589,2.2303410172138705,2.0242811642157426,linear_crop
sunflower,09_01,221,2019,sunflower,1.982,2.229761526167693,3.0438,2.2303410172138705,2.229761526167693,linear_crop
sunflower,09_01,222,2019,sunflower,2.648,1.974994357163116,2.4673,2.2303410172138705,1.974994357163116,linear_crop
sunflower,09_01,223,2019,sunflower,2.651,2.1748101036621064,2.4036,2.2303410172138705,2.1748101036621064,linear_crop
sunflower,09_01,224,2019,sunflower,3.961,2.1502172763336462,2.5131,2.2303410172138705,2.1502172763336462,linear_crop
sunflower,09_01,225,2019,sunflower,3.961,2.1642799172942313,2.1581,2.2303410172138705,2.1642799172942313,linear_crop
sunflower,09_01,226,2019,sunflower,2.9829999999999997,2.0714278754874607,2.1576,2.2303410172138705,2.0714278754874607,linear_crop
sunflower,09_01,208,2021,sunflower,2.1216153846153847,1.8952705423677307,2.5939,2.257415477956708,1.8952705423677307,linear_crop
sunflower,09_01,209,2021,sunflower,2.268059008785016,2.090992644739669,2.3401,2.257415477956708,2.090992644739669,linear_crop
sunflower,09_01,210,2021,sunflower,1.4783400809716598,2.0259613268196373,2.8418,2.257415477956708,2.0259613268196373,linear_crop
sunflower,09_01,211,2021,sunflower,2.1389247311827955,2.031886539978007,2.9005,2.257415477956708,2.031886539978007,linear_crop
sunflower,09_01,212,2021,sunflower,3.3983823529411765,2.0521212289139728,2.9642,2.257415477956708,2.0521212289139728,linear_crop
sunflower,09_01,215,2021,sunflower,2.9865822784810128,1.8806980379685712,2.6519,2.257415477956708,1.8806980379685712,linear_crop
sunflower,09_01,216,2021,sunflower,2.925945945945946,1.8076557448214112,2.7872,2.257415477956708,1.8076557448214112,linear_crop
sunflower,09_01,217,2021,sunflower,2.768578431372549,2.040258276125792,2.6262,2.257415477956708,2.040258276125792,linear_crop
sunflower,09_01,218,2021,sunflower,2.12974358974359,1.8041221882687153,2.6262,2.257415477956708,1.8041221882687153,linear_crop
sunflower,09_01,219,2021,sunflower,2.818952380952381,2.0631258683028024,2.9821,2.257415477956708,2.0631258683028024,linear_crop
sunflower,09_01,220,2021,sunflower,2.0264,1.8748291176487293,3.0557,2.257415477956708,1.8748291176487293,linear_crop
sunflower,09_01,221,2021,sunflower,1.7475,1.7051432389450047,2.4777,2.257415477956708,1.7051432389450047,linear_crop
sunflower,09_01,222,2021,sunflower,2.9396774193548385,2.0127103652026954,2.7158,2.257415477956708,2.0127103652026954,linear_crop
sunflower,09_01,223,2021,sunflower,2.8625714285714285,1.9741313822545317,2.6313,2.257415477956708,1.9741313822545317,linear_crop
sunflower,09_01,224,2021,sunflower,2.0925,1.907723674200932,2.6733,2.257415477956708,1.907723674200932,linear_crop
sunflower,09_01,225,2021,sunflower,1.85,1.5550695324980146,2.3085,2.257415477956708,1.5550695324980146,linear_crop
sunflower,09_01,226,2021,sunflower,2.4555,1.9248591272628692,2.9791,2.257415477956708,1.9248591272628692,linear_crop
sunflower,09_01,213,2022,sunflower,1.481428571428571,1.9011255828474247,2.1202,2.2824328364554223,2.4117624338669224,linear_crop
sunflower,09_01,214,2022,sunflower,1.002222222222222,1.8441496585722008,2.1227,2.2824328364554223,2.392804378767553,linear_crop
sunflower,09_01,230,2022,sunflower,3.257219730941704,2.007991718302595,2.7875,2.2824328364554223,2.447320858060785,linear_crop
sunflower,09_01,219,2023,sunflower,2.802523809523809,1.924498152825868,2.4396,2.256223661763095,2.345980202230439,linear_crop
sunflower,09_01,227,2023,sunflower,2.6015895953757227,1.874941142157998,2.253,2.256223661763095,2.3148247261221653,linear_crop
sunflower,09_01,231,2023,sunflower,2.2995063829787235,1.5674006566274234,2.2117,2.256223661763095,2.1214803310477706,linear_crop
sunflower,09_01,232,2023,sunflower,2.6881993243243243,1.7905102202408822,2.3653,2.256223661763095,2.261744737334753,linear_crop
sunflower,09_01,195,2024,sunflower,2.7365853658536587,2.138603699267078,3.2249000000000003,2.2547869646006644,2.4921557422926996,linear_crop
sunflower,09_01,197,2024,sunflower,3.2877551020408164,1.852433334631165,3.2267,2.2547869646006644,2.3600510770100294,linear_crop
sunflower,09_01,207,2024,sunflower,3.107023712920386,1.8341855466822052,2.8238,2.2547869646006644,2.351627360870822,linear_crop
sunflower,09_01,208,2024,sunflower,2.360615384615385,1.8795513619830728,2.4902,2.2547869646006644,2.3725695568009324,linear_crop
sunflower,09_01,212,2024,sunflower,1.900882352941176,1.865262705009082,2.5872,2.2547869646006644,2.365973492078125,linear_crop
sunflower,09_01,217,2024,sunflower,2.9758823529411766,1.966643059585156,3.2312,2.2547869646006644,2.412773648427473,linear_crop
sunflower,09_01,228,2024,sunflower,3.052881355932203,2.0770121405172493,3.0939,2.2547869646006644,2.463723265494356,linear_crop
sunflower,09_01,229,2024,sunflower,3.2544166666666663,1.619757928268745,2.2845,2.2547869646006644,2.2526412593787617,linear_crop
sunflower,09_01,230,2024,sunflower,3.2521793721973093,1.971740563843528,3.0899,2.2547869646006644,2.4151268064656435,linear_crop
sunflower,09_01,234,2024,sunflower,3.295057142857143,1.6974750370524525,2.6495,2.2547869646006644,2.2885177648152024,linear_crop
sunflower,09_01,209,2025,sunflower,2.332040444223438,2.004182223476671,3.0953,2.253882200699135,2.530037324098406,linear_crop
sunflower,09_01,210,2025,sunflower,3.192550607287449,2.0855140196477326,2.6427,2.253882200699135,2.5341861673634085,linear_crop
sunflower,09_01,215,2025,sunflower,3.0739240506329115,1.867184574537612,2.6681,2.253882200699135,2.523048891531068,linear_crop
sunflower,09_01,216,2025,sunflower,2.986756756756757,1.810319521390021,2.9402,2.253882200699135,2.5201481294199106,linear_crop
sunflower,09_01,222,2025,sunflower,2.972258064516129,1.892015431456245,2.5682,2.253882200699135,2.5243155466197424,linear_crop
sunflower,09_01,223,2025,sunflower,3.305142857142857,1.957501682238984,2.6925999999999997,2.253882200699135,2.5276560875065903,linear_crop
sunflower,09_01,224,2025,sunflower,3.0742307692307693,1.789873654154167,3.1024000000000003,2.253882200699135,2.5191051584962123,linear_crop
sunflower,09_01,226,2025,sunflower,3.0420000000000003,1.7609694151010071,3.3878999999999997,2.253882200699135,2.5176307147586914,linear_crop
sunflower,09_01,207,2018,sunflower,3.496,2.3185374831425194,2.2908,2.215669563352981,2.3185374831425194,blend_crop_mean
sunflower,09_01,209,2018,sunflower,1.7399999999999998,2.3634812118842636,2.0557,2.215669563352981,2.3634812118842636,blend_crop_mean
sunflower,09_01,227,2018,sunflower,2.613,2.0962829400835137,2.4276,2.215669563352981,2.0962829400835137,blend_crop_mean
sunflower,09_01,208,2019,sunflower,2.133,2.074037728616676,2.5304,2.2303410172138705,2.074037728616676,blend_crop_mean
sunflower,09_01,210,2019,sunflower,1.965,2.464906470934104,2.5763000000000003,2.2303410172138705,2.464906470934104,blend_crop_mean
sunflower,09_01,211,2019,sunflower,1.868,2.1457900821572817,2.5446999999999997,2.2303410172138705,2.1457900821572817,blend_crop_mean
sunflower,09_01,215,2019,sunflower,1.672,2.170819984477966,2.476,2.2303410172138705,2.170819984477966,blend_crop_mean
sunflower,09_01,216,2019,sunflower,1.95,2.191632729151966,2.4692,2.2303410172138705,2.191632729151966,blend_crop_mean
sunflower,09_01,217,2019,sunflower,1.962,2.131597220332527,2.4656,2.2303410172138705,2.131597220332527,blend_crop_mean
sunflower,09_01,219,2019,sunflower,2.273,2.1506655330260664,2.4422,2.2303410172138705,2.1506655330260664,blend_crop_mean
sunflower,09_01,220,2019,sunflower,2.7649999999999997,2.0242811642157426,2.8589,2.2303410172138705,2.0242811642157426,blend_crop_mean
sunflower,09_01,221,2019,sunflower,1.982,2.229761526167693,3.0438,2.2303410172138705,2.229761526167693,blend_crop_mean
sunflower,09_01,222,2019,sunflower,2.648,1.974994357163116,2.4673,2.2303410172138705,1.974994357163116,blend_crop_mean
sunflower,09_01,223,2019,sunflower,2.651,2.1748101036621064,2.4036,2.2303410172138705,2.1748101036621064,blend_crop_mean
sunflower,09_01,224,2019,sunflower,3.961,2.1502172763336462,2.5131,2.2303410172138705,2.1502172763336462,blend_crop_mean
sunflower,09_01,225,2019,sunflower,3.961,2.1642799172942313,2.1581,2.2303410172138705,2.1642799172942313,blend_crop_mean
sunflower,09_01,226,2019,sunflower,2.9829999999999997,2.0714278754874607,2.1576,2.2303410172138705,2.0714278754874607,blend_crop_mean
sunflower,09_01,208,2021,sunflower,2.1216153846153847,1.8952705423677307,2.5939,2.257415477956708,1.8952705423677307,blend_crop_mean
sunflower,09_01,209,2021,sunflower,2.268059008785016,2.090992644739669,2.3401,2.257415477956708,2.090992644739669,blend_crop_mean
sunflower,09_01,210,2021,sunflower,1.4783400809716598,2.0259613268196373,2.8418,2.257415477956708,2.0259613268196373,blend_crop_mean
sunflower,09_01,211,2021,sunflower,2.1389247311827955,2.031886539978007,2.9005,2.257415477956708,2.031886539978007,blend_crop_mean
sunflower,09_01,212,2021,sunflower,3.3983823529411765,2.0521212289139728,2.9642,2.257415477956708,2.0521212289139728,blend_crop_mean
sunflower,09_01,215,2021,sunflower,2.9865822784810128,1.8806980379685712,2.6519,2.257415477956708,1.8806980379685712,blend_crop_mean
sunflower,09_01,216,2021,sunflower,2.925945945945946,1.8076557448214112,2.7872,2.257415477956708,1.8076557448214112,blend_crop_mean
sunflower,09_01,217,2021,sunflower,2.768578431372549,2.040258276125792,2.6262,2.257415477956708,2.040258276125792,blend_crop_mean
sunflower,09_01,218,2021,sunflower,2.12974358974359,1.8041221882687153,2.6262,2.257415477956708,1.8041221882687153,blend_crop_mean
sunflower,09_01,219,2021,sunflower,2.818952380952381,2.0631258683028024,2.9821,2.257415477956708,2.0631258683028024,blend_crop_mean
sunflower,09_01,220,2021,sunflower,2.0264,1.8748291176487293,3.0557,2.257415477956708,1.8748291176487293,blend_crop_mean
sunflower,09_01,221,2021,sunflower,1.7475,1.7051432389450047,2.4777,2.257415477956708,1.7051432389450047,blend_crop_mean
sunflower,09_01,222,2021,sunflower,2.9396774193548385,2.0127103652026954,2.7158,2.257415477956708,2.0127103652026954,blend_crop_mean
sunflower,09_01,223,2021,sunflower,2.8625714285714285,1.9741313822545317,2.6313,2.257415477956708,1.9741313822545317,blend_crop_mean
sunflower,09_01,224,2021,sunflower,2.0925,1.907723674200932,2.6733,2.257415477956708,1.907723674200932,blend_crop_mean
sunflower,09_01,225,2021,sunflower,1.85,1.5550695324980146,2.3085,2.257415477956708,1.5550695324980146,blend_crop_mean
sunflower,09_01,226,2021,sunflower,2.4555,1.9248591272628692,2.9791,2.257415477956708,1.9248591272628692,blend_crop_mean
sunflower,09_01,213,2022,sunflower,1.481428571428571,1.9011255828474247,2.1202,2.2824328364554223,2.1245844442133697,blend_crop_mean
sunflower,09_01,214,2022,sunflower,1.002222222222222,1.8441496585722008,2.1227,2.2824328364554223,2.0903988896482355,blend_crop_mean
sunflower,09_01,230,2022,sunflower,3.257219730941704,2.007991718302595,2.7875,2.2824328364554223,2.188704125486472,blend_crop_mean
sunflower,09_01,219,2023,sunflower,2.802523809523809,1.924498152825868,2.4396,2.256223661763095,2.1208950382631993,blend_crop_mean
sunflower,09_01,227,2023,sunflower,2.6015895953757227,1.874941142157998,2.253,2.256223661763095,2.0911608318624775,blend_crop_mean
sunflower,09_01,231,2023,sunflower,2.2995063829787235,1.5674006566274234,2.2117,2.256223661763095,1.9066365405441326,blend_crop_mean
sunflower,09_01,232,2023,sunflower,2.6881993243243243,1.7905102202408822,2.3653,2.256223661763095,2.040502278712208,blend_crop_mean
sunflower,09_01,195,2024,sunflower,2.7365853658536587,2.138603699267078,3.2249000000000003,2.2547869646006644,2.256478928533055,blend_crop_mean
sunflower,09_01,197,2024,sunflower,3.2877551020408164,1.852433334631165,3.2267,2.2547869646006644,2.0847767097515075,blend_crop_mean
sunflower,09_01,207,2024,sunflower,3.107023712920386,1.8341855466822052,2.8238,2.2547869646006644,2.0738280369821314,blend_crop_mean
sunflower,09_01,208,2024,sunflower,2.360615384615385,1.8795513619830728,2.4902,2.2547869646006644,2.101047526162652,blend_crop_mean
sunflower,09_01,212,2024,sunflower,1.900882352941176,1.865262705009082,2.5872,2.2547869646006644,2.0924743319782575,blend_crop_mean
sunflower,09_01,217,2024,sunflower,2.9758823529411766,1.966643059585156,3.2312,2.2547869646006644,2.153302544723902,blend_crop_mean
sunflower,09_01,228,2024,sunflower,3.052881355932203,2.0770121405172493,3.0939,2.2547869646006644,2.219523993283158,blend_crop_mean
sunflower,09_01,229,2024,sunflower,3.2544166666666663,1.619757928268745,2.2845,2.2547869646006644,1.9451714659340555,blend_crop_mean
sunflower,09_01,230,2024,sunflower,3.2521793721973093,1.971740563843528,3.0899,2.2547869646006644,2.156361047278925,blend_crop_mean
sunflower,09_01,234,2024,sunflower,3.295057142857143,1.6974750370524525,2.6495,2.2547869646006644,1.99180173120428,blend_crop_mean
sunflower,09_01,209,2025,sunflower,2.332040444223438,2.004182223476671,3.0953,2.253882200699135,2.2666817144704803,blend_crop_mean
sunflower,09_01,210,2025,sunflower,3.192550607287449,2.0855140196477326,2.6427,2.253882200699135,2.3073476125560113,blend_crop_mean
sunflower,09_01,215,2025,sunflower,3.0739240506329115,1.867184574537612,2.6681,2.253882200699135,2.1981828900009512,blend_crop_mean
sunflower,09_01,216,2025,sunflower,2.986756756756757,1.810319521390021,2.9402,2.253882200699135,2.1697503634271555,blend_crop_mean
sunflower,09_01,222,2025,sunflower,2.972258064516129,1.892015431456245,2.5682,2.253882200699135,2.2105983184602676,blend_crop_mean
sunflower,09_01,223,2025,sunflower,3.305142857142857,1.957501682238984,2.6925999999999997,2.253882200699135,2.243341443851637,blend_crop_mean
sunflower,09_01,224,2025,sunflower,3.0742307692307693,1.789873654154167,3.1024000000000003,2.253882200699135,2.1595274298092284,blend_crop_mean
sunflower,09_01,226,2025,sunflower,3.0420000000000003,1.7609694151010071,3.3878999999999997,2.253882200699135,2.1450753102826488,blend_crop_mean
wheat_combined,07_01,207,2019,wheat_spring,3.5799999999999996,3.224758345138726,2.2341,2.7949344889498353,3.224758345138726,peer_raw
wheat_combined,07_01,230,2019,wheat_winter,4.503,3.700236097642278,3.7936,3.518703379214148,3.700236097642278,peer_raw
wheat_combined,07_01,231,2019,wheat_winter,4.303,3.865499683891476,3.9967,3.518703379214148,3.865499683891476,peer_raw
wheat_combined,07_01,232,2019,wheat_winter,3.404,3.797510680758293,3.6744,3.518703379214148,3.797510680758293,peer_raw
wheat_combined,07_01,208,2020,wheat_spring,0.505,2.3226023978411456,1.2673,2.775179717236985,2.3226023978411456,peer_raw
wheat_combined,07_01,210,2020,wheat_winter,0.211,2.755618404716091,2.1024000000000003,3.4657804752870542,2.755618404716091,peer_raw
wheat_combined,07_01,211,2020,wheat_winter,0.319,2.7108266611657266,2.3897,3.4657804752870542,2.7108266611657266,peer_raw
wheat_combined,07_01,213,2020,wheat_spring,0.5780000000000001,2.114093681104597,2.2992,2.775179717236985,2.114093681104597,peer_raw
wheat_combined,07_01,214,2020,wheat_spring,0.319,2.333376762581096,2.1065,2.775179717236985,2.333376762581096,peer_raw
wheat_combined,07_01,215,2020,wheat_spring,1.409,2.544842872699145,1.4959,2.775179717236985,2.544842872699145,peer_raw
wheat_combined,07_01,216,2020,wheat_spring,1.246,2.631944979130543,1.9066,2.775179717236985,2.631944979130543,peer_raw
wheat_combined,07_01,217,2020,wheat_spring,0.337,2.2945331253113697,1.7108,2.775179717236985,2.2945331253113697,peer_raw
wheat_combined,07_01,219,2020,wheat_spring,0.425,2.10759000399979,2.0603,2.775179717236985,2.10759000399979,peer_raw
wheat_combined,07_01,220,2020,wheat_spring,0.513,2.2449053847185327,1.7684000000000002,2.775179717236985,2.2449053847185327,peer_raw
wheat_combined,07_01,221,2020,wheat_spring,0.38,2.764634950698833,2.2152000000000003,2.775179717236985,2.764634950698833,peer_raw
wheat_combined,07_01,222,2020,wheat_spring,0.21,2.2343713785851778,2.492,2.775179717236985,2.2343713785851778,peer_raw
wheat_combined,07_01,223,2020,wheat_spring,0.21,2.316367662231133,1.3154,2.775179717236985,2.316367662231133,peer_raw
wheat_combined,07_01,224,2020,wheat_spring,0.857,2.327200178595328,1.6532,2.775179717236985,2.327200178595328,peer_raw
wheat_combined,07_01,225,2020,wheat_spring,2.335,2.6791144599637136,3.245,2.775179717236985,2.6791144599637136,peer_raw
wheat_combined,07_01,226,2020,wheat_spring,0.502,2.257498185383972,1.8243,2.775179717236985,2.257498185383972,peer_raw
wheat_combined,07_01,227,2020,wheat_winter,0.5650000000000001,2.7909342868886147,1.8151,3.4657804752870542,2.7909342868886147,peer_raw
wheat_combined,07_01,228,2020,wheat_winter,1.3,2.852948015622834,2.1523,3.4657804752870542,2.852948015622834,peer_raw
wheat_combined,07_01,229,2020,wheat_winter,3.285,2.63964238113084,2.7312000000000003,3.4657804752870542,2.63964238113084,peer_raw
wheat_combined,07_01,213,2021,wheat_spring,1.3155714285714286,2.5649007482630433,1.8895,2.7862022677059213,2.5649007482630433,peer_raw
wheat_combined,07_01,214,2021,wheat_spring,1.5857777777777775,2.8063163809016203,2.0593,2.7862022677059213,2.8063163809016203,peer_raw
wheat_combined,07_01,227,2021,wheat_winter,2.8346242774566472,3.265947494528696,3.556,3.569358367455552,3.265947494528696,peer_raw
wheat_combined,07_01,228,2021,wheat_winter,2.4169491525423727,3.2527178159299597,2.8911,3.569358367455552,3.2527178159299597,peer_raw
wheat_combined,07_01,229,2021,wheat_winter,2.9450000000000003,2.587121805465447,2.3245,3.569358367455552,2.587121805465447,peer_raw
wheat_combined,07_01,230,2021,wheat_winter,2.123766816143498,3.1754913199728176,2.4353,3.569358367455552,3.1754913199728176,peer_raw
wheat_combined,07_01,231,2021,wheat_winter,3.5069787234042553,3.1563741919960893,3.1704,3.569358367455552,3.1563741919960893,peer_raw
wheat_combined,07_01,232,2021,wheat_winter,3.2479729729729727,3.216641059763162,3.3893999999999997,3.569358367455552,3.216641059763162,peer_raw
wheat_combined,07_01,233,2021,wheat_winter,3.6453846153846152,3.1777511547766313,3.2509,3.569358367455552,3.1777511547766313,peer_raw
wheat_combined,07_01,234,2021,wheat_winter,5.389142857142858,3.256626244517668,2.7121,3.569358367455552,3.256626244517668,peer_raw
wheat_combined,07_01,195,2022,wheat_winter,2.1216260162601626,3.5004633722315073,2.4328,3.5270951632339247,3.5004633722315073,peer_raw
wheat_combined,07_01,197,2022,wheat_winter,1.5206997084548106,3.6162949925298618,2.4524999999999997,3.5270951632339247,3.6162949925298618,peer_raw
wheat_combined,07_01,207,2022,wheat_winter,1.8862140474258409,3.5026465618392533,2.8611999999999997,3.5270951632339247,3.5026465618392533,peer_raw
wheat_combined,07_01,208,2022,wheat_spring,2.356923076923077,3.7728716177828447,1.8747,2.6779088961876263,3.7728716177828447,peer_raw
wheat_combined,07_01,209,2022,wheat_spring,2.657417536880491,3.707475143588196,3.1563,2.6779088961876263,3.707475143588196,peer_raw
wheat_combined,07_01,210,2022,wheat_spring,3.0655870445344133,3.6663311565300742,3.8599,2.6779088961876263,3.6663311565300742,peer_raw
wheat_combined,07_01,212,2022,wheat_spring,3.1773529411764705,3.7651800995665967,3.0978000000000003,2.6779088961876263,3.7651800995665967,peer_raw
wheat_combined,07_01,215,2022,wheat_spring,2.858987341772152,3.822395824978243,2.9058,2.6779088961876263,3.822395824978243,peer_raw
wheat_combined,07_01,216,2022,wheat_spring,3.1270270270270273,3.5615959826394343,3.7896,2.6779088961876263,3.5615959826394343,peer_raw
wheat_combined,07_01,217,2022,wheat_spring,3.063725490196078,3.770004583079584,3.4240000000000004,2.6779088961876263,3.770004583079584,peer_raw
wheat_combined,07_01,218,2022,wheat_spring,2.1723076923076925,3.735685748758011,3.059,2.6779088961876263,3.735685748758011,peer_raw
wheat_combined,07_01,219,2022,wheat_spring,2.827547619047619,3.3428991481843235,3.0893,2.6779088961876263,3.3428991481843235,peer_raw
wheat_combined,07_01,220,2022,wheat_spring,3.4832,3.7316109873884735,3.0504,2.6779088961876263,3.7316109873884735,peer_raw
wheat_combined,07_01,222,2022,wheat_spring,3.2700483870967743,3.933858017237431,2.65,2.6779088961876263,3.933858017237431,peer_raw
wheat_combined,07_01,223,2022,wheat_spring,3.2311428571428573,3.6878589823867216,2.9854,2.6779088961876263,3.6878589823867216,peer_raw
wheat_combined,07_01,224,2022,wheat_spring,3.079423076923077,3.6836415691854727,3.1172999999999997,2.6779088961876263,3.6836415691854727,peer_raw
wheat_combined,07_01,226,2022,wheat_spring,1.6934999999999998,3.5430512987930345,3.1174,2.6779088961876263,3.5430512987930345,peer_raw
wheat_combined,07_01,227,2022,wheat_winter,2.217514450867052,3.5253954898722877,2.6258,3.5270951632339247,3.5253954898722877,peer_raw
wheat_combined,07_01,228,2022,wheat_spring,4.564745762711865,3.609822116888536,2.8893999999999997,2.6779088961876263,3.609822116888536,peer_raw
wheat_combined,07_01,229,2022,wheat_spring,2.841666666666667,2.9945854421249183,2.1967,2.6779088961876263,2.9945854421249183,peer_raw
wheat_combined,07_01,231,2022,wheat_winter,1.5712340425531914,2.8710519317904866,2.1225,3.5270951632339247,2.8710519317904866,peer_raw
wheat_combined,07_01,232,2022,wheat_winter,1.847837837837838,2.9334413788912386,2.2283,3.5270951632339247,2.9334413788912386,peer_raw
wheat_combined,07_01,234,2022,wheat_spring,3.975428571428571,3.404355725070068,3.5385,2.6779088961876263,3.404355725070068,peer_raw
wheat_combined,07_01,195,2023,wheat_winter,0.8904065040650406,2.7327334927423776,2.4748,3.605240949754569,2.7327334927423776,peer_raw
wheat_combined,07_01,197,2023,wheat_winter,1.0820991253644316,2.566798751570793,2.8075,3.605240949754569,2.566798751570793,peer_raw
wheat_combined,07_01,207,2023,wheat_winter,1.068974844468488,2.5360739919092303,3.0064,3.605240949754569,2.5360739919092303,peer_raw
wheat_combined,07_01,208,2023,wheat_spring,2.018076923076923,2.8985239447717768,2.0981,2.8347937514606945,2.8985239447717768,peer_raw
wheat_combined,07_01,209,2023,wheat_winter,1.4882148184982598,2.759254403549561,3.1699,3.605240949754569,2.759254403549561,peer_raw
wheat_combined,07_01,212,2023,wheat_spring,2.9445588235294116,2.3444363983869496,1.7012,2.8347937514606945,2.3444363983869496,peer_raw
wheat_combined,07_01,228,2023,wheat_winter,1.5016949152542372,2.892290226032888,2.3086,3.605240949754569,2.892290226032888,peer_raw
wheat_combined,07_01,229,2023,wheat_winter,3.443333333333334,2.6539586325763387,2.3579999999999997,3.605240949754569,2.6539586325763387,peer_raw
wheat_combined,07_01,230,2023,wheat_spring,0.9786995515695068,2.2930110142668254,1.466,2.8347937514606945,2.2930110142668254,peer_raw
wheat_combined,07_01,234,2023,wheat_winter,1.7062857142857142,3.284884510940039,2.5372,3.605240949754569,3.284884510940039,peer_raw
wheat_combined,07_01,210,2024,wheat_winter,5.519493927125506,4.043664010735541,5.6729,3.5237797966522484,4.043664010735541,peer_raw
wheat_combined,07_01,215,2024,wheat_winter,4.476708860759494,3.494796528619963,4.1198999999999995,3.5237797966522484,3.494796528619963,peer_raw
wheat_combined,07_01,216,2024,wheat_winter,5.342162162162162,3.7918368963774536,4.7169,3.5237797966522484,3.7918368963774536,peer_raw
wheat_combined,07_01,218,2024,wheat_spring,4.027153846153846,3.962821662589597,3.5061,2.7584835033320987,3.962821662589597,peer_raw
wheat_combined,07_01,219,2024,wheat_spring,3.6718380952380953,4.075836337078593,4.2484,2.7584835033320987,4.075836337078593,peer_raw
wheat_combined,07_01,220,2024,wheat_spring,3.12756,3.8973097088159623,3.6352,2.7584835033320987,3.8973097088159623,peer_raw
wheat_combined,07_01,222,2024,wheat_spring,3.6562580645161287,4.035696280798404,3.1422999999999996,2.7584835033320987,4.035696280798404,peer_raw
wheat_combined,07_01,223,2024,wheat_spring,3.350857142857143,4.002851279609628,3.9329,2.7584835033320987,4.002851279609628,peer_raw
wheat_combined,07_01,224,2024,wheat_winter,5.0582692307692305,3.6818592269824024,4.3833,3.5237797966522484,3.6818592269824024,peer_raw
wheat_combined,07_01,226,2024,wheat_winter,4.9315,3.8139045952320574,5.2123,3.5237797966522484,3.8139045952320574,peer_raw
wheat_combined,07_01,231,2024,wheat_spring,3.806382978723404,4.07664774845323,3.8621,2.7584835033320987,4.07664774845323,peer_raw
wheat_combined,07_01,232,2024,wheat_spring,3.330304054054054,3.9694638365585,3.8087,2.7584835033320987,3.9694638365585,peer_raw
wheat_combined,07_01,195,2025,wheat_spring,2.7195121951219514,3.515028129770454,3.6697,2.7859952931393197,3.515028129770454,peer_raw
wheat_combined,07_01,197,2025,wheat_spring,3.779416909620991,3.4979043371102327,3.7805,2.7859952931393197,3.4979043371102327,peer_raw
wheat_combined,07_01,208,2025,wheat_spring,3.8430769230769233,3.7251575136152626,2.6100000000000003,2.7859952931393197,3.7251575136152626,peer_raw
wheat_combined,07_01,212,2025,wheat_spring,1.7024264705882353,2.7827309689598727,2.3390999999999997,2.7859952931393197,2.7827309689598727,peer_raw
wheat_combined,07_01,217,2025,wheat_spring,2.5629901960784314,3.0295673928181097,2.7976,2.7859952931393197,3.0295673928181097,peer_raw
wheat_combined,07_01,218,2025,wheat_spring,4.112820512820513,3.3713621046894215,2.6811,2.7859952931393197,3.3713621046894215,peer_raw
wheat_combined,07_01,220,2025,wheat_spring,3.3072000000000004,3.681481500275829,3.0496,2.7859952931393197,3.681481500275829,peer_raw
wheat_combined,07_01,228,2025,wheat_spring,3.004576271186441,4.016942200782487,3.2354,2.7859952931393197,4.016942200782487,peer_raw
wheat_combined,07_01,229,2025,wheat_spring,3.5050000000000003,3.637981271828777,3.344,2.7859952931393197,3.637981271828777,peer_raw
wheat_combined,07_01,230,2025,wheat_spring,3.6687443946188343,3.9986658582216954,3.2042,2.7859952931393197,3.9986658582216954,peer_raw
wheat_combined,07_01,207,2019,wheat_spring,3.5799999999999996,3.224758345138726,2.2341,2.7949344889498353,3.224758345138726,residual_global
wheat_combined,07_01,230,2019,wheat_winter,4.503,3.700236097642278,3.7936,3.518703379214148,3.700236097642278,residual_global
wheat_combined,07_01,231,2019,wheat_winter,4.303,3.865499683891476,3.9967,3.518703379214148,3.865499683891476,residual_global
wheat_combined,07_01,232,2019,wheat_winter,3.404,3.797510680758293,3.6744,3.518703379214148,3.797510680758293,residual_global
wheat_combined,07_01,208,2020,wheat_spring,0.505,2.3226023978411456,1.2673,2.775179717236985,2.3226023978411456,residual_global
wheat_combined,07_01,210,2020,wheat_winter,0.211,2.755618404716091,2.1024000000000003,3.4657804752870542,2.755618404716091,residual_global
wheat_combined,07_01,211,2020,wheat_winter,0.319,2.7108266611657266,2.3897,3.4657804752870542,2.7108266611657266,residual_global
wheat_combined,07_01,213,2020,wheat_spring,0.5780000000000001,2.114093681104597,2.2992,2.775179717236985,2.114093681104597,residual_global
wheat_combined,07_01,214,2020,wheat_spring,0.319,2.333376762581096,2.1065,2.775179717236985,2.333376762581096,residual_global
wheat_combined,07_01,215,2020,wheat_spring,1.409,2.544842872699145,1.4959,2.775179717236985,2.544842872699145,residual_global
wheat_combined,07_01,216,2020,wheat_spring,1.246,2.631944979130543,1.9066,2.775179717236985,2.631944979130543,residual_global
wheat_combined,07_01,217,2020,wheat_spring,0.337,2.2945331253113697,1.7108,2.775179717236985,2.2945331253113697,residual_global
wheat_combined,07_01,219,2020,wheat_spring,0.425,2.10759000399979,2.0603,2.775179717236985,2.10759000399979,residual_global
wheat_combined,07_01,220,2020,wheat_spring,0.513,2.2449053847185327,1.7684000000000002,2.775179717236985,2.2449053847185327,residual_global
wheat_combined,07_01,221,2020,wheat_spring,0.38,2.764634950698833,2.2152000000000003,2.775179717236985,2.764634950698833,residual_global
wheat_combined,07_01,222,2020,wheat_spring,0.21,2.2343713785851778,2.492,2.775179717236985,2.2343713785851778,residual_global
wheat_combined,07_01,223,2020,wheat_spring,0.21,2.316367662231133,1.3154,2.775179717236985,2.316367662231133,residual_global
wheat_combined,07_01,224,2020,wheat_spring,0.857,2.327200178595328,1.6532,2.775179717236985,2.327200178595328,residual_global
wheat_combined,07_01,225,2020,wheat_spring,2.335,2.6791144599637136,3.245,2.775179717236985,2.6791144599637136,residual_global
wheat_combined,07_01,226,2020,wheat_spring,0.502,2.257498185383972,1.8243,2.775179717236985,2.257498185383972,residual_global
wheat_combined,07_01,227,2020,wheat_winter,0.5650000000000001,2.7909342868886147,1.8151,3.4657804752870542,2.7909342868886147,residual_global
wheat_combined,07_01,228,2020,wheat_winter,1.3,2.852948015622834,2.1523,3.4657804752870542,2.852948015622834,residual_global
wheat_combined,07_01,229,2020,wheat_winter,3.285,2.63964238113084,2.7312000000000003,3.4657804752870542,2.63964238113084,residual_global
wheat_combined,07_01,213,2021,wheat_spring,1.3155714285714286,2.5649007482630433,1.8895,2.7862022677059213,1.2512028969674236,residual_global
wheat_combined,07_01,214,2021,wheat_spring,1.5857777777777775,2.8063163809016203,2.0593,2.7862022677059213,1.4926185296060006,residual_global
wheat_combined,07_01,227,2021,wheat_winter,2.8346242774566472,3.265947494528696,3.556,3.569358367455552,1.9522496432330763,residual_global
wheat_combined,07_01,228,2021,wheat_winter,2.4169491525423727,3.2527178159299597,2.8911,3.569358367455552,1.93901996463434,residual_global
wheat_combined,07_01,229,2021,wheat_winter,2.9450000000000003,2.587121805465447,2.3245,3.569358367455552,1.2734239541698273,residual_global
wheat_combined,07_01,230,2021,wheat_winter,2.123766816143498,3.1754913199728176,2.4353,3.569358367455552,1.861793468677198,residual_global
wheat_combined,07_01,231,2021,wheat_winter,3.5069787234042553,3.1563741919960893,3.1704,3.569358367455552,1.8426763407004696,residual_global
wheat_combined,07_01,232,2021,wheat_winter,3.2479729729729727,3.216641059763162,3.3893999999999997,3.569358367455552,1.9029432084675424,residual_global
wheat_combined,07_01,233,2021,wheat_winter,3.6453846153846152,3.1777511547766313,3.2509,3.569358367455552,1.8640533034810116,residual_global
wheat_combined,07_01,234,2021,wheat_winter,5.389142857142858,3.256626244517668,2.7121,3.569358367455552,1.9429283932220485,residual_global
wheat_combined,07_01,195,2022,wheat_winter,2.1216260162601626,3.5004633722315073,2.4328,3.5270951632339247,2.540955185124902,residual_global
wheat_combined,07_01,197,2022,wheat_winter,1.5206997084548106,3.6162949925298618,2.4524999999999997,3.5270951632339247,2.6567868054232564,residual_global
wheat_combined,07_01,207,2022,wheat_winter,1.8862140474258409,3.5026465618392533,2.8611999999999997,3.5270951632339247,2.543138374732648,residual_global
wheat_combined,07_01,208,2022,wheat_spring,2.356923076923077,3.7728716177828447,1.8747,2.6779088961876263,2.8133634306762394,residual_global
wheat_combined,07_01,209,2022,wheat_spring,2.657417536880491,3.707475143588196,3.1563,2.6779088961876263,2.7479669564815907,residual_global
wheat_combined,07_01,210,2022,wheat_spring,3.0655870445344133,3.6663311565300742,3.8599,2.6779088961876263,2.706822969423469,residual_global
wheat_combined,07_01,212,2022,wheat_spring,3.1773529411764705,3.7651800995665967,3.0978000000000003,2.6779088961876263,2.8056719124599914,residual_global
wheat_combined,07_01,215,2022,wheat_spring,2.858987341772152,3.822395824978243,2.9058,2.6779088961876263,2.8628876378716375,residual_global
wheat_combined,07_01,216,2022,wheat_spring,3.1270270270270273,3.5615959826394343,3.7896,2.6779088961876263,2.602087795532829,residual_global
wheat_combined,07_01,217,2022,wheat_spring,3.063725490196078,3.770004583079584,3.4240000000000004,2.6779088961876263,2.8104963959729785,residual_global
wheat_combined,07_01,218,2022,wheat_spring,2.1723076923076925,3.735685748758011,3.059,2.6779088961876263,2.7761775616514055,residual_global
wheat_combined,07_01,219,2022,wheat_spring,2.827547619047619,3.3428991481843235,3.0893,2.6779088961876263,2.383390961077718,residual_global
wheat_combined,07_01,220,2022,wheat_spring,3.4832,3.7316109873884735,3.0504,2.6779088961876263,2.772102800281868,residual_global
wheat_combined,07_01,222,2022,wheat_spring,3.2700483870967743,3.933858017237431,2.65,2.6779088961876263,2.9743498301308255,residual_global
wheat_combined,07_01,223,2022,wheat_spring,3.2311428571428573,3.6878589823867216,2.9854,2.6779088961876263,2.7283507952801163,residual_global
wheat_combined,07_01,224,2022,wheat_spring,3.079423076923077,3.6836415691854727,3.1172999999999997,2.6779088961876263,2.7241333820788673,residual_global
wheat_combined,07_01,226,2022,wheat_spring,1.6934999999999998,3.5430512987930345,3.1174,2.6779088961876263,2.583543111686429,residual_global
wheat_combined,07_01,227,2022,wheat_winter,2.217514450867052,3.5253954898722877,2.6258,3.5270951632339247,2.5658873027656823,residual_global
wheat_combined,07_01,228,2022,wheat_spring,4.564745762711865,3.609822116888536,2.8893999999999997,2.6779088961876263,2.6503139297819307,residual_global
wheat_combined,07_01,229,2022,wheat_spring,2.841666666666667,2.9945854421249183,2.1967,2.6779088961876263,2.035077255018313,residual_global
wheat_combined,07_01,231,2022,wheat_winter,1.5712340425531914,2.8710519317904866,2.1225,3.5270951632339247,1.9115437446838812,residual_global
wheat_combined,07_01,232,2022,wheat_winter,1.847837837837838,2.9334413788912386,2.2283,3.5270951632339247,1.9739331917846332,residual_global
wheat_combined,07_01,234,2022,wheat_spring,3.975428571428571,3.404355725070068,3.5385,2.6779088961876263,2.4448475379634624,residual_global
wheat_combined,07_01,195,2023,wheat_winter,0.8904065040650406,2.7327334927423776,2.4748,3.605240949754569,1.8267490257670056,residual_global
wheat_combined,07_01,197,2023,wheat_winter,1.0820991253644316,2.566798751570793,2.8075,3.605240949754569,1.660814284595421,residual_global
wheat_combined,07_01,207,2023,wheat_winter,1.068974844468488,2.5360739919092303,3.0064,3.605240949754569,1.6300895249338583,residual_global
wheat_combined,07_01,208,2023,wheat_spring,2.018076923076923,2.8985239447717768,2.0981,2.8347937514606945,1.9925394777964047,residual_global
wheat_combined,07_01,209,2023,wheat_winter,1.4882148184982598,2.759254403549561,3.1699,3.605240949754569,1.8532699365741891,residual_global
wheat_combined,07_01,212,2023,wheat_spring,2.9445588235294116,2.3444363983869496,1.7012,2.8347937514606945,1.4384519314115776,residual_global
wheat_combined,07_01,228,2023,wheat_winter,1.5016949152542372,2.892290226032888,2.3086,3.605240949754569,1.986305759057516,residual_global
wheat_combined,07_01,229,2023,wheat_winter,3.443333333333334,2.6539586325763387,2.3579999999999997,3.605240949754569,1.7479741656009666,residual_global
wheat_combined,07_01,230,2023,wheat_spring,0.9786995515695068,2.2930110142668254,1.466,2.8347937514606945,1.3870265472914534,residual_global
wheat_combined,07_01,234,2023,wheat_winter,1.7062857142857142,3.284884510940039,2.5372,3.605240949754569,2.3789000439646673,residual_global
wheat_combined,07_01,210,2024,wheat_winter,5.519493927125506,4.043664010735541,5.6729,3.5237797966522484,3.1258647537064155,residual_global
wheat_combined,07_01,215,2024,wheat_winter,4.476708860759494,3.494796528619963,4.1198999999999995,3.5237797966522484,2.5769972715908374,residual_global
wheat_combined,07_01,216,2024,wheat_winter,5.342162162162162,3.7918368963774536,4.7169,3.5237797966522484,2.8740376393483285,residual_global
wheat_combined,07_01,218,2024,wheat_spring,4.027153846153846,3.962821662589597,3.5061,2.7584835033320987,3.0450224055604718,residual_global
wheat_combined,07_01,219,2024,wheat_spring,3.6718380952380953,4.075836337078593,4.2484,2.7584835033320987,3.1580370800494677,residual_global
wheat_combined,07_01,220,2024,wheat_spring,3.12756,3.8973097088159623,3.6352,2.7584835033320987,2.9795104517868367,residual_global
wheat_combined,07_01,222,2024,wheat_spring,3.6562580645161287,4.035696280798404,3.1422999999999996,2.7584835033320987,3.1178970237692782,residual_global
wheat_combined,07_01,223,2024,wheat_spring,3.350857142857143,4.002851279609628,3.9329,2.7584835033320987,3.085052022580502,residual_global
wheat_combined,07_01,224,2024,wheat_winter,5.0582692307692305,3.6818592269824024,4.3833,3.5237797966522484,2.7640599699532773,residual_global
wheat_combined,07_01,226,2024,wheat_winter,4.9315,3.8139045952320574,5.2123,3.5237797966522484,2.896105338202932,residual_global
wheat_combined,07_01,231,2024,wheat_spring,3.806382978723404,4.07664774845323,3.8621,2.7584835033320987,3.158848491424105,residual_global
wheat_combined,07_01,232,2024,wheat_spring,3.330304054054054,3.9694638365585,3.8087,2.7584835033320987,3.0516645795293744,residual_global
wheat_combined,07_01,195,2025,wheat_spring,2.7195121951219514,3.515028129770454,3.6697,2.7859952931393197,2.7826826078036007,residual_global
wheat_combined,07_01,197,2025,wheat_spring,3.779416909620991,3.4979043371102327,3.7805,2.7859952931393197,2.76555881514338,residual_global
wheat_combined,07_01,208,2025,wheat_spring,3.8430769230769233,3.7251575136152626,2.6100000000000003,2.7859952931393197,2.9928119916484093,residual_global
wheat_combined,07_01,212,2025,wheat_spring,1.7024264705882353,2.7827309689598727,2.3390999999999997,2.7859952931393197,2.05038544699302,residual_global
wheat_combined,07_01,217,2025,wheat_spring,2.5629901960784314,3.0295673928181097,2.7976,2.7859952931393197,2.2972218708512564,residual_global
wheat_combined,07_01,218,2025,wheat_spring,4.112820512820513,3.3713621046894215,2.6811,2.7859952931393197,2.6390165827225687,residual_global
wheat_combined,07_01,220,2025,wheat_spring,3.3072000000000004,3.681481500275829,3.0496,2.7859952931393197,2.949135978308976,residual_global
wheat_combined,07_01,228,2025,wheat_spring,3.004576271186441,4.016942200782487,3.2354,2.7859952931393197,3.2845966788156336,residual_global
wheat_combined,07_01,229,2025,wheat_spring,3.5050000000000003,3.637981271828777,3.344,2.7859952931393197,2.905635749861924,residual_global
wheat_combined,07_01,230,2025,wheat_spring,3.6687443946188343,3.9986658582216954,3.2042,2.7859952931393197,3.266320336254842,residual_global
wheat_combined,07_01,207,2019,wheat_spring,3.5799999999999996,3.224758345138726,2.2341,2.7949344889498353,3.224758345138726,residual_crop
wheat_combined,07_01,230,2019,wheat_winter,4.503,3.700236097642278,3.7936,3.518703379214148,3.700236097642278,residual_crop
wheat_combined,07_01,231,2019,wheat_winter,4.303,3.865499683891476,3.9967,3.518703379214148,3.865499683891476,residual_crop
wheat_combined,07_01,232,2019,wheat_winter,3.404,3.797510680758293,3.6744,3.518703379214148,3.797510680758293,residual_crop
wheat_combined,07_01,208,2020,wheat_spring,0.505,2.3226023978411456,1.2673,2.775179717236985,2.3226023978411456,residual_crop
wheat_combined,07_01,210,2020,wheat_winter,0.211,2.755618404716091,2.1024000000000003,3.4657804752870542,2.755618404716091,residual_crop
wheat_combined,07_01,211,2020,wheat_winter,0.319,2.7108266611657266,2.3897,3.4657804752870542,2.7108266611657266,residual_crop
wheat_combined,07_01,213,2020,wheat_spring,0.5780000000000001,2.114093681104597,2.2992,2.775179717236985,2.114093681104597,residual_crop
wheat_combined,07_01,214,2020,wheat_spring,0.319,2.333376762581096,2.1065,2.775179717236985,2.333376762581096,residual_crop
wheat_combined,07_01,215,2020,wheat_spring,1.409,2.544842872699145,1.4959,2.775179717236985,2.544842872699145,residual_crop
wheat_combined,07_01,216,2020,wheat_spring,1.246,2.631944979130543,1.9066,2.775179717236985,2.631944979130543,residual_crop
wheat_combined,07_01,217,2020,wheat_spring,0.337,2.2945331253113697,1.7108,2.775179717236985,2.2945331253113697,residual_crop
wheat_combined,07_01,219,2020,wheat_spring,0.425,2.10759000399979,2.0603,2.775179717236985,2.10759000399979,residual_crop
wheat_combined,07_01,220,2020,wheat_spring,0.513,2.2449053847185327,1.7684000000000002,2.775179717236985,2.2449053847185327,residual_crop
wheat_combined,07_01,221,2020,wheat_spring,0.38,2.764634950698833,2.2152000000000003,2.775179717236985,2.764634950698833,residual_crop
wheat_combined,07_01,222,2020,wheat_spring,0.21,2.2343713785851778,2.492,2.775179717236985,2.2343713785851778,residual_crop
wheat_combined,07_01,223,2020,wheat_spring,0.21,2.316367662231133,1.3154,2.775179717236985,2.316367662231133,residual_crop
wheat_combined,07_01,224,2020,wheat_spring,0.857,2.327200178595328,1.6532,2.775179717236985,2.327200178595328,residual_crop
wheat_combined,07_01,225,2020,wheat_spring,2.335,2.6791144599637136,3.245,2.775179717236985,2.6791144599637136,residual_crop
wheat_combined,07_01,226,2020,wheat_spring,0.502,2.257498185383972,1.8243,2.775179717236985,2.257498185383972,residual_crop
wheat_combined,07_01,227,2020,wheat_winter,0.5650000000000001,2.7909342868886147,1.8151,3.4657804752870542,2.7909342868886147,residual_crop
wheat_combined,07_01,228,2020,wheat_winter,1.3,2.852948015622834,2.1523,3.4657804752870542,2.852948015622834,residual_crop
wheat_combined,07_01,229,2020,wheat_winter,3.285,2.63964238113084,2.7312000000000003,3.4657804752870542,2.63964238113084,residual_crop
wheat_combined,07_01,213,2021,wheat_spring,1.3155714285714286,2.5649007482630433,1.8895,2.7862022677059213,1.032111790397503,residual_crop
wheat_combined,07_01,214,2021,wheat_spring,1.5857777777777775,2.8063163809016203,2.0593,2.7862022677059213,1.27352742303608,residual_crop
wheat_combined,07_01,227,2021,wheat_winter,2.8346242774566472,3.265947494528696,3.556,3.569358367455552,2.3630454680516766,residual_crop
wheat_combined,07_01,228,2021,wheat_winter,2.4169491525423727,3.2527178159299597,2.8911,3.569358367455552,2.3498157894529403,residual_crop
wheat_combined,07_01,229,2021,wheat_winter,2.9450000000000003,2.587121805465447,2.3245,3.569358367455552,1.6842197789884277,residual_crop
wheat_combined,07_01,230,2021,wheat_winter,2.123766816143498,3.1754913199728176,2.4353,3.569358367455552,2.2725892934957983,residual_crop
wheat_combined,07_01,231,2021,wheat_winter,3.5069787234042553,3.1563741919960893,3.1704,3.569358367455552,2.25347216551907,residual_crop
wheat_combined,07_01,232,2021,wheat_winter,3.2479729729729727,3.216641059763162,3.3893999999999997,3.569358367455552,2.3137390332861427,residual_crop
wheat_combined,07_01,233,2021,wheat_winter,3.6453846153846152,3.1777511547766313,3.2509,3.569358367455552,2.274849128299612,residual_crop
wheat_combined,07_01,234,2021,wheat_winter,5.389142857142858,3.256626244517668,2.7121,3.569358367455552,2.353724218040649,residual_crop
wheat_combined,07_01,195,2022,wheat_winter,2.1216260162601626,3.5004633722315073,2.4328,3.5270951632339247,3.1128341294990443,residual_crop
wheat_combined,07_01,197,2022,wheat_winter,1.5206997084548106,3.6162949925298618,2.4524999999999997,3.5270951632339247,3.2286657497973987,residual_crop
wheat_combined,07_01,207,2022,wheat_winter,1.8862140474258409,3.5026465618392533,2.8611999999999997,3.5270951632339247,3.1150173191067903,residual_crop
wheat_combined,07_01,208,2022,wheat_spring,2.356923076923077,3.7728716177828447,1.8747,2.6779088961876263,2.275124424206459,residual_crop
wheat_combined,07_01,209,2022,wheat_spring,2.657417536880491,3.707475143588196,3.1563,2.6779088961876263,2.2097279500118105,residual_crop
wheat_combined,07_01,210,2022,wheat_spring,3.0655870445344133,3.6663311565300742,3.8599,2.6779088961876263,2.1685839629536883,residual_crop
wheat_combined,07_01,212,2022,wheat_spring,3.1773529411764705,3.7651800995665967,3.0978000000000003,2.6779088961876263,2.267432905990211,residual_crop
wheat_combined,07_01,215,2022,wheat_spring,2.858987341772152,3.822395824978243,2.9058,2.6779088961876263,2.324648631401857,residual_crop
wheat_combined,07_01,216,2022,wheat_spring,3.1270270270270273,3.5615959826394343,3.7896,2.6779088961876263,2.063848789063049,residual_crop
wheat_combined,07_01,217,2022,wheat_spring,3.063725490196078,3.770004583079584,3.4240000000000004,2.6779088961876263,2.2722573895031983,residual_crop
wheat_combined,07_01,218,2022,wheat_spring,2.1723076923076925,3.735685748758011,3.059,2.6779088961876263,2.237938555181625,residual_crop
wheat_combined,07_01,219,2022,wheat_spring,2.827547619047619,3.3428991481843235,3.0893,2.6779088961876263,1.8451519546079378,residual_crop
wheat_combined,07_01,220,2022,wheat_spring,3.4832,3.7316109873884735,3.0504,2.6779088961876263,2.2338637938120876,residual_crop
wheat_combined,07_01,222,2022,wheat_spring,3.2700483870967743,3.933858017237431,2.65,2.6779088961876263,2.4361108236610454,residual_crop
wheat_combined,07_01,223,2022,wheat_spring,3.2311428571428573,3.6878589823867216,2.9854,2.6779088961876263,2.190111788810336,residual_crop
wheat_combined,07_01,224,2022,wheat_spring,3.079423076923077,3.6836415691854727,3.1172999999999997,2.6779088961876263,2.185894375609087,residual_crop
wheat_combined,07_01,226,2022,wheat_spring,1.6934999999999998,3.5430512987930345,3.1174,2.6779088961876263,2.0453041052166485,residual_crop
wheat_combined,07_01,227,2022,wheat_winter,2.217514450867052,3.5253954898722877,2.6258,3.5270951632339247,3.1377662471398247,residual_crop
wheat_combined,07_01,228,2022,wheat_spring,4.564745762711865,3.609822116888536,2.8893999999999997,2.6779088961876263,2.11207492331215,residual_crop
wheat_combined,07_01,229,2022,wheat_spring,2.841666666666667,2.9945854421249183,2.1967,2.6779088961876263,1.4968382485485325,residual_crop
wheat_combined,07_01,231,2022,wheat_winter,1.5712340425531914,2.8710519317904866,2.1225,3.5270951632339247,2.4834226890580235,residual_crop
wheat_combined,07_01,232,2022,wheat_winter,1.847837837837838,2.9334413788912386,2.2283,3.5270951632339247,2.5458121361587756,residual_crop
wheat_combined,07_01,234,2022,wheat_spring,3.975428571428571,3.404355725070068,3.5385,2.6779088961876263,1.906608531493682,residual_crop
wheat_combined,07_01,195,2023,wheat_winter,0.8904065040650406,2.7327334927423776,2.4748,3.605240949754569,2.0515409696753255,residual_crop
wheat_combined,07_01,197,2023,wheat_winter,1.0820991253644316,2.566798751570793,2.8075,3.605240949754569,1.885606228503741,residual_crop
wheat_combined,07_01,207,2023,wheat_winter,1.068974844468488,2.5360739919092303,3.0064,3.605240949754569,1.8548814688421782,residual_crop
wheat_combined,07_01,208,2023,wheat_spring,2.018076923076923,2.8985239447717768,2.0981,2.8347937514606945,1.8470858670321977,residual_crop
wheat_combined,07_01,209,2023,wheat_winter,1.4882148184982598,2.759254403549561,3.1699,3.605240949754569,2.078061880482509,residual_crop
wheat_combined,07_01,212,2023,wheat_spring,2.9445588235294116,2.3444363983869496,1.7012,2.8347937514606945,1.2929983206473705,residual_crop
wheat_combined,07_01,228,2023,wheat_winter,1.5016949152542372,2.892290226032888,2.3086,3.605240949754569,2.211097702965836,residual_crop
wheat_combined,07_01,229,2023,wheat_winter,3.443333333333334,2.6539586325763387,2.3579999999999997,3.605240949754569,1.9727661095092865,residual_crop
wheat_combined,07_01,230,2023,wheat_spring,0.9786995515695068,2.2930110142668254,1.466,2.8347937514606945,1.2415729365272463,residual_crop
wheat_combined,07_01,234,2023,wheat_winter,1.7062857142857142,3.284884510940039,2.5372,3.605240949754569,2.603691987872987,residual_crop
wheat_combined,07_01,210,2024,wheat_winter,5.519493927125506,4.043664010735541,5.6729,3.5237797966522484,3.242587449993235,residual_crop
wheat_combined,07_01,215,2024,wheat_winter,4.476708860759494,3.494796528619963,4.1198999999999995,3.5237797966522484,2.693719967877657,residual_crop
wheat_combined,07_01,216,2024,wheat_winter,5.342162162162162,3.7918368963774536,4.7169,3.5237797966522484,2.990760335635148,residual_crop
wheat_combined,07_01,218,2024,wheat_spring,4.027153846153846,3.962821662589597,3.5061,2.7584835033320987,2.9535370490113424,residual_crop
wheat_combined,07_01,219,2024,wheat_spring,3.6718380952380953,4.075836337078593,4.2484,2.7584835033320987,3.066551723500339,residual_crop
wheat_combined,07_01,220,2024,wheat_spring,3.12756,3.8973097088159623,3.6352,2.7584835033320987,2.8880250952377082,residual_crop
wheat_combined,07_01,222,2024,wheat_spring,3.6562580645161287,4.035696280798404,3.1422999999999996,2.7584835033320987,3.0264116672201498,residual_crop
wheat_combined,07_01,223,2024,wheat_spring,3.350857142857143,4.002851279609628,3.9329,2.7584835033320987,2.9935666660313736,residual_crop
wheat_combined,07_01,224,2024,wheat_winter,5.0582692307692305,3.6818592269824024,4.3833,3.5237797966522484,2.880782666240097,residual_crop
wheat_combined,07_01,226,2024,wheat_winter,4.9315,3.8139045952320574,5.2123,3.5237797966522484,3.0128280344897513,residual_crop
wheat_combined,07_01,231,2024,wheat_spring,3.806382978723404,4.07664774845323,3.8621,2.7584835033320987,3.0673631348749764,residual_crop
wheat_combined,07_01,232,2024,wheat_spring,3.330304054054054,3.9694638365585,3.8087,2.7584835033320987,2.960179222980246,residual_crop
wheat_combined,07_01,195,2025,wheat_spring,2.7195121951219514,3.515028129770454,3.6697,2.7859952931393197,2.59698714398053,residual_crop
wheat_combined,07_01,197,2025,wheat_spring,3.779416909620991,3.4979043371102327,3.7805,2.7859952931393197,2.579863351320309,residual_crop
wheat_combined,07_01,208,2025,wheat_spring,3.8430769230769233,3.7251575136152626,2.6100000000000003,2.7859952931393197,2.8071165278253387,residual_crop
wheat_combined,07_01,212,2025,wheat_spring,1.7024264705882353,2.7827309689598727,2.3390999999999997,2.7859952931393197,1.8646899831699488,residual_crop
wheat_combined,07_01,217,2025,wheat_spring,2.5629901960784314,3.0295673928181097,2.7976,2.7859952931393197,2.111526407028186,residual_crop
wheat_combined,07_01,218,2025,wheat_spring,4.112820512820513,3.3713621046894215,2.6811,2.7859952931393197,2.4533211188994977,residual_crop
wheat_combined,07_01,220,2025,wheat_spring,3.3072000000000004,3.681481500275829,3.0496,2.7859952931393197,2.763440514485905,residual_crop
wheat_combined,07_01,228,2025,wheat_spring,3.004576271186441,4.016942200782487,3.2354,2.7859952931393197,3.098901214992563,residual_crop
wheat_combined,07_01,229,2025,wheat_spring,3.5050000000000003,3.637981271828777,3.344,2.7859952931393197,2.7199402860388533,residual_crop
wheat_combined,07_01,230,2025,wheat_spring,3.6687443946188343,3.9986658582216954,3.2042,2.7859952931393197,3.0806248724317715,residual_crop
wheat_combined,07_01,207,2019,wheat_spring,3.5799999999999996,3.224758345138726,2.2341,2.7949344889498353,3.224758345138726,linear_global
wheat_combined,07_01,230,2019,wheat_winter,4.503,3.700236097642278,3.7936,3.518703379214148,3.700236097642278,linear_global
wheat_combined,07_01,231,2019,wheat_winter,4.303,3.865499683891476,3.9967,3.518703379214148,3.865499683891476,linear_global
wheat_combined,07_01,232,2019,wheat_winter,3.404,3.797510680758293,3.6744,3.518703379214148,3.797510680758293,linear_global
wheat_combined,07_01,208,2020,wheat_spring,0.505,2.3226023978411456,1.2673,2.775179717236985,2.3226023978411456,linear_global
wheat_combined,07_01,210,2020,wheat_winter,0.211,2.755618404716091,2.1024000000000003,3.4657804752870542,2.755618404716091,linear_global
wheat_combined,07_01,211,2020,wheat_winter,0.319,2.7108266611657266,2.3897,3.4657804752870542,2.7108266611657266,linear_global
wheat_combined,07_01,213,2020,wheat_spring,0.5780000000000001,2.114093681104597,2.2992,2.775179717236985,2.114093681104597,linear_global
wheat_combined,07_01,214,2020,wheat_spring,0.319,2.333376762581096,2.1065,2.775179717236985,2.333376762581096,linear_global
wheat_combined,07_01,215,2020,wheat_spring,1.409,2.544842872699145,1.4959,2.775179717236985,2.544842872699145,linear_global
wheat_combined,07_01,216,2020,wheat_spring,1.246,2.631944979130543,1.9066,2.775179717236985,2.631944979130543,linear_global
wheat_combined,07_01,217,2020,wheat_spring,0.337,2.2945331253113697,1.7108,2.775179717236985,2.2945331253113697,linear_global
wheat_combined,07_01,219,2020,wheat_spring,0.425,2.10759000399979,2.0603,2.775179717236985,2.10759000399979,linear_global
wheat_combined,07_01,220,2020,wheat_spring,0.513,2.2449053847185327,1.7684000000000002,2.775179717236985,2.2449053847185327,linear_global
wheat_combined,07_01,221,2020,wheat_spring,0.38,2.764634950698833,2.2152000000000003,2.775179717236985,2.764634950698833,linear_global
wheat_combined,07_01,222,2020,wheat_spring,0.21,2.2343713785851778,2.492,2.775179717236985,2.2343713785851778,linear_global
wheat_combined,07_01,223,2020,wheat_spring,0.21,2.316367662231133,1.3154,2.775179717236985,2.316367662231133,linear_global
wheat_combined,07_01,224,2020,wheat_spring,0.857,2.327200178595328,1.6532,2.775179717236985,2.327200178595328,linear_global
wheat_combined,07_01,225,2020,wheat_spring,2.335,2.6791144599637136,3.245,2.775179717236985,2.6791144599637136,linear_global
wheat_combined,07_01,226,2020,wheat_spring,0.502,2.257498185383972,1.8243,2.775179717236985,2.257498185383972,linear_global
wheat_combined,07_01,227,2020,wheat_winter,0.5650000000000001,2.7909342868886147,1.8151,3.4657804752870542,2.7909342868886147,linear_global
wheat_combined,07_01,228,2020,wheat_winter,1.3,2.852948015622834,2.1523,3.4657804752870542,2.852948015622834,linear_global
wheat_combined,07_01,229,2020,wheat_winter,3.285,2.63964238113084,2.7312000000000003,3.4657804752870542,2.63964238113084,linear_global
wheat_combined,07_01,213,2021,wheat_spring,1.3155714285714286,2.5649007482630433,1.8895,2.7862022677059213,1.1187935192247647,linear_global
wheat_combined,07_01,214,2021,wheat_spring,1.5857777777777775,2.8063163809016203,2.0593,2.7862022677059213,1.6521526109053668,linear_global
wheat_combined,07_01,227,2021,wheat_winter,2.8346242774566472,3.265947494528696,3.556,3.569358367455552,2.6676147439615643,linear_global
wheat_combined,07_01,228,2021,wheat_winter,2.4169491525423727,3.2527178159299597,2.8911,3.569358367455552,2.6383864405434005,linear_global
wheat_combined,07_01,229,2021,wheat_winter,2.9450000000000003,2.587121805465447,2.3245,3.569358367455552,1.1678864580544555,linear_global
wheat_combined,07_01,230,2021,wheat_winter,2.123766816143498,3.1754913199728176,2.4353,3.569358367455552,2.4677700919366736,linear_global
wheat_combined,07_01,231,2021,wheat_winter,3.5069787234042553,3.1563741919960893,3.1704,3.569358367455552,2.42553465796014,linear_global
wheat_combined,07_01,232,2021,wheat_winter,3.2479729729729727,3.216641059763162,3.3893999999999997,3.569358367455552,2.5586821327088174,linear_global
wheat_combined,07_01,233,2021,wheat_winter,3.6453846153846152,3.1777511547766313,3.2509,3.569358367455552,2.4727627406112305,linear_global
wheat_combined,07_01,234,2021,wheat_winter,5.389142857142858,3.256626244517668,2.7121,3.569358367455552,2.647021324285828,linear_global
wheat_combined,07_01,195,2022,wheat_winter,2.1216260162601626,3.5004633722315073,2.4328,3.5270951632339247,3.580783238084448,linear_global
wheat_combined,07_01,197,2022,wheat_winter,1.5206997084548106,3.6162949925298618,2.4524999999999997,3.5270951632339247,3.8654317308310784,linear_global
wheat_combined,07_01,207,2022,wheat_winter,1.8862140474258409,3.5026465618392533,2.8611999999999997,3.5270951632339247,3.586148281149755,linear_global
wheat_combined,07_01,208,2022,wheat_spring,2.356923076923077,3.7728716177828447,1.8747,2.6779088961876263,4.250208359724085,linear_global
wheat_combined,07_01,209,2022,wheat_spring,2.657417536880491,3.707475143588196,3.1563,2.6779088961876263,4.089500879655146,linear_global
wheat_combined,07_01,210,2022,wheat_spring,3.0655870445344133,3.6663311565300742,3.8599,2.6779088961876263,3.9883922715607847,linear_global
wheat_combined,07_01,212,2022,wheat_spring,3.1773529411764705,3.7651800995665967,3.0978000000000003,2.6779088961876263,4.231306965946212,linear_global
wheat_combined,07_01,215,2022,wheat_spring,2.858987341772152,3.822395824978243,2.9058,2.6779088961876263,4.3719108007011815,linear_global
wheat_combined,07_01,216,2022,wheat_spring,3.1270270270270273,3.5615959826394343,3.7896,2.6779088961876263,3.7310125568616677,linear_global
wheat_combined,07_01,217,2022,wheat_spring,3.063725490196078,3.770004583079584,3.4240000000000004,2.6779088961876263,4.243162812879161,linear_global
wheat_combined,07_01,218,2022,wheat_spring,2.1723076923076925,3.735685748758011,3.059,2.6779088961876263,4.1588265630943875,linear_global
wheat_combined,07_01,219,2022,wheat_spring,2.827547619047619,3.3428991481843235,3.0893,2.6779088961876263,3.1935796509266465,linear_global
wheat_combined,07_01,220,2022,wheat_spring,3.4832,3.7316109873884735,3.0504,2.6779088961876263,4.148813108399086,linear_global
wheat_combined,07_01,222,2022,wheat_spring,3.2700483870967743,3.933858017237431,2.65,2.6779088961876263,4.645821715036062,linear_global
wheat_combined,07_01,223,2022,wheat_spring,3.2311428571428573,3.6878589823867216,2.9854,2.6779088961876263,4.0412954698966335,linear_global
wheat_combined,07_01,224,2022,wheat_spring,3.079423076923077,3.6836415691854727,3.1172999999999997,2.6779088961876263,4.030931457825206,linear_global
wheat_combined,07_01,226,2022,wheat_spring,1.6934999999999998,3.5430512987930345,3.1174,2.6779088961876263,3.685440231345166,linear_global
wheat_combined,07_01,227,2022,wheat_winter,2.217514450867052,3.5253954898722877,2.6258,3.5270951632339247,3.642052256761299,linear_global
wheat_combined,07_01,228,2022,wheat_spring,4.564745762711865,3.609822116888536,2.8893999999999997,2.6779088961876263,3.849525070022105,linear_global
wheat_combined,07_01,229,2022,wheat_spring,2.841666666666667,2.9945854421249183,2.1967,2.6779088961876263,2.33762191522871,linear_global
wheat_combined,07_01,231,2022,wheat_winter,1.5712340425531914,2.8710519317904866,2.1225,3.5270951632339247,2.0340465406477173,linear_global
wheat_combined,07_01,232,2022,wheat_winter,1.847837837837838,2.9334413788912386,2.2283,3.5270951632339247,2.1873644518949367,linear_global
wheat_combined,07_01,234,2022,wheat_spring,3.975428571428571,3.404355725070068,3.5385,2.6779088961876263,3.3446050957476325,linear_global
wheat_combined,07_01,195,2023,wheat_winter,0.8904065040650406,2.7327334927423776,2.4748,3.605240949754569,1.5614723216575008,linear_global
wheat_combined,07_01,197,2023,wheat_winter,1.0820991253644316,2.566798751570793,2.8075,3.605240949754569,1.2759935786535683,linear_global
wheat_combined,07_01,207,2023,wheat_winter,1.068974844468488,2.5360739919092303,3.0064,3.605240949754569,1.2231338477415772,linear_global
wheat_combined,07_01,208,2023,wheat_spring,2.018076923076923,2.8985239447717768,2.0981,2.8347937514606945,1.8467028256088434,linear_global
wheat_combined,07_01,209,2023,wheat_winter,1.4882148184982598,2.759254403549561,3.1699,3.605240949754569,1.6070996341003196,linear_global
wheat_combined,07_01,212,2023,wheat_spring,2.9445588235294116,2.3444363983869496,1.7012,2.8347937514606945,0.8934352028118326,linear_global
wheat_combined,07_01,228,2023,wheat_winter,1.5016949152542372,2.892290226032888,2.3086,3.605240949754569,1.8359781625439953,linear_global
wheat_combined,07_01,229,2023,wheat_winter,3.443333333333334,2.6539586325763387,2.3579999999999997,3.605240949754569,1.4259458616664786,linear_global
wheat_combined,07_01,230,2023,wheat_spring,0.9786995515695068,2.2930110142668254,1.466,2.8347937514606945,0.8049615419409801,linear_global
wheat_combined,07_01,234,2023,wheat_winter,1.7062857142857142,3.284884510940039,2.5372,3.605240949754569,2.51140828751058,linear_global
wheat_combined,07_01,210,2024,wheat_winter,5.519493927125506,4.043664010735541,5.6729,3.5237797966522484,3.7435959568111166,linear_global
wheat_combined,07_01,215,2024,wheat_winter,4.476708860759494,3.494796528619963,4.1198999999999995,3.5237797966522484,2.857038959568376,linear_global
wheat_combined,07_01,216,2024,wheat_winter,5.342162162162162,3.7918368963774536,4.7169,3.5237797966522484,3.336832762407486,linear_global
wheat_combined,07_01,218,2024,wheat_spring,4.027153846153846,3.962821662589597,3.5061,2.7584835033320987,3.6130155311935024,linear_global
wheat_combined,07_01,219,2024,wheat_spring,3.6718380952380953,4.075836337078593,4.2484,2.7584835033320987,3.7955622364075525,linear_global
wheat_combined,07_01,220,2024,wheat_spring,3.12756,3.8973097088159623,3.6352,2.7584835033320987,3.5071974914779913,linear_global
wheat_combined,07_01,222,2024,wheat_spring,3.6562580645161287,4.035696280798404,3.1422999999999996,2.7584835033320987,3.7307260984972626,linear_global
wheat_combined,07_01,223,2024,wheat_spring,3.350857142857143,4.002851279609628,3.9329,2.7584835033320987,3.6776732823309297,linear_global
wheat_combined,07_01,224,2024,wheat_winter,5.0582692307692305,3.6818592269824024,4.3833,3.5237797966522484,3.1591915730136133,linear_global
wheat_combined,07_01,226,2024,wheat_winter,4.9315,3.8139045952320574,5.2123,3.5237797966522484,3.3724775646048855,linear_global
wheat_combined,07_01,231,2024,wheat_spring,3.806382978723404,4.07664774845323,3.8621,2.7584835033320987,3.796872866851634,linear_global
wheat_combined,07_01,232,2024,wheat_spring,3.330304054054054,3.9694638365585,3.8087,2.7584835033320987,3.623744288135592,linear_global
wheat_combined,07_01,195,2025,wheat_spring,2.7195121951219514,3.515028129770454,3.6697,2.7859952931393197,3.0498043300831488,linear_global
wheat_combined,07_01,197,2025,wheat_spring,3.779416909620991,3.4979043371102327,3.7805,2.7859952931393197,3.019322935253621,linear_global
wheat_combined,07_01,208,2025,wheat_spring,3.8430769230769233,3.7251575136152626,2.6100000000000003,2.7859952931393197,3.42384744315692,linear_global
wheat_combined,07_01,212,2025,wheat_spring,1.7024264705882353,2.7827309689598727,2.3390999999999997,2.7859952931393197,1.746270741810834,linear_global
wheat_combined,07_01,217,2025,wheat_spring,2.5629901960784314,3.0295673928181097,2.7976,2.7859952931393197,2.1856546238295453,linear_global
wheat_combined,07_01,218,2025,wheat_spring,4.112820512820513,3.3713621046894215,2.6811,2.7859952931393197,2.7940700473236673,linear_global
wheat_combined,07_01,220,2025,wheat_spring,3.3072000000000004,3.681481500275829,3.0496,2.7859952931393197,3.3461014768517083,linear_global
wheat_combined,07_01,228,2025,wheat_spring,3.004576271186441,4.016942200782487,3.2354,2.7859952931393197,3.9432419739850815,linear_global
wheat_combined,07_01,229,2025,wheat_spring,3.5050000000000003,3.637981271828777,3.344,2.7859952931393197,3.2686684183710706,linear_global
wheat_combined,07_01,230,2025,wheat_spring,3.6687443946188343,3.9986658582216954,3.2042,2.7859952931393197,3.9107089700712168,linear_global
wheat_combined,07_01,207,2019,wheat_spring,3.5799999999999996,3.224758345138726,2.2341,2.7949344889498353,3.224758345138726,linear_crop
wheat_combined,07_01,230,2019,wheat_winter,4.503,3.700236097642278,3.7936,3.518703379214148,3.700236097642278,linear_crop
wheat_combined,07_01,231,2019,wheat_winter,4.303,3.865499683891476,3.9967,3.518703379214148,3.865499683891476,linear_crop
wheat_combined,07_01,232,2019,wheat_winter,3.404,3.797510680758293,3.6744,3.518703379214148,3.797510680758293,linear_crop
wheat_combined,07_01,208,2020,wheat_spring,0.505,2.3226023978411456,1.2673,2.775179717236985,2.3226023978411456,linear_crop
wheat_combined,07_01,210,2020,wheat_winter,0.211,2.755618404716091,2.1024000000000003,3.4657804752870542,2.755618404716091,linear_crop
wheat_combined,07_01,211,2020,wheat_winter,0.319,2.7108266611657266,2.3897,3.4657804752870542,2.7108266611657266,linear_crop
wheat_combined,07_01,213,2020,wheat_spring,0.5780000000000001,2.114093681104597,2.2992,2.775179717236985,2.114093681104597,linear_crop
wheat_combined,07_01,214,2020,wheat_spring,0.319,2.333376762581096,2.1065,2.775179717236985,2.333376762581096,linear_crop
wheat_combined,07_01,215,2020,wheat_spring,1.409,2.544842872699145,1.4959,2.775179717236985,2.544842872699145,linear_crop
wheat_combined,07_01,216,2020,wheat_spring,1.246,2.631944979130543,1.9066,2.775179717236985,2.631944979130543,linear_crop
wheat_combined,07_01,217,2020,wheat_spring,0.337,2.2945331253113697,1.7108,2.775179717236985,2.2945331253113697,linear_crop
wheat_combined,07_01,219,2020,wheat_spring,0.425,2.10759000399979,2.0603,2.775179717236985,2.10759000399979,linear_crop
wheat_combined,07_01,220,2020,wheat_spring,0.513,2.2449053847185327,1.7684000000000002,2.775179717236985,2.2449053847185327,linear_crop
wheat_combined,07_01,221,2020,wheat_spring,0.38,2.764634950698833,2.2152000000000003,2.775179717236985,2.764634950698833,linear_crop
wheat_combined,07_01,222,2020,wheat_spring,0.21,2.2343713785851778,2.492,2.775179717236985,2.2343713785851778,linear_crop
wheat_combined,07_01,223,2020,wheat_spring,0.21,2.316367662231133,1.3154,2.775179717236985,2.316367662231133,linear_crop
wheat_combined,07_01,224,2020,wheat_spring,0.857,2.327200178595328,1.6532,2.775179717236985,2.327200178595328,linear_crop
wheat_combined,07_01,225,2020,wheat_spring,2.335,2.6791144599637136,3.245,2.775179717236985,2.6791144599637136,linear_crop
wheat_combined,07_01,226,2020,wheat_spring,0.502,2.257498185383972,1.8243,2.775179717236985,2.257498185383972,linear_crop
wheat_combined,07_01,227,2020,wheat_winter,0.5650000000000001,2.7909342868886147,1.8151,3.4657804752870542,2.7909342868886147,linear_crop
wheat_combined,07_01,228,2020,wheat_winter,1.3,2.852948015622834,2.1523,3.4657804752870542,2.852948015622834,linear_crop
wheat_combined,07_01,229,2020,wheat_winter,3.285,2.63964238113084,2.7312000000000003,3.4657804752870542,2.63964238113084,linear_crop
wheat_combined,07_01,213,2021,wheat_spring,1.3155714285714286,2.5649007482630433,1.8895,2.7862022677059213,1.173039463438411,linear_crop
wheat_combined,07_01,214,2021,wheat_spring,1.5857777777777775,2.8063163809016203,2.0593,2.7862022677059213,1.6819690745789733,linear_crop
wheat_combined,07_01,227,2021,wheat_winter,2.8346242774566472,3.265947494528696,3.556,3.569358367455552,2.526817435265666,linear_crop
wheat_combined,07_01,228,2021,wheat_winter,2.4169491525423727,3.2527178159299597,2.8911,3.569358367455552,2.4989278776956745,linear_crop
wheat_combined,07_01,229,2021,wheat_winter,2.9450000000000003,2.587121805465447,2.3245,3.569358367455552,1.095781299820399,linear_crop
wheat_combined,07_01,230,2021,wheat_winter,2.123766816143498,3.1754913199728176,2.4353,3.569358367455552,2.3361262806008556,linear_crop
wheat_combined,07_01,231,2021,wheat_winter,3.5069787234042553,3.1563741919960893,3.1704,3.569358367455552,2.2958253589041795,linear_crop
wheat_combined,07_01,232,2021,wheat_winter,3.2479729729729727,3.216641059763162,3.3893999999999997,3.569358367455552,2.422874271363277,linear_crop
wheat_combined,07_01,233,2021,wheat_winter,3.6453846153846152,3.1777511547766313,3.2509,3.569358367455552,2.3408902506693083,linear_crop
wheat_combined,07_01,234,2021,wheat_winter,5.389142857142858,3.256626244517668,2.7121,3.569358367455552,2.507167257306568,linear_crop
wheat_combined,07_01,195,2022,wheat_winter,2.1216260162601626,3.5004633722315073,2.4328,3.5270951632339247,3.493027997516972,linear_crop
wheat_combined,07_01,197,2022,wheat_winter,1.5206997084548106,3.6162949925298618,2.4524999999999997,3.5270951632339247,3.738978775872054,linear_crop
wheat_combined,07_01,207,2022,wheat_winter,1.8862140474258409,3.5026465618392533,2.8611999999999997,3.5270951632339247,3.497663667655564,linear_crop
wheat_combined,07_01,208,2022,wheat_spring,2.356923076923077,3.7728716177828447,1.8747,2.6779088961876263,3.779097480047792,linear_crop
wheat_combined,07_01,209,2022,wheat_spring,2.657417536880491,3.707475143588196,3.1563,2.6779088961876263,3.640238041766409,linear_crop
wheat_combined,07_01,210,2022,wheat_spring,3.0655870445344133,3.6663311565300742,3.8599,2.6779088961876263,3.5528750607814987,linear_crop
wheat_combined,07_01,212,2022,wheat_spring,3.1773529411764705,3.7651800995665967,3.0978000000000003,2.6779088961876263,3.762765714273077,linear_crop
wheat_combined,07_01,215,2022,wheat_spring,2.858987341772152,3.822395824978243,2.9058,2.6779088961876263,3.8842545802916844,linear_crop
wheat_combined,07_01,216,2022,wheat_spring,3.1270270270270273,3.5615959826394343,3.7896,2.6779088961876263,3.330485893875199,linear_crop
wheat_combined,07_01,217,2022,wheat_spring,3.063725490196078,3.770004583079584,3.4240000000000004,2.6779088961876263,3.773009769153118,linear_crop
wheat_combined,07_01,218,2022,wheat_spring,2.1723076923076925,3.735685748758011,3.059,2.6779088961876263,3.700138958990153,linear_crop
wheat_combined,07_01,219,2022,wheat_spring,2.827547619047619,3.3428991481843235,3.0893,2.6779088961876263,2.8661165228910024,linear_crop
wheat_combined,07_01,220,2022,wheat_spring,3.4832,3.7316109873884735,3.0504,2.6779088961876263,3.6914868247295125,linear_crop
wheat_combined,07_01,222,2022,wheat_spring,3.2700483870967743,3.933858017237431,2.65,2.6779088961876263,4.120927544657535,linear_crop
wheat_combined,07_01,223,2022,wheat_spring,3.2311428571428573,3.6878589823867216,2.9854,2.6779088961876263,3.5985861154321803,linear_crop
wheat_combined,07_01,224,2022,wheat_spring,3.079423076923077,3.6836415691854727,3.1172999999999997,2.6779088961876263,3.589631081765032,linear_crop
wheat_combined,07_01,226,2022,wheat_spring,1.6934999999999998,3.5430512987930345,3.1174,2.6779088961876263,3.29110908627618,linear_crop
wheat_combined,07_01,227,2022,wheat_winter,2.217514450867052,3.5253954898722877,2.6258,3.5270951632339247,3.5459675465278178,linear_crop
wheat_combined,07_01,228,2022,wheat_spring,4.564745762711865,3.609822116888536,2.8893999999999997,2.6779088961876263,3.4328867342076714,linear_crop
wheat_combined,07_01,229,2022,wheat_spring,2.841666666666667,2.9945854421249183,2.1967,2.6779088961876263,2.126525495014556,linear_crop
wheat_combined,07_01,231,2022,wheat_winter,1.5712340425531914,2.8710519317904866,2.1225,3.5270951632339247,2.1565688054300067,linear_crop
wheat_combined,07_01,232,2022,wheat_winter,1.847837837837838,2.9334413788912386,2.2283,3.5270951632339247,2.2890432803276974,linear_crop
wheat_combined,07_01,234,2022,wheat_spring,3.975428571428571,3.404355725070068,3.5385,2.6779088961876263,2.9966101901742057,linear_crop
wheat_combined,07_01,195,2023,wheat_winter,0.8904065040650406,2.7327334927423776,2.4748,3.605240949754569,1.7446926594713421,linear_crop
wheat_combined,07_01,197,2023,wheat_winter,1.0820991253644316,2.566798751570793,2.8075,3.605240949754569,1.473298306689256,linear_crop
wheat_combined,07_01,207,2023,wheat_winter,1.068974844468488,2.5360739919092303,3.0064,3.605240949754569,1.4230464654903563,linear_crop
wheat_combined,07_01,208,2023,wheat_spring,2.018076923076923,2.8985239447717768,2.0981,2.8347937514606945,1.7655539689407005,linear_crop
wheat_combined,07_01,209,2023,wheat_winter,1.4882148184982598,2.759254403549561,3.1699,3.605240949754569,1.7880689010762532,linear_crop
wheat_combined,07_01,212,2023,wheat_spring,2.9445588235294116,2.3444363983869496,1.7012,2.8347937514606945,0.8593167941695175,linear_crop
wheat_combined,07_01,228,2023,wheat_winter,1.5016949152542372,2.892290226032888,2.3086,3.605240949754569,2.0056554696560087,linear_crop
wheat_combined,07_01,229,2023,wheat_winter,3.443333333333334,2.6539586325763387,2.3579999999999997,3.605240949754569,1.6158525381120994,linear_crop
wheat_combined,07_01,230,2023,wheat_spring,0.9786995515695068,2.2930110142668254,1.466,2.8347937514606945,0.7752080732271107,linear_crop
wheat_combined,07_01,234,2023,wheat_winter,1.7062857142857142,3.284884510940039,2.5372,3.605240949754569,2.6477625480534526,linear_crop
wheat_combined,07_01,210,2024,wheat_winter,5.519493927125506,4.043664010735541,5.6729,3.5237797966522484,3.7679948209420755,linear_crop
wheat_combined,07_01,215,2024,wheat_winter,4.476708860759494,3.494796528619963,4.1198999999999995,3.5237797966522484,2.9127619855504543,linear_crop
wheat_combined,07_01,216,2024,wheat_winter,5.342162162162162,3.7918368963774536,4.7169,3.5237797966522484,3.3756035351424094,linear_crop
wheat_combined,07_01,218,2024,wheat_spring,4.027153846153846,3.962821662589597,3.5061,2.7584835033320987,3.496293402158218,linear_crop
wheat_combined,07_01,219,2024,wheat_spring,3.6718380952380953,4.075836337078593,4.2484,2.7584835033320987,3.672390299229873,linear_crop
wheat_combined,07_01,220,2024,wheat_spring,3.12756,3.8973097088159623,3.6352,2.7584835033320987,3.3942141648131416,linear_crop
wheat_combined,07_01,222,2024,wheat_spring,3.6562580645161287,4.035696280798404,3.1422999999999996,2.7584835033320987,3.609844975879752,linear_crop
wheat_combined,07_01,223,2024,wheat_spring,3.350857142857143,4.002851279609628,3.9329,2.7584835033320987,3.55866664156334,linear_crop
wheat_combined,07_01,224,2024,wheat_winter,5.0582692307692305,3.6818592269824024,4.3833,3.5237797966522484,3.2042388303798743,linear_crop
wheat_combined,07_01,226,2024,wheat_winter,4.9315,3.8139045952320574,5.2123,3.5237797966522484,3.409988921919644,linear_crop
wheat_combined,07_01,231,2024,wheat_spring,3.806382978723404,4.07664774845323,3.8621,2.7584835033320987,3.6736546219912163,linear_crop
wheat_combined,07_01,232,2024,wheat_spring,3.330304054054054,3.9694638365585,3.8087,2.7584835033320987,3.506643086666205,linear_crop
wheat_combined,07_01,195,2025,wheat_spring,2.7195121951219514,3.515028129770454,3.6697,2.7859952931393197,2.8683236374470895,linear_crop
wheat_combined,07_01,197,2025,wheat_spring,3.779416909620991,3.4979043371102327,3.7805,2.7859952931393197,2.838716248509594,linear_crop
wheat_combined,07_01,208,2025,wheat_spring,3.8430769230769233,3.7251575136152626,2.6100000000000003,2.7859952931393197,3.2316416545556432,linear_crop
wheat_combined,07_01,212,2025,wheat_spring,1.7024264705882353,2.7827309689598727,2.3390999999999997,2.7859952931393197,1.6021668176259234,linear_crop
wheat_combined,07_01,217,2025,wheat_spring,2.5629901960784314,3.0295673928181097,2.7976,2.7859952931393197,2.0289520602485096,linear_crop
wheat_combined,07_01,218,2025,wheat_spring,4.112820512820513,3.3713621046894215,2.6811,2.7859952931393197,2.619922131654553,linear_crop
wheat_combined,07_01,220,2025,wheat_spring,3.3072000000000004,3.681481500275829,3.0496,2.7859952931393197,3.156124931138183,linear_crop
wheat_combined,07_01,228,2025,wheat_spring,3.004576271186441,4.016942200782487,3.2354,2.7859952931393197,3.736143366903165,linear_crop
wheat_combined,07_01,229,2025,wheat_spring,3.5050000000000003,3.637981271828777,3.344,2.7859952931393197,3.080912143407247,linear_crop
wheat_combined,07_01,230,2025,wheat_spring,3.6687443946188343,3.9986658582216954,3.2042,2.7859952931393197,3.7045431955340455,linear_crop
wheat_combined,07_01,207,2019,wheat_spring,3.5799999999999996,3.224758345138726,2.2341,2.7949344889498353,3.224758345138726,blend_crop_mean
wheat_combined,07_01,230,2019,wheat_winter,4.503,3.700236097642278,3.7936,3.518703379214148,3.700236097642278,blend_crop_mean
wheat_combined,07_01,231,2019,wheat_winter,4.303,3.865499683891476,3.9967,3.518703379214148,3.865499683891476,blend_crop_mean
wheat_combined,07_01,232,2019,wheat_winter,3.404,3.797510680758293,3.6744,3.518703379214148,3.797510680758293,blend_crop_mean
wheat_combined,07_01,208,2020,wheat_spring,0.505,2.3226023978411456,1.2673,2.775179717236985,2.3226023978411456,blend_crop_mean
wheat_combined,07_01,210,2020,wheat_winter,0.211,2.755618404716091,2.1024000000000003,3.4657804752870542,2.755618404716091,blend_crop_mean
wheat_combined,07_01,211,2020,wheat_winter,0.319,2.7108266611657266,2.3897,3.4657804752870542,2.7108266611657266,blend_crop_mean
wheat_combined,07_01,213,2020,wheat_spring,0.5780000000000001,2.114093681104597,2.2992,2.775179717236985,2.114093681104597,blend_crop_mean
wheat_combined,07_01,214,2020,wheat_spring,0.319,2.333376762581096,2.1065,2.775179717236985,2.333376762581096,blend_crop_mean
wheat_combined,07_01,215,2020,wheat_spring,1.409,2.544842872699145,1.4959,2.775179717236985,2.544842872699145,blend_crop_mean
wheat_combined,07_01,216,2020,wheat_spring,1.246,2.631944979130543,1.9066,2.775179717236985,2.631944979130543,blend_crop_mean
wheat_combined,07_01,217,2020,wheat_spring,0.337,2.2945331253113697,1.7108,2.775179717236985,2.2945331253113697,blend_crop_mean
wheat_combined,07_01,219,2020,wheat_spring,0.425,2.10759000399979,2.0603,2.775179717236985,2.10759000399979,blend_crop_mean
wheat_combined,07_01,220,2020,wheat_spring,0.513,2.2449053847185327,1.7684000000000002,2.775179717236985,2.2449053847185327,blend_crop_mean
wheat_combined,07_01,221,2020,wheat_spring,0.38,2.764634950698833,2.2152000000000003,2.775179717236985,2.764634950698833,blend_crop_mean
wheat_combined,07_01,222,2020,wheat_spring,0.21,2.2343713785851778,2.492,2.775179717236985,2.2343713785851778,blend_crop_mean
wheat_combined,07_01,223,2020,wheat_spring,0.21,2.316367662231133,1.3154,2.775179717236985,2.316367662231133,blend_crop_mean
wheat_combined,07_01,224,2020,wheat_spring,0.857,2.327200178595328,1.6532,2.775179717236985,2.327200178595328,blend_crop_mean
wheat_combined,07_01,225,2020,wheat_spring,2.335,2.6791144599637136,3.245,2.775179717236985,2.6791144599637136,blend_crop_mean
wheat_combined,07_01,226,2020,wheat_spring,0.502,2.257498185383972,1.8243,2.775179717236985,2.257498185383972,blend_crop_mean
wheat_combined,07_01,227,2020,wheat_winter,0.5650000000000001,2.7909342868886147,1.8151,3.4657804752870542,2.7909342868886147,blend_crop_mean
wheat_combined,07_01,228,2020,wheat_winter,1.3,2.852948015622834,2.1523,3.4657804752870542,2.852948015622834,blend_crop_mean
wheat_combined,07_01,229,2020,wheat_winter,3.285,2.63964238113084,2.7312000000000003,3.4657804752870542,2.63964238113084,blend_crop_mean
wheat_combined,07_01,213,2021,wheat_spring,1.3155714285714286,2.5649007482630433,1.8895,2.7862022677059213,0.8937333333333334,blend_crop_mean
wheat_combined,07_01,214,2021,wheat_spring,1.5857777777777775,2.8063163809016203,2.0593,2.7862022677059213,0.8937333333333334,blend_crop_mean
wheat_combined,07_01,227,2021,wheat_winter,2.8346242774566472,3.265947494528696,3.556,3.569358367455552,2.23625,blend_crop_mean
wheat_combined,07_01,228,2021,wheat_winter,2.4169491525423727,3.2527178159299597,2.8911,3.569358367455552,2.23625,blend_crop_mean
wheat_combined,07_01,229,2021,wheat_winter,2.9450000000000003,2.587121805465447,2.3245,3.569358367455552,2.23625,blend_crop_mean
wheat_combined,07_01,230,2021,wheat_winter,2.123766816143498,3.1754913199728176,2.4353,3.569358367455552,2.23625,blend_crop_mean
wheat_combined,07_01,231,2021,wheat_winter,3.5069787234042553,3.1563741919960893,3.1704,3.569358367455552,2.23625,blend_crop_mean
wheat_combined,07_01,232,2021,wheat_winter,3.2479729729729727,3.216641059763162,3.3893999999999997,3.569358367455552,2.23625,blend_crop_mean
wheat_combined,07_01,233,2021,wheat_winter,3.6453846153846152,3.1777511547766313,3.2509,3.569358367455552,2.23625,blend_crop_mean
wheat_combined,07_01,234,2021,wheat_winter,5.389142857142858,3.256626244517668,2.7121,3.569358367455552,2.23625,blend_crop_mean
wheat_combined,07_01,195,2022,wheat_winter,2.1216260162601626,3.5004633722315073,2.4328,3.5270951632339247,2.7499887134404513,blend_crop_mean
wheat_combined,07_01,197,2022,wheat_winter,1.5206997084548106,3.6162949925298618,2.4524999999999997,3.5270951632339247,2.7499887134404513,blend_crop_mean
wheat_combined,07_01,207,2022,wheat_winter,1.8862140474258409,3.5026465618392533,2.8611999999999997,3.5270951632339247,2.7499887134404513,blend_crop_mean
wheat_combined,07_01,208,2022,wheat_spring,2.356923076923077,3.7728716177828447,1.8747,2.6779088961876263,0.9592558356676003,blend_crop_mean
wheat_combined,07_01,209,2022,wheat_spring,2.657417536880491,3.707475143588196,3.1563,2.6779088961876263,0.9592558356676003,blend_crop_mean
wheat_combined,07_01,210,2022,wheat_spring,3.0655870445344133,3.6663311565300742,3.8599,2.6779088961876263,0.9592558356676003,blend_crop_mean
wheat_combined,07_01,212,2022,wheat_spring,3.1773529411764705,3.7651800995665967,3.0978000000000003,2.6779088961876263,0.9592558356676003,blend_crop_mean
wheat_combined,07_01,215,2022,wheat_spring,2.858987341772152,3.822395824978243,2.9058,2.6779088961876263,0.9592558356676003,blend_crop_mean
wheat_combined,07_01,216,2022,wheat_spring,3.1270270270270273,3.5615959826394343,3.7896,2.6779088961876263,0.9592558356676003,blend_crop_mean
wheat_combined,07_01,217,2022,wheat_spring,3.063725490196078,3.770004583079584,3.4240000000000004,2.6779088961876263,0.9592558356676003,blend_crop_mean
wheat_combined,07_01,218,2022,wheat_spring,2.1723076923076925,3.735685748758011,3.059,2.6779088961876263,0.9592558356676003,blend_crop_mean
wheat_combined,07_01,219,2022,wheat_spring,2.827547619047619,3.3428991481843235,3.0893,2.6779088961876263,0.9592558356676003,blend_crop_mean
wheat_combined,07_01,220,2022,wheat_spring,3.4832,3.7316109873884735,3.0504,2.6779088961876263,0.9592558356676003,blend_crop_mean
wheat_combined,07_01,222,2022,wheat_spring,3.2700483870967743,3.933858017237431,2.65,2.6779088961876263,0.9592558356676003,blend_crop_mean
wheat_combined,07_01,223,2022,wheat_spring,3.2311428571428573,3.6878589823867216,2.9854,2.6779088961876263,0.9592558356676003,blend_crop_mean
wheat_combined,07_01,224,2022,wheat_spring,3.079423076923077,3.6836415691854727,3.1172999999999997,2.6779088961876263,0.9592558356676003,blend_crop_mean
wheat_combined,07_01,226,2022,wheat_spring,1.6934999999999998,3.5430512987930345,3.1174,2.6779088961876263,0.9592558356676003,blend_crop_mean
wheat_combined,07_01,227,2022,wheat_winter,2.217514450867052,3.5253954898722877,2.6258,3.5270951632339247,2.7499887134404513,blend_crop_mean
wheat_combined,07_01,228,2022,wheat_spring,4.564745762711865,3.609822116888536,2.8893999999999997,2.6779088961876263,0.9592558356676003,blend_crop_mean
wheat_combined,07_01,229,2022,wheat_spring,2.841666666666667,2.9945854421249183,2.1967,2.6779088961876263,0.9592558356676003,blend_crop_mean
wheat_combined,07_01,231,2022,wheat_winter,1.5712340425531914,2.8710519317904866,2.1225,3.5270951632339247,2.7499887134404513,blend_crop_mean
wheat_combined,07_01,232,2022,wheat_winter,1.847837837837838,2.9334413788912386,2.2283,3.5270951632339247,2.7499887134404513,blend_crop_mean
wheat_combined,07_01,234,2022,wheat_spring,3.975428571428571,3.404355725070068,3.5385,2.6779088961876263,0.9592558356676003,blend_crop_mean
wheat_combined,07_01,195,2023,wheat_winter,0.8904065040650406,2.7327334927423776,2.4748,3.605240949754569,2.5074975235657324,blend_crop_mean
wheat_combined,07_01,197,2023,wheat_winter,1.0820991253644316,2.566798751570793,2.8075,3.605240949754569,2.5074975235657324,blend_crop_mean
wheat_combined,07_01,207,2023,wheat_winter,1.068974844468488,2.5360739919092303,3.0064,3.605240949754569,2.5074975235657324,blend_crop_mean
wheat_combined,07_01,208,2023,wheat_spring,2.018076923076923,2.8985239447717768,2.0981,2.8347937514606945,1.9927464793583543,blend_crop_mean
wheat_combined,07_01,209,2023,wheat_winter,1.4882148184982598,2.759254403549561,3.1699,3.605240949754569,2.5074975235657324,blend_crop_mean
wheat_combined,07_01,212,2023,wheat_spring,2.9445588235294116,2.3444363983869496,1.7012,2.8347937514606945,1.9927464793583543,blend_crop_mean
wheat_combined,07_01,228,2023,wheat_winter,1.5016949152542372,2.892290226032888,2.3086,3.605240949754569,2.5074975235657324,blend_crop_mean
wheat_combined,07_01,229,2023,wheat_winter,3.443333333333334,2.6539586325763387,2.3579999999999997,3.605240949754569,2.5074975235657324,blend_crop_mean
wheat_combined,07_01,230,2023,wheat_spring,0.9786995515695068,2.2930110142668254,1.466,2.8347937514606945,1.9927464793583543,blend_crop_mean
wheat_combined,07_01,234,2023,wheat_winter,1.7062857142857142,3.284884510940039,2.5372,3.605240949754569,2.5074975235657324,blend_crop_mean
wheat_combined,07_01,210,2024,wheat_winter,5.519493927125506,4.043664010735541,5.6729,3.5237797966522484,2.2877915439212284,blend_crop_mean
wheat_combined,07_01,215,2024,wheat_winter,4.476708860759494,3.494796528619963,4.1198999999999995,3.5237797966522484,2.2877915439212284,blend_crop_mean
wheat_combined,07_01,216,2024,wheat_winter,5.342162162162162,3.7918368963774536,4.7169,3.5237797966522484,2.2877915439212284,blend_crop_mean
wheat_combined,07_01,218,2024,wheat_spring,4.027153846153846,3.962821662589597,3.5061,2.7584835033320987,1.9917490701718887,blend_crop_mean
wheat_combined,07_01,219,2024,wheat_spring,3.6718380952380953,4.075836337078593,4.2484,2.7584835033320987,1.9917490701718887,blend_crop_mean
wheat_combined,07_01,220,2024,wheat_spring,3.12756,3.8973097088159623,3.6352,2.7584835033320987,1.9917490701718887,blend_crop_mean
wheat_combined,07_01,222,2024,wheat_spring,3.6562580645161287,4.035696280798404,3.1422999999999996,2.7584835033320987,1.9917490701718887,blend_crop_mean
wheat_combined,07_01,223,2024,wheat_spring,3.350857142857143,4.002851279609628,3.9329,2.7584835033320987,1.9917490701718887,blend_crop_mean
wheat_combined,07_01,224,2024,wheat_winter,5.0582692307692305,3.6818592269824024,4.3833,3.5237797966522484,2.2877915439212284,blend_crop_mean
wheat_combined,07_01,226,2024,wheat_winter,4.9315,3.8139045952320574,5.2123,3.5237797966522484,2.2877915439212284,blend_crop_mean
wheat_combined,07_01,231,2024,wheat_spring,3.806382978723404,4.07664774845323,3.8621,2.7584835033320987,1.9917490701718887,blend_crop_mean
wheat_combined,07_01,232,2024,wheat_spring,3.330304054054054,3.9694638365585,3.8087,2.7584835033320987,1.9917490701718887,blend_crop_mean
wheat_combined,07_01,195,2025,wheat_spring,2.7195121951219514,3.515028129770454,3.6697,2.7859952931393197,2.8787080396341196,blend_crop_mean
wheat_combined,07_01,197,2025,wheat_spring,3.779416909620991,3.4979043371102327,3.7805,2.7859952931393197,2.8701461433040087,blend_crop_mean
wheat_combined,07_01,208,2025,wheat_spring,3.8430769230769233,3.7251575136152626,2.6100000000000003,2.7859952931393197,2.983772731556524,blend_crop_mean
wheat_combined,07_01,212,2025,wheat_spring,1.7024264705882353,2.7827309689598727,2.3390999999999997,2.7859952931393197,2.5125594592288287,blend_crop_mean
wheat_combined,07_01,217,2025,wheat_spring,2.5629901960784314,3.0295673928181097,2.7976,2.7859952931393197,2.6359776711579475,blend_crop_mean
wheat_combined,07_01,218,2025,wheat_spring,4.112820512820513,3.3713621046894215,2.6811,2.7859952931393197,2.8068750270936036,blend_crop_mean
wheat_combined,07_01,220,2025,wheat_spring,3.3072000000000004,3.681481500275829,3.0496,2.7859952931393197,2.961934724886807,blend_crop_mean
wheat_combined,07_01,228,2025,wheat_spring,3.004576271186441,4.016942200782487,3.2354,2.7859952931393197,3.129665075140136,blend_crop_mean
wheat_combined,07_01,229,2025,wheat_spring,3.5050000000000003,3.637981271828777,3.344,2.7859952931393197,2.940184610663281,blend_crop_mean
wheat_combined,07_01,230,2025,wheat_spring,3.6687443946188343,3.9986658582216954,3.2042,2.7859952931393197,3.1205269038597403,blend_crop_mean
wheat_combined,08_01,207,2019,wheat_spring,3.5799999999999996,3.253603707964428,2.7728,2.7949344889498353,3.253603707964428,peer_raw
wheat_combined,08_01,230,2019,wheat_winter,4.503,3.989663708247505,3.9929,3.518703379214148,3.989663708247505,peer_raw
wheat_combined,08_01,231,2019,wheat_winter,4.303,4.204530862238756,4.2558,3.518703379214148,4.204530862238756,peer_raw
wheat_combined,08_01,232,2019,wheat_winter,3.404,4.143614361965213,4.1161,3.518703379214148,4.143614361965213,peer_raw
wheat_combined,08_01,208,2020,wheat_spring,0.505,2.2709939293112766,1.3906,2.775179717236985,2.2709939293112766,peer_raw
wheat_combined,08_01,210,2020,wheat_winter,0.211,2.714628786809701,2.1218,3.4657804752870542,2.714628786809701,peer_raw
wheat_combined,08_01,211,2020,wheat_winter,0.319,2.707158800932225,2.4044,3.4657804752870542,2.707158800932225,peer_raw
wheat_combined,08_01,213,2020,wheat_spring,0.5780000000000001,2.2539782703815354,1.7556,2.775179717236985,2.2539782703815354,peer_raw
wheat_combined,08_01,214,2020,wheat_spring,0.319,2.282260733892015,1.5097,2.775179717236985,2.282260733892015,peer_raw
wheat_combined,08_01,215,2020,wheat_spring,1.409,3.0230320422576455,1.5953,2.775179717236985,3.0230320422576455,peer_raw
wheat_combined,08_01,216,2020,wheat_spring,1.246,2.438592177065363,2.1373,2.775179717236985,2.438592177065363,peer_raw
wheat_combined,08_01,217,2020,wheat_spring,0.337,2.1663829276417665,1.961,2.775179717236985,2.1663829276417665,peer_raw
wheat_combined,08_01,219,2020,wheat_spring,0.425,2.1463674659016916,1.1434,2.775179717236985,2.1463674659016916,peer_raw
wheat_combined,08_01,220,2020,wheat_spring,0.513,2.875660063937727,1.7675,2.775179717236985,2.875660063937727,peer_raw
wheat_combined,08_01,221,2020,wheat_spring,0.38,2.5773120924372033,2.8632,2.775179717236985,2.5773120924372033,peer_raw
wheat_combined,08_01,222,2020,wheat_spring,0.21,2.2198852316723547,0.9872,2.775179717236985,2.2198852316723547,peer_raw
wheat_combined,08_01,223,2020,wheat_spring,0.21,2.271599778455069,1.126,2.775179717236985,2.271599778455069,peer_raw
wheat_combined,08_01,224,2020,wheat_spring,0.857,2.273597940392847,1.7282,2.775179717236985,2.273597940392847,peer_raw
wheat_combined,08_01,225,2020,wheat_spring,2.335,2.7535568357691376,3.5470999999999995,2.775179717236985,2.7535568357691376,peer_raw
wheat_combined,08_01,226,2020,wheat_spring,0.502,2.263662003647826,1.5046,2.775179717236985,2.263662003647826,peer_raw
wheat_combined,08_01,227,2020,wheat_winter,0.5650000000000001,2.725677175774663,2.2098,3.4657804752870542,2.725677175774663,peer_raw
wheat_combined,08_01,228,2020,wheat_winter,1.3,3.0172386341530473,2.0305,3.4657804752870542,3.0172386341530473,peer_raw
wheat_combined,08_01,229,2020,wheat_winter,3.285,3.003690066679381,2.221,3.4657804752870542,3.003690066679381,peer_raw
wheat_combined,08_01,213,2021,wheat_spring,1.3155714285714286,3.1874319864561755,3.2506,2.7862022677059213,3.1874319864561755,peer_raw
wheat_combined,08_01,214,2021,wheat_spring,1.5857777777777775,3.365117383004927,3.5127,2.7862022677059213,3.365117383004927,peer_raw
wheat_combined,08_01,227,2021,wheat_winter,2.8346242774566472,3.4830024399597415,3.5711,3.569358367455552,3.4830024399597415,peer_raw
wheat_combined,08_01,228,2021,wheat_winter,2.4169491525423727,3.41616382571973,3.7058,3.569358367455552,3.41616382571973,peer_raw
wheat_combined,08_01,229,2021,wheat_winter,2.9450000000000003,3.023379463907111,2.4469000000000003,3.569358367455552,3.023379463907111,peer_raw
wheat_combined,08_01,230,2021,wheat_winter,2.123766816143498,3.5308143733084756,3.134,3.569358367455552,3.5308143733084756,peer_raw
wheat_combined,08_01,231,2021,wheat_winter,3.5069787234042553,3.3346543676911686,3.4015999999999997,3.569358367455552,3.3346543676911686,peer_raw
wheat_combined,08_01,232,2021,wheat_winter,3.2479729729729727,3.467980005786416,2.9818,3.569358367455552,3.467980005786416,peer_raw
wheat_combined,08_01,233,2021,wheat_winter,3.6453846153846152,3.242699901509584,3.4055999999999997,3.569358367455552,3.242699901509584,peer_raw
wheat_combined,08_01,234,2021,wheat_winter,5.389142857142858,3.4462015923745715,3.8293,3.569358367455552,3.4462015923745715,peer_raw
wheat_combined,08_01,195,2022,wheat_winter,2.1216260162601626,3.129294018462978,2.4872,3.5270951632339247,3.129294018462978,peer_raw
wheat_combined,08_01,197,2022,wheat_winter,1.5206997084548106,3.504910561842275,3.2342,3.5270951632339247,3.504910561842275,peer_raw
wheat_combined,08_01,207,2022,wheat_winter,1.8862140474258409,3.08015207614854,2.9544,3.5270951632339247,3.08015207614854,peer_raw
wheat_combined,08_01,208,2022,wheat_spring,2.356923076923077,3.24215074635746,2.5443,2.6779088961876263,3.24215074635746,peer_raw
wheat_combined,08_01,209,2022,wheat_spring,2.657417536880491,3.371111601680542,3.0277000000000003,2.6779088961876263,3.371111601680542,peer_raw
wheat_combined,08_01,210,2022,wheat_spring,3.0655870445344133,3.482951171891494,3.1882,2.6779088961876263,3.482951171891494,peer_raw
wheat_combined,08_01,212,2022,wheat_spring,3.1773529411764705,3.6036925255889543,3.457,2.6779088961876263,3.6036925255889543,peer_raw
wheat_combined,08_01,215,2022,wheat_spring,2.858987341772152,3.021832660522357,2.6435,2.6779088961876263,3.021832660522357,peer_raw
wheat_combined,08_01,216,2022,wheat_spring,3.1270270270270273,3.315793000096564,3.9165,2.6779088961876263,3.315793000096564,peer_raw
wheat_combined,08_01,217,2022,wheat_spring,3.063725490196078,3.1326287168532936,3.319,2.6779088961876263,3.1326287168532936,peer_raw
wheat_combined,08_01,218,2022,wheat_spring,2.1723076923076925,3.036629512866486,2.6648,2.6779088961876263,3.036629512866486,peer_raw
wheat_combined,08_01,219,2022,wheat_spring,2.827547619047619,3.2570625428996185,2.8246,2.6779088961876263,3.2570625428996185,peer_raw
wheat_combined,08_01,220,2022,wheat_spring,3.4832,3.7224332943247935,4.2787999999999995,2.6779088961876263,3.7224332943247935,peer_raw
wheat_combined,08_01,222,2022,wheat_spring,3.2700483870967743,3.6857372704347897,2.977,2.6779088961876263,3.6857372704347897,peer_raw
wheat_combined,08_01,223,2022,wheat_spring,3.2311428571428573,3.259138830472236,3.0817,2.6779088961876263,3.259138830472236,peer_raw
wheat_combined,08_01,224,2022,wheat_spring,3.079423076923077,3.2050657127469755,3.5203,2.6779088961876263,3.2050657127469755,peer_raw
wheat_combined,08_01,226,2022,wheat_spring,1.6934999999999998,3.398590023893898,2.5872,2.6779088961876263,3.398590023893898,peer_raw
wheat_combined,08_01,227,2022,wheat_winter,2.217514450867052,3.2005559188784316,3.2383,3.5270951632339247,3.2005559188784316,peer_raw
wheat_combined,08_01,228,2022,wheat_spring,4.564745762711865,3.123351751198266,3.4387,2.6779088961876263,3.123351751198266,peer_raw
wheat_combined,08_01,229,2022,wheat_spring,2.841666666666667,2.672947898624948,3.0135,2.6779088961876263,2.672947898624948,peer_raw
wheat_combined,08_01,231,2022,wheat_winter,1.5712340425531914,2.676773261796741,2.288,3.5270951632339247,2.676773261796741,peer_raw
wheat_combined,08_01,232,2022,wheat_winter,1.847837837837838,2.457542246259546,1.8508,3.5270951632339247,2.457542246259546,peer_raw
wheat_combined,08_01,234,2022,wheat_spring,3.975428571428571,2.9971551447176568,3.5832,2.6779088961876263,2.9971551447176568,peer_raw
wheat_combined,08_01,195,2023,wheat_winter,0.8904065040650406,2.3483131014624954,1.8031,3.605240949754569,2.3483131014624954,peer_raw
wheat_combined,08_01,197,2023,wheat_winter,1.0820991253644316,2.3438720577146346,2.1736999999999997,3.605240949754569,2.3438720577146346,peer_raw
wheat_combined,08_01,207,2023,wheat_winter,1.068974844468488,2.4181178676301345,2.1542000000000003,3.605240949754569,2.4181178676301345,peer_raw
wheat_combined,08_01,208,2023,wheat_spring,2.018076923076923,2.385698966321504,1.6263999999999998,2.8347937514606945,2.385698966321504,peer_raw
wheat_combined,08_01,209,2023,wheat_winter,1.4882148184982598,2.3430214678176315,3.0968,3.605240949754569,2.3430214678176315,peer_raw
wheat_combined,08_01,212,2023,wheat_spring,2.9445588235294116,2.142519314087738,2.6809000000000003,2.8347937514606945,2.142519314087738,peer_raw
wheat_combined,08_01,228,2023,wheat_winter,1.5016949152542372,2.482498906654195,2.2995,3.605240949754569,2.482498906654195,peer_raw
wheat_combined,08_01,229,2023,wheat_winter,3.443333333333334,2.5854532687813947,2.076,3.605240949754569,2.5854532687813947,peer_raw
wheat_combined,08_01,230,2023,wheat_spring,0.9786995515695068,2.0694282518334175,2.1049,2.8347937514606945,2.0694282518334175,peer_raw
wheat_combined,08_01,234,2023,wheat_winter,1.7062857142857142,2.9084997353515964,2.4153,3.605240949754569,2.9084997353515964,peer_raw
wheat_combined,08_01,210,2024,wheat_winter,5.519493927125506,4.549591085114406,5.754099999999999,3.5237797966522484,4.549591085114406,peer_raw
wheat_combined,08_01,215,2024,wheat_winter,4.476708860759494,3.897422426699216,4.2056,3.5237797966522484,3.897422426699216,peer_raw
wheat_combined,08_01,216,2024,wheat_winter,5.342162162162162,4.213122317785523,5.3586,3.5237797966522484,4.213122317785523,peer_raw
wheat_combined,08_01,218,2024,wheat_spring,4.027153846153846,3.6697703504013353,3.3049,2.7584835033320987,3.6697703504013353,peer_raw
wheat_combined,08_01,219,2024,wheat_spring,3.6718380952380953,3.7020122488046465,4.2143999999999995,2.7584835033320987,3.7020122488046465,peer_raw
wheat_combined,08_01,220,2024,wheat_spring,3.12756,3.8907920197536985,3.7114,2.7584835033320987,3.8907920197536985,peer_raw
wheat_combined,08_01,222,2024,wheat_spring,3.6562580645161287,3.8449931392560184,4.2654000000000005,2.7584835033320987,3.8449931392560184,peer_raw
wheat_combined,08_01,223,2024,wheat_spring,3.350857142857143,3.7022561063920607,3.5340000000000003,2.7584835033320987,3.7022561063920607,peer_raw
wheat_combined,08_01,224,2024,wheat_winter,5.0582692307692305,4.29596922343876,4.9363,3.5237797966522484,4.29596922343876,peer_raw
wheat_combined,08_01,226,2024,wheat_winter,4.9315,4.27166007022205,4.5445,3.5237797966522484,4.27166007022205,peer_raw
wheat_combined,08_01,231,2024,wheat_spring,3.806382978723404,3.97590520299252,4.3306,2.7584835033320987,3.97590520299252,peer_raw
wheat_combined,08_01,232,2024,wheat_spring,3.330304054054054,3.812895179945998,4.5228,2.7584835033320987,3.812895179945998,peer_raw
wheat_combined,08_01,195,2025,wheat_spring,2.7195121951219514,3.513272876327878,2.8708,2.7859952931393197,3.513272876327878,peer_raw
wheat_combined,08_01,197,2025,wheat_spring,3.779416909620991,3.661996082026117,3.4404000000000003,2.7859952931393197,3.661996082026117,peer_raw
wheat_combined,08_01,208,2025,wheat_spring,3.8430769230769233,3.809226991113273,3.0721,2.7859952931393197,3.809226991113273,peer_raw
wheat_combined,08_01,212,2025,wheat_spring,1.7024264705882353,3.2735430500673206,2.8967,2.7859952931393197,3.2735430500673206,peer_raw
wheat_combined,08_01,217,2025,wheat_spring,2.5629901960784314,3.2764632770105555,2.7186,2.7859952931393197,3.2764632770105555,peer_raw
wheat_combined,08_01,218,2025,wheat_spring,4.112820512820513,3.683688459238189,2.6460999999999997,2.7859952931393197,3.683688459238189,peer_raw
wheat_combined,08_01,220,2025,wheat_spring,3.3072000000000004,3.791611955863634,3.6214,2.7859952931393197,3.791611955863634,peer_raw
wheat_combined,08_01,228,2025,wheat_spring,3.004576271186441,3.6802802497349303,3.5229999999999997,2.7859952931393197,3.6802802497349303,peer_raw
wheat_combined,08_01,229,2025,wheat_spring,3.5050000000000003,3.274751160850239,3.1488,2.7859952931393197,3.274751160850239,peer_raw
wheat_combined,08_01,230,2025,wheat_spring,3.6687443946188343,3.8128497250876,2.9788,2.7859952931393197,3.8128497250876,peer_raw
wheat_combined,08_01,207,2019,wheat_spring,3.5799999999999996,3.253603707964428,2.7728,2.7949344889498353,3.253603707964428,residual_global
wheat_combined,08_01,230,2019,wheat_winter,4.503,3.989663708247505,3.9929,3.518703379214148,3.989663708247505,residual_global
wheat_combined,08_01,231,2019,wheat_winter,4.303,4.204530862238756,4.2558,3.518703379214148,4.204530862238756,residual_global
wheat_combined,08_01,232,2019,wheat_winter,3.404,4.143614361965213,4.1161,3.518703379214148,4.143614361965213,residual_global
wheat_combined,08_01,208,2020,wheat_spring,0.505,2.2709939293112766,1.3906,2.775179717236985,2.2709939293112766,residual_global
wheat_combined,08_01,210,2020,wheat_winter,0.211,2.714628786809701,2.1218,3.4657804752870542,2.714628786809701,residual_global
wheat_combined,08_01,211,2020,wheat_winter,0.319,2.707158800932225,2.4044,3.4657804752870542,2.707158800932225,residual_global
wheat_combined,08_01,213,2020,wheat_spring,0.5780000000000001,2.2539782703815354,1.7556,2.775179717236985,2.2539782703815354,residual_global
wheat_combined,08_01,214,2020,wheat_spring,0.319,2.282260733892015,1.5097,2.775179717236985,2.282260733892015,residual_global
wheat_combined,08_01,215,2020,wheat_spring,1.409,3.0230320422576455,1.5953,2.775179717236985,3.0230320422576455,residual_global
wheat_combined,08_01,216,2020,wheat_spring,1.246,2.438592177065363,2.1373,2.775179717236985,2.438592177065363,residual_global
wheat_combined,08_01,217,2020,wheat_spring,0.337,2.1663829276417665,1.961,2.775179717236985,2.1663829276417665,residual_global
wheat_combined,08_01,219,2020,wheat_spring,0.425,2.1463674659016916,1.1434,2.775179717236985,2.1463674659016916,residual_global
wheat_combined,08_01,220,2020,wheat_spring,0.513,2.875660063937727,1.7675,2.775179717236985,2.875660063937727,residual_global
wheat_combined,08_01,221,2020,wheat_spring,0.38,2.5773120924372033,2.8632,2.775179717236985,2.5773120924372033,residual_global
wheat_combined,08_01,222,2020,wheat_spring,0.21,2.2198852316723547,0.9872,2.775179717236985,2.2198852316723547,residual_global
wheat_combined,08_01,223,2020,wheat_spring,0.21,2.271599778455069,1.126,2.775179717236985,2.271599778455069,residual_global
wheat_combined,08_01,224,2020,wheat_spring,0.857,2.273597940392847,1.7282,2.775179717236985,2.273597940392847,residual_global
wheat_combined,08_01,225,2020,wheat_spring,2.335,2.7535568357691376,3.5470999999999995,2.775179717236985,2.7535568357691376,residual_global
wheat_combined,08_01,226,2020,wheat_spring,0.502,2.263662003647826,1.5046,2.775179717236985,2.263662003647826,residual_global
wheat_combined,08_01,227,2020,wheat_winter,0.5650000000000001,2.725677175774663,2.2098,3.4657804752870542,2.725677175774663,residual_global
wheat_combined,08_01,228,2020,wheat_winter,1.3,3.0172386341530473,2.0305,3.4657804752870542,3.0172386341530473,residual_global
wheat_combined,08_01,229,2020,wheat_winter,3.285,3.003690066679381,2.221,3.4657804752870542,3.003690066679381,residual_global
wheat_combined,08_01,213,2021,wheat_spring,1.3155714285714286,3.1874319864561755,3.2506,2.7862022677059213,1.7839238300418983,residual_global
wheat_combined,08_01,214,2021,wheat_spring,1.5857777777777775,3.365117383004927,3.5127,2.7862022677059213,1.9616092265906497,residual_global
wheat_combined,08_01,227,2021,wheat_winter,2.8346242774566472,3.4830024399597415,3.5711,3.569358367455552,2.079494283545464,residual_global
wheat_combined,08_01,228,2021,wheat_winter,2.4169491525423727,3.41616382571973,3.7058,3.569358367455552,2.0126556693054525,residual_global
wheat_combined,08_01,229,2021,wheat_winter,2.9450000000000003,3.023379463907111,2.4469000000000003,3.569358367455552,1.619871307492834,residual_global
wheat_combined,08_01,230,2021,wheat_winter,2.123766816143498,3.5308143733084756,3.134,3.569358367455552,2.1273062168941985,residual_global
wheat_combined,08_01,231,2021,wheat_winter,3.5069787234042553,3.3346543676911686,3.4015999999999997,3.569358367455552,1.9311462112768913,residual_global
wheat_combined,08_01,232,2021,wheat_winter,3.2479729729729727,3.467980005786416,2.9818,3.569358367455552,2.064471849372139,residual_global
wheat_combined,08_01,233,2021,wheat_winter,3.6453846153846152,3.242699901509584,3.4055999999999997,3.569358367455552,1.8391917450953066,residual_global
wheat_combined,08_01,234,2021,wheat_winter,5.389142857142858,3.4462015923745715,3.8293,3.569358367455552,2.0426934359602944,residual_global
wheat_combined,08_01,195,2022,wheat_winter,2.1216260162601626,3.129294018462978,2.4872,3.5270951632339247,2.015143584649346,residual_global
wheat_combined,08_01,197,2022,wheat_winter,1.5206997084548106,3.504910561842275,3.2342,3.5270951632339247,2.390760128028643,residual_global
wheat_combined,08_01,207,2022,wheat_winter,1.8862140474258409,3.08015207614854,2.9544,3.5270951632339247,1.966001642334908,residual_global
wheat_combined,08_01,208,2022,wheat_spring,2.356923076923077,3.24215074635746,2.5443,2.6779088961876263,2.1280003125438283,residual_global
wheat_combined,08_01,209,2022,wheat_spring,2.657417536880491,3.371111601680542,3.0277000000000003,2.6779088961876263,2.25696116786691,residual_global
wheat_combined,08_01,210,2022,wheat_spring,3.0655870445344133,3.482951171891494,3.1882,2.6779088961876263,2.368800738077862,residual_global
wheat_combined,08_01,212,2022,wheat_spring,3.1773529411764705,3.6036925255889543,3.457,2.6779088961876263,2.4895420917753226,residual_global
wheat_combined,08_01,215,2022,wheat_spring,2.858987341772152,3.021832660522357,2.6435,2.6779088961876263,1.9076822267087252,residual_global
wheat_combined,08_01,216,2022,wheat_spring,3.1270270270270273,3.315793000096564,3.9165,2.6779088961876263,2.201642566282932,residual_global
wheat_combined,08_01,217,2022,wheat_spring,3.063725490196078,3.1326287168532936,3.319,2.6779088961876263,2.018478283039662,residual_global
wheat_combined,08_01,218,2022,wheat_spring,2.1723076923076925,3.036629512866486,2.6648,2.6779088961876263,1.9224790790528543,residual_global
wheat_combined,08_01,219,2022,wheat_spring,2.827547619047619,3.2570625428996185,2.8246,2.6779088961876263,2.1429121090859864,residual_global
wheat_combined,08_01,220,2022,wheat_spring,3.4832,3.7224332943247935,4.2787999999999995,2.6779088961876263,2.608282860511162,residual_global
wheat_combined,08_01,222,2022,wheat_spring,3.2700483870967743,3.6857372704347897,2.977,2.6779088961876263,2.571586836621158,residual_global
wheat_combined,08_01,223,2022,wheat_spring,3.2311428571428573,3.259138830472236,3.0817,2.6779088961876263,2.1449883966586043,residual_global
wheat_combined,08_01,224,2022,wheat_spring,3.079423076923077,3.2050657127469755,3.5203,2.6779088961876263,2.090915278933344,residual_global
wheat_combined,08_01,226,2022,wheat_spring,1.6934999999999998,3.398590023893898,2.5872,2.6779088961876263,2.2844395900802663,residual_global
wheat_combined,08_01,227,2022,wheat_winter,2.217514450867052,3.2005559188784316,3.2383,3.5270951632339247,2.0864054850648,residual_global
wheat_combined,08_01,228,2022,wheat_spring,4.564745762711865,3.123351751198266,3.4387,2.6779088961876263,2.009201317384634,residual_global
wheat_combined,08_01,229,2022,wheat_spring,2.841666666666667,2.672947898624948,3.0135,2.6779088961876263,1.558797464811316,residual_global
wheat_combined,08_01,231,2022,wheat_winter,1.5712340425531914,2.676773261796741,2.288,3.5270951632339247,1.5626228279831091,residual_global
wheat_combined,08_01,232,2022,wheat_winter,1.847837837837838,2.457542246259546,1.8508,3.5270951632339247,1.3433918124459143,residual_global
wheat_combined,08_01,234,2022,wheat_spring,3.975428571428571,2.9971551447176568,3.5832,2.6779088961876263,1.8830047109040249,residual_global
wheat_combined,08_01,195,2023,wheat_winter,0.8904065040650406,2.3483131014624954,1.8031,3.605240949754569,1.4959326084415139,residual_global
wheat_combined,08_01,197,2023,wheat_winter,1.0820991253644316,2.3438720577146346,2.1736999999999997,3.605240949754569,1.491491564693653,residual_global
wheat_combined,08_01,207,2023,wheat_winter,1.068974844468488,2.4181178676301345,2.1542000000000003,3.605240949754569,1.565737374609153,residual_global
wheat_combined,08_01,208,2023,wheat_spring,2.018076923076923,2.385698966321504,1.6263999999999998,2.8347937514606945,1.5333184733005223,residual_global
wheat_combined,08_01,209,2023,wheat_winter,1.4882148184982598,2.3430214678176315,3.0968,3.605240949754569,1.49064097479665,residual_global
wheat_combined,08_01,212,2023,wheat_spring,2.9445588235294116,2.142519314087738,2.6809000000000003,2.8347937514606945,1.2901388210667566,residual_global
wheat_combined,08_01,228,2023,wheat_winter,1.5016949152542372,2.482498906654195,2.2995,3.605240949754569,1.6301184136332134,residual_global
wheat_combined,08_01,229,2023,wheat_winter,3.443333333333334,2.5854532687813947,2.076,3.605240949754569,1.7330727757604132,residual_global
wheat_combined,08_01,230,2023,wheat_spring,0.9786995515695068,2.0694282518334175,2.1049,2.8347937514606945,1.217047758812436,residual_global
wheat_combined,08_01,234,2023,wheat_winter,1.7062857142857142,2.9084997353515964,2.4153,3.605240949754569,2.056119242330615,residual_global
wheat_combined,08_01,210,2024,wheat_winter,5.519493927125506,4.549591085114406,5.754099999999999,3.5237797966522484,3.721736751881309,residual_global
wheat_combined,08_01,215,2024,wheat_winter,4.476708860759494,3.897422426699216,4.2056,3.5237797966522484,3.0695680934661196,residual_global
wheat_combined,08_01,216,2024,wheat_winter,5.342162162162162,4.213122317785523,5.3586,3.5237797966522484,3.385267984552426,residual_global
wheat_combined,08_01,218,2024,wheat_spring,4.027153846153846,3.6697703504013353,3.3049,2.7584835033320987,2.8419160171682387,residual_global
wheat_combined,08_01,219,2024,wheat_spring,3.6718380952380953,3.7020122488046465,4.2143999999999995,2.7584835033320987,2.87415791557155,residual_global
wheat_combined,08_01,220,2024,wheat_spring,3.12756,3.8907920197536985,3.7114,2.7584835033320987,3.062937686520602,residual_global
wheat_combined,08_01,222,2024,wheat_spring,3.6562580645161287,3.8449931392560184,4.2654000000000005,2.7584835033320987,3.017138806022922,residual_global
wheat_combined,08_01,223,2024,wheat_spring,3.350857142857143,3.7022561063920607,3.5340000000000003,2.7584835033320987,2.874401773158964,residual_global
wheat_combined,08_01,224,2024,wheat_winter,5.0582692307692305,4.29596922343876,4.9363,3.5237797966522484,3.4681148902056638,residual_global
wheat_combined,08_01,226,2024,wheat_winter,4.9315,4.27166007022205,4.5445,3.5237797966522484,3.4438057369889536,residual_global
wheat_combined,08_01,231,2024,wheat_spring,3.806382978723404,3.97590520299252,4.3306,2.7584835033320987,3.1480508697594236,residual_global
wheat_combined,08_01,232,2024,wheat_spring,3.330304054054054,3.812895179945998,4.5228,2.7584835033320987,2.9850408467129013,residual_global
wheat_combined,08_01,195,2025,wheat_spring,2.7195121951219514,3.513272876327878,2.8708,2.7859952931393197,2.8444743250223454,residual_global
wheat_combined,08_01,197,2025,wheat_spring,3.779416909620991,3.661996082026117,3.4404000000000003,2.7859952931393197,2.9931975307205843,residual_global
wheat_combined,08_01,208,2025,wheat_spring,3.8430769230769233,3.809226991113273,3.0721,2.7859952931393197,3.1404284398077404,residual_global
wheat_combined,08_01,212,2025,wheat_spring,1.7024264705882353,3.2735430500673206,2.8967,2.7859952931393197,2.604744498761788,residual_global
wheat_combined,08_01,217,2025,wheat_spring,2.5629901960784314,3.2764632770105555,2.7186,2.7859952931393197,2.607664725705023,residual_global
wheat_combined,08_01,218,2025,wheat_spring,4.112820512820513,3.683688459238189,2.6460999999999997,2.7859952931393197,3.0148899079326563,residual_global
wheat_combined,08_01,220,2025,wheat_spring,3.3072000000000004,3.791611955863634,3.6214,2.7859952931393197,3.1228134045581015,residual_global
wheat_combined,08_01,228,2025,wheat_spring,3.004576271186441,3.6802802497349303,3.5229999999999997,2.7859952931393197,3.0114816984293977,residual_global
wheat_combined,08_01,229,2025,wheat_spring,3.5050000000000003,3.274751160850239,3.1488,2.7859952931393197,2.6059526095447065,residual_global
wheat_combined,08_01,230,2025,wheat_spring,3.6687443946188343,3.8128497250876,2.9788,2.7859952931393197,3.1440511737820676,residual_global
wheat_combined,08_01,207,2019,wheat_spring,3.5799999999999996,3.253603707964428,2.7728,2.7949344889498353,3.253603707964428,residual_crop
wheat_combined,08_01,230,2019,wheat_winter,4.503,3.989663708247505,3.9929,3.518703379214148,3.989663708247505,residual_crop
wheat_combined,08_01,231,2019,wheat_winter,4.303,4.204530862238756,4.2558,3.518703379214148,4.204530862238756,residual_crop
wheat_combined,08_01,232,2019,wheat_winter,3.404,4.143614361965213,4.1161,3.518703379214148,4.143614361965213,residual_crop
wheat_combined,08_01,208,2020,wheat_spring,0.505,2.2709939293112766,1.3906,2.775179717236985,2.2709939293112766,residual_crop
wheat_combined,08_01,210,2020,wheat_winter,0.211,2.714628786809701,2.1218,3.4657804752870542,2.714628786809701,residual_crop
wheat_combined,08_01,211,2020,wheat_winter,0.319,2.707158800932225,2.4044,3.4657804752870542,2.707158800932225,residual_crop
wheat_combined,08_01,213,2020,wheat_spring,0.5780000000000001,2.2539782703815354,1.7556,2.775179717236985,2.2539782703815354,residual_crop
wheat_combined,08_01,214,2020,wheat_spring,0.319,2.282260733892015,1.5097,2.775179717236985,2.282260733892015,residual_crop
wheat_combined,08_01,215,2020,wheat_spring,1.409,3.0230320422576455,1.5953,2.775179717236985,3.0230320422576455,residual_crop
wheat_combined,08_01,216,2020,wheat_spring,1.246,2.438592177065363,2.1373,2.775179717236985,2.438592177065363,residual_crop
wheat_combined,08_01,217,2020,wheat_spring,0.337,2.1663829276417665,1.961,2.775179717236985,2.1663829276417665,residual_crop
wheat_combined,08_01,219,2020,wheat_spring,0.425,2.1463674659016916,1.1434,2.775179717236985,2.1463674659016916,residual_crop
wheat_combined,08_01,220,2020,wheat_spring,0.513,2.875660063937727,1.7675,2.775179717236985,2.875660063937727,residual_crop
wheat_combined,08_01,221,2020,wheat_spring,0.38,2.5773120924372033,2.8632,2.775179717236985,2.5773120924372033,residual_crop
wheat_combined,08_01,222,2020,wheat_spring,0.21,2.2198852316723547,0.9872,2.775179717236985,2.2198852316723547,residual_crop
wheat_combined,08_01,223,2020,wheat_spring,0.21,2.271599778455069,1.126,2.775179717236985,2.271599778455069,residual_crop
wheat_combined,08_01,224,2020,wheat_spring,0.857,2.273597940392847,1.7282,2.775179717236985,2.273597940392847,residual_crop
wheat_combined,08_01,225,2020,wheat_spring,2.335,2.7535568357691376,3.5470999999999995,2.775179717236985,2.7535568357691376,residual_crop
wheat_combined,08_01,226,2020,wheat_spring,0.502,2.263662003647826,1.5046,2.775179717236985,2.263662003647826,residual_crop
wheat_combined,08_01,227,2020,wheat_winter,0.5650000000000001,2.725677175774663,2.2098,3.4657804752870542,2.725677175774663,residual_crop
wheat_combined,08_01,228,2020,wheat_winter,1.3,3.0172386341530473,2.0305,3.4657804752870542,3.0172386341530473,residual_crop
wheat_combined,08_01,229,2020,wheat_winter,3.285,3.003690066679381,2.221,3.4657804752870542,3.003690066679381,residual_crop
wheat_combined,08_01,213,2021,wheat_spring,1.3155714285714286,3.1874319864561755,3.2506,2.7862022677059213,1.609799639740983,residual_crop
wheat_combined,08_01,214,2021,wheat_spring,1.5857777777777775,3.365117383004927,3.5127,2.7862022677059213,1.7874850362897345,residual_crop
wheat_combined,08_01,227,2021,wheat_winter,2.8346242774566472,3.4830024399597415,3.5711,3.569358367455552,2.4059771403596804,residual_crop
wheat_combined,08_01,228,2021,wheat_winter,2.4169491525423727,3.41616382571973,3.7058,3.569358367455552,2.339138526119669,residual_crop
wheat_combined,08_01,229,2021,wheat_winter,2.9450000000000003,3.023379463907111,2.4469000000000003,3.569358367455552,1.9463541643070499,residual_crop
wheat_combined,08_01,230,2021,wheat_winter,2.123766816143498,3.5308143733084756,3.134,3.569358367455552,2.453789073708414,residual_crop
wheat_combined,08_01,231,2021,wheat_winter,3.5069787234042553,3.3346543676911686,3.4015999999999997,3.569358367455552,2.2576290680911075,residual_crop
wheat_combined,08_01,232,2021,wheat_winter,3.2479729729729727,3.467980005786416,2.9818,3.569358367455552,2.3909547061863545,residual_crop
wheat_combined,08_01,233,2021,wheat_winter,3.6453846153846152,3.242699901509584,3.4055999999999997,3.569358367455552,2.1656746019095223,residual_crop
wheat_combined,08_01,234,2021,wheat_winter,5.389142857142858,3.4462015923745715,3.8293,3.569358367455552,2.36917629277451,residual_crop
wheat_combined,08_01,195,2022,wheat_winter,2.1216260162601626,3.129294018462978,2.4872,3.5270951632339247,2.5385890839623486,residual_crop
wheat_combined,08_01,197,2022,wheat_winter,1.5206997084548106,3.504910561842275,3.2342,3.5270951632339247,2.9142056273416457,residual_crop
wheat_combined,08_01,207,2022,wheat_winter,1.8862140474258409,3.08015207614854,2.9544,3.5270951632339247,2.4894471416479105,residual_crop
wheat_combined,08_01,208,2022,wheat_spring,2.356923076923077,3.24215074635746,2.5443,2.6779088961876263,1.6353457249551198,residual_crop
wheat_combined,08_01,209,2022,wheat_spring,2.657417536880491,3.371111601680542,3.0277000000000003,2.6779088961876263,1.7643065802782016,residual_crop
wheat_combined,08_01,210,2022,wheat_spring,3.0655870445344133,3.482951171891494,3.1882,2.6779088961876263,1.8761461504891537,residual_crop
wheat_combined,08_01,212,2022,wheat_spring,3.1773529411764705,3.6036925255889543,3.457,2.6779088961876263,1.996887504186614,residual_crop
wheat_combined,08_01,215,2022,wheat_spring,2.858987341772152,3.021832660522357,2.6435,2.6779088961876263,1.415027639120017,residual_crop
wheat_combined,08_01,216,2022,wheat_spring,3.1270270270270273,3.315793000096564,3.9165,2.6779088961876263,1.7089879786942237,residual_crop
wheat_combined,08_01,217,2022,wheat_spring,3.063725490196078,3.1326287168532936,3.319,2.6779088961876263,1.5258236954509534,residual_crop
wheat_combined,08_01,218,2022,wheat_spring,2.1723076923076925,3.036629512866486,2.6648,2.6779088961876263,1.429824491464146,residual_crop
wheat_combined,08_01,219,2022,wheat_spring,2.827547619047619,3.2570625428996185,2.8246,2.6779088961876263,1.6502575214972783,residual_crop
wheat_combined,08_01,220,2022,wheat_spring,3.4832,3.7224332943247935,4.2787999999999995,2.6779088961876263,2.1156282729224536,residual_crop
wheat_combined,08_01,222,2022,wheat_spring,3.2700483870967743,3.6857372704347897,2.977,2.6779088961876263,2.0789322490324498,residual_crop
wheat_combined,08_01,223,2022,wheat_spring,3.2311428571428573,3.259138830472236,3.0817,2.6779088961876263,1.6523338090698958,residual_crop
wheat_combined,08_01,224,2022,wheat_spring,3.079423076923077,3.2050657127469755,3.5203,2.6779088961876263,1.5982606913446353,residual_crop
wheat_combined,08_01,226,2022,wheat_spring,1.6934999999999998,3.398590023893898,2.5872,2.6779088961876263,1.7917850024915578,residual_crop
wheat_combined,08_01,227,2022,wheat_winter,2.217514450867052,3.2005559188784316,3.2383,3.5270951632339247,2.609850984377802,residual_crop
wheat_combined,08_01,228,2022,wheat_spring,4.564745762711865,3.123351751198266,3.4387,2.6779088961876263,1.5165467297959256,residual_crop
wheat_combined,08_01,229,2022,wheat_spring,2.841666666666667,2.672947898624948,3.0135,2.6779088961876263,1.0661428772226078,residual_crop
wheat_combined,08_01,231,2022,wheat_winter,1.5712340425531914,2.676773261796741,2.288,3.5270951632339247,2.0860683272961116,residual_crop
wheat_combined,08_01,232,2022,wheat_winter,1.847837837837838,2.457542246259546,1.8508,3.5270951632339247,1.8668373117589168,residual_crop
wheat_combined,08_01,234,2022,wheat_spring,3.975428571428571,2.9971551447176568,3.5832,2.6779088961876263,1.3903501233153166,residual_crop
wheat_combined,08_01,195,2023,wheat_winter,0.8904065040650406,2.3483131014624954,1.8031,3.605240949754569,1.6057957863716004,residual_crop
wheat_combined,08_01,197,2023,wheat_winter,1.0820991253644316,2.3438720577146346,2.1736999999999997,3.605240949754569,1.6013547426237396,residual_crop
wheat_combined,08_01,207,2023,wheat_winter,1.068974844468488,2.4181178676301345,2.1542000000000003,3.605240949754569,1.6756005525392395,residual_crop
wheat_combined,08_01,208,2023,wheat_spring,2.018076923076923,2.385698966321504,1.6263999999999998,2.8347937514606945,1.4622305346398776,residual_crop
wheat_combined,08_01,209,2023,wheat_winter,1.4882148184982598,2.3430214678176315,3.0968,3.605240949754569,1.6005041527267365,residual_crop
wheat_combined,08_01,212,2023,wheat_spring,2.9445588235294116,2.142519314087738,2.6809000000000003,2.8347937514606945,1.219050882406112,residual_crop
wheat_combined,08_01,228,2023,wheat_winter,1.5016949152542372,2.482498906654195,2.2995,3.605240949754569,1.7399815915633,residual_crop
wheat_combined,08_01,229,2023,wheat_winter,3.443333333333334,2.5854532687813947,2.076,3.605240949754569,1.8429359536904997,residual_crop
wheat_combined,08_01,230,2023,wheat_spring,0.9786995515695068,2.0694282518334175,2.1049,2.8347937514606945,1.1459598201517913,residual_crop
wheat_combined,08_01,234,2023,wheat_winter,1.7062857142857142,2.9084997353515964,2.4153,3.605240949754569,2.1659824202607014,residual_crop
wheat_combined,08_01,210,2024,wheat_winter,5.519493927125506,4.549591085114406,5.754099999999999,3.5237797966522484,3.7708273581439826,residual_crop
wheat_combined,08_01,215,2024,wheat_winter,4.476708860759494,3.897422426699216,4.2056,3.5237797966522484,3.118658699728793,residual_crop
wheat_combined,08_01,216,2024,wheat_winter,5.342162162162162,4.213122317785523,5.3586,3.5237797966522484,3.4343585908150995,residual_crop
wheat_combined,08_01,218,2024,wheat_spring,4.027153846153846,3.6697703504013353,3.3049,2.7584835033320987,2.8034395960434404,residual_crop
wheat_combined,08_01,219,2024,wheat_spring,3.6718380952380953,3.7020122488046465,4.2143999999999995,2.7584835033320987,2.8356814944467517,residual_crop
wheat_combined,08_01,220,2024,wheat_spring,3.12756,3.8907920197536985,3.7114,2.7584835033320987,3.0244612653958036,residual_crop
wheat_combined,08_01,222,2024,wheat_spring,3.6562580645161287,3.8449931392560184,4.2654000000000005,2.7584835033320987,2.9786623848981235,residual_crop
wheat_combined,08_01,223,2024,wheat_spring,3.350857142857143,3.7022561063920607,3.5340000000000003,2.7584835033320987,2.835925352034166,residual_crop
wheat_combined,08_01,224,2024,wheat_winter,5.0582692307692305,4.29596922343876,4.9363,3.5237797966522484,3.5172054964683372,residual_crop
wheat_combined,08_01,226,2024,wheat_winter,4.9315,4.27166007022205,4.5445,3.5237797966522484,3.492896343251627,residual_crop
wheat_combined,08_01,231,2024,wheat_spring,3.806382978723404,3.97590520299252,4.3306,2.7584835033320987,3.1095744486346253,residual_crop
wheat_combined,08_01,232,2024,wheat_spring,3.330304054054054,3.812895179945998,4.5228,2.7584835033320987,2.946564425588103,residual_crop
wheat_combined,08_01,195,2025,wheat_spring,2.7195121951219514,3.513272876327878,2.8708,2.7859952931393197,2.7477613313904756,residual_crop
wheat_combined,08_01,197,2025,wheat_spring,3.779416909620991,3.661996082026117,3.4404000000000003,2.7859952931393197,2.8964845370887145,residual_crop
wheat_combined,08_01,208,2025,wheat_spring,3.8430769230769233,3.809226991113273,3.0721,2.7859952931393197,3.0437154461758706,residual_crop
wheat_combined,08_01,212,2025,wheat_spring,1.7024264705882353,3.2735430500673206,2.8967,2.7859952931393197,2.5080315051299182,residual_crop
wheat_combined,08_01,217,2025,wheat_spring,2.5629901960784314,3.2764632770105555,2.7186,2.7859952931393197,2.510951732073153,residual_crop
wheat_combined,08_01,218,2025,wheat_spring,4.112820512820513,3.683688459238189,2.6460999999999997,2.7859952931393197,2.9181769143007865,residual_crop
wheat_combined,08_01,220,2025,wheat_spring,3.3072000000000004,3.791611955863634,3.6214,2.7859952931393197,3.0261004109262317,residual_crop
wheat_combined,08_01,228,2025,wheat_spring,3.004576271186441,3.6802802497349303,3.5229999999999997,2.7859952931393197,2.914768704797528,residual_crop
wheat_combined,08_01,229,2025,wheat_spring,3.5050000000000003,3.274751160850239,3.1488,2.7859952931393197,2.5092396159128367,residual_crop
wheat_combined,08_01,230,2025,wheat_spring,3.6687443946188343,3.8128497250876,2.9788,2.7859952931393197,3.0473381801501978,residual_crop
wheat_combined,08_01,207,2019,wheat_spring,3.5799999999999996,3.253603707964428,2.7728,2.7949344889498353,3.253603707964428,linear_global
wheat_combined,08_01,230,2019,wheat_winter,4.503,3.989663708247505,3.9929,3.518703379214148,3.989663708247505,linear_global
wheat_combined,08_01,231,2019,wheat_winter,4.303,4.204530862238756,4.2558,3.518703379214148,4.204530862238756,linear_global
wheat_combined,08_01,232,2019,wheat_winter,3.404,4.143614361965213,4.1161,3.518703379214148,4.143614361965213,linear_global
wheat_combined,08_01,208,2020,wheat_spring,0.505,2.2709939293112766,1.3906,2.775179717236985,2.2709939293112766,linear_global
wheat_combined,08_01,210,2020,wheat_winter,0.211,2.714628786809701,2.1218,3.4657804752870542,2.714628786809701,linear_global
wheat_combined,08_01,211,2020,wheat_winter,0.319,2.707158800932225,2.4044,3.4657804752870542,2.707158800932225,linear_global
wheat_combined,08_01,213,2020,wheat_spring,0.5780000000000001,2.2539782703815354,1.7556,2.775179717236985,2.2539782703815354,linear_global
wheat_combined,08_01,214,2020,wheat_spring,0.319,2.282260733892015,1.5097,2.775179717236985,2.282260733892015,linear_global
wheat_combined,08_01,215,2020,wheat_spring,1.409,3.0230320422576455,1.5953,2.775179717236985,3.0230320422576455,linear_global
wheat_combined,08_01,216,2020,wheat_spring,1.246,2.438592177065363,2.1373,2.775179717236985,2.438592177065363,linear_global
wheat_combined,08_01,217,2020,wheat_spring,0.337,2.1663829276417665,1.961,2.775179717236985,2.1663829276417665,linear_global
wheat_combined,08_01,219,2020,wheat_spring,0.425,2.1463674659016916,1.1434,2.775179717236985,2.1463674659016916,linear_global
wheat_combined,08_01,220,2020,wheat_spring,0.513,2.875660063937727,1.7675,2.775179717236985,2.875660063937727,linear_global
wheat_combined,08_01,221,2020,wheat_spring,0.38,2.5773120924372033,2.8632,2.775179717236985,2.5773120924372033,linear_global
wheat_combined,08_01,222,2020,wheat_spring,0.21,2.2198852316723547,0.9872,2.775179717236985,2.2198852316723547,linear_global
wheat_combined,08_01,223,2020,wheat_spring,0.21,2.271599778455069,1.126,2.775179717236985,2.271599778455069,linear_global
wheat_combined,08_01,224,2020,wheat_spring,0.857,2.273597940392847,1.7282,2.775179717236985,2.273597940392847,linear_global
wheat_combined,08_01,225,2020,wheat_spring,2.335,2.7535568357691376,3.5470999999999995,2.775179717236985,2.7535568357691376,linear_global
wheat_combined,08_01,226,2020,wheat_spring,0.502,2.263662003647826,1.5046,2.775179717236985,2.263662003647826,linear_global
wheat_combined,08_01,227,2020,wheat_winter,0.5650000000000001,2.725677175774663,2.2098,3.4657804752870542,2.725677175774663,linear_global
wheat_combined,08_01,228,2020,wheat_winter,1.3,3.0172386341530473,2.0305,3.4657804752870542,3.0172386341530473,linear_global
wheat_combined,08_01,229,2020,wheat_winter,3.285,3.003690066679381,2.221,3.4657804752870542,3.003690066679381,linear_global
wheat_combined,08_01,213,2021,wheat_spring,1.3155714285714286,3.1874319864561755,3.2506,2.7862022677059213,2.1696235304951177,linear_global
wheat_combined,08_01,214,2021,wheat_spring,1.5857777777777775,3.365117383004927,3.5127,2.7862022677059213,2.5092386089686443,linear_global
wheat_combined,08_01,227,2021,wheat_winter,2.8346242774566472,3.4830024399597415,3.5711,3.569358367455552,2.734555622331534,linear_global
wheat_combined,08_01,228,2021,wheat_winter,2.4169491525423727,3.41616382571973,3.7058,3.569358367455552,2.606805105625704,linear_global
wheat_combined,08_01,229,2021,wheat_winter,2.9450000000000003,3.023379463907111,2.4469000000000003,3.569358367455552,1.856065346190455,linear_global
wheat_combined,08_01,230,2021,wheat_winter,2.123766816143498,3.5308143733084756,3.134,3.569358367455552,2.825939910582518,linear_global
wheat_combined,08_01,231,2021,wheat_winter,3.5069787234042553,3.3346543676911686,3.4015999999999997,3.569358367455552,2.4510137940020202,linear_global
wheat_combined,08_01,232,2021,wheat_winter,3.2479729729729727,3.467980005786416,2.9818,3.569358367455552,2.7058428228571128,linear_global
wheat_combined,08_01,233,2021,wheat_winter,3.6453846153846152,3.242699901509584,3.4055999999999997,3.569358367455552,2.2752586455496155,linear_global
wheat_combined,08_01,234,2021,wheat_winter,5.389142857142858,3.4462015923745715,3.8293,3.569358367455552,2.66421713091195,linear_global
wheat_combined,08_01,195,2022,wheat_winter,2.1216260162601626,3.129294018462978,2.4872,3.5270951632339247,2.212059285381631,linear_global
wheat_combined,08_01,197,2022,wheat_winter,1.5206997084548106,3.504910561842275,3.2342,3.5270951632339247,2.981831786496449,linear_global
wheat_combined,08_01,207,2022,wheat_winter,1.8862140474258409,3.08015207614854,2.9544,3.5270951632339247,2.111349887694569,linear_global
wheat_combined,08_01,208,2022,wheat_spring,2.356923076923077,3.24215074635746,2.5443,2.6779088961876263,2.443343043326351,linear_global
wheat_combined,08_01,209,2022,wheat_spring,2.657417536880491,3.371111601680542,3.0277000000000003,2.6779088961876263,2.707629912202921,linear_global
wheat_combined,08_01,210,2022,wheat_spring,3.0655870445344133,3.482951171891494,3.1882,2.6779088961876263,2.9368291506346433,linear_global
wheat_combined,08_01,212,2022,wheat_spring,3.1773529411764705,3.6036925255889543,3.457,2.6779088961876263,3.184271323941235,linear_global
wheat_combined,08_01,215,2022,wheat_spring,2.858987341772152,3.021832660522357,2.6435,2.6779088961876263,1.9918325681797344,linear_global
wheat_combined,08_01,216,2022,wheat_spring,3.1270270270270273,3.315793000096564,3.9165,2.6779088961876263,2.5942623328189836,linear_global
wheat_combined,08_01,217,2022,wheat_spring,3.063725490196078,3.1326287168532936,3.319,2.6779088961876263,2.2188932738350755,linear_global
wheat_combined,08_01,218,2022,wheat_spring,2.1723076923076925,3.036629512866486,2.6648,2.6779088961876263,2.0221566053882474,linear_global
wheat_combined,08_01,219,2022,wheat_spring,2.827547619047619,3.2570625428996185,2.8246,2.6779088961876263,2.473902642264946,linear_global
wheat_combined,08_01,220,2022,wheat_spring,3.4832,3.7224332943247935,4.2787999999999995,2.6779088961876263,3.4276135838740838,linear_global
wheat_combined,08_01,222,2022,wheat_spring,3.2700483870967743,3.6857372704347897,2.977,2.6779088961876263,3.352410319830804,linear_global
wheat_combined,08_01,223,2022,wheat_spring,3.2311428571428573,3.259138830472236,3.0817,2.6779088961876263,2.4781576973363446,linear_global
wheat_combined,08_01,224,2022,wheat_spring,3.079423076923077,3.2050657127469755,3.5203,2.6779088961876263,2.3673425593768385,linear_global
wheat_combined,08_01,226,2022,wheat_spring,1.6934999999999998,3.398590023893898,2.5872,2.6779088961876263,2.763943017061311,linear_global
wheat_combined,08_01,227,2022,wheat_winter,2.217514450867052,3.2005559188784316,3.2383,3.5270951632339247,2.358100380439592,linear_global
wheat_combined,08_01,228,2022,wheat_spring,4.564745762711865,3.123351751198266,3.4387,2.6779088961876263,2.1998814566483764,linear_global
wheat_combined,08_01,229,2022,wheat_spring,2.841666666666667,2.672947898624948,3.0135,2.6779088961876263,1.2768430382978655,linear_global
wheat_combined,08_01,231,2022,wheat_winter,1.5712340425531914,2.676773261796741,2.288,3.5270951632339247,1.2846825741977796,linear_global
wheat_combined,08_01,232,2022,wheat_winter,1.847837837837838,2.457542246259546,1.8508,3.5270951632339247,0.835399894490043,linear_global
wheat_combined,08_01,234,2022,wheat_spring,3.975428571428571,2.9971551447176568,3.5832,2.6779088961876263,1.9412595212862636,linear_global
wheat_combined,08_01,195,2023,wheat_winter,0.8904065040650406,2.3483131014624954,1.8031,3.605240949754569,0.8384376493721948,linear_global
wheat_combined,08_01,197,2023,wheat_winter,1.0820991253644316,2.3438720577146346,2.1736999999999997,3.605240949754569,0.8298194850888445,linear_global
wheat_combined,08_01,207,2023,wheat_winter,1.068974844468488,2.4181178676301345,2.1542000000000003,3.605240949754569,0.9738988104749979,linear_global
wheat_combined,08_01,208,2023,wheat_spring,2.018076923076923,2.385698966321504,1.6263999999999998,2.8347937514606945,0.9109876046355869,linear_global
wheat_combined,08_01,209,2023,wheat_winter,1.4882148184982598,2.3430214678176315,3.0968,3.605240949754569,0.8281688543168189,linear_global
wheat_combined,08_01,212,2023,wheat_spring,2.9445588235294116,2.142519314087738,2.6809000000000003,2.8347937514606945,0.439080027879988,linear_global
wheat_combined,08_01,228,2023,wheat_winter,1.5016949152542372,2.482498906654195,2.2995,3.605240949754569,1.0988348396031515,linear_global
wheat_combined,08_01,229,2023,wheat_winter,3.443333333333334,2.5854532687813947,2.076,3.605240949754569,1.298625171983268,linear_global
wheat_combined,08_01,230,2023,wheat_spring,0.9786995515695068,2.0694282518334175,2.1049,2.8347937514606945,0.29724157324739386,linear_global
wheat_combined,08_01,234,2023,wheat_winter,1.7062857142857142,2.9084997353515964,2.4153,3.605240949754569,1.9255200368219427,linear_global
wheat_combined,08_01,210,2024,wheat_winter,5.519493927125506,4.549591085114406,5.754099999999999,3.5237797966522484,4.80496741367522,linear_global
wheat_combined,08_01,215,2024,wheat_winter,4.476708860759494,3.897422426699216,4.2056,3.5237797966522484,3.711242800092686,linear_global
wheat_combined,08_01,216,2024,wheat_winter,5.342162162162162,4.213122317785523,5.3586,3.5237797966522484,4.240689802690897,linear_global
wheat_combined,08_01,218,2024,wheat_spring,4.027153846153846,3.6697703504013353,3.3049,2.7584835033320987,3.3294570825986574,linear_global
wheat_combined,08_01,219,2024,wheat_spring,3.6718380952380953,3.7020122488046465,4.2143999999999995,2.7584835033320987,3.38352861366245,linear_global
wheat_combined,08_01,220,2024,wheat_spring,3.12756,3.8907920197536985,3.7114,2.7584835033320987,3.700123223613798,linear_global
wheat_combined,08_01,222,2024,wheat_spring,3.6562580645161287,3.8449931392560184,4.2654000000000005,2.7584835033320987,3.623315848361263,linear_global
wheat_combined,08_01,223,2024,wheat_spring,3.350857142857143,3.7022561063920607,3.5340000000000003,2.7584835033320987,3.3839375769607045,linear_global
wheat_combined,08_01,224,2024,wheat_winter,5.0582692307692305,4.29596922343876,4.9363,3.5237797966522484,4.379628861940214,linear_global
wheat_combined,08_01,226,2024,wheat_winter,4.9315,4.27166007022205,4.5445,3.5237797966522484,4.33886100401666,linear_global
wheat_combined,08_01,231,2024,wheat_spring,3.806382978723404,3.97590520299252,4.3306,2.7584835033320987,3.842862961636283,linear_global
wheat_combined,08_01,232,2024,wheat_spring,3.330304054054054,3.812895179945998,4.5228,2.7584835033320987,3.5694857114938294,linear_global
wheat_combined,08_01,195,2025,wheat_spring,2.7195121951219514,3.513272876327878,2.8708,2.7859952931393197,3.1723959149261667,linear_global
wheat_combined,08_01,197,2025,wheat_spring,3.779416909620991,3.661996082026117,3.4404000000000003,2.7859952931393197,3.441767530888926,linear_global
wheat_combined,08_01,208,2025,wheat_spring,3.8430769230769233,3.809226991113273,3.0721,2.7859952931393197,3.708436257630492,linear_global
wheat_combined,08_01,212,2025,wheat_spring,1.7024264705882353,3.2735430500673206,2.8967,2.7859952931393197,2.7381905709040364,linear_global
wheat_combined,08_01,217,2025,wheat_spring,2.5629901960784314,3.2764632770105555,2.7186,2.7859952931393197,2.7434797673477522,linear_global
wheat_combined,08_01,218,2025,wheat_spring,4.112820512820513,3.683688459238189,2.6460999999999997,2.7859952931393197,3.4810573691912667,linear_global
wheat_combined,08_01,220,2025,wheat_spring,3.3072000000000004,3.791611955863634,3.6214,2.7859952931393197,3.6765314147503307,linear_global
wheat_combined,08_01,228,2025,wheat_spring,3.004576271186441,3.6802802497349303,3.5229999999999997,2.7859952931393197,3.4748843251318533,linear_global
wheat_combined,08_01,229,2025,wheat_spring,3.5050000000000003,3.274751160850239,3.1488,2.7859952931393197,2.740378734831306,linear_global
wheat_combined,08_01,230,2025,wheat_spring,3.6687443946188343,3.8128497250876,2.9788,2.7859952931393197,3.7149978543919797,linear_global
wheat_combined,08_01,207,2019,wheat_spring,3.5799999999999996,3.253603707964428,2.7728,2.7949344889498353,3.253603707964428,linear_crop
wheat_combined,08_01,230,2019,wheat_winter,4.503,3.989663708247505,3.9929,3.518703379214148,3.989663708247505,linear_crop
wheat_combined,08_01,231,2019,wheat_winter,4.303,4.204530862238756,4.2558,3.518703379214148,4.204530862238756,linear_crop
wheat_combined,08_01,232,2019,wheat_winter,3.404,4.143614361965213,4.1161,3.518703379214148,4.143614361965213,linear_crop
wheat_combined,08_01,208,2020,wheat_spring,0.505,2.2709939293112766,1.3906,2.775179717236985,2.2709939293112766,linear_crop
wheat_combined,08_01,210,2020,wheat_winter,0.211,2.714628786809701,2.1218,3.4657804752870542,2.714628786809701,linear_crop
wheat_combined,08_01,211,2020,wheat_winter,0.319,2.707158800932225,2.4044,3.4657804752870542,2.707158800932225,linear_crop
wheat_combined,08_01,213,2020,wheat_spring,0.5780000000000001,2.2539782703815354,1.7556,2.775179717236985,2.2539782703815354,linear_crop
wheat_combined,08_01,214,2020,wheat_spring,0.319,2.282260733892015,1.5097,2.775179717236985,2.282260733892015,linear_crop
wheat_combined,08_01,215,2020,wheat_spring,1.409,3.0230320422576455,1.5953,2.775179717236985,3.0230320422576455,linear_crop
wheat_combined,08_01,216,2020,wheat_spring,1.246,2.438592177065363,2.1373,2.775179717236985,2.438592177065363,linear_crop
wheat_combined,08_01,217,2020,wheat_spring,0.337,2.1663829276417665,1.961,2.775179717236985,2.1663829276417665,linear_crop
wheat_combined,08_01,219,2020,wheat_spring,0.425,2.1463674659016916,1.1434,2.775179717236985,2.1463674659016916,linear_crop
wheat_combined,08_01,220,2020,wheat_spring,0.513,2.875660063937727,1.7675,2.775179717236985,2.875660063937727,linear_crop
wheat_combined,08_01,221,2020,wheat_spring,0.38,2.5773120924372033,2.8632,2.775179717236985,2.5773120924372033,linear_crop
wheat_combined,08_01,222,2020,wheat_spring,0.21,2.2198852316723547,0.9872,2.775179717236985,2.2198852316723547,linear_crop
wheat_combined,08_01,223,2020,wheat_spring,0.21,2.271599778455069,1.126,2.775179717236985,2.271599778455069,linear_crop
wheat_combined,08_01,224,2020,wheat_spring,0.857,2.273597940392847,1.7282,2.775179717236985,2.273597940392847,linear_crop
wheat_combined,08_01,225,2020,wheat_spring,2.335,2.7535568357691376,3.5470999999999995,2.775179717236985,2.7535568357691376,linear_crop
wheat_combined,08_01,226,2020,wheat_spring,0.502,2.263662003647826,1.5046,2.775179717236985,2.263662003647826,linear_crop
wheat_combined,08_01,227,2020,wheat_winter,0.5650000000000001,2.725677175774663,2.2098,3.4657804752870542,2.725677175774663,linear_crop
wheat_combined,08_01,228,2020,wheat_winter,1.3,3.0172386341530473,2.0305,3.4657804752870542,3.0172386341530473,linear_crop
wheat_combined,08_01,229,2020,wheat_winter,3.285,3.003690066679381,2.221,3.4657804752870542,3.003690066679381,linear_crop
wheat_combined,08_01,213,2021,wheat_spring,1.3155714285714286,3.1874319864561755,3.2506,2.7862022677059213,2.1925072905266747,linear_crop
wheat_combined,08_01,214,2021,wheat_spring,1.5857777777777775,3.365117383004927,3.5127,2.7862022677059213,2.5186997277835017,linear_crop
wheat_combined,08_01,227,2021,wheat_winter,2.8346242774566472,3.4830024399597415,3.5711,3.569358367455552,2.577403105279336,linear_crop
wheat_combined,08_01,228,2021,wheat_winter,2.4169491525423727,3.41616382571973,3.7058,3.569358367455552,2.4547016852116696,linear_crop
wheat_combined,08_01,229,2021,wheat_winter,2.9450000000000003,3.023379463907111,2.4469000000000003,3.569358367455552,1.7336334894870287,linear_crop
wheat_combined,08_01,230,2021,wheat_winter,2.123766816143498,3.5308143733084756,3.134,3.569358367455552,2.665175603030469,linear_crop
wheat_combined,08_01,231,2021,wheat_winter,3.5069787234042553,3.3346543676911686,3.4015999999999997,3.569358367455552,2.3050677294097666,linear_crop
wheat_combined,08_01,232,2021,wheat_winter,3.2479729729729727,3.467980005786416,2.9818,3.569358367455552,2.5498251246928287,linear_crop
wheat_combined,08_01,233,2021,wheat_winter,3.6453846153846152,3.242699901509584,3.4055999999999997,3.569358367455552,2.136258969528411,linear_crop
wheat_combined,08_01,234,2021,wheat_winter,5.389142857142858,3.4462015923745715,3.8293,3.569358367455552,2.5098446091953313,linear_crop
wheat_combined,08_01,195,2022,wheat_winter,2.1216260162601626,3.129294018462978,2.4872,3.5270951632339247,2.347152201129782,linear_crop
wheat_combined,08_01,197,2022,wheat_winter,1.5206997084548106,3.504910561842275,3.2342,3.5270951632339247,3.0004105475963634,linear_crop
wheat_combined,08_01,207,2022,wheat_winter,1.8862140474258409,3.08015207614854,2.9544,3.5270951632339247,2.2616863595838494,linear_crop
wheat_combined,08_01,208,2022,wheat_spring,2.356923076923077,3.24215074635746,2.5443,2.6779088961876263,2.1681950934575402,linear_crop
wheat_combined,08_01,209,2022,wheat_spring,2.657417536880491,3.371111601680542,3.0277000000000003,2.6779088961876263,2.3924790250153745,linear_crop
wheat_combined,08_01,210,2022,wheat_spring,3.0655870445344133,3.482951171891494,3.1882,2.6779088961876263,2.5869862531801457,linear_crop
wheat_combined,08_01,212,2022,wheat_spring,3.1773529411764705,3.6036925255889543,3.457,2.6779088961876263,2.7969751326818972,linear_crop
wheat_combined,08_01,215,2022,wheat_spring,2.858987341772152,3.021832660522357,2.6435,2.6779088961876263,1.7850260584771331,linear_crop
wheat_combined,08_01,216,2022,wheat_spring,3.1270270270270273,3.315793000096564,3.9165,2.6779088961876263,2.296270966993016,linear_crop
wheat_combined,08_01,217,2022,wheat_spring,3.063725490196078,3.1326287168532936,3.319,2.6779088961876263,1.9777184460450525,linear_crop
wheat_combined,08_01,218,2022,wheat_spring,2.1723076923076925,3.036629512866486,2.6648,2.6779088961876263,1.8107601947009337,linear_crop
wheat_combined,08_01,219,2022,wheat_spring,2.827547619047619,3.2570625428996185,2.8246,2.6779088961876263,2.19412913636294,linear_crop
wheat_combined,08_01,220,2022,wheat_spring,3.4832,3.7224332943247935,4.2787999999999995,2.6779088961876263,3.003484669095517,linear_crop
wheat_combined,08_01,222,2022,wheat_spring,3.2700483870967743,3.6857372704347897,2.977,2.6779088961876263,2.9396643067850237,linear_crop
wheat_combined,08_01,223,2022,wheat_spring,3.2311428571428573,3.259138830472236,3.0817,2.6779088961876263,2.197740138621452,linear_crop
wheat_combined,08_01,224,2022,wheat_spring,3.079423076923077,3.2050657127469755,3.5203,2.6779088961876263,2.103698179884223,linear_crop
wheat_combined,08_01,226,2022,wheat_spring,1.6934999999999998,3.398590023893898,2.5872,2.6779088961876263,2.440268476718201,linear_crop
wheat_combined,08_01,227,2022,wheat_winter,2.217514450867052,3.2005559188784316,3.2383,3.5270951632339247,2.4710882525418114,linear_crop
wheat_combined,08_01,228,2022,wheat_spring,4.564745762711865,3.123351751198266,3.4387,2.6779088961876263,1.9615842918102349,linear_crop
wheat_combined,08_01,229,2022,wheat_spring,2.841666666666667,2.672947898624948,3.0135,2.6779088961876263,1.1782586338742629,linear_crop
wheat_combined,08_01,231,2022,wheat_winter,1.5712340425531914,2.676773261796741,2.288,3.5270951632339247,1.5601449021911873,linear_crop
wheat_combined,08_01,232,2022,wheat_winter,1.847837837837838,2.457542246259546,1.8508,3.5270951632339247,1.1788664595124807,linear_crop
wheat_combined,08_01,234,2022,wheat_spring,3.975428571428571,2.9971551447176568,3.5832,2.6779088961876263,1.742107839209025,linear_crop
wheat_combined,08_01,195,2023,wheat_winter,0.8904065040650406,2.3483131014624954,1.8031,3.605240949754569,0.7951201321940378,linear_crop
wheat_combined,08_01,197,2023,wheat_winter,1.0820991253644316,2.3438720577146346,2.1736999999999997,3.605240949754569,0.786649556878446,linear_crop
wheat_combined,08_01,207,2023,wheat_winter,1.068974844468488,2.4181178676301345,2.1542000000000003,3.605240949754569,0.9282614752612128,linear_crop
wheat_combined,08_01,208,2023,wheat_spring,2.018076923076923,2.385698966321504,1.6263999999999998,2.8347937514606945,0.9760370917019028,linear_crop
wheat_combined,08_01,209,2023,wheat_winter,1.4882148184982598,2.3430214678176315,3.0968,3.605240949754569,0.7850271937146702,linear_crop
wheat_combined,08_01,212,2023,wheat_spring,2.9445588235294116,2.142519314087738,2.6809000000000003,2.8347937514606945,0.5122110912357356,linear_crop
wheat_combined,08_01,228,2023,wheat_winter,1.5016949152542372,2.482498906654195,2.2995,3.605240949754569,1.0510579327858767,linear_crop
wheat_combined,08_01,229,2023,wheat_winter,3.443333333333334,2.5854532687813947,2.076,3.605240949754569,1.2474267883926782,linear_crop
wheat_combined,08_01,230,2023,wheat_spring,0.9786995515695068,2.0694282518334175,2.1049,2.8347937514606945,0.37280166793967795,linear_crop
wheat_combined,08_01,234,2023,wheat_winter,1.7062857142857142,2.9084997353515964,2.4153,3.605240949754569,1.863585867401259,linear_crop
wheat_combined,08_01,210,2024,wheat_winter,5.519493927125506,4.549591085114406,5.754099999999999,3.5237797966522484,4.71580759951658,linear_crop
wheat_combined,08_01,215,2024,wheat_winter,4.476708860759494,3.897422426699216,4.2056,3.5237797966522484,3.649018080797207,linear_crop
wheat_combined,08_01,216,2024,wheat_winter,5.342162162162162,4.213122317785523,5.3586,3.5237797966522484,4.165426421685788,linear_crop
wheat_combined,08_01,218,2024,wheat_spring,4.027153846153846,3.6697703504013353,3.3049,2.7584835033320987,3.31780840819003,linear_crop
wheat_combined,08_01,219,2024,wheat_spring,3.6718380952380953,3.7020122488046465,4.2143999999999995,2.7584835033320987,3.370548322683698,linear_crop
wheat_combined,08_01,220,2024,wheat_spring,3.12756,3.8907920197536985,3.7114,2.7584835033320987,3.679346174889719,linear_crop
wheat_combined,08_01,222,2024,wheat_spring,3.6562580645161287,3.8449931392560184,4.2654000000000005,2.7584835033320987,3.60443033057004,linear_crop
wheat_combined,08_01,223,2024,wheat_spring,3.350857142857143,3.7022561063920607,3.5340000000000003,2.7584835033320987,3.370947214465689,linear_crop
wheat_combined,08_01,224,2024,wheat_winter,5.0582692307692305,4.29596922343876,4.9363,3.5237797966522484,4.300943836496821,linear_crop
wheat_combined,08_01,226,2024,wheat_winter,4.9315,4.27166007022205,4.5445,3.5237797966522484,4.261179966329329,linear_crop
wheat_combined,08_01,231,2024,wheat_spring,3.806382978723404,3.97590520299252,4.3306,2.7584835033320987,3.818570669370427,linear_crop
wheat_combined,08_01,232,2024,wheat_spring,3.330304054054054,3.812895179945998,4.5228,2.7584835033320987,3.5519258654713637,linear_crop
wheat_combined,08_01,195,2025,wheat_spring,2.7195121951219514,3.513272876327878,2.8708,2.7859952931393197,3.133531711944001,linear_crop
wheat_combined,08_01,197,2025,wheat_spring,3.779416909620991,3.661996082026117,3.4404000000000003,2.7859952931393197,3.3953583973167087,linear_crop
wheat_combined,08_01,208,2025,wheat_spring,3.8430769230769233,3.809226991113273,3.0721,2.7859952931393197,3.6545578997058437,linear_crop
wheat_combined,08_01,212,2025,wheat_spring,1.7024264705882353,3.2735430500673206,2.8967,2.7859952931393197,2.7114881882041146,linear_crop
wheat_combined,08_01,217,2025,wheat_spring,2.5629901960784314,3.2764632770105555,2.7186,2.7859952931393197,2.7166292375615004,linear_crop
wheat_combined,08_01,218,2025,wheat_spring,4.112820512820513,3.683688459238189,2.6460999999999997,2.7859952931393197,3.433547751806655,linear_crop
wheat_combined,08_01,220,2025,wheat_spring,3.3072000000000004,3.791611955863634,3.6214,2.7859952931393197,3.6235466915323573,linear_crop
wheat_combined,08_01,228,2025,wheat_spring,3.004576271186441,3.6802802497349303,3.5229999999999997,2.7859952931393197,3.4275476108528315,linear_crop
wheat_combined,08_01,229,2025,wheat_spring,3.5050000000000003,3.274751160850239,3.1488,2.7859952931393197,2.713615063027512,linear_crop
wheat_combined,08_01,230,2025,wheat_spring,3.6687443946188343,3.8128497250876,2.9788,2.7859952931393197,3.6609357102434257,linear_crop
wheat_combined,08_01,207,2019,wheat_spring,3.5799999999999996,3.253603707964428,2.7728,2.7949344889498353,3.253603707964428,blend_crop_mean
wheat_combined,08_01,230,2019,wheat_winter,4.503,3.989663708247505,3.9929,3.518703379214148,3.989663708247505,blend_crop_mean
wheat_combined,08_01,231,2019,wheat_winter,4.303,4.204530862238756,4.2558,3.518703379214148,4.204530862238756,blend_crop_mean
wheat_combined,08_01,232,2019,wheat_winter,3.404,4.143614361965213,4.1161,3.518703379214148,4.143614361965213,blend_crop_mean
wheat_combined,08_01,208,2020,wheat_spring,0.505,2.2709939293112766,1.3906,2.775179717236985,2.2709939293112766,blend_crop_mean
wheat_combined,08_01,210,2020,wheat_winter,0.211,2.714628786809701,2.1218,3.4657804752870542,2.714628786809701,blend_crop_mean
wheat_combined,08_01,211,2020,wheat_winter,0.319,2.707158800932225,2.4044,3.4657804752870542,2.707158800932225,blend_crop_mean
wheat_combined,08_01,213,2020,wheat_spring,0.5780000000000001,2.2539782703815354,1.7556,2.775179717236985,2.2539782703815354,blend_crop_mean
wheat_combined,08_01,214,2020,wheat_spring,0.319,2.282260733892015,1.5097,2.775179717236985,2.282260733892015,blend_crop_mean
wheat_combined,08_01,215,2020,wheat_spring,1.409,3.0230320422576455,1.5953,2.775179717236985,3.0230320422576455,blend_crop_mean
wheat_combined,08_01,216,2020,wheat_spring,1.246,2.438592177065363,2.1373,2.775179717236985,2.438592177065363,blend_crop_mean
wheat_combined,08_01,217,2020,wheat_spring,0.337,2.1663829276417665,1.961,2.775179717236985,2.1663829276417665,blend_crop_mean
wheat_combined,08_01,219,2020,wheat_spring,0.425,2.1463674659016916,1.1434,2.775179717236985,2.1463674659016916,blend_crop_mean
wheat_combined,08_01,220,2020,wheat_spring,0.513,2.875660063937727,1.7675,2.775179717236985,2.875660063937727,blend_crop_mean
wheat_combined,08_01,221,2020,wheat_spring,0.38,2.5773120924372033,2.8632,2.775179717236985,2.5773120924372033,blend_crop_mean
wheat_combined,08_01,222,2020,wheat_spring,0.21,2.2198852316723547,0.9872,2.775179717236985,2.2198852316723547,blend_crop_mean
wheat_combined,08_01,223,2020,wheat_spring,0.21,2.271599778455069,1.126,2.775179717236985,2.271599778455069,blend_crop_mean
wheat_combined,08_01,224,2020,wheat_spring,0.857,2.273597940392847,1.7282,2.775179717236985,2.273597940392847,blend_crop_mean
wheat_combined,08_01,225,2020,wheat_spring,2.335,2.7535568357691376,3.5470999999999995,2.775179717236985,2.7535568357691376,blend_crop_mean
wheat_combined,08_01,226,2020,wheat_spring,0.502,2.263662003647826,1.5046,2.775179717236985,2.263662003647826,blend_crop_mean
wheat_combined,08_01,227,2020,wheat_winter,0.5650000000000001,2.725677175774663,2.2098,3.4657804752870542,2.725677175774663,blend_crop_mean
wheat_combined,08_01,228,2020,wheat_winter,1.3,3.0172386341530473,2.0305,3.4657804752870542,3.0172386341530473,blend_crop_mean
wheat_combined,08_01,229,2020,wheat_winter,3.285,3.003690066679381,2.221,3.4657804752870542,3.003690066679381,blend_crop_mean
wheat_combined,08_01,213,2021,wheat_spring,1.3155714285714286,3.1874319864561755,3.2506,2.7862022677059213,0.8937333333333334,blend_crop_mean
wheat_combined,08_01,214,2021,wheat_spring,1.5857777777777775,3.365117383004927,3.5127,2.7862022677059213,0.8937333333333334,blend_crop_mean
wheat_combined,08_01,227,2021,wheat_winter,2.8346242774566472,3.4830024399597415,3.5711,3.569358367455552,2.23625,blend_crop_mean
wheat_combined,08_01,228,2021,wheat_winter,2.4169491525423727,3.41616382571973,3.7058,3.569358367455552,2.23625,blend_crop_mean
wheat_combined,08_01,229,2021,wheat_winter,2.9450000000000003,3.023379463907111,2.4469000000000003,3.569358367455552,2.23625,blend_crop_mean
wheat_combined,08_01,230,2021,wheat_winter,2.123766816143498,3.5308143733084756,3.134,3.569358367455552,2.23625,blend_crop_mean
wheat_combined,08_01,231,2021,wheat_winter,3.5069787234042553,3.3346543676911686,3.4015999999999997,3.569358367455552,2.23625,blend_crop_mean
wheat_combined,08_01,232,2021,wheat_winter,3.2479729729729727,3.467980005786416,2.9818,3.569358367455552,2.23625,blend_crop_mean
wheat_combined,08_01,233,2021,wheat_winter,3.6453846153846152,3.242699901509584,3.4055999999999997,3.569358367455552,2.23625,blend_crop_mean
wheat_combined,08_01,234,2021,wheat_winter,5.389142857142858,3.4462015923745715,3.8293,3.569358367455552,2.23625,blend_crop_mean
wheat_combined,08_01,195,2022,wheat_winter,2.1216260162601626,3.129294018462978,2.4872,3.5270951632339247,2.7499887134404513,blend_crop_mean
wheat_combined,08_01,197,2022,wheat_winter,1.5206997084548106,3.504910561842275,3.2342,3.5270951632339247,2.7499887134404513,blend_crop_mean
wheat_combined,08_01,207,2022,wheat_winter,1.8862140474258409,3.08015207614854,2.9544,3.5270951632339247,2.7499887134404513,blend_crop_mean
wheat_combined,08_01,208,2022,wheat_spring,2.356923076923077,3.24215074635746,2.5443,2.6779088961876263,0.9592558356676003,blend_crop_mean
wheat_combined,08_01,209,2022,wheat_spring,2.657417536880491,3.371111601680542,3.0277000000000003,2.6779088961876263,0.9592558356676003,blend_crop_mean
wheat_combined,08_01,210,2022,wheat_spring,3.0655870445344133,3.482951171891494,3.1882,2.6779088961876263,0.9592558356676003,blend_crop_mean
wheat_combined,08_01,212,2022,wheat_spring,3.1773529411764705,3.6036925255889543,3.457,2.6779088961876263,0.9592558356676003,blend_crop_mean
wheat_combined,08_01,215,2022,wheat_spring,2.858987341772152,3.021832660522357,2.6435,2.6779088961876263,0.9592558356676003,blend_crop_mean
wheat_combined,08_01,216,2022,wheat_spring,3.1270270270270273,3.315793000096564,3.9165,2.6779088961876263,0.9592558356676003,blend_crop_mean
wheat_combined,08_01,217,2022,wheat_spring,3.063725490196078,3.1326287168532936,3.319,2.6779088961876263,0.9592558356676003,blend_crop_mean
wheat_combined,08_01,218,2022,wheat_spring,2.1723076923076925,3.036629512866486,2.6648,2.6779088961876263,0.9592558356676003,blend_crop_mean
wheat_combined,08_01,219,2022,wheat_spring,2.827547619047619,3.2570625428996185,2.8246,2.6779088961876263,0.9592558356676003,blend_crop_mean
wheat_combined,08_01,220,2022,wheat_spring,3.4832,3.7224332943247935,4.2787999999999995,2.6779088961876263,0.9592558356676003,blend_crop_mean
wheat_combined,08_01,222,2022,wheat_spring,3.2700483870967743,3.6857372704347897,2.977,2.6779088961876263,0.9592558356676003,blend_crop_mean
wheat_combined,08_01,223,2022,wheat_spring,3.2311428571428573,3.259138830472236,3.0817,2.6779088961876263,0.9592558356676003,blend_crop_mean
wheat_combined,08_01,224,2022,wheat_spring,3.079423076923077,3.2050657127469755,3.5203,2.6779088961876263,0.9592558356676003,blend_crop_mean
wheat_combined,08_01,226,2022,wheat_spring,1.6934999999999998,3.398590023893898,2.5872,2.6779088961876263,0.9592558356676003,blend_crop_mean
wheat_combined,08_01,227,2022,wheat_winter,2.217514450867052,3.2005559188784316,3.2383,3.5270951632339247,2.7499887134404513,blend_crop_mean
wheat_combined,08_01,228,2022,wheat_spring,4.564745762711865,3.123351751198266,3.4387,2.6779088961876263,0.9592558356676003,blend_crop_mean
wheat_combined,08_01,229,2022,wheat_spring,2.841666666666667,2.672947898624948,3.0135,2.6779088961876263,0.9592558356676003,blend_crop_mean
wheat_combined,08_01,231,2022,wheat_winter,1.5712340425531914,2.676773261796741,2.288,3.5270951632339247,2.7499887134404513,blend_crop_mean
wheat_combined,08_01,232,2022,wheat_winter,1.847837837837838,2.457542246259546,1.8508,3.5270951632339247,2.7499887134404513,blend_crop_mean
wheat_combined,08_01,234,2022,wheat_spring,3.975428571428571,2.9971551447176568,3.5832,2.6779088961876263,0.9592558356676003,blend_crop_mean
wheat_combined,08_01,195,2023,wheat_winter,0.8904065040650406,2.3483131014624954,1.8031,3.605240949754569,2.5074975235657324,blend_crop_mean
wheat_combined,08_01,197,2023,wheat_winter,1.0820991253644316,2.3438720577146346,2.1736999999999997,3.605240949754569,2.5074975235657324,blend_crop_mean
wheat_combined,08_01,207,2023,wheat_winter,1.068974844468488,2.4181178676301345,2.1542000000000003,3.605240949754569,2.5074975235657324,blend_crop_mean
wheat_combined,08_01,208,2023,wheat_spring,2.018076923076923,2.385698966321504,1.6263999999999998,2.8347937514606945,1.9927464793583543,blend_crop_mean
wheat_combined,08_01,209,2023,wheat_winter,1.4882148184982598,2.3430214678176315,3.0968,3.605240949754569,2.5074975235657324,blend_crop_mean
wheat_combined,08_01,212,2023,wheat_spring,2.9445588235294116,2.142519314087738,2.6809000000000003,2.8347937514606945,1.9927464793583543,blend_crop_mean
wheat_combined,08_01,228,2023,wheat_winter,1.5016949152542372,2.482498906654195,2.2995,3.605240949754569,2.5074975235657324,blend_crop_mean
wheat_combined,08_01,229,2023,wheat_winter,3.443333333333334,2.5854532687813947,2.076,3.605240949754569,2.5074975235657324,blend_crop_mean
wheat_combined,08_01,230,2023,wheat_spring,0.9786995515695068,2.0694282518334175,2.1049,2.8347937514606945,1.9927464793583543,blend_crop_mean
wheat_combined,08_01,234,2023,wheat_winter,1.7062857142857142,2.9084997353515964,2.4153,3.605240949754569,2.5074975235657324,blend_crop_mean
wheat_combined,08_01,210,2024,wheat_winter,5.519493927125506,4.549591085114406,5.754099999999999,3.5237797966522484,2.2877915439212284,blend_crop_mean
wheat_combined,08_01,215,2024,wheat_winter,4.476708860759494,3.897422426699216,4.2056,3.5237797966522484,2.2877915439212284,blend_crop_mean
wheat_combined,08_01,216,2024,wheat_winter,5.342162162162162,4.213122317785523,5.3586,3.5237797966522484,2.2877915439212284,blend_crop_mean
wheat_combined,08_01,218,2024,wheat_spring,4.027153846153846,3.6697703504013353,3.3049,2.7584835033320987,1.9917490701718887,blend_crop_mean
wheat_combined,08_01,219,2024,wheat_spring,3.6718380952380953,3.7020122488046465,4.2143999999999995,2.7584835033320987,1.9917490701718887,blend_crop_mean
wheat_combined,08_01,220,2024,wheat_spring,3.12756,3.8907920197536985,3.7114,2.7584835033320987,1.9917490701718887,blend_crop_mean
wheat_combined,08_01,222,2024,wheat_spring,3.6562580645161287,3.8449931392560184,4.2654000000000005,2.7584835033320987,1.9917490701718887,blend_crop_mean
wheat_combined,08_01,223,2024,wheat_spring,3.350857142857143,3.7022561063920607,3.5340000000000003,2.7584835033320987,1.9917490701718887,blend_crop_mean
wheat_combined,08_01,224,2024,wheat_winter,5.0582692307692305,4.29596922343876,4.9363,3.5237797966522484,2.2877915439212284,blend_crop_mean
wheat_combined,08_01,226,2024,wheat_winter,4.9315,4.27166007022205,4.5445,3.5237797966522484,2.2877915439212284,blend_crop_mean
wheat_combined,08_01,231,2024,wheat_spring,3.806382978723404,3.97590520299252,4.3306,2.7584835033320987,1.9917490701718887,blend_crop_mean
wheat_combined,08_01,232,2024,wheat_spring,3.330304054054054,3.812895179945998,4.5228,2.7584835033320987,1.9917490701718887,blend_crop_mean
wheat_combined,08_01,195,2025,wheat_spring,2.7195121951219514,3.513272876327878,2.8708,2.7859952931393197,3.13200739827885,blend_crop_mean
wheat_combined,08_01,197,2025,wheat_spring,3.779416909620991,3.661996082026117,3.4404000000000003,2.7859952931393197,3.2361136422676173,blend_crop_mean
wheat_combined,08_01,208,2025,wheat_spring,3.8430769230769233,3.809226991113273,3.0721,2.7859952931393197,3.339175278628627,blend_crop_mean
wheat_combined,08_01,212,2025,wheat_spring,1.7024264705882353,3.2735430500673206,2.8967,2.7859952931393197,2.96419651989646,blend_crop_mean
wheat_combined,08_01,217,2025,wheat_spring,2.5629901960784314,3.2764632770105555,2.7186,2.7859952931393197,2.9662406787567246,blend_crop_mean
wheat_combined,08_01,218,2025,wheat_spring,4.112820512820513,3.683688459238189,2.6460999999999997,2.7859952931393197,3.251298306316068,blend_crop_mean
wheat_combined,08_01,220,2025,wheat_spring,3.3072000000000004,3.791611955863634,3.6214,2.7859952931393197,3.3268447539538797,blend_crop_mean
wheat_combined,08_01,228,2025,wheat_spring,3.004576271186441,3.6802802497349303,3.5229999999999997,2.7859952931393197,3.2489125596637867,blend_crop_mean
wheat_combined,08_01,229,2025,wheat_spring,3.5050000000000003,3.274751160850239,3.1488,2.7859952931393197,2.965042197444503,blend_crop_mean
wheat_combined,08_01,230,2025,wheat_spring,3.6687443946188343,3.8128497250876,2.9788,2.7859952931393197,3.3417111924106555,blend_crop_mean
wheat_combined,09_01,207,2019,wheat_spring,3.5799999999999996,3.1967581925123127,2.7728,2.7949344889498353,3.1967581925123127,peer_raw
wheat_combined,09_01,230,2019,wheat_winter,4.503,3.4324373931929997,3.9929,3.518703379214148,3.4324373931929997,peer_raw
wheat_combined,09_01,231,2019,wheat_winter,4.303,3.6070271734953376,4.2558,3.518703379214148,3.6070271734953376,peer_raw
wheat_combined,09_01,232,2019,wheat_winter,3.404,3.594299690594194,4.1161,3.518703379214148,3.594299690594194,peer_raw
wheat_combined,09_01,208,2020,wheat_spring,0.505,1.9974381347289736,1.3906,2.775179717236985,1.9974381347289736,peer_raw
wheat_combined,09_01,210,2020,wheat_winter,0.211,1.884475332935588,2.1218,3.4657804752870542,1.884475332935588,peer_raw
wheat_combined,09_01,211,2020,wheat_winter,0.319,2.118655756172839,2.4044,3.4657804752870542,2.118655756172839,peer_raw
wheat_combined,09_01,213,2020,wheat_spring,0.5780000000000001,1.8960044525678488,1.5272,2.775179717236985,1.8960044525678488,peer_raw
wheat_combined,09_01,214,2020,wheat_spring,0.319,1.876552669204395,1.5097,2.775179717236985,1.876552669204395,peer_raw
wheat_combined,09_01,215,2020,wheat_spring,1.409,2.2441389507072524,1.5953,2.775179717236985,2.2441389507072524,peer_raw
wheat_combined,09_01,216,2020,wheat_spring,1.246,2.1509600727042324,2.1373,2.775179717236985,2.1509600727042324,peer_raw
wheat_combined,09_01,217,2020,wheat_spring,0.337,1.72233888359486,1.961,2.775179717236985,1.72233888359486,peer_raw
wheat_combined,09_01,219,2020,wheat_spring,0.425,1.8196794615928984,1.1434,2.775179717236985,1.8196794615928984,peer_raw
wheat_combined,09_01,220,2020,wheat_spring,0.513,2.3903619992781167,1.7675,2.775179717236985,2.3903619992781167,peer_raw
wheat_combined,09_01,221,2020,wheat_spring,0.38,2.355805870450064,2.8632,2.775179717236985,2.355805870450064,peer_raw
wheat_combined,09_01,222,2020,wheat_spring,0.21,1.8576230978944563,0.9872,2.775179717236985,1.8576230978944563,peer_raw
wheat_combined,09_01,223,2020,wheat_spring,0.21,2.0468049235021555,1.126,2.775179717236985,2.0468049235021555,peer_raw
wheat_combined,09_01,224,2020,wheat_spring,0.857,1.860575656291762,1.7282,2.775179717236985,1.860575656291762,peer_raw
wheat_combined,09_01,225,2020,wheat_spring,2.335,2.455287498481553,3.5470999999999995,2.775179717236985,2.455287498481553,peer_raw
wheat_combined,09_01,226,2020,wheat_spring,0.502,1.9488356865198568,1.5046,2.775179717236985,1.9488356865198568,peer_raw
wheat_combined,09_01,227,2020,wheat_winter,0.5650000000000001,1.8495807226285843,2.2098,3.4657804752870542,1.8495807226285843,peer_raw
wheat_combined,09_01,228,2020,wheat_winter,1.3,2.4462299836132995,2.0305,3.4657804752870542,2.4462299836132995,peer_raw
wheat_combined,09_01,229,2020,wheat_winter,3.285,2.2322618836626704,2.221,3.4657804752870542,2.2322618836626704,peer_raw
wheat_combined,09_01,213,2021,wheat_spring,1.3155714285714286,3.036771099036358,3.1079999999999997,2.7862022677059213,3.036771099036358,peer_raw
wheat_combined,09_01,214,2021,wheat_spring,1.5857777777777775,3.1113311771192196,3.1157,2.7862022677059213,3.1113311771192196,peer_raw
wheat_combined,09_01,227,2021,wheat_winter,2.8346242774566472,3.61464484656559,3.5711,3.569358367455552,3.61464484656559,peer_raw
wheat_combined,09_01,228,2021,wheat_winter,2.4169491525423727,3.4311179485024312,3.7058,3.569358367455552,3.4311179485024312,peer_raw
wheat_combined,09_01,229,2021,wheat_winter,2.9450000000000003,2.620069952692163,2.4469000000000003,3.569358367455552,2.620069952692163,peer_raw
wheat_combined,09_01,230,2021,wheat_winter,2.123766816143498,3.259140676663521,3.134,3.569358367455552,3.259140676663521,peer_raw
wheat_combined,09_01,231,2021,wheat_winter,3.5069787234042553,3.638051844729272,3.4015999999999997,3.569358367455552,3.638051844729272,peer_raw
wheat_combined,09_01,232,2021,wheat_winter,3.2479729729729727,3.716299810900253,2.9818,3.569358367455552,3.716299810900253,peer_raw
wheat_combined,09_01,233,2021,wheat_winter,3.6453846153846152,3.077034240125113,3.4055999999999997,3.569358367455552,3.077034240125113,peer_raw
wheat_combined,09_01,234,2021,wheat_winter,5.389142857142858,3.471848253799074,3.8293,3.569358367455552,3.471848253799074,peer_raw
wheat_combined,09_01,195,2022,wheat_winter,2.1216260162601626,2.773234801763429,2.4872,3.5270951632339247,2.773234801763429,peer_raw
wheat_combined,09_01,197,2022,wheat_winter,1.5206997084548106,3.00725995793712,3.2342,3.5270951632339247,3.00725995793712,peer_raw
wheat_combined,09_01,207,2022,wheat_winter,1.8862140474258409,2.607877564576072,2.9544,3.5270951632339247,2.607877564576072,peer_raw
wheat_combined,09_01,208,2022,wheat_spring,2.356923076923077,2.9918276647060207,3.6425,2.6779088961876263,2.9918276647060207,peer_raw
wheat_combined,09_01,209,2022,wheat_spring,2.657417536880491,3.0761086470748027,3.5056,2.6779088961876263,3.0761086470748027,peer_raw
wheat_combined,09_01,210,2022,wheat_spring,3.0655870445344133,3.186400328735603,3.1305,2.6779088961876263,3.186400328735603,peer_raw
wheat_combined,09_01,212,2022,wheat_spring,3.1773529411764705,3.354811399071433,3.4025,2.6779088961876263,3.354811399071433,peer_raw
wheat_combined,09_01,215,2022,wheat_spring,2.858987341772152,2.999698469200613,2.7344999999999997,2.6779088961876263,2.999698469200613,peer_raw
wheat_combined,09_01,216,2022,wheat_spring,3.1270270270270273,3.1620493664099723,3.9809,2.6779088961876263,3.1620493664099723,peer_raw
wheat_combined,09_01,217,2022,wheat_spring,3.063725490196078,2.835088131956004,3.6563,2.6779088961876263,2.835088131956004,peer_raw
wheat_combined,09_01,218,2022,wheat_spring,2.1723076923076925,2.969849057656473,2.5543,2.6779088961876263,2.969849057656473,peer_raw
wheat_combined,09_01,219,2022,wheat_spring,2.827547619047619,2.9978425052787614,3.4502,2.6779088961876263,2.9978425052787614,peer_raw
wheat_combined,09_01,220,2022,wheat_spring,3.4832,3.3360784244767183,3.4874,2.6779088961876263,3.3360784244767183,peer_raw
wheat_combined,09_01,222,2022,wheat_spring,3.2700483870967743,3.4334463199586613,3.586,2.6779088961876263,3.4334463199586613,peer_raw
wheat_combined,09_01,223,2022,wheat_spring,3.2311428571428573,3.1109355903529377,2.9478999999999997,2.6779088961876263,3.1109355903529377,peer_raw
wheat_combined,09_01,224,2022,wheat_spring,3.079423076923077,2.9385458572538634,3.3052,2.6779088961876263,2.9385458572538634,peer_raw
wheat_combined,09_01,226,2022,wheat_spring,1.6934999999999998,3.192052839463827,2.926,2.6779088961876263,3.192052839463827,peer_raw
wheat_combined,09_01,227,2022,wheat_winter,2.217514450867052,2.708149295589828,3.2383,3.5270951632339247,2.708149295589828,peer_raw
wheat_combined,09_01,228,2022,wheat_spring,4.564745762711865,2.929836019614699,3.2991,2.6779088961876263,2.929836019614699,peer_raw
wheat_combined,09_01,229,2022,wheat_spring,2.841666666666667,2.210967280488665,2.6656,2.6779088961876263,2.210967280488665,peer_raw
wheat_combined,09_01,231,2022,wheat_winter,1.5712340425531914,2.2350897073641973,2.288,3.5270951632339247,2.2350897073641973,peer_raw
wheat_combined,09_01,232,2022,wheat_winter,1.847837837837838,1.903257679163703,1.8508,3.5270951632339247,1.903257679163703,peer_raw
wheat_combined,09_01,234,2022,wheat_spring,3.975428571428571,2.872422627061545,3.5317999999999996,2.6779088961876263,2.872422627061545,peer_raw
wheat_combined,09_01,195,2023,wheat_winter,0.8904065040650406,2.059346211272735,1.8031,3.605240949754569,2.059346211272735,peer_raw
wheat_combined,09_01,197,2023,wheat_winter,1.0820991253644316,2.0386121734954186,2.1736999999999997,3.605240949754569,2.0386121734954186,peer_raw
wheat_combined,09_01,207,2023,wheat_winter,1.068974844468488,2.0872822172377044,2.1542000000000003,3.605240949754569,2.0872822172377044,peer_raw
wheat_combined,09_01,208,2023,wheat_spring,2.018076923076923,1.6962524679155622,1.4264,2.8347937514606945,1.6962524679155622,peer_raw
wheat_combined,09_01,209,2023,wheat_winter,1.4882148184982598,1.8458503336761232,3.0968,3.605240949754569,1.8458503336761232,peer_raw
wheat_combined,09_01,212,2023,wheat_spring,2.9445588235294116,1.8541609856009629,2.073,2.8347937514606945,1.8541609856009629,peer_raw
wheat_combined,09_01,228,2023,wheat_winter,1.5016949152542372,2.0332211830165687,2.2995,3.605240949754569,2.0332211830165687,peer_raw
wheat_combined,09_01,229,2023,wheat_winter,3.443333333333334,2.0943793317563233,2.076,3.605240949754569,2.0943793317563233,peer_raw
wheat_combined,09_01,230,2023,wheat_spring,0.9786995515695068,1.88645591006897,2.0961,2.8347937514606945,1.88645591006897,peer_raw
wheat_combined,09_01,234,2023,wheat_winter,1.7062857142857142,2.4280528326370705,2.4153,3.605240949754569,2.4280528326370705,peer_raw
wheat_combined,09_01,210,2024,wheat_winter,5.519493927125506,4.422552303570534,5.754099999999999,3.5237797966522484,4.422552303570534,peer_raw
wheat_combined,09_01,215,2024,wheat_winter,4.476708860759494,3.5542963164376764,4.2056,3.5237797966522484,3.5542963164376764,peer_raw
wheat_combined,09_01,216,2024,wheat_winter,5.342162162162162,4.107989406008287,5.3586,3.5237797966522484,4.107989406008287,peer_raw
wheat_combined,09_01,218,2024,wheat_spring,4.027153846153846,3.2551163887963095,3.4,2.7584835033320987,3.2551163887963095,peer_raw
wheat_combined,09_01,219,2024,wheat_spring,3.6718380952380953,3.241449702749606,3.2952,2.7584835033320987,3.241449702749606,peer_raw
wheat_combined,09_01,220,2024,wheat_spring,3.12756,3.355381586650501,3.8434,2.7584835033320987,3.355381586650501,peer_raw
wheat_combined,09_01,222,2024,wheat_spring,3.6562580645161287,3.542979256160206,3.9848,2.7584835033320987,3.542979256160206,peer_raw
wheat_combined,09_01,223,2024,wheat_spring,3.350857142857143,3.355414774787872,4.2385,2.7584835033320987,3.355414774787872,peer_raw
wheat_combined,09_01,224,2024,wheat_winter,5.0582692307692305,4.123824774830957,4.9363,3.5237797966522484,4.123824774830957,peer_raw
wheat_combined,09_01,226,2024,wheat_winter,4.9315,4.019241592309746,4.5445,3.5237797966522484,4.019241592309746,peer_raw
wheat_combined,09_01,231,2024,wheat_spring,3.806382978723404,3.5653226523145207,3.636,2.7584835033320987,3.5653226523145207,peer_raw
wheat_combined,09_01,232,2024,wheat_spring,3.330304054054054,3.436834687221414,3.8371,2.7584835033320987,3.436834687221414,peer_raw
wheat_combined,09_01,195,2025,wheat_spring,2.7195121951219514,3.1190518190148597,2.8708,2.7859952931393197,3.1190518190148597,peer_raw
wheat_combined,09_01,197,2025,wheat_spring,3.779416909620991,3.15942402273593,3.1238,2.7859952931393197,3.15942402273593,peer_raw
wheat_combined,09_01,208,2025,wheat_spring,3.8430769230769233,3.2490566096613485,3.0721,2.7859952931393197,3.2490566096613485,peer_raw
wheat_combined,09_01,212,2025,wheat_spring,1.7024264705882353,2.6643612635051546,2.8967,2.7859952931393197,2.6643612635051546,peer_raw
wheat_combined,09_01,217,2025,wheat_spring,2.5629901960784314,2.7114872795933342,2.7186,2.7859952931393197,2.7114872795933342,peer_raw
wheat_combined,09_01,218,2025,wheat_spring,4.112820512820513,3.138326800302205,2.6460999999999997,2.7859952931393197,3.138326800302205,peer_raw
wheat_combined,09_01,220,2025,wheat_spring,3.3072000000000004,3.107847133286436,3.6214,2.7859952931393197,3.107847133286436,peer_raw
wheat_combined,09_01,228,2025,wheat_spring,3.004576271186441,3.1227133331572197,3.5229999999999997,2.7859952931393197,3.1227133331572197,peer_raw
wheat_combined,09_01,229,2025,wheat_spring,3.5050000000000003,2.550188773317195,3.1488,2.7859952931393197,2.550188773317195,peer_raw
wheat_combined,09_01,230,2025,wheat_spring,3.6687443946188343,3.3628378939477557,2.9788,2.7859952931393197,3.3628378939477557,peer_raw
wheat_combined,09_01,207,2019,wheat_spring,3.5799999999999996,3.1967581925123127,2.7728,2.7949344889498353,3.1967581925123127,residual_global
wheat_combined,09_01,230,2019,wheat_winter,4.503,3.4324373931929997,3.9929,3.518703379214148,3.4324373931929997,residual_global
wheat_combined,09_01,231,2019,wheat_winter,4.303,3.6070271734953376,4.2558,3.518703379214148,3.6070271734953376,residual_global
wheat_combined,09_01,232,2019,wheat_winter,3.404,3.594299690594194,4.1161,3.518703379214148,3.594299690594194,residual_global
wheat_combined,09_01,208,2020,wheat_spring,0.505,1.9974381347289736,1.3906,2.775179717236985,1.9974381347289736,residual_global
wheat_combined,09_01,210,2020,wheat_winter,0.211,1.884475332935588,2.1218,3.4657804752870542,1.884475332935588,residual_global
wheat_combined,09_01,211,2020,wheat_winter,0.319,2.118655756172839,2.4044,3.4657804752870542,2.118655756172839,residual_global
wheat_combined,09_01,213,2020,wheat_spring,0.5780000000000001,1.8960044525678488,1.5272,2.775179717236985,1.8960044525678488,residual_global
wheat_combined,09_01,214,2020,wheat_spring,0.319,1.876552669204395,1.5097,2.775179717236985,1.876552669204395,residual_global
wheat_combined,09_01,215,2020,wheat_spring,1.409,2.2441389507072524,1.5953,2.775179717236985,2.2441389507072524,residual_global
wheat_combined,09_01,216,2020,wheat_spring,1.246,2.1509600727042324,2.1373,2.775179717236985,2.1509600727042324,residual_global
wheat_combined,09_01,217,2020,wheat_spring,0.337,1.72233888359486,1.961,2.775179717236985,1.72233888359486,residual_global
wheat_combined,09_01,219,2020,wheat_spring,0.425,1.8196794615928984,1.1434,2.775179717236985,1.8196794615928984,residual_global
wheat_combined,09_01,220,2020,wheat_spring,0.513,2.3903619992781167,1.7675,2.775179717236985,2.3903619992781167,residual_global
wheat_combined,09_01,221,2020,wheat_spring,0.38,2.355805870450064,2.8632,2.775179717236985,2.355805870450064,residual_global
wheat_combined,09_01,222,2020,wheat_spring,0.21,1.8576230978944563,0.9872,2.775179717236985,1.8576230978944563,residual_global
wheat_combined,09_01,223,2020,wheat_spring,0.21,2.0468049235021555,1.126,2.775179717236985,2.0468049235021555,residual_global
wheat_combined,09_01,224,2020,wheat_spring,0.857,1.860575656291762,1.7282,2.775179717236985,1.860575656291762,residual_global
wheat_combined,09_01,225,2020,wheat_spring,2.335,2.455287498481553,3.5470999999999995,2.775179717236985,2.455287498481553,residual_global
wheat_combined,09_01,226,2020,wheat_spring,0.502,1.9488356865198568,1.5046,2.775179717236985,1.9488356865198568,residual_global
wheat_combined,09_01,227,2020,wheat_winter,0.5650000000000001,1.8495807226285843,2.2098,3.4657804752870542,1.8495807226285843,residual_global
wheat_combined,09_01,228,2020,wheat_winter,1.3,2.4462299836132995,2.0305,3.4657804752870542,2.4462299836132995,residual_global
wheat_combined,09_01,229,2020,wheat_winter,3.285,2.2322618836626704,2.221,3.4657804752870542,2.2322618836626704,residual_global
wheat_combined,09_01,213,2021,wheat_spring,1.3155714285714286,3.036771099036358,3.1079999999999997,2.7862022677059213,2.0938087735439126,residual_global
wheat_combined,09_01,214,2021,wheat_spring,1.5857777777777775,3.1113311771192196,3.1157,2.7862022677059213,2.168368851626774,residual_global
wheat_combined,09_01,227,2021,wheat_winter,2.8346242774566472,3.61464484656559,3.5711,3.569358367455552,2.6716825210731443,residual_global
wheat_combined,09_01,228,2021,wheat_winter,2.4169491525423727,3.4311179485024312,3.7058,3.569358367455552,2.4881556230099857,residual_global
wheat_combined,09_01,229,2021,wheat_winter,2.9450000000000003,2.620069952692163,2.4469000000000003,3.569358367455552,1.6771076271997174,residual_global
wheat_combined,09_01,230,2021,wheat_winter,2.123766816143498,3.259140676663521,3.134,3.569358367455552,2.3161783511710756,residual_global
wheat_combined,09_01,231,2021,wheat_winter,3.5069787234042553,3.638051844729272,3.4015999999999997,3.569358367455552,2.6950895192368263,residual_global
wheat_combined,09_01,232,2021,wheat_winter,3.2479729729729727,3.716299810900253,2.9818,3.569358367455552,2.7733374854078074,residual_global
wheat_combined,09_01,233,2021,wheat_winter,3.6453846153846152,3.077034240125113,3.4055999999999997,3.569358367455552,2.1340719146326674,residual_global
wheat_combined,09_01,234,2021,wheat_winter,5.389142857142858,3.471848253799074,3.8293,3.569358367455552,2.5288859283066283,residual_global
wheat_combined,09_01,195,2022,wheat_winter,2.1216260162601626,2.773234801763429,2.4872,3.5270951632339247,1.9958628407009193,residual_global
wheat_combined,09_01,197,2022,wheat_winter,1.5206997084548106,3.00725995793712,3.2342,3.5270951632339247,2.2298879968746106,residual_global
wheat_combined,09_01,207,2022,wheat_winter,1.8862140474258409,2.607877564576072,2.9544,3.5270951632339247,1.8305056035135623,residual_global
wheat_combined,09_01,208,2022,wheat_spring,2.356923076923077,2.9918276647060207,3.6425,2.6779088961876263,2.214455703643511,residual_global
wheat_combined,09_01,209,2022,wheat_spring,2.657417536880491,3.0761086470748027,3.5056,2.6779088961876263,2.298736686012293,residual_global
wheat_combined,09_01,210,2022,wheat_spring,3.0655870445344133,3.186400328735603,3.1305,2.6779088961876263,2.4090283676730935,residual_global
wheat_combined,09_01,212,2022,wheat_spring,3.1773529411764705,3.354811399071433,3.4025,2.6779088961876263,2.5774394380089234,residual_global
wheat_combined,09_01,215,2022,wheat_spring,2.858987341772152,2.999698469200613,2.7344999999999997,2.6779088961876263,2.2223265081381034,residual_global
wheat_combined,09_01,216,2022,wheat_spring,3.1270270270270273,3.1620493664099723,3.9809,2.6779088961876263,2.3846774053474626,residual_global
wheat_combined,09_01,217,2022,wheat_spring,3.063725490196078,2.835088131956004,3.6563,2.6779088961876263,2.0577161708934946,residual_global
wheat_combined,09_01,218,2022,wheat_spring,2.1723076923076925,2.969849057656473,2.5543,2.6779088961876263,2.1924770965939633,residual_global
wheat_combined,09_01,219,2022,wheat_spring,2.827547619047619,2.9978425052787614,3.4502,2.6779088961876263,2.220470544216252,residual_global
wheat_combined,09_01,220,2022,wheat_spring,3.4832,3.3360784244767183,3.4874,2.6779088961876263,2.5587064634142087,residual_global
wheat_combined,09_01,222,2022,wheat_spring,3.2700483870967743,3.4334463199586613,3.586,2.6779088961876263,2.6560743588961517,residual_global
wheat_combined,09_01,223,2022,wheat_spring,3.2311428571428573,3.1109355903529377,2.9478999999999997,2.6779088961876263,2.333563629290428,residual_global
wheat_combined,09_01,224,2022,wheat_spring,3.079423076923077,2.9385458572538634,3.3052,2.6779088961876263,2.161173896191354,residual_global
wheat_combined,09_01,226,2022,wheat_spring,1.6934999999999998,3.192052839463827,2.926,2.6779088961876263,2.414680878401317,residual_global
wheat_combined,09_01,227,2022,wheat_winter,2.217514450867052,2.708149295589828,3.2383,3.5270951632339247,1.9307773345273183,residual_global
wheat_combined,09_01,228,2022,wheat_spring,4.564745762711865,2.929836019614699,3.2991,2.6779088961876263,2.1524640585521895,residual_global
wheat_combined,09_01,229,2022,wheat_spring,2.841666666666667,2.210967280488665,2.6656,2.6779088961876263,1.4335953194261553,residual_global
wheat_combined,09_01,231,2022,wheat_winter,1.5712340425531914,2.2350897073641973,2.288,3.5270951632339247,1.4577177463016877,residual_global
wheat_combined,09_01,232,2022,wheat_winter,1.847837837837838,1.903257679163703,1.8508,3.5270951632339247,1.1258857181011934,residual_global
wheat_combined,09_01,234,2022,wheat_spring,3.975428571428571,2.872422627061545,3.5317999999999996,2.6779088961876263,2.0950506659990356,residual_global
wheat_combined,09_01,195,2023,wheat_winter,0.8904065040650406,2.059346211272735,1.8031,3.605240949754569,1.5258650138623056,residual_global
wheat_combined,09_01,197,2023,wheat_winter,1.0820991253644316,2.0386121734954186,2.1736999999999997,3.605240949754569,1.5051309760849891,residual_global
wheat_combined,09_01,207,2023,wheat_winter,1.068974844468488,2.0872822172377044,2.1542000000000003,3.605240949754569,1.553801019827275,residual_global
wheat_combined,09_01,208,2023,wheat_spring,2.018076923076923,1.6962524679155622,1.4264,2.8347937514606945,1.1627712705051327,residual_global
wheat_combined,09_01,209,2023,wheat_winter,1.4882148184982598,1.8458503336761232,3.0968,3.605240949754569,1.3123691362656937,residual_global
wheat_combined,09_01,212,2023,wheat_spring,2.9445588235294116,1.8541609856009629,2.073,2.8347937514606945,1.3206797881905334,residual_global
wheat_combined,09_01,228,2023,wheat_winter,1.5016949152542372,2.0332211830165687,2.2995,3.605240949754569,1.4997399856061393,residual_global
wheat_combined,09_01,229,2023,wheat_winter,3.443333333333334,2.0943793317563233,2.076,3.605240949754569,1.5608981343458939,residual_global
wheat_combined,09_01,230,2023,wheat_spring,0.9786995515695068,1.88645591006897,2.0961,2.8347937514606945,1.3529747126585407,residual_global
wheat_combined,09_01,234,2023,wheat_winter,1.7062857142857142,2.4280528326370705,2.4153,3.605240949754569,1.894571635226641,residual_global
wheat_combined,09_01,210,2024,wheat_winter,5.519493927125506,4.422552303570534,5.754099999999999,3.5237797966522484,3.925942967991501,residual_global
wheat_combined,09_01,215,2024,wheat_winter,4.476708860759494,3.5542963164376764,4.2056,3.5237797966522484,3.057686980858644,residual_global
wheat_combined,09_01,216,2024,wheat_winter,5.342162162162162,4.107989406008287,5.3586,3.5237797966522484,3.611380070429255,residual_global
wheat_combined,09_01,218,2024,wheat_spring,4.027153846153846,3.2551163887963095,3.4,2.7584835033320987,2.758507053217277,residual_global
wheat_combined,09_01,219,2024,wheat_spring,3.6718380952380953,3.241449702749606,3.2952,2.7584835033320987,2.7448403671705734,residual_global
wheat_combined,09_01,220,2024,wheat_spring,3.12756,3.355381586650501,3.8434,2.7584835033320987,2.8587722510714686,residual_global
wheat_combined,09_01,222,2024,wheat_spring,3.6562580645161287,3.542979256160206,3.9848,2.7584835033320987,3.0463699205811734,residual_global
wheat_combined,09_01,223,2024,wheat_spring,3.350857142857143,3.355414774787872,4.2385,2.7584835033320987,2.85880543920884,residual_global
wheat_combined,09_01,224,2024,wheat_winter,5.0582692307692305,4.123824774830957,4.9363,3.5237797966522484,3.6272154392519242,residual_global
wheat_combined,09_01,226,2024,wheat_winter,4.9315,4.019241592309746,4.5445,3.5237797966522484,3.522632256730714,residual_global
wheat_combined,09_01,231,2024,wheat_spring,3.806382978723404,3.5653226523145207,3.636,2.7584835033320987,3.0687133167354883,residual_global
wheat_combined,09_01,232,2024,wheat_spring,3.330304054054054,3.436834687221414,3.8371,2.7584835033320987,2.9402253516423817,residual_global
wheat_combined,09_01,195,2025,wheat_spring,2.7195121951219514,3.1190518190148597,2.8708,2.7859952931393197,2.779845008403389,residual_global
wheat_combined,09_01,197,2025,wheat_spring,3.779416909620991,3.15942402273593,3.1238,2.7859952931393197,2.8202172121244593,residual_global
wheat_combined,09_01,208,2025,wheat_spring,3.8430769230769233,3.2490566096613485,3.0721,2.7859952931393197,2.9098497990498777,residual_global
wheat_combined,09_01,212,2025,wheat_spring,1.7024264705882353,2.6643612635051546,2.8967,2.7859952931393197,2.325154452893684,residual_global
wheat_combined,09_01,217,2025,wheat_spring,2.5629901960784314,2.7114872795933342,2.7186,2.7859952931393197,2.3722804689818635,residual_global
wheat_combined,09_01,218,2025,wheat_spring,4.112820512820513,3.138326800302205,2.6460999999999997,2.7859952931393197,2.7991199896907344,residual_global
wheat_combined,09_01,220,2025,wheat_spring,3.3072000000000004,3.107847133286436,3.6214,2.7859952931393197,2.7686403226749654,residual_global
wheat_combined,09_01,228,2025,wheat_spring,3.004576271186441,3.1227133331572197,3.5229999999999997,2.7859952931393197,2.783506522545749,residual_global
wheat_combined,09_01,229,2025,wheat_spring,3.5050000000000003,2.550188773317195,3.1488,2.7859952931393197,2.2109819627057243,residual_global
wheat_combined,09_01,230,2025,wheat_spring,3.6687443946188343,3.3628378939477557,2.9788,2.7859952931393197,3.023631083336285,residual_global
wheat_combined,09_01,207,2019,wheat_spring,3.5799999999999996,3.1967581925123127,2.7728,2.7949344889498353,3.1967581925123127,residual_crop
wheat_combined,09_01,230,2019,wheat_winter,4.503,3.4324373931929997,3.9929,3.518703379214148,3.4324373931929997,residual_crop
wheat_combined,09_01,231,2019,wheat_winter,4.303,3.6070271734953376,4.2558,3.518703379214148,3.6070271734953376,residual_crop
wheat_combined,09_01,232,2019,wheat_winter,3.404,3.594299690594194,4.1161,3.518703379214148,3.594299690594194,residual_crop
wheat_combined,09_01,208,2020,wheat_spring,0.505,1.9974381347289736,1.3906,2.775179717236985,1.9974381347289736,residual_crop
wheat_combined,09_01,210,2020,wheat_winter,0.211,1.884475332935588,2.1218,3.4657804752870542,1.884475332935588,residual_crop
wheat_combined,09_01,211,2020,wheat_winter,0.319,2.118655756172839,2.4044,3.4657804752870542,2.118655756172839,residual_crop
wheat_combined,09_01,213,2020,wheat_spring,0.5780000000000001,1.8960044525678488,1.5272,2.775179717236985,1.8960044525678488,residual_crop
wheat_combined,09_01,214,2020,wheat_spring,0.319,1.876552669204395,1.5097,2.775179717236985,1.876552669204395,residual_crop
wheat_combined,09_01,215,2020,wheat_spring,1.409,2.2441389507072524,1.5953,2.775179717236985,2.2441389507072524,residual_crop
wheat_combined,09_01,216,2020,wheat_spring,1.246,2.1509600727042324,2.1373,2.775179717236985,2.1509600727042324,residual_crop
wheat_combined,09_01,217,2020,wheat_spring,0.337,1.72233888359486,1.961,2.775179717236985,1.72233888359486,residual_crop
wheat_combined,09_01,219,2020,wheat_spring,0.425,1.8196794615928984,1.1434,2.775179717236985,1.8196794615928984,residual_crop
wheat_combined,09_01,220,2020,wheat_spring,0.513,2.3903619992781167,1.7675,2.775179717236985,2.3903619992781167,residual_crop
wheat_combined,09_01,221,2020,wheat_spring,0.38,2.355805870450064,2.8632,2.775179717236985,2.355805870450064,residual_crop
wheat_combined,09_01,222,2020,wheat_spring,0.21,1.8576230978944563,0.9872,2.775179717236985,1.8576230978944563,residual_crop
wheat_combined,09_01,223,2020,wheat_spring,0.21,2.0468049235021555,1.126,2.775179717236985,2.0468049235021555,residual_crop
wheat_combined,09_01,224,2020,wheat_spring,0.857,1.860575656291762,1.7282,2.775179717236985,1.860575656291762,residual_crop
wheat_combined,09_01,225,2020,wheat_spring,2.335,2.455287498481553,3.5470999999999995,2.775179717236985,2.455287498481553,residual_crop
wheat_combined,09_01,226,2020,wheat_spring,0.502,1.9488356865198568,1.5046,2.775179717236985,1.9488356865198568,residual_crop
wheat_combined,09_01,227,2020,wheat_winter,0.5650000000000001,1.8495807226285843,2.2098,3.4657804752870542,1.8495807226285843,residual_crop
wheat_combined,09_01,228,2020,wheat_winter,1.3,2.4462299836132995,2.0305,3.4657804752870542,2.4462299836132995,residual_crop
wheat_combined,09_01,229,2020,wheat_winter,3.285,2.2322618836626704,2.221,3.4657804752870542,2.2322618836626704,residual_crop
wheat_combined,09_01,213,2021,wheat_spring,1.3155714285714286,3.036771099036358,3.1079999999999997,2.7862022677059213,1.8092267290343087,residual_crop
wheat_combined,09_01,214,2021,wheat_spring,1.5857777777777775,3.1113311771192196,3.1157,2.7862022677059213,1.8837868071171702,residual_crop
wheat_combined,09_01,227,2021,wheat_winter,2.8346242774566472,3.61464484656559,3.5711,3.569358367455552,3.2052738545286505,residual_crop
wheat_combined,09_01,228,2021,wheat_winter,2.4169491525423727,3.4311179485024312,3.7058,3.569358367455552,3.021746956465492,residual_crop
wheat_combined,09_01,229,2021,wheat_winter,2.9450000000000003,2.620069952692163,2.4469000000000003,3.569358367455552,2.2106989606552236,residual_crop
wheat_combined,09_01,230,2021,wheat_winter,2.123766816143498,3.259140676663521,3.134,3.569358367455552,2.8497696846265823,residual_crop
wheat_combined,09_01,231,2021,wheat_winter,3.5069787234042553,3.638051844729272,3.4015999999999997,3.569358367455552,3.2286808526923325,residual_crop
wheat_combined,09_01,232,2021,wheat_winter,3.2479729729729727,3.716299810900253,2.9818,3.569358367455552,3.306928818863314,residual_crop
wheat_combined,09_01,233,2021,wheat_winter,3.6453846153846152,3.077034240125113,3.4055999999999997,3.569358367455552,2.667663248088174,residual_crop
wheat_combined,09_01,234,2021,wheat_winter,5.389142857142858,3.471848253799074,3.8293,3.569358367455552,3.062477261762135,residual_crop
wheat_combined,09_01,195,2022,wheat_winter,2.1216260162601626,2.773234801763429,2.4872,3.5270951632339247,2.5236500458118223,residual_crop
wheat_combined,09_01,197,2022,wheat_winter,1.5206997084548106,3.00725995793712,3.2342,3.5270951632339247,2.7576752019855135,residual_crop
wheat_combined,09_01,207,2022,wheat_winter,1.8862140474258409,2.607877564576072,2.9544,3.5270951632339247,2.358292808624465,residual_crop
wheat_combined,09_01,208,2022,wheat_spring,2.356923076923077,2.9918276647060207,3.6425,2.6779088961876263,1.7177148047156023,residual_crop
wheat_combined,09_01,209,2022,wheat_spring,2.657417536880491,3.0761086470748027,3.5056,2.6779088961876263,1.8019957870843843,residual_crop
wheat_combined,09_01,210,2022,wheat_spring,3.0655870445344133,3.186400328735603,3.1305,2.6779088961876263,1.9122874687451847,residual_crop
wheat_combined,09_01,212,2022,wheat_spring,3.1773529411764705,3.354811399071433,3.4025,2.6779088961876263,2.0806985390810144,residual_crop
wheat_combined,09_01,215,2022,wheat_spring,2.858987341772152,2.999698469200613,2.7344999999999997,2.6779088961876263,1.7255856092101947,residual_crop
wheat_combined,09_01,216,2022,wheat_spring,3.1270270270270273,3.1620493664099723,3.9809,2.6779088961876263,1.887936506419554,residual_crop
wheat_combined,09_01,217,2022,wheat_spring,3.063725490196078,2.835088131956004,3.6563,2.6779088961876263,1.5609752719655858,residual_crop
wheat_combined,09_01,218,2022,wheat_spring,2.1723076923076925,2.969849057656473,2.5543,2.6779088961876263,1.6957361976660545,residual_crop
wheat_combined,09_01,219,2022,wheat_spring,2.827547619047619,2.9978425052787614,3.4502,2.6779088961876263,1.723729645288343,residual_crop
wheat_combined,09_01,220,2022,wheat_spring,3.4832,3.3360784244767183,3.4874,2.6779088961876263,2.0619655644863,residual_crop
wheat_combined,09_01,222,2022,wheat_spring,3.2700483870967743,3.4334463199586613,3.586,2.6779088961876263,2.159333459968243,residual_crop
wheat_combined,09_01,223,2022,wheat_spring,3.2311428571428573,3.1109355903529377,2.9478999999999997,2.6779088961876263,1.8368227303625193,residual_crop
wheat_combined,09_01,224,2022,wheat_spring,3.079423076923077,2.9385458572538634,3.3052,2.6779088961876263,1.664432997263445,residual_crop
wheat_combined,09_01,226,2022,wheat_spring,1.6934999999999998,3.192052839463827,2.926,2.6779088961876263,1.9179399794734084,residual_crop
wheat_combined,09_01,227,2022,wheat_winter,2.217514450867052,2.708149295589828,3.2383,3.5270951632339247,2.458564539638221,residual_crop
wheat_combined,09_01,228,2022,wheat_spring,4.564745762711865,2.929836019614699,3.2991,2.6779088961876263,1.6557231596242807,residual_crop
wheat_combined,09_01,229,2022,wheat_spring,2.841666666666667,2.210967280488665,2.6656,2.6779088961876263,0.9368544204982465,residual_crop
wheat_combined,09_01,231,2022,wheat_winter,1.5712340425531914,2.2350897073641973,2.288,3.5270951632339247,1.9855049514125904,residual_crop
wheat_combined,09_01,232,2022,wheat_winter,1.847837837837838,1.903257679163703,1.8508,3.5270951632339247,1.6536729232120961,residual_crop
wheat_combined,09_01,234,2022,wheat_spring,3.975428571428571,2.872422627061545,3.5317999999999996,2.6779088961876263,1.5983097670711268,residual_crop
wheat_combined,09_01,195,2023,wheat_winter,0.8904065040650406,2.059346211272735,1.8031,3.605240949754569,1.6928417113535912,residual_crop
wheat_combined,09_01,197,2023,wheat_winter,1.0820991253644316,2.0386121734954186,2.1736999999999997,3.605240949754569,1.6721076735762748,residual_crop
wheat_combined,09_01,207,2023,wheat_winter,1.068974844468488,2.0872822172377044,2.1542000000000003,3.605240949754569,1.7207777173185606,residual_crop
wheat_combined,09_01,208,2023,wheat_spring,2.018076923076923,1.6962524679155622,1.4264,2.8347937514606945,1.054727525069595,residual_crop
wheat_combined,09_01,209,2023,wheat_winter,1.4882148184982598,1.8458503336761232,3.0968,3.605240949754569,1.4793458337569794,residual_crop
wheat_combined,09_01,212,2023,wheat_spring,2.9445588235294116,1.8541609856009629,2.073,2.8347937514606945,1.2126360427549958,residual_crop
wheat_combined,09_01,228,2023,wheat_winter,1.5016949152542372,2.0332211830165687,2.2995,3.605240949754569,1.666716683097425,residual_crop
wheat_combined,09_01,229,2023,wheat_winter,3.443333333333334,2.0943793317563233,2.076,3.605240949754569,1.7278748318371795,residual_crop
wheat_combined,09_01,230,2023,wheat_spring,0.9786995515695068,1.88645591006897,2.0961,2.8347937514606945,1.244930967223003,residual_crop
wheat_combined,09_01,234,2023,wheat_winter,1.7062857142857142,2.4280528326370705,2.4153,3.605240949754569,2.0615483327179267,residual_crop
wheat_combined,09_01,210,2024,wheat_winter,5.519493927125506,4.422552303570534,5.754099999999999,3.5237797966522484,4.02707526818972,residual_crop
wheat_combined,09_01,215,2024,wheat_winter,4.476708860759494,3.5542963164376764,4.2056,3.5237797966522484,3.1588192810568625,residual_crop
wheat_combined,09_01,216,2024,wheat_winter,5.342162162162162,4.107989406008287,5.3586,3.5237797966522484,3.7125123706274734,residual_crop
wheat_combined,09_01,218,2024,wheat_spring,4.027153846153846,3.2551163887963095,3.4,2.7584835033320987,2.67924119630516,residual_crop
wheat_combined,09_01,219,2024,wheat_spring,3.6718380952380953,3.241449702749606,3.2952,2.7584835033320987,2.6655745102584563,residual_crop
wheat_combined,09_01,220,2024,wheat_spring,3.12756,3.355381586650501,3.8434,2.7584835033320987,2.7795063941593514,residual_crop
wheat_combined,09_01,222,2024,wheat_spring,3.6562580645161287,3.542979256160206,3.9848,2.7584835033320987,2.967104063669056,residual_crop
wheat_combined,09_01,223,2024,wheat_spring,3.350857142857143,3.355414774787872,4.2385,2.7584835033320987,2.7795395822967226,residual_crop
wheat_combined,09_01,224,2024,wheat_winter,5.0582692307692305,4.123824774830957,4.9363,3.5237797966522484,3.7283477394501428,residual_crop
wheat_combined,09_01,226,2024,wheat_winter,4.9315,4.019241592309746,4.5445,3.5237797966522484,3.6237645569289323,residual_crop
wheat_combined,09_01,231,2024,wheat_spring,3.806382978723404,3.5653226523145207,3.636,2.7584835033320987,2.989447459823371,residual_crop
wheat_combined,09_01,232,2024,wheat_spring,3.330304054054054,3.436834687221414,3.8371,2.7584835033320987,2.8609594947302646,residual_crop
wheat_combined,09_01,195,2025,wheat_spring,2.7195121951219514,3.1190518190148597,2.8708,2.7859952931393197,2.6624716601668985,residual_crop
wheat_combined,09_01,197,2025,wheat_spring,3.779416909620991,3.15942402273593,3.1238,2.7859952931393197,2.702843863887969,residual_crop
wheat_combined,09_01,208,2025,wheat_spring,3.8430769230769233,3.2490566096613485,3.0721,2.7859952931393197,2.7924764508133872,residual_crop
wheat_combined,09_01,212,2025,wheat_spring,1.7024264705882353,2.6643612635051546,2.8967,2.7859952931393197,2.2077811046571933,residual_crop
wheat_combined,09_01,217,2025,wheat_spring,2.5629901960784314,2.7114872795933342,2.7186,2.7859952931393197,2.254907120745373,residual_crop
wheat_combined,09_01,218,2025,wheat_spring,4.112820512820513,3.138326800302205,2.6460999999999997,2.7859952931393197,2.681746641454244,residual_crop
wheat_combined,09_01,220,2025,wheat_spring,3.3072000000000004,3.107847133286436,3.6214,2.7859952931393197,2.651266974438475,residual_crop
wheat_combined,09_01,228,2025,wheat_spring,3.004576271186441,3.1227133331572197,3.5229999999999997,2.7859952931393197,2.6661331743092584,residual_crop
wheat_combined,09_01,229,2025,wheat_spring,3.5050000000000003,2.550188773317195,3.1488,2.7859952931393197,2.093608614469234,residual_crop
wheat_combined,09_01,230,2025,wheat_spring,3.6687443946188343,3.3628378939477557,2.9788,2.7859952931393197,2.9062577350997945,residual_crop
wheat_combined,09_01,207,2019,wheat_spring,3.5799999999999996,3.1967581925123127,2.7728,2.7949344889498353,3.1967581925123127,linear_global
wheat_combined,09_01,230,2019,wheat_winter,4.503,3.4324373931929997,3.9929,3.518703379214148,3.4324373931929997,linear_global
wheat_combined,09_01,231,2019,wheat_winter,4.303,3.6070271734953376,4.2558,3.518703379214148,3.6070271734953376,linear_global
wheat_combined,09_01,232,2019,wheat_winter,3.404,3.594299690594194,4.1161,3.518703379214148,3.594299690594194,linear_global
wheat_combined,09_01,208,2020,wheat_spring,0.505,1.9974381347289736,1.3906,2.775179717236985,1.9974381347289736,linear_global
wheat_combined,09_01,210,2020,wheat_winter,0.211,1.884475332935588,2.1218,3.4657804752870542,1.884475332935588,linear_global
wheat_combined,09_01,211,2020,wheat_winter,0.319,2.118655756172839,2.4044,3.4657804752870542,2.118655756172839,linear_global
wheat_combined,09_01,213,2020,wheat_spring,0.5780000000000001,1.8960044525678488,1.5272,2.775179717236985,1.8960044525678488,linear_global
wheat_combined,09_01,214,2020,wheat_spring,0.319,1.876552669204395,1.5097,2.775179717236985,1.876552669204395,linear_global
wheat_combined,09_01,215,2020,wheat_spring,1.409,2.2441389507072524,1.5953,2.775179717236985,2.2441389507072524,linear_global
wheat_combined,09_01,216,2020,wheat_spring,1.246,2.1509600727042324,2.1373,2.775179717236985,2.1509600727042324,linear_global
wheat_combined,09_01,217,2020,wheat_spring,0.337,1.72233888359486,1.961,2.775179717236985,1.72233888359486,linear_global
wheat_combined,09_01,219,2020,wheat_spring,0.425,1.8196794615928984,1.1434,2.775179717236985,1.8196794615928984,linear_global
wheat_combined,09_01,220,2020,wheat_spring,0.513,2.3903619992781167,1.7675,2.775179717236985,2.3903619992781167,linear_global
wheat_combined,09_01,221,2020,wheat_spring,0.38,2.355805870450064,2.8632,2.775179717236985,2.355805870450064,linear_global
wheat_combined,09_01,222,2020,wheat_spring,0.21,1.8576230978944563,0.9872,2.775179717236985,1.8576230978944563,linear_global
wheat_combined,09_01,223,2020,wheat_spring,0.21,2.0468049235021555,1.126,2.775179717236985,2.0468049235021555,linear_global
wheat_combined,09_01,224,2020,wheat_spring,0.857,1.860575656291762,1.7282,2.775179717236985,1.860575656291762,linear_global
wheat_combined,09_01,225,2020,wheat_spring,2.335,2.455287498481553,3.5470999999999995,2.775179717236985,2.455287498481553,linear_global
wheat_combined,09_01,226,2020,wheat_spring,0.502,1.9488356865198568,1.5046,2.775179717236985,1.9488356865198568,linear_global
wheat_combined,09_01,227,2020,wheat_winter,0.5650000000000001,1.8495807226285843,2.2098,3.4657804752870542,1.8495807226285843,linear_global
wheat_combined,09_01,228,2020,wheat_winter,1.3,2.4462299836132995,2.0305,3.4657804752870542,2.4462299836132995,linear_global
wheat_combined,09_01,229,2020,wheat_winter,3.285,2.2322618836626704,2.221,3.4657804752870542,2.2322618836626704,linear_global
wheat_combined,09_01,213,2021,wheat_spring,1.3155714285714286,3.036771099036358,3.1079999999999997,2.7862022677059213,2.883255519874938,linear_global
wheat_combined,09_01,214,2021,wheat_spring,1.5857777777777775,3.1113311771192196,3.1157,2.7862022677059213,3.0381049957777506,linear_global
wheat_combined,09_01,227,2021,wheat_winter,2.8346242774566472,3.61464484656559,3.5711,3.569358367455552,4.083407789611693,linear_global
wheat_combined,09_01,228,2021,wheat_winter,2.4169491525423727,3.4311179485024312,3.7058,3.569358367455552,3.7022514830482005,linear_global
wheat_combined,09_01,229,2021,wheat_winter,2.9450000000000003,2.620069952692163,2.4469000000000003,3.569358367455552,2.0178332217948607,linear_global
wheat_combined,09_01,230,2021,wheat_winter,2.123766816143498,3.259140676663521,3.134,3.569358367455552,3.3450819213176564,linear_global
wheat_combined,09_01,231,2021,wheat_winter,3.5069787234042553,3.638051844729272,3.4015999999999997,3.569358367455552,4.132020418397786,linear_global
wheat_combined,09_01,232,2021,wheat_winter,3.2479729729729727,3.716299810900253,2.9818,3.569358367455552,4.29452905389803,linear_global
wheat_combined,09_01,233,2021,wheat_winter,3.6453846153846152,3.077034240125113,3.4055999999999997,3.569358367455552,2.9668756884169527,linear_global
wheat_combined,09_01,234,2021,wheat_winter,5.389142857142858,3.471848253799074,3.8293,3.569358367455552,3.7868418776765083,linear_global
wheat_combined,09_01,195,2022,wheat_winter,2.1216260162601626,2.773234801763429,2.4872,3.5270951632339247,2.1252957727844892,linear_global
wheat_combined,09_01,197,2022,wheat_winter,1.5206997084548106,3.00725995793712,3.2342,3.5270951632339247,2.5392225954219154,linear_global
wheat_combined,09_01,207,2022,wheat_winter,1.8862140474258409,2.607877564576072,2.9544,3.5270951632339247,1.8328238141790385,linear_global
wheat_combined,09_01,208,2022,wheat_spring,2.356923076923077,2.9918276647060207,3.6425,2.6779088961876263,2.5119270678487298,linear_global
wheat_combined,09_01,209,2022,wheat_spring,2.657417536880491,3.0761086470748027,3.5056,2.6779088961876263,2.6609971926637677,linear_global
wheat_combined,09_01,210,2022,wheat_spring,3.0655870445344133,3.186400328735603,3.1305,2.6779088961876263,2.8560731669718913,linear_global
wheat_combined,09_01,212,2022,wheat_spring,3.1773529411764705,3.354811399071433,3.4025,2.6779088961876263,3.1539465254639163,linear_global
wheat_combined,09_01,215,2022,wheat_spring,2.858987341772152,2.999698469200613,2.7344999999999997,2.6779088961876263,2.525848379340683,linear_global
wheat_combined,09_01,216,2022,wheat_spring,3.1270270270270273,3.1620493664099723,3.9809,2.6779088961876263,2.8130029405551586,linear_global
wheat_combined,09_01,217,2022,wheat_spring,3.063725490196078,2.835088131956004,3.6563,2.6779088961876263,2.2346974835012388,linear_global
wheat_combined,09_01,218,2022,wheat_spring,2.1723076923076925,2.969849057656473,2.5543,2.6779088961876263,2.473052892393576,linear_global
wheat_combined,09_01,219,2022,wheat_spring,2.827547619047619,2.9978425052787614,3.4502,2.6779088961876263,2.5225656841737947,linear_global
wheat_combined,09_01,220,2022,wheat_spring,3.4832,3.3360784244767183,3.4874,2.6779088961876263,3.1208129906793793,linear_global
wheat_combined,09_01,222,2022,wheat_spring,3.2700483870967743,3.4334463199586613,3.586,2.6779088961876263,3.2930303038207964,linear_global
wheat_combined,09_01,223,2022,wheat_spring,3.2311428571428573,3.1109355903529377,2.9478999999999997,2.6779088961876263,2.7225965788536564,linear_global
wheat_combined,09_01,224,2022,wheat_spring,3.079423076923077,2.9385458572538634,3.3052,2.6779088961876263,2.4176860485342004,linear_global
wheat_combined,09_01,226,2022,wheat_spring,1.6934999999999998,3.192052839463827,2.926,2.6779088961876263,2.8660709203925583,linear_global
wheat_combined,09_01,227,2022,wheat_winter,2.217514450867052,2.708149295589828,3.2383,3.5270951632339247,2.01017722223776,linear_global
wheat_combined,09_01,228,2022,wheat_spring,4.564745762711865,2.929836019614699,3.2991,2.6779088961876263,2.402280715711812,linear_global
wheat_combined,09_01,229,2022,wheat_spring,2.841666666666667,2.210967280488665,2.6656,2.6779088961876263,1.1307975215761923,linear_global
wheat_combined,09_01,231,2022,wheat_winter,1.5712340425531914,2.2350897073641973,2.288,3.5270951632339247,1.1734635309665762,linear_global
wheat_combined,09_01,232,2022,wheat_winter,1.847837837837838,1.903257679163703,1.8508,3.5270951632339247,0.5865429651261225,linear_global
wheat_combined,09_01,234,2022,wheat_spring,3.975428571428571,2.872422627061545,3.5317999999999996,2.6779088961876263,2.3007320465647902,linear_global
wheat_combined,09_01,195,2023,wheat_winter,0.8904065040650406,2.059346211272735,1.8031,3.605240949754569,1.0496700692711682,linear_global
wheat_combined,09_01,197,2023,wheat_winter,1.0820991253644316,2.0386121734954186,2.1736999999999997,3.605240949754569,1.0141798383068745,linear_global
wheat_combined,09_01,207,2023,wheat_winter,1.068974844468488,2.0872822172377044,2.1542000000000003,3.605240949754569,1.09748783224454,linear_global
wheat_combined,09_01,208,2023,wheat_spring,2.018076923076923,1.6962524679155622,1.4264,2.8347937514606945,0.4281663876518551,linear_global
wheat_combined,09_01,209,2023,wheat_winter,1.4882148184982598,1.8458503336761232,3.0968,3.605240949754569,0.6842314563388718,linear_global
wheat_combined,09_01,212,2023,wheat_spring,2.9445588235294116,1.8541609856009629,2.073,2.8347937514606945,0.6984567104569621,linear_global
wheat_combined,09_01,228,2023,wheat_winter,1.5016949152542372,2.0332211830165687,2.2995,3.605240949754569,1.004952137495506,linear_global
wheat_combined,09_01,229,2023,wheat_winter,3.443333333333334,2.0943793317563233,2.076,3.605240949754569,1.109635887348471,linear_global
wheat_combined,09_01,230,2023,wheat_spring,0.9786995515695068,1.88645591006897,2.0961,2.8347937514606945,0.7537355876662011,linear_global
wheat_combined,09_01,234,2023,wheat_winter,1.7062857142857142,2.4280528326370705,2.4153,3.605240949754569,1.6807812542136664,linear_global
wheat_combined,09_01,210,2024,wheat_winter,5.519493927125506,4.422552303570534,5.754099999999999,3.5237797966522484,4.816178962608879,linear_global
wheat_combined,09_01,215,2024,wheat_winter,4.476708860759494,3.5542963164376764,4.2056,3.5237797966522484,3.519484161311361,linear_global
wheat_combined,09_01,216,2024,wheat_winter,5.342162162162162,4.107989406008287,5.3586,3.5237797966522484,4.34639576503257,linear_global
wheat_combined,09_01,218,2024,wheat_spring,4.027153846153846,3.2551163887963095,3.4,2.7584835033320987,3.0726746229099096,linear_global
wheat_combined,09_01,219,2024,wheat_spring,3.6718380952380953,3.241449702749606,3.2952,2.7584835033320987,3.052264143730554,linear_global
wheat_combined,09_01,220,2024,wheat_spring,3.12756,3.355381586650501,3.8434,2.7584835033320987,3.2224154398294975,linear_global
wheat_combined,09_01,222,2024,wheat_spring,3.6562580645161287,3.542979256160206,3.9848,2.7584835033320987,3.502582725046895,linear_global
wheat_combined,09_01,223,2024,wheat_spring,3.350857142857143,3.355414774787872,4.2385,2.7584835033320987,3.2224650045728818,linear_global
wheat_combined,09_01,224,2024,wheat_winter,5.0582692307692305,4.123824774830957,4.9363,3.5237797966522484,4.370045058251716,linear_global
wheat_combined,09_01,226,2024,wheat_winter,4.9315,4.019241592309746,4.5445,3.5237797966522484,4.213855557588184,linear_global
wheat_combined,09_01,231,2024,wheat_spring,3.806382978723404,3.5653226523145207,3.636,2.7584835033320987,3.535951415923769,linear_global
wheat_combined,09_01,232,2024,wheat_spring,3.330304054054054,3.436834687221414,3.8371,2.7584835033320987,3.3440613756192907,linear_global
wheat_combined,09_01,195,2025,wheat_spring,2.7195121951219514,3.1190518190148597,2.8708,2.7859952931393197,3.0006906670072464,linear_global
wheat_combined,09_01,197,2025,wheat_spring,3.779416909620991,3.15942402273593,3.1238,2.7859952931393197,3.0673174116665303,linear_global
wheat_combined,09_01,208,2025,wheat_spring,3.8430769230769233,3.2490566096613485,3.0721,2.7859952931393197,3.215239172972668,linear_global
wheat_combined,09_01,212,2025,wheat_spring,1.7024264705882353,2.6643612635051546,2.8967,2.7859952931393197,2.250309247398925,linear_global
wheat_combined,09_01,217,2025,wheat_spring,2.5629901960784314,2.7114872795933342,2.7186,2.7859952931393197,2.328081891726432,linear_global
wheat_combined,09_01,218,2025,wheat_spring,4.112820512820513,3.138326800302205,2.6460999999999997,2.7859952931393197,3.0325004058418443,linear_global
wheat_combined,09_01,220,2025,wheat_spring,3.3072000000000004,3.107847133286436,3.6214,2.7859952931393197,2.9821994362542026,linear_global
wheat_combined,09_01,228,2025,wheat_spring,3.004576271186441,3.1227133331572197,3.5229999999999997,2.7859952931393197,3.0067333088584283,linear_global
wheat_combined,09_01,229,2025,wheat_spring,3.5050000000000003,2.550188773317195,3.1488,2.7859952931393197,2.06188898172743,linear_global
wheat_combined,09_01,230,2025,wheat_spring,3.6687443946188343,3.3628378939477557,2.9788,2.7859952931393197,3.403013826730282,linear_global
wheat_combined,09_01,207,2019,wheat_spring,3.5799999999999996,3.1967581925123127,2.7728,2.7949344889498353,3.1967581925123127,linear_crop
wheat_combined,09_01,230,2019,wheat_winter,4.503,3.4324373931929997,3.9929,3.518703379214148,3.4324373931929997,linear_crop
wheat_combined,09_01,231,2019,wheat_winter,4.303,3.6070271734953376,4.2558,3.518703379214148,3.6070271734953376,linear_crop
wheat_combined,09_01,232,2019,wheat_winter,3.404,3.594299690594194,4.1161,3.518703379214148,3.594299690594194,linear_crop
wheat_combined,09_01,208,2020,wheat_spring,0.505,1.9974381347289736,1.3906,2.775179717236985,1.9974381347289736,linear_crop
wheat_combined,09_01,210,2020,wheat_winter,0.211,1.884475332935588,2.1218,3.4657804752870542,1.884475332935588,linear_crop
wheat_combined,09_01,211,2020,wheat_winter,0.319,2.118655756172839,2.4044,3.4657804752870542,2.118655756172839,linear_crop
wheat_combined,09_01,213,2020,wheat_spring,0.5780000000000001,1.8960044525678488,1.5272,2.775179717236985,1.8960044525678488,linear_crop
wheat_combined,09_01,214,2020,wheat_spring,0.319,1.876552669204395,1.5097,2.775179717236985,1.876552669204395,linear_crop
wheat_combined,09_01,215,2020,wheat_spring,1.409,2.2441389507072524,1.5953,2.775179717236985,2.2441389507072524,linear_crop
wheat_combined,09_01,216,2020,wheat_spring,1.246,2.1509600727042324,2.1373,2.775179717236985,2.1509600727042324,linear_crop
wheat_combined,09_01,217,2020,wheat_spring,0.337,1.72233888359486,1.961,2.775179717236985,1.72233888359486,linear_crop
wheat_combined,09_01,219,2020,wheat_spring,0.425,1.8196794615928984,1.1434,2.775179717236985,1.8196794615928984,linear_crop
wheat_combined,09_01,220,2020,wheat_spring,0.513,2.3903619992781167,1.7675,2.775179717236985,2.3903619992781167,linear_crop
wheat_combined,09_01,221,2020,wheat_spring,0.38,2.355805870450064,2.8632,2.775179717236985,2.355805870450064,linear_crop
wheat_combined,09_01,222,2020,wheat_spring,0.21,1.8576230978944563,0.9872,2.775179717236985,1.8576230978944563,linear_crop
wheat_combined,09_01,223,2020,wheat_spring,0.21,2.0468049235021555,1.126,2.775179717236985,2.0468049235021555,linear_crop
wheat_combined,09_01,224,2020,wheat_spring,0.857,1.860575656291762,1.7282,2.775179717236985,1.860575656291762,linear_crop
wheat_combined,09_01,225,2020,wheat_spring,2.335,2.455287498481553,3.5470999999999995,2.775179717236985,2.455287498481553,linear_crop
wheat_combined,09_01,226,2020,wheat_spring,0.502,1.9488356865198568,1.5046,2.775179717236985,1.9488356865198568,linear_crop
wheat_combined,09_01,227,2020,wheat_winter,0.5650000000000001,1.8495807226285843,2.2098,3.4657804752870542,1.8495807226285843,linear_crop
wheat_combined,09_01,228,2020,wheat_winter,1.3,2.4462299836132995,2.0305,3.4657804752870542,2.4462299836132995,linear_crop
wheat_combined,09_01,229,2020,wheat_winter,3.285,2.2322618836626704,2.221,3.4657804752870542,2.2322618836626704,linear_crop
wheat_combined,09_01,213,2021,wheat_spring,1.3155714285714286,3.036771099036358,3.1079999999999997,2.7862022677059213,2.5903878929528448,linear_crop
wheat_combined,09_01,214,2021,wheat_spring,1.5857777777777775,3.1113311771192196,3.1157,2.7862022677059213,2.7261131633180415,linear_crop
wheat_combined,09_01,227,2021,wheat_winter,2.8346242774566472,3.61464484656559,3.5711,3.569358367455552,3.943701236673949,linear_crop
wheat_combined,09_01,228,2021,wheat_winter,2.4169491525423727,3.4311179485024312,3.7058,3.569358367455552,3.6096184607516184,linear_crop
wheat_combined,09_01,229,2021,wheat_winter,2.9450000000000003,2.620069952692163,2.4469000000000003,3.569358367455552,2.133229066575238,linear_crop
wheat_combined,09_01,230,2021,wheat_winter,2.123766816143498,3.259140676663521,3.134,3.569358367455552,3.296560020937962,linear_crop
wheat_combined,09_01,231,2021,wheat_winter,3.5069787234042553,3.638051844729272,3.4015999999999997,3.569358367455552,3.986310113111454,linear_crop
wheat_combined,09_01,232,2021,wheat_winter,3.2479729729729727,3.716299810900253,2.9818,3.569358367455552,4.128748622259479,linear_crop
wheat_combined,09_01,233,2021,wheat_winter,3.6453846153846152,3.077034240125113,3.4055999999999997,3.569358367455552,2.9650629789559293,linear_crop
wheat_combined,09_01,234,2021,wheat_winter,5.389142857142858,3.471848253799074,3.8293,3.569358367455552,3.6837617803482017,linear_crop
wheat_combined,09_01,195,2022,wheat_winter,2.1216260162601626,2.773234801763429,2.4872,3.5270951632339247,2.3667114543010106,linear_crop
wheat_combined,09_01,197,2022,wheat_winter,1.5206997084548106,3.00725995793712,3.2342,3.5270951632339247,2.7077051698744126,linear_crop
wheat_combined,09_01,207,2022,wheat_winter,1.8862140474258409,2.607877564576072,2.9544,3.5270951632339247,2.12577249018546,linear_crop
wheat_combined,09_01,208,2022,wheat_spring,2.356923076923077,2.9918276647060207,3.6425,2.6779088961876263,2.1147296376100018,linear_crop
wheat_combined,09_01,209,2022,wheat_spring,2.657417536880491,3.0761086470748027,3.5056,2.6779088961876263,2.237533894212131,linear_crop
wheat_combined,09_01,210,2022,wheat_spring,3.0655870445344133,3.186400328735603,3.1305,2.6779088961876263,2.398237858440841,linear_crop
wheat_combined,09_01,212,2022,wheat_spring,3.1773529411764705,3.354811399071433,3.4025,2.6779088961876263,2.6436265062103406,linear_crop
wheat_combined,09_01,215,2022,wheat_spring,2.858987341772152,2.999698469200613,2.7344999999999997,2.6779088961876263,2.1261980408921297,linear_crop
wheat_combined,09_01,216,2022,wheat_spring,3.1270270270270273,3.1620493664099723,3.9809,2.6779088961876263,2.3627565227717726,linear_crop
wheat_combined,09_01,217,2022,wheat_spring,3.063725490196078,2.835088131956004,3.6563,2.6779088961876263,1.8863473708335232,linear_crop
wheat_combined,09_01,218,2022,wheat_spring,2.1723076923076925,2.969849057656473,2.5543,2.6779088961876263,2.082705016823548,linear_crop
wheat_combined,09_01,219,2022,wheat_spring,2.827547619047619,2.9978425052787614,3.4502,2.6779088961876263,2.123493750276412,linear_crop
wheat_combined,09_01,220,2022,wheat_spring,3.4832,3.3360784244767183,3.4874,2.6779088961876263,2.616331036290633,linear_crop
wheat_combined,09_01,222,2022,wheat_spring,3.2700483870967743,3.4334463199586613,3.586,2.6779088961876263,2.758203991321622,linear_crop
wheat_combined,09_01,223,2022,wheat_spring,3.2311428571428573,3.1109355903529377,2.9478999999999997,2.6779088961876263,2.2882795874728212,linear_crop
wheat_combined,09_01,224,2022,wheat_spring,3.079423076923077,2.9385458572538634,3.3052,2.6779088961876263,2.037093703966642,linear_crop
wheat_combined,09_01,226,2022,wheat_spring,1.6934999999999998,3.192052839463827,2.926,2.6779088961876263,2.4064740270094243,linear_crop
wheat_combined,09_01,227,2022,wheat_winter,2.217514450867052,2.708149295589828,3.2383,3.5270951632339247,2.271876570124543,linear_crop
wheat_combined,09_01,228,2022,wheat_spring,4.564745762711865,2.929836019614699,3.2991,2.6779088961876263,2.0244027610476016,linear_crop
wheat_combined,09_01,229,2022,wheat_spring,2.841666666666667,2.210967280488665,2.6656,2.6779088961876263,0.9769524511235703,linear_crop
wheat_combined,09_01,231,2022,wheat_winter,1.5712340425531914,2.2350897073641973,2.288,3.5270951632339247,1.5825902159816654,linear_crop
wheat_combined,09_01,232,2022,wheat_winter,1.847837837837838,1.903257679163703,1.8508,3.5270951632339247,1.0990839207936236,linear_crop
wheat_combined,09_01,234,2022,wheat_spring,3.975428571428571,2.872422627061545,3.5317999999999996,2.6779088961876263,1.940746771364835,linear_crop
wheat_combined,09_01,195,2023,wheat_winter,0.8904065040650406,2.059346211272735,1.8031,3.605240949754569,1.1665869753171056,linear_crop
wheat_combined,09_01,197,2023,wheat_winter,1.0820991253644316,2.0386121734954186,2.1736999999999997,3.605240949754569,1.1326499822382499,linear_crop
wheat_combined,09_01,207,2023,wheat_winter,1.068974844468488,2.0872822172377044,2.1542000000000003,3.605240949754569,1.2123119832131193,linear_crop
wheat_combined,09_01,208,2023,wheat_spring,2.018076923076923,1.6962524679155622,1.4264,2.8347937514606945,0.4622722095037126,linear_crop
wheat_combined,09_01,209,2023,wheat_winter,1.4882148184982598,1.8458503336761232,3.0968,3.605240949754569,0.8171418649060924,linear_crop
wheat_combined,09_01,212,2023,wheat_spring,2.9445588235294116,1.8541609856009629,2.073,2.8347937514606945,0.7207332159577784,linear_crop
wheat_combined,09_01,228,2023,wheat_winter,1.5016949152542372,2.0332211830165687,2.2995,3.605240949754569,1.123826133814039,linear_crop
wheat_combined,09_01,229,2023,wheat_winter,3.443333333333334,2.0943793317563233,2.076,3.605240949754569,1.2239283759719732,linear_crop
wheat_combined,09_01,230,2023,wheat_spring,0.9786995515695068,1.88645591006897,2.0961,2.8347937514606945,0.7735928007585726,linear_crop
wheat_combined,09_01,234,2023,wheat_winter,1.7062857142857142,2.4280528326370705,2.4153,3.605240949754569,1.7700774382822635,linear_crop
wheat_combined,09_01,210,2024,wheat_winter,5.519493927125506,4.422552303570534,5.754099999999999,3.5237797966522484,4.78886505087416,linear_crop
wheat_combined,09_01,215,2024,wheat_winter,4.476708860759494,3.5542963164376764,4.2056,3.5237797966522484,3.5372636130174473,linear_crop
wheat_combined,09_01,216,2024,wheat_winter,5.342162162162162,4.107989406008287,5.3586,3.5237797966522484,4.335418854453014,linear_crop
wheat_combined,09_01,218,2024,wheat_spring,4.027153846153846,3.2551163887963095,3.4,2.7584835033320987,2.9875778118366214,linear_crop
wheat_combined,09_01,219,2024,wheat_spring,3.6718380952380953,3.241449702749606,3.2952,2.7584835033320987,2.9678771196902014,linear_crop
wheat_combined,09_01,220,2024,wheat_spring,3.12756,3.355381586650501,3.8434,2.7584835033320987,3.1321112992654747,linear_crop
wheat_combined,09_01,222,2024,wheat_spring,3.6562580645161287,3.542979256160206,3.9848,2.7584835033320987,3.40253559391648,linear_crop
wheat_combined,09_01,223,2024,wheat_spring,3.350857142857143,3.355414774787872,4.2385,2.7584835033320987,3.132159140364263,linear_crop
wheat_combined,09_01,224,2024,wheat_winter,5.0582692307692305,4.123824774830957,4.9363,3.5237797966522484,4.358245728878485,linear_crop
wheat_combined,09_01,226,2024,wheat_winter,4.9315,4.019241592309746,4.5445,3.5237797966522484,4.20748781467,linear_crop
wheat_combined,09_01,231,2024,wheat_spring,3.806382978723404,3.5653226523145207,3.636,2.7584835033320987,3.434743867936782,linear_crop
wheat_combined,09_01,232,2024,wheat_spring,3.330304054054054,3.436834687221414,3.8371,2.7584835033320987,3.249526922426439,linear_crop
wheat_combined,09_01,195,2025,wheat_spring,2.7195121951219514,3.1190518190148597,2.8708,2.7859952931393197,2.917930046358978,linear_crop
wheat_combined,09_01,197,2025,wheat_spring,3.779416909620991,3.15942402273593,3.1238,2.7859952931393197,2.982369363907961,linear_crop
wheat_combined,09_01,208,2025,wheat_spring,3.8430769230769233,3.2490566096613485,3.0721,2.7859952931393197,3.1254346959747714,linear_crop
wheat_combined,09_01,212,2025,wheat_spring,1.7024264705882353,2.6643612635051546,2.8967,2.7859952931393197,2.1921844493277813,linear_crop
wheat_combined,09_01,217,2025,wheat_spring,2.5629901960784314,2.7114872795933342,2.7186,2.7859952931393197,2.2674037347674756,linear_crop
wheat_combined,09_01,218,2025,wheat_spring,4.112820512820513,3.138326800302205,2.6460999999999997,2.7859952931393197,2.948695437530273,linear_crop
wheat_combined,09_01,220,2025,wheat_spring,3.3072000000000004,3.107847133286436,3.6214,2.7859952931393197,2.900045902439591,linear_crop
wheat_combined,09_01,228,2025,wheat_spring,3.004576271186441,3.1227133331572197,3.5229999999999997,2.7859952931393197,2.9237743018313758,linear_crop
wheat_combined,09_01,229,2025,wheat_spring,3.5050000000000003,2.550188773317195,3.1488,2.7859952931393197,2.009950222001213,linear_crop
wheat_combined,09_01,230,2025,wheat_spring,3.6687443946188343,3.3628378939477557,2.9788,2.7859952931393197,3.307044507515386,linear_crop
wheat_combined,09_01,207,2019,wheat_spring,3.5799999999999996,3.1967581925123127,2.7728,2.7949344889498353,3.1967581925123127,blend_crop_mean
wheat_combined,09_01,230,2019,wheat_winter,4.503,3.4324373931929997,3.9929,3.518703379214148,3.4324373931929997,blend_crop_mean
wheat_combined,09_01,231,2019,wheat_winter,4.303,3.6070271734953376,4.2558,3.518703379214148,3.6070271734953376,blend_crop_mean
wheat_combined,09_01,232,2019,wheat_winter,3.404,3.594299690594194,4.1161,3.518703379214148,3.594299690594194,blend_crop_mean
wheat_combined,09_01,208,2020,wheat_spring,0.505,1.9974381347289736,1.3906,2.775179717236985,1.9974381347289736,blend_crop_mean
wheat_combined,09_01,210,2020,wheat_winter,0.211,1.884475332935588,2.1218,3.4657804752870542,1.884475332935588,blend_crop_mean
wheat_combined,09_01,211,2020,wheat_winter,0.319,2.118655756172839,2.4044,3.4657804752870542,2.118655756172839,blend_crop_mean
wheat_combined,09_01,213,2020,wheat_spring,0.5780000000000001,1.8960044525678488,1.5272,2.775179717236985,1.8960044525678488,blend_crop_mean
wheat_combined,09_01,214,2020,wheat_spring,0.319,1.876552669204395,1.5097,2.775179717236985,1.876552669204395,blend_crop_mean
wheat_combined,09_01,215,2020,wheat_spring,1.409,2.2441389507072524,1.5953,2.775179717236985,2.2441389507072524,blend_crop_mean
wheat_combined,09_01,216,2020,wheat_spring,1.246,2.1509600727042324,2.1373,2.775179717236985,2.1509600727042324,blend_crop_mean
wheat_combined,09_01,217,2020,wheat_spring,0.337,1.72233888359486,1.961,2.775179717236985,1.72233888359486,blend_crop_mean
wheat_combined,09_01,219,2020,wheat_spring,0.425,1.8196794615928984,1.1434,2.775179717236985,1.8196794615928984,blend_crop_mean
wheat_combined,09_01,220,2020,wheat_spring,0.513,2.3903619992781167,1.7675,2.775179717236985,2.3903619992781167,blend_crop_mean
wheat_combined,09_01,221,2020,wheat_spring,0.38,2.355805870450064,2.8632,2.775179717236985,2.355805870450064,blend_crop_mean
wheat_combined,09_01,222,2020,wheat_spring,0.21,1.8576230978944563,0.9872,2.775179717236985,1.8576230978944563,blend_crop_mean
wheat_combined,09_01,223,2020,wheat_spring,0.21,2.0468049235021555,1.126,2.775179717236985,2.0468049235021555,blend_crop_mean
wheat_combined,09_01,224,2020,wheat_spring,0.857,1.860575656291762,1.7282,2.775179717236985,1.860575656291762,blend_crop_mean
wheat_combined,09_01,225,2020,wheat_spring,2.335,2.455287498481553,3.5470999999999995,2.775179717236985,2.455287498481553,blend_crop_mean
wheat_combined,09_01,226,2020,wheat_spring,0.502,1.9488356865198568,1.5046,2.775179717236985,1.9488356865198568,blend_crop_mean
wheat_combined,09_01,227,2020,wheat_winter,0.5650000000000001,1.8495807226285843,2.2098,3.4657804752870542,1.8495807226285843,blend_crop_mean
wheat_combined,09_01,228,2020,wheat_winter,1.3,2.4462299836132995,2.0305,3.4657804752870542,2.4462299836132995,blend_crop_mean
wheat_combined,09_01,229,2020,wheat_winter,3.285,2.2322618836626704,2.221,3.4657804752870542,2.2322618836626704,blend_crop_mean
wheat_combined,09_01,213,2021,wheat_spring,1.3155714285714286,3.036771099036358,3.1079999999999997,2.7862022677059213,0.8937333333333334,blend_crop_mean
wheat_combined,09_01,214,2021,wheat_spring,1.5857777777777775,3.1113311771192196,3.1157,2.7862022677059213,0.8937333333333334,blend_crop_mean
wheat_combined,09_01,227,2021,wheat_winter,2.8346242774566472,3.61464484656559,3.5711,3.569358367455552,2.23625,blend_crop_mean
wheat_combined,09_01,228,2021,wheat_winter,2.4169491525423727,3.4311179485024312,3.7058,3.569358367455552,2.23625,blend_crop_mean
wheat_combined,09_01,229,2021,wheat_winter,2.9450000000000003,2.620069952692163,2.4469000000000003,3.569358367455552,2.23625,blend_crop_mean
wheat_combined,09_01,230,2021,wheat_winter,2.123766816143498,3.259140676663521,3.134,3.569358367455552,2.23625,blend_crop_mean
wheat_combined,09_01,231,2021,wheat_winter,3.5069787234042553,3.638051844729272,3.4015999999999997,3.569358367455552,2.23625,blend_crop_mean
wheat_combined,09_01,232,2021,wheat_winter,3.2479729729729727,3.716299810900253,2.9818,3.569358367455552,2.23625,blend_crop_mean
wheat_combined,09_01,233,2021,wheat_winter,3.6453846153846152,3.077034240125113,3.4055999999999997,3.569358367455552,2.23625,blend_crop_mean
wheat_combined,09_01,234,2021,wheat_winter,5.389142857142858,3.471848253799074,3.8293,3.569358367455552,2.23625,blend_crop_mean
wheat_combined,09_01,195,2022,wheat_winter,2.1216260162601626,2.773234801763429,2.4872,3.5270951632339247,2.7499887134404513,blend_crop_mean
wheat_combined,09_01,197,2022,wheat_winter,1.5206997084548106,3.00725995793712,3.2342,3.5270951632339247,2.7499887134404513,blend_crop_mean
wheat_combined,09_01,207,2022,wheat_winter,1.8862140474258409,2.607877564576072,2.9544,3.5270951632339247,2.7499887134404513,blend_crop_mean
wheat_combined,09_01,208,2022,wheat_spring,2.356923076923077,2.9918276647060207,3.6425,2.6779088961876263,0.9592558356676003,blend_crop_mean
wheat_combined,09_01,209,2022,wheat_spring,2.657417536880491,3.0761086470748027,3.5056,2.6779088961876263,0.9592558356676003,blend_crop_mean
wheat_combined,09_01,210,2022,wheat_spring,3.0655870445344133,3.186400328735603,3.1305,2.6779088961876263,0.9592558356676003,blend_crop_mean
wheat_combined,09_01,212,2022,wheat_spring,3.1773529411764705,3.354811399071433,3.4025,2.6779088961876263,0.9592558356676003,blend_crop_mean
wheat_combined,09_01,215,2022,wheat_spring,2.858987341772152,2.999698469200613,2.7344999999999997,2.6779088961876263,0.9592558356676003,blend_crop_mean
wheat_combined,09_01,216,2022,wheat_spring,3.1270270270270273,3.1620493664099723,3.9809,2.6779088961876263,0.9592558356676003,blend_crop_mean
wheat_combined,09_01,217,2022,wheat_spring,3.063725490196078,2.835088131956004,3.6563,2.6779088961876263,0.9592558356676003,blend_crop_mean
wheat_combined,09_01,218,2022,wheat_spring,2.1723076923076925,2.969849057656473,2.5543,2.6779088961876263,0.9592558356676003,blend_crop_mean
wheat_combined,09_01,219,2022,wheat_spring,2.827547619047619,2.9978425052787614,3.4502,2.6779088961876263,0.9592558356676003,blend_crop_mean
wheat_combined,09_01,220,2022,wheat_spring,3.4832,3.3360784244767183,3.4874,2.6779088961876263,0.9592558356676003,blend_crop_mean
wheat_combined,09_01,222,2022,wheat_spring,3.2700483870967743,3.4334463199586613,3.586,2.6779088961876263,0.9592558356676003,blend_crop_mean
wheat_combined,09_01,223,2022,wheat_spring,3.2311428571428573,3.1109355903529377,2.9478999999999997,2.6779088961876263,0.9592558356676003,blend_crop_mean
wheat_combined,09_01,224,2022,wheat_spring,3.079423076923077,2.9385458572538634,3.3052,2.6779088961876263,0.9592558356676003,blend_crop_mean
wheat_combined,09_01,226,2022,wheat_spring,1.6934999999999998,3.192052839463827,2.926,2.6779088961876263,0.9592558356676003,blend_crop_mean
wheat_combined,09_01,227,2022,wheat_winter,2.217514450867052,2.708149295589828,3.2383,3.5270951632339247,2.7499887134404513,blend_crop_mean
wheat_combined,09_01,228,2022,wheat_spring,4.564745762711865,2.929836019614699,3.2991,2.6779088961876263,0.9592558356676003,blend_crop_mean
wheat_combined,09_01,229,2022,wheat_spring,2.841666666666667,2.210967280488665,2.6656,2.6779088961876263,0.9592558356676003,blend_crop_mean
wheat_combined,09_01,231,2022,wheat_winter,1.5712340425531914,2.2350897073641973,2.288,3.5270951632339247,2.7499887134404513,blend_crop_mean
wheat_combined,09_01,232,2022,wheat_winter,1.847837837837838,1.903257679163703,1.8508,3.5270951632339247,2.7499887134404513,blend_crop_mean
wheat_combined,09_01,234,2022,wheat_spring,3.975428571428571,2.872422627061545,3.5317999999999996,2.6779088961876263,0.9592558356676003,blend_crop_mean
wheat_combined,09_01,195,2023,wheat_winter,0.8904065040650406,2.059346211272735,1.8031,3.605240949754569,2.059346211272735,blend_crop_mean
wheat_combined,09_01,197,2023,wheat_winter,1.0820991253644316,2.0386121734954186,2.1736999999999997,3.605240949754569,2.0386121734954186,blend_crop_mean
wheat_combined,09_01,207,2023,wheat_winter,1.068974844468488,2.0872822172377044,2.1542000000000003,3.605240949754569,2.0872822172377044,blend_crop_mean
wheat_combined,09_01,208,2023,wheat_spring,2.018076923076923,1.6962524679155622,1.4264,2.8347937514606945,1.6962524679155622,blend_crop_mean
wheat_combined,09_01,209,2023,wheat_winter,1.4882148184982598,1.8458503336761232,3.0968,3.605240949754569,1.8458503336761232,blend_crop_mean
wheat_combined,09_01,212,2023,wheat_spring,2.9445588235294116,1.8541609856009629,2.073,2.8347937514606945,1.8541609856009629,blend_crop_mean
wheat_combined,09_01,228,2023,wheat_winter,1.5016949152542372,2.0332211830165687,2.2995,3.605240949754569,2.0332211830165687,blend_crop_mean
wheat_combined,09_01,229,2023,wheat_winter,3.443333333333334,2.0943793317563233,2.076,3.605240949754569,2.0943793317563233,blend_crop_mean
wheat_combined,09_01,230,2023,wheat_spring,0.9786995515695068,1.88645591006897,2.0961,2.8347937514606945,1.88645591006897,blend_crop_mean
wheat_combined,09_01,234,2023,wheat_winter,1.7062857142857142,2.4280528326370705,2.4153,3.605240949754569,2.4280528326370705,blend_crop_mean
wheat_combined,09_01,210,2024,wheat_winter,5.519493927125506,4.422552303570534,5.754099999999999,3.5237797966522484,4.209076227605603,blend_crop_mean
wheat_combined,09_01,215,2024,wheat_winter,4.476708860759494,3.5542963164376764,4.2056,3.5237797966522484,3.427645839186032,blend_crop_mean
wheat_combined,09_01,216,2024,wheat_winter,5.342162162162162,4.107989406008287,5.3586,3.5237797966522484,3.9259696197995817,blend_crop_mean
wheat_combined,09_01,218,2024,wheat_spring,4.027153846153846,3.2551163887963095,3.4,2.7584835033320987,3.128779656933867,blend_crop_mean
wheat_combined,09_01,219,2024,wheat_spring,3.6718380952380953,3.241449702749606,3.2952,2.7584835033320987,3.116479639491834,blend_crop_mean
wheat_combined,09_01,220,2024,wheat_spring,3.12756,3.355381586650501,3.8434,2.7584835033320987,3.2190183350026396,blend_crop_mean
wheat_combined,09_01,222,2024,wheat_spring,3.6562580645161287,3.542979256160206,3.9848,2.7584835033320987,3.387856237561374,blend_crop_mean
wheat_combined,09_01,223,2024,wheat_spring,3.350857142857143,3.355414774787872,4.2385,2.7584835033320987,3.2190482043262736,blend_crop_mean
wheat_combined,09_01,224,2024,wheat_winter,5.0582692307692305,4.123824774830957,4.9363,3.5237797966522484,3.940221451739984,blend_crop_mean
wheat_combined,09_01,226,2024,wheat_winter,4.9315,4.019241592309746,4.5445,3.5237797966522484,3.846096587470895,blend_crop_mean
wheat_combined,09_01,231,2024,wheat_spring,3.806382978723404,3.5653226523145207,3.636,2.7584835033320987,3.4079652941002574,blend_crop_mean
wheat_combined,09_01,232,2024,wheat_spring,3.330304054054054,3.436834687221414,3.8371,2.7584835033320987,3.2923261255164613,blend_crop_mean
wheat_combined,09_01,195,2025,wheat_spring,2.7195121951219514,3.1190518190148597,2.8708,2.7859952931393197,3.1190518190148597,blend_crop_mean
wheat_combined,09_01,197,2025,wheat_spring,3.779416909620991,3.15942402273593,3.1238,2.7859952931393197,3.15942402273593,blend_crop_mean
wheat_combined,09_01,208,2025,wheat_spring,3.8430769230769233,3.2490566096613485,3.0721,2.7859952931393197,3.2490566096613485,blend_crop_mean
wheat_combined,09_01,212,2025,wheat_spring,1.7024264705882353,2.6643612635051546,2.8967,2.7859952931393197,2.6643612635051546,blend_crop_mean
wheat_combined,09_01,217,2025,wheat_spring,2.5629901960784314,2.7114872795933342,2.7186,2.7859952931393197,2.7114872795933342,blend_crop_mean
wheat_combined,09_01,218,2025,wheat_spring,4.112820512820513,3.138326800302205,2.6460999999999997,2.7859952931393197,3.138326800302205,blend_crop_mean
wheat_combined,09_01,220,2025,wheat_spring,3.3072000000000004,3.107847133286436,3.6214,2.7859952931393197,3.107847133286436,blend_crop_mean
wheat_combined,09_01,228,2025,wheat_spring,3.004576271186441,3.1227133331572197,3.5229999999999997,2.7859952931393197,3.1227133331572197,blend_crop_mean
wheat_combined,09_01,229,2025,wheat_spring,3.5050000000000003,2.550188773317195,3.1488,2.7859952931393197,2.550188773317195,blend_crop_mean
wheat_combined,09_01,230,2025,wheat_spring,3.6687443946188343,3.3628378939477557,2.9788,2.7859952931393197,3.3628378939477557,blend_crop_mean
