field_id,year,standard_name,target_yield_t_ha,cropwise_asof_t_ha,pred_v26_base,pred_v27_s2,scenario,asof_tag
195,2021,barley_spring,2.022276422764228,2.9562,,,all_crops,07_01
195,2022,wheat_winter,2.1216260162601626,2.4328,,,all_crops,07_01
195,2024,sunflower,2.7365853658536587,2.5282,3.4069599002504463,3.3931953361797733,all_crops,07_01
195,2025,wheat_spring,2.7195121951219514,3.6697,3.3275205154584095,3.3126531250336195,all_crops,07_01
197,2021,barley_spring,2.5965868263473055,2.8515,,,all_crops,07_01
197,2022,wheat_winter,1.5206997084548106,2.4524999999999997,,,all_crops,07_01
197,2023,wheat_winter,1.0820991253644316,2.8075,4.333784786110357,3.2058862629256604,all_crops,07_01
197,2024,sunflower,3.2877551020408164,2.4313,3.4948308377448005,3.3760056435466694,all_crops,07_01
197,2025,wheat_spring,3.779416909620991,3.7805,3.48718673776235,3.5102053530697237,all_crops,07_01
207,2021,barley_spring,3.554181818181818,3.1924,,,all_crops,07_01
207,2022,wheat_winter,1.9018181818181816,2.8611999999999997,,,all_crops,07_01
207,2023,wheat_winter,1.0778181818181818,3.0064,4.302634506299696,3.209700867702241,all_crops,07_01
207,2024,sunflower,3.132727272727273,2.3039,3.8258404437103004,3.7233748939512528,all_crops,07_01
207,2025,wheat_spring,2.6312280701754385,3.7405,3.690878292210062,3.637473385610432,all_crops,07_01
208,2021,sunflower,2.84340206185567,2.7356000000000003,,,all_crops,07_01
208,2022,wheat_spring,2.356923076923077,1.8747,,,all_crops,07_01
208,2023,wheat_spring,2.018076923076923,2.0981,3.131909814917932,3.058648752601399,all_crops,07_01
208,2024,sunflower,2.360615384615385,2.3794,3.3204162270603477,3.2791318799069105,all_crops,07_01
208,2025,wheat_spring,3.8430769230769233,2.6100000000000003,3.414895705414329,3.3836744101273943,all_crops,07_01
209,2021,sunflower,2.257953795379538,2.1295,,,all_crops,07_01
209,2022,wheat_spring,2.6455775577557756,3.1563,,,all_crops,07_01
209,2023,wheat_winter,1.4815841584158416,3.1699,3.6772460040445414,3.022207074612417,all_crops,07_01
209,2024,wheat_winter,6.383948598130841,5.0459000000000005,3.3061853868428166,3.445909811338664,all_crops,07_01
209,2025,sunflower,3.287196261682243,2.6901,3.2198797419295118,3.113809714290719,all_crops,07_01
210,2021,sunflower,2.402302631578947,2.2004,,,all_crops,07_01
210,2022,wheat_spring,3.0906122448979594,3.8599,,,all_crops,07_01
210,2023,pea,1.7408163265306122,1.872,3.8336946271837293,3.358145335639044,all_crops,07_01
210,2024,wheat_winter,5.519493927125506,5.6729,3.4011701416627353,3.4877196646692643,all_crops,07_01
210,2025,sunflower,3.192550607287449,2.52,3.1918940324008807,3.266463641288251,all_crops,07_01
211,2021,sunflower,2.1389247311827955,2.3226,,,all_crops,07_01
212,2021,sunflower,3.639212598425197,2.1821,,,all_crops,07_01
212,2022,wheat_spring,3.1773529411764705,3.0978000000000003,,,all_crops,07_01
212,2023,wheat_spring,2.9445588235294116,1.7012,3.709499834162755,3.152106442936556,all_crops,07_01
212,2024,sunflower,1.900882352941176,2.5942,3.397885338001485,3.4573798646669798,all_crops,07_01
212,2025,wheat_spring,1.7024264705882353,2.3390999999999997,2.6758163995964988,2.6933467327052703,all_crops,07_01
213,2021,wheat_spring,1.3155714285714286,1.8895,,,all_crops,07_01
213,2022,sunflower,1.481428571428571,2.8958,,,all_crops,07_01
213,2025,barley_spring,1.53,2.826,3.31399742983918,3.4814385297285027,all_crops,07_01
214,2021,wheat_spring,1.5857777777777775,2.0593,,,all_crops,07_01
214,2022,sunflower,1.002222222222222,3.2154000000000003,,,all_crops,07_01
214,2025,barley_spring,1.53,2.9945,3.291779953136585,3.4285094340333013,all_crops,07_01
215,2021,sunflower,2.9865822784810128,2.2252,,,all_crops,07_01
215,2022,wheat_spring,2.858987341772152,2.9058,,,all_crops,07_01
215,2023,barley_spring,2.2745063291139243,2.1417,2.9652780331765967,3.069073641775395,all_crops,07_01
215,2024,wheat_winter,4.476708860759494,4.1198999999999995,3.162877767881992,3.112426917416303,all_crops,07_01
215,2025,sunflower,3.0739240506329115,2.6576,3.25235848245066,3.2531429565828116,all_crops,07_01
216,2021,sunflower,2.925945945945946,2.3702,,,all_crops,07_01
216,2022,wheat_spring,3.1270270270270273,3.7896,,,all_crops,07_01
216,2023,barley_spring,2.696783783783784,2.316,2.9546767377052396,3.1163206989401786,all_crops,07_01
216,2024,wheat_winter,5.342162162162162,4.7169,3.50930667588859,3.467646679587956,all_crops,07_01
216,2025,sunflower,2.986756756756757,2.8066,3.4011650412291132,3.409809855409203,all_crops,07_01
217,2021,sunflower,2.6894761904761904,2.068,,,all_crops,07_01
217,2022,wheat_spring,3.063725490196078,3.4240000000000004,,,all_crops,07_01
217,2023,barley_spring,2.021480392156863,1.921,4.012943370860075,3.2291667730310065,all_crops,07_01
217,2024,sunflower,2.9758823529411766,2.9491,3.398801741045712,3.4689724631127428,all_crops,07_01
217,2025,wheat_spring,2.5629901960784314,2.7976,2.7812307239373424,2.8100414846617565,all_crops,07_01
218,2021,sunflower,2.595625,2.1287,,,all_crops,07_01
218,2022,wheat_spring,2.1723076923076925,3.059,,,all_crops,07_01
218,2023,barley_spring,3.3693589743589745,2.1646,3.1236421006615247,3.1778818363801853,all_crops,07_01
218,2024,wheat_spring,4.027153846153846,3.5061,3.6248003207981028,3.5708628973617653,all_crops,07_01
218,2025,wheat_spring,4.112820512820513,2.6811,3.3492023675478966,3.2674408513783697,all_crops,07_01
219,2021,sunflower,2.818952380952381,1.6074000000000002,,,all_crops,07_01
219,2022,wheat_spring,2.827547619047619,3.0893,,,all_crops,07_01
219,2023,sunflower,2.802523809523809,1.6792000000000002,4.410459134390634,3.2154646985506443,all_crops,07_01
219,2024,wheat_spring,3.6718380952380953,4.2484,3.9037719596743994,3.8152496178369226,all_crops,07_01
219,2025,barley_spring,3.528095238095238,2.9497,3.442600668422049,3.437924262387543,all_crops,07_01
220,2021,sunflower,2.0264,2.4085,,,all_crops,07_01
220,2022,wheat_spring,3.4832,3.0504,,,all_crops,07_01
220,2023,barley_spring,3.3728800000000003,2.6805,2.979391048083724,3.1324335544184065,all_crops,07_01
220,2024,wheat_spring,3.12756,3.6352,3.680198763589747,3.7293949457412836,all_crops,07_01
220,2025,wheat_spring,3.3072000000000004,3.0496,3.4799794124441736,3.4088680056913474,all_crops,07_01
221,2021,sunflower,1.7475,2.4882999999999997,,,all_crops,07_01
222,2021,sunflower,2.9396774193548385,2.7789,,,all_crops,07_01
222,2022,wheat_spring,3.2700483870967743,2.65,,,all_crops,07_01
222,2023,barley_spring,4.5005,2.5429,2.99263083178694,3.107141150373217,all_crops,07_01
222,2024,wheat_spring,3.6562580645161287,3.1422999999999996,3.7119457318333886,3.7728258118893545,all_crops,07_01
222,2025,sunflower,2.972258064516129,2.3774,3.0006369417758134,3.1367958702402587,all_crops,07_01
223,2021,sunflower,2.8625714285714285,1.9953,,,all_crops,07_01
223,2022,wheat_spring,3.2311428571428573,2.9854,,,all_crops,07_01
223,2023,barley_spring,2.3584285714285715,1.7638000000000005,3.9349625226089735,3.273332312230054,all_crops,07_01
223,2024,wheat_spring,3.350857142857143,3.9329,4.000358309490408,3.911128287885746,all_crops,07_01
223,2025,sunflower,3.305142857142857,2.3918,3.219738432137045,3.145177986960268,all_crops,07_01
224,2021,sunflower,2.1762,2.6346,,,all_crops,07_01
224,2022,wheat_spring,3.079423076923077,3.1172999999999997,,,all_crops,07_01
224,2023,barley_spring,2.481451923076923,2.0122,2.988567008730111,3.1044135750293855,all_crops,07_01
224,2024,wheat_winter,5.0582692307692305,4.3833,3.5082605121032966,3.3720958321074797,all_crops,07_01
224,2025,sunflower,3.0742307692307693,2.7087,3.286756378000116,3.24887593313335,all_crops,07_01
225,2021,sunflower,1.85,2.7541,,,all_crops,07_01
226,2021,sunflower,2.4555,2.0779,,,all_crops,07_01
226,2022,wheat_spring,1.6934999999999998,3.1174,,,all_crops,07_01
226,2023,barley_spring,2.482894736842105,2.0064,3.066130842624785,3.130867605497333,all_crops,07_01
226,2024,wheat_winter,4.9315,5.2123,3.424693638931587,3.4055193235812666,all_crops,07_01
226,2025,sunflower,3.0420000000000003,2.7547,3.2796454966235777,3.27168887837952,all_crops,07_01
227,2021,wheat_winter,2.8022285714285715,3.556,,,all_crops,07_01
227,2022,wheat_winter,2.217514450867052,2.6258,,,all_crops,07_01
227,2023,sunflower,2.6015895953757227,1.9678,3.8425365883838554,3.0435565477818423,all_crops,07_01
227,2024,barley_spring,3.007739884393064,4.3205,3.740058041341412,3.846433872749412,all_crops,07_01
227,2025,pea,1.5521965317919073,2.3936,3.671548817090293,3.5565888140549955,all_crops,07_01
228,2021,wheat_winter,2.4169491525423727,2.8911,,,all_crops,07_01
228,2022,wheat_spring,4.564745762711865,2.8893999999999997,,,all_crops,07_01
228,2023,wheat_winter,1.5016949152542372,2.3086,2.885917717983503,2.917483568715798,all_crops,07_01
228,2024,sunflower,3.052881355932203,2.4486999999999997,3.0399238304207605,3.015059326304745,all_crops,07_01
228,2025,wheat_spring,3.004576271186441,3.2354,3.374945803507818,3.385107154487927,all_crops,07_01
229,2021,wheat_winter,2.9450000000000003,2.3245,,,all_crops,07_01
229,2022,wheat_spring,2.841666666666667,2.1967,,,all_crops,07_01
229,2023,wheat_winter,3.443333333333334,2.3579999999999997,2.9465452794293934,2.932671049436745,all_crops,07_01
229,2024,sunflower,3.2544166666666663,2.7904,2.821241914733095,2.7548728396950177,all_crops,07_01
229,2025,wheat_spring,3.5050000000000003,3.344,3.279764364249645,3.496954075741768,all_crops,07_01
230,2021,wheat_winter,2.123766816143498,2.4353,,,all_crops,07_01
230,2022,sunflower,3.257219730941704,1.8525,,,all_crops,07_01
230,2023,wheat_spring,1.1861413043478262,1.466,3.7879235770149764,3.1546785405376996,all_crops,07_01
230,2024,sunflower,3.2521793721973093,2.7013000000000003,3.542900835579098,3.502834332093353,all_crops,07_01
230,2025,wheat_spring,3.6687443946188343,3.2042,3.372722489697979,3.3721678479100112,all_crops,07_01
231,2021,wheat_winter,3.5988646288209605,3.1704,,,all_crops,07_01
231,2022,wheat_winter,1.5712340425531914,2.1225,,,all_crops,07_01
231,2023,sunflower,2.2995063829787235,1.5364,3.8466898456844096,3.0374012735836535,all_crops,07_01
231,2024,wheat_spring,3.806382978723404,3.8621,3.9121644669255353,3.9537245807156136,all_crops,07_01
231,2025,pea,1.3324255319148937,2.6262,3.2264506929032364,3.1599917137290237,all_crops,07_01
232,2021,wheat_winter,3.1834437086092713,3.3893999999999997,,,all_crops,07_01
232,2022,wheat_winter,1.847837837837838,2.2283,,,all_crops,07_01
232,2023,sunflower,2.6881993243243243,1.8707,4.094034576846605,3.1305901876055193,all_crops,07_01
232,2024,wheat_spring,3.330304054054054,3.8087,3.934775828882251,3.9792896654724936,all_crops,07_01
232,2025,pea,1.8102027027027028,2.481,3.090576524369357,3.0354757495772886,all_crops,07_01
233,2021,wheat_winter,3.6453846153846152,3.2509,,,all_crops,07_01
234,2021,wheat_winter,5.389142857142858,2.7121,,,all_crops,07_01
234,2022,wheat_spring,3.975428571428571,3.5385,,,all_crops,07_01
234,2023,wheat_winter,1.7062857142857142,2.5372,2.8527432810606013,2.9371626406042983,all_crops,07_01
234,2024,sunflower,3.295057142857143,2.2541,3.387960786373303,3.2369506184768455,all_crops,07_01
235,2021,wheat_winter,7.105,2.9204999999999997,,,all_crops,07_01
235,2023,wheat_spring,2.2,1.3443,3.7818509803930658,3.2263847868748354,all_crops,07_01
235,2025,barley_spring,1.53,3.9617,3.3372231107490378,3.3303637126348535,all_crops,07_01
236,2021,wheat_winter,2.8605,3.6236,,,all_crops,07_01
236,2022,sunflower,3.3475,2.0613,,,all_crops,07_01
236,2023,wheat_spring,2.520375,2.0578,3.365664040980239,3.0667449152024666,all_crops,07_01
236,2024,barley_spring,3.7585,4.211,3.9000775723985384,3.900286593691064,all_crops,07_01
236,2025,sunflower,3.0025,2.7558,3.2867795995117657,3.241821656682943,all_crops,07_01
237,2021,wheat_winter,3.2366666666666664,2.6663,,,all_crops,07_01
237,2022,sunflower,2.515555555555556,2.4829999999999997,,,all_crops,07_01
237,2023,wheat_spring,1.6025,1.9659,3.7298038973359304,3.109452901487354,all_crops,07_01
237,2024,barley_spring,4.871138888888889,4.392,3.8777859475879914,4.013294515399513,all_crops,07_01
237,2025,sunflower,3.3130555555555556,2.7347,3.235067600895238,3.1567901853350606,all_crops,07_01
238,2021,wheat_winter,3.3530555555555552,3.2328,,,all_crops,07_01
238,2022,sunflower,2.1222222222222222,1.9304,,,all_crops,07_01
238,2023,wheat_spring,2.198888888888889,2.1087,3.839945071057329,3.1374996519550056,all_crops,07_01
238,2024,barley_spring,4.613333333333333,4.4379,3.8956589373334634,4.01478321901827,all_crops,07_01
238,2025,sunflower,1.9090277777777775,2.739,3.0316568429546837,2.9726390428629688,all_crops,07_01
239,2021,wheat_winter,3.16017094017094,3.4796,,,all_crops,07_01
239,2022,sunflower,1.9928205128205128,2.2291,,,all_crops,07_01
239,2024,barley_spring,5.670427350427351,4.9914000000000005,3.92207644434698,3.985611951609641,all_crops,07_01
239,2025,sunflower,3.095213675213675,2.6518,3.2072850994801976,3.129988285444454,all_crops,07_01
241,2021,wheat_winter,1.9516049382716052,1.6204,,,all_crops,07_01
242,2021,wheat_winter,2.205483870967742,3.7603,,,all_crops,07_01
242,2022,wheat_spring,3.68225806451613,3.1846,,,all_crops,07_01
242,2023,wheat_winter,1.7032258064516128,2.3297999999999996,3.0286944849873834,2.9113504885887487,all_crops,07_01
242,2024,sunflower,2.7984516129032255,2.8659,3.1790648883259194,3.1287405647639,all_crops,07_01
244,2021,wheat_winter,2.4169811320754717,3.4369,,,all_crops,07_01
244,2022,wheat_spring,4.193867924528302,3.004,,,all_crops,07_01
244,2023,pea,1.9418867924528305,1.5503,2.9562487235633212,3.062851626870231,all_crops,07_01
244,2024,wheat_spring,2.730603773584906,3.3948,3.714464399975828,3.6601802971927526,all_crops,07_01
244,2025,sunflower,4.282264150943396,2.7214,3.2048620954281652,3.065545665262139,all_crops,07_01
246,2021,wheat_winter,2.612439024390244,2.7712,,,all_crops,07_01
246,2022,wheat_spring,1.6465853658536589,3.405,,,all_crops,07_01
246,2023,pea,1.784059678052611,2.4905999999999997,3.002305787786037,3.078257271325854,all_crops,07_01
246,2024,wheat_spring,3.884073170731708,3.7398,3.8050828708892697,3.767796925221792,all_crops,07_01
246,2025,sunflower,1.26,2.5364,3.1736762301619934,3.136649025572836,all_crops,07_01
247,2021,wheat_winter,3.5429431438127086,4.1498,,,all_crops,07_01
247,2022,wheat_winter,1.5000662251655628,1.9231000000000005,,,all_crops,07_01
247,2023,sunflower,2.741453642384106,1.8712,4.508563322357009,3.2233000474758238,all_crops,07_01
247,2024,wheat_spring,2.6623311258278144,4.2515,3.860282199574144,3.8969244283190054,all_crops,07_01
247,2025,barley_spring,4.1251655629139075,2.8878,3.659650873925858,3.812243492218225,all_crops,07_01
248,2021,wheat_winter,2.4291851851851853,2.4187000000000003,,,all_crops,07_01
248,2022,pea,1.987925925925926,1.657,,,all_crops,07_01
248,2023,wheat_winter,2.141,3.2104,2.9222155147552247,2.9209738217772134,all_crops,07_01
248,2024,sunflower,3.441577777777778,3.1921,3.455289176495719,3.3888140484898805,all_crops,07_01
248,2025,wheat_spring,3.630296296296296,3.5269,3.5881463921195964,3.511159093951873,all_crops,07_01
249,2021,wheat_winter,2.7772222222222225,3.6117,,,all_crops,07_01
250,2021,wheat_winter,2.271818181818182,2.7935,,,all_crops,07_01
250,2022,sunflower,3.0933333333333333,2.6123000000000003,,,all_crops,07_01
250,2023,wheat_spring,2.1600980392156863,2.5116,4.190448714104089,3.284992979260711,all_crops,07_01
250,2024,barley_spring,5.983627450980393,4.2921,3.72940684627786,3.9153571282355726,all_crops,07_01
250,2025,sunflower,2.8207352941176467,2.3198,3.271770692111887,3.154962484756614,all_crops,07_01
251,2021,wheat_winter,3.0763779527559056,2.5177,,,all_crops,07_01
251,2022,rye_winter,1.2108842105263158,1.9955,,,all_crops,07_01
251,2023,sunflower,2.78692125984252,1.818,4.179839133291592,3.1811641505059076,all_crops,07_01
251,2024,wheat_spring,3.611023622047244,3.0145,4.025455295119796,3.9018383858179053,all_crops,07_01
251,2025,oil_seed_raps_spring,2.756299212598426,2.2118,2.6176845102434942,2.570552422435449,all_crops,07_01
252,2021,wheat_winter,2.8787951807228915,2.2507,,,all_crops,07_01
252,2022,wheat_winter,2.358144578313253,3.0398,,,all_crops,07_01
252,2023,sunflower,2.8884457831325303,1.6582,3.9569895153033072,3.1124650274352335,all_crops,07_01
252,2024,wheat_spring,3.254939759036145,2.9184,3.7254897069081414,3.6417915191748924,all_crops,07_01
252,2025,oil_seed_raps_spring,2.143734939759036,2.3239,2.621836369098679,2.56013071964331,all_crops,07_01
253,2021,wheat_winter,2.4343529411764706,2.3579999999999997,,,all_crops,07_01
253,2022,rye_winter,2.355384615384615,1.6149,,,all_crops,07_01
253,2023,sunflower,2.599529411764706,1.5845,4.35290626479226,3.17369065358503,all_crops,07_01
253,2024,wheat_spring,3.896,3.373,3.9068833441460296,3.82946516809566,all_crops,07_01
253,2025,oil_seed_raps_spring,2.353764705882353,1.7312999999999998,2.605852738055133,2.5860695918752277,all_crops,07_01
254,2021,wheat_winter,2.1813513513513514,3.4081,,,all_crops,07_01
254,2022,pea,2.314054054054054,2.0296,,,all_crops,07_01
254,2024,sunflower,3.4018783783783784,3.1237,3.2443149312092516,3.2837460799708102,all_crops,07_01
254,2025,wheat_spring,4.105608108108108,3.1245000000000003,3.457034330207348,3.403838348787453,all_crops,07_01
255,2021,wheat_spring,3.495357142857143,3.0059,,,all_crops,07_01
255,2023,sunflower,2.5888660714285714,1.8349,3.8039986882398393,3.055416355859821,all_crops,07_01
255,2024,wheat_spring,4.0148214285714285,3.663,3.7228505733795645,3.7927208843854867,all_crops,07_01
255,2025,barley_spring,4.227857142857142,3.8327,3.7497477417001384,3.9307911375150253,all_crops,07_01
256,2021,wheat_spring,3.488928571428571,3.22,,,all_crops,07_01
256,2023,wheat_winter,1.0053571428571428,2.6978999999999997,3.635535196073416,3.0908375207362324,all_crops,07_01
256,2024,wheat_spring,5.977232142857143,4.3854,3.816248560279929,3.8333658815974267,all_crops,07_01
256,2025,sunflower,3.738928571428571,2.8539000000000003,3.07934263882296,2.98708258373941,all_crops,07_01
257,2021,wheat_spring,5.5088888888888885,3.1437999999999997,,,all_crops,07_01
257,2022,barley_spring,1.7641666666666669,3.8933,,,all_crops,07_01
257,2023,wheat_spring,2.75025,2.3837,3.34034529768433,3.1246631797159345,all_crops,07_01
257,2024,pea,1.4186666666666667,2.5943,3.301152714891737,3.3181624003477825,all_crops,07_01
257,2025,barley_spring,1.53,3.8715,3.2677577232144057,3.318572232168129,all_crops,07_01
258,2021,wheat_spring,3.369101123595506,3.0327,,,all_crops,07_01
258,2022,sunflower,2.0300786516853933,1.8362,,,all_crops,07_01
258,2023,wheat_spring,1.3868539325842697,1.7635999999999998,4.03330752278431,3.2501033239991535,all_crops,07_01
258,2024,wheat_spring,5.062359550561798,3.8498,3.8991278506273876,3.9750772859965435,all_crops,07_01
258,2025,sunflower,3.607977528089888,2.3949000000000003,3.1884647809392574,3.080931254807137,all_crops,07_01
259,2021,wheat_spring,3.2456022408963587,2.995,,,all_crops,07_01
259,2022,sunflower,2.027221288515406,1.6899000000000002,,,all_crops,07_01
259,2023,wheat_spring,1.08003081232493,1.9803,3.6515785693593577,3.145789407933602,all_crops,07_01
259,2024,sunflower,2.8320560224089637,2.4544,3.371604184523413,3.326247134790879,all_crops,07_01
259,2025,wheat_spring,2.1594957983193277,2.3034,2.71640664426461,2.803530726301786,all_crops,07_01
260,2021,wheat_spring,4.1022,3.1416,,,all_crops,07_01
260,2022,barley_spring,3.7374,2.0708,,,all_crops,07_01
260,2023,sunflower,1.8446,1.8796,4.046288122236708,3.1504507171973413,all_crops,07_01
260,2024,wheat_spring,3.2132,3.8888,3.916803435058654,4.032531677350039,all_crops,07_01
260,2025,barley_spring,4.0914,4.0649999999999995,3.697391903998407,3.9009100919161233,all_crops,07_01
261,2021,wheat_spring,5.387428571428572,2.9578,,,all_crops,07_01
261,2022,wheat_spring,4.008571428571429,3.1271,,,all_crops,07_01
261,2023,sunflower,2.853857142857143,2.1406,3.902803666851701,3.1394241163781573,all_crops,07_01
261,2024,wheat_spring,4.122771428571428,3.9355,4.004727875317467,3.9946034449600374,all_crops,07_01
261,2025,barley_spring,4.780285714285714,3.0634,3.8679770075805893,3.9983740617469596,all_crops,07_01
262,2021,wheat_spring,4.116052631578947,3.2009999999999996,,,all_crops,07_01
262,2022,sunflower,2.051684210526316,1.9374,,,all_crops,07_01
262,2023,wheat_spring,1.9040657894736843,1.484,3.7467592317672747,3.2385686025899805,all_crops,07_01
262,2024,wheat_spring,4.339473684210526,2.9555,3.727836378317366,3.769161181052601,all_crops,07_01
263,2021,wheat_spring,3.779,3.089,,,all_crops,07_01
263,2022,sunflower,2.1305,2.4547,,,all_crops,07_01
263,2023,wheat_spring,1.15425,1.7765999999999995,3.648691214939384,3.1588806052537746,all_crops,07_01
263,2024,pea,2.317,2.8876,3.760986180241353,3.677471075159313,all_crops,07_01
263,2025,barley_spring,1.53,3.6642,3.582093958821422,3.6480550313702045,all_crops,07_01
264,2021,wheat_spring,3.725,4.1563,,,all_crops,07_01
264,2022,sunflower,4.337,2.4141,,,all_crops,07_01
264,2023,wheat_spring,3.37975,1.5632,3.6212961105798893,3.1508880954714584,all_crops,07_01
264,2025,barley_spring,1.53,3.6899,3.5060716910067895,3.5329190952153207,all_crops,07_01
265,2021,wheat_spring,3.063,2.9982,,,all_crops,07_01
265,2023,wheat_spring,1.308,2.217,2.9971989399935492,2.9960695990020847,all_crops,07_01
265,2025,barley_spring,1.53,3.6852,3.3983873320232183,3.360138519574523,all_crops,07_01
266,2021,wheat_spring,3.4250000000000003,3.1519,,,all_crops,07_01
266,2023,wheat_spring,1.1466666666666667,1.524,3.5634101233231963,3.216518346593021,all_crops,07_01
266,2025,barley_spring,1.53,3.1464,3.4201795500254777,3.4636229710953765,all_crops,07_01
267,2021,wheat_spring,3.725,3.429,,,all_crops,07_01
267,2025,barley_spring,1.53,3.3251,3.570075759205724,3.535669862684228,all_crops,07_01
268,2021,wheat_spring,3.504,3.0507999999999997,,,all_crops,07_01
268,2023,wheat_spring,2.2885,2.4839,3.238724698387916,3.0396477027660906,all_crops,07_01
268,2024,barley_spring,4.772,3.9752,3.9339565837684316,3.856847471161124,all_crops,07_01
268,2025,sunflower,1.856,2.7964,3.0837344454813187,3.0277954908718003,all_crops,07_01
269,2021,wheat_spring,3.465045045045045,3.281,,,all_crops,07_01
269,2022,sunflower,2.086126126126126,1.8846,,,all_crops,07_01
269,2023,wheat_spring,1.7825225225225227,1.9164,3.9895554004065574,3.21186278652194,all_crops,07_01
269,2024,wheat_spring,4.250810810810811,3.3165,3.894737293404491,4.013090027422107,all_crops,07_01
269,2025,sunflower,3.00081981981982,2.8367,3.282342863733758,3.176706897691681,all_crops,07_01
270,2021,wheat_spring,4.891379310344828,3.121,,,all_crops,07_01
270,2023,sunflower,2.901551724137931,2.0925,3.361831347500824,3.0770722217628133,all_crops,07_01
271,2021,wheat_spring,4.884745762711864,4.0641,,,all_crops,07_01
271,2022,wheat_spring,2.6278644067796613,2.8655999999999997,,,all_crops,07_01
271,2023,sunflower,2.458762711864407,2.3735,3.637372478196032,3.0333019081888,all_crops,07_01
271,2024,wheat_spring,3.931627118644068,3.9844,3.9453380321127183,3.9825372724873502,all_crops,07_01
271,2025,barley_spring,4.394915254237288,4.068099999999999,4.366133660851901,4.40070962912753,all_crops,07_01
272,2021,sunflower,1.6323529411764706,2.7748,,,all_crops,07_01
272,2022,wheat_spring,3.301764705882353,3.377,,,all_crops,07_01
272,2023,sunflower,1.4075,2.1104,3.5541528043197683,3.0424274733081136,all_crops,07_01
272,2024,wheat_spring,4.2312,4.0394,3.892115929564297,3.7869734727830515,all_crops,07_01
272,2025,wheat_spring,3.1792,3.4718000000000004,3.9816543512699503,4.007208310691761,all_crops,07_01
273,2021,barley_spring,3.0677777777777777,2.8958,,,all_crops,07_01
273,2022,wheat_winter,2.052962962962963,3.3161,,,all_crops,07_01
273,2023,wheat_winter,1.0088888888888887,2.5915,3.604973988477446,3.05733689903243,all_crops,07_01
273,2024,sunflower,3.591851851851852,2.933,3.581660921000413,3.5321048329994063,all_crops,07_01
273,2025,wheat_spring,4.41962962962963,4.3505,3.930936145594281,3.9343530652923837,all_crops,07_01
274,2021,barley_spring,5.857807017543859,3.7366,,,all_crops,07_01
274,2022,wheat_winter,2.5334061135371178,2.3152999999999997,,,all_crops,07_01
274,2023,wheat_winter,1.0836363636363635,2.2151,3.7182429352729973,3.0842972721517317,all_crops,07_01
274,2024,sunflower,3.426468571428571,2.5133,3.651916959911663,3.606978960531071,all_crops,07_01
274,2025,wheat_spring,4.091004366812228,4.1602,3.5737549408136693,3.5834574466386617,all_crops,07_01
276,2021,sunflower,3.422096774193548,2.4518,,,all_crops,07_01
276,2022,wheat_spring,2.9274193548387095,2.674,,,all_crops,07_01
276,2023,sunflower,2.634193548387097,1.4752,3.3623124362527643,3.012404522240671,all_crops,07_01
276,2024,wheat_spring,3.63741935483871,3.1651,3.8508719325941003,3.8328637371353773,all_crops,07_01
276,2025,wheat_spring,1.4903225806451614,3.8268,3.3451639088221206,3.4921555926194205,all_crops,07_01
277,2021,sunflower,3.3421333333333334,2.6092,,,all_crops,07_01
277,2022,wheat_spring,1.5733333333333333,3.5677999999999996,,,all_crops,07_01
277,2023,sunflower,2.6744000000000003,1.8454,3.4860111523655526,3.056338174074026,all_crops,07_01
277,2024,wheat_spring,4.257866666666667,2.9927,3.8825724985108225,3.863436658453468,all_crops,07_01
277,2025,wheat_spring,1.9090666666666667,3.1645,3.274524131698542,3.354477011363379,all_crops,07_01
278,2021,barley_spring,5.365869565217392,3.2853000000000003,,,all_crops,07_01
278,2022,sunflower,2.907608695652174,2.2562,,,all_crops,07_01
278,2023,wheat_spring,1.7219565217391304,1.0815,3.7813431210545527,3.1814911333592417,all_crops,07_01
278,2024,pea,2.430869565217391,4.1496,3.743184231814985,3.6572374052803474,all_crops,07_01
278,2025,wheat_winter,3.899173913043478,2.166,3.0261600915037192,3.205092111461616,all_crops,07_01
279,2021,barley_spring,4.9775,3.1607,,,all_crops,07_01
279,2023,wheat_spring,1.069090909090909,1.6907,3.6183038193842485,3.079326663651382,all_crops,07_01
279,2024,pea,1.87,3.8051,3.7624357786979767,3.5961849906831422,all_crops,07_01
279,2025,wheat_winter,4.40060606060606,3.646500000000001,3.2005371273388,3.2531004617501607,all_crops,07_01
280,2021,barley_spring,3.253586956521739,3.0620000000000003,,,all_crops,07_01
280,2023,wheat_spring,1.953478260869565,2.4156,3.3586242069645746,3.041994718954964,all_crops,07_01
280,2025,sunflower,4.019456521739131,2.7051,3.019112037746258,2.990069403104754,all_crops,07_01
282,2021,barley_spring,3.4048936170212767,3.1361,,,all_crops,07_01
282,2022,sunflower,1.2691489361702126,2.4841,,,all_crops,07_01
282,2023,wheat_spring,1.9701702127659575,2.4669,2.861501196797109,2.9228757387638566,all_crops,07_01
282,2025,sunflower,3.9023404255319143,3.2628,3.3027664814292312,3.3899081433385057,all_crops,07_01
283,2021,barley_spring,5.287594936708861,2.7123,,,all_crops,07_01
283,2022,sunflower,3.713924050632911,2.236,,,all_crops,07_01
283,2023,wheat_spring,1.430253164556962,1.3008,3.7939405412884772,3.1624265839790473,all_crops,07_01
283,2025,sunflower,4.0171455696202525,2.7062,3.202067376571281,3.1212233606189894,all_crops,07_01
284,2021,wheat_spring,3.5273333333333334,3.4177,,,all_crops,07_01
284,2022,sunflower,2.223333333333333,2.1565000000000003,,,all_crops,07_01
284,2024,pea,1.328,2.8869,3.413177119906297,3.4293368067411363,all_crops,07_01
284,2025,barley_spring,1.53,3.5104999999999995,3.505295990200121,3.6577633383787833,all_crops,07_01
286,2021,wheat_spring,3.971888888888889,3.0801,,,all_crops,07_01
286,2023,wheat_spring,1.291111111111111,2.0433,3.4473817036588503,3.1241795274135775,all_crops,07_01
286,2025,barley_spring,1.53,3.5420000000000003,3.2129866090952386,3.279178620925045,all_crops,07_01
287,2021,barley_spring,5.6,2.879,,,all_crops,07_01
287,2025,barley_spring,1.53,2.5248,2.9170812466639537,3.0505714480309276,all_crops,07_01
288,2021,wheat_spring,3.5825,2.7502,,,all_crops,07_01
288,2023,wheat_spring,1.445,1.643,3.4383741807258925,3.131082766729013,all_crops,07_01
288,2025,barley_spring,1.53,3.7514,3.3595776428455055,3.3489659934584752,all_crops,07_01
289,2021,wheat_spring,3.8523529411764703,3.2423,,,all_crops,07_01
289,2023,wheat_spring,1.2705882352941178,1.6193000000000002,3.6519428689328217,3.2253542502541066,all_crops,07_01
289,2025,barley_spring,1.53,3.4745,3.3217666004613267,3.3676990018327126,all_crops,07_01
291,2021,wheat_spring,3.172833333333333,3.745600000000001,,,all_crops,07_01
291,2023,wheat_spring,1.5506666666666666,1.8809,3.435005895356791,3.132498850409556,all_crops,07_01
291,2025,barley_spring,1.53,2.9379999999999997,3.215743525150423,3.237565988613562,all_crops,07_01
292,2021,sunflower,2.01,2.3254,,,all_crops,07_01
292,2022,wheat_spring,2.2251000000000003,3.1256,,,all_crops,07_01
292,2023,barley_spring,3.2198,1.5734,2.9903018099391447,3.1033750348816453,all_crops,07_01
292,2024,wheat_spring,4.2,3.2398,3.5501891508632113,3.5831602304861736,all_crops,07_01
292,2025,sunflower,2.718,2.435,2.867835207864724,2.9414572186326677,all_crops,07_01
293,2021,sunflower,2.3242696629213486,2.4481,,,all_crops,07_01
293,2022,wheat_spring,2.6255842696629212,2.7234000000000003,,,all_crops,07_01
293,2023,barley_spring,2.157528089887641,2.0573,3.9486626019932354,3.2813705938352293,all_crops,07_01
293,2024,wheat_spring,3.62561797752809,3.3377000000000003,3.9965065740938632,3.901748621118627,all_crops,07_01
293,2025,sunflower,3.067640449438202,2.8165,2.8352986117946424,2.9647646807050307,all_crops,07_01
295,2021,barley_spring,4.090206896551725,2.574,,,all_crops,07_01
295,2022,sunflower,1.9825241379310343,2.2781,,,all_crops,07_01
295,2024,pea,1.4772413793103447,3.1704,3.766947806334414,3.725560073563936,all_crops,07_01
295,2025,wheat_spring,4.596137931034483,3.5687,3.8154251059342017,3.952627552113488,all_crops,07_01
296,2021,barley_spring,3.33792349726776,3.4619,,,all_crops,07_01
296,2022,sunflower,1.4684699453551913,1.8388,,,all_crops,07_01
296,2024,pea,2.87103825136612,3.1710000000000003,3.5421716825048977,3.6596991276409034,all_crops,07_01
296,2025,wheat_winter,4.57658947368421,4.4316,4.321143581324696,4.295167085820431,all_crops,07_01
297,2021,wheat_spring,3.676,3.5595999999999997,,,all_crops,07_01
297,2023,wheat_spring,2.572,1.598,3.4644653793134825,3.0464793726895616,all_crops,07_01
297,2025,barley_spring,1.53,4.1205,3.209624701422974,3.265638037945813,all_crops,07_01
298,2021,maize,8.829758333333332,5.7773,,,all_crops,07_01
298,2022,barley_spring,3.4287916666666667,3.3901000000000003,,,all_crops,07_01
298,2023,sunflower,2.0416666666666665,1.9611,3.796700340847093,3.13560215047265,all_crops,07_01
298,2024,wheat_spring,3.408333333333333,3.5770000000000004,3.8024955902350124,3.786993351588776,all_crops,07_01
298,2025,pea,2.2106666666666666,2.4912,3.518978614612123,3.4533307209988937,all_crops,07_01
299,2021,wheat_winter,3.2053456221198156,3.1094,,,all_crops,07_01
299,2022,wheat_winter,4.0,3.2609000000000004,,,all_crops,07_01
299,2023,sunflower,3.345622119815668,2.1915,3.784101118435754,3.0621594505222145,all_crops,07_01
299,2024,barley_spring,3.720276497695852,4.1189,3.4222061785311912,3.4037789435865946,all_crops,07_01
299,2025,pea,2.5146082949308752,3.2213000000000003,3.3789844247734675,3.3714194427724298,all_crops,07_01
300,2021,wheat_winter,2.8021818181818183,2.6851,,,all_crops,07_01
300,2022,wheat_winter,2.810545454545455,2.6275,,,all_crops,07_01
300,2023,sunflower,3.5636363636363635,1.9782,3.400412858930138,3.047921910015033,all_crops,07_01
300,2024,barley_spring,4.142545454545455,3.0006,3.185496410632884,3.178999247439954,all_crops,07_01
300,2025,sunflower,3.1365454545454545,2.3777999999999997,3.587503772841058,3.561502681773384,all_crops,07_01
301,2021,wheat_winter,2.3384115523465705,2.0373,,,all_crops,07_01
301,2022,wheat_winter,3.303068592057762,3.2837000000000005,,,all_crops,07_01
301,2023,sunflower,2.6101083032490973,1.8818,3.357217933491094,2.956374862239405,all_crops,07_01
301,2024,wheat_spring,2.888086642599278,4.15,3.842592480481557,3.822380502484009,all_crops,07_01
301,2025,sunflower,2.495162454873646,2.7965,3.005626151569893,2.9630698935040165,all_crops,07_01
302,2021,wheat_spring,2.160754716981132,2.1026,,,all_crops,07_01
302,2022,sunflower,3.147777777777778,2.0321,,,all_crops,07_01
302,2023,wheat_spring,2.0,2.086,4.139015672269643,3.2696625329251514,all_crops,07_01
302,2025,sunflower,2.7764444444444445,2.4812000000000003,3.242334062001661,3.2262804660160054,all_crops,07_01
303,2021,rye_winter,3.52125,3.4860999999999995,,,all_crops,07_01
303,2022,sunflower,3.539,2.4263000000000003,,,all_crops,07_01
303,2023,barley_spring,1.628,2.815,3.2321704627676087,3.1196256689467545,all_crops,07_01
303,2024,pea,3.313,3.6863,3.519616020639764,3.485741591908105,all_crops,07_01
303,2025,wheat_winter,5.6745,5.652,5.039968430379547,5.125731293063545,all_crops,07_01
304,2021,rye_winter,2.693311688311688,2.5934999999999997,,,all_crops,07_01
304,2022,sunflower,3.0357142857142856,2.6441,,,all_crops,07_01
304,2023,wheat_spring,2.142857142857143,1.6225,3.7856233571842735,3.12299841895647,all_crops,07_01
304,2024,wheat_spring,4.071428571428571,3.834000000000001,3.8852765474528406,3.8728106300406298,all_crops,07_01
304,2025,sunflower,2.1645454545454546,2.399,3.192133200770316,3.0574667153966404,all_crops,07_01
305,2021,sunflower,3.164368932038835,2.2552,,,all_crops,07_01
305,2022,wheat_spring,3.257047619047619,3.5012,,,all_crops,07_01
305,2023,barley_spring,2.9109359605911327,2.2071,3.1778000589717696,3.1292804836361694,all_crops,07_01
305,2024,wheat_winter,5.032571428571428,5.5272,3.1659064797504692,3.0647584217659753,all_crops,07_01
305,2025,sunflower,2.768857142857143,2.1062000000000003,3.263125590419189,3.316869928419067,all_crops,07_01
306,2021,sunflower,2.5819574468085107,1.9568,,,all_crops,07_01
306,2022,wheat_spring,3.6619574468085103,3.5087,,,all_crops,07_01
306,2023,wheat_winter,2.523404255319149,2.3137,3.006377989287286,2.93460343603264,all_crops,07_01
306,2024,sunflower,3.538212765957447,2.4284,3.0716532359254862,3.104889232553101,all_crops,07_01
306,2025,wheat_spring,4.320425531914894,4.1558,3.845148802086813,3.8443514213414964,all_crops,07_01
307,2021,wheat_winter,1.828235294117647,3.6536,,,all_crops,07_01
307,2022,pea,2.614705882352941,2.7092,,,all_crops,07_01
307,2023,sunflower,1.6470588235294117,1.84,3.2692654085416355,2.951166107447203,all_crops,07_01
308,2021,sunflower,3.211111111111111,2.1478,,,all_crops,07_01
308,2022,wheat_spring,2.0782828282828283,3.2978,,,all_crops,07_01
308,2024,wheat_winter,6.613961038961039,6.0019,3.1790939762016235,3.1084890076923486,all_crops,07_01
308,2025,sunflower,3.56038961038961,2.68,3.348750877784809,3.3509799482049623,all_crops,07_01
309,2021,sunflower,2.949066666666667,2.2782,,,all_crops,07_01
310,2021,sunflower,2.9762564102564104,2.0533,,,all_crops,07_01
310,2022,wheat_spring,4.9725,4.8922,,,all_crops,07_01
310,2023,sunflower,2.6650943396226414,2.0685,3.0483952715153495,2.9549511690794596,all_crops,07_01
310,2024,wheat_spring,3.763636363636364,3.5579,3.8866179166502244,3.8268731570731562,all_crops,07_01
310,2025,barley_spring,6.152151515151515,3.9965,4.4774402850945485,4.676975773201622,all_crops,07_01
311,2021,barley_spring,4.765069124423963,2.9239,,,all_crops,07_01
311,2022,wheat_winter,3.1785470085470084,3.1844,,,all_crops,07_01
311,2023,sunflower,3.220833333333333,2.0643,3.0965373784553214,2.963614660941037,all_crops,07_01
311,2024,wheat_spring,3.9819827586206897,4.0912999999999995,3.77516796322519,3.7456697928493448,all_crops,07_01
311,2025,soya,1.4650632911392407,2.0154,2.4189092660743414,2.3677517222499715,all_crops,07_01
312,2021,barley_spring,3.995789473684211,2.9656,,,all_crops,07_01
312,2022,sunflower,2.5855555555555556,2.7312000000000003,,,all_crops,07_01
312,2023,wheat_spring,1.8715789473684212,2.0492999999999997,2.9604042235939594,2.9982399842436154,all_crops,07_01
312,2024,sunflower,1.5944444444444443,2.6065,3.2298027735797556,3.0992275368233213,all_crops,07_01
312,2025,barley_spring,3.900555555555555,4.0155,3.605577772936024,3.4668905077833023,all_crops,07_01
313,2021,sunflower,3.737326203208556,2.8125,,,all_crops,07_01
313,2022,wheat_spring,3.3391818181818183,3.7147,,,all_crops,07_01
313,2023,barley_spring,2.5366818181818185,2.8708,3.147381168659578,3.1306753947056722,all_crops,07_01
313,2024,pea,2.8992727272727272,3.2374,3.5189551873223963,3.5291047105625295,all_crops,07_01
313,2025,wheat_winter,5.320641711229947,4.2306,4.416776216868736,4.400924583212865,all_crops,07_01
314,2021,sunflower,2.99763440860215,1.5746,,,all_crops,07_01
314,2022,wheat_spring,3.765161290322581,3.629399999999999,,,all_crops,07_01
314,2024,wheat_winter,5.3133067729083665,4.5685,3.0283719722975135,2.9771549737331666,all_crops,07_01
314,2025,sunflower,3.19804780876494,2.7247,3.431759882978543,3.3131796407291714,all_crops,07_01
315,2021,sunflower,2.3563157894736846,2.1752,,,all_crops,07_01
315,2022,wheat_spring,3.067894736842105,3.3899999999999997,,,all_crops,07_01
315,2023,wheat_spring,2.289473684210526,2.4754,3.1423850239942164,3.0434398515898686,all_crops,07_01
315,2025,barley_spring,4.822105263157895,3.3274999999999997,3.294169606111248,3.356922743096749,all_crops,07_01
316,2021,wheat_spring,3.35448275862069,2.5179,,,all_crops,07_01
316,2022,pea,2.176896551724138,2.5998,,,all_crops,07_01
316,2023,wheat_winter,2.6882758620689655,1.9064,2.937849996031195,2.9306962239402052,all_crops,07_01
317,2021,sunflower,2.4812716763005778,2.3783000000000003,,,all_crops,07_01
317,2022,wheat_spring,3.5861271676300577,3.9486,,,all_crops,07_01
317,2023,barley_spring,2.690967741935484,2.8998,3.774363375094146,3.3231494081153232,all_crops,07_01
317,2024,wheat_winter,4.679032258064516,4.5053,3.09651589260837,3.059295024869396,all_crops,07_01
317,2025,sunflower,3.2478823529411764,2.1742,3.2071085011436806,3.1291092223906567,all_crops,07_01
318,2021,sunflower,2.5535622317596567,1.7551,,,all_crops,07_01
318,2022,wheat_spring,4.166502057613169,3.3954,,,all_crops,07_01
318,2023,wheat_winter,2.1609876543209876,2.1624,2.9812275904406884,2.94134964352169,all_crops,07_01
318,2024,sunflower,3.366416666666667,2.3868,3.2488851554872547,3.271472783728171,all_crops,07_01
318,2025,wheat_spring,4.45625,3.7817,3.8908894092603497,3.830871479084169,all_crops,07_01
319,2021,sunflower,3.1226666666666665,1.8891,,,all_crops,07_01
319,2022,barley_spring,3.020842105263158,2.3091999999999997,,,all_crops,07_01
319,2023,wheat_winter,1.892156862745098,2.0064,3.0584032026458123,2.9325217386460003,all_crops,07_01
319,2024,sunflower,3.15221052631579,2.4882,3.08684969184033,3.113908885943202,all_crops,07_01
319,2025,wheat_spring,4.713333333333333,3.531,3.5395357250243062,3.5101134666612164,all_crops,07_01
320,2021,wheat_spring,3.9986666666666664,3.4893,,,all_crops,07_01
320,2022,pea,3.664,2.4971,,,all_crops,07_01
320,2023,wheat_winter,1.4966666666666666,2.1379,2.961122338262097,2.9497159179369112,all_crops,07_01
320,2024,sunflower,2.272666666666667,1.9903,3.386334428908489,3.380113301583326,all_crops,07_01
320,2025,wheat_spring,5.241333333333333,4.1115,3.8924363740309786,3.7802498662042683,all_crops,07_01
321,2021,wheat_spring,3.118865979381443,2.9139,,,all_crops,07_01
321,2022,pea,3.720721649484537,2.1606,,,all_crops,07_01
321,2023,wheat_winter,2.4504123711340204,2.1239,3.003086392077693,2.9494523862155653,all_crops,07_01
321,2024,sunflower,2.982783505154639,2.7785,3.265749533111756,3.2406818140193634,all_crops,07_01
321,2025,wheat_spring,5.011076923076923,4.2523,3.9422742693612554,3.876250898931259,all_crops,07_01
322,2021,wheat_spring,3.403835616438356,3.1239999999999997,,,all_crops,07_01
322,2022,sunflower,2.8527397260273974,2.7659,,,all_crops,07_01
322,2023,wheat_spring,3.1232876712328768,2.2018999999999997,3.0890135146184337,3.0365580450167546,all_crops,07_01
322,2024,sunflower,2.7725,2.5952,3.1436283238106166,3.1960553769055275,all_crops,07_01
322,2025,barley_spring,5.317428571428572,4.5533,4.198923827619166,4.2961938503833395,all_crops,07_01
323,2021,wheat_spring,2.7504545454545455,2.6267,,,all_crops,07_01
323,2022,sunflower,3.4059090909090908,2.6308,,,all_crops,07_01
323,2023,wheat_spring,2.987012987012987,2.2935,3.1331405787070556,3.035581040382544,all_crops,07_01
323,2024,wheat_winter,4.966298701298701,5.0912999999999995,3.1220941959188524,3.1096926471883135,all_crops,07_01
323,2025,sunflower,3.7001298701298704,2.7821,3.5112122779416537,3.4705787146009635,all_crops,07_01
324,2021,wheat_spring,3.4877777777777776,2.7978,,,all_crops,07_01
324,2022,sunflower,3.049259259259259,2.9478999999999997,,,all_crops,07_01
324,2023,wheat_spring,2.1296296296296298,2.5347,3.2420066378498125,3.1553924232165884,all_crops,07_01
324,2024,barley_spring,4.074074074074074,4.1655999999999995,3.577735147183536,3.5256066069722483,all_crops,07_01
324,2025,sunflower,3.123333333333333,2.3431,3.1099284038352106,3.072937123600711,all_crops,07_01
325,2021,wheat_spring,3.5964705882352943,2.7414,,,all_crops,07_01
325,2022,sunflower,2.885882352941177,2.9293,,,all_crops,07_01
325,2023,wheat_spring,2.1070588235294117,2.8832,3.4567066540445612,3.1439854279949873,all_crops,07_01
325,2024,barley_spring,5.431764705882353,2.5814,3.3017810296838714,3.2458010098490555,all_crops,07_01
325,2025,sunflower,3.902941176470588,2.2727,3.3736863327769013,3.359815963536608,all_crops,07_01
327,2021,wheat_spring,4.412475247524752,3.5446,,,all_crops,07_01
327,2022,sunflower,3.0487128712871288,2.3335999999999997,,,all_crops,07_01
327,2023,barley_spring,3.0089108910891085,3.0271,3.174175768531186,3.129160844690477,all_crops,07_01
327,2024,wheat_spring,4.303030303030303,4.4445,3.8242283477047083,3.8405224001062255,all_crops,07_01
327,2025,sunflower,2.7849504950495048,2.7929,3.2064650722002286,3.1010935470723977,all_crops,07_01
328,2021,wheat_spring,1.515294117647059,1.4171,,,all_crops,07_01
328,2022,wheat_winter,2.5023529411764707,3.8293,,,all_crops,07_01
328,2023,sunflower,2.764705882352941,2.0331,3.0323637928534164,2.946869970535286,all_crops,07_01
329,2021,wheat_spring,3.485,2.9349,,,all_crops,07_01
330,2021,wheat_spring,3.468137931034483,2.8909,,,all_crops,07_01
330,2022,barley_spring,4.183068965517241,2.9044,,,all_crops,07_01
330,2023,sunflower,3.167247386759582,2.2554,2.969301201046552,2.889171954941043,all_crops,07_01
330,2024,wheat_spring,3.373384030418251,3.6039,3.734107816672001,3.732582600265401,all_crops,07_01
330,2025,pea,1.6517562724014336,2.7614,3.4441435665729356,3.394199652172432,all_crops,07_01
331,2021,wheat_spring,3.196,2.8387,,,all_crops,07_01
331,2022,wheat_winter,2.234714285714286,2.3358,,,all_crops,07_01
331,2023,sunflower,3.1901408450704225,1.9111,3.460979990771015,3.0706510428484894,all_crops,07_01
331,2024,wheat_spring,4.017571428571429,3.1,3.8058454311323584,3.717126822538667,all_crops,07_01
331,2025,sunflower,2.805285714285714,2.6515999999999997,3.0166612810571896,2.945223922449155,all_crops,07_01
332,2021,wheat_spring,2.784181034482758,3.3049999999999997,,,all_crops,07_01
332,2022,sunflower,3.1269827586206898,2.1197,,,all_crops,07_01
332,2023,wheat_spring,2.2198275862068964,2.2326,3.484038653353982,3.0903204544215686,all_crops,07_01
332,2025,sunflower,2.7096982758620687,2.1525,3.2480528652355964,3.1027837505278226,all_crops,07_01
333,2021,wheat_spring,3.365379746835443,2.2743,,,all_crops,07_01
333,2022,sunflower,3.009367088607595,2.8998,,,all_crops,07_01
333,2023,wheat_spring,2.329113924050633,2.4387,3.173968626233114,3.057128268047647,all_crops,07_01
334,2021,wheat_spring,3.1403749999999997,3.1044,,,all_crops,07_01
334,2022,sunflower,3.3138125,2.3219000000000003,,,all_crops,07_01
334,2023,wheat_spring,3.24375,2.1475,3.148542512032544,3.0681118957722107,all_crops,07_01
334,2024,sunflower,2.83575,2.4604,3.1320707797281484,3.22064359409414,all_crops,07_01
335,2021,wheat_spring,3.134623655913978,3.3575000000000004,,,all_crops,07_01
335,2022,sunflower,3.5048387096774194,2.5538,,,all_crops,07_01
335,2023,wheat_spring,3.01980198019802,1.9441,3.6103533165473722,3.220323197208278,all_crops,07_01
335,2024,sunflower,2.762772277227723,2.4528,3.195637068465309,3.237512480567566,all_crops,07_01
335,2025,barley_spring,5.654851485148515,3.9427,3.937509637666627,3.977903296251013,all_crops,07_01
336,2021,wheat_spring,3.555333333333333,3.4055,,,all_crops,07_01
336,2022,sunflower,3.0290000000000004,2.4145,,,all_crops,07_01
336,2023,wheat_spring,3.5246666666666666,3.0418,3.2817025340467163,3.206408386608802,all_crops,07_01
336,2024,sunflower,2.679333333333333,2.4265,3.394393456020679,3.3758753268646258,all_crops,07_01
336,2025,barley_spring,5.271333333333333,4.2636,4.110807533214774,4.148746420035656,all_crops,07_01
337,2021,wheat_spring,3.2880000000000003,2.3593,,,all_crops,07_01
337,2022,sunflower,3.2695,2.8881,,,all_crops,07_01
337,2023,wheat_spring,1.825,2.6159,3.239581319452514,3.135461719293938,all_crops,07_01
338,2021,wheat_spring,2.9725,2.2576,,,all_crops,07_01
338,2022,sunflower,2.849375,2.7058,,,all_crops,07_01
338,2023,wheat_spring,1.30125,2.896,3.1388635590711713,3.062503040632193,all_crops,07_01
338,2024,barley_spring,5.055,2.9684,3.139793743662904,3.221296631733964,all_crops,07_01
338,2025,sunflower,3.5034375,2.9894,3.2423611353955644,3.220065193774729,all_crops,07_01
339,2021,wheat_spring,4.1225,2.9798,,,all_crops,07_01
339,2022,sunflower,3.1950000000000003,1.9122,,,all_crops,07_01
339,2023,wheat_spring,1.4583333333333333,2.4658,3.3103842739880034,3.0526917562076656,all_crops,07_01
339,2024,wheat_spring,3.623333333333333,1.6454999999999995,3.12959068876218,3.1629391367062887,all_crops,07_01
339,2025,wheat_spring,5.5616666666666665,3.7984,3.5651058885663574,3.700386039114731,all_crops,07_01
340,2021,barley_spring,1.3229508196721311,2.5358,,,all_crops,07_01
340,2022,sunflower,3.700081967213115,2.6686,,,all_crops,07_01
340,2023,wheat_spring,3.4262295081967213,2.5234,3.137408652507394,3.012041897883061,all_crops,07_01
340,2024,sunflower,2.295081967213114,2.5004,3.2625476210460573,3.2677041390441417,all_crops,07_01
340,2025,barley_spring,5.233934426229508,3.7521,3.4612911226512786,3.3253117177607883,all_crops,07_01
341,2021,barley_spring,3.3516666666666666,3.028,,,all_crops,07_01
341,2022,sunflower,2.8089583333333334,2.9271000000000003,,,all_crops,07_01
341,2023,wheat_spring,1.7916666666666667,2.9345,2.9738675989784404,2.9906103496581196,all_crops,07_01
341,2024,sunflower,1.5833333333333333,2.6928,3.3862502047701035,3.220894766281304,all_crops,07_01
341,2025,barley_spring,5.078333333333333,4.0393,3.7745348936971004,3.73690361123512,all_crops,07_01
342,2021,wheat_winter,1.9413636363636364,3.7936,,,all_crops,07_01
342,2022,sunflower,3.7125,2.783,,,all_crops,07_01
342,2023,wheat_spring,2.340909090909091,3.0209,3.082082343359036,3.107420427249694,all_crops,07_01
342,2024,sunflower,2.0454545454545454,2.6686,3.1607945416168137,3.0733206926185668,all_crops,07_01
342,2025,barley_spring,4.873181818181818,4.4454,4.070926112567183,4.043335612448488,all_crops,07_01
343,2021,barley_spring,4.0285714285714285,3.322,,,all_crops,07_01
343,2022,wheat_winter,3.422857142857143,2.9443,,,all_crops,07_01
343,2023,sunflower,2.317142857142857,2.1953,2.7416685517193926,2.882922181063611,all_crops,07_01
344,2021,sunflower,2.1748453608247424,2.1807,,,all_crops,07_01
344,2022,wheat_spring,4.158762886597938,3.2097,,,all_crops,07_01
344,2023,pea,2.0016494845360824,1.9789,3.5719788740283502,3.285354206040521,all_crops,07_01
344,2024,wheat_winter,5.747422680412371,5.2086,3.4979764404458864,3.5103249192903547,all_crops,07_01
344,2025,sunflower,3.773283582089552,2.6604,3.190384778343782,3.2129317078338286,all_crops,07_01
345,2021,sunflower,2.6784,2.2895,,,all_crops,07_01
345,2022,wheat_spring,4.4988,3.1092,,,all_crops,07_01
345,2023,sunflower,1.6133333333333333,1.897,3.607587108304436,3.1449991067567646,all_crops,07_01
345,2024,wheat_spring,3.306666666666667,4.2535,3.9342339143111236,3.8611168209185607,all_crops,07_01
346,2021,sunflower,1.9183783783783783,1.9228,,,all_crops,07_01
346,2022,wheat_spring,4.4437837837837835,3.8421,,,all_crops,07_01
346,2023,pea,3.323783783783784,2.2461,3.5869946049951595,3.2766075901558747,all_crops,07_01
346,2024,wheat_winter,7.144324324324324,5.6759,3.3516668921225516,3.38232923636021,all_crops,07_01
347,2022,wheat_spring,2.773898305084746,,,,all_crops,07_01
347,2023,wheat_winter,1.3714285714285714,2.3535,3.523459812373815,2.9798108826744008,all_crops,07_01
347,2024,sunflower,2.6532203389830507,2.4537,3.2002326606438043,3.293880325093554,all_crops,07_01
347,2025,wheat_spring,4.076491228070176,3.8152,3.4318827709521305,3.5232568446610726,all_crops,07_01
349,2021,sunflower,3.348414634146341,2.3996,,,all_crops,07_01
349,2022,wheat_spring,3.5331707317073175,3.6122,,,all_crops,07_01
349,2023,barley_spring,3.0681707317073172,2.2146999999999997,3.4992007934605316,3.2587318400336196,all_crops,07_01
349,2024,sunflower,3.0159756097560977,2.8105,3.1918855407396727,3.2885346065628394,all_crops,07_01
350,2021,sunflower,2.6869291338582677,2.8007,,,all_crops,07_01
350,2022,wheat_spring,3.551338582677165,2.8885,,,all_crops,07_01
350,2023,sunflower,2.5440944881889767,2.1065,3.8706484989866894,3.1256770839179446,all_crops,07_01
350,2024,wheat_spring,4.731968503937008,4.6448,3.972005960729916,3.9742880021979263,all_crops,07_01
350,2025,pea,3.9763779527559056,3.1642,3.858062095980153,3.9622594369416793,all_crops,07_01
351,2021,wheat_spring,4.5,3.0916,,,all_crops,07_01
352,2021,sunflower,2.075492957746479,2.6563,,,all_crops,07_01
352,2022,wheat_spring,4.080747663551402,3.1329,,,all_crops,07_01
352,2023,pea,2.1001869158878503,1.6164999999999998,3.5041571573299444,3.2797105924158734,all_crops,07_01
352,2024,wheat_winter,6.125981308411215,3.9843,3.3968902219203994,3.3861865733651144,all_crops,07_01
352,2025,sunflower,3.5908411214953273,2.5768,3.2460123599949373,3.236230226006438,all_crops,07_01
353,2021,sunflower,2.0749999999999997,2.0385,,,all_crops,07_01
353,2022,wheat_spring,3.905208333333333,3.1005,,,all_crops,07_01
354,2021,sunflower,2.214430379746835,2.1566,,,all_crops,07_01
354,2022,wheat_spring,3.8073417721518985,3.4005,,,all_crops,07_01
354,2023,barley_spring,2.659493670886076,1.7769,3.330789762805964,3.1270341176980168,all_crops,07_01
355,2021,sunflower,3.3528571428571428,2.0711,,,all_crops,07_01
355,2022,wheat_spring,4.668571428571428,3.2415999999999996,,,all_crops,07_01
355,2023,barley_spring,3.162142857142858,2.2179,3.0721948117742444,3.0848247010237393,all_crops,07_01
356,2021,sunflower,2.6103448275862067,1.985,,,all_crops,07_01
356,2022,wheat_spring,3.2897701149425287,3.5805999999999996,,,all_crops,07_01
356,2023,sunflower,2.1677011494252874,1.7352,3.863851168266839,3.1169795692486804,all_crops,07_01
356,2024,wheat_spring,3.905747126436782,4.189,3.8879213865924163,3.956978808572058,all_crops,07_01
356,2025,sunflower,3.081954022988506,2.6418,3.133270536737943,3.0247325655976613,all_crops,07_01
357,2021,sunflower,3.1505555555555556,2.336,,,all_crops,07_01
358,2021,sunflower,3.3279000000000005,2.4164000000000003,,,all_crops,07_01
358,2022,wheat_spring,3.628433734939759,3.9239,,,all_crops,07_01
358,2023,barley_spring,2.936867469879518,2.084,3.013927734071694,3.107521230760068,all_crops,07_01
358,2024,sunflower,3.3918072289156624,2.6963,3.2318131984133083,3.321451212137571,all_crops,07_01
358,2025,wheat_spring,4.909156626506024,4.7485,4.187677069774059,4.175002919281682,all_crops,07_01
359,2021,sunflower,2.9375,2.1512,,,all_crops,07_01
359,2022,wheat_spring,3.3601315789473687,4.4251,,,all_crops,07_01
359,2023,barley_spring,3.0155263157894736,1.658,3.753034518106802,3.3481911150401293,all_crops,07_01
359,2024,wheat_winter,4.423552631578947,4.3869,3.485263709584805,3.4674074720198265,all_crops,07_01
359,2025,sunflower,3.789473684210526,2.4544,3.2709276156636014,3.1863249841660255,all_crops,07_01
360,2021,sunflower,2.314375,2.2260999999999997,,,all_crops,07_01
360,2022,wheat_spring,2.936875,3.4680999999999997,,,all_crops,07_01
360,2023,sunflower,2.17,2.2003,3.3638742781663535,3.0704902920301276,all_crops,07_01
361,2021,sunflower,3.5955,2.9539999999999997,,,all_crops,07_01
361,2022,wheat_spring,4.357,3.2476999999999996,,,all_crops,07_01
361,2023,sunflower,2.302,1.8195,3.899597134432837,3.125821156715729,all_crops,07_01
361,2024,wheat_spring,4.7005,4.6591000000000005,3.806875359450579,3.649051714953802,all_crops,07_01
362,2021,sunflower,2.774871794871795,1.8656,,,all_crops,07_01
362,2022,wheat_spring,3.5694017094017094,3.2365000000000004,,,all_crops,07_01
362,2023,wheat_spring,3.3333333333333335,2.8536,3.6668913753535257,3.26459934966706,all_crops,07_01
362,2024,sunflower,3.491965811965812,2.8526,3.4535104545184465,3.403264626530934,all_crops,07_01
362,2025,wheat_spring,3.5128205128205128,3.8536,3.7317308323290486,3.6230267821481945,all_crops,07_01
363,2021,sunflower,2.518181818181818,2.2992,,,all_crops,07_01
363,2022,wheat_spring,4.46025974025974,2.8952,,,all_crops,07_01
363,2023,sunflower,2.303896103896104,2.1214,3.898521627947047,3.120628621008778,all_crops,07_01
363,2024,wheat_spring,3.9771428571428578,3.7111,3.9203207966505724,3.864332958288978,all_crops,07_01
363,2025,sunflower,3.0779220779220777,2.7735,3.2104625951745223,3.0524720397720584,all_crops,07_01
364,2021,sunflower,2.8564166666666666,1.937,,,all_crops,07_01
364,2022,wheat_spring,4.104166666666667,2.9541,,,all_crops,07_01
364,2023,barley_spring,3.08,2.2054,3.4290799086196757,3.2306050100093127,all_crops,07_01
364,2024,sunflower,3.2274999999999996,2.2731000000000003,3.224242081975893,3.2852560716780346,all_crops,07_01
364,2025,wheat_spring,5.088333333333334,4.084300000000001,4.1289862336675185,4.056593775498252,all_crops,07_01
365,2021,sunflower,3.129,2.3059000000000003,,,all_crops,07_01
365,2022,wheat_spring,3.8606666666666665,3.2060000000000004,,,all_crops,07_01
365,2023,soya,1.223103448275862,1.7503,4.1095935821508,3.3950987782318176,all_crops,07_01
365,2024,sunflower,3.216666666666667,2.8152999999999997,3.582824285883053,3.5823894699123744,all_crops,07_01
365,2025,wheat_spring,4.023333333333333,3.7074,3.776734057376063,3.805679287572553,all_crops,07_01
366,2021,wheat_winter,3.398571428571429,4.0013,,,all_crops,07_01
367,2021,wheat_winter,3.9545454545454546,3.8603,,,all_crops,07_01
367,2022,wheat_spring,2.5854545454545454,,,,all_crops,07_01
367,2023,sunflower,2.6066666666666665,1.9616,3.0679130388334066,2.899048299357262,all_crops,07_01
367,2024,wheat_spring,3.952121212121212,4.6094,3.7974152565515067,3.7203130600367453,all_crops,07_01
367,2025,barley_spring,5.483529411764706,3.229,3.6621810100506376,3.765811121094064,all_crops,07_01
368,2021,wheat_winter,3.623850267379679,3.3354,,,all_crops,07_01
368,2022,sunflower,2.872727272727273,2.2609000000000004,,,all_crops,07_01
368,2023,wheat_spring,2.5308108108108107,1.5825,3.1219386950286734,3.019589422358922,all_crops,07_01
368,2024,barley_spring,3.976042780748663,3.7604,3.5477409131612534,3.7003194452212624,all_crops,07_01
368,2025,sunflower,2.9998913043478264,2.367,3.1620391623970283,3.1910938562579583,all_crops,07_01
369,2021,wheat_winter,4.096243093922651,3.3883,,,all_crops,07_01
369,2022,sunflower,2.6805594405594406,2.5135,,,all_crops,07_01
369,2023,wheat_spring,2.2557597173144877,1.7963999999999998,3.1797003310738545,3.02179955559582,all_crops,07_01
369,2024,pea,3.8210877192982458,3.1681,3.4906652396642777,3.673755401860128,all_crops,07_01
369,2025,sunflower,3.581451612903226,2.7304,3.238354218089884,3.300621952987759,all_crops,07_01
370,2021,wheat_winter,1.752,4.0399,,,all_crops,07_01
370,2022,sunflower,3.428,2.3081,,,all_crops,07_01
370,2023,wheat_spring,1.709230769230769,2.6358,3.0138829314277955,2.9890923664015383,all_crops,07_01
370,2024,pea,4.274615384615385,3.2003,3.6288914516356785,3.559166895782722,all_crops,07_01
370,2025,wheat_winter,3.573846153846154,3.757800000000001,3.7465777551906,3.8369962881188986,all_crops,07_01
371,2021,wheat_winter,2.0984615384615384,3.6546,,,all_crops,07_01
371,2022,wheat_spring,3.946153846153846,,,,all_crops,07_01
371,2023,sunflower,3.2169230769230768,2.0687,2.7956155493762993,2.8965179079152246,all_crops,07_01
371,2024,wheat_spring,5.176923076923076,4.889200000000001,3.805132977896538,3.6897610067103837,all_crops,07_01
371,2025,barley_spring,5.615384615384615,5.6213999999999995,4.087178250723648,4.014890177621492,all_crops,07_01
372,2021,wheat_winter,1.01,2.4677,,,all_crops,07_01
372,2022,wheat_spring,3.702222222222222,3.1067,,,all_crops,07_01
372,2023,barley_spring,1.6726,1.8377,3.1998054847377517,3.0072049036411244,all_crops,07_01
372,2024,sunflower,2.254423076923077,1.753,2.8618635519849365,2.864233207829426,all_crops,07_01
372,2025,barley_spring,4.016923076923077,2.8716999999999997,3.23167765078805,3.128761319821735,all_crops,07_01
373,2021,wheat_winter,3.087433628318584,3.3177,,,all_crops,07_01
373,2022,wheat_spring,2.2598326359832637,,,,all_crops,07_01
373,2023,sunflower,2.3375330396475773,2.036,3.2291927742709925,2.898860643129727,all_crops,07_01
373,2024,wheat_spring,3.9784140969163,3.6927,3.8832099949328027,3.9088855470964816,all_crops,07_01
373,2025,sunflower,3.1368888888888886,2.4531,3.2311839633774717,3.192839120552415,all_crops,07_01
374,2021,wheat_winter,4.776071428571428,3.5782,,,all_crops,07_01
374,2022,wheat_spring,3.8834615384615385,,,,all_crops,07_01
374,2023,sunflower,2.316923076923077,1.9099,2.6236609585243937,2.8080242318220283,all_crops,07_01
374,2024,wheat_spring,4.47921568627451,4.206,4.031368696826391,3.765212237942107,all_crops,07_01
374,2025,barley_spring,5.3494117647058825,4.1215,3.8360155450168003,3.8591090454881174,all_crops,07_01
375,2021,wheat_winter,2.206153846153846,3.7272,,,all_crops,07_01
375,2022,wheat_spring,4.341538461538462,,,,all_crops,07_01
375,2023,sunflower,4.08,1.9577,2.886157731125768,2.893292188960656,all_crops,07_01
375,2024,wheat_spring,4.658461538461538,4.4691,4.077046359176002,3.732609217930917,all_crops,07_01
375,2025,barley_spring,5.226153846153846,5.2737,4.248890984729479,4.1538930831209875,all_crops,07_01
376,2021,wheat_winter,3.2995604395604397,3.5896999999999997,,,all_crops,07_01
377,2021,wheat_winter,3.4756521739130433,4.1545000000000005,,,all_crops,07_01
377,2022,wheat_spring,2.7578260869565216,,,,all_crops,07_01
377,2023,sunflower,2.367391304347826,1.8909,2.7197368065976897,2.8421158949062435,all_crops,07_01
377,2024,wheat_spring,3.7969565217391303,4.2158999999999995,3.8919385025597517,3.9233026136561717,all_crops,07_01
377,2025,sunflower,3.0659574468085107,2.0869,3.108806824012165,3.160867669992905,all_crops,07_01
378,2021,wheat_spring,3.5507692307692307,3.946,,,all_crops,07_01
378,2022,wheat_spring,4.207179487179488,3.1805,,,all_crops,07_01
378,2023,barley_spring,2.0811111111111114,2.22,2.885803678815792,2.9707937283763113,all_crops,07_01
378,2024,sunflower,2.6641025641025644,1.977,3.297786414297096,3.142219953654684,all_crops,07_01
378,2025,barley_spring,5.536410256410256,4.0593,3.552817953816578,3.473781309342214,all_crops,07_01
379,2021,wheat_winter,2.15444976076555,2.9137,,,all_crops,07_01
379,2022,wheat_spring,2.098357487922706,,,,all_crops,07_01
379,2023,sunflower,2.722512077294686,2.1587,3.55263044803304,3.0036954038316885,all_crops,07_01
379,2024,wheat_spring,3.8770334928229664,3.772,3.966521684077345,3.9664792298681553,all_crops,07_01
379,2025,barley_spring,4.470873786407767,3.0703,3.6222410514290546,3.8377488725333366,all_crops,07_01
380,2021,wheat_winter,1.9683333333333335,4.3027,,,all_crops,07_01
381,2021,wheat_spring,2.6253333333333333,3.4625,,,all_crops,07_01
381,2022,barley_spring,3.201333333333334,3.2449,,,all_crops,07_01
381,2023,wheat_winter,2.849,3.0126999999999997,3.2351382699089766,2.997796369530436,all_crops,07_01
381,2024,oil_seed_raps_spring,1.967,2.2946999999999997,3.299029478452766,3.2598834961017187,all_crops,07_01
381,2025,wheat_spring,4.402295081967213,3.6499,3.660007510830847,3.7953591529467428,all_crops,07_01
382,2021,wheat_spring,3.1325984251968504,3.9207,,,all_crops,07_01
382,2022,barley_spring,3.9132283464566937,2.5168,,,all_crops,07_01
382,2023,wheat_winter,1.8373228346456696,2.2022,3.7396297190853933,3.1065104311473903,all_crops,07_01
382,2024,sunflower,3.635968992248062,2.1855,3.4318849056597527,3.368905669609126,all_crops,07_01
382,2025,wheat_spring,5.214573643410852,4.131,3.9548580779359908,3.8398701341569272,all_crops,07_01
383,2021,wheat_spring,3.175263157894737,2.9693,,,all_crops,07_01
384,2021,wheat_spring,2.359225806451613,3.2428,,,all_crops,07_01
384,2022,sunflower,3.801032258064516,2.0918,,,all_crops,07_01
384,2023,wheat_winter,1.383483870967742,2.9309000000000003,3.8023465045656066,3.133533268567215,all_crops,07_01
384,2024,sunflower,3.3430573248407645,2.0616,3.1754293418872894,3.2747808314822846,all_crops,07_01
386,2021,wheat_spring,3.405688073394496,3.0003,,,all_crops,07_01
386,2022,sunflower,2.417614678899082,2.2489999999999997,,,all_crops,07_01
386,2023,wheat_spring,2.941467889908257,2.2585,3.18631457642787,3.0504140174005694,all_crops,07_01
386,2024,wheat_winter,5.172844036697248,5.0877,3.5727311211883097,3.5958565966944915,all_crops,07_01
386,2025,sunflower,2.9811009174311924,2.7159,3.134292755918709,3.0423160815092674,all_crops,07_01
387,2021,wheat_spring,2.964625,3.3234000000000004,,,all_crops,07_01
387,2022,rye_winter,2.201020408163265,1.7101,,,all_crops,07_01
387,2023,sunflower,3.2834693877551016,2.029,3.3597711789578826,2.953154404587066,all_crops,07_01
387,2024,wheat_spring,4.1988,3.7257,3.8969333958939982,3.8307378275290436,all_crops,07_01
387,2025,barley_spring,4.1764,3.9417,3.4727418929028504,3.6239074712095,all_crops,07_01
388,2022,wheat_spring,3.236,,,,all_crops,07_01
388,2023,wheat_winter,2.2079999999999997,2.216,2.9667875407127564,2.92742012507163,all_crops,07_01
388,2024,sunflower,2.803,2.0955,3.3041856871259254,3.3246580347570807,all_crops,07_01
388,2025,wheat_spring,5.218999999999999,3.7337,3.5840921846850193,3.5349171216710453,all_crops,07_01
389,2022,sunflower,3.742857142857143,2.0418,,,all_crops,07_01
389,2023,wheat_spring,3.525714285714286,2.4513000000000003,3.1580046023543717,3.1216496617817615,all_crops,07_01
389,2024,wheat_spring,4.4775,4.3515,3.993789347050257,3.858214087418868,all_crops,07_01
390,2021,wheat_spring,3.203928571428571,2.8125,,,all_crops,07_01
390,2022,wheat_spring,2.420714285714286,,,,all_crops,07_01
390,2023,wheat_winter,2.6717857142857144,3.3547,2.845364818083438,2.9000791821457983,all_crops,07_01
390,2024,sunflower,4.0285714285714285,2.1079999999999997,3.229177868667312,3.2419098454491873,all_crops,07_01
390,2025,wheat_spring,4.868214285714286,3.9851,4.18433996780008,4.164324112243577,all_crops,07_01
391,2021,wheat_spring,2.1729032258064516,3.3278,,,all_crops,07_01
391,2022,sunflower,3.0354838709677416,2.794,,,all_crops,07_01
391,2023,wheat_spring,2.02,1.8074,3.2339903043477105,3.1019188667715625,all_crops,07_01
391,2024,wheat_spring,4.624375,4.5217,3.7777313985818646,3.7066201758316852,all_crops,07_01
391,2025,sunflower,4.1,2.853,3.2682310818298133,3.252167023428909,all_crops,07_01
392,2021,wheat_spring,4.514594594594595,3.8865,,,all_crops,07_01
392,2022,sunflower,2.7394594594594595,2.3845,,,all_crops,07_01
392,2023,wheat_spring,1.2345945945945946,1.995,3.321583856219956,3.0681346410942525,all_crops,07_01
392,2024,wheat_spring,4.623783783783784,3.892,3.891608184075607,3.8482125088095787,all_crops,07_01
392,2025,sunflower,3.5,2.7789,3.2475424065334586,3.188605255313438,all_crops,07_01
393,2021,wheat_spring,2.9732142857142856,3.0046,,,all_crops,07_01
393,2022,sunflower,2.641276595744681,2.3441,,,all_crops,07_01
393,2023,wheat_spring,2.8076595744680852,2.554,3.6926833806707364,3.1555099775090483,all_crops,07_01
393,2024,sunflower,3.0976223776223777,2.2906,3.2915866638787636,3.232748149104228,all_crops,07_01
393,2025,wheat_spring,4.924335664335664,4.1224,4.19963008851893,4.077825321050017,all_crops,07_01
394,2021,wheat_spring,3.00875,3.2466,,,all_crops,07_01
395,2021,wheat_spring,2.7353125,2.5719000000000003,,,all_crops,07_01
395,2022,sunflower,2.9053125,2.476,,,all_crops,07_01
395,2023,sunflower,2.4253125,1.8903,3.0442131919686033,2.8903155259683873,all_crops,07_01
395,2024,wheat_spring,3.98,3.4768,3.8992132758056943,3.9076458064912902,all_crops,07_01
395,2025,wheat_spring,4.1759375,2.9146,3.2883687446384577,3.1864939172345994,all_crops,07_01
396,2021,wheat_spring,4.163125,3.2404,,,all_crops,07_01
396,2022,sunflower,1.316875,2.0269,,,all_crops,07_01
396,2023,wheat_spring,1.9825,2.0597000000000003,3.2081096885111684,3.090302518712835,all_crops,07_01
396,2024,wheat_spring,4.926060606060606,4.0654,3.7393042342226375,3.7030283139332854,all_crops,07_01
396,2025,sunflower,3.272727272727273,2.6692,3.462348662766936,3.3709660569185873,all_crops,07_01
397,2021,wheat_spring,2.062452830188679,2.5855,,,all_crops,07_01
397,2022,sunflower,2.837948717948718,2.6829,,,all_crops,07_01
397,2023,wheat_spring,2.456410256410256,2.4809,3.5943811048807968,3.0985699158269386,all_crops,07_01
397,2024,barley_spring,4.936896551724137,4.7712,3.6051025291875134,3.725272389726976,all_crops,07_01
397,2025,wheat_winter,2.1965,2.3763,3.4078405280947073,3.4441471516374564,all_crops,07_01
398,2021,wheat_spring,4.766666666666667,3.4249,,,all_crops,07_01
400,2021,wheat_spring,3.56,3.0575,,,all_crops,07_01
401,2021,wheat_spring,4.2733333333333325,2.9671,,,all_crops,07_01
402,2022,wheat_spring,2.702702702702702,,,,all_crops,07_01
402,2023,wheat_winter,1.62,2.5265,3.4188736926606453,2.9975935258404163,all_crops,07_01
402,2024,sunflower,3.6572972972972977,1.9547,2.9451514413379636,3.0057833920926775,all_crops,07_01
402,2025,wheat_spring,5.235135135135135,4.072699999999999,3.904257335855571,3.9075114542444522,all_crops,07_01
403,2021,wheat_spring,3.3825581395348836,2.8758,,,all_crops,07_01
403,2022,pea,3.9586046511627906,2.1469,,,all_crops,07_01
403,2023,wheat_winter,2.048604651162791,2.2190000000000003,3.1823885931031874,2.9773862464971574,all_crops,07_01
403,2024,sunflower,3.8331764705882354,2.5735,3.226057734879237,3.2932052718900477,all_crops,07_01
403,2025,wheat_spring,5.734117647058823,3.2380000000000004,3.370297474952351,3.4690660058169085,all_crops,07_01
405,2021,wheat_spring,3.4904093567251464,3.0448,,,all_crops,07_01
405,2022,wheat_spring,2.3405847953216377,,,,all_crops,07_01
405,2023,wheat_winter,2.1315789473684212,3.0728,3.7065456607665834,3.103509526133413,all_crops,07_01
405,2024,soya,2.2403508771929825,2.2764,3.1031626643510446,3.1830882245864816,all_crops,07_01
405,2025,soya,1.9138596491228068,1.988,2.4987792141245277,2.5454228200544877,all_crops,07_01
406,2021,wheat_spring,2.9400000000000004,2.5004999999999997,,,all_crops,07_01
406,2022,rye_winter,1.982727272727273,1.5683,,,all_crops,07_01
406,2023,sunflower,2.6836363636363636,2.0936,3.196496451509764,2.9938373909230136,all_crops,07_01
406,2024,wheat_spring,3.263478260869565,3.6705,3.8157689222639632,3.7590588843286747,all_crops,07_01
406,2025,barley_spring,3.891304347826087,3.3655999999999997,3.2715558285546615,3.471422171946309,all_crops,07_01
407,2022,wheat_spring,2.7733333333333334,,,,all_crops,07_01
407,2023,wheat_winter,2.304444444444444,2.4889,2.977108138234066,2.970375849671181,all_crops,07_01
407,2024,sunflower,2.7555555555555555,2.3344,3.508703417786089,3.4726626314222413,all_crops,07_01
408,2021,wheat_spring,3.4680701754385965,2.7834,,,all_crops,07_01
408,2022,sunflower,2.6842105263157894,2.1124,,,all_crops,07_01
408,2023,wheat_spring,1.656140350877193,1.551,3.286354809149183,3.075761103800862,all_crops,07_01
408,2024,wheat_spring,4.508070175438596,2.4021999999999997,3.9082967710012566,3.8663195927552922,all_crops,07_01
408,2025,sunflower,3.5336842105263155,2.8543,3.202111575181088,3.2405813545154443,all_crops,07_01
409,2021,wheat_spring,2.427906976744186,2.6424,,,all_crops,07_01
409,2022,sunflower,2.6706976744186046,2.2296,,,all_crops,07_01
409,2023,wheat_spring,2.5293023255813956,1.8624,3.694498247206974,3.1486371142345044,all_crops,07_01
409,2024,wheat_spring,4.935348837209302,3.6374,3.899244386622337,3.7826245270969254,all_crops,07_01
409,2025,sunflower,2.956279069767442,2.6191,3.1344432358575536,2.9566526003468026,all_crops,07_01
410,2021,wheat_spring,3.5784,3.098,,,all_crops,07_01
410,2022,sunflower,2.7344,1.8817,,,all_crops,07_01
410,2023,wheat_spring,2.0831999999999997,2.0454,3.272245975700114,3.0393993825039236,all_crops,07_01
410,2024,wheat_spring,5.5360000000000005,3.9971,3.9247132747487843,3.8778774843917936,all_crops,07_01
410,2025,sunflower,3.5672,2.1218,2.968453726397532,2.893276540868431,all_crops,07_01
411,2021,wheat_spring,3.3794202898550725,2.5873999999999997,,,all_crops,07_01
411,2022,sunflower,2.331159420289855,2.5156,,,all_crops,07_01
411,2023,wheat_spring,2.796521739130435,2.1238,3.349249947473501,3.023466511358949,all_crops,07_01
411,2024,wheat_spring,2.626714285714286,3.6499,3.8705302756126114,3.85014430236427,all_crops,07_01
411,2025,sunflower,2.8207142857142857,2.0877,3.0466201820929295,3.151666787880437,all_crops,07_01
412,2021,wheat_spring,3.440727272727273,3.1292,,,all_crops,07_01
412,2022,wheat_spring,2.478909090909091,,,,all_crops,07_01
412,2023,wheat_winter,3.3007272727272725,2.8512,3.1297198638779142,2.995133563312042,all_crops,07_01
412,2024,sunflower,4.356727272727273,2.4562999999999997,3.225529044139454,3.280895569984571,all_crops,07_01
412,2025,wheat_spring,4.6632727272727275,3.8967,3.699414707723641,3.70852812238459,all_crops,07_01
414,2021,wheat_spring,3.512465753424658,2.7015,,,all_crops,07_01
414,2022,sunflower,3.1254794520547944,2.2801,,,all_crops,07_01
414,2023,wheat_spring,2.6454794520547944,1.9727,3.240353124200481,3.003701102691506,all_crops,07_01
414,2024,barley_spring,5.663586206896552,4.0724,3.729977049363019,3.8127477085073433,all_crops,07_01
414,2025,pea,4.15848275862069,3.0848,3.633474568671973,3.6349775359489724,all_crops,07_01
415,2021,wheat_spring,2.8478125,2.3477,,,all_crops,07_01
415,2022,wheat_spring,2.0121875,,,,all_crops,07_01
415,2023,sunflower,3.02875,2.0213,3.1379215253742103,2.89304897533857,all_crops,07_01
415,2024,wheat_spring,4.59875,3.3491999999999997,3.7090378836086932,3.718423572867956,all_crops,07_01
415,2025,barley_spring,4.1290625,3.5915999999999997,3.402521509664701,3.499396468641094,all_crops,07_01
416,2021,wheat_spring,3.7137254901960786,2.6723,,,all_crops,07_01
416,2022,sunflower,2.4264788732394367,2.3737,,,all_crops,07_01
416,2023,wheat_spring,2.5889605734767027,2.0873,3.6541285444806118,3.1053639888595193,all_crops,07_01
416,2024,sunflower,3.101259259259259,2.1368,2.9953559549590745,2.9106541172108216,all_crops,07_01
416,2025,wheat_spring,5.082081784386617,4.7181,4.171116291053346,4.126508688431549,all_crops,07_01
418,2021,wheat_spring,2.963111111111111,3.1821,,,all_crops,07_01
418,2022,sunflower,2.713777777777778,2.3874,,,all_crops,07_01
418,2023,wheat_spring,3.197777777777778,2.1406,2.9522248223048515,2.964084271600166,all_crops,07_01
418,2024,barley_spring,4.445777777777778,4.8846,3.802022534976311,3.7515812462668423,all_crops,07_01
418,2025,pea,3.5744444444444445,3.3099,3.0881535808510674,3.138931358319816,all_crops,07_01
419,2021,wheat_spring,2.869818181818182,3.6451,,,all_crops,07_01
419,2022,barley_spring,4.033818181818182,2.7925999999999997,,,all_crops,07_01
419,2023,wheat_winter,2.256727272727273,2.0972999999999997,2.865693180140691,2.9009080800635516,all_crops,07_01
419,2024,sunflower,3.5854545454545454,2.1188,3.20458357799889,3.2582005330809687,all_crops,07_01
419,2025,wheat_spring,4.669090909090909,3.539,3.522335530421284,3.45266507685541,all_crops,07_01
420,2021,wheat_spring,2.3181818181818183,4.6747,,,all_crops,07_01
421,2021,wheat_winter,2.9441818181818182,3.4158,,,all_crops,07_01
421,2023,wheat_spring,1.007259259259259,2.2146999999999997,4.491734294358962,3.357776092910033,all_crops,07_01
421,2024,barley_spring,5.80725925925926,5.1562,3.978639280764077,4.030538203026978,all_crops,07_01
421,2025,sunflower,3.202592592592593,2.9965,3.216008353028908,3.114085387867946,all_crops,07_01
422,2021,sunflower,2.0193846153846153,2.2353,,,all_crops,07_01
422,2022,wheat_spring,3.4,2.9821,,,all_crops,07_01
422,2023,barley_spring,2.3816438356164387,1.8538,2.8818172185607716,3.1074410175700033,all_crops,07_01
422,2024,wheat_winter,5.087671232876712,4.9749,3.5880962074460157,3.4360392823064876,all_crops,07_01
422,2025,sunflower,3.063150684931507,2.4702,3.237602553491609,3.1513963091584674,all_crops,07_01
423,2021,sunflower,3.1824719101123597,2.2318,,,all_crops,07_01
423,2022,wheat_spring,3.2240449438202248,3.4507,,,all_crops,07_01
423,2023,barley_spring,2.8031460674157302,1.6661,3.2072477309023024,3.1505277146114885,all_crops,07_01
423,2024,wheat_spring,3.914067415730337,2.4316,3.7028790369198017,3.728537901827363,all_crops,07_01
423,2025,sunflower,3.147415730337079,2.467,3.2072899069387955,3.236018733751047,all_crops,07_01
424,2021,wheat_spring,2.652475247524752,2.355,,,all_crops,07_01
424,2022,pea,4.119009900990099,2.0152,,,all_crops,07_01
424,2023,wheat_winter,2.082970297029703,2.3227,3.178813832955481,2.971197986191861,all_crops,07_01
424,2024,sunflower,4.063564356435644,2.4811,3.1419812656043606,3.1348718746179642,all_crops,07_01
424,2025,wheat_spring,4.860784313725491,3.5783,3.3059079686895,3.3009260182832225,all_crops,07_01
425,2021,wheat_spring,2.7649462365591395,2.8164,,,all_crops,07_01
425,2022,sunflower,2.363010752688172,1.7486000000000002,,,all_crops,07_01
425,2023,wheat_spring,2.559784946236559,2.4339,3.207348559727982,3.0097017977095732,all_crops,07_01
425,2024,barley_spring,3.920430107526882,3.8088,3.707848853991234,3.852115463644954,all_crops,07_01
425,2025,sunflower,3.2565591397849465,2.5533,3.228876619855837,3.299155129408491,all_crops,07_01
426,2021,wheat_winter,4.262711864406779,4.277,,,all_crops,07_01
426,2022,sunflower,2.529830508474576,2.2122,,,all_crops,07_01
426,2023,wheat_spring,2.0303389830508474,2.1085000000000003,3.32197929742663,2.997639268762215,all_crops,07_01
426,2024,barley_spring,4.6440677966101696,4.173,3.657374606888088,3.7007573282307296,all_crops,07_01
426,2025,sunflower,2.6094915254237288,2.4678,3.1048091440250816,3.149191953324273,all_crops,07_01
427,2021,sunflower,2.4951612903225806,2.2091000000000003,,,all_crops,07_01
427,2022,wheat_spring,4.195806451612903,3.0419,,,all_crops,07_01
427,2023,sunflower,2.577611940298507,2.003,3.6645986183873913,3.1387834586294887,all_crops,07_01
427,2024,wheat_spring,3.6002985074626865,3.4244,4.014294630923361,4.01914719198664,all_crops,07_01
427,2025,oil_seed_raps_spring,2.448928571428571,2.2538,2.647716386854487,2.690197215696388,all_crops,07_01
428,2021,sunflower,1.572303664921466,2.5509,,,all_crops,07_01
428,2022,wheat_spring,3.5535393258426966,2.4844,,,all_crops,07_01
428,2023,sunflower,2.4957865168539324,1.7037,3.7795280962225326,3.0690410203851095,all_crops,07_01
428,2024,wheat_spring,4.379558011049724,3.1295,3.977683426430491,3.9713915320104665,all_crops,07_01
428,2025,soya,1.48990099009901,2.2442,2.5349369745312127,2.6283936784862503,all_crops,07_01
429,2021,barley_spring,1.5118181818181815,2.8178,,,all_crops,07_01
429,2022,sunflower,3.0915909090909093,2.7872,,,all_crops,07_01
429,2023,wheat_spring,3.113636363636364,2.5518,2.999953960864184,2.9888385681437906,all_crops,07_01
429,2024,sunflower,2.159090909090909,2.6657,3.3888332012301703,3.2997607369333384,all_crops,07_01
429,2025,barley_spring,4.738863636363636,4.4973,3.866823960729939,3.6991202769222085,all_crops,07_01
430,2021,wheat_winter,2.408648648648649,1.9939,,,all_crops,07_01
431,2021,wheat_winter,2.472,3.307,,,all_crops,07_01
431,2023,sunflower,2.6,2.7424,2.8945906126103815,2.906768041715903,all_crops,07_01
432,2021,wheat_spring,2.851818181818182,4.0411,,,all_crops,07_01
432,2024,wheat_spring,3.878636363636363,4.1526000000000005,4.001922791945018,3.9117326004639015,all_crops,07_01
432,2025,sunflower,2.9768181818181816,2.4935,3.155895900542237,3.0560258933220137,all_crops,07_01
433,2021,wheat_winter,3.65,2.9941,,,all_crops,07_01
434,2021,wheat_spring,2.7960000000000003,2.5795000000000003,,,all_crops,07_01
435,2021,wheat_spring,3.1944444444444446,3.4945999999999997,,,all_crops,07_01
435,2022,wheat_spring,4.0846,3.7498,,,all_crops,07_01
435,2023,sunflower,1.916,1.7719,3.958974378818926,3.1540473505641478,all_crops,07_01
435,2024,wheat_spring,3.000848484848485,4.2072,3.9779757907908806,3.924777399133996,all_crops,07_01
435,2025,oil_seed_raps_spring,2.611204819277108,2.1687000000000003,2.602956057594467,2.644767619299577,all_crops,07_01
436,2021,wheat_spring,3.0220689655172412,3.5115000000000003,,,all_crops,07_01
437,2021,barley_spring,1.5114285714285711,2.0052,,,all_crops,07_01
438,2021,sunflower,4.436875,1.7943000000000002,,,all_crops,07_01
438,2022,wheat_spring,4.486875,2.8787,,,all_crops,07_01
439,2021,sunflower,2.128888888888889,1.8805,,,all_crops,07_01
440,2021,sunflower,2.965813953488372,1.8274,,,all_crops,07_01
440,2022,wheat_spring,3.4393548387096775,3.2708,,,all_crops,07_01
440,2023,sunflower,2.905483870967742,1.611,3.730191644334405,3.0149031939141,all_crops,07_01
440,2024,wheat_spring,3.290574193548387,3.5326999999999997,4.036355616365581,3.908515126324077,all_crops,07_01
440,2025,barley_spring,3.619354838709677,3.5159999999999996,3.721390608559466,3.873663632641887,all_crops,07_01
441,2021,wheat_spring,4.001818181818182,3.1464,,,all_crops,07_01
441,2025,wheat_spring,3.986666666666667,3.0687,3.4918573393367294,3.400993166046685,all_crops,07_01
443,2021,sunflower,2.47,1.879,,,all_crops,07_01
444,2021,wheat_spring,3.512631578947368,3.1263,,,all_crops,07_01
444,2022,barley_spring,3.331578947368421,2.8007,,,all_crops,07_01
444,2023,sunflower,2.8421052631578947,2.4749,3.4927459266747127,3.081621461573975,all_crops,07_01
444,2024,barley_spring,5.806666666666667,4.1137999999999995,3.6048599346364547,3.470816588779452,all_crops,07_01
445,2021,wheat_spring,1.8866666666666667,2.5293,,,all_crops,07_01
446,2021,wheat_spring,2.02,2.3211,,,all_crops,07_01
447,2021,wheat_spring,2.646666666666667,3.2517000000000005,,,all_crops,07_01
457,2023,sunflower,1.4166666666666667,1.4905,2.8349134284107818,2.8741129941818353,all_crops,07_01
457,2024,wheat_spring,2.8333333333333335,4.5902,3.848063770031506,3.6945529765200336,all_crops,07_01
457,2025,wheat_spring,3.44,3.8606,3.7886790180378545,3.6945173367474973,all_crops,07_01
469,2022,barley_spring,3.0136842105263155,2.6620999999999997,,,all_crops,07_01
505,2022,wheat_spring,3.466521739130435,2.9643,,,all_crops,07_01
506,2022,wheat_spring,2.916875,3.2095999999999996,,,all_crops,07_01
510,2022,wheat_spring,4.543333333333334,3.8942,,,all_crops,07_01
510,2023,barley_spring,2.3091666666666666,1.8769,3.1186907587055264,3.139570722860174,all_crops,07_01
512,2022,wheat_spring,1.7232222222222222,3.8891,,,all_crops,07_01
512,2023,barley_spring,3.52,2.1056999999999997,3.0817321497453944,3.124636104909781,all_crops,07_01
512,2024,wheat_spring,3.609692307692308,3.7114,3.947802626728934,3.818583191562623,all_crops,07_01
512,2025,wheat_spring,3.7007692307692306,2.8117,3.2244593546164686,3.302555292887637,all_crops,07_01
513,2023,wheat_spring,1.501304347826087,2.4618,3.7120228689775385,3.079326663651382,all_crops,07_01
513,2024,pea,1.87,2.8028,3.750199786389508,3.637910835820927,all_crops,07_01
513,2025,wheat_winter,4.506086956521739,4.1163,3.221885286512533,3.257095031957312,all_crops,07_01
514,2023,wheat_winter,2.0454545454545454,2.7962,3.0491376122149445,2.965029158695833,all_crops,07_01
514,2024,sunflower,3.17,2.5572,3.1534728968396326,3.154158432376491,all_crops,07_01
588,2023,barley_spring,1.6065384615384617,1.8361,3.1682062712410612,3.1321397152679085,all_crops,07_01
604,2023,wheat_spring,2.1067846153846155,2.1026,3.467009001827704,3.1618532671841426,all_crops,07_01
628,2023,pea,1.7109375,2.3495999999999997,2.9751493556959434,2.999960202867781,all_crops,07_01
628,2024,barley_spring,3.647586206896551,2.2182,2.7732197795952356,2.790545550544986,all_crops,07_01
628,2025,wheat_spring,1.835298245614035,1.8497,3.0054365176946747,3.009930521291248,all_crops,07_01
630,2023,wheat_spring,1.2423529411764709,1.9187,3.0186679548406126,3.0247404533506086,all_crops,07_01
630,2024,barley_spring,2.7423529411764704,2.4,3.110819974057333,2.9637609204932875,all_crops,07_01
630,2025,wheat_spring,1.588235294117647,2.3499,2.6796441143059493,2.751551327465099,all_crops,07_01
632,2023,sunflower,1.823095238095238,2.7302,2.8707878203914565,2.863706109251378,all_crops,07_01
632,2025,wheat_spring,1.8557142857142856,1.902,2.792288389816249,2.9304322022717693,all_crops,07_01
633,2023,barley_spring,1.6493749999999998,2.3003,3.2446610764871635,3.0625674525785693,all_crops,07_01
633,2024,pea,2.7215499999999997,2.8245,3.230803337489441,2.975908349828124,all_crops,07_01
633,2025,wheat_winter,3.7351351351351343,3.7695,3.3858052937615266,3.6375090975074174,all_crops,07_01
634,2023,barley_spring,1.194047619047619,2.1557,3.1027669126069024,3.089199263412038,all_crops,07_01
634,2024,wheat_spring,3.798571428571429,3.0839,3.442947594012096,3.190252859294278,all_crops,07_01
634,2025,wheat_spring,3.736,1.8753,2.7151656860801205,2.7740486875659958,all_crops,07_01
635,2023,wheat_spring,2.004705882352941,2.3065,3.012494455354018,3.0015218075178804,all_crops,07_01
635,2024,buckwheat,2.409803921568628,,2.7454839396065105,2.6429452215405265,all_crops,07_01
635,2025,wheat_spring,3.4548,1.4618,2.5822164946405497,2.6140494572199056,all_crops,07_01
636,2023,wheat_spring,2.0064912280701757,2.3227,3.280290537699161,3.1035225182430035,all_crops,07_01
636,2024,sunflower,4.390175438596492,2.1532,2.75752735428879,2.661051764788287,all_crops,07_01
636,2025,wheat_spring,2.5898245614035087,2.3172,2.460818631050226,2.5053620883383405,all_crops,07_01
640,2023,barley_spring,1.0916666666666668,3.0143999999999997,3.3672299780300916,3.105825537757543,all_crops,07_01
640,2024,pea,2.7085714285714286,3.0961,3.2611900062399277,3.051701338481067,all_crops,07_01
643,2023,wheat_spring,1.622241379310345,2.2775,2.9932700294315495,2.993555797285979,all_crops,07_01
643,2024,lentil,1.3826573426573427,1.5221,2.8077784467297024,2.7345501238768444,all_crops,07_01
643,2025,wheat_winter,3.3000000000000003,3.559,2.9886156705120084,3.176529693683042,all_crops,07_01
644,2023,wheat_spring,1.736,2.3145,3.1768621086950812,3.0681062251283087,all_crops,07_01
644,2024,wheat_spring,2.470666666666667,2.5258,3.3345388625568093,3.180274346381564,all_crops,07_01
649,2023,pea,1.71,1.6326,2.9679611856740964,3.0043774430604833,all_crops,07_01
650,2023,wheat_spring,2.649016393442623,1.7922,2.959040384327563,2.986047191205547,all_crops,07_01
650,2024,wheat_spring,3.417966101694915,1.6122,2.950975984923611,2.8665407471117934,all_crops,07_01
652,2023,pea,1.71,1.9062,2.974137086886953,3.009985965990629,all_crops,07_01
653,2023,barley_spring,1.125925925925926,1.8138,3.635830406817438,3.183124727829181,all_crops,07_01
653,2024,pea,2.499111111111111,2.4715,3.3761155822472797,3.1667250091184154,all_crops,07_01
653,2025,wheat_winter,4.073504273504274,4.0688,3.9355019508610836,3.927676161563785,all_crops,07_01
654,2023,wheat_spring,2.6425,2.2319,2.928339646769871,2.9803967152577227,all_crops,07_01
655,2023,lentil,1.28,0.9025,2.9632840689326314,3.038410550302138,all_crops,07_01
655,2024,wheat_spring,2.415263157894737,2.4664,2.797622352086581,2.781905548425474,all_crops,07_01
659,2024,wheat_spring,2.440571428571429,3.8123,3.1098123579062946,3.045666932040756,all_crops,07_01
660,2023,wheat_spring,1.762,1.8501,3.030643567262172,3.0225342202112295,all_crops,07_01
661,2023,lentil,1.274561403508772,1.0058,3.0665910761500648,3.0974639059791893,all_crops,07_01
661,2024,wheat_spring,3.669122807017544,2.8949000000000003,2.786636187461259,2.8257106830161662,all_crops,07_01
662,2023,wheat_spring,1.7616666666666667,2.4097,3.0577681443720217,3.0013768235037683,all_crops,07_01
663,2023,wheat_spring,2.649107142857143,1.7279,2.920004546633505,2.9950795263907324,all_crops,07_01
663,2024,wheat_spring,3.4639285714285712,2.5735,2.856179648229588,2.7560687804800854,all_crops,07_01
663,2025,sunflower,1.3196825396825398,2.3012,2.508390498250114,2.58560773430338,all_crops,07_01
665,2023,wheat_spring,1.625,1.8,2.9579993072603727,2.987146196268168,all_crops,07_01
666,2023,wheat_spring,1.6253191489361702,2.7341,2.9586777297050726,2.979025647133564,all_crops,07_01
667,2023,lentil,1.2873529411764706,1.5598,3.0585166789238714,3.0634565458515297,all_crops,07_01
667,2024,wheat_winter,3.158260869565217,3.9417,2.589071633633748,2.593668287524696,all_crops,07_01
667,2025,oil_seed_raps_spring,1.8325991189427313,1.3936,2.422967676327695,2.5298689496551496,all_crops,07_01
668,2023,wheat_spring,1.5998675496688743,1.6603,3.0067106156785384,2.9766021145683075,all_crops,07_01
668,2024,soya,1.3128169014084503,2.1541,2.380632895103157,2.218081291503513,all_crops,07_01
668,2025,wheat_spring,3.354501347708895,1.6291,2.70221962742143,2.835145354550436,all_crops,07_01
669,2023,wheat_spring,1.5975471698113208,2.3396,3.175162120508946,3.040512914088738,all_crops,07_01
669,2024,wheat_spring,3.322641509433962,1.9042,3.3582525458722996,3.135036344965737,all_crops,07_01
669,2025,sunflower,1.069056603773585,1.8712,2.449615853026912,2.526127559399352,all_crops,07_01
670,2025,medicago,1.0,,2.1634121440652923,2.356634181345435,all_crops,07_01
671,2023,wheat_spring,1.7734375,2.3993,3.060503649989457,3.013694628863577,all_crops,07_01
671,2025,sunflower,1.2733333333333332,1.5936,2.0510622593642323,2.281406700271295,all_crops,07_01
672,2023,sunflower,1.8552173913043477,2.0212,2.8039747464092164,2.811179817181473,all_crops,07_01
672,2024,barley_spring,2.367652173913043,2.0692,2.6165383629020633,2.5102064103406674,all_crops,07_01
672,2025,pea,1.7893167701863353,1.9424,2.9505565843299726,2.9718229204800943,all_crops,07_01
674,2023,lentil,1.2578205128205129,1.2051,3.3286418585540516,3.0911757974450764,all_crops,07_01
674,2024,wheat_spring,4.6898425196850395,2.6091,2.9075673783527862,2.852218828079438,all_crops,07_01
674,2025,oil_seed_raps_spring,1.6521739130434785,1.3105,2.3861622363902324,2.384267878165844,all_crops,07_01
675,2023,wheat_spring,2.008974358974359,2.6736,2.9709399470814777,3.009082486663373,all_crops,07_01
675,2024,sunflower,4.904761904761905,1.7973,2.4336356732951834,2.3947149614622454,all_crops,07_01
675,2025,wheat_spring,2.8633540372670807,2.6282,2.4993886083318753,2.558972072450243,all_crops,07_01
677,2023,wheat_spring,2.2621428571428575,2.5428,2.904607893550203,2.975788106020538,all_crops,07_01
677,2024,lentil,1.64,1.4818,2.577485626574404,2.5029883584037154,all_crops,07_01
678,2023,wheat_spring,2.0062686567164176,2.2481,3.3837390006779406,3.105635310745872,all_crops,07_01
680,2023,wheat_spring,2.511463414634146,2.6251,3.004729608424673,3.0389307180436265,all_crops,07_01
685,2023,wheat_spring,3.021012658227848,2.4382,2.996399370799568,2.9871773666957813,all_crops,07_01
685,2024,wheat_spring,3.188607594936709,2.4297,2.6291802956403716,2.6276961180317437,all_crops,07_01
685,2025,sunflower,1.2593197278911563,1.6941,2.6283870483119847,2.6695435416198268,all_crops,07_01
689,2023,barley_spring,1.1930769230769231,2.2902,3.104818830782731,3.076207355108055,all_crops,07_01
689,2024,wheat_spring,1.1392307692307693,3.067,3.3530154367294482,3.1463526570808984,all_crops,07_01
689,2025,wheat_spring,1.192,1.6065999999999998,2.360737561574316,2.4605945207503,all_crops,07_01
690,2023,wheat_spring,3.1429411764705883,2.6059,2.9662278593867684,2.97116930661105,all_crops,07_01
693,2023,wheat_spring,1.819387755102041,2.0911,3.024182495365202,3.034214188395629,all_crops,07_01
693,2025,wheat_spring,4.149532710280374,1.291,2.8355465806577778,2.9166545467024965,all_crops,07_01
694,2023,wheat_spring,1.8193939393939391,2.3399,3.041136254540025,3.0146213312286205,all_crops,07_01
694,2024,wheat_spring,1.9284848484848485,2.3099,3.242884235724552,3.111472511071501,all_crops,07_01
694,2025,wheat_spring,3.8374193548387097,2.0683,2.737883216371325,2.779361225778202,all_crops,07_01
695,2023,wheat_spring,1.819,2.9157,3.068506353294677,3.028292241111282,all_crops,07_01
696,2023,wheat_spring,1.7727777777777778,2.1914,3.2895426681265265,3.0195446872239606,all_crops,07_01
696,2024,wheat_spring,4.205263157894737,2.7976,3.063330118642728,2.98228964604723,all_crops,07_01
698,2023,pea,1.06,1.6128,3.069941109582737,3.095425359485896,all_crops,07_01
698,2024,wheat_spring,3.18863309352518,1.7291,3.272958481287276,3.120305346165753,all_crops,07_01
698,2025,wheat_spring,3.1444444444444444,1.6623,2.5527123511978784,2.590603361597618,all_crops,07_01
699,2023,wheat_spring,3.144354838709677,1.9824,2.989195122953538,3.003760138757799,all_crops,07_01
699,2024,wheat_spring,1.9542857142857144,2.8974,2.5998506233986407,2.61980006299364,all_crops,07_01
700,2023,wheat_spring,1.771777777777778,2.1039000000000003,3.0408481395755333,3.020345786039812,all_crops,07_01
700,2024,wheat_spring,3.1551111111111108,2.5967,3.2583868429732616,3.0874085974890564,all_crops,07_01
701,2023,wheat_spring,2.263571428571429,1.7826,2.9407870854186644,2.9807959187806543,all_crops,07_01
706,2023,wheat_spring,2.0191666666666666,2.0126,3.057173659154434,3.008513780649398,all_crops,07_01
710,2023,wheat_spring,2.016111111111111,2.1780999999999997,3.0484329559712653,3.0132901956144944,all_crops,07_01
711,2023,wheat_spring,1.737764705882353,2.8049,3.0583302189684134,3.0279333579027323,all_crops,07_01
711,2025,wheat_spring,2.0722222222222224,1.7834,2.917247839507005,3.0073302327824387,all_crops,07_01
712,2023,pea,2.155,2.0322,2.946679796794208,3.0266708071062114,all_crops,07_01
712,2024,wheat_spring,2.481875,2.6062000000000003,3.314502102923898,3.114303559193638,all_crops,07_01
713,2023,wheat_spring,1.738235294117647,1.6649999999999998,2.986964156485874,2.9954192001018596,all_crops,07_01
715,2023,sunflower,1.8202684563758391,2.1376,2.8559954070953313,2.8958629227372024,all_crops,07_01
715,2024,wheat_spring,3.2449664429530203,2.4591000000000003,2.962176502149605,2.9371240253175266,all_crops,07_01
715,2025,pea,2.3115254237288134,2.0855,2.76499068643855,2.7673606865605453,all_crops,07_01
716,2023,barley_spring,1.8917857142857144,1.804,3.0563305824841605,3.076229606147601,all_crops,07_01
716,2024,sunflower,2.867857142857143,1.8162,2.4876151130757793,2.4298911058148476,all_crops,07_01
717,2023,sunflower,2.425675675675676,2.5022,2.9310760078490965,2.8993342950518897,all_crops,07_01
717,2024,wheat_spring,2.1251315789473684,2.5731,3.0777884106630236,2.9728746454626833,all_crops,07_01
717,2025,pea,2.4324,1.3198,2.9180154367861784,2.983145900927779,all_crops,07_01
718,2023,wheat_spring,1.7971698113207548,1.8172,3.285161024798285,3.033734506708734,all_crops,07_01
718,2024,sunflower,3.907924528301887,1.8817,2.526640375824472,2.4345854315477946,all_crops,07_01
719,2023,sunflower,2.43,2.0418,2.9195032549085593,2.910979130289098,all_crops,07_01
722,2023,sunflower,2.345357142857143,1.9213,3.1436575930341135,2.9174230493876836,all_crops,07_01
722,2024,wheat_spring,3.143571428571428,3.2027,3.4152695965222,3.1856665437677574,all_crops,07_01
722,2025,wheat_spring,1.960740740740741,1.5339,2.6505096480722283,2.840374387604356,all_crops,07_01
725,2023,barley_spring,1.89,3.4783,3.19062524631504,3.081179519054308,all_crops,07_01
725,2024,sunflower,4.84875,2.0652999999999997,2.510535331177759,2.382535766773111,all_crops,07_01
725,2025,wheat_spring,2.7949848942598186,2.7597,2.8514830236149202,2.868133387031727,all_crops,07_01
727,2023,lentil,1.3795238095238094,0.9856,2.9683394777879153,3.0235509602177557,all_crops,07_01
727,2024,wheat_spring,2.8123809523809524,2.8255,2.989935387052647,2.956712483204848,all_crops,07_01
728,2023,wheat_spring,2.0159649122807015,1.6682,2.9995248475994414,2.9736571602031523,all_crops,07_01
728,2024,lentil,1.4098245614035088,1.2963,2.7419352963423176,2.617105513551132,all_crops,07_01
728,2025,wheat_winter,3.3735849056603775,3.6992,2.5493763616715155,2.678156893176913,all_crops,07_01
729,2023,wheat_spring,1.8895744680851063,2.0976,3.3195672655757322,3.0922166454800677,all_crops,07_01
729,2024,barley_spring,4.0217777777777775,2.6079,3.0403650146680135,2.8002738182367617,all_crops,07_01
729,2025,pea,1.2093023255813953,1.7936,2.243356145930275,2.2909846771045492,all_crops,07_01
730,2023,lentil,1.38,1.0173,3.4437783984430026,3.1178076935953047,all_crops,07_01
730,2024,wheat_spring,3.438636363636364,2.3389,2.937102965309852,2.8566120302292344,all_crops,07_01
733,2023,wheat_spring,1.7423448275862068,2.8982,2.9594793566579525,2.983289459355408,all_crops,07_01
733,2024,soya,1.2295180722891563,1.7701,2.2597239667668325,2.198606927605904,all_crops,07_01
735,2023,wheat_spring,2.44,2.3882000000000003,2.980331414713585,2.989435148868809,all_crops,07_01
736,2023,wheat_spring,2.1700925925925927,2.2428,2.993173021726808,2.9987316897210907,all_crops,07_01
736,2024,lentil,1.1806896551724138,1.3754,3.043821177582844,2.848646952484931,all_crops,07_01
736,2025,wheat_winter,3.522429906542056,4.2637,3.432613654306282,3.5160620132766938,all_crops,07_01
737,2023,wheat_spring,2.440300751879699,2.7865,3.02989353035026,2.993262754095409,all_crops,07_01
737,2024,sunflower,1.308345864661654,2.4523,2.5964651607614,2.523060618596702,all_crops,07_01
737,2025,wheat_spring,3.047698113207547,2.5449,2.640167325095255,2.757401753188056,all_crops,07_01
738,2023,lentil,1.2567320261437909,1.3163,3.6072891681664503,3.1397232148902847,all_crops,07_01
738,2024,wheat_spring,6.303508771929825,2.7621,2.8283621625771485,2.8195519402026643,all_crops,07_01
738,2025,oil_seed_raps_spring,1.7206896551724138,1.7292,2.534045817565589,2.581467771974398,all_crops,07_01
741,2023,wheat_spring,1.904864864864865,2.3396999999999997,3.2322567602680374,3.0440787314469664,all_crops,07_01
742,2023,wheat_spring,1.904873949579832,2.3407,3.184299669759781,3.04158447594928,all_crops,07_01
742,2024,wheat_spring,3.900256410256411,3.1557,3.3280174419457027,3.156806300263515,all_crops,07_01
742,2025,pea,1.6852222222222222,2.0478,2.4303789417598836,2.468647527701495,all_crops,07_01
743,2023,wheat_spring,2.480392156862745,2.506,3.306980880740917,3.0419687032461185,all_crops,07_01
743,2024,barley_spring,3.086470588235294,2.9054,3.1646411591166395,3.0091022762812814,all_crops,07_01
743,2025,pea,2.7562745098039216,1.7338999999999998,2.721752119946057,2.7089442239961197,all_crops,07_01
744,2024,wheat_spring,3.433069306930693,2.7495000000000003,3.2416348392068213,3.1461973234648606,all_crops,07_01
744,2025,sunflower,2.404190476190476,1.8949000000000005,2.5230768436971682,2.669154460536499,all_crops,07_01
745,2023,pea,1.03,1.8406,3.094021562656107,3.053580996295125,all_crops,07_01
745,2024,wheat_spring,1.665,2.7433,3.4398130024990343,3.203454418438576,all_crops,07_01
746,2023,wheat_spring,1.8734782608695653,2.4567,3.368233772652968,3.048113496935278,all_crops,07_01
746,2024,wheat_spring,1.943478260869565,2.693,3.1262403907194956,3.0353317208165604,all_crops,07_01
746,2025,sunflower,2.351063829787234,1.6759,2.2755931045921534,2.4122688595782096,all_crops,07_01
747,2023,pea,1.0,1.8435,3.364077093889392,3.0677413467991195,all_crops,07_01
749,2023,pea,1.280135135135135,2.3708,3.043569876714676,3.0764905830795017,all_crops,07_01
749,2025,wheat_spring,3.655757575757576,1.1992,2.5286643462519947,2.6139520406831203,all_crops,07_01
750,2023,pea,1.101914893617021,1.9652,3.705097767493986,3.146449604144001,all_crops,07_01
750,2024,wheat_spring,4.912765957446808,2.5259,2.8165101503568044,2.8147839035603948,all_crops,07_01
750,2025,sunflower,2.2961702127659573,2.4215,2.538295349724478,2.5998357019589258,all_crops,07_01
752,2023,barley_spring,1.9104761904761904,2.6564,3.0929374446383187,3.0804156262962743,all_crops,07_01
753,2023,barley_spring,1.4910294117647058,1.8639,3.089186154547057,3.08005407353446,all_crops,07_01
753,2024,barley_spring,3.743076923076923,2.1812,3.0966595451763674,2.910234029480939,all_crops,07_01
753,2025,pea,1.8231746031746032,2.4768,2.625625523887232,2.661633801303016,all_crops,07_01
754,2023,wheat_spring,3.142777777777778,1.6718,3.0817636171990124,3.051520527722446,all_crops,07_01
755,2023,wheat_spring,2.6428205128205127,2.6765999999999996,2.887244705571504,2.977383582033453,all_crops,07_01
756,2023,wheat_spring,3.143035714285714,2.3805,3.1265900071799204,3.133463865676852,all_crops,07_01
757,2023,barley_spring,2.6775,2.9252,3.082167792023295,3.0529506952847543,all_crops,07_01
758,2023,barley_spring,2.4257142857142857,1.5824,2.9846072017211145,3.0063067310899125,all_crops,07_01
764,2023,wheat_spring,3.1446774193548386,3.0927,2.929497191819207,2.990469739800102,all_crops,07_01
764,2024,wheat_spring,3.882903225806452,2.8918,2.7038759958813667,2.7041401378894183,all_crops,07_01
766,2023,barley_spring,2.63,2.3061,3.0196934697074282,3.0073722379600842,all_crops,07_01
766,2024,lentil,1.13123595505618,1.331,3.126612145375795,2.9033760518567373,all_crops,07_01
766,2025,wheat_spring,3.126904761904762,1.6156,2.844279083879763,2.897338010001851,all_crops,07_01
767,2023,wheat_spring,1.6358536585365853,1.5985,3.2402654149563603,3.0460685842298854,all_crops,07_01
767,2024,wheat_spring,1.4495,2.6399999999999997,3.8410915388779765,3.6315451793170412,all_crops,07_01
768,2023,wheat_spring,1.9517391304347824,2.3278,3.1882284773994907,3.0308013606033573,all_crops,07_01
768,2024,wheat_spring,2.5218181818181815,3.3338,3.4203317056351255,3.2833028689891246,all_crops,07_01
769,2023,wheat_spring,1.636,2.2626,3.1848139831754683,3.0326486621461535,all_crops,07_01
769,2024,wheat_spring,5.470144927536232,2.732,3.7311488658680156,3.5847021784412867,all_crops,07_01
770,2023,wheat_spring,2.5348507462686567,3.2518,3.193651758611676,3.030421087917632,all_crops,07_01
770,2024,oil_seed_raps_spring,1.6740298507462683,1.7628,2.8766007463237724,2.808811896007002,all_crops,07_01
770,2025,wheat_spring,3.468955223880597,1.4386,2.5917753267807004,2.589277131647437,all_crops,07_01
771,2023,wheat_spring,2.154166666666667,2.4634,3.434073477532349,3.0587961769895933,all_crops,07_01
771,2024,wheat_spring,4.969142857142857,3.0061,3.5004630277520685,3.298239268881407,all_crops,07_01
772,2023,wheat_spring,2.643050847457627,2.1691,2.9550995846669394,2.9914023630940387,all_crops,07_01
772,2024,soya,1.297313432835821,2.2026,2.3398312219727146,2.2370086947788312,all_crops,07_01
773,2024,wheat_spring,1.5847761194029852,2.5451,2.167751989317413,2.3342128869386953,all_crops,07_01
774,2023,wheat_spring,2.6488888888888886,2.1260000000000003,2.923872215346854,2.9693841124103106,all_crops,07_01
774,2024,wheat_spring,4.308571428571429,2.9054,2.281456069144816,2.2254003300784024,all_crops,07_01
775,2023,wheat_spring,2.6489830508474577,1.8682,3.0456585849983684,3.087417923056595,all_crops,07_01
775,2024,wheat_spring,3.02089552238806,2.3796,2.625999319731642,2.6364490472380977,all_crops,07_01
776,2023,pea,1.015757575757576,1.4425,3.0959847979780273,3.060638011668763,all_crops,07_01
776,2024,wheat_spring,2.5763265306122447,3.4543,2.903518868858309,2.905967156782447,all_crops,07_01
777,2023,wheat_spring,1.736,2.3143,3.0144004717159842,2.994119880986872,all_crops,07_01
777,2024,wheat_spring,3.336229508196721,3.0074,3.427006970714464,3.1987265291004015,all_crops,07_01
777,2025,sunflower,1.4358125,2.3481,2.5791760435617554,2.684815477569606,all_crops,07_01
778,2023,wheat_spring,1.7359090909090908,2.1901,3.5198292300608007,3.096209030884296,all_crops,07_01
778,2024,wheat_spring,4.464090909090909,2.2706,3.226880647076736,3.173907994858687,all_crops,07_01
779,2023,wheat_spring,1.7360714285714285,1.6638000000000002,3.180562196552457,3.0644701567056325,all_crops,07_01
779,2024,wheat_spring,3.148,3.3299,3.387805141399873,3.168297637143545,all_crops,07_01
780,2023,wheat_spring,1.735769230769231,2.3235,3.1299225220200393,3.0436517857396854,all_crops,07_01
780,2024,wheat_spring,4.034666666666667,3.1198,3.113099531295319,2.9673755050453505,all_crops,07_01
781,2023,wheat_spring,1.736056338028169,2.1445,3.038627717861351,3.0391855566982673,all_crops,07_01
782,2023,wheat_spring,3.1433333333333335,2.726,2.953959247459779,2.9818238363394958,all_crops,07_01
783,2023,sunflower,1.823229166666667,2.045,3.0806173963708328,2.8665391446591006,all_crops,07_01
783,2024,barley_spring,3.822291666666666,2.2477,3.391615425052974,3.1887069918376447,all_crops,07_01
783,2025,pea,1.942826086956522,1.8245,2.8111318573990816,2.9112510339994544,all_crops,07_01
784,2023,wheat_spring,1.7746153846153845,2.2054,3.0856416924672447,2.994085098666905,all_crops,07_01
784,2024,wheat_spring,1.1116417910447762,3.0036,3.43091251494105,3.2370916694365586,all_crops,07_01
784,2025,sunflower,1.182948717948718,1.8733,2.674487840674366,2.697402396946954,all_crops,07_01
785,2023,sunflower,1.838187134502924,1.993,2.8230803627829832,2.834095191271848,all_crops,07_01
785,2024,barley_spring,3.4239766081871346,2.2941,2.593216384338334,2.506627073051676,all_crops,07_01
785,2025,pea,2.541294117647059,2.2853000000000003,2.8155677299302853,2.89757455431731,all_crops,07_01
786,2023,wheat_spring,1.4060416666666666,1.5728,3.0157055021880117,3.0197780758412183,all_crops,07_01
786,2024,wheat_spring,4.355714285714286,2.4987,3.00691698086197,2.9403829057903836,all_crops,07_01
786,2025,wheat_spring,1.8527272727272728,1.8205,2.6140860896458213,2.7346959833677396,all_crops,07_01
787,2023,lentil,1.379857142857143,1.3437,3.4502038148625664,3.105597823360425,all_crops,07_01
787,2024,wheat_spring,3.1833333333333336,2.4468,2.921040732116804,2.8696602837501497,all_crops,07_01
788,2023,barley_spring,1.9351612903225808,2.4737,3.306239533532959,3.0706769651677286,all_crops,07_01
788,2024,wheat_spring,1.9296774193548387,2.5076,2.9188471172051274,2.7804490129122814,all_crops,07_01
788,2025,wheat_spring,3.813379310344828,2.1114,2.384493496314896,2.4274534935170426,all_crops,07_01
789,2023,barley_spring,1.91046511627907,2.166,3.3516623705395374,3.1627845614438965,all_crops,07_01
789,2024,wheat_spring,3.867674418604651,2.0344,3.476226377547718,3.1935900404280306,all_crops,07_01
790,2023,sunflower,1.8870833333333332,2.0284,2.7907023821139427,2.836403315907498,all_crops,07_01
790,2025,pea,2.9851111111111113,2.0169,2.8205872172716075,2.863763996634671,all_crops,07_01
791,2023,sunflower,1.8553846153846152,2.1163,2.786302888805961,2.8304208665152455,all_crops,07_01
792,2023,wheat_spring,1.42275,2.5106,2.9367730357121804,2.999262821747768,all_crops,07_01
792,2024,sunflower,2.9635,2.0599,2.466693813656896,2.4279642219678954,all_crops,07_01
793,2023,wheat_spring,1.7799999999999998,1.682,3.0319870779138953,3.041815609592753,all_crops,07_01
793,2024,wheat_spring,4.363820224719101,2.1274,3.1249490316899236,3.0054879210276,all_crops,07_01
793,2025,wheat_spring,2.2246511627906975,1.8274,2.6409405132150288,2.7359066798951046,all_crops,07_01
794,2023,pea,1.0431818181818182,1.5884,3.575753629636079,3.1078575518263545,all_crops,07_01
795,2024,wheat_spring,3.521284403669725,2.8359,2.5078423868063786,2.493173452639452,all_crops,07_01
795,2025,oil_seed_raps_spring,1.2457471264367816,1.5025,2.3591335355669267,2.3652702863944945,all_crops,07_01
796,2023,pea,1.1148387096774195,1.5888,3.3566718939156344,3.0277526082756903,all_crops,07_01
797,2023,wheat_spring,1.7378260869565216,1.7944,3.066614570967991,3.014459268688608,all_crops,07_01
797,2024,lentil,1.5504347826086955,1.1638,3.052885499869434,2.8412352756019144,all_crops,07_01
797,2025,wheat_spring,4.511304347826087,2.0202,2.3103795372399767,2.4393900536165503,all_crops,07_01
798,2023,wheat_spring,2.006153846153846,1.6969999999999998,3.0165826100727147,3.0096645542003113,all_crops,07_01
798,2024,sunflower,2.709230769230769,2.3922,2.5421997915907357,2.4857099360679413,all_crops,07_01
800,2023,barley_spring,1.85,1.872,3.127593171763906,3.079811157079483,all_crops,07_01
800,2024,wheat_spring,2.493333333333333,3.2488,3.1098325151808694,2.9729840431628864,all_crops,07_01
800,2025,wheat_spring,1.907,1.2844,2.881566233073265,2.8076210581034693,all_crops,07_01
801,2023,wheat_spring,1.8197272727272729,2.6103,3.1154293910847017,3.04138408520027,all_crops,07_01
801,2025,wheat_spring,3.800724637681159,1.2334,2.9601494099531327,3.0231159186932275,all_crops,07_01
802,2023,sunflower,2.345833333333333,1.3189,2.913010820829121,2.911233739957253,all_crops,07_01
802,2025,wheat_spring,2.8191666666666664,1.7032,2.742560687095768,2.9198492763132977,all_crops,07_01
803,2023,wheat_spring,1.8186206896551724,3.5822000000000003,3.1075512178715745,3.0293483088070823,all_crops,07_01
803,2025,wheat_spring,5.01103448275862,1.0669,2.852800561930261,2.9059558578906084,all_crops,07_01
804,2023,wheat_spring,1.818888888888889,2.5675999999999997,3.0672685847036547,3.0253865549939607,all_crops,07_01
805,2023,wheat_spring,1.8189473684210529,1.6344999999999998,2.967504041423109,2.9781777524888096,all_crops,07_01
806,2023,wheat_spring,2.2642857142857142,2.4175999999999997,3.039046790332174,3.0110708681406155,all_crops,07_01
807,2023,wheat_spring,3.141052631578947,1.9593,2.9508397634921244,2.9734078189516038,all_crops,07_01
807,2024,wheat_spring,2.4712280701754388,2.4447,2.736330858637991,2.729365407119496,all_crops,07_01
808,2023,wheat_spring,2.64275,2.6807,2.9888389743653034,2.984503996409995,all_crops,07_01
808,2024,wheat_spring,2.39625,2.8061,2.6405460826032203,2.6924944921582803,all_crops,07_01
808,2025,sunflower,1.6854054054054055,2.0599,2.7395682891863222,2.765654252272494,all_crops,07_01
809,2023,pea,1.1082758620689654,1.9174,3.2818970525743185,3.14513789018677,all_crops,07_01
809,2024,wheat_spring,3.171551724137931,2.2018,2.799858429107653,2.770208176518696,all_crops,07_01
809,2025,wheat_spring,2.2703846153846152,1.9196,2.5407272286965283,2.6069075044394943,all_crops,07_01
810,2023,pea,1.032,1.3934,3.5366240042038095,3.133164112385295,all_crops,07_01
810,2024,wheat_spring,3.8034285714285714,2.456,2.820929889017877,2.8004898625759047,all_crops,07_01
810,2025,sunflower,1.2085185185185183,1.472,2.4962268888307606,2.5087164633479313,all_crops,07_01
811,2023,wheat_spring,1.8688888888888888,3.0359000000000003,3.2962178655719607,3.032846579851669,all_crops,07_01
811,2024,wheat_spring,4.6866666666666665,2.5377,3.1619501680694775,3.0395336217907016,all_crops,07_01
812,2023,wheat_spring,1.7378947368421054,2.2853000000000003,3.0010810819674205,3.0127451066385045,all_crops,07_01
812,2024,wheat_spring,3.591578947368421,3.3234000000000004,2.906966442635428,2.800631909279592,all_crops,07_01
812,2025,sunflower,1.1764285714285714,1.5827,2.483414088177777,2.548349572219065,all_crops,07_01
813,2023,wheat_spring,1.738,2.0055,2.9808958180404357,2.999914940849356,all_crops,07_01
814,2023,wheat_spring,1.762162162162162,2.508,3.09200531183017,3.036419685213763,all_crops,07_01
814,2025,pea,1.2434375,1.6254000000000002,2.4321533778189224,2.458696359064783,all_crops,07_01
815,2023,wheat_spring,1.762222222222222,1.8626,3.057713414767415,3.0109851358955417,all_crops,07_01
818,2024,wheat_spring,3.3494252873563215,2.6100000000000003,2.936534983223701,2.973720446034544,all_crops,07_01
819,2023,wheat_spring,1.90125,2.2535,2.9847224974753477,3.0220157409701907,all_crops,07_01
820,2023,sunflower,2.425,2.1428000000000003,2.91759947050139,2.9077663991272265,all_crops,07_01
821,2023,wheat_spring,2.642857142857143,2.0905,2.964903901696193,2.987013752334674,all_crops,07_01
821,2024,wheat_spring,4.94,2.7321999999999997,2.324232432972269,2.301079752531634,all_crops,07_01
821,2025,wheat_spring,1.898989898989899,1.5824,2.4596892578933893,2.59201104069261,all_crops,07_01
823,2024,wheat_spring,2.443404255319149,2.9443,2.837190509919489,2.8488334163462454,all_crops,07_01
824,2023,wheat_spring,2.648888888888889,2.2184,3.0618810522200985,3.021493652118984,all_crops,07_01
824,2024,wheat_spring,2.8755555555555556,3.5551000000000004,2.915674330579583,2.896549810098705,all_crops,07_01
828,2023,pea,1.28,1.9226,3.0557676983819633,3.0843470216839886,all_crops,07_01
829,2023,pea,1.28,1.6606,3.073748054876968,3.081435212680187,all_crops,07_01
830,2023,pea,1.71,1.8477,2.979215174760296,3.0241969459747353,all_crops,07_01
831,2024,wheat_spring,2.517297297297297,2.6762,2.868203299212279,2.909081451432675,all_crops,07_01
832,2023,wheat_spring,4.2,1.7716999999999998,3.4584032185139515,3.1668939126614157,all_crops,07_01
832,2024,barley_spring,5.508,4.1574,3.7768797449244005,3.693004810541124,all_crops,07_01
832,2025,soya,1.68,1.8237,2.7360331374391005,2.738938981660754,all_crops,07_01
833,2023,barley_spring,1.843010752688172,2.7821,3.08195327956886,3.060568553760768,all_crops,07_01
833,2024,wheat_spring,2.3731182795698924,3.0369,2.8081154414886114,2.715931545413277,all_crops,07_01
833,2025,wheat_spring,1.8564864864864865,1.8157,2.7746265195792663,2.7809505561452266,all_crops,07_01
834,2023,pea,1.0,1.966,3.0451422138302053,3.0427017477988683,all_crops,07_01
834,2024,barley_spring,2.2088888888888887,3.3446,3.1054996828792807,2.894993125371907,all_crops,07_01
834,2025,wheat_spring,5.086666666666667,3.1749,2.7012501941020215,2.705483684921534,all_crops,07_01
835,2023,wheat_spring,2.280952380952381,2.3317,3.319903384196439,3.132553975380788,all_crops,07_01
836,2023,wheat_spring,1.6984761904761905,2.5389,3.0699723977950204,3.0325899520771213,all_crops,07_01
836,2025,wheat_spring,3.076571428571429,1.2113,3.017997807755083,3.041487128696204,all_crops,07_01
837,2023,lentil,1.3793333333333335,0.9909,3.041357440770343,3.033519780344204,all_crops,07_01
837,2024,wheat_spring,4.956,3.133,2.8346819970758435,2.829193136251181,all_crops,07_01
837,2025,pea,2.8573333333333335,1.27,2.1929555896091566,2.277242564062341,all_crops,07_01
838,2023,wheat_spring,1.88,1.8774,3.3627127850263303,3.047201634275776,all_crops,07_01
838,2024,wheat_spring,2.9166666666666665,2.7047999999999996,2.8995660028065355,2.854287617346758,all_crops,07_01
838,2025,pea,1.268333333333333,1.0683,2.369046037226252,2.4398022699041557,all_crops,07_01
839,2023,wheat_spring,1.8755555555555556,2.9449,3.4894766020032812,3.0793216235955474,all_crops,07_01
839,2024,wheat_spring,3.435111111111111,2.6762,3.0460562029426335,2.892103060656067,all_crops,07_01
839,2025,pea,2.138888888888889,2.1551,2.918041453089857,2.8392873441367192,all_crops,07_01
845,2023,pea,1.7780487804878051,1.5317,3.763671477293338,3.256485966722213,all_crops,07_01
846,2024,wheat_spring,3.489130434782609,2.7145,2.327982934580476,2.320147934111339,all_crops,07_01
846,2025,wheat_spring,1.7005333333333337,1.9491,2.127505461412322,2.2672392259705867,all_crops,07_01
847,2024,wheat_spring,3.613,2.5402,2.500029012617625,2.5949687558970376,all_crops,07_01
847,2025,wheat_spring,2.8442622950819674,1.2714,2.5767945081815835,2.6383386993972247,all_crops,07_01
848,2024,wheat_spring,1.2253846153846153,3.2623,2.6961007437360616,2.6554988744653882,all_crops,07_01
848,2025,wheat_spring,4.95,2.6254999999999997,2.454378958893515,2.4514582498802007,all_crops,07_01
849,2024,wheat_spring,1.128,2.4724,2.4107080507725946,2.3206121122974572,all_crops,07_01
850,2024,wheat_spring,3.928421052631579,2.4552,2.9519895485099488,2.905459484730159,all_crops,07_01
850,2025,wheat_spring,1.5674285714285714,1.2208,2.7047764344059555,2.700713055919129,all_crops,07_01
851,2024,wheat_spring,5.851578947368421,3.3826,3.2695221190287196,3.1629674198579822,all_crops,07_01
851,2025,wheat_spring,3.2888235294117645,1.5347,2.362566928440046,2.506668941994429,all_crops,07_01
852,2024,wheat_spring,3.902549019607843,2.4747,2.406118338665596,2.3757098389543336,all_crops,07_01
852,2025,sunflower,1.2906666666666666,2.2321999999999997,2.5299738031150314,2.5989482117748093,all_crops,07_01
867,2024,barley_spring,1.697142857142857,4.4668,3.685802806497997,3.621317753449903,all_crops,07_01
867,2025,wheat_spring,4.0767741935483865,3.8846,3.6758654536294135,3.716203157801862,all_crops,07_01
871,2024,sunflower,2.369950248756219,2.5351,3.193702946761328,3.1962155780191015,all_crops,07_01
871,2025,wheat_spring,4.996119402985075,3.2743,3.6278767141103128,3.727307590803128,all_crops,07_01
872,2024,barley_spring,3.234567901234568,3.9941,3.4288574750255396,3.4111141758099235,all_crops,07_01
872,2025,wheat_spring,4.573056994818653,3.97,3.830075410231714,3.854121953656956,all_crops,07_01
873,2024,sunflower,2.669166086444218,2.6365,3.4920077595811687,3.3371344074282825,all_crops,07_01
873,2025,wheat_spring,4.136898395721925,4.297,4.047939671055316,4.1173223786988125,all_crops,07_01
874,2024,barley_spring,2.8904109589041096,2.981,3.490340958129846,3.405931175067529,all_crops,07_01
874,2025,wheat_spring,5.187123287671233,4.3187,3.9392638455921283,3.918059600080894,all_crops,07_01
875,2024,barley_spring,2.96,4.0135,3.333379233132356,3.27046166085397,all_crops,07_01
875,2025,wheat_spring,4.700588235294117,4.412599999999999,3.553191914946096,3.7806174633142966,all_crops,07_01
879,2024,wheat_spring,3.631333333333333,3.4722999999999997,4.104024307807774,3.973728802143686,all_crops,07_01
879,2025,sunflower,3.7103333333333337,2.9809,3.185956423645642,3.143465606709648,all_crops,07_01
881,2024,sunflower,3.596666666666667,1.8064,3.109403561621458,3.027916768260992,all_crops,07_01
881,2025,wheat_spring,5.271794871794872,4.0657,3.7503937598304073,3.726199785524945,all_crops,07_01
882,2024,barley_spring,3.2781451612903227,3.9442,3.3666590374969356,3.4603057693711725,all_crops,07_01
882,2025,soya,1.5272580645161289,2.2367,2.3725035909625376,2.401255161375216,all_crops,07_01
892,2024,wheat_spring,4.21,2.9617,3.4881405743082876,3.2612728017614137,all_crops,07_01
893,2024,wheat_spring,4.1664814814814815,3.3906,3.6580073379146336,3.467626300161077,all_crops,07_01
894,2024,wheat_spring,1.8546268656716416,3.927000000000001,3.222115360067311,3.1165714843803443,all_crops,07_01
896,2024,lentil,1.9372727272727273,1.361,3.0378460509809306,2.906197223344646,all_crops,07_01
897,2024,sunflower,1.83,2.1954,2.5547449701571217,2.5554390113981245,all_crops,07_01
897,2025,wheat_spring,3.038695652173913,2.3476,2.9517046478421665,2.9019564955011687,all_crops,07_01
899,2024,wheat_spring,2.7888,3.1223,3.4378520341218373,3.217544683622646,all_crops,07_01
901,2024,wheat_spring,3.643777777777778,1.9486,3.159716705433839,2.992064905093801,all_crops,07_01
901,2025,wheat_spring,4.134157303370786,2.1948,2.4205996673978283,2.473252532477884,all_crops,07_01
903,2024,wheat_spring,5.332903225806452,3.5435000000000003,3.6084293881705403,3.451793186530215,all_crops,07_01
904,2024,lentil,1.4166326530612243,1.3281,3.125748711828025,2.9191793090550386,all_crops,07_01
904,2025,wheat_spring,3.433193717277487,1.9170000000000005,2.5406463801270465,2.770440483296919,all_crops,07_01
905,2024,wheat_spring,2.072857142857143,2.7877,3.09893077441486,2.9720719271348246,all_crops,07_01
906,2025,barley_spring,3.249441340782123,2.2498,2.7180281792026446,2.7962713238107426,all_crops,07_01
907,2024,wheat_spring,3.0887755102040817,3.6849,3.65542248279271,3.4906586078970854,all_crops,07_01
908,2024,lentil,1.41,1.4918,2.833709080315539,2.7058067675761728,all_crops,07_01
909,2024,lentil,1.2876,1.502,2.88841349628531,2.7266805088967967,all_crops,07_01
910,2024,lentil,1.0767857142857142,1.1225,2.830131676092137,2.6943472575120584,all_crops,07_01
910,2025,wheat_spring,4.576904761904761,1.5673,2.7115814398108684,2.8154156955884684,all_crops,07_01
911,2024,wheat_spring,2.995941176470588,2.4142,3.174591443766454,3.1213143718371037,all_crops,07_01
911,2025,lentil,1.967337278106509,1.2307,2.3498482315681946,2.372760956149776,all_crops,07_01
912,2024,sunflower,1.9226470588235296,2.4225000000000003,2.4954791510777024,2.480885665204851,all_crops,07_01
913,2024,pea,2.9798058252427184,2.8817,3.0171511493667715,2.8853428043461875,all_crops,07_01
913,2025,wheat_spring,3.5802139037433154,1.5699999999999998,2.7139126731888115,2.787105630932344,all_crops,07_01
914,2024,pea,2.8274999999999997,2.6142,2.9872823494620273,2.78463293683336,all_crops,07_01
918,2024,wheat_spring,1.7719540229885058,3.1742999999999997,3.686431643977813,3.470425864110055,all_crops,07_01
918,2025,lentil,1.28472,1.2454,2.4581713870445028,2.4061537170745755,all_crops,07_01
921,2024,pea,1.9077966101694916,2.5481000000000003,3.244604135715678,3.004619443434325,all_crops,07_01
923,2024,pea,2.0810526315789475,2.1123000000000003,2.4063754028703674,2.3149244747148763,all_crops,07_01
924,2024,wheat_spring,2.1640963855421687,2.675,3.713248506481082,3.521049681248503,all_crops,07_01
925,2024,wheat_spring,2.0,3.5015,3.9105957372327538,3.682922311779766,all_crops,07_01
929,2024,wheat_spring,2.677674418604651,1.7121,3.090660235608567,2.8590941833822043,all_crops,07_01
931,2024,sunflower,1.9646666666666663,2.6487,3.2353288043662447,3.138969576527985,all_crops,07_01
932,2024,wheat_spring,2.475,2.8289999999999997,3.689412821264695,3.45847137337227,all_crops,07_01
934,2024,wheat_spring,2.2073972602739724,2.6349,3.43808524850192,3.3252799099622212,all_crops,07_01
938,2024,wheat_spring,1.465090909090909,2.65,3.4526236286506133,3.2386337218545074,all_crops,07_01
939,2024,wheat_spring,1.9653846153846155,2.4271000000000003,3.09207585573523,3.009822799810843,all_crops,07_01
941,2024,sunflower,1.6503937007874014,3.0867,2.53683271265951,2.552176985075234,all_crops,07_01
942,2024,sunflower,2.0663247863247864,2.5727,2.799065514134511,2.8319945444391634,all_crops,07_01
942,2025,wheat_spring,3.857475728155339,2.5825,3.0371465782009484,3.052649803559473,all_crops,07_01
943,2024,sunflower,1.6295049504950496,2.1013,2.9008131883657455,2.7918998395358128,all_crops,07_01
943,2025,wheat_spring,2.4547457627118647,3.0472,2.9608775293011997,2.9302855961693477,all_crops,07_01
944,2024,pea,2.8648,2.7942,2.868626623806949,2.7710968885413236,all_crops,07_01
946,2024,barley_spring,3.4056790123456793,2.5334,3.6177175595281605,3.4093741648032903,all_crops,07_01
946,2025,lentil,1.3159322033898304,1.3918,2.2180118763379557,2.2707111852216415,all_crops,07_01
947,2024,buckwheat,1.328421052631579,,2.9226011900718696,2.794072624825977,all_crops,07_01
951,2024,sunflower,4.6412,2.3813,3.4880579107343777,3.2328946834285928,all_crops,07_01
956,2024,barley_spring,3.273238380809595,3.8557,3.5869628641266673,3.5318451348390703,all_crops,07_01
956,2025,wheat_spring,4.296603773584906,4.2711,3.8749880238222927,3.9628072681282998,all_crops,07_01
957,2024,wheat_spring,4.786470588235295,4.1617,4.182871667879259,4.103871582497807,all_crops,07_01
957,2025,pea,3.816176470588235,2.9175,3.0192391135978838,2.9676556629037605,all_crops,07_01
963,2024,barley_spring,3.208181818181818,3.8138,3.525624401391749,3.502374967868575,all_crops,07_01
963,2025,wheat_spring,4.9848888888888885,3.4227,3.8356890189524955,3.861561536382525,all_crops,07_01
964,2024,wheat_spring,2.1013333333333333,4.2728,3.17360867549886,3.138817475240335,all_crops,07_01
968,2024,oil_seed_raps_spring,2.463333333333334,1.6599,3.4051817580883625,3.3352928824333925,all_crops,07_01
969,2024,lentil,1.970909090909091,1.3693,2.655939854885018,2.521591928428258,all_crops,07_01
970,2024,wheat_spring,3.398461538461538,2.5538,2.3881140341633906,2.428652950356163,all_crops,07_01
976,2025,wheat_winter,6.3880952380952385,3.626,2.630518193286197,2.7936485925223695,all_crops,07_01
977,2025,wheat_spring,4.826666666666667,3.8782,3.6578050482153905,3.6792710705075757,all_crops,07_01
978,2025,wheat_spring,4.130434782608695,3.3841,3.2418414247605343,3.2620533694546463,all_crops,07_01
979,2025,sunflower,1.991325301204819,2.8396,3.1219964929193162,3.0325646222255136,all_crops,07_01
993,2025,wheat_spring,2.9006779661016946,4.3286,3.7490172289108297,3.85151474593004,all_crops,07_01
994,2025,wheat_spring,3.8666666666666663,1.9466,2.541190470961831,2.5547513628068663,all_crops,07_01
998,2025,wheat_spring,4.7056818181818185,3.5509,3.7868724239732217,3.8051071116005994,all_crops,07_01
1000,2025,wheat_winter,3.4231818181818183,3.7081,2.8564412183500427,2.995116521384996,all_crops,07_01
1007,2025,sunflower,1.46,2.081,2.469507968776479,2.552110398935099,all_crops,07_01
1021,2025,wheat_spring,1.7027027027027026,1.3196,2.6428188457334993,2.7446192853679285,all_crops,07_01
1022,2025,wheat_spring,3.7833734939759034,1.6096,2.570990065398641,2.640496237753089,all_crops,07_01
1023,2025,wheat_spring,2.2638297872340427,1.4379,2.542675942804333,2.5786274299472067,all_crops,07_01
1025,2025,wheat_spring,1.480952380952381,1.9139,2.4843493439031237,2.55439192780568,all_crops,07_01
1027,2025,wheat_spring,4.96,3.2735,2.7611932220211917,2.868240858844889,all_crops,07_01
1028,2025,barley_spring,3.1060975609756096,1.6286999999999998,2.5614421655879362,2.601908790614668,all_crops,07_01
195,2021,barley_spring,2.022276422764228,3.3034,,,all_crops,08_01
195,2022,wheat_winter,2.1216260162601626,2.4872,,,all_crops,08_01
195,2024,sunflower,2.7365853658536587,3.1813,3.1436150784239647,3.268331236227331,all_crops,08_01
195,2025,wheat_spring,2.7195121951219514,2.8708,3.3939991800826137,3.297171267227355,all_crops,08_01
197,2021,barley_spring,2.5965868263473055,3.4238999999999997,,,all_crops,08_01
197,2022,wheat_winter,1.5206997084548106,3.2342,,,all_crops,08_01
197,2023,wheat_winter,1.0820991253644316,2.1736999999999997,2.8279671528772576,2.910125744487268,all_crops,08_01
197,2024,sunflower,3.2877551020408164,3.3829,3.0831547334799065,3.307412114063869,all_crops,08_01
197,2025,wheat_spring,3.779416909620991,3.4404000000000003,3.3609199028245236,3.4513796149042877,all_crops,08_01
207,2021,barley_spring,3.554181818181818,4.1666,,,all_crops,08_01
207,2022,wheat_winter,1.9018181818181816,2.9544,,,all_crops,08_01
207,2023,wheat_winter,1.0778181818181818,2.1542000000000003,2.8399566594644883,2.881602807130883,all_crops,08_01
207,2024,sunflower,3.132727272727273,2.8787,3.1363157096001295,3.31557687033572,all_crops,08_01
207,2025,wheat_spring,2.6312280701754385,3.4044,3.5985142670628965,3.691729476666144,all_crops,08_01
208,2021,sunflower,2.84340206185567,2.502,,,all_crops,08_01
208,2022,wheat_spring,2.356923076923077,2.5443,,,all_crops,08_01
208,2023,wheat_spring,2.018076923076923,1.6263999999999998,2.937682395562976,2.747762493537742,all_crops,08_01
208,2024,sunflower,2.360615384615385,2.2707,2.856317503102945,3.0014386794262986,all_crops,08_01
208,2025,wheat_spring,3.8430769230769233,3.0721,3.4257397683441257,3.47594189479293,all_crops,08_01
209,2021,sunflower,2.257953795379538,2.5276,,,all_crops,08_01
209,2022,wheat_spring,2.6455775577557756,3.0277000000000003,,,all_crops,08_01
209,2023,wheat_winter,1.4815841584158416,3.0968,2.809849414751689,2.9635259501722326,all_crops,08_01
209,2025,sunflower,3.287196261682243,3.5131,3.114863840764578,2.9498201488673206,all_crops,08_01
210,2021,sunflower,2.402302631578947,2.5705,,,all_crops,08_01
210,2022,wheat_spring,3.0906122448979594,3.1882,,,all_crops,08_01
210,2023,pea,1.7408163265306122,1.9667,3.035454788709263,2.7578745983977355,all_crops,08_01
210,2025,sunflower,3.192550607287449,2.3675,3.10696753438022,2.898680449335449,all_crops,08_01
211,2021,sunflower,2.1389247311827955,3.1853,,,all_crops,08_01
212,2021,sunflower,3.639212598425197,2.7846,,,all_crops,08_01
212,2022,wheat_spring,3.1773529411764705,3.457,,,all_crops,08_01
212,2023,wheat_spring,2.9445588235294116,2.6809000000000003,3.0427666551178203,3.135499942941098,all_crops,08_01
212,2024,sunflower,1.900882352941176,2.9494,2.892089304822176,3.0148927175405404,all_crops,08_01
212,2025,wheat_spring,1.7024264705882353,2.8967,3.0772887955947867,2.99117207795461,all_crops,08_01
213,2021,wheat_spring,1.3155714285714286,3.2506,,,all_crops,08_01
213,2022,sunflower,1.481428571428571,2.5688,,,all_crops,08_01
213,2025,barley_spring,1.53,3.665,3.15790134094209,3.048421257700892,all_crops,08_01
214,2021,wheat_spring,1.5857777777777775,3.5127,,,all_crops,08_01
214,2022,sunflower,1.002222222222222,2.6556,,,all_crops,08_01
214,2025,barley_spring,1.53,3.0967,3.18710986907681,2.9964594679271195,all_crops,08_01
215,2021,sunflower,2.9865822784810128,2.614,,,all_crops,08_01
215,2022,wheat_spring,2.858987341772152,2.6435,,,all_crops,08_01
215,2023,barley_spring,2.2745063291139243,2.0213,2.99707329386066,2.7606608786772835,all_crops,08_01
215,2025,sunflower,3.0739240506329115,2.7828,2.9469718377212293,2.881023244822297,all_crops,08_01
216,2021,sunflower,2.925945945945946,2.6715,,,all_crops,08_01
216,2022,wheat_spring,3.1270270270270273,3.9165,,,all_crops,08_01
216,2023,barley_spring,2.696783783783784,2.809,2.988331926606311,2.85352500709067,all_crops,08_01
216,2025,sunflower,2.986756756756757,3.2991,3.2623685334035812,3.2430184669472197,all_crops,08_01
217,2021,sunflower,2.6894761904761904,2.475,,,all_crops,08_01
217,2022,wheat_spring,3.063725490196078,3.319,,,all_crops,08_01
217,2023,barley_spring,2.021480392156863,1.9229,3.077739410279558,3.147797506497616,all_crops,08_01
217,2024,sunflower,2.9758823529411766,3.1949,3.0159654880629057,3.1622869358129275,all_crops,08_01
217,2025,wheat_spring,2.5629901960784314,2.7186,3.064477812688399,2.9819898919905583,all_crops,08_01
218,2021,sunflower,2.595625,2.0886,,,all_crops,08_01
218,2022,wheat_spring,2.1723076923076925,2.6648,,,all_crops,08_01
218,2023,barley_spring,3.3693589743589745,2.4768,2.96464199936141,2.757916361606071,all_crops,08_01
218,2024,wheat_spring,4.027153846153846,3.3049,3.4848656422979807,3.5051183516603355,all_crops,08_01
218,2025,wheat_spring,4.112820512820513,2.6460999999999997,3.3772151349539135,3.4403703480372085,all_crops,08_01
219,2021,sunflower,2.818952380952381,2.8047999999999997,,,all_crops,08_01
219,2022,wheat_spring,2.827547619047619,2.8246,,,all_crops,08_01
219,2023,sunflower,2.802523809523809,2.0565,2.8826219546666,3.168377663998,all_crops,08_01
219,2024,wheat_spring,3.6718380952380953,4.2143999999999995,3.515157227093142,3.655022138996322,all_crops,08_01
219,2025,barley_spring,3.528095238095238,4.1021,3.4195876545867225,3.412348838897177,all_crops,08_01
220,2021,sunflower,2.0264,2.8005,,,all_crops,08_01
220,2022,wheat_spring,3.4832,4.2787999999999995,,,all_crops,08_01
220,2023,barley_spring,3.3728800000000003,2.759,3.087771174533359,3.0169854042849735,all_crops,08_01
220,2024,wheat_spring,3.12756,3.7114,3.4819593483886155,3.523296546237522,all_crops,08_01
220,2025,wheat_spring,3.3072000000000004,3.6214,3.6406318799539257,3.729070880838557,all_crops,08_01
221,2021,sunflower,1.7475,2.5108,,,all_crops,08_01
222,2021,sunflower,2.9396774193548385,2.2581,,,all_crops,08_01
222,2022,wheat_spring,3.2700483870967743,2.977,,,all_crops,08_01
222,2023,barley_spring,4.5005,2.53,2.987653660674188,2.7180951437340566,all_crops,08_01
222,2024,wheat_spring,3.6562580645161287,4.2654000000000005,3.4473779828009037,3.557838802437958,all_crops,08_01
222,2025,sunflower,2.972258064516129,2.5026,2.9175370067320467,2.760859292341425,all_crops,08_01
223,2021,sunflower,2.8625714285714285,2.4306,,,all_crops,08_01
223,2022,wheat_spring,3.2311428571428573,3.0817,,,all_crops,08_01
223,2023,barley_spring,2.3584285714285715,1.8187,3.2048432363961363,3.333702103471538,all_crops,08_01
223,2024,wheat_spring,3.350857142857143,3.5340000000000003,3.471740524101963,3.4230493536600592,all_crops,08_01
223,2025,sunflower,3.305142857142857,2.1723,2.9154470648971795,2.7600875112339343,all_crops,08_01
224,2021,sunflower,2.1762,2.4054,,,all_crops,08_01
224,2022,wheat_spring,3.079423076923077,3.5203,,,all_crops,08_01
224,2023,barley_spring,2.481451923076923,1.8807,2.9323483533171557,2.642395250549988,all_crops,08_01
224,2025,sunflower,3.0742307692307693,2.718,2.9861893640626036,2.9033785903849934,all_crops,08_01
225,2021,sunflower,1.85,2.4835000000000003,,,all_crops,08_01
226,2021,sunflower,2.4555,2.5431,,,all_crops,08_01
226,2022,wheat_spring,1.6934999999999998,2.5872,,,all_crops,08_01
226,2023,barley_spring,2.482894736842105,1.7199000000000002,2.9986485998854575,2.6304135176737593,all_crops,08_01
226,2024,wheat_winter,4.9315,4.5445,3.2762884515259305,3.108301606656638,all_crops,08_01
226,2025,sunflower,3.0420000000000003,2.9094,2.9909966324892348,2.8027519628376587,all_crops,08_01
227,2021,wheat_winter,2.8022285714285715,3.5711,,,all_crops,08_01
227,2022,wheat_winter,2.217514450867052,3.2383,,,all_crops,08_01
227,2023,sunflower,2.6015895953757227,2.3906,2.9455695122623964,3.2429932335482072,all_crops,08_01
227,2024,barley_spring,3.007739884393064,3.716,3.2728862428973167,3.1384736879139856,all_crops,08_01
227,2025,pea,1.5521965317919073,2.8562000000000003,3.1524183835119595,3.1084558727030527,all_crops,08_01
228,2021,wheat_winter,2.4169491525423727,3.7058,,,all_crops,08_01
228,2022,wheat_spring,4.564745762711865,3.4387,,,all_crops,08_01
228,2024,sunflower,3.052881355932203,2.9244,3.1375118502459927,3.375920626651677,all_crops,08_01
228,2025,wheat_spring,3.004576271186441,3.5229999999999997,3.2695257025267064,3.401689406263516,all_crops,08_01
229,2021,wheat_winter,2.9450000000000003,2.4469000000000003,,,all_crops,08_01
229,2022,wheat_spring,2.841666666666667,3.0135,,,all_crops,08_01
229,2024,sunflower,3.2544166666666663,2.2287,2.8127042931135264,2.9755234788552674,all_crops,08_01
229,2025,wheat_spring,3.5050000000000003,3.1488,3.274055864841461,3.0914892814273003,all_crops,08_01
230,2021,wheat_winter,2.123766816143498,3.134,,,all_crops,08_01
230,2022,sunflower,3.257219730941704,2.4592,,,all_crops,08_01
230,2023,wheat_spring,1.1861413043478262,2.1049,3.0515922606971326,3.108293599847916,all_crops,08_01
230,2024,sunflower,3.2521793721973093,3.1405000000000003,3.1571837111448575,3.216567322618812,all_crops,08_01
230,2025,wheat_spring,3.6687443946188343,2.9788,3.5129187278851157,3.5634692211887717,all_crops,08_01
231,2021,wheat_winter,3.5988646288209605,3.4015999999999997,,,all_crops,08_01
231,2022,wheat_winter,1.5712340425531914,2.288,,,all_crops,08_01
231,2023,sunflower,2.2995063829787235,1.7592,2.828987760320926,3.0089240245798137,all_crops,08_01
231,2024,wheat_spring,3.806382978723404,4.3306,3.564078836639127,3.7005701975400385,all_crops,08_01
231,2025,pea,1.3324255319148937,2.5528,2.939200946116674,3.031919541940611,all_crops,08_01
232,2021,wheat_winter,3.1834437086092713,2.9818,,,all_crops,08_01
232,2022,wheat_winter,1.847837837837838,1.8508,,,all_crops,08_01
232,2023,sunflower,2.6881993243243243,2.0155000000000003,2.880588565245175,3.1137137945592785,all_crops,08_01
232,2024,wheat_spring,3.330304054054054,4.5228,3.755473944478075,3.678735436571123,all_crops,08_01
232,2025,pea,1.8102027027027028,2.42,3.105487877424278,3.042491232798409,all_crops,08_01
233,2021,wheat_winter,3.6453846153846152,3.4055999999999997,,,all_crops,08_01
234,2021,wheat_winter,5.389142857142858,3.8293,,,all_crops,08_01
234,2022,wheat_spring,3.975428571428571,3.5832,,,all_crops,08_01
234,2023,wheat_winter,1.7062857142857142,2.4153,2.9449529362782965,2.7091733768517536,all_crops,08_01
234,2024,sunflower,3.295057142857143,2.7715,3.077866852932743,3.2942178142499627,all_crops,08_01
235,2021,wheat_winter,7.105,2.6723,,,all_crops,08_01
235,2023,wheat_spring,2.2,2.1059,3.0940328501682273,2.9289719701267587,all_crops,08_01
235,2025,barley_spring,1.53,3.3744,3.0278392560105285,3.0614861485484357,all_crops,08_01
236,2021,wheat_winter,2.8605,4.3367,,,all_crops,08_01
236,2022,sunflower,3.3475,2.7079,,,all_crops,08_01
236,2023,wheat_spring,2.520375,2.685,3.096623634695335,2.950641856500219,all_crops,08_01
236,2024,barley_spring,3.7585,3.5951,3.560537051231259,3.369656098194993,all_crops,08_01
236,2025,sunflower,3.0025,2.7818,3.068823275386142,3.023289445015215,all_crops,08_01
237,2021,wheat_winter,3.2366666666666664,2.9443,,,all_crops,08_01
237,2022,sunflower,2.515555555555556,2.3135000000000003,,,all_crops,08_01
237,2023,wheat_spring,1.6025,1.4325,3.0374748870177632,3.1481666259163124,all_crops,08_01
237,2024,barley_spring,4.871138888888889,4.8671,3.652629881031807,3.436523324724764,all_crops,08_01
237,2025,sunflower,3.3130555555555556,2.5092,3.0488781494896475,2.8249294653240318,all_crops,08_01
238,2021,wheat_winter,3.3530555555555552,3.4336,,,all_crops,08_01
238,2022,sunflower,2.1222222222222222,2.9125,,,all_crops,08_01
238,2023,wheat_spring,2.198888888888889,1.5408,2.956482661512473,2.6715391561701733,all_crops,08_01
238,2024,barley_spring,4.613333333333333,4.6753,3.502066702216057,3.4483349814214637,all_crops,08_01
238,2025,sunflower,1.9090277777777775,2.747,2.864643281901878,2.842859092476788,all_crops,08_01
239,2021,wheat_winter,3.16017094017094,3.5498,,,all_crops,08_01
239,2022,sunflower,1.9928205128205128,2.8905000000000003,,,all_crops,08_01
239,2024,barley_spring,5.670427350427351,4.9645,3.6312230066125206,3.5194597244138492,all_crops,08_01
239,2025,sunflower,3.095213675213675,2.3272,2.997615818260693,2.8394979180097972,all_crops,08_01
241,2021,wheat_winter,1.9516049382716052,3.0191,,,all_crops,08_01
242,2021,wheat_winter,2.205483870967742,5.015,,,all_crops,08_01
242,2022,wheat_spring,3.68225806451613,3.7286,,,all_crops,08_01
242,2023,wheat_winter,1.7032258064516128,2.3003,2.8103008116189554,2.580968911604457,all_crops,08_01
242,2024,sunflower,2.7984516129032255,2.7931999999999997,3.0888139107144177,3.4084932861747705,all_crops,08_01
244,2021,wheat_winter,2.4169811320754717,3.8306,,,all_crops,08_01
244,2022,wheat_spring,4.193867924528302,4.1091999999999995,,,all_crops,08_01
244,2024,wheat_spring,2.730603773584906,4.0973999999999995,3.4955190715623425,3.7297064292840822,all_crops,08_01
244,2025,sunflower,4.282264150943396,2.8931,2.842743645075797,2.8767896609194286,all_crops,08_01
246,2021,wheat_winter,2.612439024390244,3.0855,,,all_crops,08_01
246,2022,wheat_spring,1.6465853658536589,3.21,,,all_crops,08_01
246,2023,pea,1.784059678052611,1.8865,2.9536200311787315,2.6775029133931554,all_crops,08_01
246,2024,wheat_spring,3.884073170731708,4.0448,3.549446350064347,3.6929893388484327,all_crops,08_01
246,2025,sunflower,1.26,2.8019,2.983292547779462,2.7882629680018476,all_crops,08_01
247,2021,wheat_winter,3.5429431438127086,4.0771,,,all_crops,08_01
247,2022,wheat_winter,1.5000662251655628,1.8768,,,all_crops,08_01
247,2023,sunflower,2.741453642384106,1.9656,2.907841904573714,3.1658540245596907,all_crops,08_01
247,2024,wheat_spring,2.6623311258278144,3.5598,3.3931265041551724,3.420975192897696,all_crops,08_01
247,2025,barley_spring,4.1251655629139075,4.0761,3.5785370822486624,3.690400887455334,all_crops,08_01
248,2021,wheat_winter,2.4291851851851853,3.8601,,,all_crops,08_01
248,2023,wheat_winter,2.141,3.4366999999999996,2.71971820677788,2.4469900252184242,all_crops,08_01
248,2024,sunflower,3.441577777777778,3.0343,3.2387710117156328,3.3058952029670725,all_crops,08_01
248,2025,wheat_spring,3.630296296296296,3.3146,3.625868490286522,3.640630953402252,all_crops,08_01
249,2021,wheat_winter,2.7772222222222225,3.2591,,,all_crops,08_01
250,2021,wheat_winter,2.271818181818182,3.6005000000000003,,,all_crops,08_01
250,2022,sunflower,3.0933333333333333,2.6524,,,all_crops,08_01
250,2023,wheat_spring,2.1600980392156863,2.4707999999999997,3.087326345069621,3.1786507102245296,all_crops,08_01
250,2024,barley_spring,5.983627450980393,5.0663,3.5631368556044647,3.3185082094221654,all_crops,08_01
250,2025,sunflower,2.8207352941176467,2.567,3.0414194443099083,2.9158369769723014,all_crops,08_01
251,2021,wheat_winter,3.0763779527559056,2.8600000000000003,,,all_crops,08_01
251,2022,rye_winter,1.2108842105263158,2.041,,,all_crops,08_01
251,2023,sunflower,2.78692125984252,1.7517,2.858513216099741,3.019033030040226,all_crops,08_01
251,2024,wheat_spring,3.611023622047244,3.5784,3.7319568565606867,3.7422442689130406,all_crops,08_01
251,2025,oil_seed_raps_spring,2.756299212598426,2.4497,2.5237320971880313,2.1492786664606043,all_crops,08_01
252,2021,wheat_winter,2.8787951807228915,2.3573,,,all_crops,08_01
252,2022,wheat_winter,2.358144578313253,2.337,,,all_crops,08_01
252,2023,sunflower,2.8884457831325303,1.9012,2.8775444347592196,3.118928566175817,all_crops,08_01
252,2024,wheat_spring,3.254939759036145,3.3288,3.4176520742580343,3.4930192950421235,all_crops,08_01
252,2025,oil_seed_raps_spring,2.143734939759036,2.4377,2.5019506944690972,2.1669066435645448,all_crops,08_01
253,2021,wheat_winter,2.4343529411764706,2.4524,,,all_crops,08_01
253,2022,rye_winter,2.355384615384615,1.6707,,,all_crops,08_01
253,2023,sunflower,2.599529411764706,2.4023,2.912884971531457,3.148893601056396,all_crops,08_01
253,2024,wheat_spring,3.896,3.9287,3.7828663181169526,3.748295498183791,all_crops,08_01
253,2025,oil_seed_raps_spring,2.353764705882353,2.3244,2.574990006856484,2.196000122084783,all_crops,08_01
254,2021,wheat_winter,2.1813513513513514,3.4,,,all_crops,08_01
254,2024,sunflower,3.4018783783783784,3.0905,3.045313114853141,3.2012432889940294,all_crops,08_01
254,2025,wheat_spring,4.105608108108108,3.3930999999999996,3.4226576092664773,3.4197830527087643,all_crops,08_01
255,2021,wheat_spring,3.495357142857143,3.3379,,,all_crops,08_01
255,2023,sunflower,2.5888660714285714,1.7846,2.8437980131496072,3.1685848913767893,all_crops,08_01
255,2024,wheat_spring,4.0148214285714285,3.8499,3.5967924002607257,3.67202513844029,all_crops,08_01
255,2025,barley_spring,4.227857142857142,4.7113,3.796620376352376,4.05039833578353,all_crops,08_01
256,2021,wheat_spring,3.488928571428571,4.1288,,,all_crops,08_01
256,2023,wheat_winter,1.0053571428571428,2.1721,2.778123703571801,2.9073396545103645,all_crops,08_01
256,2024,wheat_spring,5.977232142857143,4.4814,3.443210164118744,3.651560319573911,all_crops,08_01
256,2025,sunflower,3.738928571428571,2.6791,3.312895581341375,3.3082151464481764,all_crops,08_01
257,2021,wheat_spring,5.5088888888888885,4.1709000000000005,,,all_crops,08_01
257,2022,barley_spring,1.7641666666666669,3.858,,,all_crops,08_01
257,2023,wheat_spring,2.75025,2.7828,2.9659641873021854,2.887080486295313,all_crops,08_01
257,2024,pea,1.4186666666666667,2.9443,2.975016632044359,3.0435461950646223,all_crops,08_01
257,2025,barley_spring,1.53,3.4939,2.994478669413668,3.018035296049004,all_crops,08_01
258,2021,wheat_spring,3.369101123595506,3.1010999999999997,,,all_crops,08_01
258,2022,sunflower,2.0300786516853933,2.3971,,,all_crops,08_01
258,2023,wheat_spring,1.3868539325842697,1.4845000000000002,3.0176950082336385,3.0915142170615137,all_crops,08_01
258,2024,wheat_spring,5.062359550561798,4.6847,3.486331344759591,3.638308387075471,all_crops,08_01
258,2025,sunflower,3.607977528089888,2.8251,3.031050423730647,2.838774450729547,all_crops,08_01
259,2021,wheat_spring,3.2456022408963587,3.6368,,,all_crops,08_01
259,2022,sunflower,2.027221288515406,1.9411,,,all_crops,08_01
259,2023,wheat_spring,1.08003081232493,1.7033,3.0196640851924488,3.095033635217231,all_crops,08_01
259,2024,sunflower,2.8320560224089637,2.8565,3.0851291347513294,3.1536603555428213,all_crops,08_01
259,2025,wheat_spring,2.1594957983193277,3.0833,2.9092584737732197,2.8530540078775157,all_crops,08_01
260,2021,wheat_spring,4.1022,3.8502,,,all_crops,08_01
260,2022,barley_spring,3.7374,2.6054,,,all_crops,08_01
260,2023,sunflower,1.8446,1.6825,2.8833550495242135,3.1652855539458833,all_crops,08_01
260,2024,wheat_spring,3.2132,3.6881,3.677979476631177,3.7618127629926916,all_crops,08_01
260,2025,barley_spring,4.0914,4.279,3.6141650336122657,3.5887169635487317,all_crops,08_01
261,2021,wheat_spring,5.387428571428572,4.5714,,,all_crops,08_01
261,2022,wheat_spring,4.008571428571429,2.5712,,,all_crops,08_01
261,2023,sunflower,2.853857142857143,1.7447,2.8427552306712633,3.0979048561999907,all_crops,08_01
261,2024,wheat_spring,4.122771428571428,4.4544,3.7721018376712245,3.768059725071651,all_crops,08_01
261,2025,barley_spring,4.780285714285714,4.103199999999999,3.5433982313498094,3.660407773340559,all_crops,08_01
262,2021,wheat_spring,4.116052631578947,3.3457,,,all_crops,08_01
262,2022,sunflower,2.051684210526316,2.0908,,,all_crops,08_01
262,2023,wheat_spring,1.9040657894736843,1.7620999999999998,3.0437822078689556,3.1937617421624087,all_crops,08_01
262,2024,wheat_spring,4.339473684210526,3.9265,3.4941392256312946,3.657650076234414,all_crops,08_01
263,2021,wheat_spring,3.779,4.3385,,,all_crops,08_01
263,2022,sunflower,2.1305,2.2052,,,all_crops,08_01
263,2023,wheat_spring,1.15425,1.8824,3.092517604662219,2.887307534436221,all_crops,08_01
263,2024,pea,2.317,3.1907,3.211074345256139,3.086469217612401,all_crops,08_01
263,2025,barley_spring,1.53,3.7299,3.331952059053389,3.2157111514992454,all_crops,08_01
264,2021,wheat_spring,3.725,3.7702,,,all_crops,08_01
264,2022,sunflower,4.337,2.2992999999999997,,,all_crops,08_01
264,2023,wheat_spring,3.37975,1.8622,3.0746121758744462,2.887489813923633,all_crops,08_01
264,2025,barley_spring,1.53,3.4492,3.342875660570156,3.2700668256176106,all_crops,08_01
265,2021,wheat_spring,3.063,4.4486,,,all_crops,08_01
265,2023,wheat_spring,1.308,2.2765999999999997,3.067057559237774,2.98565362053347,all_crops,08_01
265,2025,barley_spring,1.53,3.4357,3.0006532013593956,2.82856128234665,all_crops,08_01
266,2021,wheat_spring,3.4250000000000003,4.3322,,,all_crops,08_01
266,2023,wheat_spring,1.1466666666666667,1.7694,3.091582706654745,2.790618146519964,all_crops,08_01
266,2025,barley_spring,1.53,4.1642,3.371675130371042,3.2507829540470254,all_crops,08_01
267,2021,wheat_spring,3.725,3.8779,,,all_crops,08_01
267,2025,barley_spring,1.53,3.2036,3.441107097951424,3.3702319765941096,all_crops,08_01
268,2021,wheat_spring,3.504,3.1618,,,all_crops,08_01
268,2023,wheat_spring,2.2885,2.0288,3.059328163649311,2.790563154329364,all_crops,08_01
268,2024,barley_spring,4.772,3.893,3.2609618998288714,3.2068263405939064,all_crops,08_01
268,2025,sunflower,1.856,2.621,2.8010117343762344,2.7489655926277434,all_crops,08_01
269,2021,wheat_spring,3.465045045045045,4.0899,,,all_crops,08_01
269,2022,sunflower,2.086126126126126,2.4829999999999997,,,all_crops,08_01
269,2023,wheat_spring,1.7825225225225227,1.3948,3.0303645627863087,3.0999384477670415,all_crops,08_01
269,2024,wheat_spring,4.250810810810811,4.2761000000000005,3.5285062761685366,3.7548042248069047,all_crops,08_01
269,2025,sunflower,3.00081981981982,3.2369,3.032634295885871,2.9105287392579933,all_crops,08_01
270,2025,barley_spring,5.528620689655173,4.2141,3.950298042059064,4.152398318340624,all_crops,08_01
271,2021,wheat_spring,4.884745762711864,4.0124,,,all_crops,08_01
271,2022,wheat_spring,2.6278644067796613,3.3354,,,all_crops,08_01
271,2023,sunflower,2.458762711864407,1.6121,2.851337748921897,3.0002444032379088,all_crops,08_01
271,2024,wheat_spring,3.931627118644068,4.593500000000001,3.6746017102311903,3.6449715979203896,all_crops,08_01
271,2025,barley_spring,4.394915254237288,4.221,3.7279541003256664,3.862348796132415,all_crops,08_01
272,2021,sunflower,1.6323529411764706,2.2183,,,all_crops,08_01
272,2022,wheat_spring,3.301764705882353,3.8811,,,all_crops,08_01
272,2023,sunflower,1.4075,1.6882,2.768367235357506,2.5837150229130073,all_crops,08_01
272,2024,wheat_spring,4.2312,4.6043,3.586333324208658,3.6682035444635757,all_crops,08_01
272,2025,wheat_spring,3.1792,4.3223,3.9076857083041743,4.000462004106961,all_crops,08_01
273,2021,barley_spring,3.0677777777777777,3.3529000000000004,,,all_crops,08_01
273,2022,wheat_winter,2.052962962962963,2.6808,,,all_crops,08_01
273,2023,wheat_winter,1.0088888888888887,2.1881,2.7259829825431248,2.5072943095495885,all_crops,08_01
273,2024,sunflower,3.591851851851852,3.1408,3.088142773860946,3.1725177592155456,all_crops,08_01
273,2025,wheat_spring,4.41962962962963,4.3208,3.880766510147496,3.9708150155165365,all_crops,08_01
274,2021,barley_spring,5.857807017543859,4.1531,,,all_crops,08_01
274,2022,wheat_winter,2.5334061135371178,2.3949000000000003,,,all_crops,08_01
274,2024,sunflower,3.426468571428571,3.2063,3.277814192738399,3.2802057283281916,all_crops,08_01
274,2025,wheat_spring,4.091004366812228,3.7454,3.4766844123750005,3.614002780782705,all_crops,08_01
276,2021,sunflower,3.422096774193548,2.5587,,,all_crops,08_01
276,2022,wheat_spring,2.9274193548387095,2.7839,,,all_crops,08_01
276,2023,sunflower,2.634193548387097,2.1459,2.8200721968234763,2.8614180909740186,all_crops,08_01
276,2024,wheat_spring,3.63741935483871,3.7742,3.3529114693662483,3.4976725303996896,all_crops,08_01
276,2025,wheat_spring,1.4903225806451614,3.6446,3.01524399159858,3.2135800510842665,all_crops,08_01
277,2021,sunflower,3.3421333333333334,2.5161,,,all_crops,08_01
277,2022,wheat_spring,1.5733333333333333,3.1663,,,all_crops,08_01
277,2023,sunflower,2.6744000000000003,1.9509,2.8619968829298856,3.1451218091968935,all_crops,08_01
277,2024,wheat_spring,4.257866666666667,2.9864,3.369870231735227,3.5063309089429406,all_crops,08_01
277,2025,wheat_spring,1.9090666666666667,2.5618,2.94013997981359,2.8472543503812764,all_crops,08_01
278,2021,barley_spring,5.365869565217392,3.6795,,,all_crops,08_01
278,2022,sunflower,2.907608695652174,2.1463,,,all_crops,08_01
278,2023,wheat_spring,1.7219565217391304,1.423,3.143343006771998,3.2596213806591634,all_crops,08_01
278,2024,pea,2.430869565217391,3.4686999999999997,3.119553919314412,2.9565585497509645,all_crops,08_01
279,2021,barley_spring,4.9775,4.0814,,,all_crops,08_01
279,2023,wheat_spring,1.069090909090909,1.398,3.1194512555255933,3.208011675996485,all_crops,08_01
279,2024,pea,1.87,2.9349,3.138892832944273,2.9118372640049675,all_crops,08_01
280,2021,barley_spring,3.253586956521739,3.4293,,,all_crops,08_01
280,2023,wheat_spring,1.953478260869565,1.3969,2.9804948990613607,3.0631237180450808,all_crops,08_01
280,2025,sunflower,4.019456521739131,2.816,2.810854314522341,2.805902801307279,all_crops,08_01
282,2021,barley_spring,3.4048936170212767,3.5969,,,all_crops,08_01
282,2022,sunflower,1.2691489361702126,2.2469,,,all_crops,08_01
282,2023,wheat_spring,1.9701702127659575,1.4868,2.9642632414679824,3.0057569252750587,all_crops,08_01
282,2025,sunflower,3.9023404255319143,2.9577,3.034546566145549,3.0138079467907306,all_crops,08_01
283,2021,barley_spring,5.287594936708861,4.0087,,,all_crops,08_01
283,2022,sunflower,3.713924050632911,2.2559,,,all_crops,08_01
283,2023,wheat_spring,1.430253164556962,1.2363,3.0166478361632447,3.0413697920174543,all_crops,08_01
283,2025,sunflower,4.0171455696202525,2.7299,3.054538692914796,2.8742383590896137,all_crops,08_01
284,2021,wheat_spring,3.5273333333333334,3.8838,,,all_crops,08_01
284,2022,sunflower,2.223333333333333,2.1607,,,all_crops,08_01
284,2024,pea,1.328,3.3015999999999996,2.9734715039270245,3.045930491292942,all_crops,08_01
284,2025,barley_spring,1.53,4.0414,3.2830388376545523,3.118709483476381,all_crops,08_01
286,2021,wheat_spring,3.971888888888889,3.838,,,all_crops,08_01
286,2023,wheat_spring,1.291111111111111,2.4629000000000003,3.2095135336754455,3.121913545596593,all_crops,08_01
286,2025,barley_spring,1.53,3.7794,2.9888526942730973,2.8591388713762442,all_crops,08_01
287,2021,barley_spring,5.6,3.5579,,,all_crops,08_01
287,2025,barley_spring,1.53,2.5007,2.7576178718802784,2.599939967104657,all_crops,08_01
288,2021,wheat_spring,3.5825,2.9788,,,all_crops,08_01
288,2023,wheat_spring,1.445,1.9747,3.0871094682740865,2.933358973766451,all_crops,08_01
288,2025,barley_spring,1.53,4.1669,2.9482180551704547,2.731456780669154,all_crops,08_01
289,2021,wheat_spring,3.8523529411764703,4.164,,,all_crops,08_01
289,2023,wheat_spring,1.2705882352941178,2.0187999999999997,3.076955647143776,2.78857881709949,all_crops,08_01
289,2025,barley_spring,1.53,4.5237,3.272515673102453,3.130735805757799,all_crops,08_01
291,2021,wheat_spring,3.172833333333333,4.0111,,,all_crops,08_01
291,2023,wheat_spring,1.5506666666666666,1.9269,3.1115901270217488,2.933103707819407,all_crops,08_01
291,2025,barley_spring,1.53,3.4165,2.9065200598040297,2.7514349548570096,all_crops,08_01
292,2021,sunflower,2.01,2.8632,,,all_crops,08_01
292,2022,wheat_spring,2.2251000000000003,3.3101999999999996,,,all_crops,08_01
292,2023,barley_spring,3.2198,2.4019,2.967200320155233,2.8472203730811705,all_crops,08_01
292,2024,wheat_spring,4.2,3.8694,3.5424316743551514,3.5255216072141753,all_crops,08_01
292,2025,sunflower,2.718,2.1951,2.7577914888007435,2.6165397720861536,all_crops,08_01
293,2021,sunflower,2.3242696629213486,2.5933,,,all_crops,08_01
293,2022,wheat_spring,2.6255842696629212,2.9364,,,all_crops,08_01
293,2023,barley_spring,2.157528089887641,1.9,3.1888556219912307,3.303341558878804,all_crops,08_01
293,2024,wheat_spring,3.62561797752809,3.9531,3.6128854567524478,3.554597576882282,all_crops,08_01
293,2025,sunflower,3.067640449438202,2.739,2.8470658879210538,2.7299817388841734,all_crops,08_01
295,2021,barley_spring,4.090206896551725,3.4863,,,all_crops,08_01
295,2022,sunflower,1.9825241379310343,2.1238,,,all_crops,08_01
295,2024,pea,1.4772413793103447,3.2598,3.3445538739562064,3.0868338283646812,all_crops,08_01
295,2025,wheat_spring,4.596137931034483,3.1723,3.484708156943925,3.566885231590607,all_crops,08_01
296,2021,barley_spring,3.33792349726776,3.4868,,,all_crops,08_01
296,2022,sunflower,1.4684699453551913,2.13,,,all_crops,08_01
296,2024,pea,2.87103825136612,3.0702000000000003,3.3708542068355216,3.12484369790705,all_crops,08_01
297,2021,wheat_spring,3.676,3.4263,,,all_crops,08_01
297,2023,wheat_spring,2.572,1.9853,3.1384280947605903,3.2794389544852542,all_crops,08_01
297,2025,barley_spring,1.53,3.4391,2.907079215531994,2.829105364541577,all_crops,08_01
298,2021,maize,8.829758333333332,6.0009999999999994,,,all_crops,08_01
298,2022,barley_spring,3.4287916666666667,3.1485,,,all_crops,08_01
298,2023,sunflower,2.0416666666666665,1.8511,2.894511700036909,3.09842293957905,all_crops,08_01
298,2024,wheat_spring,3.408333333333333,3.931,3.8512844092840597,3.726089744663396,all_crops,08_01
299,2023,sunflower,3.345622119815668,2.0437000000000003,3.003736046214176,3.2068313299545457,all_crops,08_01
299,2024,barley_spring,3.720276497695852,4.2798,3.252276441445484,3.114256019530467,all_crops,08_01
299,2025,pea,2.5146082949308752,3.2853000000000003,3.1350636798381397,3.230551121155504,all_crops,08_01
300,2023,sunflower,3.5636363636363635,1.9315,3.0389322672214356,3.432363847311973,all_crops,08_01
300,2024,barley_spring,4.142545454545455,4.0782,3.3552589473830845,3.1999852388954344,all_crops,08_01
300,2025,sunflower,3.1365454545454545,2.5847,3.2812613146797585,3.275496840380624,all_crops,08_01
301,2023,sunflower,2.6101083032490973,1.6184999999999998,2.9153909611463438,3.131328257395417,all_crops,08_01
301,2024,wheat_spring,2.888086642599278,4.3213,3.4819182507844664,3.5289862056045287,all_crops,08_01
301,2025,sunflower,2.495162454873646,3.1425,3.046531733914039,2.870216011658388,all_crops,08_01
302,2021,wheat_spring,2.160754716981132,2.1259,,,all_crops,08_01
302,2022,sunflower,3.147777777777778,2.7268999999999997,,,all_crops,08_01
302,2023,wheat_spring,2.0,1.9915,3.0530231319336485,3.109371900003544,all_crops,08_01
302,2025,sunflower,2.7764444444444445,2.4439,2.9784661670000174,3.0141020788807866,all_crops,08_01
303,2021,rye_winter,3.52125,3.7601,,,all_crops,08_01
303,2022,sunflower,3.539,2.8109,,,all_crops,08_01
303,2023,barley_spring,1.628,2.7884,3.0930334139103257,2.9148810730182677,all_crops,08_01
303,2024,pea,3.313,3.3322000000000003,3.6485812753383198,3.2743425573055873,all_crops,08_01
304,2021,rye_winter,2.693311688311688,3.1229,,,all_crops,08_01
304,2022,sunflower,3.0357142857142856,2.6405000000000003,,,all_crops,08_01
304,2023,wheat_spring,2.142857142857143,1.504,3.129741430858546,3.1366746908080394,all_crops,08_01
304,2024,wheat_spring,4.071428571428571,5.1472999999999995,3.590373693520261,3.665723578333243,all_crops,08_01
304,2025,sunflower,2.1645454545454546,2.7464,3.0214730891726034,2.930609226623162,all_crops,08_01
305,2021,sunflower,3.164368932038835,2.5433,,,all_crops,08_01
305,2022,wheat_spring,3.257047619047619,3.6316,,,all_crops,08_01
305,2023,barley_spring,2.9109359605911327,2.2044,3.1190753846638577,3.094418763927257,all_crops,08_01
305,2025,sunflower,2.768857142857143,2.8078,3.128612066520195,3.141900362997831,all_crops,08_01
306,2021,sunflower,2.5819574468085107,2.6155999999999997,,,all_crops,08_01
306,2022,wheat_spring,3.6619574468085103,3.4802,,,all_crops,08_01
306,2024,sunflower,3.538212765957447,3.16,3.4526811597894405,3.3834134737170185,all_crops,08_01
306,2025,wheat_spring,4.320425531914894,4.0644,3.7711112062080905,3.7455500131309716,all_crops,08_01
307,2021,wheat_winter,1.828235294117647,3.9089,,,all_crops,08_01
307,2022,pea,2.614705882352941,2.1492,,,all_crops,08_01
307,2023,sunflower,1.6470588235294117,1.5692,2.8580322406781677,2.917353702333371,all_crops,08_01
308,2021,sunflower,3.211111111111111,2.5884,,,all_crops,08_01
308,2022,wheat_spring,2.0782828282828283,3.2049999999999996,,,all_crops,08_01
308,2025,sunflower,3.56038961038961,2.9364999999999997,3.397675844472432,3.3132887300891,all_crops,08_01
309,2021,sunflower,2.949066666666667,3.1079,,,all_crops,08_01
310,2021,sunflower,2.9762564102564104,2.865,,,all_crops,08_01
310,2022,wheat_spring,4.9725,4.8331,,,all_crops,08_01
310,2023,sunflower,2.6650943396226414,2.192,2.7312076297409056,2.6473473438917865,all_crops,08_01
310,2024,wheat_spring,3.763636363636364,4.292,3.6537355189232303,3.7595410870736177,all_crops,08_01
310,2025,barley_spring,6.152151515151515,4.0839,3.9276596320232593,4.104885325653958,all_crops,08_01
311,2021,barley_spring,4.765069124423963,3.9824,,,all_crops,08_01
311,2023,sunflower,3.220833333333333,2.389,2.8421709268662223,2.883249746865505,all_crops,08_01
311,2024,wheat_spring,3.9819827586206897,4.869400000000001,3.771452120185242,3.7830213389721274,all_crops,08_01
311,2025,soya,1.4650632911392407,1.1718,2.535023376237793,2.3575584457066876,all_crops,08_01
312,2021,barley_spring,3.995789473684211,3.101,,,all_crops,08_01
312,2022,sunflower,2.5855555555555556,2.6481000000000003,,,all_crops,08_01
312,2023,wheat_spring,1.8715789473684212,2.4072,3.0121845696939857,2.744531151707098,all_crops,08_01
312,2024,sunflower,1.5944444444444443,2.678,3.066271568126556,3.178103277945156,all_crops,08_01
312,2025,barley_spring,3.900555555555555,3.788,3.4205062240649866,3.714139754725852,all_crops,08_01
313,2021,sunflower,3.737326203208556,2.6946000000000003,,,all_crops,08_01
313,2022,wheat_spring,3.3391818181818183,3.7409,,,all_crops,08_01
313,2023,barley_spring,2.5366818181818185,2.2949,3.0395663209152683,2.6804988710990627,all_crops,08_01
313,2024,pea,2.8992727272727272,3.2704999999999997,3.708010854863945,3.4384157816909284,all_crops,08_01
314,2021,sunflower,2.99763440860215,2.7501,,,all_crops,08_01
314,2022,wheat_spring,3.765161290322581,4.1685,,,all_crops,08_01
314,2025,sunflower,3.19804780876494,2.9488,3.422476625740237,3.2831151888595786,all_crops,08_01
315,2021,sunflower,2.3563157894736846,2.4084,,,all_crops,08_01
315,2022,wheat_spring,3.067894736842105,2.6203,,,all_crops,08_01
315,2023,wheat_spring,2.289473684210526,1.7975,3.0324496089040993,3.074851645820501,all_crops,08_01
315,2025,barley_spring,4.822105263157895,4.0847999999999995,3.3405542129176693,3.4407648349481166,all_crops,08_01
316,2021,wheat_spring,3.35448275862069,2.5522,,,all_crops,08_01
316,2022,pea,2.176896551724138,2.4436,,,all_crops,08_01
317,2021,sunflower,2.4812716763005778,2.7389,,,all_crops,08_01
317,2022,wheat_spring,3.5861271676300577,4.0436,,,all_crops,08_01
317,2023,barley_spring,2.690967741935484,1.8986,3.07424848218464,3.1029328038312642,all_crops,08_01
317,2025,sunflower,3.2478823529411764,2.6744,3.2259501663434187,3.233817124320303,all_crops,08_01
318,2021,sunflower,2.5535622317596567,2.6277999999999997,,,all_crops,08_01
318,2022,wheat_spring,4.166502057613169,3.9593,,,all_crops,08_01
318,2024,sunflower,3.366416666666667,2.723,3.4825393778926754,3.3897197949125637,all_crops,08_01
318,2025,wheat_spring,4.45625,3.7863,3.8413588602256636,3.913391654377927,all_crops,08_01
319,2021,sunflower,3.1226666666666665,2.5924,,,all_crops,08_01
319,2022,barley_spring,3.020842105263158,2.9971,,,all_crops,08_01
319,2024,sunflower,3.15221052631579,2.5983,3.1142307046274595,3.2620651632793036,all_crops,08_01
319,2025,wheat_spring,4.713333333333333,4.0091,3.749864017200285,3.73113668019306,all_crops,08_01
320,2021,wheat_spring,3.9986666666666664,3.9796,,,all_crops,08_01
320,2022,pea,3.664,3.4799999999999995,,,all_crops,08_01
320,2024,sunflower,2.272666666666667,2.6357,3.0742751459959585,3.245207960024781,all_crops,08_01
320,2025,wheat_spring,5.241333333333333,4.0302999999999995,3.9034308758698257,3.7561503416777065,all_crops,08_01
321,2021,wheat_spring,3.118865979381443,3.2768,,,all_crops,08_01
321,2022,pea,3.720721649484537,2.7433,,,all_crops,08_01
321,2023,wheat_winter,2.4504123711340204,2.0962,2.742847453882165,2.386171438076964,all_crops,08_01
321,2024,sunflower,2.982783505154639,3.2398,3.0488048075796454,3.196797442373927,all_crops,08_01
321,2025,wheat_spring,5.011076923076923,3.8208,3.910670059197699,3.9854944179680927,all_crops,08_01
322,2021,wheat_spring,3.403835616438356,3.1988,,,all_crops,08_01
322,2022,sunflower,2.8527397260273974,3.0184,,,all_crops,08_01
322,2023,wheat_spring,3.1232876712328768,2.0976,2.9866033429248917,2.6867148240132606,all_crops,08_01
322,2024,sunflower,2.7725,2.9005,2.9787364488239327,3.0821031228878653,all_crops,08_01
322,2025,barley_spring,5.317428571428572,4.8182,3.8320073819079776,3.989305580313745,all_crops,08_01
323,2021,wheat_spring,2.7504545454545455,3.2299999999999995,,,all_crops,08_01
323,2022,sunflower,3.4059090909090908,2.7743,,,all_crops,08_01
323,2023,wheat_spring,2.987012987012987,2.4208,2.9226128160895826,2.6530759253388756,all_crops,08_01
323,2024,wheat_winter,4.966298701298701,4.4852,2.637114490751346,2.7814801245420653,all_crops,08_01
323,2025,sunflower,3.7001298701298704,2.8396999999999997,3.476570669290381,3.3898858485390413,all_crops,08_01
324,2021,wheat_spring,3.4877777777777776,3.5936999999999997,,,all_crops,08_01
324,2022,sunflower,3.049259259259259,2.2832999999999997,,,all_crops,08_01
324,2023,wheat_spring,2.1296296296296298,2.9208,3.114291889267249,3.0155377655579247,all_crops,08_01
324,2024,barley_spring,4.074074074074074,4.9415,3.40973046789347,3.270166525282047,all_crops,08_01
324,2025,sunflower,3.123333333333333,2.5401,2.939959050423894,2.8992745020634207,all_crops,08_01
325,2021,wheat_spring,3.5964705882352943,3.4701,,,all_crops,08_01
325,2022,sunflower,2.885882352941177,2.0921,,,all_crops,08_01
325,2023,wheat_spring,2.1070588235294117,2.379,3.025337586720892,2.679051377311818,all_crops,08_01
325,2024,barley_spring,5.431764705882353,3.2517000000000005,3.2987391304519216,3.106933696394878,all_crops,08_01
325,2025,sunflower,3.902941176470588,2.6944,3.175883685255888,3.1645708508932815,all_crops,08_01
327,2021,wheat_spring,4.412475247524752,3.613,,,all_crops,08_01
327,2022,sunflower,3.0487128712871288,2.3692,,,all_crops,08_01
327,2023,barley_spring,3.0089108910891085,2.4194,3.020711546744241,2.6381673430478587,all_crops,08_01
327,2024,wheat_spring,4.303030303030303,4.6558,3.7323739714292046,3.6388439585081045,all_crops,08_01
327,2025,sunflower,2.7849504950495048,1.7749,3.003271141300149,2.9666322093689432,all_crops,08_01
328,2021,wheat_spring,1.515294117647059,1.7749,,,all_crops,08_01
328,2023,sunflower,2.764705882352941,1.868,2.775721224108094,2.7172211535896027,all_crops,08_01
329,2021,wheat_spring,3.485,3.1239,,,all_crops,08_01
330,2021,wheat_spring,3.468137931034483,3.2905,,,all_crops,08_01
330,2022,barley_spring,4.183068965517241,3.5403,,,all_crops,08_01
330,2023,sunflower,3.167247386759582,2.2502,2.856187482056017,3.216683167654989,all_crops,08_01
330,2024,wheat_spring,3.373384030418251,2.8446,3.8027456372859567,3.688466393220633,all_crops,08_01
330,2025,pea,1.6517562724014336,3.5991999999999997,3.0114810545197206,3.0492521915097526,all_crops,08_01
331,2021,wheat_spring,3.196,2.6884,,,all_crops,08_01
331,2023,sunflower,3.1901408450704225,2.0946,2.9155572989723577,2.94007327188858,all_crops,08_01
331,2024,wheat_spring,4.017571428571429,3.5519,3.6752236883765015,3.722003865491668,all_crops,08_01
331,2025,sunflower,2.805285714285714,2.3958,2.9549248244427258,2.919477289530142,all_crops,08_01
332,2021,wheat_spring,2.784181034482758,2.8605,,,all_crops,08_01
332,2022,sunflower,3.1269827586206898,2.5953,,,all_crops,08_01
332,2023,wheat_spring,2.2198275862068964,1.863,3.072409065242681,3.0593572372455675,all_crops,08_01
332,2025,sunflower,2.7096982758620687,2.5404,2.9863275163973118,2.8601475318432024,all_crops,08_01
333,2021,wheat_spring,3.365379746835443,3.3644,,,all_crops,08_01
333,2022,sunflower,3.009367088607595,3.0198,,,all_crops,08_01
333,2023,wheat_spring,2.329113924050633,1.7949000000000002,2.995992793149382,3.090127358830055,all_crops,08_01
334,2021,wheat_spring,3.1403749999999997,3.0019,,,all_crops,08_01
334,2022,sunflower,3.3138125,2.7929,,,all_crops,08_01
334,2023,wheat_spring,3.24375,2.1649000000000003,3.1344133245700436,2.826697525494392,all_crops,08_01
334,2024,sunflower,2.83575,2.45,3.070277722286761,3.081718183690058,all_crops,08_01
335,2021,wheat_spring,3.134623655913978,3.6907,,,all_crops,08_01
335,2022,sunflower,3.5048387096774194,2.6708,,,all_crops,08_01
335,2023,wheat_spring,3.01980198019802,2.2564,3.1004091030985483,2.8109578341606207,all_crops,08_01
335,2024,sunflower,2.762772277227723,2.8598,2.924708311119395,3.0364297316630173,all_crops,08_01
335,2025,barley_spring,5.654851485148515,3.7184,3.6002252575717986,3.8137624912880352,all_crops,08_01
336,2021,wheat_spring,3.555333333333333,4.6818,,,all_crops,08_01
336,2022,sunflower,3.0290000000000004,2.7348,,,all_crops,08_01
336,2023,wheat_spring,3.5246666666666666,2.9908,3.2181034140004643,3.181665427035263,all_crops,08_01
336,2024,sunflower,2.679333333333333,2.5408,3.198509059911941,3.2067175195504123,all_crops,08_01
336,2025,barley_spring,5.271333333333333,3.9387,3.9215879552441955,4.115615930247101,all_crops,08_01
337,2021,wheat_spring,3.2880000000000003,3.2305,,,all_crops,08_01
337,2022,sunflower,3.2695,2.7253,,,all_crops,08_01
337,2023,wheat_spring,1.825,2.3051,3.116710500644379,2.989930823821611,all_crops,08_01
338,2021,wheat_spring,2.9725,2.8787,,,all_crops,08_01
338,2022,sunflower,2.849375,2.4876,,,all_crops,08_01
338,2023,wheat_spring,1.30125,2.1474,3.1020564090141596,2.773114775188039,all_crops,08_01
338,2024,barley_spring,5.055,4.5348,3.140798631199327,3.025395369995529,all_crops,08_01
338,2025,sunflower,3.5034375,2.987,2.9114538473314044,2.8393045487651114,all_crops,08_01
339,2021,wheat_spring,4.1225,3.4170000000000003,,,all_crops,08_01
339,2022,sunflower,3.1950000000000003,2.5929,,,all_crops,08_01
339,2023,wheat_spring,1.4583333333333333,1.0566,3.1465480817383646,3.1166587242878183,all_crops,08_01
339,2024,wheat_spring,3.623333333333333,3.4026000000000005,3.606323599838844,3.612359205394028,all_crops,08_01
339,2025,wheat_spring,5.5616666666666665,4.063000000000001,3.7875432365205386,3.6190218276281634,all_crops,08_01
340,2021,barley_spring,1.3229508196721311,2.0207,,,all_crops,08_01
340,2022,sunflower,3.700081967213115,3.0608,,,all_crops,08_01
340,2023,wheat_spring,3.4262295081967213,1.983,2.960442166055467,2.6683852818909166,all_crops,08_01
340,2024,sunflower,2.295081967213114,2.6083,3.124069627996163,3.266179576249501,all_crops,08_01
340,2025,barley_spring,5.233934426229508,3.9616,3.7670526140935086,3.9884807913713614,all_crops,08_01
341,2021,barley_spring,3.3516666666666666,3.3808,,,all_crops,08_01
341,2022,sunflower,2.8089583333333334,2.8074000000000003,,,all_crops,08_01
341,2023,wheat_spring,1.7916666666666667,2.596,2.990261075606201,2.733069970171254,all_crops,08_01
341,2024,sunflower,1.5833333333333333,2.9536,3.0776801232226547,3.2844145431810237,all_crops,08_01
341,2025,barley_spring,5.078333333333333,3.6965,3.8447665435149476,4.07899699562058,all_crops,08_01
342,2022,sunflower,3.7125,3.0136,,,all_crops,08_01
342,2023,wheat_spring,2.340909090909091,2.7937000000000003,3.0253144093790345,2.9189960739086063,all_crops,08_01
342,2024,sunflower,2.0454545454545454,2.2526,3.097740378444307,3.239053864744101,all_crops,08_01
342,2025,barley_spring,4.873181818181818,3.9611,3.908375455512692,4.276224745070122,all_crops,08_01
343,2021,barley_spring,4.0285714285714285,4.0207999999999995,,,all_crops,08_01
343,2023,sunflower,2.317142857142857,2.2114000000000003,2.76865067305907,2.5254624493380584,all_crops,08_01
344,2021,sunflower,2.1748453608247424,1.9397,,,all_crops,08_01
344,2022,wheat_spring,4.158762886597938,3.7967,,,all_crops,08_01
344,2023,pea,2.0016494845360824,2.111,3.107904010875412,2.9951608970042396,all_crops,08_01
344,2025,sunflower,3.773283582089552,2.7342,3.019868750177916,2.8253387196319357,all_crops,08_01
345,2021,sunflower,2.6784,2.4385000000000003,,,all_crops,08_01
345,2022,wheat_spring,4.4988,4.032500000000001,,,all_crops,08_01
345,2023,sunflower,1.6133333333333333,2.1244,2.9466461316836465,2.9148968808941857,all_crops,08_01
345,2024,wheat_spring,3.306666666666667,4.0687,3.3376537869997502,3.391262122663039,all_crops,08_01
346,2021,sunflower,1.9183783783783783,1.9827,,,all_crops,08_01
346,2022,wheat_spring,4.4437837837837835,3.7823,,,all_crops,08_01
346,2023,pea,3.323783783783784,2.182,3.1640962648380957,2.9823348110442724,all_crops,08_01
347,2023,wheat_winter,1.3714285714285714,2.5687,2.800502355527274,2.9058654301789835,all_crops,08_01
347,2024,sunflower,2.6532203389830507,2.628,3.079125808760379,3.1935055320416628,all_crops,08_01
347,2025,wheat_spring,4.076491228070176,4.4323,3.476768863238241,3.5951193373098613,all_crops,08_01
349,2021,sunflower,3.348414634146341,2.5807,,,all_crops,08_01
349,2022,wheat_spring,3.5331707317073175,3.8168,,,all_crops,08_01
349,2023,barley_spring,3.0681707317073172,2.722,3.0686309579892117,2.898704041120314,all_crops,08_01
349,2024,sunflower,3.0159756097560977,3.1943,2.859876791236295,3.048364764336439,all_crops,08_01
350,2021,sunflower,2.6869291338582677,2.2175,,,all_crops,08_01
350,2022,wheat_spring,3.551338582677165,2.9151,,,all_crops,08_01
350,2023,sunflower,2.5440944881889767,2.2283999999999997,2.9484856537983952,3.20773183088466,all_crops,08_01
350,2024,wheat_spring,4.731968503937008,4.7031,3.5890183508037916,3.5440657966260742,all_crops,08_01
351,2021,wheat_spring,4.5,4.757099999999999,,,all_crops,08_01
352,2021,sunflower,2.075492957746479,2.4797,,,all_crops,08_01
352,2022,wheat_spring,4.080747663551402,4.5568,,,all_crops,08_01
352,2023,pea,2.1001869158878503,1.9837,3.0040098737824295,2.716247066678914,all_crops,08_01
352,2025,sunflower,3.5908411214953273,2.7165,3.024656566859084,3.0481894500815163,all_crops,08_01
353,2021,sunflower,2.0749999999999997,2.2550999999999997,,,all_crops,08_01
353,2022,wheat_spring,3.905208333333333,3.8578,,,all_crops,08_01
354,2021,sunflower,2.214430379746835,2.4288,,,all_crops,08_01
354,2022,wheat_spring,3.8073417721518985,3.5322000000000005,,,all_crops,08_01
354,2023,barley_spring,2.659493670886076,1.9727,3.0972048072866176,2.8561206650298234,all_crops,08_01
355,2021,sunflower,3.3528571428571428,2.3047999999999997,,,all_crops,08_01
355,2022,wheat_spring,4.668571428571428,3.0147,,,all_crops,08_01
355,2023,barley_spring,3.162142857142858,2.5855,3.165872471687111,2.972975984887057,all_crops,08_01
356,2021,sunflower,2.6103448275862067,2.0149999999999997,,,all_crops,08_01
356,2022,wheat_spring,3.2897701149425287,3.3781,,,all_crops,08_01
356,2023,sunflower,2.1677011494252874,1.7,2.924674137650807,3.1417498819308363,all_crops,08_01
356,2024,wheat_spring,3.905747126436782,3.9192,3.5824203856037427,3.547141477316874,all_crops,08_01
356,2025,sunflower,3.081954022988506,2.605,3.0271413242150564,3.073676816603344,all_crops,08_01
357,2021,sunflower,3.1505555555555556,2.879,,,all_crops,08_01
358,2021,sunflower,3.3279000000000005,2.927,,,all_crops,08_01
358,2022,wheat_spring,3.628433734939759,3.415,,,all_crops,08_01
358,2023,barley_spring,2.936867469879518,2.2752,2.957001126768814,2.6654781078592875,all_crops,08_01
358,2024,sunflower,3.3918072289156624,3.0083,2.961750964681823,3.118863664687857,all_crops,08_01
358,2025,wheat_spring,4.909156626506024,4.391,3.8308378347717817,3.8932756877164243,all_crops,08_01
359,2021,sunflower,2.9375,2.6475,,,all_crops,08_01
359,2022,wheat_spring,3.3601315789473687,3.2651000000000003,,,all_crops,08_01
359,2023,barley_spring,3.0155263157894736,2.0179,3.0946379849340944,3.2495643571897412,all_crops,08_01
359,2025,sunflower,3.789473684210526,2.7781,3.029024412004592,3.2289994889702567,all_crops,08_01
360,2021,sunflower,2.314375,2.8601,,,all_crops,08_01
360,2022,wheat_spring,2.936875,3.7884,,,all_crops,08_01
360,2023,sunflower,2.17,2.2525,2.8500910463904066,2.8730116222292037,all_crops,08_01
361,2021,sunflower,3.5955,2.4707999999999997,,,all_crops,08_01
361,2022,wheat_spring,4.357,3.0507999999999997,,,all_crops,08_01
361,2023,sunflower,2.302,1.9581,2.9445593063540825,3.1894038210567475,all_crops,08_01
361,2024,wheat_spring,4.7005,4.772399999999999,3.545504675339183,3.5337430415954865,all_crops,08_01
362,2021,sunflower,2.774871794871795,1.9684,,,all_crops,08_01
362,2022,wheat_spring,3.5694017094017094,3.6043,,,all_crops,08_01
362,2023,wheat_spring,3.3333333333333335,2.9075,3.21218070420259,3.4210243835912917,all_crops,08_01
362,2024,sunflower,3.491965811965812,2.9088000000000003,3.0732895417983452,3.1749538721643904,all_crops,08_01
362,2025,wheat_spring,3.5128205128205128,3.8224,3.4644116785753427,3.345601645877636,all_crops,08_01
363,2021,sunflower,2.518181818181818,2.4565,,,all_crops,08_01
363,2022,wheat_spring,4.46025974025974,4.2789,,,all_crops,08_01
363,2023,sunflower,2.303896103896104,2.0094000000000003,2.85295055589015,2.7374997071984524,all_crops,08_01
363,2024,wheat_spring,3.9771428571428578,3.8614,3.4841004758471597,3.5089300930398384,all_crops,08_01
363,2025,sunflower,3.0779220779220777,2.8125,2.9978367400548955,2.9600099369112605,all_crops,08_01
364,2021,sunflower,2.8564166666666666,2.6539,,,all_crops,08_01
364,2022,wheat_spring,4.104166666666667,4.2291,,,all_crops,08_01
364,2023,barley_spring,3.08,2.2771,2.9847925198162484,2.7821803262411064,all_crops,08_01
364,2024,sunflower,3.2274999999999996,2.9938,3.0076769927326494,3.1158255720670582,all_crops,08_01
364,2025,wheat_spring,5.088333333333334,4.0954999999999995,3.78134156541664,3.714360100798882,all_crops,08_01
365,2021,sunflower,3.129,2.5559000000000003,,,all_crops,08_01
365,2022,wheat_spring,3.8606666666666665,3.8585,,,all_crops,08_01
365,2023,soya,1.223103448275862,1.5278,3.0901731536590997,3.2506003646094292,all_crops,08_01
365,2024,sunflower,3.216666666666667,3.3185,2.9458639172872694,3.1171836976664578,all_crops,08_01
365,2025,wheat_spring,4.023333333333333,4.0491,3.4802617622164536,3.723618904809091,all_crops,08_01
367,2022,wheat_spring,2.5854545454545454,,,,all_crops,08_01
367,2023,sunflower,2.6066666666666665,1.9677,2.7638202202059405,2.5346155799666934,all_crops,08_01
367,2024,wheat_spring,3.952121212121212,4.2402,3.463804444776696,3.628816426246033,all_crops,08_01
367,2025,barley_spring,5.483529411764706,3.8277,3.439936207953827,3.5856849654355565,all_crops,08_01
368,2022,sunflower,2.872727272727273,2.8395,,,all_crops,08_01
368,2023,wheat_spring,2.5308108108108107,2.2769,2.9286434757554503,2.7903349761130487,all_crops,08_01
368,2024,barley_spring,3.976042780748663,4.225,3.0840220412316564,3.054129599483746,all_crops,08_01
368,2025,sunflower,2.9998913043478264,2.8423,2.878984071899807,2.7045558065530293,all_crops,08_01
369,2022,sunflower,2.6805594405594406,2.8117,,,all_crops,08_01
369,2023,wheat_spring,2.2557597173144877,2.0492,2.9210413939510085,2.6014659288510513,all_crops,08_01
369,2024,pea,3.8210877192982458,3.2841,3.40387545785981,3.0994898966185844,all_crops,08_01
369,2025,sunflower,3.581451612903226,2.9097,2.9555591906650074,2.957826735178009,all_crops,08_01
370,2021,wheat_winter,1.752,4.9567,,,all_crops,08_01
370,2022,sunflower,3.428,3.1104,,,all_crops,08_01
370,2023,wheat_spring,1.709230769230769,3.2769,3.1237882421669707,3.03020757852177,all_crops,08_01
370,2024,pea,4.274615384615385,3.0152,3.250008812153623,3.0791350243741498,all_crops,08_01
371,2022,wheat_spring,3.946153846153846,,,,all_crops,08_01
371,2023,sunflower,3.2169230769230768,2.1507,2.847596347831054,2.8957054966824964,all_crops,08_01
371,2024,wheat_spring,5.176923076923076,5.1922,3.3390206404824943,3.639154984091798,all_crops,08_01
371,2025,barley_spring,5.615384615384615,3.8732,3.6252920080486097,3.870890322262564,all_crops,08_01
372,2021,wheat_winter,1.01,3.3835,,,all_crops,08_01
372,2022,wheat_spring,3.702222222222222,3.174,,,all_crops,08_01
372,2023,barley_spring,1.6726,1.384,3.0701871844003,3.1423248816071925,all_crops,08_01
372,2024,sunflower,2.254423076923077,1.9937,2.8122652657471208,2.9555197869067316,all_crops,08_01
372,2025,barley_spring,4.016923076923077,3.2129,3.202017678890402,3.01610520983261,all_crops,08_01
373,2021,wheat_winter,3.087433628318584,3.1026,,,all_crops,08_01
373,2022,wheat_spring,2.2598326359832637,,,,all_crops,08_01
373,2023,sunflower,2.3375330396475773,1.7831,2.8294141093103944,3.0198587234646777,all_crops,08_01
373,2024,wheat_spring,3.9784140969163,4.2029000000000005,3.577012511258339,3.5638637284745265,all_crops,08_01
373,2025,sunflower,3.1368888888888886,2.7828,2.9240238275679475,2.784869011907067,all_crops,08_01
374,2021,wheat_winter,4.776071428571428,4.3751,,,all_crops,08_01
374,2022,wheat_spring,3.8834615384615385,,,,all_crops,08_01
374,2023,sunflower,2.316923076923077,2.3131,2.9585376773852423,2.9476910274460884,all_crops,08_01
374,2024,wheat_spring,4.47921568627451,4.712899999999999,3.467535668137386,3.6539159868863873,all_crops,08_01
374,2025,barley_spring,5.3494117647058825,4.2316,3.671330031908228,3.9520317459297254,all_crops,08_01
375,2021,wheat_winter,2.206153846153846,4.9595,,,all_crops,08_01
375,2022,wheat_spring,4.341538461538462,,,,all_crops,08_01
375,2023,sunflower,4.08,2.1837,3.04374114609759,2.9657289819531165,all_crops,08_01
375,2024,wheat_spring,4.658461538461538,5.2186,3.4547014228393604,3.6274934318991443,all_crops,08_01
375,2025,barley_spring,5.226153846153846,4.9741,3.6867633381045213,3.720285758575634,all_crops,08_01
377,2022,wheat_spring,2.7578260869565216,,,,all_crops,08_01
377,2023,sunflower,2.367391304347826,2.1016,2.7121639812436165,2.6712947014449933,all_crops,08_01
377,2024,wheat_spring,3.7969565217391303,4.7992,3.5613900258814835,3.519349441936317,all_crops,08_01
377,2025,sunflower,3.0659574468085107,2.3596,2.910364112014936,2.726213907472382,all_crops,08_01
378,2021,wheat_spring,3.5507692307692307,3.9279,,,all_crops,08_01
378,2022,wheat_spring,4.207179487179488,3.9573,,,all_crops,08_01
378,2023,barley_spring,2.0811111111111114,2.1671,3.1041516675897336,2.943783038965733,all_crops,08_01
378,2024,sunflower,2.6641025641025644,2.5828,3.051596585204961,3.137196141058112,all_crops,08_01
378,2025,barley_spring,5.536410256410256,4.6338,3.6059790933681475,3.756286189891953,all_crops,08_01
379,2021,wheat_winter,2.15444976076555,2.909,,,all_crops,08_01
379,2022,wheat_spring,2.098357487922706,,,,all_crops,08_01
379,2023,sunflower,2.722512077294686,1.9114,2.774920498844362,2.827776004457126,all_crops,08_01
379,2024,wheat_spring,3.8770334928229664,4.6216,3.478371179362091,3.496469747244328,all_crops,08_01
379,2025,barley_spring,4.470873786407767,4.2804,3.5846277372258575,3.8465995525575982,all_crops,08_01
380,2021,wheat_winter,1.9683333333333335,4.6364,,,all_crops,08_01
381,2021,wheat_spring,2.6253333333333333,3.7196,,,all_crops,08_01
381,2022,barley_spring,3.201333333333334,3.2834000000000003,,,all_crops,08_01
381,2023,wheat_winter,2.849,2.6869,2.6950425797432302,2.4770839651776253,all_crops,08_01
381,2024,oil_seed_raps_spring,1.967,2.2038,3.1130466706918702,3.0752102894349456,all_crops,08_01
381,2025,wheat_spring,4.402295081967213,4.1482,3.5022467618407798,3.6259354058075726,all_crops,08_01
382,2021,wheat_spring,3.1325984251968504,4.1348,,,all_crops,08_01
382,2022,barley_spring,3.9132283464566937,3.3398000000000003,,,all_crops,08_01
382,2023,wheat_winter,1.8373228346456696,2.1383,2.8212290776875815,2.919826878160467,all_crops,08_01
382,2024,sunflower,3.635968992248062,2.7356000000000003,3.103033244672965,3.210332134154952,all_crops,08_01
382,2025,wheat_spring,5.214573643410852,3.9273,3.8488454704356005,3.8542061303342385,all_crops,08_01
383,2021,wheat_spring,3.175263157894737,4.9887999999999995,,,all_crops,08_01
384,2021,wheat_spring,2.359225806451613,3.6748,,,all_crops,08_01
384,2022,sunflower,3.801032258064516,2.8175,,,all_crops,08_01
384,2023,wheat_winter,1.383483870967742,2.7348,2.8362491614985688,2.994007327604154,all_crops,08_01
384,2024,sunflower,3.3430573248407645,2.8095,3.04456000845816,3.187057922295166,all_crops,08_01
386,2021,wheat_spring,3.405688073394496,2.8921,,,all_crops,08_01
386,2022,sunflower,2.417614678899082,2.3852,,,all_crops,08_01
386,2023,wheat_spring,2.941467889908257,2.1269,2.957584576312682,2.8030619570591195,all_crops,08_01
386,2025,sunflower,2.9811009174311924,2.6514,3.047707961221065,2.8140261135484184,all_crops,08_01
387,2021,wheat_spring,2.964625,3.2502000000000004,,,all_crops,08_01
387,2022,rye_winter,2.201020408163265,1.6797999999999995,,,all_crops,08_01
387,2023,sunflower,3.2834693877551016,2.2699000000000003,2.8039650789424404,2.854310626956233,all_crops,08_01
387,2024,wheat_spring,4.1988,3.8962,3.4122762769641475,3.5464951773873072,all_crops,08_01
387,2025,barley_spring,4.1764,3.6476,3.328452945031376,3.4161595939017793,all_crops,08_01
388,2023,wheat_winter,2.2079999999999997,2.1992000000000003,2.7067598367611985,2.4473068249816436,all_crops,08_01
388,2024,sunflower,2.803,2.5648,2.858404115496297,3.0969656469305367,all_crops,08_01
388,2025,wheat_spring,5.218999999999999,4.6627,3.5915055328508485,3.509428279390665,all_crops,08_01
389,2022,sunflower,3.742857142857143,2.8304,,,all_crops,08_01
389,2023,wheat_spring,3.525714285714286,2.3325,3.204304011910464,3.0942312678088824,all_crops,08_01
389,2024,wheat_spring,4.4775,5.1259999999999994,3.277396632600059,3.3682367074262873,all_crops,08_01
390,2021,wheat_spring,3.203928571428571,4.2722999999999995,,,all_crops,08_01
390,2023,wheat_winter,2.6717857142857144,3.7493,2.743287098015723,2.51938436713721,all_crops,08_01
390,2024,sunflower,4.0285714285714285,2.9457,2.8132379381829034,3.0972140426254464,all_crops,08_01
390,2025,wheat_spring,4.868214285714286,4.050800000000001,3.7731069302907176,4.046458653059602,all_crops,08_01
391,2021,wheat_spring,2.1729032258064516,3.7758,,,all_crops,08_01
391,2022,sunflower,3.0354838709677416,2.6969000000000003,,,all_crops,08_01
391,2023,wheat_spring,2.02,2.2395,2.9186721223069427,2.5721361320492324,all_crops,08_01
391,2024,wheat_spring,4.624375,4.7796,3.4410371653652887,3.646642766057024,all_crops,08_01
391,2025,sunflower,4.1,2.6673,2.9270184124706264,2.750181583380495,all_crops,08_01
392,2021,wheat_spring,4.514594594594595,4.9662999999999995,,,all_crops,08_01
392,2022,sunflower,2.7394594594594595,2.5265,,,all_crops,08_01
392,2023,wheat_spring,1.2345945945945946,1.537,2.959769975012007,2.6695617606752062,all_crops,08_01
392,2024,wheat_spring,4.623783783783784,3.9332,3.5376076223662136,3.7036775698939888,all_crops,08_01
392,2025,sunflower,3.5,2.7501,3.1804538410992462,3.1680827704352805,all_crops,08_01
393,2021,wheat_spring,2.9732142857142856,4.1048,,,all_crops,08_01
393,2022,sunflower,2.641276595744681,2.5918,,,all_crops,08_01
393,2023,wheat_spring,2.8076595744680852,2.7051,2.970241062034527,2.6946726141060413,all_crops,08_01
393,2024,sunflower,3.0976223776223777,2.4722999999999997,2.8724728915969933,3.113328101700031,all_crops,08_01
393,2025,wheat_spring,4.924335664335664,4.5764000000000005,3.8695168291818574,3.751587216628027,all_crops,08_01
394,2021,wheat_spring,3.00875,3.738,,,all_crops,08_01
395,2021,wheat_spring,2.7353125,3.3612,,,all_crops,08_01
395,2022,sunflower,2.9053125,2.4821999999999997,,,all_crops,08_01
395,2023,sunflower,2.4253125,1.5062,2.957465944305635,3.207443428693848,all_crops,08_01
395,2024,wheat_spring,3.98,3.891,3.6225506022005955,3.6846012081445068,all_crops,08_01
395,2025,wheat_spring,4.1759375,3.2209000000000003,3.601197103868115,3.6601437085731687,all_crops,08_01
396,2021,wheat_spring,4.163125,4.046200000000001,,,all_crops,08_01
396,2022,sunflower,1.316875,2.4659,,,all_crops,08_01
396,2023,wheat_spring,1.9825,2.1806,2.987363799974916,2.7298556273626877,all_crops,08_01
396,2024,wheat_spring,4.926060606060606,4.2387999999999995,3.395464456092298,3.6268391549916066,all_crops,08_01
396,2025,sunflower,3.272727272727273,2.7958,3.110546869872771,3.1425562472944932,all_crops,08_01
397,2021,wheat_spring,2.062452830188679,3.6315,,,all_crops,08_01
397,2022,sunflower,2.837948717948718,2.4299,,,all_crops,08_01
397,2023,wheat_spring,2.456410256410256,1.8886,3.0505449181609374,3.1858074212174117,all_crops,08_01
397,2024,barley_spring,4.936896551724137,4.2402999999999995,3.439255745244476,3.240833472165168,all_crops,08_01
398,2021,wheat_spring,4.766666666666667,3.8216,,,all_crops,08_01
400,2021,wheat_spring,3.56,3.6064,,,all_crops,08_01
401,2021,wheat_spring,4.2733333333333325,3.8271,,,all_crops,08_01
402,2023,wheat_winter,1.62,2.1574,2.7135849048810243,2.475325115121832,all_crops,08_01
402,2024,sunflower,3.6572972972972977,2.6796,2.8724086118733574,3.112591114005788,all_crops,08_01
402,2025,wheat_spring,5.235135135135135,4.5347,3.8535589906543217,3.964518065225847,all_crops,08_01
403,2021,wheat_spring,3.3825581395348836,3.3447000000000005,,,all_crops,08_01
403,2022,pea,3.9586046511627906,2.5665,,,all_crops,08_01
403,2023,wheat_winter,2.048604651162791,2.3064,2.8935446839983476,2.9228491232759852,all_crops,08_01
403,2024,sunflower,3.8331764705882354,3.2292,3.1927351100505614,3.290429314423798,all_crops,08_01
403,2025,wheat_spring,5.734117647058823,3.6671,3.598464279283934,3.623858141512689,all_crops,08_01
405,2021,wheat_spring,3.4904093567251464,3.7448,,,all_crops,08_01
405,2022,wheat_spring,2.3405847953216377,,,,all_crops,08_01
405,2023,wheat_winter,2.1315789473684212,3.2663,2.7840743236746186,2.937100537055705,all_crops,08_01
405,2024,soya,2.2403508771929825,2.4093,4.190333351961939,3.393168643494363,all_crops,08_01
405,2025,soya,1.9138596491228068,2.1052,2.9644907356444126,2.5874423990377937,all_crops,08_01
406,2021,wheat_spring,2.9400000000000004,5.224600000000001,,,all_crops,08_01
406,2022,rye_winter,1.982727272727273,2.1578,,,all_crops,08_01
406,2023,sunflower,2.6836363636363636,2.2104,2.7715547589745175,2.81962699658859,all_crops,08_01
406,2024,wheat_spring,3.263478260869565,3.4316000000000004,3.320274902616488,3.3453379157459135,all_crops,08_01
406,2025,barley_spring,3.891304347826087,3.5192,3.3233686323931986,3.4634610672793738,all_crops,08_01
407,2023,wheat_winter,2.304444444444444,3.0169,2.989423987885352,2.9620272433514554,all_crops,08_01
407,2024,sunflower,2.7555555555555555,2.2471,3.091233734126022,3.3008520685906424,all_crops,08_01
408,2021,wheat_spring,3.4680701754385965,3.5718000000000005,,,all_crops,08_01
408,2022,sunflower,2.6842105263157894,2.9284,,,all_crops,08_01
408,2023,wheat_spring,1.656140350877193,1.8178,3.027445015049187,3.0714943483570067,all_crops,08_01
408,2024,wheat_spring,4.508070175438596,3.6811,3.506390762545561,3.6562764976722804,all_crops,08_01
408,2025,sunflower,3.5336842105263155,3.2052,3.0064547918967643,2.9189676998842073,all_crops,08_01
409,2021,wheat_spring,2.427906976744186,3.0312,,,all_crops,08_01
409,2022,sunflower,2.6706976744186046,2.3863,,,all_crops,08_01
409,2023,wheat_spring,2.5293023255813956,1.7477,3.0793515980225905,3.1627213453717515,all_crops,08_01
409,2024,wheat_spring,4.935348837209302,3.9835,3.41737305129002,3.4487722267806307,all_crops,08_01
409,2025,sunflower,2.956279069767442,2.5861,2.9305351700166304,2.7358030303308754,all_crops,08_01
410,2021,wheat_spring,3.5784,3.1887,,,all_crops,08_01
410,2022,sunflower,2.7344,2.959,,,all_crops,08_01
410,2023,wheat_spring,2.0831999999999997,1.5551,3.0464217581182576,2.7570427404980293,all_crops,08_01
410,2024,wheat_spring,5.5360000000000005,4.1385,3.3402791843559223,3.5923770663677366,all_crops,08_01
410,2025,sunflower,3.5672,2.1864,2.8088897329205857,2.414323379641779,all_crops,08_01
411,2021,wheat_spring,3.3794202898550725,3.2505,,,all_crops,08_01
411,2022,sunflower,2.331159420289855,2.1565000000000003,,,all_crops,08_01
411,2023,wheat_spring,2.796521739130435,2.3124,2.954463839705605,2.734380585705221,all_crops,08_01
411,2024,wheat_spring,2.626714285714286,4.7645,3.300341417594001,3.24018142581028,all_crops,08_01
411,2025,sunflower,2.8207142857142857,2.4058,2.9679179856295086,2.6777237239382496,all_crops,08_01
412,2021,wheat_spring,3.440727272727273,3.7956,,,all_crops,08_01
412,2023,wheat_winter,3.3007272727272725,3.0162,2.8170404639197586,2.678610359163311,all_crops,08_01
412,2024,sunflower,4.356727272727273,3.0419,2.9935647131004135,3.1775783101754507,all_crops,08_01
412,2025,wheat_spring,4.6632727272727275,3.5524,3.45660138660467,3.560320651454755,all_crops,08_01
414,2021,wheat_spring,3.512465753424658,3.2077,,,all_crops,08_01
414,2022,sunflower,3.1254794520547944,2.4739,,,all_crops,08_01
414,2023,wheat_spring,2.6454794520547944,2.0915,2.889774265093689,2.640552561792731,all_crops,08_01
414,2024,barley_spring,5.663586206896552,4.6272,3.633071440680292,3.485261354902014,all_crops,08_01
415,2021,wheat_spring,2.8478125,2.8702,,,all_crops,08_01
415,2022,wheat_spring,2.0121875,,,,all_crops,08_01
415,2023,sunflower,3.02875,2.3536,2.694080060277329,2.7365672394536293,all_crops,08_01
415,2024,wheat_spring,4.59875,3.3152999999999997,3.577792156751006,3.6392744926105403,all_crops,08_01
415,2025,barley_spring,4.1290625,2.916,3.316469207045967,3.3681853311543204,all_crops,08_01
416,2021,wheat_spring,3.7137254901960786,3.7376,,,all_crops,08_01
416,2022,sunflower,2.4264788732394367,2.544,,,all_crops,08_01
416,2023,wheat_spring,2.5889605734767027,2.4692,3.064290760536993,3.16234879296467,all_crops,08_01
416,2024,sunflower,3.101259259259259,2.9806,2.891655178872756,3.038789295546622,all_crops,08_01
416,2025,wheat_spring,5.082081784386617,4.3149,3.882321141394508,3.839800941495122,all_crops,08_01
418,2021,wheat_spring,2.963111111111111,3.5182,,,all_crops,08_01
418,2022,sunflower,2.713777777777778,2.7838000000000003,,,all_crops,08_01
418,2023,wheat_spring,3.197777777777778,2.2502,3.063767028583344,2.987718092126926,all_crops,08_01
418,2024,barley_spring,4.445777777777778,3.8845,3.3158203614008057,3.257833827427363,all_crops,08_01
419,2021,wheat_spring,2.869818181818182,4.101,,,all_crops,08_01
419,2022,barley_spring,4.033818181818182,4.4076,,,all_crops,08_01
419,2023,wheat_winter,2.256727272727273,2.1704,2.8106806163555196,2.4540737287623884,all_crops,08_01
419,2024,sunflower,3.5854545454545454,2.6513,3.1132449665251682,3.3421210019942733,all_crops,08_01
419,2025,wheat_spring,4.669090909090909,3.8364,3.626039538537796,3.6651523903515595,all_crops,08_01
420,2021,wheat_spring,2.3181818181818183,4.5226999999999995,,,all_crops,08_01
421,2021,wheat_winter,2.9441818181818182,2.8287,,,all_crops,08_01
421,2023,wheat_spring,1.007259259259259,1.8791,3.0431501520079762,3.115985089465074,all_crops,08_01
421,2024,barley_spring,5.80725925925926,5.8268,3.575451026851728,3.4850699369229243,all_crops,08_01
421,2025,sunflower,3.202592592592593,3.0079,3.139444753839708,3.054157575843605,all_crops,08_01
422,2021,sunflower,2.0193846153846153,2.2148,,,all_crops,08_01
422,2022,wheat_spring,3.4,3.1681,,,all_crops,08_01
422,2023,barley_spring,2.3816438356164387,2.4323,2.949471766347678,2.6765905404439545,all_crops,08_01
422,2024,wheat_winter,5.087671232876712,4.600099999999999,3.3981886686533826,3.3725298195115117,all_crops,08_01
422,2025,sunflower,3.063150684931507,2.7714,2.9774303256882155,2.8564565750056317,all_crops,08_01
423,2021,sunflower,3.1824719101123597,3.1946000000000003,,,all_crops,08_01
423,2022,wheat_spring,3.2240449438202248,3.4781,,,all_crops,08_01
423,2023,barley_spring,2.8031460674157302,2.2167000000000003,3.0500593003257848,2.863148985132059,all_crops,08_01
423,2024,wheat_spring,3.914067415730337,3.9766,3.5646957250610556,3.457111377159744,all_crops,08_01
423,2025,sunflower,3.147415730337079,2.5221,3.0218564229057505,2.8830536407635408,all_crops,08_01
424,2021,wheat_spring,2.652475247524752,2.7789,,,all_crops,08_01
424,2022,pea,4.119009900990099,3.1704999999999997,,,all_crops,08_01
424,2023,wheat_winter,2.082970297029703,2.8190999999999997,2.8285705275770847,2.9603882332643168,all_crops,08_01
424,2024,sunflower,4.063564356435644,3.2786999999999997,3.084778562470602,3.278484027131242,all_crops,08_01
424,2025,wheat_spring,4.860784313725491,3.7495,3.7123680658604985,3.6785402892789842,all_crops,08_01
425,2021,wheat_spring,2.7649462365591395,3.1229,,,all_crops,08_01
425,2022,sunflower,2.363010752688172,2.5024,,,all_crops,08_01
425,2023,wheat_spring,2.559784946236559,2.1184000000000003,2.889613954720859,2.622311311156033,all_crops,08_01
425,2024,barley_spring,3.920430107526882,4.3034,3.2440621609290785,3.1492015694809288,all_crops,08_01
425,2025,sunflower,3.2565591397849465,2.325,3.194991579319138,2.905368568243952,all_crops,08_01
426,2022,sunflower,2.529830508474576,2.5908,,,all_crops,08_01
426,2023,wheat_spring,2.0303389830508474,1.7704,2.912259679890106,2.592442166626228,all_crops,08_01
426,2024,barley_spring,4.6440677966101696,4.0831,3.3327527108768917,3.1718115686216346,all_crops,08_01
426,2025,sunflower,2.6094915254237288,2.4941,2.9446232414647544,2.7158631396492723,all_crops,08_01
427,2021,sunflower,2.4951612903225806,1.6948,,,all_crops,08_01
427,2022,wheat_spring,4.195806451612903,4.1248,,,all_crops,08_01
427,2023,sunflower,2.577611940298507,2.3339,2.8416945824189708,2.8516266749647534,all_crops,08_01
427,2024,wheat_spring,3.6002985074626865,4.0207999999999995,3.6051767411988,3.6941174982199545,all_crops,08_01
427,2025,oil_seed_raps_spring,2.448928571428571,2.0819,2.5267957936539953,2.467655813281943,all_crops,08_01
428,2021,sunflower,1.572303664921466,1.9606,,,all_crops,08_01
428,2022,wheat_spring,3.5535393258426966,3.4149000000000003,,,all_crops,08_01
428,2023,sunflower,2.4957865168539324,1.6854,2.8567824023353325,3.136679772679507,all_crops,08_01
428,2024,wheat_spring,4.379558011049724,4.2742,3.4633935562023397,3.6619204991639767,all_crops,08_01
428,2025,soya,1.48990099009901,2.1202,3.122117034714291,2.5971076884339004,all_crops,08_01
429,2021,barley_spring,1.5118181818181815,2.388,,,all_crops,08_01
429,2022,sunflower,3.0915909090909093,3.2958,,,all_crops,08_01
429,2023,wheat_spring,3.113636363636364,2.4568000000000003,3.0532215640650664,2.936155612837931,all_crops,08_01
429,2024,sunflower,2.159090909090909,2.7255,3.0680381331837454,3.363070527511899,all_crops,08_01
429,2025,barley_spring,4.738863636363636,4.2357,3.886340723309464,3.765850353201298,all_crops,08_01
431,2021,wheat_winter,2.472,3.5862000000000003,,,all_crops,08_01
431,2023,sunflower,2.6,2.1413,2.9334491263714013,2.7341374653693924,all_crops,08_01
432,2021,wheat_spring,2.851818181818182,4.5404,,,all_crops,08_01
432,2024,wheat_spring,3.878636363636363,4.4426000000000005,3.395410144007128,3.512317063836676,all_crops,08_01
432,2025,sunflower,2.9768181818181816,2.9226,3.300135149250329,3.2094646771082846,all_crops,08_01
433,2021,wheat_winter,3.65,2.9331,,,all_crops,08_01
434,2021,wheat_spring,2.7960000000000003,3.7344,,,all_crops,08_01
435,2021,wheat_spring,3.1944444444444446,3.4376,,,all_crops,08_01
435,2022,wheat_spring,4.0846,3.8464,,,all_crops,08_01
435,2023,sunflower,1.916,2.359,3.062659631263501,3.2631852563351975,all_crops,08_01
435,2024,wheat_spring,3.000848484848485,4.132,3.640326729100412,3.5020253624434514,all_crops,08_01
435,2025,oil_seed_raps_spring,2.611204819277108,1.9784,2.502143881870751,2.2873717069480355,all_crops,08_01
436,2021,wheat_spring,3.0220689655172412,4.1293999999999995,,,all_crops,08_01
437,2021,barley_spring,1.5114285714285711,3.1717,,,all_crops,08_01
438,2021,sunflower,4.436875,2.3124,,,all_crops,08_01
438,2022,wheat_spring,4.486875,3.4704,,,all_crops,08_01
439,2021,sunflower,2.128888888888889,3.1568,,,all_crops,08_01
440,2021,sunflower,2.965813953488372,2.795,,,all_crops,08_01
440,2022,wheat_spring,3.4393548387096775,2.7463,,,all_crops,08_01
440,2023,sunflower,2.905483870967742,1.8586,3.0364005957309272,3.3779591616672473,all_crops,08_01
440,2024,wheat_spring,3.290574193548387,3.6496,3.376313671832977,3.384248497458162,all_crops,08_01
440,2025,barley_spring,3.619354838709677,4.831300000000001,3.8573726562208126,3.679593917146362,all_crops,08_01
441,2021,wheat_spring,4.001818181818182,3.2069,,,all_crops,08_01
441,2025,wheat_spring,3.986666666666667,3.5075000000000003,3.4047485322178948,3.3410447755049173,all_crops,08_01
443,2021,sunflower,2.47,3.2367,,,all_crops,08_01
444,2021,wheat_spring,3.512631578947368,2.9255,,,all_crops,08_01
444,2022,barley_spring,3.331578947368421,3.434,,,all_crops,08_01
444,2023,sunflower,2.8421052631578947,1.8726,2.973545585846714,2.9416963582501103,all_crops,08_01
444,2024,barley_spring,5.806666666666667,4.7311,3.2542867426108963,3.050895934505353,all_crops,08_01
445,2021,wheat_spring,1.8866666666666667,3.6007,,,all_crops,08_01
446,2021,wheat_spring,2.02,2.3268999999999997,,,all_crops,08_01
447,2021,wheat_spring,2.646666666666667,2.8696,,,all_crops,08_01
457,2023,sunflower,1.4166666666666667,2.0538,2.9654832137831146,2.8968499946306956,all_crops,08_01
457,2024,wheat_spring,2.8333333333333335,4.4924,3.638292088548483,3.6992177632470136,all_crops,08_01
457,2025,wheat_spring,3.44,4.052300000000001,3.6757838824075746,3.724039196051273,all_crops,08_01
469,2022,barley_spring,3.0136842105263155,3.5326,,,all_crops,08_01
505,2022,wheat_spring,3.466521739130435,2.8742,,,all_crops,08_01
506,2022,wheat_spring,2.916875,2.8356000000000003,,,all_crops,08_01
510,2022,wheat_spring,4.543333333333334,4.2016,,,all_crops,08_01
510,2023,barley_spring,2.3091666666666666,2.2861,3.110964367788774,2.8607568594685175,all_crops,08_01
512,2022,wheat_spring,1.7232222222222222,4.063000000000001,,,all_crops,08_01
512,2023,barley_spring,3.52,2.872,3.2329259183786476,3.2544826613550786,all_crops,08_01
512,2024,wheat_spring,3.609692307692308,3.6466,3.655659018758982,3.546631572143717,all_crops,08_01
512,2025,wheat_spring,3.7007692307692306,3.6757,3.226807911908339,3.2047233587784376,all_crops,08_01
513,2023,wheat_spring,1.501304347826087,1.3852,3.130163967266515,3.2517433117914676,all_crops,08_01
513,2024,pea,1.87,3.0174,2.9912247184777674,2.956019122644288,all_crops,08_01
514,2023,wheat_winter,2.0454545454545454,2.0959,3.0155641292837227,3.010039578392523,all_crops,08_01
514,2024,sunflower,3.17,2.5947,2.9632517997096457,3.175521123643433,all_crops,08_01
588,2023,barley_spring,1.6065384615384617,2.2676,3.1254393254487476,2.9368173250837066,all_crops,08_01
604,2023,wheat_spring,2.1067846153846155,2.5055,3.1020426446712848,2.8066695219258415,all_crops,08_01
628,2024,barley_spring,3.647586206896551,2.4174,3.2478366839693407,3.3568106231354533,all_crops,08_01
628,2025,wheat_spring,1.835298245614035,2.6254,2.92153494724462,2.6329727267421275,all_crops,08_01
630,2023,wheat_spring,1.2423529411764709,1.8777,3.1373613628433294,3.1641498267427317,all_crops,08_01
630,2024,barley_spring,2.7423529411764704,2.8051,3.4000238002326055,3.317997362303954,all_crops,08_01
630,2025,wheat_spring,1.588235294117647,2.6426,3.017987945529146,2.7808137425115134,all_crops,08_01
632,2023,sunflower,1.823095238095238,1.7312999999999998,3.0408725810065813,3.0928618803550205,all_crops,08_01
632,2025,wheat_spring,1.8557142857142856,2.6647,2.940804338796058,2.4480134514015064,all_crops,08_01
633,2023,barley_spring,1.6493749999999998,2.1074,3.206222271077658,3.1253844522982814,all_crops,08_01
633,2024,pea,2.7215499999999997,3.9912,2.933985127681771,3.0928407635533453,all_crops,08_01
634,2023,barley_spring,1.194047619047619,2.4386,3.335557536084267,3.389624889677934,all_crops,08_01
634,2024,wheat_spring,3.798571428571429,3.6207,3.3030554817371387,3.5044271077478593,all_crops,08_01
634,2025,wheat_spring,3.736,2.1765999999999996,2.7378552077634684,2.318830809476838,all_crops,08_01
635,2023,wheat_spring,2.004705882352941,2.9415,3.210735871273841,3.266861653767996,all_crops,08_01
635,2024,buckwheat,2.409803921568628,,2.6346284329744103,2.5592111511205613,all_crops,08_01
635,2025,wheat_spring,3.4548,2.3033,2.8190173715123663,2.5262056448189267,all_crops,08_01
636,2023,wheat_spring,2.0064912280701757,1.7056,3.1249496928619207,3.1508131485860855,all_crops,08_01
636,2024,sunflower,4.390175438596492,2.3608,2.7207367140112715,2.7054999161716062,all_crops,08_01
636,2025,wheat_spring,2.5898245614035087,2.3332,2.497568299308398,2.148468428102328,all_crops,08_01
640,2023,barley_spring,1.0916666666666668,1.6549,3.192228752657148,3.1115892715579205,all_crops,08_01
640,2024,pea,2.7085714285714286,3.7388,3.3238397228638403,3.2412734118926525,all_crops,08_01
643,2023,wheat_spring,1.622241379310345,2.2016,3.0957104368490707,3.087485795193648,all_crops,08_01
643,2024,lentil,1.3826573426573427,1.6377,2.805527656554833,2.9283866927394326,all_crops,08_01
644,2023,wheat_spring,1.736,2.4819,3.1386713561680066,3.1351051280769395,all_crops,08_01
644,2024,wheat_spring,2.470666666666667,3.0547999999999997,3.486716660116925,3.748685901705082,all_crops,08_01
650,2023,wheat_spring,2.649016393442623,2.1055,3.186639368337973,3.1343007885974954,all_crops,08_01
650,2024,wheat_spring,3.417966101694915,3.4661,2.8587289677616803,3.0510990759741006,all_crops,08_01
653,2023,barley_spring,1.125925925925926,1.5218,3.187791344559605,3.1035872760833074,all_crops,08_01
653,2024,pea,2.499111111111111,3.0595,3.22030937454031,3.377255279177859,all_crops,08_01
654,2023,wheat_spring,2.6425,2.2979,3.0831686531001044,2.9889558560327254,all_crops,08_01
655,2023,lentil,1.28,1.1785,3.099541731464866,3.0535479649280166,all_crops,08_01
655,2024,wheat_spring,2.415263157894737,3.157,3.0458223419601844,3.2810937676087573,all_crops,08_01
659,2024,wheat_spring,2.440571428571429,3.5345,3.439376732163938,3.5696194119773605,all_crops,08_01
660,2023,wheat_spring,1.762,2.4032,3.184962718500246,3.217838061211184,all_crops,08_01
661,2023,lentil,1.274561403508772,1.1278,3.154867699328502,3.229425175006779,all_crops,08_01
661,2024,wheat_spring,3.669122807017544,2.7378,3.0443214757265533,3.2674148855186753,all_crops,08_01
662,2023,wheat_spring,1.7616666666666667,2.5514,3.1374120189251005,3.137147131030959,all_crops,08_01
663,2023,wheat_spring,2.649107142857143,1.6361,3.0715988758177613,3.0384188786850377,all_crops,08_01
663,2024,wheat_spring,3.4639285714285712,2.866,3.0209191109938556,3.016840192477724,all_crops,08_01
663,2025,sunflower,1.3196825396825398,2.5339,2.485625204685718,2.128097765192922,all_crops,08_01
665,2023,wheat_spring,1.625,2.225,3.1000115089732443,3.035737701963565,all_crops,08_01
666,2023,wheat_spring,1.6253191489361702,2.5518,3.089081639474834,3.0752496578273214,all_crops,08_01
667,2023,lentil,1.2873529411764706,1.3696,3.1953185072668435,3.2435060993863907,all_crops,08_01
667,2025,oil_seed_raps_spring,1.8325991189427313,2.1496,2.4056914283826183,1.696187493214986,all_crops,08_01
668,2023,wheat_spring,1.5998675496688743,2.2498,3.1505392932915206,3.192931200363853,all_crops,08_01
668,2024,soya,1.3128169014084503,2.6117999999999997,3.7229718632363236,3.2458078240682924,all_crops,08_01
668,2025,wheat_spring,3.354501347708895,2.8228999999999997,2.9212372318901245,2.81345713657241,all_crops,08_01
669,2023,wheat_spring,1.5975471698113208,1.8299,3.0706020858434924,3.061800392619659,all_crops,08_01
669,2024,wheat_spring,3.322641509433962,3.3181,3.1141977312355227,3.496120420974349,all_crops,08_01
669,2025,sunflower,1.069056603773585,2.3642,2.6007727583309785,2.2748563521072294,all_crops,08_01
670,2025,medicago,1.0,,2.5254362289085597,2.2075335902983397,all_crops,08_01
671,2023,wheat_spring,1.7734375,2.41,3.15027950083239,3.114072928326163,all_crops,08_01
671,2025,sunflower,1.2733333333333332,2.3037,2.451398490422537,1.929034224948598,all_crops,08_01
672,2023,sunflower,1.8552173913043477,1.7597999999999998,2.944607372715971,2.9915267254019553,all_crops,08_01
672,2024,barley_spring,2.367652173913043,2.3065,2.7516116959418206,2.828942026940078,all_crops,08_01
672,2025,pea,1.7893167701863353,2.4859,2.731330187138178,2.635666123160563,all_crops,08_01
674,2023,lentil,1.2578205128205129,1.1411,3.1588605832573013,3.2413651335890514,all_crops,08_01
674,2024,wheat_spring,4.6898425196850395,2.8089,2.8641036094195074,3.1022045282983877,all_crops,08_01
674,2025,oil_seed_raps_spring,1.6521739130434785,1.8541,2.2185022886111048,1.680046875532257,all_crops,08_01
675,2023,wheat_spring,2.008974358974359,2.3213999999999997,3.1670561343964123,3.222895154639825,all_crops,08_01
675,2024,sunflower,4.904761904761905,1.9441,2.6358257105091973,2.6122969832730276,all_crops,08_01
675,2025,wheat_spring,2.8633540372670807,2.6151,2.486214759084118,2.0964554239617197,all_crops,08_01
677,2023,wheat_spring,2.2621428571428575,2.4953,3.19489020515599,3.1506404483958725,all_crops,08_01
677,2024,lentil,1.64,1.3361,3.0682788487328474,3.040756681468596,all_crops,08_01
678,2023,wheat_spring,2.0062686567164176,2.5131,3.1768556255326286,3.2270970274828503,all_crops,08_01
680,2023,wheat_spring,2.511463414634146,2.9116,3.1876699016772445,3.3272884097957056,all_crops,08_01
685,2023,wheat_spring,3.021012658227848,2.9106,3.180477166901324,3.230106297337379,all_crops,08_01
685,2024,wheat_spring,3.188607594936709,2.6077000000000004,3.1062129912785146,3.277019042387767,all_crops,08_01
685,2025,sunflower,1.2593197278911563,2.4401,2.5671527940712435,2.296449768356961,all_crops,08_01
689,2023,barley_spring,1.1930769230769231,3.02,3.2557722530177933,3.1843639592580057,all_crops,08_01
689,2024,wheat_spring,1.1392307692307693,3.5058,3.3553571508172846,3.293336272038593,all_crops,08_01
689,2025,wheat_spring,1.192,1.9847,2.515556572396856,1.8606648148865235,all_crops,08_01
690,2023,wheat_spring,3.1429411764705883,2.6678,3.134480216024575,3.143400675400405,all_crops,08_01
693,2023,wheat_spring,1.819387755102041,3.2476999999999996,3.2843868626226556,3.414814230925802,all_crops,08_01
693,2025,wheat_spring,4.149532710280374,2.519,2.9418578504168647,2.7028512135999705,all_crops,08_01
694,2023,wheat_spring,1.8193939393939391,2.9119,3.2124183303299447,3.239265935418384,all_crops,08_01
694,2024,wheat_spring,1.9284848484848485,2.9421,3.4518208881678025,3.560748698933485,all_crops,08_01
694,2025,wheat_spring,3.8374193548387097,2.5167,2.7372911693517956,2.18079860328739,all_crops,08_01
695,2023,wheat_spring,1.819,2.7694,3.206966053368343,3.259968195362366,all_crops,08_01
696,2023,wheat_spring,1.7727777777777778,2.2182,3.1435813124957823,3.082969589893725,all_crops,08_01
696,2024,wheat_spring,4.205263157894737,3.4825000000000004,3.202119648281881,3.3539733318536173,all_crops,08_01
698,2023,pea,1.06,1.7061,3.2417384618776928,3.238256746121604,all_crops,08_01
698,2024,wheat_spring,3.18863309352518,2.6348,3.7086345250402486,3.784835159280563,all_crops,08_01
698,2025,wheat_spring,3.1444444444444444,2.3052,2.9026668341296467,2.805255331557467,all_crops,08_01
699,2023,wheat_spring,3.144354838709677,2.7315,3.260542654581132,3.2752804354172316,all_crops,08_01
699,2024,wheat_spring,1.9542857142857144,2.9794,3.1190936703026044,3.2553849289218375,all_crops,08_01
700,2023,wheat_spring,1.771777777777778,2.0559000000000003,3.1688933136780104,3.132689054056429,all_crops,08_01
700,2024,wheat_spring,3.1551111111111108,3.2281,3.261550550132257,3.582950128593229,all_crops,08_01
701,2023,wheat_spring,2.263571428571429,2.6811,3.2161616907490727,3.2000642674985955,all_crops,08_01
706,2023,wheat_spring,2.0191666666666666,2.6155999999999997,3.3024454669722374,3.402990727740058,all_crops,08_01
710,2023,wheat_spring,2.016111111111111,3.0164999999999997,3.220964016183847,3.2373658209378284,all_crops,08_01
711,2023,wheat_spring,1.737764705882353,2.5837,3.2956546385291814,3.394604944721638,all_crops,08_01
711,2025,wheat_spring,2.0722222222222224,2.5225999999999997,2.791571972733701,2.5560542018275787,all_crops,08_01
712,2023,pea,2.155,2.1027,3.3398531347335347,3.3712792085394794,all_crops,08_01
712,2024,wheat_spring,2.481875,3.2098,3.2787818239513546,3.3509936336196366,all_crops,08_01
713,2023,wheat_spring,1.738235294117647,2.4566,3.226773065099106,3.323297506577991,all_crops,08_01
715,2023,sunflower,1.8202684563758391,1.8138,3.06596221470807,3.1679457680142,all_crops,08_01
715,2024,wheat_spring,3.2449664429530203,2.9846,3.487496979110801,3.7461952573526673,all_crops,08_01
715,2025,pea,2.3115254237288134,2.9642,2.5684358442163235,2.359774449422603,all_crops,08_01
716,2023,barley_spring,1.8917857142857144,2.3004,3.2273239823128335,3.2156872974094015,all_crops,08_01
716,2024,sunflower,2.867857142857143,2.1032,2.700176036932732,2.722732773105875,all_crops,08_01
717,2023,sunflower,2.425675675675676,2.0339,3.055989872986956,3.1751803256074567,all_crops,08_01
717,2024,wheat_spring,2.1251315789473684,3.05,3.4253768903101163,3.417674839462199,all_crops,08_01
717,2025,pea,2.4324,2.3274999999999997,2.5971062340316604,2.4630992817780664,all_crops,08_01
718,2023,wheat_spring,1.7971698113207548,2.1103,3.093032746042809,3.0836284916316306,all_crops,08_01
718,2024,sunflower,3.907924528301887,2.9635,2.6444302215068545,2.6851674769302027,all_crops,08_01
719,2023,sunflower,2.43,1.9323,3.0742361278322226,3.3063708642623992,all_crops,08_01
722,2023,sunflower,2.345357142857143,1.828,3.0353160057512385,3.155018483291732,all_crops,08_01
722,2024,wheat_spring,3.143571428571428,3.2308,3.3722538125286485,3.5981277970991945,all_crops,08_01
722,2025,wheat_spring,1.960740740740741,3.03,2.7186146751947224,2.3011360621067496,all_crops,08_01
725,2023,barley_spring,1.89,2.5317,3.2281542143799187,3.199103795639343,all_crops,08_01
725,2024,sunflower,4.84875,2.2944,3.1965753283276612,3.0173040917225897,all_crops,08_01
725,2025,wheat_spring,2.7949848942598186,2.6914,2.634037758399501,2.203777140113608,all_crops,08_01
727,2023,lentil,1.3795238095238094,1.1507999999999998,3.167077884876518,3.1398154401159313,all_crops,08_01
727,2024,wheat_spring,2.8123809523809524,3.4015999999999997,3.885552628258684,3.410102005585031,all_crops,08_01
728,2023,wheat_spring,2.0159649122807015,2.0694,3.085383006814612,3.059440909741058,all_crops,08_01
728,2024,lentil,1.4098245614035088,1.4106999999999998,2.572405047260844,2.733619242852519,all_crops,08_01
729,2023,wheat_spring,1.8895744680851063,1.7196000000000002,3.168257095191226,3.147213360887214,all_crops,08_01
729,2024,barley_spring,4.0217777777777775,2.6789,2.9292506260669615,3.028617066812177,all_crops,08_01
729,2025,pea,1.2093023255813953,2.0322,2.274254732535947,1.831539609699155,all_crops,08_01
730,2023,lentil,1.38,1.1573,3.208254898066636,3.234921945948766,all_crops,08_01
730,2024,wheat_spring,3.438636363636364,3.5831000000000004,3.068002084689097,3.2455724201640974,all_crops,08_01
733,2023,wheat_spring,1.7423448275862068,1.8249,3.085996840131737,3.0672908799317855,all_crops,08_01
733,2024,soya,1.2295180722891563,1.8885,3.626685580408676,3.0932504171080715,all_crops,08_01
735,2023,wheat_spring,2.44,1.8994,3.189227754722793,3.1979373490066667,all_crops,08_01
736,2023,wheat_spring,2.1700925925925927,2.2104,3.174629367485222,3.1689826773950167,all_crops,08_01
736,2024,lentil,1.1806896551724138,1.3733,2.94534971577822,2.976040062848954,all_crops,08_01
737,2023,wheat_spring,2.440300751879699,2.3006,3.1608091168738515,3.15124673841869,all_crops,08_01
737,2024,sunflower,1.308345864661654,2.4148,2.725883535430272,2.921516796120826,all_crops,08_01
737,2025,wheat_spring,3.047698113207547,2.0914,2.582527366191024,2.152202446992322,all_crops,08_01
738,2023,lentil,1.2567320261437909,1.11,3.152225345145674,3.131718708150339,all_crops,08_01
738,2024,wheat_spring,6.303508771929825,2.9728000000000003,2.8823293811229385,3.0170958042473277,all_crops,08_01
738,2025,oil_seed_raps_spring,1.7206896551724138,1.9761,2.331367591661458,1.8141167272931171,all_crops,08_01
741,2023,wheat_spring,1.904864864864865,2.4909,3.2528196291067246,3.2856296784410386,all_crops,08_01
742,2023,wheat_spring,1.904873949579832,2.1965,3.1210726824734745,3.1608675201292322,all_crops,08_01
742,2024,wheat_spring,3.900256410256411,3.2590000000000003,3.264270753033411,3.6226919638975814,all_crops,08_01
742,2025,pea,1.6852222222222222,1.7898,2.5297161165323265,2.459583046009624,all_crops,08_01
743,2023,wheat_spring,2.480392156862745,2.4853,3.132343273749241,3.119539011021962,all_crops,08_01
743,2024,barley_spring,3.086470588235294,2.8352,3.2094928497180026,3.406655165832457,all_crops,08_01
743,2025,pea,2.7562745098039216,2.2527,2.6023170240263314,2.415724484783585,all_crops,08_01
744,2024,wheat_spring,3.433069306930693,3.0977,3.38479677097575,3.641306209227058,all_crops,08_01
744,2025,sunflower,2.404190476190476,2.3604,2.832407010990856,2.635803879789539,all_crops,08_01
745,2023,pea,1.03,2.0414000000000003,3.241522002090829,3.203595846064619,all_crops,08_01
745,2024,wheat_spring,1.665,3.7734,3.388841953530766,3.6896821933235984,all_crops,08_01
746,2023,wheat_spring,1.8734782608695653,1.9409,3.151514437439923,3.142289184395344,all_crops,08_01
746,2024,wheat_spring,1.943478260869565,2.7763,3.265351313556673,3.3831827941864896,all_crops,08_01
746,2025,sunflower,2.351063829787234,2.0906,2.5378139710255923,2.1093884582469693,all_crops,08_01
747,2023,pea,1.0,1.7563,3.1795606838002177,3.0546843153548977,all_crops,08_01
749,2023,pea,1.280135135135135,1.9228,3.154415905067881,3.1051642858544426,all_crops,08_01
749,2025,wheat_spring,3.655757575757576,2.6398,2.6557281725742476,2.3383706692626043,all_crops,08_01
750,2023,pea,1.101914893617021,1.6206,3.230255042398149,3.159348062237094,all_crops,08_01
750,2024,wheat_spring,4.912765957446808,2.639,3.05158464188658,3.3097932428141723,all_crops,08_01
750,2025,sunflower,2.2961702127659573,2.2131,2.7270654241178383,2.4005996691089226,all_crops,08_01
752,2023,barley_spring,1.9104761904761904,2.5781,3.2828957158309904,3.3062284968157667,all_crops,08_01
753,2023,barley_spring,1.4910294117647058,2.058,3.2460246514663766,3.2020061943987135,all_crops,08_01
753,2024,barley_spring,3.743076923076923,3.7321,3.481764262407707,3.4222349615873693,all_crops,08_01
753,2025,pea,1.8231746031746032,2.0056000000000003,2.762937916934728,2.899892862063938,all_crops,08_01
754,2023,wheat_spring,3.142777777777778,2.8236999999999997,3.2384550184861514,3.2804557011784,all_crops,08_01
755,2023,wheat_spring,2.6428205128205127,2.3508,3.2637765741397176,3.288957704587999,all_crops,08_01
756,2023,wheat_spring,3.143035714285714,3.0082,3.253288561685757,3.275112798387471,all_crops,08_01
757,2023,barley_spring,2.6775,2.5328,3.2855173894391365,3.074463925292692,all_crops,08_01
758,2023,barley_spring,2.4257142857142857,2.3883,3.274134783686447,3.1734089289400926,all_crops,08_01
764,2023,wheat_spring,3.1446774193548386,2.6371,3.214757019784977,3.2935441733709734,all_crops,08_01
764,2024,wheat_spring,3.882903225806452,3.2095,2.7986157345156344,2.882939148511813,all_crops,08_01
766,2023,barley_spring,2.63,2.9874,3.3865657498931023,3.430021288343723,all_crops,08_01
766,2024,lentil,1.13123595505618,1.3260999999999998,2.987415146098516,3.135198444133336,all_crops,08_01
766,2025,wheat_spring,3.126904761904762,2.6866,2.928793394906576,2.619101596263994,all_crops,08_01
767,2023,wheat_spring,1.6358536585365853,1.9648,3.2383638600197298,3.350518737546344,all_crops,08_01
767,2024,wheat_spring,1.4495,3.1482,3.2982242459726905,3.671410489597161,all_crops,08_01
768,2023,wheat_spring,1.9517391304347824,2.3907,3.264919202390282,3.3292096399478166,all_crops,08_01
768,2024,wheat_spring,2.5218181818181815,3.6808,3.2333084613696803,3.3993608099885617,all_crops,08_01
769,2023,wheat_spring,1.636,2.2826,3.2322287742035534,3.3121401290537644,all_crops,08_01
769,2024,wheat_spring,5.470144927536232,2.692,3.3562224651835026,3.589010612895569,all_crops,08_01
770,2023,wheat_spring,2.5348507462686567,2.3167,3.2192865843102236,3.2540713593003585,all_crops,08_01
770,2024,oil_seed_raps_spring,1.6740298507462683,1.7754,2.677823949670581,2.783067583083907,all_crops,08_01
770,2025,wheat_spring,3.468955223880597,2.4257,2.9970881662285693,2.898154990284579,all_crops,08_01
771,2023,wheat_spring,2.154166666666667,2.1482,3.1679495019691153,3.21018518511262,all_crops,08_01
771,2024,wheat_spring,4.969142857142857,2.9478999999999997,3.1458521669299384,3.5169995846216535,all_crops,08_01
772,2023,wheat_spring,2.643050847457627,2.1558,3.0856096037705885,3.0388141035170126,all_crops,08_01
772,2024,soya,1.297313432835821,2.1597,2.6787986096400003,2.851505089673747,all_crops,08_01
773,2024,wheat_spring,1.5847761194029852,2.0591,2.76986637259797,2.935136057214515,all_crops,08_01
774,2023,wheat_spring,2.6488888888888886,2.1664000000000003,3.069079888913516,2.948176712533864,all_crops,08_01
774,2024,wheat_spring,4.308571428571429,3.4462,3.0624620005897185,3.255938077444779,all_crops,08_01
775,2023,wheat_spring,2.6489830508474577,3.1514,3.22817003503607,3.2062586737302765,all_crops,08_01
775,2024,wheat_spring,3.02089552238806,2.9789000000000003,3.1329813429312305,3.256525781914527,all_crops,08_01
776,2023,pea,1.015757575757576,1.9675,3.2615467144125794,3.1770425260578383,all_crops,08_01
776,2024,wheat_spring,2.5763265306122447,3.1826,3.333467664112015,3.6832376324618767,all_crops,08_01
777,2023,wheat_spring,1.736,1.9751,3.0778495619572936,3.0720640280843012,all_crops,08_01
777,2024,wheat_spring,3.336229508196721,3.5613,3.398775003894138,3.689497797386495,all_crops,08_01
777,2025,sunflower,1.4358125,2.0654,2.7326968850816318,2.36398981360038,all_crops,08_01
778,2023,wheat_spring,1.7359090909090908,2.0045,3.133666691569697,3.123488702642731,all_crops,08_01
778,2024,wheat_spring,4.464090909090909,2.9023,3.346385991369409,3.5486157087182213,all_crops,08_01
779,2023,wheat_spring,1.7360714285714285,2.4725,3.166962672628643,3.2072760251552204,all_crops,08_01
779,2024,wheat_spring,3.148,3.8303,3.387016611865828,3.575800642079277,all_crops,08_01
780,2023,wheat_spring,1.735769230769231,2.3485,3.1418369039813934,3.1477122914547886,all_crops,08_01
780,2024,wheat_spring,4.034666666666667,3.5488,3.5220362450793914,3.6439809653798996,all_crops,08_01
781,2023,wheat_spring,1.736056338028169,2.4867999999999997,3.156378476867109,3.1881761381016394,all_crops,08_01
782,2023,wheat_spring,3.1433333333333335,2.6878,3.126988326340965,3.11069584352459,all_crops,08_01
783,2023,sunflower,1.823229166666667,1.6126,3.043882089153005,3.094559132713185,all_crops,08_01
783,2024,barley_spring,3.822291666666666,3.0088,3.290653673724989,3.385430552344075,all_crops,08_01
783,2025,pea,1.942826086956522,2.4795000000000003,2.732551676794191,3.110900917248632,all_crops,08_01
784,2023,wheat_spring,1.7746153846153845,2.271,3.051737569326381,3.014724647636854,all_crops,08_01
784,2024,wheat_spring,1.1116417910447762,3.0995999999999997,3.5421446347302847,3.708206988775645,all_crops,08_01
784,2025,sunflower,1.182948717948718,2.4922999999999997,2.62932465815484,2.217703233360288,all_crops,08_01
785,2023,sunflower,1.838187134502924,1.9891,3.059329905152142,3.090213273298794,all_crops,08_01
785,2024,barley_spring,3.4239766081871346,2.97,3.0208605409156646,2.949992590818211,all_crops,08_01
785,2025,pea,2.541294117647059,2.4578,2.6825759170603223,2.710060921462773,all_crops,08_01
786,2023,wheat_spring,1.4060416666666666,1.5635,3.178371911266859,3.210417856045916,all_crops,08_01
786,2024,wheat_spring,4.355714285714286,3.1032,3.3035086462826464,3.351899126272157,all_crops,08_01
786,2025,wheat_spring,1.8527272727272728,2.3194,2.7059601149237165,2.197926176587351,all_crops,08_01
787,2023,lentil,1.379857142857143,1.1869,3.1845396160010284,3.2007235260982827,all_crops,08_01
787,2024,wheat_spring,3.1833333333333336,3.2444,2.944342026445186,3.0702459603717154,all_crops,08_01
788,2023,barley_spring,1.9351612903225808,2.1401,3.2822113694900668,3.218443752311126,all_crops,08_01
788,2024,wheat_spring,1.9296774193548387,2.7076,3.178094067913153,3.1829126805813654,all_crops,08_01
788,2025,wheat_spring,3.813379310344828,2.3513,2.513438961692511,1.9485584340864244,all_crops,08_01
789,2023,barley_spring,1.91046511627907,2.1357,3.2478066051661902,3.209945357643362,all_crops,08_01
789,2024,wheat_spring,3.867674418604651,3.1652,3.3394397453567186,3.3829571376748415,all_crops,08_01
790,2023,sunflower,1.8870833333333332,1.9122,2.9116499507990357,3.019690133157172,all_crops,08_01
790,2025,pea,2.9851111111111113,2.9749,2.763976965406035,2.6752180546090485,all_crops,08_01
791,2023,sunflower,1.8553846153846152,1.9857,2.927845294672747,2.9882629622025236,all_crops,08_01
792,2023,wheat_spring,1.42275,1.5682,3.1729960039009897,3.2068081975700546,all_crops,08_01
792,2024,sunflower,2.9635,2.0733,3.3436027314143844,2.8848920745160664,all_crops,08_01
793,2023,wheat_spring,1.7799999999999998,2.134,3.1736338612595794,3.2305653578774667,all_crops,08_01
793,2024,wheat_spring,4.363820224719101,2.6718,3.3571365023364783,3.6576206978747425,all_crops,08_01
793,2025,wheat_spring,2.2246511627906975,2.6378,2.8094511072752018,2.4196465121639332,all_crops,08_01
794,2023,pea,1.0431818181818182,1.448,3.2210912050630713,3.169774361071573,all_crops,08_01
795,2024,wheat_spring,3.521284403669725,3.439,3.055031102479163,3.2637546358303315,all_crops,08_01
795,2025,oil_seed_raps_spring,1.2457471264367816,1.5797,2.2348082721723572,1.5399677505127625,all_crops,08_01
796,2023,pea,1.1148387096774195,1.5803,3.161730030333863,3.029661424942979,all_crops,08_01
797,2023,wheat_spring,1.7378260869565216,2.6823,3.131201204691372,2.983103267620483,all_crops,08_01
797,2024,lentil,1.5504347826086955,1.4142,3.169500188836703,3.2478081246353336,all_crops,08_01
797,2025,wheat_spring,4.511304347826087,2.6075,2.8845659716184127,2.5605584727339763,all_crops,08_01
798,2023,wheat_spring,2.006153846153846,2.45,3.176095928527754,3.22486215822156,all_crops,08_01
798,2024,sunflower,2.709230769230769,2.5902000000000003,2.7510300655445703,2.775264323858724,all_crops,08_01
800,2023,barley_spring,1.85,2.9406,3.2567643739544274,3.2019386493964674,all_crops,08_01
800,2024,wheat_spring,2.493333333333333,3.8228,3.4551566669143825,3.3680344027467335,all_crops,08_01
800,2025,wheat_spring,1.907,2.4798,2.9075495358956434,2.427936319113116,all_crops,08_01
801,2023,wheat_spring,1.8197272727272729,2.278,3.3146227162643758,3.398886219004442,all_crops,08_01
801,2025,wheat_spring,3.800724637681159,3.0893,3.0892680440884352,3.026812873745458,all_crops,08_01
802,2023,sunflower,2.345833333333333,2.2595,3.093389178631614,3.243257624650526,all_crops,08_01
802,2025,wheat_spring,2.8191666666666664,1.606,3.0386575223200842,2.807082360765706,all_crops,08_01
803,2023,wheat_spring,1.8186206896551724,2.269,3.235267536894059,3.298983637246878,all_crops,08_01
803,2025,wheat_spring,5.01103448275862,2.3155,2.725601004835073,2.2573555332527726,all_crops,08_01
804,2023,wheat_spring,1.818888888888889,2.3760000000000003,3.1110461914237324,2.739596186078612,all_crops,08_01
805,2023,wheat_spring,1.8189473684210529,1.8509,3.144735643229061,3.118705302287011,all_crops,08_01
806,2023,wheat_spring,2.2642857142857142,2.1092,3.23596615231532,3.2610076218447883,all_crops,08_01
807,2023,wheat_spring,3.141052631578947,2.8649,3.12519854165258,3.1055164394742163,all_crops,08_01
807,2024,wheat_spring,2.4712280701754388,2.615,2.8808984212361834,3.1361508047831927,all_crops,08_01
808,2023,wheat_spring,2.64275,2.1902,3.0921138080460113,3.0853452720653696,all_crops,08_01
808,2024,wheat_spring,2.39625,2.8811,2.7512605936508794,2.8896572664864437,all_crops,08_01
808,2025,sunflower,1.6854054054054055,2.4592,2.6729863952779365,2.3063812495303155,all_crops,08_01
809,2023,pea,1.1082758620689654,1.7355,3.2197371663623833,3.16709436597822,all_crops,08_01
809,2024,wheat_spring,3.171551724137931,2.793,2.8756834021955178,3.0017815679063027,all_crops,08_01
809,2025,wheat_spring,2.2703846153846152,2.3466,2.484698907634506,2.0798644123696866,all_crops,08_01
810,2023,pea,1.032,1.7835,3.2085922453452005,3.1694211713671296,all_crops,08_01
810,2024,wheat_spring,3.8034285714285714,2.803,3.3877607789432775,3.2683602030340726,all_crops,08_01
810,2025,sunflower,1.2085185185185183,1.9764,2.449500386296867,1.952011125904503,all_crops,08_01
811,2023,wheat_spring,1.8688888888888888,1.8558,3.140557381493229,3.0833417883369445,all_crops,08_01
811,2024,wheat_spring,4.6866666666666665,2.9682,3.2691296421309737,3.553459708480223,all_crops,08_01
812,2023,wheat_spring,1.7378947368421054,1.9807,3.1447664789687066,3.182153652966327,all_crops,08_01
812,2024,wheat_spring,3.591578947368421,3.1816,3.102334170952861,3.2253878670778726,all_crops,08_01
812,2025,sunflower,1.1764285714285714,2.2851,2.5658302329475715,2.2085642317753758,all_crops,08_01
813,2023,wheat_spring,1.738,3.1189,3.2440983097947713,3.291131321176689,all_crops,08_01
814,2023,wheat_spring,1.762162162162162,2.3974,3.1958602631337314,3.265219629270949,all_crops,08_01
814,2025,pea,1.2434375,2.0519,2.4572073062992468,2.0747701729573595,all_crops,08_01
815,2023,wheat_spring,1.762222222222222,1.9965,3.1507899155704524,3.1458038064927,all_crops,08_01
818,2024,wheat_spring,3.3494252873563215,3.3314999999999997,3.5147904425065937,3.602385809174865,all_crops,08_01
819,2023,wheat_spring,1.90125,1.6787,3.1443233772333894,3.1713910995271815,all_crops,08_01
820,2023,sunflower,2.425,2.004,3.0913415535225464,3.32983925926558,all_crops,08_01
821,2023,wheat_spring,2.642857142857143,2.5875,3.294118872666845,3.4084454499183927,all_crops,08_01
821,2024,wheat_spring,4.94,2.4912,2.8639661923776067,3.000031010011827,all_crops,08_01
821,2025,wheat_spring,1.898989898989899,2.086,2.532195108706699,2.2537704593708896,all_crops,08_01
823,2024,wheat_spring,2.443404255319149,3.4749000000000003,3.1896161375770236,3.3583611686346297,all_crops,08_01
824,2023,wheat_spring,2.648888888888889,2.9336,3.2854926448720403,3.366978396099574,all_crops,08_01
824,2024,wheat_spring,2.8755555555555556,3.5801000000000003,3.168874623956547,3.3327288772297483,all_crops,08_01
828,2023,pea,1.28,1.6861000000000002,3.2424609603138634,3.262388462273114,all_crops,08_01
829,2023,pea,1.28,1.7546,3.221685434536449,3.2439392076931353,all_crops,08_01
831,2024,wheat_spring,2.517297297297297,3.0402,3.3655812343771014,3.3141398822782278,all_crops,08_01
832,2023,wheat_spring,4.2,2.9585999999999997,3.2736844985749274,3.217130537715034,all_crops,08_01
832,2024,barley_spring,5.508,4.8621,3.7674605688978096,3.3950776889687297,all_crops,08_01
832,2025,soya,1.68,2.4743,2.990064069160656,2.89982972402852,all_crops,08_01
833,2023,barley_spring,1.843010752688172,2.3053,3.294621447965098,3.2495083588979816,all_crops,08_01
833,2024,wheat_spring,2.3731182795698924,2.6508,3.2263628605810695,3.2395223550251666,all_crops,08_01
833,2025,wheat_spring,1.8564864864864865,1.9153,2.5337286194150686,1.946946441327389,all_crops,08_01
834,2023,pea,1.0,1.9326,3.232712225687093,3.152093333846107,all_crops,08_01
834,2024,barley_spring,2.2088888888888887,3.7247,3.2435864063359183,3.333129056994661,all_crops,08_01
834,2025,wheat_spring,5.086666666666667,3.3994,2.692094316194911,2.1712765824671747,all_crops,08_01
835,2023,wheat_spring,2.280952380952381,2.3505,3.083874317990009,2.8017255889136115,all_crops,08_01
836,2023,wheat_spring,1.6984761904761905,2.613,3.1975269406699462,3.2591003649845294,all_crops,08_01
836,2025,wheat_spring,3.076571428571429,2.513,2.870818973238087,2.449727940080738,all_crops,08_01
837,2023,lentil,1.3793333333333335,1.0715,3.223217504351276,3.1918402526519176,all_crops,08_01
837,2024,wheat_spring,4.956,3.4233,3.0094211131805633,3.154722196217184,all_crops,08_01
837,2025,pea,2.8573333333333335,2.2898,2.498426955337242,2.0739780529809786,all_crops,08_01
838,2023,wheat_spring,1.88,1.7582999999999998,3.1246197173112678,3.1081972119418184,all_crops,08_01
838,2024,wheat_spring,2.9166666666666665,2.8235,3.0758288232891697,3.2303453351500546,all_crops,08_01
838,2025,pea,1.268333333333333,2.2265,2.4826198065005496,2.1327197837067753,all_crops,08_01
839,2023,wheat_spring,1.8755555555555556,1.6463,3.1367514533904552,3.1273177106608223,all_crops,08_01
839,2024,wheat_spring,3.435111111111111,2.683,2.9331920149096735,3.0851736860956036,all_crops,08_01
839,2025,pea,2.138888888888889,2.4611,2.6121825475064364,2.6048945554183742,all_crops,08_01
845,2023,pea,1.7780487804878051,2.339,3.1689946654024572,2.9598042983906923,all_crops,08_01
846,2024,wheat_spring,3.489130434782609,2.1568,3.189414368466984,3.174662610413522,all_crops,08_01
846,2025,wheat_spring,1.7005333333333337,2.1764,2.7080156726002653,2.557260271830234,all_crops,08_01
847,2024,wheat_spring,3.613,3.0462,3.8481154536170052,3.5538436892624565,all_crops,08_01
847,2025,wheat_spring,2.8442622950819674,2.3927,2.626391063819585,2.324000516694456,all_crops,08_01
848,2024,wheat_spring,1.2253846153846153,3.5056,3.0565097443310867,3.3359065056612933,all_crops,08_01
848,2025,wheat_spring,4.95,3.4458,2.7104961576717854,2.3931344689214535,all_crops,08_01
849,2024,wheat_spring,1.128,2.1174,2.765109123842955,2.990574770031828,all_crops,08_01
850,2024,wheat_spring,3.928421052631579,2.9639,3.908842090004618,3.6592239053758124,all_crops,08_01
850,2025,wheat_spring,1.5674285714285714,2.3329,2.7811560236314237,2.477593412158954,all_crops,08_01
851,2024,wheat_spring,5.851578947368421,3.3415999999999997,3.151516819794524,3.5082392552247157,all_crops,08_01
851,2025,wheat_spring,3.2888235294117645,2.6457,2.6344016778058896,2.4690523502057546,all_crops,08_01
852,2024,wheat_spring,3.902549019607843,2.4911000000000003,2.965265007802404,3.164043117065768,all_crops,08_01
852,2025,sunflower,1.2906666666666666,2.2542,2.563832931676845,2.184727695221978,all_crops,08_01
867,2024,barley_spring,1.697142857142857,3.6593,3.656155488627727,3.4135526789906088,all_crops,08_01
867,2025,wheat_spring,4.0767741935483865,4.4481,3.8090633926139383,3.89735547190526,all_crops,08_01
871,2024,sunflower,2.369950248756219,2.9259,2.95606645592967,3.005406100588754,all_crops,08_01
871,2025,wheat_spring,4.996119402985075,4.6679,3.8127126625951937,3.9009323299579584,all_crops,08_01
872,2024,barley_spring,3.234567901234568,3.7825,3.1701403204414564,2.887439467158598,all_crops,08_01
872,2025,wheat_spring,4.573056994818653,3.9985,3.808684663193835,3.6931970860026455,all_crops,08_01
873,2024,sunflower,2.669166086444218,3.0149,3.125484788370723,3.1025499207470864,all_crops,08_01
873,2025,wheat_spring,4.136898395721925,4.5165999999999995,3.8571033386614855,3.9824396514557927,all_crops,08_01
874,2024,barley_spring,2.8904109589041096,3.1378,3.2500758506671046,2.977581364364631,all_crops,08_01
874,2025,wheat_spring,5.187123287671233,3.8102,3.83437558775904,3.823128916552468,all_crops,08_01
875,2024,barley_spring,2.96,3.2876,3.431268720715184,3.284967043261383,all_crops,08_01
875,2025,wheat_spring,4.700588235294117,4.6021,3.4851184728672435,3.4654085618608703,all_crops,08_01
879,2024,wheat_spring,3.631333333333333,4.0365,3.57378802181299,3.569464992447811,all_crops,08_01
879,2025,sunflower,3.7103333333333337,2.7013000000000003,3.142077223799727,2.9403652400249984,all_crops,08_01
881,2024,sunflower,3.596666666666667,2.9307,3.3481102396114215,3.2543385064078576,all_crops,08_01
881,2025,wheat_spring,5.271794871794872,4.2247,3.7614082344948145,3.5340105950847076,all_crops,08_01
882,2024,barley_spring,3.2781451612903227,4.1206000000000005,3.1995761530647737,2.915575496402201,all_crops,08_01
882,2025,soya,1.5272580645161289,1.9552,2.8222085916063375,2.5152084474971335,all_crops,08_01
892,2024,wheat_spring,4.21,3.5601999999999996,3.4581517487755997,3.683579280563098,all_crops,08_01
893,2024,wheat_spring,4.1664814814814815,3.2659999999999996,3.5545153593147916,3.856089840357628,all_crops,08_01
894,2024,wheat_spring,1.8546268656716416,2.9888000000000003,3.3686092345805503,3.37325827307416,all_crops,08_01
896,2024,lentil,1.9372727272727273,1.3583,3.0605236299235767,2.9237334742551955,all_crops,08_01
897,2024,sunflower,1.83,2.0921,2.8694410660102405,2.9276019705350644,all_crops,08_01
897,2025,wheat_spring,3.038695652173913,2.9537,2.747059349676937,2.3814496004454964,all_crops,08_01
899,2024,wheat_spring,2.7888,2.835,3.5240445211255063,3.5314486944557566,all_crops,08_01
901,2024,wheat_spring,3.643777777777778,2.4257,3.4469668468752337,3.529602291571766,all_crops,08_01
901,2025,wheat_spring,4.134157303370786,2.4359,3.1526970952749203,3.186694552303227,all_crops,08_01
903,2024,wheat_spring,5.332903225806452,3.7147,3.5939531988326205,3.8136019326991164,all_crops,08_01
904,2024,lentil,1.4166326530612243,1.3694000000000002,3.0991761145061414,3.0224882233413397,all_crops,08_01
904,2025,wheat_spring,3.433193717277487,2.512,2.8968828916003595,2.4242328417087835,all_crops,08_01
905,2024,wheat_spring,2.072857142857143,2.5953,3.164440575915236,3.171709607460359,all_crops,08_01
906,2025,barley_spring,3.249441340782123,2.2448,2.8465510815574286,2.376605877795355,all_crops,08_01
907,2024,wheat_spring,3.0887755102040817,3.5424,3.915687898734383,3.9627901152288887,all_crops,08_01
908,2024,lentil,1.41,1.3572,2.9310205454217755,3.155081364393708,all_crops,08_01
909,2024,lentil,1.2876,1.4914,2.857705560176587,2.941210569177705,all_crops,08_01
910,2024,lentil,1.0767857142857142,1.4061,2.96544128856691,3.1580193860320867,all_crops,08_01
910,2025,wheat_spring,4.576904761904761,2.6088,3.423826340786383,3.06422283554104,all_crops,08_01
911,2024,wheat_spring,2.995941176470588,3.2018999999999997,3.425364534908451,3.5521706506706625,all_crops,08_01
911,2025,lentil,1.967337278106509,1.3381,2.397565703189558,1.7627472568278943,all_crops,08_01
912,2024,sunflower,1.9226470588235296,2.061,2.8771006473109635,2.9051420484316117,all_crops,08_01
913,2024,pea,2.9798058252427184,3.0857,2.9416850856672143,3.1635949637899445,all_crops,08_01
913,2025,wheat_spring,3.5802139037433154,2.5398,2.8748276944033573,2.491976279406301,all_crops,08_01
914,2024,pea,2.8274999999999997,3.0514,2.9409563464115545,2.9983948832444196,all_crops,08_01
918,2024,wheat_spring,1.7719540229885058,3.4115,3.251011633575784,3.1335177921725506,all_crops,08_01
918,2025,lentil,1.28472,1.4679,2.508661544468303,1.99324826726501,all_crops,08_01
921,2024,pea,1.9077966101694916,3.1795,2.9539393788277124,3.122569341013652,all_crops,08_01
923,2024,pea,2.0810526315789475,1.8415,2.7730500403065803,2.8558007166838526,all_crops,08_01
924,2024,wheat_spring,2.1640963855421687,2.6282,3.4369091486178798,3.5272816896397705,all_crops,08_01
925,2024,wheat_spring,2.0,3.2503,3.360014930484559,3.4255110325072815,all_crops,08_01
926,2024,wheat_spring,1.75375,2.2424,3.4871851783325196,3.6696121981193057,all_crops,08_01
929,2024,wheat_spring,2.677674418604651,2.1286,3.1461612821135954,3.119121977050991,all_crops,08_01
930,2024,wheat_spring,2.829375,2.7738,3.3994131848426763,3.3027720438654216,all_crops,08_01
931,2024,sunflower,1.9646666666666663,2.6387,2.6685256436252427,2.8481975668265695,all_crops,08_01
932,2024,wheat_spring,2.475,3.4357999999999995,3.3181852792660322,3.281985307730184,all_crops,08_01
933,2024,wheat_spring,1.999285714285714,2.8119,3.1488549975581663,3.087866658841178,all_crops,08_01
934,2024,wheat_spring,2.2073972602739724,2.6883,3.1210017251534348,3.055312993624075,all_crops,08_01
938,2024,wheat_spring,1.465090909090909,2.0709,3.417242999371303,3.489473068963601,all_crops,08_01
939,2024,wheat_spring,1.9653846153846155,2.4497,3.0364394179488077,3.0665895359149924,all_crops,08_01
941,2024,sunflower,1.6503937007874014,1.9326,2.8628074200856255,2.8543062919719406,all_crops,08_01
942,2024,sunflower,2.0663247863247864,1.8818,2.7838398204883656,3.055304058723089,all_crops,08_01
942,2025,wheat_spring,3.857475728155339,2.7576,2.9469665620649614,2.6774594937182785,all_crops,08_01
943,2024,sunflower,1.6295049504950496,2.7335000000000003,2.6610981148759505,2.8972914832112795,all_crops,08_01
943,2025,wheat_spring,2.4547457627118647,2.7145,2.9308194337558757,2.578903234904855,all_crops,08_01
944,2024,pea,2.8648,2.7585,2.9191765706983333,2.970153232694906,all_crops,08_01
946,2024,barley_spring,3.4056790123456793,3.2741,3.3292394769681213,3.4637630550635765,all_crops,08_01
946,2025,lentil,1.3159322033898304,1.6594000000000002,2.368250730387452,1.6925784249090154,all_crops,08_01
947,2024,buckwheat,1.328421052631579,,2.7745367945366755,2.764535186665635,all_crops,08_01
949,2024,wheat_spring,3.2488421052631575,3.4441,3.872321408038789,3.93973856587824,all_crops,08_01
949,2025,lentil,1.6103664921465968,1.5204,2.4147474968092957,1.7125969094283582,all_crops,08_01
951,2024,sunflower,4.6412,2.6024000000000003,3.287486421854428,3.248409466714421,all_crops,08_01
956,2024,barley_spring,3.273238380809595,4.0214,3.2889864414509713,3.0257689976599553,all_crops,08_01
956,2025,wheat_spring,4.296603773584906,4.1612,3.8350726245417386,4.05711538369726,all_crops,08_01
957,2024,wheat_spring,4.786470588235295,4.3197,3.6055379349236785,3.585584531433783,all_crops,08_01
963,2024,barley_spring,3.208181818181818,3.8574,3.3566133580826727,3.053156965780615,all_crops,08_01
963,2025,wheat_spring,4.9848888888888885,3.3843000000000005,3.7921892714383016,3.8643835885724513,all_crops,08_01
964,2024,wheat_spring,2.1013333333333333,4.1812,3.1245204807894136,3.0305583809846928,all_crops,08_01
968,2024,oil_seed_raps_spring,2.463333333333334,1.7027,2.8578211579388717,2.883060119553703,all_crops,08_01
969,2024,lentil,1.970909090909091,1.5134,2.956698664567216,3.1090617695032656,all_crops,08_01
970,2024,wheat_spring,3.398461538461538,2.7599,2.885627355440688,3.0789424718443295,all_crops,08_01
977,2025,wheat_spring,4.826666666666667,3.9601,3.521019047604083,3.5436334160427094,all_crops,08_01
978,2025,wheat_spring,4.130434782608695,3.6332,3.577118161427581,3.645455389413855,all_crops,08_01
979,2025,sunflower,1.991325301204819,2.9493,2.965637067695049,2.873127049149327,all_crops,08_01
993,2025,wheat_spring,2.9006779661016946,4.2728,3.621819784128106,3.7682512878239636,all_crops,08_01
994,2025,wheat_spring,3.8666666666666663,2.3349,2.5576352528362167,1.9437644636731157,all_crops,08_01
998,2025,wheat_spring,4.7056818181818185,3.1187,3.635918380630995,3.820109079202185,all_crops,08_01
1005,2025,lentil,1.7463636363636363,1.4661,2.3518872425778836,1.7706851933897243,all_crops,08_01
1007,2025,sunflower,1.46,2.1391,2.4808163762417133,1.8593730111459716,all_crops,08_01
1021,2025,wheat_spring,1.7027027027027026,2.1145,2.6192772957566537,2.1791726429880858,all_crops,08_01
1022,2025,wheat_spring,3.7833734939759034,2.6386,2.6312274310195805,2.1588902045548055,all_crops,08_01
1023,2025,wheat_spring,2.2638297872340427,2.0207,2.553528330461687,2.1397640571076075,all_crops,08_01
1025,2025,wheat_spring,1.480952380952381,2.3288,3.1208593689704913,3.300614403511097,all_crops,08_01
1027,2025,wheat_spring,4.96,3.1902,2.632569823901218,2.0401864912916663,all_crops,08_01
1028,2025,barley_spring,3.1060975609756096,2.511,2.8458253585292326,2.494960758971032,all_crops,08_01
195,2024,sunflower,2.7365853658536587,3.2249000000000003,2.7890343633704218,2.7796235249925525,all_crops,09_01
195,2025,wheat_spring,2.7195121951219514,2.8708,3.109264524412561,3.0165397220707733,all_crops,09_01
197,2024,sunflower,3.2877551020408164,3.2267,2.6788460767302755,2.7266315915122825,all_crops,09_01
207,2024,sunflower,3.132727272727273,2.8238,2.7781910697601524,2.768582785783657,all_crops,09_01
207,2025,wheat_spring,2.6312280701754385,3.4044,3.2803783197593104,3.3608757831082086,all_crops,09_01
208,2021,sunflower,2.84340206185567,2.5939,,,all_crops,09_01
208,2022,wheat_spring,2.356923076923077,3.6425,,,all_crops,09_01
208,2023,wheat_spring,2.018076923076923,1.4264,,,all_crops,09_01
208,2024,sunflower,2.360615384615385,2.4902,2.490658697973233,2.5471446072535824,all_crops,09_01
208,2025,wheat_spring,3.8430769230769233,3.0721,3.3894413279602356,3.3664981474686173,all_crops,09_01
209,2021,sunflower,2.257953795379538,2.3401,,,all_crops,09_01
209,2023,wheat_winter,1.4815841584158416,3.0968,,,all_crops,09_01
209,2025,sunflower,3.287196261682243,3.0953,2.8414800621336203,2.8319826664612213,all_crops,09_01
210,2021,sunflower,2.402302631578947,2.8418,,,all_crops,09_01
210,2022,wheat_spring,3.0906122448979594,3.1305,,,all_crops,09_01
210,2025,sunflower,3.192550607287449,2.6427,2.8734216410949607,2.841983745164895,all_crops,09_01
211,2021,sunflower,2.1389247311827955,2.9005,,,all_crops,09_01
212,2021,sunflower,3.639212598425197,2.9642,,,all_crops,09_01
212,2022,wheat_spring,3.1773529411764705,3.4025,,,all_crops,09_01
212,2023,wheat_spring,2.9445588235294116,2.073,,,all_crops,09_01
212,2024,sunflower,1.900882352941176,2.5872,2.6855428282533893,2.7254850627993488,all_crops,09_01
212,2025,wheat_spring,1.7024264705882353,2.8967,2.852264175194102,2.6396320719435202,all_crops,09_01
213,2021,wheat_spring,1.3155714285714286,3.1079999999999997,,,all_crops,09_01
213,2022,sunflower,1.481428571428571,2.1202,,,all_crops,09_01
213,2025,barley_spring,1.53,3.0796,2.7188042728895017,2.598378053049449,all_crops,09_01
214,2021,wheat_spring,1.5857777777777775,3.1157,,,all_crops,09_01
214,2022,sunflower,1.002222222222222,2.1227,,,all_crops,09_01
214,2025,barley_spring,1.53,3.0119,2.7288539504185243,2.587027630085414,all_crops,09_01
215,2021,sunflower,2.9865822784810128,2.6519,,,all_crops,09_01
215,2025,sunflower,3.0739240506329115,2.6681,2.7992490314752514,2.7208527972981518,all_crops,09_01
216,2021,sunflower,2.925945945945946,2.7872,,,all_crops,09_01
216,2025,sunflower,2.986756756756757,2.9402,2.9890331808789723,2.923738342741721,all_crops,09_01
217,2021,sunflower,2.6894761904761904,2.6262,,,all_crops,09_01
217,2022,wheat_spring,3.063725490196078,3.6563,,,all_crops,09_01
217,2024,sunflower,2.9758823529411766,3.2312,2.638040512235753,2.666561513659838,all_crops,09_01
217,2025,wheat_spring,2.5629901960784314,2.7186,2.841982195058121,2.638883757453582,all_crops,09_01
218,2021,sunflower,2.595625,2.6262,,,all_crops,09_01
218,2024,wheat_spring,4.027153846153846,3.4,3.1331236074675908,2.953879663971835,all_crops,09_01
218,2025,wheat_spring,4.112820512820513,2.6460999999999997,3.2579626593094773,3.1853639911894436,all_crops,09_01
219,2021,sunflower,2.818952380952381,2.9821,,,all_crops,09_01
219,2022,wheat_spring,2.827547619047619,3.4502,,,all_crops,09_01
219,2023,sunflower,2.802523809523809,2.4396,,,all_crops,09_01
219,2024,wheat_spring,3.6718380952380953,3.2952,3.1999736251359217,2.953041692396169,all_crops,09_01
219,2025,barley_spring,3.528095238095238,3.8607,3.055129241223466,3.1260147255208737,all_crops,09_01
220,2021,sunflower,2.0264,3.0557,,,all_crops,09_01
220,2024,wheat_spring,3.12756,3.8434,3.111812394020131,2.933447745349389,all_crops,09_01
220,2025,wheat_spring,3.3072000000000004,3.6214,3.19796553677737,3.1603090827350506,all_crops,09_01
221,2021,sunflower,1.7475,2.4777,,,all_crops,09_01
222,2021,sunflower,2.9396774193548385,2.7158,,,all_crops,09_01
222,2024,wheat_spring,3.6562580645161287,3.9848,3.254811239981055,3.034885465482658,all_crops,09_01
222,2025,sunflower,2.972258064516129,2.5682,2.8662467286662006,2.7127096735878165,all_crops,09_01
223,2021,sunflower,2.8625714285714285,2.6313,,,all_crops,09_01
223,2025,sunflower,3.305142857142857,2.6925999999999997,2.9277675244434906,2.7380964235470215,all_crops,09_01
224,2021,sunflower,2.1762,2.6733,,,all_crops,09_01
224,2025,sunflower,3.0742307692307693,3.1024000000000003,2.7705974280235486,2.7357479713370405,all_crops,09_01
225,2021,sunflower,1.85,2.3085,,,all_crops,09_01
226,2021,sunflower,2.4555,2.9791,,,all_crops,09_01
226,2025,sunflower,3.0420000000000003,3.3878999999999997,2.767363524049532,2.7498888343078347,all_crops,09_01
227,2023,sunflower,2.6015895953757227,2.253,,,all_crops,09_01
228,2024,sunflower,3.052881355932203,3.0939,2.550892815380975,2.609984413890206,all_crops,09_01
228,2025,wheat_spring,3.004576271186441,3.5229999999999997,2.9265138833214124,2.7976172136408044,all_crops,09_01
229,2024,sunflower,3.2544166666666663,2.2845,2.3422328773863668,2.2377851335251595,all_crops,09_01
229,2025,wheat_spring,3.5050000000000003,3.1488,2.8841179289158316,2.756954807432905,all_crops,09_01
230,2021,wheat_winter,2.123766816143498,3.134,,,all_crops,09_01
230,2022,sunflower,3.257219730941704,2.7875,,,all_crops,09_01
230,2023,wheat_spring,1.1861413043478262,2.0961,,,all_crops,09_01
230,2024,sunflower,3.2521793721973093,3.0899,2.6685113593187917,2.6946808967525855,all_crops,09_01
230,2025,wheat_spring,3.6687443946188343,2.9788,3.368493756656438,3.2403288655656985,all_crops,09_01
231,2023,sunflower,2.2995063829787235,2.2117,,,all_crops,09_01
231,2024,wheat_spring,3.806382978723404,3.636,3.303122564513235,3.044106335398262,all_crops,09_01
232,2023,sunflower,2.6881993243243243,2.3653,,,all_crops,09_01
232,2024,wheat_spring,3.330304054054054,3.8371,3.138484981174379,2.974754751035112,all_crops,09_01
234,2023,wheat_winter,1.7062857142857142,2.4153,,,all_crops,09_01
234,2024,sunflower,3.295057142857143,2.6495,2.2614950314321534,2.3101426050803404,all_crops,09_01
235,2023,wheat_spring,2.2,1.9675,,,all_crops,09_01
235,2025,barley_spring,1.53,3.3427999999999995,2.7323249982896374,2.569352958882588,all_crops,09_01
236,2022,sunflower,3.3475,3.0103,,,all_crops,09_01
236,2023,wheat_spring,2.520375,2.323,,,all_crops,09_01
236,2025,sunflower,3.0025,2.5225,2.7100640977403967,2.6977999598391116,all_crops,09_01
237,2022,sunflower,2.515555555555556,2.4998,,,all_crops,09_01
237,2023,wheat_spring,1.6025,1.846,,,all_crops,09_01
237,2025,sunflower,3.3130555555555556,2.2598,2.725166284152589,2.664161210918814,all_crops,09_01
238,2022,sunflower,2.1222222222222222,2.666,,,all_crops,09_01
238,2023,wheat_spring,2.198888888888889,2.0,,,all_crops,09_01
238,2025,sunflower,1.9090277777777775,2.7443,2.6494567633075934,2.551448268034076,all_crops,09_01
239,2022,sunflower,1.9928205128205128,2.6921,,,all_crops,09_01
239,2025,sunflower,3.095213675213675,2.7689,2.685984490854275,2.619410253339527,all_crops,09_01
242,2023,wheat_winter,1.7032258064516128,2.3003,,,all_crops,09_01
242,2024,sunflower,2.7984516129032255,2.5699,2.7133798507941562,2.6507153148858418,all_crops,09_01
244,2021,wheat_winter,2.4169811320754717,3.8306,,,all_crops,09_01
244,2022,wheat_spring,4.193867924528302,4.1728000000000005,,,all_crops,09_01
244,2024,wheat_spring,2.730603773584906,4.287599999999999,3.178790709773394,2.936012958351688,all_crops,09_01
244,2025,sunflower,4.282264150943396,3.1107,2.8665166976764525,2.696393565040324,all_crops,09_01
246,2021,wheat_winter,2.612439024390244,3.0855,,,all_crops,09_01
246,2022,wheat_spring,1.6465853658536589,3.2612,,,all_crops,09_01
246,2024,wheat_spring,3.884073170731708,4.3106,3.342480005053816,3.0689542152055465,all_crops,09_01
246,2025,sunflower,1.26,2.694,2.9770742995429487,2.785837522201912,all_crops,09_01
247,2023,sunflower,2.741453642384106,2.2382999999999997,,,all_crops,09_01
247,2024,wheat_spring,2.6623311258278144,3.2234000000000003,3.005314529243344,2.817121189406789,all_crops,09_01
248,2021,wheat_winter,2.4291851851851853,3.8601,,,all_crops,09_01
248,2023,wheat_winter,2.141,3.4366999999999996,,,all_crops,09_01
248,2024,sunflower,3.441577777777778,3.3423000000000003,2.6721657495361057,2.6995760723387225,all_crops,09_01
248,2025,wheat_spring,3.630296296296296,3.3146,3.434086922120825,3.3519601479397507,all_crops,09_01
249,2021,wheat_winter,2.7772222222222225,3.2591,,,all_crops,09_01
250,2021,wheat_winter,2.271818181818182,3.6005000000000003,,,all_crops,09_01
250,2022,sunflower,3.0933333333333333,2.675,,,all_crops,09_01
250,2023,wheat_spring,2.1600980392156863,2.0721,,,all_crops,09_01
250,2025,sunflower,2.8207352941176467,2.9527,2.785030486687421,2.7196332050346625,all_crops,09_01
251,2023,sunflower,2.78692125984252,1.8832,,,all_crops,09_01
251,2024,wheat_spring,3.611023622047244,3.2953,3.106593558477632,3.0763554295900457,all_crops,09_01
252,2023,sunflower,2.8884457831325303,2.3848,,,all_crops,09_01
253,2023,sunflower,2.599529411764706,2.4651,,,all_crops,09_01
254,2021,wheat_winter,2.1813513513513514,3.4,,,all_crops,09_01
254,2024,sunflower,3.4018783783783784,3.4116,2.602165507361514,2.6356557062997243,all_crops,09_01
254,2025,wheat_spring,4.105608108108108,3.3930999999999996,3.226135400558505,3.160955633775498,all_crops,09_01
255,2021,wheat_spring,3.495357142857143,3.9364,,,all_crops,09_01
255,2023,sunflower,2.5888660714285714,1.8311,,,all_crops,09_01
255,2024,wheat_spring,4.0148214285714285,5.1059,3.324579405357825,3.1341690859094786,all_crops,09_01
256,2021,wheat_spring,3.488928571428571,4.4073,,,all_crops,09_01
256,2024,wheat_spring,5.977232142857143,4.6243,3.426447739350692,3.345712063266545,all_crops,09_01
256,2025,sunflower,3.738928571428571,2.5427,2.8617689327353624,2.8451360774765466,all_crops,09_01
257,2021,wheat_spring,5.5088888888888885,4.2158,,,all_crops,09_01
257,2022,barley_spring,1.7641666666666669,3.0048,,,all_crops,09_01
257,2025,barley_spring,1.53,3.5148,2.7483168364260577,2.6468851286421327,all_crops,09_01
258,2021,wheat_spring,3.369101123595506,2.9244,,,all_crops,09_01
258,2022,sunflower,2.0300786516853933,2.1481000000000003,,,all_crops,09_01
258,2023,wheat_spring,1.3868539325842697,1.9204,,,all_crops,09_01
258,2024,wheat_spring,5.062359550561798,4.2088,3.2499924826645183,3.079830657251131,all_crops,09_01
258,2025,sunflower,3.607977528089888,2.9331,2.77565086426392,2.7450137658101075,all_crops,09_01
259,2021,wheat_spring,3.2456022408963587,4.0274,,,all_crops,09_01
259,2022,sunflower,2.027221288515406,2.2808,,,all_crops,09_01
259,2023,wheat_spring,1.08003081232493,2.702,,,all_crops,09_01
259,2024,sunflower,2.8320560224089637,3.1641,2.539734146672216,2.643252330973159,all_crops,09_01
259,2025,wheat_spring,2.1594957983193277,3.0833,2.771174838547176,2.5498541135852806,all_crops,09_01
260,2021,wheat_spring,4.1022,4.1084000000000005,,,all_crops,09_01
260,2023,sunflower,1.8446,1.8057,,,all_crops,09_01
260,2024,wheat_spring,3.2132,4.1276,3.4112809577891436,3.1498982636379265,all_crops,09_01
261,2021,wheat_spring,5.387428571428572,4.2653,,,all_crops,09_01
261,2023,sunflower,2.853857142857143,2.4404,,,all_crops,09_01
262,2021,wheat_spring,4.116052631578947,3.4819000000000004,,,all_crops,09_01
262,2022,sunflower,2.051684210526316,2.4012,,,all_crops,09_01
195,2022,wheat_winter,2.1216260162601626,2.4328,,,wheat_combined,07_01
195,2025,wheat_spring,2.7195121951219514,3.6697,3.6437718587686554,3.695946218039813,wheat_combined,07_01
197,2022,wheat_winter,1.5206997084548106,2.4524999999999997,,,wheat_combined,07_01
197,2023,wheat_winter,1.0820991253644316,2.8075,2.6644097501663846,2.3859825499544667,wheat_combined,07_01
197,2025,wheat_spring,3.779416909620991,3.7805,3.4560178258801257,3.32895425041291,wheat_combined,07_01
207,2022,wheat_winter,1.9018181818181816,2.8611999999999997,,,wheat_combined,07_01
207,2023,wheat_winter,1.0778181818181818,3.0064,2.6555573074137455,2.493849760811459,wheat_combined,07_01
207,2025,wheat_spring,2.6312280701754385,3.7405,3.6015474269518375,3.5110078755478282,wheat_combined,07_01
208,2022,wheat_spring,2.356923076923077,1.8747,,,wheat_combined,07_01
208,2023,wheat_spring,2.018076923076923,2.0981,2.8203289558946056,2.562001598743831,wheat_combined,07_01
208,2025,wheat_spring,3.8430769230769233,2.6100000000000003,3.79681756961316,3.8002799774308462,wheat_combined,07_01
209,2022,wheat_spring,2.6455775577557756,3.1563,,,wheat_combined,07_01
209,2023,wheat_winter,1.4815841584158416,3.1699,2.6566127846828884,2.388098426783058,wheat_combined,07_01
209,2024,wheat_winter,6.383948598130841,5.0459000000000005,3.507329911688438,3.3506379932710075,wheat_combined,07_01
210,2022,wheat_spring,3.0906122448979594,3.8599,,,wheat_combined,07_01
210,2024,wheat_winter,5.519493927125506,5.6729,3.7535314937933255,3.720073535087732,wheat_combined,07_01
212,2022,wheat_spring,3.1773529411764705,3.0978000000000003,,,wheat_combined,07_01
212,2023,wheat_spring,2.9445588235294116,1.7012,2.737864255006026,2.511507696187367,wheat_combined,07_01
212,2025,wheat_spring,1.7024264705882353,2.3390999999999997,3.090415161470836,3.0675233290662525,wheat_combined,07_01
213,2021,wheat_spring,1.3155714285714286,1.8895,,,wheat_combined,07_01
214,2021,wheat_spring,1.5857777777777775,2.0593,,,wheat_combined,07_01
215,2022,wheat_spring,2.858987341772152,2.9058,,,wheat_combined,07_01
215,2024,wheat_winter,4.476708860759494,4.1198999999999995,2.881848840062524,2.7900866568638554,wheat_combined,07_01
216,2022,wheat_spring,3.1270270270270273,3.7896,,,wheat_combined,07_01
216,2024,wheat_winter,5.342162162162162,4.7169,3.1744831856852733,3.0051481771173063,wheat_combined,07_01
217,2022,wheat_spring,3.063725490196078,3.4240000000000004,,,wheat_combined,07_01
217,2025,wheat_spring,2.5629901960784314,2.7976,3.097735719556201,3.1409914989719674,wheat_combined,07_01
218,2022,wheat_spring,2.1723076923076925,3.059,,,wheat_combined,07_01
218,2024,wheat_spring,4.027153846153846,3.5061,3.789491685272732,3.5519886215682153,wheat_combined,07_01
218,2025,wheat_spring,4.112820512820513,2.6811,3.6459799947354425,3.712768960167635,wheat_combined,07_01
219,2022,wheat_spring,2.827547619047619,3.0893,,,wheat_combined,07_01
219,2024,wheat_spring,3.6718380952380953,4.2484,3.7535578372187293,3.5431767634834146,wheat_combined,07_01
220,2022,wheat_spring,3.4832,3.0504,,,wheat_combined,07_01
220,2024,wheat_spring,3.12756,3.6352,3.650349131680553,3.590878018148902,wheat_combined,07_01
220,2025,wheat_spring,3.3072000000000004,3.0496,3.8414368730948656,3.733572842628906,wheat_combined,07_01
222,2022,wheat_spring,3.2700483870967743,2.65,,,wheat_combined,07_01
222,2024,wheat_spring,3.6562580645161287,3.1422999999999996,3.8246162697980006,3.7364154402505623,wheat_combined,07_01
223,2022,wheat_spring,3.2311428571428573,2.9854,,,wheat_combined,07_01
223,2024,wheat_spring,3.350857142857143,3.9329,3.7835137118394035,3.734060538398686,wheat_combined,07_01
224,2022,wheat_spring,3.079423076923077,3.1172999999999997,,,wheat_combined,07_01
224,2024,wheat_winter,5.0582692307692305,4.3833,3.1281897948070405,2.9815093215875796,wheat_combined,07_01
226,2022,wheat_spring,1.6934999999999998,3.1174,,,wheat_combined,07_01
226,2024,wheat_winter,4.9315,5.2123,3.4868995452694955,3.406963119993158,wheat_combined,07_01
227,2021,wheat_winter,2.8022285714285715,3.556,,,wheat_combined,07_01
227,2022,wheat_winter,2.217514450867052,2.6258,,,wheat_combined,07_01
228,2021,wheat_winter,2.4169491525423727,2.8911,,,wheat_combined,07_01
228,2022,wheat_spring,4.564745762711865,2.8893999999999997,,,wheat_combined,07_01
228,2023,wheat_winter,1.5016949152542372,2.3086,2.616686307548317,2.447337636202945,wheat_combined,07_01
228,2025,wheat_spring,3.004576271186441,3.2354,3.438547559789697,3.393233114043729,wheat_combined,07_01
229,2021,wheat_winter,2.9450000000000003,2.3245,,,wheat_combined,07_01
229,2022,wheat_spring,2.841666666666667,2.1967,,,wheat_combined,07_01
229,2023,wheat_winter,3.443333333333334,2.3579999999999997,2.6738670819682575,2.605094404970828,wheat_combined,07_01
229,2025,wheat_spring,3.5050000000000003,3.344,3.3358894797535834,3.3548586177010353,wheat_combined,07_01
230,2021,wheat_winter,2.123766816143498,2.4353,,,wheat_combined,07_01
230,2023,wheat_spring,1.1861413043478262,1.466,2.77648412719306,2.5395422465905546,wheat_combined,07_01
230,2025,wheat_spring,3.6687443946188343,3.2042,3.637998100208272,3.6786680599187442,wheat_combined,07_01
231,2021,wheat_winter,3.5988646288209605,3.1704,,,wheat_combined,07_01
231,2022,wheat_winter,1.5712340425531914,2.1225,,,wheat_combined,07_01
231,2024,wheat_spring,3.806382978723404,3.8621,3.833200354182363,3.6984304025195707,wheat_combined,07_01
232,2021,wheat_winter,3.1834437086092713,3.3893999999999997,,,wheat_combined,07_01
232,2022,wheat_winter,1.847837837837838,2.2283,,,wheat_combined,07_01
232,2024,wheat_spring,3.330304054054054,3.8087,3.8681306489892364,3.719619413578492,wheat_combined,07_01
233,2021,wheat_winter,3.6453846153846152,3.2509,,,wheat_combined,07_01
234,2021,wheat_winter,5.389142857142858,2.7121,,,wheat_combined,07_01
234,2022,wheat_spring,3.975428571428571,3.5385,,,wheat_combined,07_01
234,2023,wheat_winter,1.7062857142857142,2.5372,2.7813117390719237,2.761521961432842,wheat_combined,07_01
235,2021,wheat_winter,7.105,2.9204999999999997,,,wheat_combined,07_01
235,2023,wheat_spring,2.2,1.3443,2.933442583590977,2.9618994421307496,wheat_combined,07_01
236,2021,wheat_winter,2.8605,3.6236,,,wheat_combined,07_01
236,2023,wheat_spring,2.520375,2.0578,2.8649023026669984,2.7335040012592846,wheat_combined,07_01
237,2021,wheat_winter,3.2366666666666664,2.6663,,,wheat_combined,07_01
237,2023,wheat_spring,1.6025,1.9659,2.7808131245464116,2.602051565319662,wheat_combined,07_01
238,2021,wheat_winter,3.3530555555555552,3.2328,,,wheat_combined,07_01
238,2023,wheat_spring,2.198888888888889,2.1087,2.7853260703205858,2.5801722465292047,wheat_combined,07_01
239,2021,wheat_winter,3.16017094017094,3.4796,,,wheat_combined,07_01
241,2021,wheat_winter,1.9516049382716052,1.6204,,,wheat_combined,07_01
242,2021,wheat_winter,2.205483870967742,3.7603,,,wheat_combined,07_01
242,2022,wheat_spring,3.68225806451613,3.1846,,,wheat_combined,07_01
242,2023,wheat_winter,1.7032258064516128,2.3297999999999996,2.6183983587861945,2.4462076746180266,wheat_combined,07_01
244,2021,wheat_winter,2.4169811320754717,3.4369,,,wheat_combined,07_01
244,2022,wheat_spring,4.193867924528302,3.004,,,wheat_combined,07_01
244,2024,wheat_spring,2.730603773584906,3.3948,3.84933326646408,3.925394789613945,wheat_combined,07_01
246,2021,wheat_winter,2.612439024390244,2.7712,,,wheat_combined,07_01
246,2022,wheat_spring,1.6465853658536589,3.405,,,wheat_combined,07_01
246,2024,wheat_spring,3.884073170731708,3.7398,3.7674563777043337,3.742406368064948,wheat_combined,07_01
247,2021,wheat_winter,3.5429431438127086,4.1498,,,wheat_combined,07_01
247,2022,wheat_winter,1.5000662251655628,1.9231000000000005,,,wheat_combined,07_01
247,2024,wheat_spring,2.6623311258278144,4.2515,3.844649803455457,3.6772525511759957,wheat_combined,07_01
248,2021,wheat_winter,2.4291851851851853,2.4187000000000003,,,wheat_combined,07_01
248,2023,wheat_winter,2.141,3.2104,2.700421442555973,2.578131874533825,wheat_combined,07_01
248,2025,wheat_spring,3.630296296296296,3.5269,3.5574889918220753,3.4298037915949395,wheat_combined,07_01
249,2021,wheat_winter,2.7772222222222225,3.6117,,,wheat_combined,07_01
250,2021,wheat_winter,2.271818181818182,2.7935,,,wheat_combined,07_01
250,2023,wheat_spring,2.1600980392156863,2.5116,2.748005735131219,2.565431907316329,wheat_combined,07_01
251,2021,wheat_winter,3.0763779527559056,2.5177,,,wheat_combined,07_01
251,2024,wheat_spring,3.611023622047244,3.0145,3.9907775375612244,3.9185375139184515,wheat_combined,07_01
252,2021,wheat_winter,2.8787951807228915,2.2507,,,wheat_combined,07_01
252,2022,wheat_winter,2.358144578313253,3.0398,,,wheat_combined,07_01
252,2024,wheat_spring,3.254939759036145,2.9184,3.619064672801544,3.468942801632444,wheat_combined,07_01
253,2021,wheat_winter,2.4343529411764706,2.3579999999999997,,,wheat_combined,07_01
253,2024,wheat_spring,3.896,3.373,3.92186714878775,3.7440082637463172,wheat_combined,07_01
254,2021,wheat_winter,2.1813513513513514,3.4081,,,wheat_combined,07_01
254,2025,wheat_spring,4.105608108108108,3.1245000000000003,3.4645167179437726,3.330303773261276,wheat_combined,07_01
255,2021,wheat_spring,3.495357142857143,3.0059,,,wheat_combined,07_01
255,2024,wheat_spring,4.0148214285714285,3.663,3.6778849389011494,3.5072541164484763,wheat_combined,07_01
256,2021,wheat_spring,3.488928571428571,3.22,,,wheat_combined,07_01
256,2023,wheat_winter,1.0053571428571428,2.6978999999999997,2.617176063509585,2.370055714015402,wheat_combined,07_01
256,2024,wheat_spring,5.977232142857143,4.3854,3.6506136517396905,3.4435206535574094,wheat_combined,07_01
257,2021,wheat_spring,5.5088888888888885,3.1437999999999997,,,wheat_combined,07_01
257,2023,wheat_spring,2.75025,2.3837,2.876455363927226,2.857803653555057,wheat_combined,07_01
258,2021,wheat_spring,3.369101123595506,3.0327,,,wheat_combined,07_01
258,2023,wheat_spring,1.3868539325842697,1.7635999999999998,2.789902953454546,2.6014266423163432,wheat_combined,07_01
258,2024,wheat_spring,5.062359550561798,3.8498,3.7886425070835648,3.7163178933179157,wheat_combined,07_01
259,2021,wheat_spring,3.2456022408963587,2.995,,,wheat_combined,07_01
259,2023,wheat_spring,1.08003081232493,1.9803,2.7913902150487404,2.580023686444048,wheat_combined,07_01
259,2025,wheat_spring,2.1594957983193277,2.3034,3.0429495987598685,2.904715045450122,wheat_combined,07_01
260,2021,wheat_spring,4.1022,3.1416,,,wheat_combined,07_01
260,2024,wheat_spring,3.2132,3.8888,3.805336647187291,3.7179273929524164,wheat_combined,07_01
261,2021,wheat_spring,5.387428571428572,2.9578,,,wheat_combined,07_01
261,2022,wheat_spring,4.008571428571429,3.1271,,,wheat_combined,07_01
261,2024,wheat_spring,4.122771428571428,3.9355,3.7651016953181413,3.750938214911673,wheat_combined,07_01
262,2021,wheat_spring,4.116052631578947,3.2009999999999996,,,wheat_combined,07_01
262,2023,wheat_spring,1.9040657894736843,1.484,2.8070330436605215,2.5894626824887137,wheat_combined,07_01
262,2024,wheat_spring,4.339473684210526,2.9555,3.7625007022543744,3.6223161755226263,wheat_combined,07_01
263,2021,wheat_spring,3.779,3.089,,,wheat_combined,07_01
263,2023,wheat_spring,1.15425,1.7765999999999995,2.8915822674729217,2.8052889524999727,wheat_combined,07_01
264,2021,wheat_spring,3.725,4.1563,,,wheat_combined,07_01
264,2023,wheat_spring,3.37975,1.5632,2.870561730198811,2.8071258013999576,wheat_combined,07_01
265,2021,wheat_spring,3.063,2.9982,,,wheat_combined,07_01
265,2023,wheat_spring,1.308,2.217,2.8898931434637487,2.9641835830398677,wheat_combined,07_01
266,2021,wheat_spring,3.4250000000000003,3.1519,,,wheat_combined,07_01
266,2023,wheat_spring,1.1466666666666667,1.524,2.8428084253963246,2.725464751342057,wheat_combined,07_01
267,2021,wheat_spring,3.725,3.429,,,wheat_combined,07_01
268,2021,wheat_spring,3.504,3.0507999999999997,,,wheat_combined,07_01
268,2023,wheat_spring,2.2885,2.4839,2.831557957081321,2.6997444096297247,wheat_combined,07_01
269,2021,wheat_spring,3.465045045045045,3.281,,,wheat_combined,07_01
269,2023,wheat_spring,1.7825225225225227,1.9164,2.7803362994141168,2.552396544355579,wheat_combined,07_01
269,2024,wheat_spring,4.250810810810811,3.3165,3.788285809514364,3.8242991133830837,wheat_combined,07_01
270,2021,wheat_spring,4.891379310344828,3.121,,,wheat_combined,07_01
271,2021,wheat_spring,4.884745762711864,4.0641,,,wheat_combined,07_01
271,2022,wheat_spring,2.6278644067796613,2.8655999999999997,,,wheat_combined,07_01
271,2024,wheat_spring,3.931627118644068,3.9844,3.842479532510163,3.775402670079641,wheat_combined,07_01
272,2022,wheat_spring,3.301764705882353,3.377,,,wheat_combined,07_01
272,2024,wheat_spring,4.2312,4.0394,3.922688566225128,3.932018891006419,wheat_combined,07_01
272,2025,wheat_spring,3.1792,3.4718000000000004,3.852849153482328,3.838455579472557,wheat_combined,07_01
273,2022,wheat_winter,2.052962962962963,3.3161,,,wheat_combined,07_01
273,2023,wheat_winter,1.0088888888888887,2.5915,2.6331487084127856,2.351098291081138,wheat_combined,07_01
273,2025,wheat_spring,4.41962962962963,4.3505,3.954491122936938,3.9672364783172815,wheat_combined,07_01
274,2022,wheat_winter,2.5334061135371178,2.3152999999999997,,,wheat_combined,07_01
274,2023,wheat_winter,1.0836363636363635,2.2151,2.7335411020454106,2.671347131938269,wheat_combined,07_01
274,2025,wheat_spring,4.091004366812228,4.1602,3.8223253400311323,3.71593092047819,wheat_combined,07_01
276,2022,wheat_spring,2.9274193548387095,2.674,,,wheat_combined,07_01
276,2024,wheat_spring,3.63741935483871,3.1651,3.777766831378196,3.7414206251519406,wheat_combined,07_01
276,2025,wheat_spring,1.4903225806451614,3.8268,3.670356480803846,3.7711508763203367,wheat_combined,07_01
277,2022,wheat_spring,1.5733333333333333,3.5677999999999996,,,wheat_combined,07_01
277,2024,wheat_spring,4.257866666666667,2.9927,3.711689746152075,3.691571544789012,wheat_combined,07_01
277,2025,wheat_spring,1.9090666666666667,3.1645,3.588455183798302,3.6807821308198703,wheat_combined,07_01
278,2023,wheat_spring,1.7219565217391304,1.0815,2.9511830378542974,2.8613294096874062,wheat_combined,07_01
278,2025,wheat_winter,3.899173913043478,2.166,3.2871940992777438,3.168956399005771,wheat_combined,07_01
279,2023,wheat_spring,1.069090909090909,1.6907,2.8812225839151804,2.7618394017526384,wheat_combined,07_01
279,2025,wheat_winter,4.40060606060606,3.646500000000001,3.4827776438029727,3.431595114383787,wheat_combined,07_01
280,2023,wheat_spring,1.953478260869565,2.4156,2.6990661137995144,2.5617749088464477,wheat_combined,07_01
282,2023,wheat_spring,1.9701702127659575,2.4669,2.6854139471572958,2.5688346094560917,wheat_combined,07_01
283,2023,wheat_spring,1.430253164556962,1.3008,2.774007099884853,2.6829790950859493,wheat_combined,07_01
284,2021,wheat_spring,3.5273333333333334,3.4177,,,wheat_combined,07_01
286,2021,wheat_spring,3.971888888888889,3.0801,,,wheat_combined,07_01
286,2023,wheat_spring,1.291111111111111,2.0433,2.8699382233718116,2.906217127831469,wheat_combined,07_01
288,2021,wheat_spring,3.5825,2.7502,,,wheat_combined,07_01
288,2023,wheat_spring,1.445,1.643,2.860377942385609,2.89198384098547,wheat_combined,07_01
289,2021,wheat_spring,3.8523529411764703,3.2423,,,wheat_combined,07_01
289,2023,wheat_spring,1.2705882352941178,1.6193000000000002,2.9074716400439877,2.766855146553279,wheat_combined,07_01
291,2021,wheat_spring,3.172833333333333,3.745600000000001,,,wheat_combined,07_01
291,2023,wheat_spring,1.5506666666666666,1.8809,2.8378236842300533,2.7862187048479083,wheat_combined,07_01
292,2022,wheat_spring,2.2251000000000003,3.1256,,,wheat_combined,07_01
292,2024,wheat_spring,4.2,3.2398,3.63974877121435,3.5204050143000645,wheat_combined,07_01
293,2022,wheat_spring,2.6255842696629212,2.7234000000000003,,,wheat_combined,07_01
293,2024,wheat_spring,3.62561797752809,3.3377000000000003,4.048266549577599,4.134687299739269,wheat_combined,07_01
295,2025,wheat_spring,4.596137931034483,3.5687,4.004737059202756,4.040450522838048,wheat_combined,07_01
296,2025,wheat_winter,4.57658947368421,4.4316,4.008882373238248,3.9725705198620904,wheat_combined,07_01
297,2021,wheat_spring,3.676,3.5595999999999997,,,wheat_combined,07_01
297,2023,wheat_spring,2.572,1.598,2.8095143398475355,2.6897434089892966,wheat_combined,07_01
298,2024,wheat_spring,3.408333333333333,3.5770000000000004,4.031584822791826,4.005627311644096,wheat_combined,07_01
299,2021,wheat_winter,3.2053456221198156,3.1094,,,wheat_combined,07_01
299,2022,wheat_winter,4.0,3.2609000000000004,,,wheat_combined,07_01
300,2021,wheat_winter,2.8021818181818183,2.6851,,,wheat_combined,07_01
300,2022,wheat_winter,2.810545454545455,2.6275,,,wheat_combined,07_01
301,2021,wheat_winter,2.3384115523465705,2.0373,,,wheat_combined,07_01
301,2022,wheat_winter,3.303068592057762,3.2837000000000005,,,wheat_combined,07_01
301,2024,wheat_spring,2.888086642599278,4.15,3.4334888980745384,3.455542600468149,wheat_combined,07_01
302,2021,wheat_spring,2.160754716981132,2.1026,,,wheat_combined,07_01
302,2023,wheat_spring,2.0,2.086,2.8469272260690413,2.646302021808144,wheat_combined,07_01
303,2025,wheat_winter,5.6745,5.652,3.933940957649573,3.8580548210712142,wheat_combined,07_01
304,2023,wheat_spring,2.142857142857143,1.6225,2.8467356347090598,2.712943078553754,wheat_combined,07_01
304,2024,wheat_spring,4.071428571428571,3.834000000000001,3.953185911331146,4.134576676743531,wheat_combined,07_01
305,2022,wheat_spring,3.257047619047619,3.5012,,,wheat_combined,07_01
305,2024,wheat_winter,5.032571428571428,5.5272,3.4069459202992776,3.445365321793303,wheat_combined,07_01
306,2022,wheat_spring,3.6619574468085103,3.5087,,,wheat_combined,07_01
306,2023,wheat_winter,2.523404255319149,2.3137,2.7183324928692407,2.662790117633123,wheat_combined,07_01
306,2025,wheat_spring,4.320425531914894,4.1558,3.5925061902893685,3.618660305710293,wheat_combined,07_01
307,2021,wheat_winter,1.828235294117647,3.6536,,,wheat_combined,07_01
308,2022,wheat_spring,2.0782828282828283,3.2978,,,wheat_combined,07_01
308,2024,wheat_winter,6.613961038961039,6.0019,3.3680519079419686,3.408948670711914,wheat_combined,07_01
310,2022,wheat_spring,4.9725,4.8922,,,wheat_combined,07_01
310,2024,wheat_spring,3.763636363636364,3.5579,3.8120814398005822,3.8997504194903803,wheat_combined,07_01
311,2022,wheat_winter,3.1785470085470084,3.1844,,,wheat_combined,07_01
311,2024,wheat_spring,3.9819827586206897,4.0912999999999995,3.9492535111031293,4.024265984428447,wheat_combined,07_01
312,2023,wheat_spring,1.8715789473684212,2.0492999999999997,2.8090524020803374,2.8747579735428217,wheat_combined,07_01
313,2022,wheat_spring,3.3391818181818183,3.7147,,,wheat_combined,07_01
313,2025,wheat_winter,5.320641711229947,4.2306,3.613522060587928,3.6400420449003725,wheat_combined,07_01
314,2022,wheat_spring,3.765161290322581,3.629399999999999,,,wheat_combined,07_01
314,2024,wheat_winter,5.3133067729083665,4.5685,3.196204842090776,3.2351012577220026,wheat_combined,07_01
315,2022,wheat_spring,3.067894736842105,3.3899999999999997,,,wheat_combined,07_01
315,2023,wheat_spring,2.289473684210526,2.4754,2.8288446665319458,2.774571526700726,wheat_combined,07_01
316,2021,wheat_spring,3.35448275862069,2.5179,,,wheat_combined,07_01
316,2023,wheat_winter,2.6882758620689655,1.9064,2.6747398637256454,2.5382950254714713,wheat_combined,07_01
317,2022,wheat_spring,3.5861271676300577,3.9486,,,wheat_combined,07_01
317,2024,wheat_winter,4.679032258064516,4.5053,3.419818234503773,3.4207192837531384,wheat_combined,07_01
318,2022,wheat_spring,4.166502057613169,3.3954,,,wheat_combined,07_01
318,2023,wheat_winter,2.1609876543209876,2.1624,2.7152140160357963,2.618539569558023,wheat_combined,07_01
318,2025,wheat_spring,4.45625,3.7817,3.617713995474387,3.6370765396297924,wheat_combined,07_01
319,2023,wheat_winter,1.892156862745098,2.0064,2.748306090072719,2.6395852916885447,wheat_combined,07_01
319,2025,wheat_spring,4.713333333333333,3.531,3.6988430646992536,3.781200984943914,wheat_combined,07_01
320,2021,wheat_spring,3.9986666666666664,3.4893,,,wheat_combined,07_01
320,2023,wheat_winter,1.4966666666666666,2.1379,2.8376351865866365,2.795525629027983,wheat_combined,07_01
320,2025,wheat_spring,5.241333333333333,4.1115,3.904375123781978,3.756990570850119,wheat_combined,07_01
321,2021,wheat_spring,3.118865979381443,2.9139,,,wheat_combined,07_01
321,2023,wheat_winter,2.4504123711340204,2.1239,2.755389435382299,2.7498004477455447,wheat_combined,07_01
321,2025,wheat_spring,5.011076923076923,4.2523,3.6005124335300427,3.6198145866795546,wheat_combined,07_01
322,2021,wheat_spring,3.403835616438356,3.1239999999999997,,,wheat_combined,07_01
322,2023,wheat_spring,3.1232876712328768,2.2018999999999997,2.8147923519632965,2.7750752621478454,wheat_combined,07_01
323,2021,wheat_spring,2.7504545454545455,2.6267,,,wheat_combined,07_01
323,2023,wheat_spring,2.987012987012987,2.2935,2.800056624333155,2.791308470092574,wheat_combined,07_01
323,2024,wheat_winter,4.966298701298701,5.0912999999999995,3.418015007577388,3.455768073026022,wheat_combined,07_01
324,2021,wheat_spring,3.4877777777777776,2.7978,,,wheat_combined,07_01
324,2023,wheat_spring,2.1296296296296298,2.5347,3.250186294920852,3.3295130978743646,wheat_combined,07_01
325,2021,wheat_spring,3.5964705882352943,2.7414,,,wheat_combined,07_01
325,2023,wheat_spring,2.1070588235294117,2.8832,2.9244749399619083,2.941279456066785,wheat_combined,07_01
327,2021,wheat_spring,4.412475247524752,3.5446,,,wheat_combined,07_01
327,2024,wheat_spring,4.303030303030303,4.4445,3.9814242941679696,4.088152204013298,wheat_combined,07_01
328,2021,wheat_spring,1.515294117647059,1.4171,,,wheat_combined,07_01
328,2022,wheat_winter,2.5023529411764707,3.8293,,,wheat_combined,07_01
329,2021,wheat_spring,3.485,2.9349,,,wheat_combined,07_01
330,2021,wheat_spring,3.468137931034483,2.8909,,,wheat_combined,07_01
330,2024,wheat_spring,3.373384030418251,3.6039,3.778061069580236,3.793162642719958,wheat_combined,07_01
331,2021,wheat_spring,3.196,2.8387,,,wheat_combined,07_01
331,2022,wheat_winter,2.234714285714286,2.3358,,,wheat_combined,07_01
331,2024,wheat_spring,4.017571428571429,3.1,3.8502993265930794,3.897158486487375,wheat_combined,07_01
332,2021,wheat_spring,2.784181034482758,3.3049999999999997,,,wheat_combined,07_01
332,2023,wheat_spring,2.2198275862068964,2.2326,2.8735958619661703,2.821901408054337,wheat_combined,07_01
333,2021,wheat_spring,3.365379746835443,2.2743,,,wheat_combined,07_01
333,2023,wheat_spring,2.329113924050633,2.4387,2.8250178535268446,2.8301681929784475,wheat_combined,07_01
334,2021,wheat_spring,3.1403749999999997,3.1044,,,wheat_combined,07_01
334,2023,wheat_spring,3.24375,2.1475,2.937637843278148,2.9172453211862677,wheat_combined,07_01
335,2021,wheat_spring,3.134623655913978,3.3575000000000004,,,wheat_combined,07_01
335,2023,wheat_spring,3.01980198019802,1.9441,2.971239707412305,2.9127900014215613,wheat_combined,07_01
336,2021,wheat_spring,3.555333333333333,3.4055,,,wheat_combined,07_01
336,2023,wheat_spring,3.5246666666666666,3.0418,3.22333599745245,3.3345825651597676,wheat_combined,07_01
337,2021,wheat_spring,3.2880000000000003,2.3593,,,wheat_combined,07_01
337,2023,wheat_spring,1.825,2.6159,3.299080115835077,3.345519093602895,wheat_combined,07_01
338,2021,wheat_spring,2.9725,2.2576,,,wheat_combined,07_01
338,2023,wheat_spring,1.30125,2.896,3.0518923685766635,3.0716620063146176,wheat_combined,07_01
339,2021,wheat_spring,4.1225,2.9798,,,wheat_combined,07_01
339,2023,wheat_spring,1.4583333333333333,2.4658,2.9646767029249537,2.8887767900167742,wheat_combined,07_01
339,2024,wheat_spring,3.623333333333333,1.6454999999999995,3.3117968689120723,3.393804197947601,wheat_combined,07_01
339,2025,wheat_spring,5.5616666666666665,3.7984,3.837048072057961,3.936286561917692,wheat_combined,07_01
340,2023,wheat_spring,3.4262295081967213,2.5234,2.776427883259902,2.6963841480903477,wheat_combined,07_01
341,2023,wheat_spring,1.7916666666666667,2.9345,2.74806814596222,2.654739409930604,wheat_combined,07_01
342,2021,wheat_winter,1.9413636363636364,3.7936,,,wheat_combined,07_01
342,2023,wheat_spring,2.340909090909091,3.0209,3.136513473678937,3.274638404905198,wheat_combined,07_01
343,2022,wheat_winter,3.422857142857143,2.9443,,,wheat_combined,07_01
344,2022,wheat_spring,4.158762886597938,3.2097,,,wheat_combined,07_01
344,2024,wheat_winter,5.747422680412371,5.2086,3.5972731757143346,3.636458095087482,wheat_combined,07_01
345,2022,wheat_spring,4.4988,3.1092,,,wheat_combined,07_01
345,2024,wheat_spring,3.306666666666667,4.2535,3.7171802822870976,3.7193720321111297,wheat_combined,07_01
346,2022,wheat_spring,4.4437837837837835,3.8421,,,wheat_combined,07_01
346,2024,wheat_winter,7.144324324324324,5.6759,3.519841428942018,3.565631390287014,wheat_combined,07_01
347,2022,wheat_spring,2.773898305084746,,,,wheat_combined,07_01
347,2023,wheat_winter,1.3714285714285714,2.3535,2.6048955082262055,2.343722438484702,wheat_combined,07_01
347,2025,wheat_spring,4.076491228070176,3.8152,3.5959193171501944,3.589441351246187,wheat_combined,07_01
349,2022,wheat_spring,3.5331707317073175,3.6122,,,wheat_combined,07_01
350,2022,wheat_spring,3.551338582677165,2.8885,,,wheat_combined,07_01
350,2024,wheat_spring,4.731968503937008,4.6448,3.8246374705291815,3.780591346869987,wheat_combined,07_01
351,2021,wheat_spring,4.5,3.0916,,,wheat_combined,07_01
352,2022,wheat_spring,4.080747663551402,3.1329,,,wheat_combined,07_01
352,2024,wheat_winter,6.125981308411215,3.9843,3.059327335067571,2.749467337632842,wheat_combined,07_01
353,2022,wheat_spring,3.905208333333333,3.1005,,,wheat_combined,07_01
354,2022,wheat_spring,3.8073417721518985,3.4005,,,wheat_combined,07_01
355,2022,wheat_spring,4.668571428571428,3.2415999999999996,,,wheat_combined,07_01
356,2022,wheat_spring,3.2897701149425287,3.5805999999999996,,,wheat_combined,07_01
356,2024,wheat_spring,3.905747126436782,4.189,3.771207820758195,3.699506727094616,wheat_combined,07_01
358,2022,wheat_spring,3.628433734939759,3.9239,,,wheat_combined,07_01
358,2025,wheat_spring,4.909156626506024,4.7485,3.939767718873517,3.7664664341480716,wheat_combined,07_01
359,2022,wheat_spring,3.3601315789473687,4.4251,,,wheat_combined,07_01
359,2024,wheat_winter,4.423552631578947,4.3869,3.607687347209353,3.6605957713719466,wheat_combined,07_01
360,2022,wheat_spring,2.936875,3.4680999999999997,,,wheat_combined,07_01
361,2022,wheat_spring,4.357,3.2476999999999996,,,wheat_combined,07_01
361,2024,wheat_spring,4.7005,4.6591000000000005,3.819198588599389,3.778833393669694,wheat_combined,07_01
362,2022,wheat_spring,3.5694017094017094,3.2365000000000004,,,wheat_combined,07_01
362,2023,wheat_spring,3.3333333333333335,2.8536,2.7524920242309476,2.5475011608118585,wheat_combined,07_01
362,2025,wheat_spring,3.5128205128205128,3.8536,3.7225741357209383,3.5945495607673084,wheat_combined,07_01
363,2022,wheat_spring,4.46025974025974,2.8952,,,wheat_combined,07_01
363,2024,wheat_spring,3.9771428571428578,3.7111,3.807316960861872,3.80624113136672,wheat_combined,07_01
364,2022,wheat_spring,4.104166666666667,2.9541,,,wheat_combined,07_01
364,2025,wheat_spring,5.088333333333334,4.084300000000001,3.8542238864167677,3.7534908050527864,wheat_combined,07_01
365,2022,wheat_spring,3.8606666666666665,3.2060000000000004,,,wheat_combined,07_01
365,2025,wheat_spring,4.023333333333333,3.7074,3.762548096826042,3.772248176284193,wheat_combined,07_01
366,2021,wheat_winter,3.398571428571429,4.0013,,,wheat_combined,07_01
367,2021,wheat_winter,3.9545454545454546,3.8603,,,wheat_combined,07_01
367,2022,wheat_spring,2.5854545454545454,,,,wheat_combined,07_01
367,2024,wheat_spring,3.952121212121212,4.6094,3.5991996097794527,3.5055641212790936,wheat_combined,07_01
368,2021,wheat_winter,3.623850267379679,3.3354,,,wheat_combined,07_01
368,2023,wheat_spring,2.5308108108108107,1.5825,2.757536066159339,2.6069625141810726,wheat_combined,07_01
369,2021,wheat_winter,4.096243093922651,3.3883,,,wheat_combined,07_01
369,2023,wheat_spring,2.2557597173144877,1.7963999999999998,2.7538486009164096,2.57268452333098,wheat_combined,07_01
370,2021,wheat_winter,1.752,4.0399,,,wheat_combined,07_01
370,2023,wheat_spring,1.709230769230769,2.6358,3.044354239636325,3.008036198662256,wheat_combined,07_01
370,2025,wheat_winter,3.573846153846154,3.757800000000001,3.8816928519538596,3.8064082920816946,wheat_combined,07_01
371,2021,wheat_winter,2.0984615384615384,3.6546,,,wheat_combined,07_01
371,2022,wheat_spring,3.946153846153846,,,,wheat_combined,07_01
371,2024,wheat_spring,5.176923076923076,4.889200000000001,3.4668837919498974,3.3546655130922285,wheat_combined,07_01
372,2021,wheat_winter,1.01,2.4677,,,wheat_combined,07_01
372,2022,wheat_spring,3.702222222222222,3.1067,,,wheat_combined,07_01
373,2021,wheat_winter,3.087433628318584,3.3177,,,wheat_combined,07_01
373,2022,wheat_spring,2.2598326359832637,,,,wheat_combined,07_01
373,2024,wheat_spring,3.9784140969163,3.6927,3.7700914252757824,3.680263669205261,wheat_combined,07_01
374,2021,wheat_winter,4.776071428571428,3.5782,,,wheat_combined,07_01
374,2022,wheat_spring,3.8834615384615385,,,,wheat_combined,07_01
374,2024,wheat_spring,4.47921568627451,4.206,3.6357589474388687,3.6644147295435667,wheat_combined,07_01
375,2021,wheat_winter,2.206153846153846,3.7272,,,wheat_combined,07_01
375,2022,wheat_spring,4.341538461538462,,,,wheat_combined,07_01
375,2024,wheat_spring,4.658461538461538,4.4691,3.590244875456269,3.6223954387565636,wheat_combined,07_01
376,2021,wheat_winter,3.2995604395604397,3.5896999999999997,,,wheat_combined,07_01
377,2021,wheat_winter,3.4756521739130433,4.1545000000000005,,,wheat_combined,07_01
377,2022,wheat_spring,2.7578260869565216,,,,wheat_combined,07_01
377,2024,wheat_spring,3.7969565217391303,4.2158999999999995,3.6950120518549214,3.6498996961917305,wheat_combined,07_01
378,2021,wheat_spring,3.5507692307692307,3.946,,,wheat_combined,07_01
378,2022,wheat_spring,4.207179487179488,3.1805,,,wheat_combined,07_01
379,2021,wheat_winter,2.15444976076555,2.9137,,,wheat_combined,07_01
379,2022,wheat_spring,2.098357487922706,,,,wheat_combined,07_01
379,2024,wheat_spring,3.8770334928229664,3.772,3.9234953718099006,3.869615714494044,wheat_combined,07_01
380,2021,wheat_winter,1.9683333333333335,4.3027,,,wheat_combined,07_01
381,2021,wheat_spring,2.6253333333333333,3.4625,,,wheat_combined,07_01
381,2023,wheat_winter,2.849,3.0126999999999997,2.6486824042719697,2.467777005009884,wheat_combined,07_01
381,2025,wheat_spring,4.402295081967213,3.6499,3.825614799134933,3.712571261184648,wheat_combined,07_01
382,2021,wheat_spring,3.1325984251968504,3.9207,,,wheat_combined,07_01
382,2023,wheat_winter,1.8373228346456696,2.2022,2.6455021985066196,2.424082354879056,wheat_combined,07_01
382,2025,wheat_spring,5.214573643410852,4.131,3.935648186978088,3.825229169397973,wheat_combined,07_01
383,2021,wheat_spring,3.175263157894737,2.9693,,,wheat_combined,07_01
384,2021,wheat_spring,2.359225806451613,3.2428,,,wheat_combined,07_01
384,2023,wheat_winter,1.383483870967742,2.9309000000000003,2.680041851243514,2.4177976930667704,wheat_combined,07_01
386,2021,wheat_spring,3.405688073394496,3.0003,,,wheat_combined,07_01
386,2023,wheat_spring,2.941467889908257,2.2585,2.6925906413647347,2.4997281077910953,wheat_combined,07_01
386,2024,wheat_winter,5.172844036697248,5.0877,3.4930274401276082,3.5356829975826103,wheat_combined,07_01
387,2021,wheat_spring,2.964625,3.3234000000000004,,,wheat_combined,07_01
387,2024,wheat_spring,4.1988,3.7257,3.8750813871181533,3.8408659784622663,wheat_combined,07_01
388,2022,wheat_spring,3.236,,,,wheat_combined,07_01
388,2023,wheat_winter,2.2079999999999997,2.216,2.6414466708771536,2.390706082610497,wheat_combined,07_01
388,2025,wheat_spring,5.218999999999999,3.7337,3.705548499575897,3.596256138945019,wheat_combined,07_01
389,2023,wheat_spring,3.525714285714286,2.4513000000000003,3.3375593107359327,3.3851696843865198,wheat_combined,07_01
389,2024,wheat_spring,4.4775,4.3515,3.951630319968461,4.001772327105036,wheat_combined,07_01
390,2021,wheat_spring,3.203928571428571,2.8125,,,wheat_combined,07_01
390,2022,wheat_spring,2.420714285714286,,,,wheat_combined,07_01
390,2023,wheat_winter,2.6717857142857144,3.3547,2.646527515530094,2.4544602254719443,wheat_combined,07_01
390,2025,wheat_spring,4.868214285714286,3.9851,3.8822053927286637,3.799267114133027,wheat_combined,07_01
391,2021,wheat_spring,2.1729032258064516,3.3278,,,wheat_combined,07_01
391,2023,wheat_spring,2.02,1.8074,2.7393916171385158,2.527985199314292,wheat_combined,07_01
391,2024,wheat_spring,4.624375,4.5217,3.752828047300301,3.624802749568938,wheat_combined,07_01
392,2021,wheat_spring,4.514594594594595,3.8865,,,wheat_combined,07_01
392,2023,wheat_spring,1.2345945945945946,1.995,2.825155911541205,2.738406528826271,wheat_combined,07_01
392,2024,wheat_spring,4.623783783783784,3.892,3.785043246718951,3.7392269543101655,wheat_combined,07_01
393,2021,wheat_spring,2.9732142857142856,3.0046,,,wheat_combined,07_01
393,2023,wheat_spring,2.8076595744680852,2.554,2.7223238643442746,2.472948608877967,wheat_combined,07_01
393,2025,wheat_spring,4.924335664335664,4.1224,3.875521608749433,3.78197658570339,wheat_combined,07_01
394,2021,wheat_spring,3.00875,3.2466,,,wheat_combined,07_01
395,2021,wheat_spring,2.7353125,2.5719000000000003,,,wheat_combined,07_01
395,2024,wheat_spring,3.98,3.4768,3.730190396703353,3.8121151993444307,wheat_combined,07_01
395,2025,wheat_spring,4.1759375,2.9146,3.785742004531147,3.907457043232162,wheat_combined,07_01
396,2021,wheat_spring,4.163125,3.2404,,,wheat_combined,07_01
396,2023,wheat_spring,1.9825,2.0597000000000003,2.761569518973441,2.5644637348658477,wheat_combined,07_01
396,2024,wheat_spring,4.926060606060606,4.0654,3.7782497244894175,3.700677009425172,wheat_combined,07_01
397,2021,wheat_spring,2.062452830188679,2.5855,,,wheat_combined,07_01
397,2023,wheat_spring,2.456410256410256,2.4809,2.709621057240287,2.436773861082764,wheat_combined,07_01
397,2025,wheat_winter,2.1965,2.3763,3.8218482052705385,3.882799335849392,wheat_combined,07_01
398,2021,wheat_spring,4.766666666666667,3.4249,,,wheat_combined,07_01
400,2021,wheat_spring,3.56,3.0575,,,wheat_combined,07_01
401,2021,wheat_spring,4.2733333333333325,2.9671,,,wheat_combined,07_01
402,2022,wheat_spring,2.702702702702702,,,,wheat_combined,07_01
402,2023,wheat_winter,1.62,2.5265,2.570777734328929,2.299917359310904,wheat_combined,07_01
402,2025,wheat_spring,5.235135135135135,4.072699999999999,3.652424354984241,3.6913728927999605,wheat_combined,07_01
403,2021,wheat_spring,3.3825581395348836,2.8758,,,wheat_combined,07_01
403,2023,wheat_winter,2.048604651162791,2.2190000000000003,2.6460484532138615,2.4451807943807875,wheat_combined,07_01
403,2025,wheat_spring,5.734117647058823,3.2380000000000004,3.8275607920542876,3.6705866753623244,wheat_combined,07_01
405,2021,wheat_spring,3.4904093567251464,3.0448,,,wheat_combined,07_01
405,2022,wheat_spring,2.3405847953216377,,,,wheat_combined,07_01
405,2023,wheat_winter,2.1315789473684212,3.0728,2.6946078419502504,2.501183550953402,wheat_combined,07_01
406,2021,wheat_spring,2.9400000000000004,2.5004999999999997,,,wheat_combined,07_01
406,2024,wheat_spring,3.263478260869565,3.6705,3.838074800580145,3.859446811969228,wheat_combined,07_01
407,2022,wheat_spring,2.7733333333333334,,,,wheat_combined,07_01
407,2023,wheat_winter,2.304444444444444,2.4889,2.9500067574566993,2.985187304308487,wheat_combined,07_01
408,2021,wheat_spring,3.4680701754385965,2.7834,,,wheat_combined,07_01
408,2023,wheat_spring,1.656140350877193,1.551,2.7943946327628657,2.623450729244661,wheat_combined,07_01
408,2024,wheat_spring,4.508070175438596,2.4021999999999997,3.7156185869027185,3.6725154269449103,wheat_combined,07_01
409,2021,wheat_spring,2.427906976744186,2.6424,,,wheat_combined,07_01
409,2023,wheat_spring,2.5293023255813956,1.8624,2.7246295320224694,2.4917233412870066,wheat_combined,07_01
409,2024,wheat_spring,4.935348837209302,3.6374,3.7936811695778943,3.6241914220512847,wheat_combined,07_01
410,2021,wheat_spring,3.5784,3.098,,,wheat_combined,07_01
410,2023,wheat_spring,2.0831999999999997,2.0454,2.9587752668019496,2.87216516844658,wheat_combined,07_01
410,2024,wheat_spring,5.5360000000000005,3.9971,3.8982529972086537,3.9089071383785416,wheat_combined,07_01
411,2021,wheat_spring,3.3794202898550725,2.5873999999999997,,,wheat_combined,07_01
411,2023,wheat_spring,2.796521739130435,2.1238,2.722197701971898,2.4895236525902704,wheat_combined,07_01
411,2024,wheat_spring,2.626714285714286,3.6499,3.614783951756742,3.68254419478813,wheat_combined,07_01
412,2021,wheat_spring,3.440727272727273,3.1292,,,wheat_combined,07_01
412,2022,wheat_spring,2.478909090909091,,,,wheat_combined,07_01
412,2023,wheat_winter,3.3007272727272725,2.8512,2.645495451069876,2.307749625208996,wheat_combined,07_01
412,2025,wheat_spring,4.6632727272727275,3.8967,3.6900834940910503,3.700531111094879,wheat_combined,07_01
414,2021,wheat_spring,3.512465753424658,2.7015,,,wheat_combined,07_01
414,2023,wheat_spring,2.6454794520547944,1.9727,2.768394563010109,2.7109020076577632,wheat_combined,07_01
415,2021,wheat_spring,2.8478125,2.3477,,,wheat_combined,07_01
415,2022,wheat_spring,2.0121875,,,,wheat_combined,07_01
415,2024,wheat_spring,4.59875,3.3491999999999997,3.7617944789332296,3.767605212848298,wheat_combined,07_01
416,2021,wheat_spring,3.7137254901960786,2.6723,,,wheat_combined,07_01
416,2023,wheat_spring,2.5889605734767027,2.0873,2.6984535788985577,2.457788329448899,wheat_combined,07_01
416,2025,wheat_spring,5.082081784386617,4.7181,3.8320549570793663,3.7284998173683235,wheat_combined,07_01
418,2021,wheat_spring,2.963111111111111,3.1821,,,wheat_combined,07_01
418,2023,wheat_spring,3.197777777777778,2.1406,2.7331525441152626,2.51649363455964,wheat_combined,07_01
419,2021,wheat_spring,2.869818181818182,3.6451,,,wheat_combined,07_01
419,2023,wheat_winter,2.256727272727273,2.0972999999999997,2.608085382062582,2.3709066059815225,wheat_combined,07_01
419,2025,wheat_spring,4.669090909090909,3.539,3.9051050598176538,3.9029905946248094,wheat_combined,07_01
420,2021,wheat_spring,2.3181818181818183,4.6747,,,wheat_combined,07_01
421,2021,wheat_winter,2.9441818181818182,3.4158,,,wheat_combined,07_01
421,2023,wheat_spring,1.007259259259259,2.2146999999999997,2.7632204532714613,2.632670567734845,wheat_combined,07_01
422,2022,wheat_spring,3.4,2.9821,,,wheat_combined,07_01
422,2024,wheat_winter,5.087671232876712,4.9749,3.324884849456374,3.170655608393536,wheat_combined,07_01
423,2022,wheat_spring,3.2240449438202248,3.4507,,,wheat_combined,07_01
423,2024,wheat_spring,3.914067415730337,2.4316,3.75459029992195,3.5975444598596633,wheat_combined,07_01
424,2021,wheat_spring,2.652475247524752,2.355,,,wheat_combined,07_01
424,2023,wheat_winter,2.082970297029703,2.3227,2.6300111372761057,2.3522736760590037,wheat_combined,07_01
424,2025,wheat_spring,4.860784313725491,3.5783,3.6568216874526738,3.6693061247666474,wheat_combined,07_01
425,2021,wheat_spring,2.7649462365591395,2.8164,,,wheat_combined,07_01
425,2023,wheat_spring,2.559784946236559,2.4339,2.6560178135591737,2.4383432873276885,wheat_combined,07_01
426,2021,wheat_winter,4.262711864406779,4.277,,,wheat_combined,07_01
426,2023,wheat_spring,2.0303389830508474,2.1085000000000003,2.7622204883106574,2.617570686436019,wheat_combined,07_01
427,2022,wheat_spring,4.195806451612903,3.0419,,,wheat_combined,07_01
427,2024,wheat_spring,3.6002985074626865,3.4244,3.7684103304823253,3.708405769512726,wheat_combined,07_01
428,2022,wheat_spring,3.5535393258426966,2.4844,,,wheat_combined,07_01
428,2024,wheat_spring,4.379558011049724,3.1295,3.925538689250277,3.7714544281012063,wheat_combined,07_01
429,2023,wheat_spring,3.113636363636364,2.5518,2.8186877593461466,2.8763843023858673,wheat_combined,07_01
430,2021,wheat_winter,2.408648648648649,1.9939,,,wheat_combined,07_01
431,2021,wheat_winter,2.472,3.307,,,wheat_combined,07_01
432,2021,wheat_spring,2.851818181818182,4.0411,,,wheat_combined,07_01
432,2024,wheat_spring,3.878636363636363,4.1526000000000005,3.9866233539049745,4.002291277674372,wheat_combined,07_01
433,2021,wheat_winter,3.65,2.9941,,,wheat_combined,07_01
434,2021,wheat_spring,2.7960000000000003,2.5795000000000003,,,wheat_combined,07_01
435,2021,wheat_spring,3.1944444444444446,3.4945999999999997,,,wheat_combined,07_01
435,2022,wheat_spring,4.0846,3.7498,,,wheat_combined,07_01
435,2024,wheat_spring,3.000848484848485,4.2072,3.91439563587961,3.944969252190602,wheat_combined,07_01
436,2021,wheat_spring,3.0220689655172412,3.5115000000000003,,,wheat_combined,07_01
438,2022,wheat_spring,4.486875,2.8787,,,wheat_combined,07_01
440,2022,wheat_spring,3.4393548387096775,3.2708,,,wheat_combined,07_01
440,2024,wheat_spring,3.290574193548387,3.5326999999999997,3.9614955789637047,3.937715104555032,wheat_combined,07_01
441,2021,wheat_spring,4.001818181818182,3.1464,,,wheat_combined,07_01
441,2025,wheat_spring,3.986666666666667,3.0687,3.4145977464924164,3.2680538571299174,wheat_combined,07_01
444,2021,wheat_spring,3.512631578947368,3.1263,,,wheat_combined,07_01
445,2021,wheat_spring,1.8866666666666667,2.5293,,,wheat_combined,07_01
446,2021,wheat_spring,2.02,2.3211,,,wheat_combined,07_01
447,2021,wheat_spring,2.646666666666667,3.2517000000000005,,,wheat_combined,07_01
457,2024,wheat_spring,2.8333333333333335,4.5902,3.7083460877773815,3.808189502373458,wheat_combined,07_01
457,2025,wheat_spring,3.44,3.8606,3.907271286706922,4.059299142483754,wheat_combined,07_01
505,2022,wheat_spring,3.466521739130435,2.9643,,,wheat_combined,07_01
506,2022,wheat_spring,2.916875,3.2095999999999996,,,wheat_combined,07_01
510,2022,wheat_spring,4.543333333333334,3.8942,,,wheat_combined,07_01
512,2022,wheat_spring,1.7232222222222222,3.8891,,,wheat_combined,07_01
512,2024,wheat_spring,3.609692307692308,3.7114,4.012617783292239,4.062503999197109,wheat_combined,07_01
512,2025,wheat_spring,3.7007692307692306,2.8117,3.5099324155586307,3.414698110138013,wheat_combined,07_01
513,2023,wheat_spring,1.501304347826087,2.4618,2.898459439692401,2.7812272627065546,wheat_combined,07_01
513,2025,wheat_winter,4.506086956521739,4.1163,3.4149215118498324,3.3662371789671477,wheat_combined,07_01
514,2023,wheat_winter,2.0454545454545454,2.7962,2.8878155709976774,2.851564791595587,wheat_combined,07_01
604,2023,wheat_spring,2.1067846153846155,2.1026,2.959924551913148,3.041483248693663,wheat_combined,07_01
628,2025,wheat_spring,1.835298245614035,1.8497,3.1640598073617534,3.2408643433790867,wheat_combined,07_01
630,2023,wheat_spring,1.2423529411764709,1.9187,2.8328119353928036,2.692822994509645,wheat_combined,07_01
630,2025,wheat_spring,1.588235294117647,2.3499,3.24657692905002,3.223773606482821,wheat_combined,07_01
632,2025,wheat_spring,1.8557142857142856,1.902,3.1198143998964842,3.3567686358328936,wheat_combined,07_01
633,2025,wheat_winter,3.7351351351351343,3.7695,2.888584174286065,3.1508137956589812,wheat_combined,07_01
634,2024,wheat_spring,3.798571428571429,3.0839,3.1907378411837772,3.3560841677011797,wheat_combined,07_01
634,2025,wheat_spring,3.736,1.8753,3.134135349501551,3.2442424718553644,wheat_combined,07_01
635,2023,wheat_spring,2.004705882352941,2.3065,2.7734406893979435,2.5340799360722603,wheat_combined,07_01
635,2025,wheat_spring,3.4548,1.4618,3.1542332282227603,3.080766408575683,wheat_combined,07_01
636,2023,wheat_spring,2.0064912280701757,2.3227,2.8608263197127917,2.695696027903219,wheat_combined,07_01
636,2025,wheat_spring,2.5898245614035087,2.3172,2.904988560197372,2.7368857584993727,wheat_combined,07_01
643,2023,wheat_spring,1.622241379310345,2.2775,2.762095234163235,2.510000130168224,wheat_combined,07_01
643,2025,wheat_winter,3.3000000000000003,3.559,3.1589892540822606,3.259915316479609,wheat_combined,07_01
644,2023,wheat_spring,1.736,2.3145,2.892410224524764,2.8333500559955866,wheat_combined,07_01
644,2024,wheat_spring,2.470666666666667,2.5258,3.202460510106176,3.316808555139381,wheat_combined,07_01
650,2023,wheat_spring,2.649016393442623,1.7922,2.722372022617191,2.4971585012821302,wheat_combined,07_01
650,2024,wheat_spring,3.417966101694915,1.6122,2.814800050587873,2.7675201154445617,wheat_combined,07_01
653,2025,wheat_winter,4.073504273504274,4.0688,3.0722028361017704,3.302240706198325,wheat_combined,07_01
654,2023,wheat_spring,2.6425,2.2319,2.729654754736516,2.5027013455516607,wheat_combined,07_01
655,2024,wheat_spring,2.415263157894737,2.4664,2.776549601404094,2.6341024465642753,wheat_combined,07_01
659,2024,wheat_spring,2.440571428571429,3.8123,3.010142882102942,3.005041708158268,wheat_combined,07_01
660,2023,wheat_spring,1.762,1.8501,2.8378642971105603,2.6982784608275785,wheat_combined,07_01
661,2024,wheat_spring,3.669122807017544,2.8949000000000003,2.7648117825539287,2.756992795829352,wheat_combined,07_01
662,2023,wheat_spring,1.7616666666666667,2.4097,2.7409480575867815,2.4765299614987795,wheat_combined,07_01
663,2023,wheat_spring,2.649107142857143,1.7279,2.749733580624492,2.614334298239549,wheat_combined,07_01
663,2024,wheat_spring,3.4639285714285712,2.5735,2.662802834489069,2.593633561234402,wheat_combined,07_01
665,2023,wheat_spring,1.625,1.8,2.732244535819548,2.513881391301479,wheat_combined,07_01
666,2023,wheat_spring,1.6253191489361702,2.7341,2.71667655045347,2.505433593312036,wheat_combined,07_01
667,2024,wheat_winter,3.158260869565217,3.9417,2.619322591733665,2.6605750274648376,wheat_combined,07_01
668,2023,wheat_spring,1.5998675496688743,1.6603,2.7790242666836047,2.5965642272449787,wheat_combined,07_01
668,2025,wheat_spring,3.354501347708895,1.6291,3.1364993179973553,3.200023595866089,wheat_combined,07_01
669,2023,wheat_spring,1.5975471698113208,2.3396,2.7716400573423745,2.5524997553720024,wheat_combined,07_01
669,2024,wheat_spring,3.322641509433962,1.9042,2.942479071885668,3.0181749308888866,wheat_combined,07_01
671,2023,wheat_spring,1.7734375,2.3993,2.86606620852437,2.7504496752571375,wheat_combined,07_01
674,2024,wheat_spring,4.6898425196850395,2.6091,2.7700475222303353,2.7477967406578006,wheat_combined,07_01
675,2023,wheat_spring,2.008974358974359,2.6736,2.8682795345091194,2.6889887508687638,wheat_combined,07_01
675,2025,wheat_spring,2.8633540372670807,2.6282,2.9622292969235153,2.8148042611310093,wheat_combined,07_01
677,2023,wheat_spring,2.2621428571428575,2.5428,2.839064240012707,2.712672667538232,wheat_combined,07_01
678,2023,wheat_spring,2.0062686567164176,2.2481,2.854057885531203,2.7149758873938907,wheat_combined,07_01
680,2023,wheat_spring,2.511463414634146,2.6251,2.904597335522143,2.7613094370777516,wheat_combined,07_01
685,2023,wheat_spring,3.021012658227848,2.4382,2.8742896290510487,2.671176307765169,wheat_combined,07_01
685,2024,wheat_spring,3.188607594936709,2.4297,2.66618066290965,2.6345891745865435,wheat_combined,07_01
689,2024,wheat_spring,1.1392307692307693,3.067,3.1493079589171327,3.238936626168451,wheat_combined,07_01
689,2025,wheat_spring,1.192,1.6065999999999998,2.9812018373517843,2.9239438686174486,wheat_combined,07_01
690,2023,wheat_spring,3.1429411764705883,2.6059,2.7645575447487993,2.604389580084237,wheat_combined,07_01
693,2023,wheat_spring,1.819387755102041,2.0911,2.8340566206503257,2.7209446671886566,wheat_combined,07_01
693,2025,wheat_spring,4.149532710280374,1.291,3.3724612648492043,3.4112100525751177,wheat_combined,07_01
694,2023,wheat_spring,1.8193939393939391,2.3399,2.825605432305113,2.7057422270606857,wheat_combined,07_01
694,2024,wheat_spring,1.9284848484848485,2.3099,3.1718037102410337,3.256432315766987,wheat_combined,07_01
694,2025,wheat_spring,3.8374193548387097,2.0683,3.180232485500385,3.280722007564803,wheat_combined,07_01
695,2023,wheat_spring,1.819,2.9157,2.8434732964884923,2.685681318762645,wheat_combined,07_01
696,2023,wheat_spring,1.7727777777777778,2.1914,2.888122163417167,2.7357349646930436,wheat_combined,07_01
696,2024,wheat_spring,4.205263157894737,2.7976,2.9618922581743465,3.0349261743509284,wheat_combined,07_01
698,2024,wheat_spring,3.18863309352518,1.7291,3.085357097607047,3.356265390298728,wheat_combined,07_01
698,2025,wheat_spring,3.1444444444444444,1.6623,3.136406640835353,3.1069080209614044,wheat_combined,07_01
699,2023,wheat_spring,3.144354838709677,1.9824,2.9415917933608786,2.8575259705502334,wheat_combined,07_01
699,2024,wheat_spring,1.9542857142857144,2.8974,2.593322426413267,2.767330824079331,wheat_combined,07_01
700,2023,wheat_spring,1.771777777777778,2.1039000000000003,2.876259710130546,2.738147294872276,wheat_combined,07_01
700,2024,wheat_spring,3.1551111111111108,2.5967,3.0412042230983083,3.1873157636727423,wheat_combined,07_01
701,2023,wheat_spring,2.263571428571429,1.7826,2.8278041187677205,2.704165267992251,wheat_combined,07_01
706,2023,wheat_spring,2.0191666666666666,2.0126,2.853520344040388,2.7258040192814716,wheat_combined,07_01
710,2023,wheat_spring,2.016111111111111,2.1780999999999997,2.8405607183858415,2.7411365965819043,wheat_combined,07_01
711,2023,wheat_spring,1.737764705882353,2.8049,2.958526535270622,2.784366264630041,wheat_combined,07_01
711,2025,wheat_spring,2.0722222222222224,1.7834,3.3334620305742733,3.350955677970842,wheat_combined,07_01
712,2024,wheat_spring,2.481875,2.6062000000000003,2.967224940522577,3.097574313326014,wheat_combined,07_01
713,2023,wheat_spring,1.738235294117647,1.6649999999999998,2.8973560476619045,2.8634338769246046,wheat_combined,07_01
715,2024,wheat_spring,3.2449664429530203,2.4591000000000003,2.8441850540574096,2.9651019816354287,wheat_combined,07_01
717,2024,wheat_spring,2.1251315789473684,2.5731,2.83857320857521,2.9930414036135637,wheat_combined,07_01
718,2023,wheat_spring,1.7971698113207548,1.8172,2.794791589719591,2.487958047869654,wheat_combined,07_01
722,2024,wheat_spring,3.143571428571428,3.2027,3.265844458413166,3.4388153731201663,wheat_combined,07_01
722,2025,wheat_spring,1.960740740740741,1.5339,3.174942801165123,3.23588825532197,wheat_combined,07_01
725,2025,wheat_spring,2.7949848942598186,2.7597,2.9566285283904112,3.052326336329102,wheat_combined,07_01
727,2024,wheat_spring,2.8123809523809524,2.8255,2.830522529976674,2.957648325242168,wheat_combined,07_01
728,2023,wheat_spring,2.0159649122807015,1.6682,2.7415301512486008,2.509226504769309,wheat_combined,07_01
728,2025,wheat_winter,3.3735849056603775,3.6992,3.2371292733789443,3.2923763432688475,wheat_combined,07_01
729,2023,wheat_spring,1.8895744680851063,2.0976,2.8687717560100685,2.746383603144283,wheat_combined,07_01
730,2024,wheat_spring,3.438636363636364,2.3389,2.724324453690787,2.851242306125873,wheat_combined,07_01
733,2023,wheat_spring,1.7423448275862068,2.8982,2.746184850733415,2.478392243779381,wheat_combined,07_01
735,2023,wheat_spring,2.44,2.3882000000000003,2.854455571441434,2.73437795719745,wheat_combined,07_01
736,2023,wheat_spring,2.1700925925925927,2.2428,2.8411990784495575,2.7504172009657113,wheat_combined,07_01
736,2025,wheat_winter,3.522429906542056,4.2637,3.3588945806622186,3.3979574667252637,wheat_combined,07_01
737,2023,wheat_spring,2.440300751879699,2.7865,2.7751550218074117,2.555104648489911,wheat_combined,07_01
737,2025,wheat_spring,3.047698113207547,2.5449,3.070558357005715,2.9367743259980874,wheat_combined,07_01
738,2024,wheat_spring,6.303508771929825,2.7621,2.753544950159165,2.7428249321529514,wheat_combined,07_01
741,2023,wheat_spring,1.904864864864865,2.3396999999999997,2.9424710610231197,2.7919578423004507,wheat_combined,07_01
742,2023,wheat_spring,1.904873949579832,2.3407,2.740109650507814,2.522992832148512,wheat_combined,07_01
742,2024,wheat_spring,3.900256410256411,3.1557,2.961704284353843,2.9912412282046024,wheat_combined,07_01
743,2023,wheat_spring,2.480392156862745,2.506,2.858096696181734,2.7881600416865044,wheat_combined,07_01
744,2024,wheat_spring,3.433069306930693,2.7495000000000003,3.097317176134296,3.33342881380731,wheat_combined,07_01
745,2024,wheat_spring,1.665,2.7433,3.29616528095915,3.42036944497867,wheat_combined,07_01
746,2023,wheat_spring,1.8734782608695653,2.4567,2.884493329225243,2.7792664739989172,wheat_combined,07_01
746,2024,wheat_spring,1.943478260869565,2.693,2.920873020495879,3.0110153639216928,wheat_combined,07_01
749,2025,wheat_spring,3.655757575757576,1.1992,3.112319913043752,3.065867354761232,wheat_combined,07_01
750,2024,wheat_spring,4.912765957446808,2.5259,2.6699643908887385,2.756757096216322,wheat_combined,07_01
754,2023,wheat_spring,3.142777777777778,1.6718,3.078983006917327,3.0532065033406943,wheat_combined,07_01
755,2023,wheat_spring,2.6428205128205127,2.6765999999999996,2.7578739888730572,2.6252856094656547,wheat_combined,07_01
756,2023,wheat_spring,3.143035714285714,2.3805,3.0673298293912854,3.053153316072574,wheat_combined,07_01
764,2023,wheat_spring,3.1446774193548386,3.0927,2.919804526845807,2.8391969919564257,wheat_combined,07_01
764,2024,wheat_spring,3.882903225806452,2.8918,2.615133581288754,2.7123321260364146,wheat_combined,07_01
766,2025,wheat_spring,3.126904761904762,1.6156,3.301400220315561,3.243413013152905,wheat_combined,07_01
767,2023,wheat_spring,1.6358536585365853,1.5985,2.8940142886004296,2.802771229468008,wheat_combined,07_01
767,2024,wheat_spring,1.4495,2.6399999999999997,3.4804406964831633,3.609110323526315,wheat_combined,07_01
768,2023,wheat_spring,1.9517391304347824,2.3278,2.8480544031224473,2.786682900581123,wheat_combined,07_01
768,2024,wheat_spring,2.5218181818181815,3.3338,3.0778904621820575,3.0963038826935363,wheat_combined,07_01
769,2023,wheat_spring,1.636,2.2626,2.852544862021557,2.859282927565116,wheat_combined,07_01
769,2024,wheat_spring,5.470144927536232,2.732,3.251957332477601,3.3474991114598986,wheat_combined,07_01
770,2023,wheat_spring,2.5348507462686567,3.2518,2.836373205744645,2.761008099458371,wheat_combined,07_01
770,2025,wheat_spring,3.468955223880597,1.4386,3.1674608422341737,3.2104376629852123,wheat_combined,07_01
771,2023,wheat_spring,2.154166666666667,2.4634,2.8682746729001742,2.8311833258187464,wheat_combined,07_01
771,2024,wheat_spring,4.969142857142857,3.0061,3.0915817288950054,3.2805377880635707,wheat_combined,07_01
772,2023,wheat_spring,2.643050847457627,2.1691,2.726752005421809,2.4951497359028436,wheat_combined,07_01
773,2024,wheat_spring,1.5847761194029852,2.5451,2.1269329328075894,1.9909574849174536,wheat_combined,07_01
774,2023,wheat_spring,2.6488888888888886,2.1260000000000003,2.7217178068472405,2.49162957277939,wheat_combined,07_01
774,2024,wheat_spring,4.308571428571429,2.9054,2.235430119298333,2.1813832959883177,wheat_combined,07_01
775,2023,wheat_spring,2.6489830508474577,1.8682,2.968604699728379,2.903891757457864,wheat_combined,07_01
775,2024,wheat_spring,3.02089552238806,2.3796,2.6510493558298394,2.688221263410582,wheat_combined,07_01
776,2024,wheat_spring,2.5763265306122447,3.4543,2.862521544860449,2.775932378039919,wheat_combined,07_01
777,2023,wheat_spring,1.736,2.3143,2.7483039475481044,2.4491589412075934,wheat_combined,07_01
777,2024,wheat_spring,3.336229508196721,3.0074,3.0661788856129184,3.1206958775049336,wheat_combined,07_01
778,2023,wheat_spring,1.7359090909090908,2.1901,2.8820674545498406,2.788718083011624,wheat_combined,07_01
778,2024,wheat_spring,4.464090909090909,2.2706,3.035429888056728,3.1432896920028917,wheat_combined,07_01
779,2023,wheat_spring,1.7360714285714285,1.6638000000000002,2.8483605291606064,2.740221802789658,wheat_combined,07_01
779,2024,wheat_spring,3.148,3.3299,3.089841059840592,3.317959730786978,wheat_combined,07_01
780,2023,wheat_spring,1.735769230769231,2.3235,2.86068820194493,2.747451584506287,wheat_combined,07_01
780,2024,wheat_spring,4.034666666666667,3.1198,2.886050122028288,2.9836579546653597,wheat_combined,07_01
781,2023,wheat_spring,1.736056338028169,2.1445,2.8609632594246537,2.7695169082060596,wheat_combined,07_01
782,2023,wheat_spring,3.1433333333333335,2.726,2.7608763393561646,2.6315030067695933,wheat_combined,07_01
784,2023,wheat_spring,1.7746153846153845,2.2054,2.7751573428222587,2.5332550333532033,wheat_combined,07_01
784,2024,wheat_spring,1.1116417910447762,3.0036,3.097255149226952,3.0663854993476525,wheat_combined,07_01
786,2023,wheat_spring,1.4060416666666666,1.5728,2.8318245852071193,2.693667002800207,wheat_combined,07_01
786,2024,wheat_spring,4.355714285714286,2.4987,2.9352503738153177,2.9471972990656155,wheat_combined,07_01
786,2025,wheat_spring,1.8527272727272728,1.8205,3.110108731374183,3.091422808992716,wheat_combined,07_01
787,2024,wheat_spring,3.1833333333333336,2.4468,2.8085664785632463,2.857644653822562,wheat_combined,07_01
788,2024,wheat_spring,1.9296774193548387,2.5076,2.6844340699359295,2.658389398269315,wheat_combined,07_01
788,2025,wheat_spring,3.813379310344828,2.1114,2.991967214480861,2.879980736136331,wheat_combined,07_01
789,2024,wheat_spring,3.867674418604651,2.0344,3.031078524037239,3.1885261709894523,wheat_combined,07_01
792,2023,wheat_spring,1.42275,2.5106,2.8334584696312293,2.7078867122119545,wheat_combined,07_01
793,2023,wheat_spring,1.7799999999999998,1.682,2.8460965463809362,2.679020334991494,wheat_combined,07_01
793,2024,wheat_spring,4.363820224719101,2.1274,2.863152326912602,2.9928745013661318,wheat_combined,07_01
793,2025,wheat_spring,2.2246511627906975,1.8274,3.1995289913352716,3.2059784187515312,wheat_combined,07_01
795,2024,wheat_spring,3.521284403669725,2.8359,2.2167761598692595,2.2117098684194914,wheat_combined,07_01
797,2023,wheat_spring,1.7378260869565216,1.7944,2.8476562822066778,2.7478891261712395,wheat_combined,07_01
797,2025,wheat_spring,4.511304347826087,2.0202,2.9510837544392943,2.736826569563067,wheat_combined,07_01
798,2023,wheat_spring,2.006153846153846,1.6969999999999998,2.8777008094940317,2.7287703600365916,wheat_combined,07_01
800,2024,wheat_spring,2.493333333333333,3.2488,3.0244614572648194,3.0455099607098837,wheat_combined,07_01
800,2025,wheat_spring,1.907,1.2844,3.2200088353408773,3.2816072401275482,wheat_combined,07_01
801,2023,wheat_spring,1.8197272727272729,2.6103,2.8616440994466648,2.6823156850287333,wheat_combined,07_01
801,2025,wheat_spring,3.800724637681159,1.2334,3.336344841163676,3.3100447709455185,wheat_combined,07_01
802,2025,wheat_spring,2.8191666666666664,1.7032,3.310540141594266,3.3593301475902657,wheat_combined,07_01
803,2023,wheat_spring,1.8186206896551724,3.5822000000000003,2.875526457987607,2.7682772053040527,wheat_combined,07_01
803,2025,wheat_spring,5.01103448275862,1.0669,3.289056406283944,3.3303782381074107,wheat_combined,07_01
804,2023,wheat_spring,1.818888888888889,2.5675999999999997,2.863833223353097,2.7409291304927614,wheat_combined,07_01
805,2023,wheat_spring,1.8189473684210529,1.6344999999999998,2.757635551680358,2.5834819776370828,wheat_combined,07_01
806,2023,wheat_spring,2.2642857142857142,2.4175999999999997,2.8537467431360675,2.750779981240986,wheat_combined,07_01
807,2023,wheat_spring,3.141052631578947,1.9593,2.7283416362858377,2.4973228489618067,wheat_combined,07_01
807,2024,wheat_spring,2.4712280701754388,2.4447,2.6159631942953854,2.6484070378786253,wheat_combined,07_01
808,2023,wheat_spring,2.64275,2.6807,2.7466124393282043,2.4706226221352017,wheat_combined,07_01
808,2024,wheat_spring,2.39625,2.8061,2.542170057399153,2.575629740210869,wheat_combined,07_01
809,2024,wheat_spring,3.171551724137931,2.2018,2.644780236694365,2.7495159813110055,wheat_combined,07_01
809,2025,wheat_spring,2.2703846153846152,1.9196,3.062892991624506,2.875166107729869,wheat_combined,07_01
810,2024,wheat_spring,3.8034285714285714,2.456,2.6669849692151852,2.748408562961431,wheat_combined,07_01
811,2023,wheat_spring,1.8688888888888888,3.0359000000000003,2.916178875792882,2.8264574094022596,wheat_combined,07_01
811,2024,wheat_spring,4.6866666666666665,2.5377,3.061103194887305,3.138176390340632,wheat_combined,07_01
812,2023,wheat_spring,1.7378947368421054,2.2853000000000003,2.859317993201721,2.750381160374511,wheat_combined,07_01
812,2024,wheat_spring,3.591578947368421,3.3234000000000004,2.71572237739505,2.8067680470752214,wheat_combined,07_01
813,2023,wheat_spring,1.738,2.0055,2.939003851407269,2.8521756311005855,wheat_combined,07_01
814,2023,wheat_spring,1.762162162162162,2.508,2.844722147818454,2.737677285389836,wheat_combined,07_01
815,2023,wheat_spring,1.762222222222222,1.8626,2.7273869175947194,2.5264522966405263,wheat_combined,07_01
818,2024,wheat_spring,3.3494252873563215,2.6100000000000003,2.9849695822937385,2.978947404138449,wheat_combined,07_01
819,2023,wheat_spring,1.90125,2.2535,2.8575265667191787,2.776253961468559,wheat_combined,07_01
821,2023,wheat_spring,2.642857142857143,2.0905,2.725936518958039,2.5074154540877682,wheat_combined,07_01
821,2024,wheat_spring,4.94,2.7321999999999997,2.160439436793487,2.095539601488171,wheat_combined,07_01
821,2025,wheat_spring,1.898989898989899,1.5824,2.9328123217693407,2.7904548300148826,wheat_combined,07_01
823,2024,wheat_spring,2.443404255319149,2.9443,2.693028033436223,2.8429202168665957,wheat_combined,07_01
824,2023,wheat_spring,2.648888888888889,2.2184,2.857383936710142,2.7406279842296417,wheat_combined,07_01
824,2024,wheat_spring,2.8755555555555556,3.5551000000000004,2.8691035800087907,2.9112181693291026,wheat_combined,07_01
831,2024,wheat_spring,2.517297297297297,2.6762,2.7344833333614917,2.8516624407203333,wheat_combined,07_01
832,2023,wheat_spring,4.2,1.7716999999999998,3.152297427465445,3.126271942361283,wheat_combined,07_01
833,2024,wheat_spring,2.3731182795698924,3.0369,2.509033933264443,2.3792622428555967,wheat_combined,07_01
833,2025,wheat_spring,1.8564864864864865,1.8157,3.0783450265871033,3.091508359509146,wheat_combined,07_01
834,2025,wheat_spring,5.086666666666667,3.1749,3.0448821066474814,3.0239132662241457,wheat_combined,07_01
835,2023,wheat_spring,2.280952380952381,2.3317,2.9157008536926394,2.8731582660901562,wheat_combined,07_01
836,2023,wheat_spring,1.6984761904761905,2.5389,2.847869355694139,2.7452965745701707,wheat_combined,07_01
836,2025,wheat_spring,3.076571428571429,1.2113,3.36021155977398,3.3409187921107013,wheat_combined,07_01
837,2024,wheat_spring,4.956,3.133,2.7280344958013365,2.9016552146248524,wheat_combined,07_01
838,2023,wheat_spring,1.88,1.8774,2.895457244782851,2.7296910773423213,wheat_combined,07_01
838,2024,wheat_spring,2.9166666666666665,2.7047999999999996,2.6830794821014154,2.8789356608150154,wheat_combined,07_01
839,2023,wheat_spring,1.8755555555555556,2.9449,2.8845551326977352,2.7474176385899356,wheat_combined,07_01
839,2024,wheat_spring,3.435111111111111,2.6762,2.671056521845863,2.8257853301376836,wheat_combined,07_01
846,2024,wheat_spring,3.489130434782609,2.7145,2.158218170604706,2.0935755974073986,wheat_combined,07_01
846,2025,wheat_spring,1.7005333333333337,1.9491,2.6169094368622448,2.69830620075026,wheat_combined,07_01
847,2024,wheat_spring,3.613,2.5402,2.4131408117003685,2.4657107803038336,wheat_combined,07_01
847,2025,wheat_spring,2.8442622950819674,1.2714,2.854184878812127,2.8809879493758643,wheat_combined,07_01
848,2024,wheat_spring,1.2253846153846153,3.2623,2.8714526985138704,3.043319065151593,wheat_combined,07_01
848,2025,wheat_spring,4.95,2.6254999999999997,2.7327566877271896,2.852707138102511,wheat_combined,07_01
849,2024,wheat_spring,1.128,2.4724,2.2953929772757222,2.195049936743584,wheat_combined,07_01
850,2024,wheat_spring,3.928421052631579,2.4552,2.8399222230661594,2.8936594935936224,wheat_combined,07_01
850,2025,wheat_spring,1.5674285714285714,1.2208,2.94005493023028,2.848787775163599,wheat_combined,07_01
851,2024,wheat_spring,5.851578947368421,3.3826,3.0943427486305124,3.1899584264526903,wheat_combined,07_01
851,2025,wheat_spring,3.2888235294117645,1.5347,2.707441059953869,2.6997144391785044,wheat_combined,07_01
852,2024,wheat_spring,3.902549019607843,2.4747,2.2371258161241876,2.3165288714749144,wheat_combined,07_01
867,2025,wheat_spring,4.0767741935483865,3.8846,3.7505852953705796,3.5382244668814193,wheat_combined,07_01
871,2025,wheat_spring,4.996119402985075,3.2743,4.003010951062701,3.9001528585618686,wheat_combined,07_01
872,2025,wheat_spring,4.573056994818653,3.97,3.897555448709896,3.6919412644138014,wheat_combined,07_01
873,2025,wheat_spring,4.136898395721925,4.297,3.9865714656737667,3.789921423337371,wheat_combined,07_01
874,2025,wheat_spring,5.187123287671233,4.3187,3.9067035125477783,3.740292057540731,wheat_combined,07_01
875,2025,wheat_spring,4.700588235294117,4.412599999999999,3.828970580366789,3.9397590436964394,wheat_combined,07_01
879,2024,wheat_spring,3.631333333333333,3.4722999999999997,4.118904374337585,4.091491224809805,wheat_combined,07_01
881,2025,wheat_spring,5.271794871794872,4.0657,3.8137108923999916,3.689084012363476,wheat_combined,07_01
892,2024,wheat_spring,4.21,2.9617,3.216254665138979,3.267610668564279,wheat_combined,07_01
893,2024,wheat_spring,4.1664814814814815,3.3906,3.4159497653574933,3.290252073536749,wheat_combined,07_01
894,2024,wheat_spring,1.8546268656716416,3.927000000000001,3.0819413785305505,2.8671330784606375,wheat_combined,07_01
897,2025,wheat_spring,3.038695652173913,2.3476,3.085975505762891,3.2441353469070884,wheat_combined,07_01
899,2024,wheat_spring,2.7888,3.1223,3.2159011552882206,3.205216787998133,wheat_combined,07_01
901,2024,wheat_spring,3.643777777777778,1.9486,2.831415144099413,2.8552170295825494,wheat_combined,07_01
901,2025,wheat_spring,4.134157303370786,2.1948,2.828236895406432,2.6638268691373503,wheat_combined,07_01
903,2024,wheat_spring,5.332903225806452,3.5435000000000003,3.2176526189129704,3.196675439175833,wheat_combined,07_01
904,2025,wheat_spring,3.433193717277487,1.9170000000000005,3.0125819152343465,2.937408269361429,wheat_combined,07_01
905,2024,wheat_spring,2.072857142857143,2.7877,3.05320988280932,3.033279255262082,wheat_combined,07_01
907,2024,wheat_spring,3.0887755102040817,3.6849,3.516034149029795,3.459028527624358,wheat_combined,07_01
910,2025,wheat_spring,4.576904761904761,1.5673,3.070610843069033,3.0151593908469945,wheat_combined,07_01
911,2024,wheat_spring,2.995941176470588,2.4142,3.0871843274424697,3.043961957463152,wheat_combined,07_01
913,2025,wheat_spring,3.5802139037433154,1.5699999999999998,3.0023318431624526,2.996971381783954,wheat_combined,07_01
918,2024,wheat_spring,1.7719540229885058,3.1742999999999997,3.2821197498426598,3.1530898295115724,wheat_combined,07_01
924,2024,wheat_spring,2.1640963855421687,2.675,3.2764273059084985,3.320484691571061,wheat_combined,07_01
925,2024,wheat_spring,2.0,3.5015,3.433196156267657,3.44208543152243,wheat_combined,07_01
929,2024,wheat_spring,2.677674418604651,1.7121,2.578390715137728,2.676162186675985,wheat_combined,07_01
932,2024,wheat_spring,2.475,2.8289999999999997,3.4463182684495437,3.4224293059968938,wheat_combined,07_01
934,2024,wheat_spring,2.2073972602739724,2.6349,3.017189080233325,3.065145380067476,wheat_combined,07_01
938,2024,wheat_spring,1.465090909090909,2.65,3.059593148318494,3.1373075451761476,wheat_combined,07_01
939,2024,wheat_spring,1.9653846153846155,2.4271000000000003,2.9824324466705745,3.003395503207058,wheat_combined,07_01
942,2025,wheat_spring,3.857475728155339,2.5825,3.2117795514046517,3.432301123725501,wheat_combined,07_01
943,2025,wheat_spring,2.4547457627118647,3.0472,3.3515224887850334,3.3384260121228944,wheat_combined,07_01
956,2025,wheat_spring,4.296603773584906,4.2711,3.9478309707521184,3.7253298175662475,wheat_combined,07_01
957,2024,wheat_spring,4.786470588235295,4.1617,4.148368116099837,4.260877607762289,wheat_combined,07_01
963,2025,wheat_spring,4.9848888888888885,3.4227,3.8854451254266484,3.6765993438019913,wheat_combined,07_01
964,2024,wheat_spring,2.1013333333333333,4.2728,3.5304224879611077,3.546319765573911,wheat_combined,07_01
970,2024,wheat_spring,3.398461538461538,2.5538,2.3336628367655003,2.3892875017312063,wheat_combined,07_01
976,2025,wheat_winter,6.3880952380952385,3.626,2.8712152423850124,3.0689901830242405,wheat_combined,07_01
977,2025,wheat_spring,4.826666666666667,3.8782,3.758175482190672,3.6608868146185536,wheat_combined,07_01
978,2025,wheat_spring,4.130434782608695,3.3841,3.5717251746132295,3.4049784899335385,wheat_combined,07_01
993,2025,wheat_spring,2.9006779661016946,4.3286,3.9494738192466325,3.893517167112994,wheat_combined,07_01
994,2025,wheat_spring,3.8666666666666663,1.9466,2.5912034696635176,2.6879591336936106,wheat_combined,07_01
998,2025,wheat_spring,4.7056818181818185,3.5509,3.9842488680747508,3.9768701986335193,wheat_combined,07_01
1000,2025,wheat_winter,3.4231818181818183,3.7081,3.209314540186361,3.1606611631361115,wheat_combined,07_01
1021,2025,wheat_spring,1.7027027027027026,1.3196,2.978540842748879,2.9228459913479146,wheat_combined,07_01
1022,2025,wheat_spring,3.7833734939759034,1.6096,2.8906289815934474,2.8592220038581835,wheat_combined,07_01
1023,2025,wheat_spring,2.2638297872340427,1.4379,2.841441948576656,2.6857722316435675,wheat_combined,07_01
1025,2025,wheat_spring,1.480952380952381,1.9139,2.8365374257445906,2.776941277660592,wheat_combined,07_01
1027,2025,wheat_spring,4.96,3.2735,3.1084521901466498,3.1040679673179588,wheat_combined,07_01
195,2022,wheat_winter,2.1216260162601626,2.4872,,,wheat_combined,08_01
195,2025,wheat_spring,2.7195121951219514,2.8708,3.3668827203915033,3.3174941280356447,wheat_combined,08_01
197,2022,wheat_winter,1.5206997084548106,3.2342,,,wheat_combined,08_01
197,2023,wheat_winter,1.0820991253644316,2.1736999999999997,2.8205834966174805,2.6362918469500625,wheat_combined,08_01
197,2025,wheat_spring,3.779416909620991,3.4404000000000003,3.3618544522411566,3.3463365788677852,wheat_combined,08_01
207,2022,wheat_winter,1.9018181818181816,2.9544,,,wheat_combined,08_01
207,2023,wheat_winter,1.0778181818181818,2.1542000000000003,2.824954257624422,2.6291339909750464,wheat_combined,08_01
207,2025,wheat_spring,2.6312280701754385,3.4044,3.512559467744919,3.467606595321115,wheat_combined,08_01
208,2022,wheat_spring,2.356923076923077,2.5443,,,wheat_combined,08_01
208,2023,wheat_spring,2.018076923076923,1.6263999999999998,2.880451639406849,2.816603358052604,wheat_combined,08_01
208,2025,wheat_spring,3.8430769230769233,3.0721,3.682350760247847,3.6225310029138,wheat_combined,08_01
209,2022,wheat_spring,2.6455775577557756,3.0277000000000003,,,wheat_combined,08_01
209,2023,wheat_winter,1.4815841584158416,3.0968,2.8670628867585397,2.638307569326069,wheat_combined,08_01
210,2022,wheat_spring,3.0906122448979594,3.1882,,,wheat_combined,08_01
212,2022,wheat_spring,3.1773529411764705,3.457,,,wheat_combined,08_01
212,2023,wheat_spring,2.9445588235294116,2.6809000000000003,2.8228634942556243,2.6941295110131103,wheat_combined,08_01
212,2025,wheat_spring,1.7024264705882353,2.8967,3.1875810622968834,3.0271216070323046,wheat_combined,08_01
213,2021,wheat_spring,1.3155714285714286,3.2506,,,wheat_combined,08_01
214,2021,wheat_spring,1.5857777777777775,3.5127,,,wheat_combined,08_01
215,2022,wheat_spring,2.858987341772152,2.6435,,,wheat_combined,08_01
216,2022,wheat_spring,3.1270270270270273,3.9165,,,wheat_combined,08_01
217,2022,wheat_spring,3.063725490196078,3.319,,,wheat_combined,08_01
217,2025,wheat_spring,2.5629901960784314,2.7186,3.176566036018676,3.0378565967641458,wheat_combined,08_01
218,2022,wheat_spring,2.1723076923076925,2.6648,,,wheat_combined,08_01
218,2024,wheat_spring,4.027153846153846,3.3049,3.3459647187878594,3.3053792782408014,wheat_combined,08_01
218,2025,wheat_spring,4.112820512820513,2.6460999999999997,3.5584219025449997,3.481328709675823,wheat_combined,08_01
219,2022,wheat_spring,2.827547619047619,2.8246,,,wheat_combined,08_01
219,2024,wheat_spring,3.6718380952380953,4.2143999999999995,3.457568710165594,3.369893297000044,wheat_combined,08_01
220,2022,wheat_spring,3.4832,4.2787999999999995,,,wheat_combined,08_01
220,2024,wheat_spring,3.12756,3.7114,3.3839021025307545,3.262483923713585,wheat_combined,08_01
220,2025,wheat_spring,3.3072000000000004,3.6214,3.630751831246285,3.5431038927110547,wheat_combined,08_01
222,2022,wheat_spring,3.2700483870967743,2.977,,,wheat_combined,08_01
222,2024,wheat_spring,3.6562580645161287,4.2654000000000005,3.485167685546556,3.407216214761469,wheat_combined,08_01
223,2022,wheat_spring,3.2311428571428573,3.0817,,,wheat_combined,08_01
223,2024,wheat_spring,3.350857142857143,3.5340000000000003,3.2838007288481714,3.2340995867484716,wheat_combined,08_01
224,2022,wheat_spring,3.079423076923077,3.5203,,,wheat_combined,08_01
226,2022,wheat_spring,1.6934999999999998,2.5872,,,wheat_combined,08_01
226,2024,wheat_winter,4.9315,4.5445,3.1131117441189637,3.032891999689229,wheat_combined,08_01
227,2021,wheat_winter,2.8022285714285715,3.5711,,,wheat_combined,08_01
227,2022,wheat_winter,2.217514450867052,3.2383,,,wheat_combined,08_01
228,2021,wheat_winter,2.4169491525423727,3.7058,,,wheat_combined,08_01
228,2022,wheat_spring,4.564745762711865,3.4387,,,wheat_combined,08_01
228,2025,wheat_spring,3.004576271186441,3.5229999999999997,3.24742675350768,3.2477468851102795,wheat_combined,08_01
229,2021,wheat_winter,2.9450000000000003,2.4469000000000003,,,wheat_combined,08_01
229,2022,wheat_spring,2.841666666666667,3.0135,,,wheat_combined,08_01
229,2025,wheat_spring,3.5050000000000003,3.1488,3.249675450275044,3.1757451957299505,wheat_combined,08_01
230,2021,wheat_winter,2.123766816143498,3.134,,,wheat_combined,08_01
230,2023,wheat_spring,1.1861413043478262,2.1049,2.8496992659377565,2.7420965895066236,wheat_combined,08_01
230,2025,wheat_spring,3.6687443946188343,2.9788,3.5206153532492985,3.4823876437398766,wheat_combined,08_01
231,2021,wheat_winter,3.5988646288209605,3.4015999999999997,,,wheat_combined,08_01
231,2022,wheat_winter,1.5712340425531914,2.288,,,wheat_combined,08_01
231,2024,wheat_spring,3.806382978723404,4.3306,3.5150935707429043,3.442563669810666,wheat_combined,08_01
232,2021,wheat_winter,3.1834437086092713,2.9818,,,wheat_combined,08_01
232,2022,wheat_winter,1.847837837837838,1.8508,,,wheat_combined,08_01
232,2024,wheat_spring,3.330304054054054,4.5228,3.4063214653549174,3.3518323816431925,wheat_combined,08_01
233,2021,wheat_winter,3.6453846153846152,3.4055999999999997,,,wheat_combined,08_01
234,2021,wheat_winter,5.389142857142858,3.8293,,,wheat_combined,08_01
234,2022,wheat_spring,3.975428571428571,3.5832,,,wheat_combined,08_01
234,2023,wheat_winter,1.7062857142857142,2.4153,3.0998955976633975,2.9352739935663563,wheat_combined,08_01
235,2021,wheat_winter,7.105,2.6723,,,wheat_combined,08_01
235,2023,wheat_spring,2.2,2.1059,3.1299086217236733,3.010595370809582,wheat_combined,08_01
236,2021,wheat_winter,2.8605,4.3367,,,wheat_combined,08_01
236,2023,wheat_spring,2.520375,2.685,3.0613667812598564,3.0452492077301065,wheat_combined,08_01
237,2021,wheat_winter,3.2366666666666664,2.9443,,,wheat_combined,08_01
237,2023,wheat_spring,1.6025,1.4325,2.9312144816192385,2.7814634529644757,wheat_combined,08_01
238,2021,wheat_winter,3.3530555555555552,3.4336,,,wheat_combined,08_01
238,2023,wheat_spring,2.198888888888889,1.5408,2.89946884631838,2.769351424347204,wheat_combined,08_01
239,2021,wheat_winter,3.16017094017094,3.5498,,,wheat_combined,08_01
241,2021,wheat_winter,1.9516049382716052,3.0191,,,wheat_combined,08_01
242,2021,wheat_winter,2.205483870967742,5.015,,,wheat_combined,08_01
242,2022,wheat_spring,3.68225806451613,3.7286,,,wheat_combined,08_01
242,2023,wheat_winter,1.7032258064516128,2.3003,2.9356957650363675,2.778601707931851,wheat_combined,08_01
244,2021,wheat_winter,2.4169811320754717,3.8306,,,wheat_combined,08_01
244,2022,wheat_spring,4.193867924528302,4.1091999999999995,,,wheat_combined,08_01
244,2024,wheat_spring,2.730603773584906,4.0973999999999995,3.348707117325416,3.3100572596807423,wheat_combined,08_01
246,2021,wheat_winter,2.612439024390244,3.0855,,,wheat_combined,08_01
246,2022,wheat_spring,1.6465853658536589,3.21,,,wheat_combined,08_01
246,2024,wheat_spring,3.884073170731708,4.0448,3.419517587011686,3.430675675311439,wheat_combined,08_01
247,2021,wheat_winter,3.5429431438127086,4.0771,,,wheat_combined,08_01
247,2022,wheat_winter,1.5000662251655628,1.8768,,,wheat_combined,08_01
247,2024,wheat_spring,2.6623311258278144,3.5598,3.0224115392043234,2.9151649490096108,wheat_combined,08_01
248,2021,wheat_winter,2.4291851851851853,3.8601,,,wheat_combined,08_01
248,2023,wheat_winter,2.141,3.4366999999999996,2.827190817002104,2.6572085815915623,wheat_combined,08_01
248,2025,wheat_spring,3.630296296296296,3.3146,3.547827049393658,3.4704456677639337,wheat_combined,08_01
249,2021,wheat_winter,2.7772222222222225,3.2591,,,wheat_combined,08_01
250,2021,wheat_winter,2.271818181818182,3.6005000000000003,,,wheat_combined,08_01
250,2023,wheat_spring,2.1600980392156863,2.4707999999999997,2.879990913514081,2.699195740266453,wheat_combined,08_01
251,2021,wheat_winter,3.0763779527559056,2.8600000000000003,,,wheat_combined,08_01
251,2024,wheat_spring,3.611023622047244,3.5784,3.488755678662894,3.505411993144552,wheat_combined,08_01
252,2021,wheat_winter,2.8787951807228915,2.3573,,,wheat_combined,08_01
252,2022,wheat_winter,2.358144578313253,2.337,,,wheat_combined,08_01
252,2024,wheat_spring,3.254939759036145,3.3288,3.1949629052695556,3.1153235338917433,wheat_combined,08_01
253,2021,wheat_winter,2.4343529411764706,2.4524,,,wheat_combined,08_01
253,2024,wheat_spring,3.896,3.9287,3.211778464623814,3.195068616556674,wheat_combined,08_01
254,2021,wheat_winter,2.1813513513513514,3.4,,,wheat_combined,08_01
254,2025,wheat_spring,4.105608108108108,3.3930999999999996,3.437984387524315,3.358488291022919,wheat_combined,08_01
255,2021,wheat_spring,3.495357142857143,3.3379,,,wheat_combined,08_01
255,2024,wheat_spring,4.0148214285714285,3.8499,3.5990111151786155,3.581159575260048,wheat_combined,08_01
256,2021,wheat_spring,3.488928571428571,4.1288,,,wheat_combined,08_01
256,2023,wheat_winter,1.0053571428571428,2.1721,2.814576647499363,2.6457581953604365,wheat_combined,08_01
256,2024,wheat_spring,5.977232142857143,4.4814,3.5674368723058776,3.5296484694927597,wheat_combined,08_01
257,2021,wheat_spring,5.5088888888888885,4.1709000000000005,,,wheat_combined,08_01
257,2023,wheat_spring,2.75025,2.7828,2.9986136274276687,2.9968002404947716,wheat_combined,08_01
258,2021,wheat_spring,3.369101123595506,3.1010999999999997,,,wheat_combined,08_01
258,2023,wheat_spring,1.3868539325842697,1.4845000000000002,2.8627451078626205,2.7161124700987966,wheat_combined,08_01
258,2024,wheat_spring,5.062359550561798,4.6847,3.480954761395434,3.4056217387225916,wheat_combined,08_01
259,2021,wheat_spring,3.2456022408963587,3.6368,,,wheat_combined,08_01
259,2023,wheat_spring,1.08003081232493,1.7033,2.880554207874088,2.719320667052734,wheat_combined,08_01
259,2025,wheat_spring,2.1594957983193277,3.0833,3.0352273787326096,2.9422116983525086,wheat_combined,08_01
260,2021,wheat_spring,4.1022,3.8502,,,wheat_combined,08_01
260,2024,wheat_spring,3.2132,3.6881,3.6489665392812,3.6304171400161325,wheat_combined,08_01
261,2021,wheat_spring,5.387428571428572,4.5714,,,wheat_combined,08_01
261,2022,wheat_spring,4.008571428571429,2.5712,,,wheat_combined,08_01
261,2024,wheat_spring,4.122771428571428,4.4544,3.593994812788644,3.592319931066817,wheat_combined,08_01
262,2021,wheat_spring,4.116052631578947,3.3457,,,wheat_combined,08_01
262,2023,wheat_spring,1.9040657894736843,1.7620999999999998,2.833165003660705,2.756261491020659,wheat_combined,08_01
262,2024,wheat_spring,4.339473684210526,3.9265,3.4991950559648517,3.3374916166594315,wheat_combined,08_01
263,2021,wheat_spring,3.779,4.3385,,,wheat_combined,08_01
263,2023,wheat_spring,1.15425,1.8824,3.124739597589651,2.984263609679104,wheat_combined,08_01
264,2021,wheat_spring,3.725,3.7702,,,wheat_combined,08_01
264,2023,wheat_spring,3.37975,1.8622,3.126983563678635,2.965048840797645,wheat_combined,08_01
265,2021,wheat_spring,3.063,4.4486,,,wheat_combined,08_01
265,2023,wheat_spring,1.308,2.2765999999999997,3.125151837701852,2.999299494619771,wheat_combined,08_01
266,2021,wheat_spring,3.4250000000000003,4.3322,,,wheat_combined,08_01
266,2023,wheat_spring,1.1466666666666667,1.7694,3.121302912715126,3.0052907526708665,wheat_combined,08_01
267,2021,wheat_spring,3.725,3.8779,,,wheat_combined,08_01
268,2021,wheat_spring,3.504,3.1618,,,wheat_combined,08_01
268,2023,wheat_spring,2.2885,2.0288,3.1439324328865133,2.977829667153958,wheat_combined,08_01
269,2021,wheat_spring,3.465045045045045,4.0899,,,wheat_combined,08_01
269,2023,wheat_spring,1.7825225225225227,1.3948,2.827979235472853,2.695052076972134,wheat_combined,08_01
269,2024,wheat_spring,4.250810810810811,4.2761000000000005,3.4439019125929464,3.358118790674575,wheat_combined,08_01
271,2021,wheat_spring,4.884745762711864,4.0124,,,wheat_combined,08_01
271,2022,wheat_spring,2.6278644067796613,3.3354,,,wheat_combined,08_01
271,2024,wheat_spring,3.931627118644068,4.593500000000001,3.5923390279112266,3.6406617409706503,wheat_combined,08_01
272,2022,wheat_spring,3.301764705882353,3.8811,,,wheat_combined,08_01
272,2024,wheat_spring,4.2312,4.6043,3.4781997917354825,3.3486609582321734,wheat_combined,08_01
272,2025,wheat_spring,3.1792,4.3223,3.7865853907138893,3.700611461278204,wheat_combined,08_01
273,2022,wheat_winter,2.052962962962963,2.6808,,,wheat_combined,08_01
273,2023,wheat_winter,1.0088888888888887,2.1881,2.841559761173923,2.668570049073455,wheat_combined,08_01
273,2025,wheat_spring,4.41962962962963,4.3208,3.847419636705101,3.8316667092665084,wheat_combined,08_01
274,2022,wheat_winter,2.5334061135371178,2.3949000000000003,,,wheat_combined,08_01
274,2025,wheat_spring,4.091004366812228,3.7454,3.4565082556076505,3.4153292764726393,wheat_combined,08_01
276,2022,wheat_spring,2.9274193548387095,2.7839,,,wheat_combined,08_01
276,2024,wheat_spring,3.63741935483871,3.7742,3.516317127040706,3.441223957165104,wheat_combined,08_01
276,2025,wheat_spring,1.4903225806451614,3.6446,3.0020677100091606,2.9698392383521726,wheat_combined,08_01
277,2022,wheat_spring,1.5733333333333333,3.1663,,,wheat_combined,08_01
277,2024,wheat_spring,4.257866666666667,2.9864,3.335606027420685,3.202420169211204,wheat_combined,08_01
277,2025,wheat_spring,1.9090666666666667,2.5618,2.959126029286959,2.9009249642006467,wheat_combined,08_01
278,2023,wheat_spring,1.7219565217391304,1.423,3.099013996054538,2.9434608778865443,wheat_combined,08_01
279,2023,wheat_spring,1.069090909090909,1.398,3.0979524460311643,2.9426329454256654,wheat_combined,08_01
280,2023,wheat_spring,1.953478260869565,1.3969,2.8345079408007954,2.685476818229228,wheat_combined,08_01
282,2023,wheat_spring,1.9701702127659575,1.4868,2.881111588804344,2.7071291152534465,wheat_combined,08_01
283,2023,wheat_spring,1.430253164556962,1.2363,2.841077162589837,2.706969491634038,wheat_combined,08_01
284,2021,wheat_spring,3.5273333333333334,3.8838,,,wheat_combined,08_01
286,2021,wheat_spring,3.971888888888889,3.838,,,wheat_combined,08_01
286,2023,wheat_spring,1.291111111111111,2.4629000000000003,3.2932245782432346,3.2724067726743034,wheat_combined,08_01
288,2021,wheat_spring,3.5825,2.9788,,,wheat_combined,08_01
288,2023,wheat_spring,1.445,1.9747,3.1278996855429178,2.997370438865125,wheat_combined,08_01
289,2021,wheat_spring,3.8523529411764703,4.164,,,wheat_combined,08_01
289,2023,wheat_spring,1.2705882352941178,2.0187999999999997,3.123017588337403,2.9621303703638895,wheat_combined,08_01
291,2021,wheat_spring,3.172833333333333,4.0111,,,wheat_combined,08_01
291,2023,wheat_spring,1.5506666666666666,1.9269,3.181769235780044,3.1166508846238408,wheat_combined,08_01
292,2022,wheat_spring,2.2251000000000003,3.3101999999999996,,,wheat_combined,08_01
292,2024,wheat_spring,4.2,3.8694,3.3001723136647456,3.207582978990577,wheat_combined,08_01
293,2022,wheat_spring,2.6255842696629212,2.9364,,,wheat_combined,08_01
293,2024,wheat_spring,3.62561797752809,3.9531,3.568467759341444,3.4424968798178757,wheat_combined,08_01
295,2025,wheat_spring,4.596137931034483,3.1723,3.4959191813817183,3.437679993726733,wheat_combined,08_01
297,2021,wheat_spring,3.676,3.4263,,,wheat_combined,08_01
297,2023,wheat_spring,2.572,1.9853,3.118621697115062,2.99698527729017,wheat_combined,08_01
298,2024,wheat_spring,3.408333333333333,3.931,3.349863287171478,3.2600397881759853,wheat_combined,08_01
301,2024,wheat_spring,2.888086642599278,4.3213,3.5590366139470904,3.41477741339068,wheat_combined,08_01
302,2021,wheat_spring,2.160754716981132,2.1259,,,wheat_combined,08_01
302,2023,wheat_spring,2.0,1.9915,2.887116677413269,2.709156294815955,wheat_combined,08_01
304,2023,wheat_spring,2.142857142857143,1.504,2.8917625865035284,2.754511310920799,wheat_combined,08_01
304,2024,wheat_spring,4.071428571428571,5.1472999999999995,3.5161775972692304,3.334369678858576,wheat_combined,08_01
305,2022,wheat_spring,3.257047619047619,3.6316,,,wheat_combined,08_01
306,2022,wheat_spring,3.6619574468085103,3.4802,,,wheat_combined,08_01
306,2025,wheat_spring,4.320425531914894,4.0644,3.5948883873688735,3.499228356847924,wheat_combined,08_01
307,2021,wheat_winter,1.828235294117647,3.9089,,,wheat_combined,08_01
308,2022,wheat_spring,2.0782828282828283,3.2049999999999996,,,wheat_combined,08_01
310,2022,wheat_spring,4.9725,4.8331,,,wheat_combined,08_01
310,2024,wheat_spring,3.763636363636364,4.292,3.5550899452545117,3.4398576449266103,wheat_combined,08_01
311,2024,wheat_spring,3.9819827586206897,4.869400000000001,3.434827310612835,3.3650313855965286,wheat_combined,08_01
312,2023,wheat_spring,1.8715789473684212,2.4072,3.003328780659758,2.914254513979571,wheat_combined,08_01
313,2022,wheat_spring,3.3391818181818183,3.7409,,,wheat_combined,08_01
314,2022,wheat_spring,3.765161290322581,4.1685,,,wheat_combined,08_01
315,2022,wheat_spring,3.067894736842105,2.6203,,,wheat_combined,08_01
315,2023,wheat_spring,2.289473684210526,1.7975,2.9202183946971134,2.7608446847522097,wheat_combined,08_01
316,2021,wheat_spring,3.35448275862069,2.5522,,,wheat_combined,08_01
317,2022,wheat_spring,3.5861271676300577,4.0436,,,wheat_combined,08_01
318,2022,wheat_spring,4.166502057613169,3.9593,,,wheat_combined,08_01
318,2025,wheat_spring,4.45625,3.7863,3.6211464281686023,3.504669481889897,wheat_combined,08_01
319,2025,wheat_spring,4.713333333333333,4.0091,3.5978190422445397,3.552246627061036,wheat_combined,08_01
320,2021,wheat_spring,3.9986666666666664,3.9796,,,wheat_combined,08_01
320,2025,wheat_spring,5.241333333333333,4.0302999999999995,3.700483798702907,3.675716229197399,wheat_combined,08_01
321,2021,wheat_spring,3.118865979381443,3.2768,,,wheat_combined,08_01
321,2023,wheat_winter,2.4504123711340204,2.0962,2.8464098872633214,2.646296738004245,wheat_combined,08_01
321,2025,wheat_spring,5.011076923076923,3.8208,3.6640267650702363,3.5449332388228947,wheat_combined,08_01
322,2021,wheat_spring,3.403835616438356,3.1988,,,wheat_combined,08_01
322,2023,wheat_spring,3.1232876712328768,2.0976,2.9490501397038624,2.7654375500074515,wheat_combined,08_01
323,2021,wheat_spring,2.7504545454545455,3.2299999999999995,,,wheat_combined,08_01
323,2023,wheat_spring,2.987012987012987,2.4208,2.8606318049849415,2.74110045825155,wheat_combined,08_01
323,2024,wheat_winter,4.966298701298701,4.4852,2.621474266539798,2.436661001663977,wheat_combined,08_01
324,2021,wheat_spring,3.4877777777777776,3.5936999999999997,,,wheat_combined,08_01
324,2023,wheat_spring,2.1296296296296298,2.9208,3.0871584640730085,3.0360844966246185,wheat_combined,08_01
325,2021,wheat_spring,3.5964705882352943,3.4701,,,wheat_combined,08_01
325,2023,wheat_spring,2.1070588235294117,2.379,2.8961411155870627,2.8508278908016367,wheat_combined,08_01
327,2021,wheat_spring,4.412475247524752,3.613,,,wheat_combined,08_01
327,2024,wheat_spring,4.303030303030303,4.6558,3.485995148784458,3.311696057103197,wheat_combined,08_01
328,2021,wheat_spring,1.515294117647059,1.7749,,,wheat_combined,08_01
329,2021,wheat_spring,3.485,3.1239,,,wheat_combined,08_01
330,2021,wheat_spring,3.468137931034483,3.2905,,,wheat_combined,08_01
330,2024,wheat_spring,3.373384030418251,2.8446,3.242931881376209,3.199273735228499,wheat_combined,08_01
331,2021,wheat_spring,3.196,2.6884,,,wheat_combined,08_01
331,2024,wheat_spring,4.017571428571429,3.5519,3.4843699855400176,3.3615518128547457,wheat_combined,08_01
332,2021,wheat_spring,2.784181034482758,2.8605,,,wheat_combined,08_01
332,2023,wheat_spring,2.2198275862068964,1.863,2.876987748938638,2.7370313544880123,wheat_combined,08_01
333,2021,wheat_spring,3.365379746835443,3.3644,,,wheat_combined,08_01
333,2023,wheat_spring,2.329113924050633,1.7949000000000002,2.885283532498862,2.694481098679639,wheat_combined,08_01
334,2021,wheat_spring,3.1403749999999997,3.0019,,,wheat_combined,08_01
334,2023,wheat_spring,3.24375,2.1649000000000003,3.1475339220832805,3.0671607034062625,wheat_combined,08_01
335,2021,wheat_spring,3.134623655913978,3.6907,,,wheat_combined,08_01
335,2023,wheat_spring,3.01980198019802,2.2564,3.153918388458185,3.0917849548848295,wheat_combined,08_01
336,2021,wheat_spring,3.555333333333333,4.6818,,,wheat_combined,08_01
336,2023,wheat_spring,3.5246666666666666,2.9908,3.318337065478612,3.339463421007139,wheat_combined,08_01
337,2021,wheat_spring,3.2880000000000003,3.2305,,,wheat_combined,08_01
337,2023,wheat_spring,1.825,2.3051,3.1223166798181543,3.020357010930507,wheat_combined,08_01
338,2021,wheat_spring,2.9725,2.8787,,,wheat_combined,08_01
338,2023,wheat_spring,1.30125,2.1474,3.105557972894113,3.0067820368821567,wheat_combined,08_01
339,2021,wheat_spring,4.1225,3.4170000000000003,,,wheat_combined,08_01
339,2023,wheat_spring,1.4583333333333333,1.0566,3.133330913486211,2.933892375478042,wheat_combined,08_01
339,2024,wheat_spring,3.623333333333333,3.4026000000000005,3.169693365945484,3.134286540862957,wheat_combined,08_01
339,2025,wheat_spring,5.5616666666666665,4.063000000000001,3.709734358132664,3.6764954845141684,wheat_combined,08_01
340,2023,wheat_spring,3.4262295081967213,1.983,2.9213500915899684,2.779051969430593,wheat_combined,08_01
341,2023,wheat_spring,1.7916666666666667,2.596,2.970176835958056,2.8432313735897643,wheat_combined,08_01
342,2023,wheat_spring,2.340909090909091,2.7937000000000003,3.0308254477527328,3.021409094245164,wheat_combined,08_01
344,2022,wheat_spring,4.158762886597938,3.7967,,,wheat_combined,08_01
345,2022,wheat_spring,4.4988,4.032500000000001,,,wheat_combined,08_01
345,2024,wheat_spring,3.306666666666667,4.0687,3.582401549372251,3.451454966279522,wheat_combined,08_01
346,2022,wheat_spring,4.4437837837837835,3.7823,,,wheat_combined,08_01
347,2023,wheat_winter,1.3714285714285714,2.5687,2.859095411055701,2.7101413138237658,wheat_combined,08_01
347,2025,wheat_spring,4.076491228070176,4.4323,3.5185163659725918,3.4985176249723593,wheat_combined,08_01
349,2022,wheat_spring,3.5331707317073175,3.8168,,,wheat_combined,08_01
350,2022,wheat_spring,3.551338582677165,2.9151,,,wheat_combined,08_01
350,2024,wheat_spring,4.731968503937008,4.7031,3.4453939646181655,3.4412425422744057,wheat_combined,08_01
351,2021,wheat_spring,4.5,4.757099999999999,,,wheat_combined,08_01
352,2022,wheat_spring,4.080747663551402,4.5568,,,wheat_combined,08_01
353,2022,wheat_spring,3.905208333333333,3.8578,,,wheat_combined,08_01
354,2022,wheat_spring,3.8073417721518985,3.5322000000000005,,,wheat_combined,08_01
355,2022,wheat_spring,4.668571428571428,3.0147,,,wheat_combined,08_01
356,2022,wheat_spring,3.2897701149425287,3.3781,,,wheat_combined,08_01
356,2024,wheat_spring,3.905747126436782,3.9192,3.443592564866161,3.3203075315752173,wheat_combined,08_01
358,2022,wheat_spring,3.628433734939759,3.415,,,wheat_combined,08_01
358,2025,wheat_spring,4.909156626506024,4.391,3.6807915396454574,3.5926394690091668,wheat_combined,08_01
359,2022,wheat_spring,3.3601315789473687,3.2651000000000003,,,wheat_combined,08_01
360,2022,wheat_spring,2.936875,3.7884,,,wheat_combined,08_01
361,2022,wheat_spring,4.357,3.0507999999999997,,,wheat_combined,08_01
361,2024,wheat_spring,4.7005,4.772399999999999,3.437330248055831,3.3858784208056516,wheat_combined,08_01
362,2022,wheat_spring,3.5694017094017094,3.6043,,,wheat_combined,08_01
362,2023,wheat_spring,3.3333333333333335,2.9075,3.0664564267145273,3.0484573248393128,wheat_combined,08_01
362,2025,wheat_spring,3.5128205128205128,3.8224,3.492136695629132,3.4875647441574333,wheat_combined,08_01
363,2022,wheat_spring,4.46025974025974,4.2789,,,wheat_combined,08_01
363,2024,wheat_spring,3.9771428571428578,3.8614,3.417346280361788,3.3251008857789333,wheat_combined,08_01
364,2022,wheat_spring,4.104166666666667,4.2291,,,wheat_combined,08_01
364,2025,wheat_spring,5.088333333333334,4.0954999999999995,3.6657399308829697,3.5247772130792128,wheat_combined,08_01
365,2022,wheat_spring,3.8606666666666665,3.8585,,,wheat_combined,08_01
365,2025,wheat_spring,4.023333333333333,4.0491,3.529341293468544,3.419704809590937,wheat_combined,08_01
367,2022,wheat_spring,2.5854545454545454,,,,wheat_combined,08_01
367,2024,wheat_spring,3.952121212121212,4.2402,3.410503581842743,3.391908671674606,wheat_combined,08_01
368,2023,wheat_spring,2.5308108108108107,2.2769,2.8368754205860625,2.7418080942741314,wheat_combined,08_01
369,2023,wheat_spring,2.2557597173144877,2.0492,2.82290001200036,2.676303569466763,wheat_combined,08_01
370,2021,wheat_winter,1.752,4.9567,,,wheat_combined,08_01
370,2023,wheat_spring,1.709230769230769,3.2769,3.2413572437861022,3.1202745302834223,wheat_combined,08_01
371,2022,wheat_spring,3.946153846153846,,,,wheat_combined,08_01
371,2024,wheat_spring,5.176923076923076,5.1922,3.3664557453878112,3.3556670706130953,wheat_combined,08_01
372,2021,wheat_winter,1.01,3.3835,,,wheat_combined,08_01
372,2022,wheat_spring,3.702222222222222,3.174,,,wheat_combined,08_01
373,2021,wheat_winter,3.087433628318584,3.1026,,,wheat_combined,08_01
373,2022,wheat_spring,2.2598326359832637,,,,wheat_combined,08_01
373,2024,wheat_spring,3.9784140969163,4.2029000000000005,3.132109622414538,3.090153347642768,wheat_combined,08_01
374,2021,wheat_winter,4.776071428571428,4.3751,,,wheat_combined,08_01
374,2022,wheat_spring,3.8834615384615385,,,,wheat_combined,08_01
374,2024,wheat_spring,4.47921568627451,4.712899999999999,3.4819122008020402,3.4522382715698376,wheat_combined,08_01
375,2021,wheat_winter,2.206153846153846,4.9595,,,wheat_combined,08_01
375,2022,wheat_spring,4.341538461538462,,,,wheat_combined,08_01
375,2024,wheat_spring,4.658461538461538,5.2186,3.545168964514073,3.4801308818432184,wheat_combined,08_01
377,2022,wheat_spring,2.7578260869565216,,,,wheat_combined,08_01
377,2024,wheat_spring,3.7969565217391303,4.7992,3.351966745366942,3.278192604978919,wheat_combined,08_01
378,2021,wheat_spring,3.5507692307692307,3.9279,,,wheat_combined,08_01
378,2022,wheat_spring,4.207179487179488,3.9573,,,wheat_combined,08_01
379,2021,wheat_winter,2.15444976076555,2.909,,,wheat_combined,08_01
379,2022,wheat_spring,2.098357487922706,,,,wheat_combined,08_01
379,2024,wheat_spring,3.8770334928229664,4.6216,3.4548668631430424,3.3562834306111986,wheat_combined,08_01
380,2021,wheat_winter,1.9683333333333335,4.6364,,,wheat_combined,08_01
381,2021,wheat_spring,2.6253333333333333,3.7196,,,wheat_combined,08_01
381,2023,wheat_winter,2.849,2.6869,2.817261192424412,2.661557796352361,wheat_combined,08_01
381,2025,wheat_spring,4.402295081967213,4.1482,3.5673804682800827,3.496042135115928,wheat_combined,08_01
382,2021,wheat_spring,3.1325984251968504,4.1348,,,wheat_combined,08_01
382,2023,wheat_winter,1.8373228346456696,2.1383,2.80495713248089,2.6285270136719014,wheat_combined,08_01
382,2025,wheat_spring,5.214573643410852,3.9273,3.8469139697623365,3.6941459781776524,wheat_combined,08_01
383,2021,wheat_spring,3.175263157894737,4.9887999999999995,,,wheat_combined,08_01
384,2021,wheat_spring,2.359225806451613,3.6748,,,wheat_combined,08_01
384,2023,wheat_winter,1.383483870967742,2.7348,2.8606834268310974,2.720474777132296,wheat_combined,08_01
386,2021,wheat_spring,3.405688073394496,2.8921,,,wheat_combined,08_01
386,2023,wheat_spring,2.941467889908257,2.1269,2.842641509969747,2.814534419795901,wheat_combined,08_01
387,2021,wheat_spring,2.964625,3.2502000000000004,,,wheat_combined,08_01
387,2024,wheat_spring,4.1988,3.8962,3.347393867274578,3.272206382768601,wheat_combined,08_01
388,2023,wheat_winter,2.2079999999999997,2.1992000000000003,2.8813834807219845,2.696155483357818,wheat_combined,08_01
388,2025,wheat_spring,5.218999999999999,4.6627,3.737223034225353,3.6540770731099803,wheat_combined,08_01
389,2023,wheat_spring,3.525714285714286,2.3325,3.3402536561311753,3.3828767196270153,wheat_combined,08_01
389,2024,wheat_spring,4.4775,5.1259999999999994,3.5112804023121664,3.34673902827371,wheat_combined,08_01
390,2021,wheat_spring,3.203928571428571,4.2722999999999995,,,wheat_combined,08_01
390,2023,wheat_winter,2.6717857142857144,3.7493,2.8438785623060174,2.742870279623958,wheat_combined,08_01
390,2025,wheat_spring,4.868214285714286,4.050800000000001,3.55245761644787,3.4533116536066646,wheat_combined,08_01
391,2021,wheat_spring,2.1729032258064516,3.7758,,,wheat_combined,08_01
391,2023,wheat_spring,2.02,2.2395,2.8352318951646107,2.7240916234964705,wheat_combined,08_01
391,2024,wheat_spring,4.624375,4.7796,3.457316542932448,3.4338936183401687,wheat_combined,08_01
392,2021,wheat_spring,4.514594594594595,4.9662999999999995,,,wheat_combined,08_01
392,2023,wheat_spring,1.2345945945945946,1.537,2.982413753897516,2.8626736616141577,wheat_combined,08_01
392,2024,wheat_spring,4.623783783783784,3.9332,3.6507373888029546,3.5298382995627224,wheat_combined,08_01
393,2021,wheat_spring,2.9732142857142856,4.1048,,,wheat_combined,08_01
393,2023,wheat_spring,2.8076595744680852,2.7051,2.8253777555329425,2.740591670625042,wheat_combined,08_01
393,2025,wheat_spring,4.924335664335664,4.5764000000000005,3.7207936673332225,3.7181580909556597,wheat_combined,08_01
394,2021,wheat_spring,3.00875,3.738,,,wheat_combined,08_01
395,2021,wheat_spring,2.7353125,3.3612,,,wheat_combined,08_01
395,2024,wheat_spring,3.98,3.891,3.490894743517643,3.4591515645108193,wheat_combined,08_01
395,2025,wheat_spring,4.1759375,3.2209000000000003,3.6465540623878128,3.671997023468686,wheat_combined,08_01
396,2021,wheat_spring,4.163125,4.046200000000001,,,wheat_combined,08_01
396,2023,wheat_spring,1.9825,2.1806,2.933561757600148,2.7861591482435752,wheat_combined,08_01
396,2024,wheat_spring,4.926060606060606,4.2387999999999995,3.5668972264067014,3.467637066556349,wheat_combined,08_01
397,2021,wheat_spring,2.062452830188679,3.6315,,,wheat_combined,08_01
397,2023,wheat_spring,2.456410256410256,1.8886,2.883721093129508,2.704463660160173,wheat_combined,08_01
398,2021,wheat_spring,4.766666666666667,3.8216,,,wheat_combined,08_01
400,2021,wheat_spring,3.56,3.6064,,,wheat_combined,08_01
401,2021,wheat_spring,4.2733333333333325,3.8271,,,wheat_combined,08_01
402,2023,wheat_winter,1.62,2.1574,2.855764603353454,2.670336449895856,wheat_combined,08_01
402,2025,wheat_spring,5.235135135135135,4.5347,3.7189423196667573,3.654588402193586,wheat_combined,08_01
403,2021,wheat_spring,3.3825581395348836,3.3447000000000005,,,wheat_combined,08_01
403,2023,wheat_winter,2.048604651162791,2.3064,2.8529942424076986,2.689349868910945,wheat_combined,08_01
403,2025,wheat_spring,5.734117647058823,3.6671,3.628862775590601,3.5866826035190145,wheat_combined,08_01
405,2021,wheat_spring,3.4904093567251464,3.7448,,,wheat_combined,08_01
405,2022,wheat_spring,2.3405847953216377,,,,wheat_combined,08_01
405,2023,wheat_winter,2.1315789473684212,3.2663,2.8007411592198843,2.6358038912714465,wheat_combined,08_01
406,2021,wheat_spring,2.9400000000000004,5.224600000000001,,,wheat_combined,08_01
406,2024,wheat_spring,3.263478260869565,3.4316000000000004,3.1241050527985497,3.019794794737931,wheat_combined,08_01
407,2023,wheat_winter,2.304444444444444,3.0169,3.178749560642791,3.0870501649803903,wheat_combined,08_01
408,2021,wheat_spring,3.4680701754385965,3.5718000000000005,,,wheat_combined,08_01
408,2023,wheat_spring,1.656140350877193,1.8178,2.884530802386246,2.780940953778717,wheat_combined,08_01
408,2024,wheat_spring,4.508070175438596,3.6811,3.5956758916765703,3.472215228277715,wheat_combined,08_01
409,2021,wheat_spring,2.427906976744186,3.0312,,,wheat_combined,08_01
409,2023,wheat_spring,2.5293023255813956,1.7477,2.853652285351731,2.7232487562353875,wheat_combined,08_01
409,2024,wheat_spring,4.935348837209302,3.9835,3.5080797345042836,3.4479663438577015,wheat_combined,08_01
410,2021,wheat_spring,3.5784,3.1887,,,wheat_combined,08_01
410,2023,wheat_spring,2.0831999999999997,1.5551,3.1071905236727106,2.9681867026208963,wheat_combined,08_01
410,2024,wheat_spring,5.5360000000000005,4.1385,3.3566376836293275,3.2971779867226503,wheat_combined,08_01
411,2021,wheat_spring,3.3794202898550725,3.2505,,,wheat_combined,08_01
411,2023,wheat_spring,2.796521739130435,2.3124,2.918572712191786,2.8043995663881387,wheat_combined,08_01
411,2024,wheat_spring,2.626714285714286,4.7645,3.178740006956378,3.0013426450826106,wheat_combined,08_01
412,2021,wheat_spring,3.440727272727273,3.7956,,,wheat_combined,08_01
412,2023,wheat_winter,3.3007272727272725,3.0162,2.9345950829644343,2.8928531103878714,wheat_combined,08_01
412,2025,wheat_spring,4.6632727272727275,3.5524,3.4415982837939323,3.402329912131685,wheat_combined,08_01
414,2021,wheat_spring,3.512465753424658,3.2077,,,wheat_combined,08_01
414,2023,wheat_spring,2.6454794520547944,2.0915,2.856388002114599,2.757446484239466,wheat_combined,08_01
415,2021,wheat_spring,2.8478125,2.8702,,,wheat_combined,08_01
415,2022,wheat_spring,2.0121875,,,,wheat_combined,08_01
415,2024,wheat_spring,4.59875,3.3152999999999997,3.2046028670031492,3.161127931824313,wheat_combined,08_01
416,2021,wheat_spring,3.7137254901960786,3.7376,,,wheat_combined,08_01
416,2023,wheat_spring,2.5889605734767027,2.4692,2.832561776830495,2.729865295464346,wheat_combined,08_01
416,2025,wheat_spring,5.082081784386617,4.3149,3.7793629892888094,3.7372176613421844,wheat_combined,08_01
418,2021,wheat_spring,2.963111111111111,3.5182,,,wheat_combined,08_01
418,2023,wheat_spring,3.197777777777778,2.2502,2.978173393761651,2.9423006313387527,wheat_combined,08_01
419,2021,wheat_spring,2.869818181818182,4.101,,,wheat_combined,08_01
419,2023,wheat_winter,2.256727272727273,2.1704,2.8664430923339568,2.6880970356533833,wheat_combined,08_01
419,2025,wheat_spring,4.669090909090909,3.8364,3.8097476543062605,3.6009418385791423,wheat_combined,08_01
420,2021,wheat_spring,2.3181818181818183,4.5226999999999995,,,wheat_combined,08_01
421,2021,wheat_winter,2.9441818181818182,2.8287,,,wheat_combined,08_01
421,2023,wheat_spring,1.007259259259259,1.8791,2.8789579561062175,2.7124021138394543,wheat_combined,08_01
422,2022,wheat_spring,3.4,3.1681,,,wheat_combined,08_01
422,2024,wheat_winter,5.087671232876712,4.600099999999999,3.354292858629985,3.389488249352924,wheat_combined,08_01
423,2022,wheat_spring,3.2240449438202248,3.4781,,,wheat_combined,08_01
423,2024,wheat_spring,3.914067415730337,3.9766,3.363443796549962,3.420522775039604,wheat_combined,08_01
424,2021,wheat_spring,2.652475247524752,2.7789,,,wheat_combined,08_01
424,2023,wheat_winter,2.082970297029703,2.8190999999999997,2.8444338379220517,2.6588679957603576,wheat_combined,08_01
424,2025,wheat_spring,4.860784313725491,3.7495,3.7657934973740934,3.623536768816046,wheat_combined,08_01
425,2021,wheat_spring,2.7649462365591395,3.1229,,,wheat_combined,08_01
425,2023,wheat_spring,2.559784946236559,2.1184000000000003,2.84073137681756,2.6784310270719422,wheat_combined,08_01
426,2023,wheat_spring,2.0303389830508474,1.7704,2.832731344581656,2.7194250741666437,wheat_combined,08_01
427,2022,wheat_spring,4.195806451612903,4.1248,,,wheat_combined,08_01
427,2024,wheat_spring,3.6002985074626865,4.0207999999999995,3.6561255570288287,3.5926190646514073,wheat_combined,08_01
428,2022,wheat_spring,3.5535393258426966,3.4149000000000003,,,wheat_combined,08_01
428,2024,wheat_spring,4.379558011049724,4.2742,3.49621490409487,3.4218837217312807,wheat_combined,08_01
429,2023,wheat_spring,3.113636363636364,2.4568000000000003,3.0093332955241423,2.971107611274962,wheat_combined,08_01
431,2021,wheat_winter,2.472,3.5862000000000003,,,wheat_combined,08_01
432,2021,wheat_spring,2.851818181818182,4.5404,,,wheat_combined,08_01
432,2024,wheat_spring,3.878636363636363,4.4426000000000005,3.566284892089729,3.3961824405979755,wheat_combined,08_01
433,2021,wheat_winter,3.65,2.9331,,,wheat_combined,08_01
434,2021,wheat_spring,2.7960000000000003,3.7344,,,wheat_combined,08_01
435,2021,wheat_spring,3.1944444444444446,3.4376,,,wheat_combined,08_01
435,2022,wheat_spring,4.0846,3.8464,,,wheat_combined,08_01
435,2024,wheat_spring,3.000848484848485,4.132,3.6140970551918374,3.518657072572172,wheat_combined,08_01
436,2021,wheat_spring,3.0220689655172412,4.1293999999999995,,,wheat_combined,08_01
438,2022,wheat_spring,4.486875,3.4704,,,wheat_combined,08_01
440,2022,wheat_spring,3.4393548387096775,2.7463,,,wheat_combined,08_01
440,2024,wheat_spring,3.290574193548387,3.6496,3.2020463791940736,2.9833254442696457,wheat_combined,08_01
441,2021,wheat_spring,4.001818181818182,3.2069,,,wheat_combined,08_01
441,2025,wheat_spring,3.986666666666667,3.5075000000000003,3.497405203655461,3.457830692889025,wheat_combined,08_01
444,2021,wheat_spring,3.512631578947368,2.9255,,,wheat_combined,08_01
445,2021,wheat_spring,1.8866666666666667,3.6007,,,wheat_combined,08_01
446,2021,wheat_spring,2.02,2.3268999999999997,,,wheat_combined,08_01
447,2021,wheat_spring,2.646666666666667,2.8696,,,wheat_combined,08_01
457,2024,wheat_spring,2.8333333333333335,4.4924,3.5452957860163767,3.558357843364705,wheat_combined,08_01
457,2025,wheat_spring,3.44,4.052300000000001,3.7897735516054922,3.7909324186775395,wheat_combined,08_01
505,2022,wheat_spring,3.466521739130435,2.8742,,,wheat_combined,08_01
506,2022,wheat_spring,2.916875,2.8356000000000003,,,wheat_combined,08_01
510,2022,wheat_spring,4.543333333333334,4.2016,,,wheat_combined,08_01
512,2022,wheat_spring,1.7232222222222222,4.063000000000001,,,wheat_combined,08_01
512,2024,wheat_spring,3.609692307692308,3.6466,3.5586723690228927,3.577256174901529,wheat_combined,08_01
512,2025,wheat_spring,3.7007692307692306,3.6757,3.387809449455923,3.28160292000567,wheat_combined,08_01
513,2023,wheat_spring,1.501304347826087,1.3852,3.1145822132533736,2.924110103634415,wheat_combined,08_01
514,2023,wheat_winter,2.0454545454545454,2.0959,3.0775326795059597,2.903952255805012,wheat_combined,08_01
604,2023,wheat_spring,2.1067846153846155,2.5055,3.0990285840833827,2.9824247330855678,wheat_combined,08_01
628,2025,wheat_spring,1.835298245614035,2.6254,2.9102151059809276,2.8959469736498265,wheat_combined,08_01
630,2023,wheat_spring,1.2423529411764709,1.8777,3.084848957802825,2.9308280203175583,wheat_combined,08_01
630,2025,wheat_spring,1.588235294117647,2.6426,3.0134762757499565,2.960269559228794,wheat_combined,08_01
632,2025,wheat_spring,1.8557142857142856,2.6647,2.9861971435788233,3.0669629484554286,wheat_combined,08_01
634,2024,wheat_spring,3.798571428571429,3.6207,3.1660614757267593,3.2372983471208725,wheat_combined,08_01
634,2025,wheat_spring,3.736,2.1765999999999996,2.818764987484132,2.855962969165212,wheat_combined,08_01
635,2023,wheat_spring,2.004705882352941,2.9415,3.0789746223578165,2.9798617194046755,wheat_combined,08_01
635,2025,wheat_spring,3.4548,2.3033,2.920917164614146,2.8679746139381277,wheat_combined,08_01
636,2023,wheat_spring,2.0064912280701757,1.7056,3.0789993190534526,2.9134913581932556,wheat_combined,08_01
636,2025,wheat_spring,2.5898245614035087,2.3332,2.57199393195562,2.6132957838963105,wheat_combined,08_01
643,2023,wheat_spring,1.622241379310345,2.2016,2.9990993727428594,2.7691157603825145,wheat_combined,08_01
644,2023,wheat_spring,1.736,2.4819,3.0665722026255544,2.8878714315698053,wheat_combined,08_01
644,2024,wheat_spring,2.470666666666667,3.0547999999999997,3.3071210139757867,3.3812380481011193,wheat_combined,08_01
650,2023,wheat_spring,2.649016393442623,2.1055,3.0061011760853233,2.794718753514932,wheat_combined,08_01
650,2024,wheat_spring,3.417966101694915,3.4661,2.777132113254773,2.868196887905641,wheat_combined,08_01
654,2023,wheat_spring,2.6425,2.2979,3.003511228204046,2.8098391976269155,wheat_combined,08_01
655,2024,wheat_spring,2.415263157894737,3.157,2.832552098340586,2.9579413298222352,wheat_combined,08_01
659,2024,wheat_spring,2.440571428571429,3.5345,3.3017225543529047,3.2730542544755385,wheat_combined,08_01
660,2023,wheat_spring,1.762,2.4032,3.082516023675749,2.939398421431478,wheat_combined,08_01
661,2024,wheat_spring,3.669122807017544,2.7378,2.808983651026388,2.8574857671045577,wheat_combined,08_01
662,2023,wheat_spring,1.7616666666666667,2.5514,2.966631975014695,2.7845063554412337,wheat_combined,08_01
663,2023,wheat_spring,2.649107142857143,1.6361,2.929599635194706,2.732317972559403,wheat_combined,08_01
663,2024,wheat_spring,3.4639285714285712,2.866,2.705870098681276,2.8533980518276487,wheat_combined,08_01
665,2023,wheat_spring,1.625,2.225,2.9570053802186282,2.753649149516448,wheat_combined,08_01
666,2023,wheat_spring,1.6253191489361702,2.5518,2.955387720091706,2.774756259441029,wheat_combined,08_01
668,2023,wheat_spring,1.5998675496688743,2.2498,3.053447482145589,2.9010170468809826,wheat_combined,08_01
668,2025,wheat_spring,3.354501347708895,2.8228999999999997,2.946221041819223,2.9367540670244474,wheat_combined,08_01
669,2023,wheat_spring,1.5975471698113208,1.8299,2.9850675321637583,2.731528531234112,wheat_combined,08_01
669,2024,wheat_spring,3.322641509433962,3.3181,2.917792936201491,3.089114952950271,wheat_combined,08_01
671,2023,wheat_spring,1.7734375,2.41,3.0682929845247817,2.9084353682469515,wheat_combined,08_01
674,2024,wheat_spring,4.6898425196850395,2.8089,2.662304382606409,2.8155004759791336,wheat_combined,08_01
675,2023,wheat_spring,2.008974358974359,2.3213999999999997,3.115322687258257,3.0229203494245755,wheat_combined,08_01
675,2025,wheat_spring,2.8633540372670807,2.6151,2.5373014209591997,2.62154808504133,wheat_combined,08_01
677,2023,wheat_spring,2.2621428571428575,2.4953,3.0743644011186513,2.9236017203169844,wheat_combined,08_01
678,2023,wheat_spring,2.0062686567164176,2.5131,3.1367404700885144,3.0410780219588904,wheat_combined,08_01
680,2023,wheat_spring,2.511463414634146,2.9116,3.0316133542343344,2.938589600836229,wheat_combined,08_01
685,2023,wheat_spring,3.021012658227848,2.9106,3.070798006364916,2.933883945786112,wheat_combined,08_01
685,2024,wheat_spring,3.188607594936709,2.6077000000000004,2.788989733651393,2.960011526777398,wheat_combined,08_01
689,2024,wheat_spring,1.1392307692307693,3.5058,2.8769022599159775,2.9941305928069344,wheat_combined,08_01
689,2025,wheat_spring,1.192,1.9847,2.6041829164606862,2.63595604171135,wheat_combined,08_01
690,2023,wheat_spring,3.1429411764705883,2.6678,3.100628758619739,2.9004030819837556,wheat_combined,08_01
693,2023,wheat_spring,1.819387755102041,3.2476999999999996,3.1285389234515195,3.067896003826411,wheat_combined,08_01
693,2025,wheat_spring,4.149532710280374,2.519,3.0294123509681627,3.042449006742368,wheat_combined,08_01
694,2023,wheat_spring,1.8193939393939391,2.9119,3.1748937769891645,3.0699630120130825,wheat_combined,08_01
694,2024,wheat_spring,1.9284848484848485,2.9421,3.2240177948869992,3.2803674579410345,wheat_combined,08_01
694,2025,wheat_spring,3.8374193548387097,2.5167,2.8274496223526593,2.7774058720090626,wheat_combined,08_01
695,2023,wheat_spring,1.819,2.7694,3.155377892911611,3.156448644368727,wheat_combined,08_01
696,2023,wheat_spring,1.7727777777777778,2.2182,3.0814256093813706,2.9085368591022918,wheat_combined,08_01
696,2024,wheat_spring,4.205263157894737,3.4825000000000004,2.920484122994849,3.0833408685151062,wheat_combined,08_01
698,2024,wheat_spring,3.18863309352518,2.6348,3.3163946633992705,3.350285671158567,wheat_combined,08_01
698,2025,wheat_spring,3.1444444444444444,2.3052,2.851816239371789,2.8437064674800725,wheat_combined,08_01
699,2023,wheat_spring,3.144354838709677,2.7315,3.1494979132712544,3.1718411836253506,wheat_combined,08_01
699,2024,wheat_spring,1.9542857142857144,2.9794,2.84297481522059,2.8682987491991927,wheat_combined,08_01
700,2023,wheat_spring,1.771777777777778,2.0559000000000003,3.0668497052173427,2.9003736327642797,wheat_combined,08_01
700,2024,wheat_spring,3.1551111111111108,3.2281,3.006743356123679,3.1568347366148766,wheat_combined,08_01
701,2023,wheat_spring,2.263571428571429,2.6811,3.1508808796232937,3.069302422634252,wheat_combined,08_01
706,2023,wheat_spring,2.0191666666666666,2.6155999999999997,3.1726226350395312,3.13009731277963,wheat_combined,08_01
710,2023,wheat_spring,2.016111111111111,3.0164999999999997,3.108804133945315,2.9689447743197497,wheat_combined,08_01
711,2023,wheat_spring,1.737764705882353,2.5837,3.1887349360677884,3.1821064114404725,wheat_combined,08_01
711,2025,wheat_spring,2.0722222222222224,2.5225999999999997,2.90570912891495,2.9960343791273703,wheat_combined,08_01
712,2024,wheat_spring,2.481875,3.2098,2.8583902017575937,2.934669993872379,wheat_combined,08_01
713,2023,wheat_spring,1.738235294117647,2.4566,3.1843191296208384,3.18820082116254,wheat_combined,08_01
715,2024,wheat_spring,3.2449664429530203,2.9846,3.29009724809387,3.327862793975168,wheat_combined,08_01
717,2024,wheat_spring,2.1251315789473684,3.05,3.058893664339201,3.1638762543584673,wheat_combined,08_01
718,2023,wheat_spring,1.7971698113207548,2.1103,2.976083386903357,2.780508753848654,wheat_combined,08_01
722,2024,wheat_spring,3.143571428571428,3.2308,3.044532151956624,3.1768254587186817,wheat_combined,08_01
722,2025,wheat_spring,1.960740740740741,3.03,2.8135960826187416,2.7439520545995313,wheat_combined,08_01
725,2025,wheat_spring,2.7949848942598186,2.6914,2.645600637133623,2.6973774480073285,wheat_combined,08_01
727,2024,wheat_spring,2.8123809523809524,3.4015999999999997,2.8001051311549654,2.8209354850495765,wheat_combined,08_01
728,2023,wheat_spring,2.0159649122807015,2.0694,2.9711301125999294,2.7702084619713276,wheat_combined,08_01
729,2023,wheat_spring,1.8895744680851063,1.7196000000000002,3.0888638938989113,2.9228684277395094,wheat_combined,08_01
730,2024,wheat_spring,3.438636363636364,3.5831000000000004,2.81385329218764,2.8634643728105567,wheat_combined,08_01
733,2023,wheat_spring,1.7423448275862068,1.8249,2.9662942868962134,2.7380322966031017,wheat_combined,08_01
735,2023,wheat_spring,2.44,1.8994,3.084808123389371,2.9331939777914546,wheat_combined,08_01
736,2023,wheat_spring,2.1700925925925927,2.2104,3.0715478601464894,2.923675811421651,wheat_combined,08_01
737,2023,wheat_spring,2.440300751879699,2.3006,3.0646264088607618,2.856248918270006,wheat_combined,08_01
737,2025,wheat_spring,3.047698113207547,2.0914,2.657674856145204,2.7405683224598163,wheat_combined,08_01
738,2024,wheat_spring,6.303508771929825,2.9728000000000003,2.556989444242172,2.667978678553266,wheat_combined,08_01
741,2023,wheat_spring,1.904864864864865,2.4909,3.1524272686875197,3.099781240911559,wheat_combined,08_01
742,2023,wheat_spring,1.904873949579832,2.1965,3.0300638171197054,2.905980606348539,wheat_combined,08_01
742,2024,wheat_spring,3.900256410256411,3.2590000000000003,3.1349136440978915,3.2622027082056237,wheat_combined,08_01
743,2023,wheat_spring,2.480392156862745,2.4853,3.0643769804447483,2.89127669602666,wheat_combined,08_01
744,2024,wheat_spring,3.433069306930693,3.0977,3.2677623100955784,3.2781225852429454,wheat_combined,08_01
745,2024,wheat_spring,1.665,3.7734,3.3490247994284936,3.401558981848559,wheat_combined,08_01
746,2023,wheat_spring,1.8734782608695653,1.9409,3.067331734869356,2.887629309519096,wheat_combined,08_01
746,2024,wheat_spring,1.943478260869565,2.7763,3.023911110114947,3.1618972391216222,wheat_combined,08_01
749,2025,wheat_spring,3.655757575757576,2.6398,2.723230226397586,2.834548495711246,wheat_combined,08_01
750,2024,wheat_spring,4.912765957446808,2.639,2.7749968714961195,2.912994414407088,wheat_combined,08_01
754,2023,wheat_spring,3.142777777777778,2.8236999999999997,3.236873623891446,3.1786808949242062,wheat_combined,08_01
755,2023,wheat_spring,2.6428205128205127,2.3508,3.1250630067767275,3.1062762249335334,wheat_combined,08_01
756,2023,wheat_spring,3.143035714285714,3.0082,3.101196850667393,3.0271429898654367,wheat_combined,08_01
764,2023,wheat_spring,3.1446774193548386,2.6371,3.1192663198923323,3.031291743958977,wheat_combined,08_01
764,2024,wheat_spring,3.882903225806452,3.2095,2.5684850857146437,2.6076582795977763,wheat_combined,08_01
766,2025,wheat_spring,3.126904761904762,2.6866,3.127982242368878,3.089810209008311,wheat_combined,08_01
767,2023,wheat_spring,1.6358536585365853,1.9648,3.132335132206889,3.094186540859258,wheat_combined,08_01
767,2024,wheat_spring,1.4495,3.1482,3.2982268429139747,3.380361004925418,wheat_combined,08_01
768,2023,wheat_spring,1.9517391304347824,2.3907,3.1905152961950196,3.186107959989859,wheat_combined,08_01
768,2024,wheat_spring,2.5218181818181815,3.6808,2.7978949110388935,3.0982487489554456,wheat_combined,08_01
769,2023,wheat_spring,1.636,2.2826,3.114001637035897,3.0405486524008687,wheat_combined,08_01
769,2024,wheat_spring,5.470144927536232,2.692,2.8362467713042396,3.099511923091104,wheat_combined,08_01
770,2023,wheat_spring,2.5348507462686567,2.3167,3.079171790289402,3.0206465276231933,wheat_combined,08_01
770,2025,wheat_spring,3.468955223880597,2.4257,2.9959161643445906,2.897707871558898,wheat_combined,08_01
771,2023,wheat_spring,2.154166666666667,2.1482,3.0924807591768464,2.9209705485930395,wheat_combined,08_01
771,2024,wheat_spring,4.969142857142857,2.9478999999999997,2.9540516044498553,3.1572363505012424,wheat_combined,08_01
772,2023,wheat_spring,2.643050847457627,2.1558,2.969218377452864,2.7607904791032607,wheat_combined,08_01
773,2024,wheat_spring,1.5847761194029852,2.0591,2.552453851077485,2.4007162808707103,wheat_combined,08_01
774,2023,wheat_spring,2.6488888888888886,2.1664000000000003,2.9210519039077196,2.749487113875551,wheat_combined,08_01
774,2024,wheat_spring,4.308571428571429,3.4462,2.851923239644074,3.0162419936038374,wheat_combined,08_01
775,2023,wheat_spring,2.6489830508474577,3.1514,3.0599382209494888,3.032778930911888,wheat_combined,08_01
775,2024,wheat_spring,3.02089552238806,2.9789000000000003,2.7704388570007707,2.9580798257136296,wheat_combined,08_01
776,2024,wheat_spring,2.5763265306122447,3.1826,3.2583220307161476,3.320415808363623,wheat_combined,08_01
777,2023,wheat_spring,1.736,1.9751,2.970782496990822,2.7202547002948756,wheat_combined,08_01
777,2024,wheat_spring,3.336229508196721,3.5613,3.0614617172118535,3.2416782247246925,wheat_combined,08_01
778,2023,wheat_spring,1.7359090909090908,2.0045,3.0755166923488417,2.8895759496226407,wheat_combined,08_01
778,2024,wheat_spring,4.464090909090909,2.9023,2.9580868320756837,3.1230856434934524,wheat_combined,08_01
779,2023,wheat_spring,1.7360714285714285,2.4725,3.096759511737782,2.9608380839796675,wheat_combined,08_01
779,2024,wheat_spring,3.148,3.8303,2.922577823421869,3.065136764981261,wheat_combined,08_01
780,2023,wheat_spring,1.735769230769231,2.3485,3.0709628561685087,2.907121928944971,wheat_combined,08_01
780,2024,wheat_spring,4.034666666666667,3.5488,3.2315986727123347,3.26277772299993,wheat_combined,08_01
781,2023,wheat_spring,1.736056338028169,2.4867999999999997,3.077793870621291,2.9130907898486256,wheat_combined,08_01
782,2023,wheat_spring,3.1433333333333335,2.6878,3.045198532043588,2.7676077311011706,wheat_combined,08_01
784,2023,wheat_spring,1.7746153846153845,2.271,2.9297139603918234,2.7240779075549453,wheat_combined,08_01
784,2024,wheat_spring,1.1116417910447762,3.0995999999999997,3.246754863389995,3.3499677809297994,wheat_combined,08_01
786,2023,wheat_spring,1.4060416666666666,1.5635,3.1053680184265073,2.978184941268999,wheat_combined,08_01
786,2024,wheat_spring,4.355714285714286,3.1032,3.046229467774757,3.055306549342808,wheat_combined,08_01
786,2025,wheat_spring,1.8527272727272728,2.3194,2.7352920733451573,2.7373770522791414,wheat_combined,08_01
787,2024,wheat_spring,3.1833333333333336,3.2444,2.607993409165504,2.6595329298756543,wheat_combined,08_01
788,2024,wheat_spring,1.9296774193548387,2.7076,2.794575068080508,2.9121073619992646,wheat_combined,08_01
788,2025,wheat_spring,3.813379310344828,2.3513,2.487021000039885,2.5571066945122825,wheat_combined,08_01
789,2024,wheat_spring,3.867674418604651,3.1652,2.8820065501737426,2.9591085790447886,wheat_combined,08_01
792,2023,wheat_spring,1.42275,1.5682,3.0881391332444776,2.928911308564262,wheat_combined,08_01
793,2023,wheat_spring,1.7799999999999998,2.134,3.1329917715001843,3.0355782901379906,wheat_combined,08_01
793,2024,wheat_spring,4.363820224719101,2.6718,3.246635515847573,3.3187455796158196,wheat_combined,08_01
793,2025,wheat_spring,2.2246511627906975,2.6378,2.8312270477940316,2.813091858459856,wheat_combined,08_01
795,2024,wheat_spring,3.521284403669725,3.439,2.760942968304453,2.82021282616807,wheat_combined,08_01
797,2023,wheat_spring,1.7378260869565216,2.6823,3.192502936908993,3.1921672186229824,wheat_combined,08_01
797,2025,wheat_spring,4.511304347826087,2.6075,2.9887847146573367,2.9838879138381196,wheat_combined,08_01
798,2023,wheat_spring,2.006153846153846,2.45,3.1309814750706306,3.0653385710571577,wheat_combined,08_01
800,2024,wheat_spring,2.493333333333333,3.8228,3.0463633030954465,3.038933419202386,wheat_combined,08_01
800,2025,wheat_spring,1.907,2.4798,2.8560623851577795,2.8578703089297024,wheat_combined,08_01
801,2023,wheat_spring,1.8197272727272729,2.278,3.2625689284481756,3.276642934408148,wheat_combined,08_01
801,2025,wheat_spring,3.800724637681159,3.0893,3.05977086373729,3.144696355652671,wheat_combined,08_01
802,2025,wheat_spring,2.8191666666666664,1.606,3.0077693371561174,3.0094235702205188,wheat_combined,08_01
803,2023,wheat_spring,1.8186206896551724,2.269,3.182233089905775,3.066969884282474,wheat_combined,08_01
803,2025,wheat_spring,5.01103448275862,2.3155,2.732504446082482,2.817594445968399,wheat_combined,08_01
804,2023,wheat_spring,1.818888888888889,2.3760000000000003,3.1867081528682224,3.060510047621764,wheat_combined,08_01
805,2023,wheat_spring,1.8189473684210529,1.8509,3.044351980004426,2.7836663848209833,wheat_combined,08_01
806,2023,wheat_spring,2.2642857142857142,2.1092,3.190720142004237,3.2040133221911717,wheat_combined,08_01
807,2023,wheat_spring,3.141052631578947,2.8649,3.055016430661291,2.9283564879203956,wheat_combined,08_01
807,2024,wheat_spring,2.4712280701754388,2.615,2.7222704723304996,2.8458578613695638,wheat_combined,08_01
808,2023,wheat_spring,2.64275,2.1902,3.0015636895587807,2.745806343333592,wheat_combined,08_01
808,2024,wheat_spring,2.39625,2.8811,2.539085973571527,2.5651484110890346,wheat_combined,08_01
809,2024,wheat_spring,3.171551724137931,2.793,2.7005896313464506,2.834676364483662,wheat_combined,08_01
809,2025,wheat_spring,2.2703846153846152,2.3466,2.5562286880791674,2.629629202235699,wheat_combined,08_01
810,2024,wheat_spring,3.8034285714285714,2.803,2.7814484646704543,2.8406471916379066,wheat_combined,08_01
811,2023,wheat_spring,1.8688888888888888,1.8558,3.0814256093813706,2.8984121584163995,wheat_combined,08_01
811,2024,wheat_spring,4.6866666666666665,2.9682,3.0722857091324567,3.251973118024337,wheat_combined,08_01
812,2023,wheat_spring,1.7378947368421054,1.9807,3.0780035398702688,2.924816794610045,wheat_combined,08_01
812,2024,wheat_spring,3.591578947368421,3.1816,2.764337186129141,2.8718302754655682,wheat_combined,08_01
813,2023,wheat_spring,1.738,3.1189,3.2034679372094503,3.293965055890642,wheat_combined,08_01
814,2023,wheat_spring,1.762162162162162,2.3974,3.0875893120060263,2.941703612292592,wheat_combined,08_01
815,2023,wheat_spring,1.762222222222222,1.9965,3.0385243784467857,2.897494633774659,wheat_combined,08_01
818,2024,wheat_spring,3.3494252873563215,3.3314999999999997,3.204746879796326,3.2508911085490424,wheat_combined,08_01
819,2023,wheat_spring,1.90125,1.6787,3.110777098841886,3.071982332426803,wheat_combined,08_01
821,2023,wheat_spring,2.642857142857143,2.5875,3.1535819703381325,3.1701820110167067,wheat_combined,08_01
821,2024,wheat_spring,4.94,2.4912,2.5928641740234504,2.6888408694445114,wheat_combined,08_01
821,2025,wheat_spring,1.898989898989899,2.086,2.639228838803818,2.738322795346356,wheat_combined,08_01
823,2024,wheat_spring,2.443404255319149,3.4749000000000003,2.9141008887936954,3.03605468516271,wheat_combined,08_01
824,2023,wheat_spring,2.648888888888889,2.9336,3.2264887096898445,3.2317931537155387,wheat_combined,08_01
824,2024,wheat_spring,2.8755555555555556,3.5801000000000003,3.0824498625875423,3.086105594286289,wheat_combined,08_01
831,2024,wheat_spring,2.517297297297297,3.0402,2.9031061584984825,3.0349374414484895,wheat_combined,08_01
832,2023,wheat_spring,4.2,2.9585999999999997,3.312807737789387,3.3455763451432303,wheat_combined,08_01
833,2024,wheat_spring,2.3731182795698924,2.6508,2.778578634600006,2.918805253380669,wheat_combined,08_01
833,2025,wheat_spring,1.8564864864864865,1.9153,2.5441962580483586,2.6220843409068375,wheat_combined,08_01
834,2025,wheat_spring,5.086666666666667,3.3994,2.676723470385007,2.8096493819785477,wheat_combined,08_01
835,2023,wheat_spring,2.280952380952381,2.3505,3.0928047225394852,2.9338861898571253,wheat_combined,08_01
836,2023,wheat_spring,1.6984761904761905,2.613,3.103446469274488,2.9253155572743363,wheat_combined,08_01
836,2025,wheat_spring,3.076571428571429,2.513,2.963504061091798,2.947398515948558,wheat_combined,08_01
837,2024,wheat_spring,4.956,3.4233,2.7317635710982837,2.9187195945031283,wheat_combined,08_01
838,2023,wheat_spring,1.88,1.7582999999999998,3.084438555304247,2.9013734012172714,wheat_combined,08_01
838,2024,wheat_spring,2.9166666666666665,2.8235,2.7939791209884124,2.9472249505156096,wheat_combined,08_01
839,2023,wheat_spring,1.8755555555555556,1.6463,3.0756353270673706,2.8962784828639507,wheat_combined,08_01
839,2024,wheat_spring,3.435111111111111,2.683,2.732516782622325,2.8728147170124223,wheat_combined,08_01
846,2024,wheat_spring,3.489130434782609,2.1568,2.8787751739435548,2.8618422365527514,wheat_combined,08_01
846,2025,wheat_spring,1.7005333333333337,2.1764,2.8632249248785118,2.721458427278666,wheat_combined,08_01
847,2024,wheat_spring,3.613,3.0462,2.9096570017570293,2.8957179066848244,wheat_combined,08_01
847,2025,wheat_spring,2.8442622950819674,2.3927,2.770937839906731,2.764577876620182,wheat_combined,08_01
848,2024,wheat_spring,1.2253846153846153,3.5056,2.972727638156698,3.023078160128858,wheat_combined,08_01
848,2025,wheat_spring,4.95,3.4458,3.019239549688763,2.8265337559810915,wheat_combined,08_01
849,2024,wheat_spring,1.128,2.1174,2.728825355860066,2.8659225654336273,wheat_combined,08_01
850,2024,wheat_spring,3.928421052631579,2.9639,2.961274482919662,3.078601858307154,wheat_combined,08_01
850,2025,wheat_spring,1.5674285714285714,2.3329,2.9915335546010473,2.9283311529085565,wheat_combined,08_01
851,2024,wheat_spring,5.851578947368421,3.3415999999999997,3.1554943840384695,3.2422502704401572,wheat_combined,08_01
851,2025,wheat_spring,3.2888235294117645,2.6457,2.8217532132776584,2.74208068091746,wheat_combined,08_01
852,2024,wheat_spring,3.902549019607843,2.4911000000000003,2.7868922935749314,2.912138717229164,wheat_combined,08_01
867,2025,wheat_spring,4.0767741935483865,4.4481,3.8068073862500107,3.830409446697831,wheat_combined,08_01
871,2025,wheat_spring,4.996119402985075,4.6679,3.773435095129044,3.705872135415815,wheat_combined,08_01
872,2025,wheat_spring,4.573056994818653,3.9985,3.5976328641530495,3.6183055240478255,wheat_combined,08_01
873,2025,wheat_spring,4.136898395721925,4.5165999999999995,3.668991504848626,3.5510407274601485,wheat_combined,08_01
874,2025,wheat_spring,5.187123287671233,3.8102,3.7361826161275453,3.692029192732183,wheat_combined,08_01
875,2025,wheat_spring,4.700588235294117,4.6021,3.6320156254952187,3.6231649081617,wheat_combined,08_01
879,2024,wheat_spring,3.631333333333333,4.0365,3.58683827466188,3.441087606859343,wheat_combined,08_01
881,2025,wheat_spring,5.271794871794872,4.2247,3.645709120873539,3.5651375320549685,wheat_combined,08_01
892,2024,wheat_spring,4.21,3.5601999999999996,3.3928782756040965,3.389609293827015,wheat_combined,08_01
893,2024,wheat_spring,4.1664814814814815,3.2659999999999996,3.313237176431513,3.422773981587712,wheat_combined,08_01
894,2024,wheat_spring,1.8546268656716416,2.9888000000000003,3.05005133588998,3.2657138985323657,wheat_combined,08_01
897,2025,wheat_spring,3.038695652173913,2.9537,2.767901518006944,2.834569247979493,wheat_combined,08_01
899,2024,wheat_spring,2.7888,2.835,3.1678683924457376,3.227140902414874,wheat_combined,08_01
901,2024,wheat_spring,3.643777777777778,2.4257,3.086035903341458,3.1919238615685552,wheat_combined,08_01
901,2025,wheat_spring,4.134157303370786,2.4359,3.0663533616149636,3.077716573706791,wheat_combined,08_01
903,2024,wheat_spring,5.332903225806452,3.7147,3.346075409050782,3.3417332007543754,wheat_combined,08_01
904,2025,wheat_spring,3.433193717277487,2.512,3.0756044205320103,3.0027567651983054,wheat_combined,08_01
905,2024,wheat_spring,2.072857142857143,2.5953,2.7197626236024472,2.9861487215852898,wheat_combined,08_01
907,2024,wheat_spring,3.0887755102040817,3.5424,3.38630564893492,3.428161070817817,wheat_combined,08_01
910,2025,wheat_spring,4.576904761904761,2.6088,3.402723975897818,3.4207470927197714,wheat_combined,08_01
911,2024,wheat_spring,2.995941176470588,3.2018999999999997,2.887560417388133,3.174714794274632,wheat_combined,08_01
913,2025,wheat_spring,3.5802139037433154,2.5398,3.0055474796209176,3.05167824994403,wheat_combined,08_01
918,2024,wheat_spring,1.7719540229885058,3.4115,2.9561853914371685,3.029616080190069,wheat_combined,08_01
924,2024,wheat_spring,2.1640963855421687,2.6282,3.041739529714123,3.2309237865472302,wheat_combined,08_01
925,2024,wheat_spring,2.0,3.2503,3.1381713293223856,3.1399753463815836,wheat_combined,08_01
926,2024,wheat_spring,1.75375,2.2424,3.1228371544062474,3.3301666751042642,wheat_combined,08_01
929,2024,wheat_spring,2.677674418604651,2.1286,2.6972313977536113,2.968812691244456,wheat_combined,08_01
930,2024,wheat_spring,2.829375,2.7738,2.9971848614161947,3.1936381588285734,wheat_combined,08_01
932,2024,wheat_spring,2.475,3.4357999999999995,2.8884125588410408,3.0543818191630123,wheat_combined,08_01
933,2024,wheat_spring,1.999285714285714,2.8119,2.7028151767682087,2.9048861604754777,wheat_combined,08_01
934,2024,wheat_spring,2.2073972602739724,2.6883,2.645246354186703,2.870283877866671,wheat_combined,08_01
938,2024,wheat_spring,1.465090909090909,2.0709,3.048118212360268,3.2390816505073197,wheat_combined,08_01
939,2024,wheat_spring,1.9653846153846155,2.4497,2.6353522091839765,2.8060578988160803,wheat_combined,08_01
942,2025,wheat_spring,3.857475728155339,2.7576,2.9608179044269414,2.9182222720563553,wheat_combined,08_01
943,2025,wheat_spring,2.4547457627118647,2.7145,2.9954169384166227,2.9417942726120363,wheat_combined,08_01
949,2024,wheat_spring,3.2488421052631575,3.4441,3.2095384549454846,3.34955246510577,wheat_combined,08_01
956,2025,wheat_spring,4.296603773584906,4.1612,3.675764454901636,3.4991740641056444,wheat_combined,08_01
957,2024,wheat_spring,4.786470588235295,4.3197,3.6597339401265234,3.558340139861772,wheat_combined,08_01
963,2025,wheat_spring,4.9848888888888885,3.3843000000000005,3.741732605294933,3.714254440992734,wheat_combined,08_01
964,2024,wheat_spring,2.1013333333333333,4.1812,2.7528381842275382,2.7724455994025767,wheat_combined,08_01
970,2024,wheat_spring,3.398461538461538,2.7599,2.765453741793179,2.7175950735060006,wheat_combined,08_01
977,2025,wheat_spring,4.826666666666667,3.9601,3.5852419459283045,3.5722588143220753,wheat_combined,08_01
978,2025,wheat_spring,4.130434782608695,3.6332,3.5900931214536214,3.469517918471956,wheat_combined,08_01
993,2025,wheat_spring,2.9006779661016946,4.2728,3.5741729452753344,3.466879566987659,wheat_combined,08_01
994,2025,wheat_spring,3.8666666666666663,2.3349,2.606111671995887,2.593426323271678,wheat_combined,08_01
998,2025,wheat_spring,4.7056818181818185,3.1187,3.527022563852742,3.4170941869361475,wheat_combined,08_01
1021,2025,wheat_spring,1.7027027027027026,2.1145,2.6445132259634363,2.7544158730704047,wheat_combined,08_01
1022,2025,wheat_spring,3.7833734939759034,2.6386,2.6805585694111045,2.7392445695558623,wheat_combined,08_01
1023,2025,wheat_spring,2.2638297872340427,2.0207,2.712750270365417,2.720996158603124,wheat_combined,08_01
1025,2025,wheat_spring,1.480952380952381,2.3288,3.1023943324195216,2.9514350203417203,wheat_combined,08_01
1027,2025,wheat_spring,4.96,3.1902,2.6534711348005744,2.7019814255958976,wheat_combined,08_01
195,2024,sunflower,2.7365853658536587,2.5282,2.6908374426979194,2.646685958089028,sunflower,07_01
197,2024,sunflower,3.2877551020408164,2.4313,2.6992792330019055,2.6159295121167374,sunflower,07_01
207,2024,sunflower,3.132727272727273,2.3039,2.7173619554998787,2.664788844821136,sunflower,07_01
208,2021,sunflower,2.84340206185567,2.7356000000000003,,,sunflower,07_01
208,2024,sunflower,2.360615384615385,2.3794,2.6256368798034804,2.6234250733371014,sunflower,07_01
209,2021,sunflower,2.257953795379538,2.1295,,,sunflower,07_01
209,2025,sunflower,3.287196261682243,2.6901,3.041412723485725,3.0253024559241273,sunflower,07_01
210,2021,sunflower,2.402302631578947,2.2004,,,sunflower,07_01
210,2025,sunflower,3.192550607287449,2.52,3.0223994017935336,3.030333498172542,sunflower,07_01
211,2021,sunflower,2.1389247311827955,2.3226,,,sunflower,07_01
212,2021,sunflower,3.639212598425197,2.1821,,,sunflower,07_01
212,2024,sunflower,1.900882352941176,2.5942,2.6725288587986484,2.6273972603089404,sunflower,07_01
213,2022,sunflower,1.481428571428571,2.8958,,,sunflower,07_01
214,2022,sunflower,1.002222222222222,3.2154000000000003,,,sunflower,07_01
215,2021,sunflower,2.9865822784810128,2.2252,,,sunflower,07_01
215,2025,sunflower,3.0739240506329115,2.6576,2.945576899795883,2.993186076605542,sunflower,07_01
216,2021,sunflower,2.925945945945946,2.3702,,,sunflower,07_01
216,2025,sunflower,2.986756756756757,2.8066,3.1912882327170684,3.1680266553551064,sunflower,07_01
217,2021,sunflower,2.6894761904761904,2.068,,,sunflower,07_01
217,2024,sunflower,2.9758823529411766,2.9491,2.707133398544621,2.647618825782757,sunflower,07_01
218,2021,sunflower,2.595625,2.1287,,,sunflower,07_01
219,2021,sunflower,2.818952380952381,1.6074000000000002,,,sunflower,07_01
219,2023,sunflower,2.802523809523809,1.6792000000000002,2.7011758045097456,2.702392345776449,sunflower,07_01
220,2021,sunflower,2.0264,2.4085,,,sunflower,07_01
221,2021,sunflower,1.7475,2.4882999999999997,,,sunflower,07_01
222,2021,sunflower,2.9396774193548385,2.7789,,,sunflower,07_01
222,2025,sunflower,2.972258064516129,2.3774,2.85659823918186,2.868050808070424,sunflower,07_01
223,2021,sunflower,2.8625714285714285,1.9953,,,sunflower,07_01
223,2025,sunflower,3.305142857142857,2.3918,2.8263425926182952,2.8762746393386056,sunflower,07_01
224,2021,sunflower,2.1762,2.6346,,,sunflower,07_01
224,2025,sunflower,3.0742307692307693,2.7087,3.138240553567429,3.184557025415046,sunflower,07_01
225,2021,sunflower,1.85,2.7541,,,sunflower,07_01
226,2021,sunflower,2.4555,2.0779,,,sunflower,07_01
226,2025,sunflower,3.0420000000000003,2.7547,3.0812486347536177,3.1279965281319315,sunflower,07_01
227,2023,sunflower,2.6015895953757227,1.9678,2.702092770387575,2.707155675993797,sunflower,07_01
228,2024,sunflower,3.052881355932203,2.4486999999999997,2.6593721291383106,2.642120280409091,sunflower,07_01
229,2024,sunflower,3.2544166666666663,2.7904,2.622196384085993,2.581186785272996,sunflower,07_01
230,2022,sunflower,3.257219730941704,1.8525,,,sunflower,07_01
230,2024,sunflower,3.2521793721973093,2.7013000000000003,2.637453735176091,2.5979618667163202,sunflower,07_01
231,2023,sunflower,2.2995063829787235,1.5364,2.702092770387575,2.7093272926899035,sunflower,07_01
232,2023,sunflower,2.6881993243243243,1.8707,2.702092770387575,2.7028352283730213,sunflower,07_01
234,2024,sunflower,3.295057142857143,2.2541,2.6922474211166856,2.6364840464082913,sunflower,07_01
236,2022,sunflower,3.3475,2.0613,,,sunflower,07_01
236,2025,sunflower,3.0025,2.7558,3.0395296292873897,3.1150725181294034,sunflower,07_01
237,2022,sunflower,2.515555555555556,2.4829999999999997,,,sunflower,07_01
237,2025,sunflower,3.3130555555555556,2.7347,3.0135421140522975,3.1124028413885196,sunflower,07_01
238,2022,sunflower,2.1222222222222222,1.9304,,,sunflower,07_01
238,2025,sunflower,1.9090277777777775,2.739,2.9978939113267726,3.0399321305221867,sunflower,07_01
239,2022,sunflower,1.9928205128205128,2.2291,,,sunflower,07_01
239,2025,sunflower,3.095213675213675,2.6518,3.0231048141798906,3.0714935544180975,sunflower,07_01
242,2024,sunflower,2.7984516129032255,2.8659,2.6813005734927193,2.660696075374445,sunflower,07_01
244,2025,sunflower,4.282264150943396,2.7214,2.8699464711331824,2.881101985742289,sunflower,07_01
246,2025,sunflower,1.26,2.5364,2.6723509330781665,2.7348055177527826,sunflower,07_01
247,2023,sunflower,2.741453642384106,1.8712,2.702092770387575,2.7039552236378754,sunflower,07_01
248,2024,sunflower,3.441577777777778,3.1921,2.6685957769535635,2.657692886055198,sunflower,07_01
250,2022,sunflower,3.0933333333333333,2.6123000000000003,,,sunflower,07_01
250,2025,sunflower,2.8207352941176467,2.3198,2.9923977936433075,3.023384456488992,sunflower,07_01
251,2023,sunflower,2.78692125984252,1.818,2.698682625804861,2.696865800997504,sunflower,07_01
252,2023,sunflower,2.8884457831325303,1.6582,2.6958172252195145,2.7008242443892865,sunflower,07_01
253,2023,sunflower,2.599529411764706,1.5845,2.698682625804861,2.7034295609975447,sunflower,07_01
254,2024,sunflower,3.4018783783783784,3.1237,2.665999986467395,2.6526707290531117,sunflower,07_01
255,2023,sunflower,2.5888660714285714,1.8349,2.6981281718990977,2.7036788218218533,sunflower,07_01
256,2025,sunflower,3.738928571428571,2.8539000000000003,2.8622848513693335,2.887441786832315,sunflower,07_01
258,2022,sunflower,2.0300786516853933,1.8362,,,sunflower,07_01
258,2025,sunflower,3.607977528089888,2.3949000000000003,2.8201560960096552,2.808928756293079,sunflower,07_01
259,2022,sunflower,2.027221288515406,1.6899000000000002,,,sunflower,07_01
259,2024,sunflower,2.8320560224089637,2.4544,2.6832563448221474,2.6619361141851843,sunflower,07_01
260,2023,sunflower,1.8446,1.8796,2.70067480441668,2.703534854569976,sunflower,07_01
261,2023,sunflower,2.853857142857143,2.1406,2.702107875969882,2.705793739234501,sunflower,07_01
262,2022,sunflower,2.051684210526316,1.9374,,,sunflower,07_01
263,2022,sunflower,2.1305,2.4547,,,sunflower,07_01
264,2022,sunflower,4.337,2.4141,,,sunflower,07_01
268,2025,sunflower,1.856,2.7964,2.8517999393530093,2.8529342742908192,sunflower,07_01
269,2022,sunflower,2.086126126126126,1.8846,,,sunflower,07_01
269,2025,sunflower,3.00081981981982,2.8367,2.7896475320457883,2.7788426163096314,sunflower,07_01
270,2023,sunflower,2.901551724137931,2.0925,2.6981281718990977,2.7064538684277406,sunflower,07_01
271,2023,sunflower,2.458762711864407,2.3735,2.7011758045097456,2.7016478275505618,sunflower,07_01
272,2021,sunflower,1.6323529411764706,2.7748,,,sunflower,07_01
272,2023,sunflower,1.4075,2.1104,2.699550156306786,2.708054966297579,sunflower,07_01
273,2024,sunflower,3.591851851851852,2.933,2.657235463200918,2.6140956703728575,sunflower,07_01
274,2024,sunflower,3.426468571428571,2.5133,2.7340533098769186,2.6983306375201903,sunflower,07_01
276,2021,sunflower,3.422096774193548,2.4518,,,sunflower,07_01
276,2023,sunflower,2.634193548387097,1.4752,2.7000652160837593,2.7043134442057055,sunflower,07_01
277,2021,sunflower,3.3421333333333334,2.6092,,,sunflower,07_01
277,2023,sunflower,2.6744000000000003,1.8454,2.6996665438962237,2.700292096433519,sunflower,07_01
278,2022,sunflower,2.907608695652174,2.2562,,,sunflower,07_01
280,2025,sunflower,4.019456521739131,2.7051,2.7964710718706542,2.8624383989378455,sunflower,07_01
282,2022,sunflower,1.2691489361702126,2.4841,,,sunflower,07_01
282,2025,sunflower,3.9023404255319143,3.2628,2.919027157363362,3.0228290929468207,sunflower,07_01
283,2022,sunflower,3.713924050632911,2.236,,,sunflower,07_01
283,2025,sunflower,4.0171455696202525,2.7062,2.836675235174005,2.8565062853267977,sunflower,07_01
284,2022,sunflower,2.223333333333333,2.1565000000000003,,,sunflower,07_01
292,2021,sunflower,2.01,2.3254,,,sunflower,07_01
292,2025,sunflower,2.718,2.435,2.7397807896800335,2.724836830314834,sunflower,07_01
293,2021,sunflower,2.3242696629213486,2.4481,,,sunflower,07_01
293,2025,sunflower,3.067640449438202,2.8165,2.6988297888711728,2.7443939025330355,sunflower,07_01
295,2022,sunflower,1.9825241379310343,2.2781,,,sunflower,07_01
296,2022,sunflower,1.4684699453551913,1.8388,,,sunflower,07_01
298,2023,sunflower,2.0416666666666665,1.9611,2.70067480441668,2.703792851001458,sunflower,07_01
299,2023,sunflower,3.345622119815668,2.1915,2.7005835097740527,2.7019728277922095,sunflower,07_01
300,2023,sunflower,3.5636363636363635,1.9782,2.7010601802421585,2.699890856069235,sunflower,07_01
300,2025,sunflower,3.1365454545454545,2.3777999999999997,3.053425353725034,3.0285813471818277,sunflower,07_01
301,2023,sunflower,2.6101083032490973,1.8818,2.7005835097740527,2.7007566259247473,sunflower,07_01
301,2025,sunflower,2.495162454873646,2.7965,2.8937323987907213,2.899520539930166,sunflower,07_01
302,2022,sunflower,3.147777777777778,2.0321,,,sunflower,07_01
302,2025,sunflower,2.7764444444444445,2.4812000000000003,2.829647466567639,2.8459241946285787,sunflower,07_01
303,2022,sunflower,3.539,2.4263000000000003,,,sunflower,07_01
304,2022,sunflower,3.0357142857142856,2.6441,,,sunflower,07_01
304,2025,sunflower,2.1645454545454546,2.399,2.8540018059648813,2.8839716732379133,sunflower,07_01
305,2021,sunflower,3.164368932038835,2.2552,,,sunflower,07_01
305,2025,sunflower,2.768857142857143,2.1062000000000003,2.9175427910661575,2.9619275779731264,sunflower,07_01
306,2021,sunflower,2.5819574468085107,1.9568,,,sunflower,07_01
306,2024,sunflower,3.538212765957447,2.4284,2.6977171894584715,2.6961070386123067,sunflower,07_01
307,2023,sunflower,1.6470588235294117,1.84,2.6945210405530124,2.7034262341826096,sunflower,07_01
308,2021,sunflower,3.211111111111111,2.1478,,,sunflower,07_01
308,2025,sunflower,3.56038961038961,2.68,3.034335574861589,3.0545181170196587,sunflower,07_01
309,2021,sunflower,2.949066666666667,2.2782,,,sunflower,07_01
310,2021,sunflower,2.9762564102564104,2.0533,,,sunflower,07_01
310,2023,sunflower,2.6650943396226414,2.0685,2.702107875969882,2.7027234168600436,sunflower,07_01
311,2023,sunflower,3.220833333333333,2.0643,2.7052332167054742,2.7147405449693394,sunflower,07_01
312,2022,sunflower,2.5855555555555556,2.7312000000000003,,,sunflower,07_01
312,2024,sunflower,1.5944444444444443,2.6065,2.688061408221107,2.6815278052200937,sunflower,07_01
313,2021,sunflower,3.737326203208556,2.8125,,,sunflower,07_01
314,2021,sunflower,2.99763440860215,1.5746,,,sunflower,07_01
314,2025,sunflower,3.19804780876494,2.7247,2.8399691412902834,2.891328793805658,sunflower,07_01
315,2021,sunflower,2.3563157894736846,2.1752,,,sunflower,07_01
317,2021,sunflower,2.4812716763005778,2.3783000000000003,,,sunflower,07_01
317,2025,sunflower,3.2478823529411764,2.1742,2.9720670901296615,2.983056647437748,sunflower,07_01
318,2021,sunflower,2.5535622317596567,1.7551,,,sunflower,07_01
318,2024,sunflower,3.366416666666667,2.3868,2.7369236734027624,2.7257782761885263,sunflower,07_01
319,2021,sunflower,3.1226666666666665,1.8891,,,sunflower,07_01
319,2024,sunflower,3.15221052631579,2.4882,2.6657298912708196,2.656832581598849,sunflower,07_01
320,2024,sunflower,2.272666666666667,1.9903,2.7037296335800924,2.6386668675443277,sunflower,07_01
321,2024,sunflower,2.982783505154639,2.7785,2.668917757968245,2.642493627463584,sunflower,07_01
322,2022,sunflower,2.8527397260273974,2.7659,,,sunflower,07_01
322,2024,sunflower,2.7725,2.5952,2.731068667600735,2.6891399080175566,sunflower,07_01
323,2022,sunflower,3.4059090909090908,2.6308,,,sunflower,07_01
323,2025,sunflower,3.7001298701298704,2.7821,3.0240564668369245,3.0320095683896016,sunflower,07_01
324,2022,sunflower,3.049259259259259,2.9478999999999997,,,sunflower,07_01
324,2025,sunflower,3.123333333333333,2.3431,2.8918379333383917,2.9441906634718595,sunflower,07_01
325,2022,sunflower,2.885882352941177,2.9293,,,sunflower,07_01
325,2025,sunflower,3.902941176470588,2.2727,2.974135782941149,2.9923494595640716,sunflower,07_01
327,2022,sunflower,3.0487128712871288,2.3335999999999997,,,sunflower,07_01
327,2025,sunflower,2.7849504950495048,2.7929,2.735228371991036,2.8044635006689953,sunflower,07_01
328,2023,sunflower,2.764705882352941,2.0331,2.7027091473439318,2.701680459773088,sunflower,07_01
330,2023,sunflower,3.167247386759582,2.2554,2.695179592202183,2.707571680543068,sunflower,07_01
331,2023,sunflower,3.1901408450704225,1.9111,2.702092770387575,2.700250164534623,sunflower,07_01
331,2025,sunflower,2.805285714285714,2.6515999999999997,2.8474048207685234,2.876604960380125,sunflower,07_01
332,2022,sunflower,3.1269827586206898,2.1197,,,sunflower,07_01
332,2025,sunflower,2.7096982758620687,2.1525,2.8829464638375843,2.9493571223195993,sunflower,07_01
333,2022,sunflower,3.009367088607595,2.8998,,,sunflower,07_01
334,2022,sunflower,3.3138125,2.3219000000000003,,,sunflower,07_01
334,2024,sunflower,2.83575,2.4604,2.7131019854236746,2.720362923806586,sunflower,07_01
335,2022,sunflower,3.5048387096774194,2.5538,,,sunflower,07_01
335,2024,sunflower,2.762772277227723,2.4528,2.7504110617882604,2.7513144167192203,sunflower,07_01
336,2022,sunflower,3.0290000000000004,2.4145,,,sunflower,07_01
336,2024,sunflower,2.679333333333333,2.4265,2.641971125582135,2.672640450523833,sunflower,07_01
337,2022,sunflower,3.2695,2.8881,,,sunflower,07_01
338,2022,sunflower,2.849375,2.7058,,,sunflower,07_01
338,2025,sunflower,3.5034375,2.9894,3.0201754090086887,3.0539312906630727,sunflower,07_01
339,2022,sunflower,3.1950000000000003,1.9122,,,sunflower,07_01
340,2022,sunflower,3.700081967213115,2.6686,,,sunflower,07_01
340,2024,sunflower,2.295081967213114,2.5004,2.7901166012402046,2.770530276501894,sunflower,07_01
341,2022,sunflower,2.8089583333333334,2.9271000000000003,,,sunflower,07_01
341,2024,sunflower,1.5833333333333333,2.6928,2.7406470836285015,2.721366396952279,sunflower,07_01
342,2022,sunflower,3.7125,2.783,,,sunflower,07_01
342,2024,sunflower,2.0454545454545454,2.6686,2.677205651938201,2.6974146568602952,sunflower,07_01
343,2023,sunflower,2.317142857142857,2.1953,2.6987877738070893,2.699475015584404,sunflower,07_01
344,2021,sunflower,2.1748453608247424,2.1807,,,sunflower,07_01
344,2025,sunflower,3.773283582089552,2.6604,3.0617430387192055,3.0634114085391464,sunflower,07_01
345,2021,sunflower,2.6784,2.2895,,,sunflower,07_01
345,2023,sunflower,1.6133333333333333,1.897,2.7005986153563595,2.7042939920500513,sunflower,07_01
346,2021,sunflower,1.9183783783783783,1.9228,,,sunflower,07_01
347,2024,sunflower,2.6532203389830507,2.4537,2.669459006339772,2.6563563524530376,sunflower,07_01
349,2021,sunflower,3.348414634146341,2.3996,,,sunflower,07_01
349,2024,sunflower,3.0159756097560977,2.8105,2.6336021573156123,2.628639872334775,sunflower,07_01
350,2021,sunflower,2.6869291338582677,2.8007,,,sunflower,07_01
350,2023,sunflower,2.5440944881889767,2.1065,2.697326485833037,2.7024526644537645,sunflower,07_01
352,2021,sunflower,2.075492957746479,2.6563,,,sunflower,07_01
352,2025,sunflower,3.5908411214953273,2.5768,3.0183444656933562,3.074263344279459,sunflower,07_01
353,2021,sunflower,2.0749999999999997,2.0385,,,sunflower,07_01
354,2021,sunflower,2.214430379746835,2.1566,,,sunflower,07_01
355,2021,sunflower,3.3528571428571428,2.0711,,,sunflower,07_01
356,2021,sunflower,2.6103448275862067,1.985,,,sunflower,07_01
356,2023,sunflower,2.1677011494252874,1.7352,2.6971961004389615,2.705870088021839,sunflower,07_01
356,2025,sunflower,3.081954022988506,2.6418,2.863853772545641,2.8341813290879503,sunflower,07_01
357,2021,sunflower,3.1505555555555556,2.336,,,sunflower,07_01
358,2021,sunflower,3.3279000000000005,2.4164000000000003,,,sunflower,07_01
358,2024,sunflower,3.3918072289156624,2.6963,2.6736714161405493,2.6864634342087603,sunflower,07_01
359,2021,sunflower,2.9375,2.1512,,,sunflower,07_01
359,2025,sunflower,3.789473684210526,2.4544,3.0689515094998185,3.0533225976195304,sunflower,07_01
360,2021,sunflower,2.314375,2.2260999999999997,,,sunflower,07_01
360,2023,sunflower,2.17,2.2003,2.699550156306786,2.7115538604863065,sunflower,07_01
361,2021,sunflower,3.5955,2.9539999999999997,,,sunflower,07_01
361,2023,sunflower,2.302,1.8195,2.6951586735703446,2.7000662034310623,sunflower,07_01
362,2021,sunflower,2.774871794871795,1.8656,,,sunflower,07_01
362,2024,sunflower,3.491965811965812,2.8526,2.6962742643237116,2.642541964990815,sunflower,07_01
363,2021,sunflower,2.518181818181818,2.2992,,,sunflower,07_01
363,2023,sunflower,2.303896103896104,2.1214,2.6971961004389615,2.7028666851314274,sunflower,07_01
363,2025,sunflower,3.0779220779220777,2.7735,2.834118012352069,2.8178954364997866,sunflower,07_01
364,2021,sunflower,2.8564166666666666,1.937,,,sunflower,07_01
364,2024,sunflower,3.2274999999999996,2.2731000000000003,2.644968226515549,2.640653768278005,sunflower,07_01
365,2021,sunflower,3.129,2.3059000000000003,,,sunflower,07_01
365,2024,sunflower,3.216666666666667,2.8152999999999997,2.683312273272045,2.664976960270569,sunflower,07_01
367,2023,sunflower,2.6066666666666665,1.9616,2.6990079922470533,2.6952529126339173,sunflower,07_01
368,2022,sunflower,2.872727272727273,2.2609000000000004,,,sunflower,07_01
368,2025,sunflower,2.9998913043478264,2.367,3.030786472291313,3.0831124677417363,sunflower,07_01
369,2022,sunflower,2.6805594405594406,2.5135,,,sunflower,07_01
369,2025,sunflower,3.581451612903226,2.7304,3.0176757721108354,3.098939189678447,sunflower,07_01
370,2022,sunflower,3.428,2.3081,,,sunflower,07_01
371,2023,sunflower,3.2169230769230768,2.0687,2.6819011842477587,2.7024662507245156,sunflower,07_01
372,2024,sunflower,2.254423076923077,1.753,2.553970126198907,2.5599495965846986,sunflower,07_01
373,2023,sunflower,2.3375330396475773,2.036,2.6996665438962237,2.7045279724571465,sunflower,07_01
373,2025,sunflower,3.1368888888888886,2.4531,2.844203029568744,2.856387613076137,sunflower,07_01
374,2023,sunflower,2.316923076923077,1.9099,2.697579182293317,2.68819960000377,sunflower,07_01
375,2023,sunflower,4.08,1.9577,2.692094680436339,2.701134319681931,sunflower,07_01
377,2023,sunflower,2.367391304347826,1.8909,2.6996665438962237,2.708793193580156,sunflower,07_01
377,2025,sunflower,3.0659574468085107,2.0869,2.84198559897123,2.8635531718596945,sunflower,07_01
378,2024,sunflower,2.6641025641025644,1.977,2.636812601895279,2.668541457079643,sunflower,07_01
379,2023,sunflower,2.722512077294686,2.1587,2.695686839825439,2.7107921463807956,sunflower,07_01
382,2024,sunflower,3.635968992248062,2.1855,2.627492457971944,2.6180347899466625,sunflower,07_01
384,2022,sunflower,3.801032258064516,2.0918,,,sunflower,07_01
384,2024,sunflower,3.3430573248407645,2.0616,2.581722972813508,2.5791552168735823,sunflower,07_01
386,2022,sunflower,2.417614678899082,2.2489999999999997,,,sunflower,07_01
386,2025,sunflower,2.9811009174311924,2.7159,2.9710276041952093,3.010365033101332,sunflower,07_01
387,2023,sunflower,3.2834693877551016,2.029,2.696695100345896,2.6970535320824633,sunflower,07_01
388,2024,sunflower,2.803,2.0955,2.5999944151893666,2.5979986178359473,sunflower,07_01
389,2022,sunflower,3.742857142857143,2.0418,,,sunflower,07_01
390,2024,sunflower,4.0285714285714285,2.1079999999999997,2.639555696298692,2.638691375115571,sunflower,07_01
391,2022,sunflower,3.0354838709677416,2.794,,,sunflower,07_01
391,2025,sunflower,4.1,2.853,2.6878619000465003,2.6613426269993252,sunflower,07_01
392,2022,sunflower,2.7394594594594595,2.3845,,,sunflower,07_01
392,2025,sunflower,3.5,2.7789,2.9429765921565627,2.9240072391197485,sunflower,07_01
393,2022,sunflower,2.641276595744681,2.3441,,,sunflower,07_01
393,2024,sunflower,3.0976223776223777,2.2906,2.651829388446247,2.6148157751666083,sunflower,07_01
395,2022,sunflower,2.9053125,2.476,,,sunflower,07_01
395,2023,sunflower,2.4253125,1.8903,2.6961185937338485,2.6877091415143433,sunflower,07_01
396,2022,sunflower,1.316875,2.0269,,,sunflower,07_01
396,2025,sunflower,3.272727272727273,2.6692,2.699836955402067,2.699373980852004,sunflower,07_01
397,2022,sunflower,2.837948717948718,2.6829,,,sunflower,07_01
402,2024,sunflower,3.6572972972972977,1.9547,2.5948508969545463,2.597436856404807,sunflower,07_01
403,2024,sunflower,3.8331764705882354,2.5735,2.623184931895223,2.6352883384431474,sunflower,07_01
406,2023,sunflower,2.6836363636363636,2.0936,2.6941373806828004,2.707926493639301,sunflower,07_01
407,2024,sunflower,2.7555555555555555,2.3344,2.6417683735608395,2.588763742632865,sunflower,07_01
408,2022,sunflower,2.6842105263157894,2.1124,,,sunflower,07_01
408,2025,sunflower,3.5336842105263155,2.8543,2.6720514277477827,2.724602925624094,sunflower,07_01
409,2022,sunflower,2.6706976744186046,2.2296,,,sunflower,07_01
409,2025,sunflower,2.956279069767442,2.6191,2.854758259726793,2.8562061241149195,sunflower,07_01
410,2022,sunflower,2.7344,1.8817,,,sunflower,07_01
410,2025,sunflower,3.5672,2.1218,2.8696641213452865,2.8041948670733183,sunflower,07_01
411,2022,sunflower,2.331159420289855,2.5156,,,sunflower,07_01
411,2025,sunflower,2.8207142857142857,2.0877,2.816220468835883,2.811111254072363,sunflower,07_01
412,2024,sunflower,4.356727272727273,2.4562999999999997,2.6222314389032615,2.611080006375283,sunflower,07_01
414,2022,sunflower,3.1254794520547944,2.2801,,,sunflower,07_01
415,2023,sunflower,3.02875,2.0213,2.6981281718990977,2.7064538684277406,sunflower,07_01
416,2022,sunflower,2.4264788732394367,2.3737,,,sunflower,07_01
416,2024,sunflower,3.101259259259259,2.1368,2.4901749469044505,2.5128952995514657,sunflower,07_01
418,2022,sunflower,2.713777777777778,2.3874,,,sunflower,07_01
419,2024,sunflower,3.5854545454545454,2.1188,2.6078476869363745,2.6387252761157365,sunflower,07_01
421,2025,sunflower,3.202592592592593,2.9965,2.9841041076983807,2.99710621050069,sunflower,07_01
422,2021,sunflower,2.0193846153846153,2.2353,,,sunflower,07_01
422,2025,sunflower,3.063150684931507,2.4702,3.1249475356001146,3.1548418980606674,sunflower,07_01
423,2021,sunflower,3.1824719101123597,2.2318,,,sunflower,07_01
423,2025,sunflower,3.147415730337079,2.467,2.8131993579338146,2.809512454600054,sunflower,07_01
424,2024,sunflower,4.063564356435644,2.4811,2.5976910282812913,2.5950845353975476,sunflower,07_01
425,2022,sunflower,2.363010752688172,1.7486000000000002,,,sunflower,07_01
425,2025,sunflower,3.2565591397849465,2.5533,3.007086101943699,3.049528201630044,sunflower,07_01
426,2022,sunflower,2.529830508474576,2.2122,,,sunflower,07_01
426,2025,sunflower,2.6094915254237288,2.4678,3.0243875510950775,3.0908461250955734,sunflower,07_01
427,2021,sunflower,2.4951612903225806,2.2091000000000003,,,sunflower,07_01
427,2023,sunflower,2.577611940298507,2.003,2.7005986153563595,2.7092566434078202,sunflower,07_01
428,2021,sunflower,1.572303664921466,2.5509,,,sunflower,07_01
428,2023,sunflower,2.4957865168539324,1.7037,2.702107875969882,2.703622821518888,sunflower,07_01
429,2022,sunflower,3.0915909090909093,2.7872,,,sunflower,07_01
429,2024,sunflower,2.159090909090909,2.6657,2.7476953934878225,2.7378749796309,sunflower,07_01
431,2023,sunflower,2.6,2.7424,2.6869798591061533,2.6959050435293723,sunflower,07_01
432,2025,sunflower,2.9768181818181816,2.4935,2.9059482575691047,2.8803002108502307,sunflower,07_01
435,2023,sunflower,1.916,1.7719,2.702107875969882,2.7106937410995946,sunflower,07_01
438,2021,sunflower,4.436875,1.7943000000000002,,,sunflower,07_01
439,2021,sunflower,2.128888888888889,1.8805,,,sunflower,07_01
440,2021,sunflower,2.965813953488372,1.8274,,,sunflower,07_01
440,2023,sunflower,2.905483870967742,1.611,2.6996665438962237,2.7015901381197818,sunflower,07_01
443,2021,sunflower,2.47,1.879,,,sunflower,07_01
444,2023,sunflower,2.8421052631578947,2.4749,2.6981170847535845,2.6929979596200018,sunflower,07_01
457,2023,sunflower,1.4166666666666667,1.4905,2.696688110484878,2.704101187622633,sunflower,07_01
514,2024,sunflower,3.17,2.5572,2.672285123356788,2.6593263730777292,sunflower,07_01
632,2023,sunflower,1.823095238095238,2.7302,2.700536264307521,2.6868423553456426,sunflower,07_01
636,2024,sunflower,4.390175438596492,2.1532,2.6370906638547025,2.6516708550779424,sunflower,07_01
663,2025,sunflower,1.3196825396825398,2.3012,2.5072780030070074,2.45351937216603,sunflower,07_01
669,2025,sunflower,1.069056603773585,1.8712,2.558585932552816,2.517755753909515,sunflower,07_01
671,2025,sunflower,1.2733333333333332,1.5936,2.4000960417918207,2.346767487990056,sunflower,07_01
672,2023,sunflower,1.8552173913043477,2.0212,2.698714565661839,2.6918696714365797,sunflower,07_01
675,2024,sunflower,4.904761904761905,1.7973,2.42871852012366,2.457176433816185,sunflower,07_01
685,2025,sunflower,1.2593197278911563,1.6941,2.5272151399895564,2.4893045093121096,sunflower,07_01
715,2023,sunflower,1.8202684563758391,2.1376,2.7022005927736203,2.6957173105952665,sunflower,07_01
716,2024,sunflower,2.867857142857143,1.8162,2.566549942989611,2.5791650736134737,sunflower,07_01
717,2023,sunflower,2.425675675675676,2.5022,2.7022005927736203,2.699271018326784,sunflower,07_01
718,2024,sunflower,3.907924528301887,1.8817,2.496487093472019,2.5283430032748324,sunflower,07_01
719,2023,sunflower,2.43,2.0418,2.6978150258442413,2.6982396485597584,sunflower,07_01
722,2023,sunflower,2.345357142857143,1.9213,2.701152133724047,2.69580481143861,sunflower,07_01
725,2024,sunflower,4.84875,2.0652999999999997,2.5213132321442666,2.540882556085963,sunflower,07_01
737,2024,sunflower,1.308345864661654,2.4523,2.613431405803272,2.6100541696006188,sunflower,07_01
744,2025,sunflower,2.404190476190476,1.8949000000000005,2.556752275505948,2.548871729647338,sunflower,07_01
746,2025,sunflower,2.351063829787234,1.6759,2.479564127672985,2.4827037550367717,sunflower,07_01
750,2025,sunflower,2.2961702127659573,2.4215,2.5691152835206923,2.4494468486786203,sunflower,07_01
777,2025,sunflower,1.4358125,2.3481,2.575660731896517,2.5103274463537266,sunflower,07_01
783,2023,sunflower,1.823229166666667,2.045,2.699887087407779,2.6942948368265753,sunflower,07_01
784,2025,sunflower,1.182948717948718,1.8733,2.4863411919473144,2.4816205267416542,sunflower,07_01
785,2023,sunflower,1.838187134502924,1.993,2.702694269732623,2.6899698646097656,sunflower,07_01
790,2023,sunflower,1.8870833333333332,2.0284,2.7008823779245312,2.6981970341372823,sunflower,07_01
791,2023,sunflower,1.8553846153846152,2.1163,2.7009625071397116,2.694404043623367,sunflower,07_01
792,2024,sunflower,2.9635,2.0599,2.4381852355041986,2.4790781062167113,sunflower,07_01
798,2024,sunflower,2.709230769230769,2.3922,2.6243771810942516,2.641756797029279,sunflower,07_01
802,2023,sunflower,2.345833333333333,1.3189,2.701881762712706,2.6988437637240894,sunflower,07_01
808,2025,sunflower,1.6854054054054055,2.0599,2.5186291750810557,2.5177882745750204,sunflower,07_01
810,2025,sunflower,1.2085185185185183,1.472,2.5358354791094744,2.477994889661324,sunflower,07_01
812,2025,sunflower,1.1764285714285714,1.5827,2.5342526848962286,2.471884306538765,sunflower,07_01
820,2023,sunflower,2.425,2.1428000000000003,2.6994203711311355,2.6951361504765177,sunflower,07_01
852,2025,sunflower,1.2906666666666666,2.2321999999999997,2.443450430685516,2.4441219649453343,sunflower,07_01
871,2024,sunflower,2.369950248756219,2.5351,2.731911595114434,2.7035420995877257,sunflower,07_01
873,2024,sunflower,2.669166086444218,2.6365,2.747394652427197,2.732030596396444,sunflower,07_01
879,2025,sunflower,3.7103333333333337,2.9809,2.8596563827091797,2.8333525244831166,sunflower,07_01
881,2024,sunflower,3.596666666666667,1.8064,2.7399759999504782,2.736314137092014,sunflower,07_01
897,2024,sunflower,1.83,2.1954,2.5866048659720002,2.6636897604038383,sunflower,07_01
912,2024,sunflower,1.9226470588235296,2.4225000000000003,2.4956021325266864,2.556252088733031,sunflower,07_01
931,2024,sunflower,1.9646666666666663,2.6487,2.654493206566536,2.6205875714553675,sunflower,07_01
941,2024,sunflower,1.6503937007874014,3.0867,2.4434466339352507,2.444088872256783,sunflower,07_01
942,2024,sunflower,2.0663247863247864,2.5727,2.477344037884799,2.5182542330752797,sunflower,07_01
943,2024,sunflower,1.6295049504950496,2.1013,2.518769890818672,2.5435591684360945,sunflower,07_01
951,2024,sunflower,4.6412,2.3813,2.674726053961015,2.6275225863317515,sunflower,07_01
979,2025,sunflower,1.991325301204819,2.8396,2.909431814048434,2.9450593115013475,sunflower,07_01
1007,2025,sunflower,1.46,2.081,2.4959184519555353,2.436483187450731,sunflower,07_01
195,2024,sunflower,2.7365853658536587,3.1813,3.0481384661551365,2.981297373492953,sunflower,08_01
197,2024,sunflower,3.2877551020408164,3.3829,3.029535201318933,3.0035530637415864,sunflower,08_01
207,2024,sunflower,3.132727272727273,2.8787,3.056612741510246,2.989998623390594,sunflower,08_01
208,2021,sunflower,2.84340206185567,2.502,,,sunflower,08_01
208,2024,sunflower,2.360615384615385,2.2707,2.980436766752761,2.9125000529438863,sunflower,08_01
209,2021,sunflower,2.257953795379538,2.5276,,,sunflower,08_01
209,2025,sunflower,3.287196261682243,3.5131,3.0368263578384616,2.8895777699195864,sunflower,08_01
210,2021,sunflower,2.402302631578947,2.5705,,,sunflower,08_01
210,2025,sunflower,3.192550607287449,2.3675,3.0406948837732783,2.929338127630264,sunflower,08_01
211,2021,sunflower,2.1389247311827955,3.1853,,,sunflower,08_01
212,2021,sunflower,3.639212598425197,2.7846,,,sunflower,08_01
212,2024,sunflower,1.900882352941176,2.9494,3.0485608507903708,3.0217880111682938,sunflower,08_01
213,2022,sunflower,1.481428571428571,2.5688,,,sunflower,08_01
214,2022,sunflower,1.002222222222222,2.6556,,,sunflower,08_01
215,2021,sunflower,2.9865822784810128,2.614,,,sunflower,08_01
215,2025,sunflower,3.0739240506329115,2.7828,2.935973509442039,2.787636759357135,sunflower,08_01
216,2021,sunflower,2.925945945945946,2.6715,,,sunflower,08_01
216,2025,sunflower,2.986756756756757,3.2991,2.9979026312936927,2.840761977852817,sunflower,08_01
217,2021,sunflower,2.6894761904761904,2.475,,,sunflower,08_01
217,2024,sunflower,2.9758823529411766,3.1949,3.0110688794453333,2.990591044828244,sunflower,08_01
218,2021,sunflower,2.595625,2.0886,,,sunflower,08_01
219,2021,sunflower,2.818952380952381,2.8047999999999997,,,sunflower,08_01
219,2023,sunflower,2.802523809523809,2.0565,2.581030187207209,2.7315689239411536,sunflower,08_01
220,2021,sunflower,2.0264,2.8005,,,sunflower,08_01
221,2021,sunflower,1.7475,2.5108,,,sunflower,08_01
222,2021,sunflower,2.9396774193548385,2.2581,,,sunflower,08_01
222,2025,sunflower,2.972258064516129,2.5026,2.862507329391474,2.701263148571077,sunflower,08_01
223,2021,sunflower,2.8625714285714285,2.4306,,,sunflower,08_01
223,2025,sunflower,3.305142857142857,2.1723,2.9004927796720765,2.7947636380386913,sunflower,08_01
224,2021,sunflower,2.1762,2.4054,,,sunflower,08_01
224,2025,sunflower,3.0742307692307693,2.718,2.954461527765617,2.823298264846399,sunflower,08_01
225,2021,sunflower,1.85,2.4835000000000003,,,sunflower,08_01
226,2021,sunflower,2.4555,2.5431,,,sunflower,08_01
226,2025,sunflower,3.0420000000000003,2.9094,3.026523518378958,2.852654223273897,sunflower,08_01
227,2023,sunflower,2.6015895953757227,2.3906,2.553717751598838,2.7055151067286127,sunflower,08_01
228,2024,sunflower,3.052881355932203,2.9244,3.026069309552924,2.9108157097465095,sunflower,08_01
229,2024,sunflower,3.2544166666666663,2.2287,2.8245766351577712,2.877103623560239,sunflower,08_01
230,2022,sunflower,3.257219730941704,2.4592,,,sunflower,08_01
230,2024,sunflower,3.2521793721973093,3.1405000000000003,3.012204784247038,2.9630412930366044,sunflower,08_01
231,2023,sunflower,2.2995063829787235,1.7592,2.588846251137339,2.607083612063169,sunflower,08_01
232,2023,sunflower,2.6881993243243243,2.0155000000000003,2.5841210359730384,2.6693805314264507,sunflower,08_01
234,2024,sunflower,3.295057142857143,2.7715,2.934448196551262,2.914859460181507,sunflower,08_01
236,2022,sunflower,3.3475,2.7079,,,sunflower,08_01
236,2025,sunflower,3.0025,2.7818,2.9842333167088104,2.7275883643618872,sunflower,08_01
237,2022,sunflower,2.515555555555556,2.3135000000000003,,,sunflower,08_01
237,2025,sunflower,3.3130555555555556,2.5092,3.0182874806338456,2.832333559311929,sunflower,08_01
238,2022,sunflower,2.1222222222222222,2.9125,,,sunflower,08_01
238,2025,sunflower,1.9090277777777775,2.747,2.9768696248949644,2.722223663055262,sunflower,08_01
239,2022,sunflower,1.9928205128205128,2.8905000000000003,,,sunflower,08_01
239,2025,sunflower,3.095213675213675,2.3272,3.040156350585428,2.8200053323454917,sunflower,08_01
242,2024,sunflower,2.7984516129032255,2.7931999999999997,2.9198308888937548,2.829514624034399,sunflower,08_01
244,2025,sunflower,4.282264150943396,2.8931,2.8283672179897246,2.718851439903118,sunflower,08_01
246,2025,sunflower,1.26,2.8019,2.81860920830431,2.6925715592644304,sunflower,08_01
247,2023,sunflower,2.741453642384106,1.9656,2.576305807057386,2.7344845186259805,sunflower,08_01
248,2024,sunflower,3.441577777777778,3.0343,3.024067150960362,2.937804270473327,sunflower,08_01
250,2022,sunflower,3.0933333333333333,2.6524,,,sunflower,08_01
250,2025,sunflower,2.8207352941176467,2.567,2.9922069699996943,2.906139528337149,sunflower,08_01
251,2023,sunflower,2.78692125984252,1.7517,2.5930447956890594,2.593850250252218,sunflower,08_01
252,2023,sunflower,2.8884457831325303,1.9012,2.609557868687853,2.621922938951593,sunflower,08_01
253,2023,sunflower,2.599529411764706,2.4023,2.5855639703085083,2.7006260483318,sunflower,08_01
254,2024,sunflower,3.4018783783783784,3.0905,3.025806962755463,2.870421801875753,sunflower,08_01
255,2023,sunflower,2.5888660714285714,1.7846,2.6631252586684027,2.613502989643993,sunflower,08_01
256,2025,sunflower,3.738928571428571,2.6791,3.0897568676956473,2.881942652906246,sunflower,08_01
258,2022,sunflower,2.0300786516853933,2.3971,,,sunflower,08_01
258,2025,sunflower,3.607977528089888,2.8251,2.898683726676557,2.7849496992174787,sunflower,08_01
259,2022,sunflower,2.027221288515406,1.9411,,,sunflower,08_01
259,2024,sunflower,2.8320560224089637,2.8565,3.034831831225171,2.964841839274244,sunflower,08_01
260,2023,sunflower,1.8446,1.6825,2.6301793776687967,2.691278470802768,sunflower,08_01
261,2023,sunflower,2.853857142857143,1.7447,2.586792769217676,2.730573983220463,sunflower,08_01
262,2022,sunflower,2.051684210526316,2.0908,,,sunflower,08_01
263,2022,sunflower,2.1305,2.2052,,,sunflower,08_01
264,2022,sunflower,4.337,2.2992999999999997,,,sunflower,08_01
268,2025,sunflower,1.856,2.621,2.9143704838956013,2.6844882830942174,sunflower,08_01
269,2022,sunflower,2.086126126126126,2.4829999999999997,,,sunflower,08_01
269,2025,sunflower,3.00081981981982,3.2369,2.890117074417669,2.7969791063743354,sunflower,08_01
271,2023,sunflower,2.458762711864407,1.6121,2.6042621361663847,2.561719941300529,sunflower,08_01
272,2021,sunflower,1.6323529411764706,2.2183,,,sunflower,08_01
272,2023,sunflower,1.4075,1.6882,2.607493756924394,2.5662057394382045,sunflower,08_01
273,2024,sunflower,3.591851851851852,3.1408,2.9961839130333106,2.9356756570504055,sunflower,08_01
274,2024,sunflower,3.426468571428571,3.2063,3.0735242349369005,3.0049483809477073,sunflower,08_01
276,2021,sunflower,3.422096774193548,2.5587,,,sunflower,08_01
276,2023,sunflower,2.634193548387097,2.1459,2.6742233444656764,2.789732205172652,sunflower,08_01
277,2021,sunflower,3.3421333333333334,2.5161,,,sunflower,08_01
277,2023,sunflower,2.6744000000000003,1.9509,2.6685836025330456,2.781656904180595,sunflower,08_01
278,2022,sunflower,2.907608695652174,2.1463,,,sunflower,08_01
280,2025,sunflower,4.019456521739131,2.816,2.907048679178317,2.728737466301385,sunflower,08_01
282,2022,sunflower,1.2691489361702126,2.2469,,,sunflower,08_01
282,2025,sunflower,3.9023404255319143,2.9577,2.936226631394751,2.743734793831819,sunflower,08_01
283,2022,sunflower,3.713924050632911,2.2559,,,sunflower,08_01
283,2025,sunflower,4.0171455696202525,2.7299,2.9063774404936438,2.737684261153113,sunflower,08_01
284,2022,sunflower,2.223333333333333,2.1607,,,sunflower,08_01
292,2021,sunflower,2.01,2.8632,,,sunflower,08_01
292,2025,sunflower,2.718,2.1951,2.7339052991570756,2.616538476220751,sunflower,08_01
293,2021,sunflower,2.3242696629213486,2.5933,,,sunflower,08_01
293,2025,sunflower,3.067640449438202,2.739,2.8482980259914394,2.729251528851292,sunflower,08_01
295,2022,sunflower,1.9825241379310343,2.1238,,,sunflower,08_01
296,2022,sunflower,1.4684699453551913,2.13,,,sunflower,08_01
298,2023,sunflower,2.0416666666666665,1.8511,2.6603723067139216,2.7606105132204144,sunflower,08_01
299,2023,sunflower,3.345622119815668,2.0437000000000003,2.7033775916965816,2.6958706612488723,sunflower,08_01
300,2023,sunflower,3.5636363636363635,1.9315,2.696802332526528,2.780267680121173,sunflower,08_01
300,2025,sunflower,3.1365454545454545,2.5847,3.0629233352845584,2.9045549477914934,sunflower,08_01
301,2023,sunflower,2.6101083032490973,1.6184999999999998,2.6842185992721217,2.734108732703979,sunflower,08_01
301,2025,sunflower,2.495162454873646,3.1425,2.8682013196963783,2.708498962059729,sunflower,08_01
302,2022,sunflower,3.147777777777778,2.7268999999999997,,,sunflower,08_01
302,2025,sunflower,2.7764444444444445,2.4439,2.956753446927735,2.781744301837504,sunflower,08_01
303,2022,sunflower,3.539,2.8109,,,sunflower,08_01
304,2022,sunflower,3.0357142857142856,2.6405000000000003,,,sunflower,08_01
304,2025,sunflower,2.1645454545454546,2.7464,2.8854067324980543,2.7052151236863025,sunflower,08_01
305,2021,sunflower,3.164368932038835,2.5433,,,sunflower,08_01
305,2025,sunflower,2.768857142857143,2.8078,3.0158406420685377,2.9535689162821646,sunflower,08_01
306,2021,sunflower,2.5819574468085107,2.6155999999999997,,,sunflower,08_01
306,2024,sunflower,3.538212765957447,3.16,2.8921787817859244,2.928662330651957,sunflower,08_01
307,2023,sunflower,1.6470588235294117,1.5692,2.6831083671791505,2.6255717087490855,sunflower,08_01
308,2021,sunflower,3.211111111111111,2.5884,,,sunflower,08_01
308,2025,sunflower,3.56038961038961,2.9364999999999997,3.144501296347577,2.955060579987695,sunflower,08_01
309,2021,sunflower,2.949066666666667,3.1079,,,sunflower,08_01
310,2021,sunflower,2.9762564102564104,2.865,,,sunflower,08_01
310,2023,sunflower,2.6650943396226414,2.192,2.68499464032764,2.6688114285604243,sunflower,08_01
311,2023,sunflower,3.220833333333333,2.389,2.678474989966664,2.8047005032739647,sunflower,08_01
312,2022,sunflower,2.5855555555555556,2.6481000000000003,,,sunflower,08_01
312,2024,sunflower,1.5944444444444443,2.678,2.8738428567561556,2.869945828364031,sunflower,08_01
313,2021,sunflower,3.737326203208556,2.6946000000000003,,,sunflower,08_01
314,2021,sunflower,2.99763440860215,2.7501,,,sunflower,08_01
314,2025,sunflower,3.19804780876494,2.9488,3.137687134094569,2.925292019189573,sunflower,08_01
315,2021,sunflower,2.3563157894736846,2.4084,,,sunflower,08_01
317,2021,sunflower,2.4812716763005778,2.7389,,,sunflower,08_01
317,2025,sunflower,3.2478823529411764,2.6744,3.089888540624338,2.9556161870518314,sunflower,08_01
318,2021,sunflower,2.5535622317596567,2.6277999999999997,,,sunflower,08_01
318,2024,sunflower,3.366416666666667,2.723,2.8939868658228023,2.9719170563548136,sunflower,08_01
319,2021,sunflower,3.1226666666666665,2.5924,,,sunflower,08_01
319,2024,sunflower,3.15221052631579,2.5983,2.8983439712991945,2.907508434246207,sunflower,08_01
320,2024,sunflower,2.272666666666667,2.6357,2.9171597538338485,2.9772501193940863,sunflower,08_01
321,2024,sunflower,2.982783505154639,3.2398,2.895822940873361,2.922631698719495,sunflower,08_01
322,2022,sunflower,2.8527397260273974,3.0184,,,sunflower,08_01
322,2024,sunflower,2.7725,2.9005,3.056969071225504,3.037898394732826,sunflower,08_01
323,2022,sunflower,3.4059090909090908,2.7743,,,sunflower,08_01
323,2025,sunflower,3.7001298701298704,2.8396999999999997,3.1420771919870254,2.9060543230072025,sunflower,08_01
324,2022,sunflower,3.049259259259259,2.2832999999999997,,,sunflower,08_01
324,2025,sunflower,3.123333333333333,2.5401,2.9791228260545792,2.7992847178998965,sunflower,08_01
325,2022,sunflower,2.885882352941177,2.0921,,,sunflower,08_01
325,2025,sunflower,3.902941176470588,2.6944,2.9758951634983952,2.9159795326005415,sunflower,08_01
327,2022,sunflower,3.0487128712871288,2.3692,,,sunflower,08_01
327,2025,sunflower,2.7849504950495048,1.7749,2.856314056761034,2.677483238159599,sunflower,08_01
328,2023,sunflower,2.764705882352941,1.868,2.710941366454559,2.8101436572208893,sunflower,08_01
330,2023,sunflower,3.167247386759582,2.2502,2.647252106654385,2.7391654165825607,sunflower,08_01
331,2023,sunflower,3.1901408450704225,2.0946,2.670581079303056,2.775195028340708,sunflower,08_01
331,2025,sunflower,2.805285714285714,2.3958,2.827029824110709,2.688483055630877,sunflower,08_01
332,2022,sunflower,3.1269827586206898,2.5953,,,sunflower,08_01
332,2025,sunflower,2.7096982758620687,2.5404,2.9317385964268903,2.6962221315760577,sunflower,08_01
333,2022,sunflower,3.009367088607595,3.0198,,,sunflower,08_01
334,2022,sunflower,3.3138125,2.7929,,,sunflower,08_01
334,2024,sunflower,2.83575,2.45,3.012268876432296,2.9915275695140933,sunflower,08_01
335,2022,sunflower,3.5048387096774194,2.6708,,,sunflower,08_01
335,2024,sunflower,2.762772277227723,2.8598,3.0836633029666496,3.0460743140576687,sunflower,08_01
336,2022,sunflower,3.0290000000000004,2.7348,,,sunflower,08_01
336,2024,sunflower,2.679333333333333,2.5408,3.040277138683927,3.0229705929368444,sunflower,08_01
337,2022,sunflower,3.2695,2.7253,,,sunflower,08_01
338,2022,sunflower,2.849375,2.4876,,,sunflower,08_01
338,2025,sunflower,3.5034375,2.987,2.952154326521193,2.8185843747585455,sunflower,08_01
339,2022,sunflower,3.1950000000000003,2.5929,,,sunflower,08_01
340,2022,sunflower,3.700081967213115,3.0608,,,sunflower,08_01
340,2024,sunflower,2.295081967213114,2.6083,2.989941095304176,2.9167129756164005,sunflower,08_01
341,2022,sunflower,2.8089583333333334,2.8074000000000003,,,sunflower,08_01
341,2024,sunflower,1.5833333333333333,2.9536,3.0121709500473424,2.9669713032402627,sunflower,08_01
342,2022,sunflower,3.7125,3.0136,,,sunflower,08_01
342,2024,sunflower,2.0454545454545454,2.2526,3.064058797666258,3.014968784988241,sunflower,08_01
343,2023,sunflower,2.317142857142857,2.2114000000000003,2.7236830159009062,2.669645338282445,sunflower,08_01
344,2021,sunflower,2.1748453608247424,1.9397,,,sunflower,08_01
344,2025,sunflower,3.773283582089552,2.7342,3.056084723372814,2.813096913568833,sunflower,08_01
345,2021,sunflower,2.6784,2.4385000000000003,,,sunflower,08_01
345,2023,sunflower,1.6133333333333333,2.1244,2.6167570059652734,2.74086429152328,sunflower,08_01
346,2021,sunflower,1.9183783783783783,1.9827,,,sunflower,08_01
347,2024,sunflower,2.6532203389830507,2.628,2.983544185143525,2.9320782860981036,sunflower,08_01
349,2021,sunflower,3.348414634146341,2.5807,,,sunflower,08_01
349,2024,sunflower,3.0159756097560977,3.1943,2.9447798163486087,2.868534498007075,sunflower,08_01
350,2021,sunflower,2.6869291338582677,2.2175,,,sunflower,08_01
350,2023,sunflower,2.5440944881889767,2.2283999999999997,2.7039005574612425,2.791551454157287,sunflower,08_01
352,2021,sunflower,2.075492957746479,2.4797,,,sunflower,08_01
352,2025,sunflower,3.5908411214953273,2.7165,3.0477347969505577,2.9327571138396404,sunflower,08_01
353,2021,sunflower,2.0749999999999997,2.2550999999999997,,,sunflower,08_01
354,2021,sunflower,2.214430379746835,2.4288,,,sunflower,08_01
355,2021,sunflower,3.3528571428571428,2.3047999999999997,,,sunflower,08_01
356,2021,sunflower,2.6103448275862067,2.0149999999999997,,,sunflower,08_01
356,2023,sunflower,2.1677011494252874,1.7,2.6279222798966027,2.5954109025648258,sunflower,08_01
356,2025,sunflower,3.081954022988506,2.605,2.955469813879888,2.7661550933698127,sunflower,08_01
357,2021,sunflower,3.1505555555555556,2.879,,,sunflower,08_01
358,2021,sunflower,3.3279000000000005,2.927,,,sunflower,08_01
358,2024,sunflower,3.3918072289156624,3.0083,2.9876877106113913,2.8793792472723334,sunflower,08_01
359,2021,sunflower,2.9375,2.6475,,,sunflower,08_01
359,2025,sunflower,3.789473684210526,2.7781,3.0764491052574927,2.9166642773045326,sunflower,08_01
360,2021,sunflower,2.314375,2.8601,,,sunflower,08_01
360,2023,sunflower,2.17,2.2525,2.624310620818163,2.7613668685847,sunflower,08_01
361,2021,sunflower,3.5955,2.4707999999999997,,,sunflower,08_01
361,2023,sunflower,2.302,1.9581,2.7246937120318604,2.751140424944365,sunflower,08_01
362,2021,sunflower,2.774871794871795,1.9684,,,sunflower,08_01
362,2024,sunflower,3.491965811965812,2.9088000000000003,2.9423796803929334,2.852370127660497,sunflower,08_01
363,2021,sunflower,2.518181818181818,2.4565,,,sunflower,08_01
363,2023,sunflower,2.303896103896104,2.0094000000000003,2.7179343772690063,2.7746085032372103,sunflower,08_01
363,2025,sunflower,3.0779220779220777,2.8125,2.902632854350164,2.6942324777147575,sunflower,08_01
364,2021,sunflower,2.8564166666666666,2.6539,,,sunflower,08_01
364,2024,sunflower,3.2274999999999996,2.9938,2.9625816691772675,2.9047046315957044,sunflower,08_01
365,2021,sunflower,3.129,2.5559000000000003,,,sunflower,08_01
365,2024,sunflower,3.216666666666667,3.3185,2.9917360992128184,2.9314354610145936,sunflower,08_01
367,2023,sunflower,2.6066666666666665,1.9677,2.701203561689568,2.6736998530350107,sunflower,08_01
368,2022,sunflower,2.872727272727273,2.8395,,,sunflower,08_01
368,2025,sunflower,2.9998913043478264,2.8423,2.989715991137305,2.7542781003565837,sunflower,08_01
369,2022,sunflower,2.6805594405594406,2.8117,,,sunflower,08_01
369,2025,sunflower,3.581451612903226,2.9097,3.101282515638678,2.7653659427262043,sunflower,08_01
370,2022,sunflower,3.428,3.1104,,,sunflower,08_01
371,2023,sunflower,3.2169230769230768,2.1507,2.648284267875033,2.772265085997426,sunflower,08_01
372,2024,sunflower,2.254423076923077,1.9937,2.879266443256631,2.869001414337706,sunflower,08_01
373,2023,sunflower,2.3375330396475773,1.7831,2.6814451758905116,2.657225361462563,sunflower,08_01
373,2025,sunflower,3.1368888888888886,2.7828,2.8662693505772863,2.779430675054865,sunflower,08_01
374,2023,sunflower,2.316923076923077,2.3131,2.6803612960997594,2.620523962692009,sunflower,08_01
375,2023,sunflower,4.08,2.1837,2.6770154517333546,2.6065895269485084,sunflower,08_01
377,2023,sunflower,2.367391304347826,2.1016,2.689669656330766,2.6701189104084877,sunflower,08_01
377,2025,sunflower,3.0659574468085107,2.3596,2.777467906681356,2.7468797191362198,sunflower,08_01
378,2024,sunflower,2.6641025641025644,2.5828,3.0054495317826015,2.9556435414232953,sunflower,08_01
379,2023,sunflower,2.722512077294686,1.9114,2.661137582426157,2.7641660773206356,sunflower,08_01
382,2024,sunflower,3.635968992248062,2.7356000000000003,3.0054896272378344,2.9384125745099254,sunflower,08_01
384,2022,sunflower,3.801032258064516,2.8175,,,sunflower,08_01
384,2024,sunflower,3.3430573248407645,2.8095,2.980317363537795,2.8511518158717193,sunflower,08_01
386,2022,sunflower,2.417614678899082,2.3852,,,sunflower,08_01
386,2025,sunflower,2.9811009174311924,2.6514,3.0349281148665916,2.8717001258049484,sunflower,08_01
387,2023,sunflower,3.2834693877551016,2.2699000000000003,2.6390051378153894,2.749542435767836,sunflower,08_01
388,2024,sunflower,2.803,2.5648,3.003973723001915,2.9222801992148852,sunflower,08_01
389,2022,sunflower,3.742857142857143,2.8304,,,sunflower,08_01
390,2024,sunflower,4.0285714285714285,2.9457,3.0676609190665003,2.9897903693479746,sunflower,08_01
391,2022,sunflower,3.0354838709677416,2.6969000000000003,,,sunflower,08_01
391,2025,sunflower,4.1,2.6673,2.7515163417441633,2.616321473797701,sunflower,08_01
392,2022,sunflower,2.7394594594594595,2.5265,,,sunflower,08_01
392,2025,sunflower,3.5,2.7501,2.891814668133658,2.753375477373334,sunflower,08_01
393,2022,sunflower,2.641276595744681,2.5918,,,sunflower,08_01
393,2024,sunflower,3.0976223776223777,2.4722999999999997,2.91884870279576,2.893325269700691,sunflower,08_01
395,2022,sunflower,2.9053125,2.4821999999999997,,,sunflower,08_01
395,2023,sunflower,2.4253125,1.5062,2.639998036423683,2.6219613406246696,sunflower,08_01
396,2022,sunflower,1.316875,2.4659,,,sunflower,08_01
396,2025,sunflower,3.272727272727273,2.7958,2.888239989385452,2.7326499679276557,sunflower,08_01
397,2022,sunflower,2.837948717948718,2.4299,,,sunflower,08_01
402,2024,sunflower,3.6572972972972977,2.6796,3.0210680798110103,2.931055517204801,sunflower,08_01
403,2024,sunflower,3.8331764705882354,3.2292,3.068299678774304,2.990497230081348,sunflower,08_01
406,2023,sunflower,2.6836363636363636,2.2104,2.6719737096187233,2.750099715817723,sunflower,08_01
407,2024,sunflower,2.7555555555555555,2.2471,2.907440668877785,2.8654121363078815,sunflower,08_01
408,2022,sunflower,2.6842105263157894,2.9284,,,sunflower,08_01
408,2025,sunflower,3.5336842105263155,3.2052,2.8368162506040426,2.7381738482113116,sunflower,08_01
409,2022,sunflower,2.6706976744186046,2.3863,,,sunflower,08_01
409,2025,sunflower,2.956279069767442,2.5861,2.857825026637941,2.63469213790171,sunflower,08_01
410,2022,sunflower,2.7344,2.959,,,sunflower,08_01
410,2025,sunflower,3.5672,2.1864,2.7159171987157116,2.5823894331076693,sunflower,08_01
411,2022,sunflower,2.331159420289855,2.1565000000000003,,,sunflower,08_01
411,2025,sunflower,2.8207142857142857,2.4058,2.834168008240465,2.7214811951664557,sunflower,08_01
412,2024,sunflower,4.356727272727273,3.0419,3.0175926815477294,2.8905895617146213,sunflower,08_01
414,2022,sunflower,3.1254794520547944,2.4739,,,sunflower,08_01
415,2023,sunflower,3.02875,2.3536,2.686881423664027,2.8294322420453475,sunflower,08_01
416,2022,sunflower,2.4264788732394367,2.544,,,sunflower,08_01
416,2024,sunflower,3.101259259259259,2.9806,2.942627892984396,2.850145473209331,sunflower,08_01
418,2022,sunflower,2.713777777777778,2.7838000000000003,,,sunflower,08_01
419,2024,sunflower,3.5854545454545454,2.6513,3.049530314705831,2.95731609469833,sunflower,08_01
421,2025,sunflower,3.202592592592593,3.0079,3.050990586752247,2.9355095550751296,sunflower,08_01
422,2021,sunflower,2.0193846153846153,2.2148,,,sunflower,08_01
422,2025,sunflower,3.063150684931507,2.7714,2.9851738604132647,2.7961025027653044,sunflower,08_01
423,2021,sunflower,3.1824719101123597,3.1946000000000003,,,sunflower,08_01
423,2025,sunflower,3.147415730337079,2.5221,2.907497214589017,2.8279522847112735,sunflower,08_01
424,2024,sunflower,4.063564356435644,3.2786999999999997,3.0212566647844614,2.9616530215377552,sunflower,08_01
425,2022,sunflower,2.363010752688172,2.5024,,,sunflower,08_01
425,2025,sunflower,3.2565591397849465,2.325,3.0436043888935638,2.883983832117523,sunflower,08_01
426,2022,sunflower,2.529830508474576,2.5908,,,sunflower,08_01
426,2025,sunflower,2.6094915254237288,2.4941,2.9521719572605147,2.7722730563937423,sunflower,08_01
427,2021,sunflower,2.4951612903225806,1.6948,,,sunflower,08_01
427,2023,sunflower,2.577611940298507,2.3339,2.5917293504660095,2.7253042296059102,sunflower,08_01
428,2021,sunflower,1.572303664921466,1.9606,,,sunflower,08_01
428,2023,sunflower,2.4957865168539324,1.6854,2.616725386319542,2.5876555940226917,sunflower,08_01
429,2022,sunflower,3.0915909090909093,3.2958,,,sunflower,08_01
429,2024,sunflower,2.159090909090909,2.7255,2.9526586595795408,2.920070219527297,sunflower,08_01
431,2023,sunflower,2.6,2.1413,2.7920818995966386,2.710139742382909,sunflower,08_01
432,2025,sunflower,2.9768181818181816,2.9226,3.0075299843218635,2.7941119579897293,sunflower,08_01
435,2023,sunflower,1.916,2.359,2.598701771300612,2.619647090519218,sunflower,08_01
438,2021,sunflower,4.436875,2.3124,,,sunflower,08_01
439,2021,sunflower,2.128888888888889,3.1568,,,sunflower,08_01
440,2021,sunflower,2.965813953488372,2.795,,,sunflower,08_01
440,2023,sunflower,2.905483870967742,1.8586,2.6770450542355344,2.7716431737403977,sunflower,08_01
443,2021,sunflower,2.47,3.2367,,,sunflower,08_01
444,2023,sunflower,2.8421052631578947,1.8726,2.7137211336628155,2.79571164792623,sunflower,08_01
457,2023,sunflower,1.4166666666666667,2.0538,2.741500477473231,2.654392722236839,sunflower,08_01
514,2024,sunflower,3.17,2.5947,2.6951127731667817,2.77406148323371,sunflower,08_01
632,2023,sunflower,1.823095238095238,1.7312999999999998,2.6617313369573834,2.562020101357228,sunflower,08_01
636,2024,sunflower,4.390175438596492,2.3608,2.572286094396601,2.6667819549454514,sunflower,08_01
663,2025,sunflower,1.3196825396825398,2.5339,2.490753905286718,2.398356363207503,sunflower,08_01
669,2025,sunflower,1.069056603773585,2.3642,2.4564389868538483,2.5559864630290403,sunflower,08_01
671,2025,sunflower,1.2733333333333332,2.3037,2.495828896189696,2.401010499556214,sunflower,08_01
672,2023,sunflower,1.8552173913043477,1.7597999999999998,2.645999958146443,2.578377309770546,sunflower,08_01
675,2024,sunflower,4.904761904761905,1.9441,2.4731191432340665,2.6088257884710955,sunflower,08_01
685,2025,sunflower,1.2593197278911563,2.4401,2.4888490131297685,2.491798532697455,sunflower,08_01
715,2023,sunflower,1.8202684563758391,1.8138,2.663375483170833,2.60329690299116,sunflower,08_01
716,2024,sunflower,2.867857142857143,2.1032,2.508324369610086,2.6415943148704293,sunflower,08_01
717,2023,sunflower,2.425675675675676,2.0339,2.645191697649551,2.598101543536864,sunflower,08_01
718,2024,sunflower,3.907924528301887,2.9635,2.5121357074175767,2.5994961688426512,sunflower,08_01
719,2023,sunflower,2.43,1.9323,2.7046206257292322,2.619991273813523,sunflower,08_01
722,2023,sunflower,2.345357142857143,1.828,2.6734734909583797,2.5907272949252538,sunflower,08_01
725,2024,sunflower,4.84875,2.2944,2.54513203350188,2.6550517918513723,sunflower,08_01
737,2024,sunflower,1.308345864661654,2.4148,2.5724624805390413,2.6542989229578664,sunflower,08_01
744,2025,sunflower,2.404190476190476,2.3604,2.608580270306003,2.7425982651245113,sunflower,08_01
746,2025,sunflower,2.351063829787234,2.0906,2.6369515773378165,2.642183559747026,sunflower,08_01
750,2025,sunflower,2.2961702127659573,2.2131,2.900284721528375,2.7558711130926428,sunflower,08_01
777,2025,sunflower,1.4358125,2.0654,2.590307187180447,2.564647317957494,sunflower,08_01
783,2023,sunflower,1.823229166666667,1.6126,2.6482618205774773,2.5867218604572977,sunflower,08_01
784,2025,sunflower,1.182948717948718,2.4922999999999997,2.490916175022967,2.459058304423537,sunflower,08_01
785,2023,sunflower,1.838187134502924,1.9891,2.6819974011791645,2.707468073090756,sunflower,08_01
790,2023,sunflower,1.8870833333333332,1.9122,2.6409569424014054,2.592023107394944,sunflower,08_01
791,2023,sunflower,1.8553846153846152,1.9857,2.6478989073207613,2.5843340972710007,sunflower,08_01
792,2024,sunflower,2.9635,2.0733,2.5250769315760073,2.6189646814713345,sunflower,08_01
798,2024,sunflower,2.709230769230769,2.5902000000000003,2.528658901914455,2.665066414369826,sunflower,08_01
802,2023,sunflower,2.345833333333333,2.2595,2.6743460031355615,2.6043918198117013,sunflower,08_01
808,2025,sunflower,1.6854054054054055,2.4592,2.6063612916924734,2.6235631037268736,sunflower,08_01
810,2025,sunflower,1.2085185185185183,1.9764,2.5070001411780414,2.4140421091511004,sunflower,08_01
812,2025,sunflower,1.1764285714285714,2.2851,2.556279695973231,2.4742020854090474,sunflower,08_01
820,2023,sunflower,2.425,2.004,2.7066441407216386,2.6275746265681827,sunflower,08_01
852,2025,sunflower,1.2906666666666666,2.2542,2.4705113651148,2.4095601396194977,sunflower,08_01
871,2024,sunflower,2.369950248756219,2.9259,3.0265237699842396,3.0288042067324703,sunflower,08_01
873,2024,sunflower,2.669166086444218,3.0149,3.1155233161497407,3.0564730114432743,sunflower,08_01
879,2025,sunflower,3.7103333333333337,2.7013000000000003,2.922302253593741,2.8221505627402834,sunflower,08_01
881,2024,sunflower,3.596666666666667,2.9307,2.9795963876225087,3.019530037357513,sunflower,08_01
897,2024,sunflower,1.83,2.0921,2.479696710126647,2.561505567472779,sunflower,08_01
912,2024,sunflower,1.9226470588235296,2.061,2.4462528498567497,2.5219905678977685,sunflower,08_01
931,2024,sunflower,1.9646666666666663,2.6387,2.5193409845941557,2.6614886883270112,sunflower,08_01
941,2024,sunflower,1.6503937007874014,1.9326,2.480852854826326,2.4260501119960347,sunflower,08_01
942,2024,sunflower,2.0663247863247864,1.8818,2.4881249280362887,2.628821960694176,sunflower,08_01
943,2024,sunflower,1.6295049504950496,2.7335000000000003,2.5278297765540447,2.6611117269778495,sunflower,08_01
951,2024,sunflower,4.6412,2.6024000000000003,2.535752029906949,2.6905251306622002,sunflower,08_01
979,2025,sunflower,1.991325301204819,2.9493,3.0687189633502383,2.821666793197623,sunflower,08_01
1007,2025,sunflower,1.46,2.1391,2.490643226035659,2.4095174523827607,sunflower,08_01
195,2021,barley_spring,2.022276422764228,2.9562,,,barley,07_01
197,2021,barley_spring,2.5965868263473055,2.8515,,,barley,07_01
207,2021,barley_spring,3.554181818181818,3.1924,,,barley,07_01
213,2025,barley_spring,1.53,2.826,3.7454239281535293,3.2337022548786454,barley,07_01
214,2025,barley_spring,1.53,2.9945,3.7456224261205957,3.27677163674619,barley,07_01
215,2023,barley_spring,2.2745063291139243,2.1417,,,barley,07_01
216,2023,barley_spring,2.696783783783784,2.316,,,barley,07_01
217,2023,barley_spring,2.021480392156863,1.921,,,barley,07_01
218,2023,barley_spring,3.3693589743589745,2.1646,,,barley,07_01
219,2025,barley_spring,3.528095238095238,2.9497,3.5861494658403648,4.244910745327284,barley,07_01
220,2023,barley_spring,3.3728800000000003,2.6805,,,barley,07_01
222,2023,barley_spring,4.5005,2.5429,,,barley,07_01
223,2023,barley_spring,2.3584285714285715,1.7638000000000005,,,barley,07_01
224,2023,barley_spring,2.481451923076923,2.0122,,,barley,07_01
226,2023,barley_spring,2.482894736842105,2.0064,,,barley,07_01
227,2024,barley_spring,3.007739884393064,4.3205,3.5101695712920353,3.1696768611163635,barley,07_01
235,2025,barley_spring,1.53,3.9617,3.4618950631128285,3.3078623117143438,barley,07_01
236,2024,barley_spring,3.7585,4.211,3.241096919464462,3.023829612589536,barley,07_01
237,2024,barley_spring,4.871138888888889,4.392,3.66195230344127,3.2891493355380668,barley,07_01
238,2024,barley_spring,4.613333333333333,4.4379,3.629889283945802,3.1158178381014383,barley,07_01
239,2024,barley_spring,5.670427350427351,4.9914000000000005,3.549874000367475,3.1609099947638226,barley,07_01
247,2025,barley_spring,4.1251655629139075,2.8878,3.7281583516274326,4.9122182690205785,barley,07_01
250,2024,barley_spring,5.983627450980393,4.2921,3.586989136478512,3.2814031341424372,barley,07_01
255,2025,barley_spring,4.227857142857142,3.8327,3.7742109597092206,4.053732540875307,barley,07_01
257,2022,barley_spring,1.7641666666666669,3.8933,,,barley,07_01
257,2025,barley_spring,1.53,3.8715,3.426306298044218,3.290708223286942,barley,07_01
260,2022,barley_spring,3.7374,2.0708,,,barley,07_01
260,2025,barley_spring,4.0914,4.0649999999999995,3.862333914611389,4.020176805552556,barley,07_01
261,2025,barley_spring,4.780285714285714,3.0634,4.105592789731322,4.6439412877644894,barley,07_01
263,2025,barley_spring,1.53,3.6642,3.448160418700708,3.325821871692615,barley,07_01
264,2025,barley_spring,1.53,3.6899,3.5446239907347117,3.317474676652763,barley,07_01
265,2025,barley_spring,1.53,3.6852,3.3104501100359864,3.06972785024813,barley,07_01
266,2025,barley_spring,1.53,3.1464,3.383127171848749,3.2609587545009844,barley,07_01
267,2025,barley_spring,1.53,3.3251,3.8848264987131005,3.234768933678941,barley,07_01
268,2024,barley_spring,4.772,3.9752,3.254975200818799,3.055361436709131,barley,07_01
271,2025,barley_spring,4.394915254237288,4.068099999999999,4.134785201182712,4.761926196634413,barley,07_01
273,2021,barley_spring,3.0677777777777777,2.8958,,,barley,07_01
274,2021,barley_spring,5.857807017543859,3.7366,,,barley,07_01
278,2021,barley_spring,5.365869565217392,3.2853000000000003,,,barley,07_01
279,2021,barley_spring,4.9775,3.1607,,,barley,07_01
280,2021,barley_spring,3.253586956521739,3.0620000000000003,,,barley,07_01
282,2021,barley_spring,3.4048936170212767,3.1361,,,barley,07_01
283,2021,barley_spring,5.287594936708861,2.7123,,,barley,07_01
284,2025,barley_spring,1.53,3.5104999999999995,3.6323773199492035,3.399123367566863,barley,07_01
286,2025,barley_spring,1.53,3.5420000000000003,3.3496089268317455,3.177926992066549,barley,07_01
287,2021,barley_spring,5.6,2.879,,,barley,07_01
287,2025,barley_spring,1.53,2.5248,3.139967137398419,3.00388185550053,barley,07_01
288,2025,barley_spring,1.53,3.7514,3.3412413326255646,3.2047764693137593,barley,07_01
289,2025,barley_spring,1.53,3.4745,3.388245233055814,3.1092740996687183,barley,07_01
291,2025,barley_spring,1.53,2.9379999999999997,3.385260630163294,3.213734958264783,barley,07_01
292,2023,barley_spring,3.2198,1.5734,,,barley,07_01
293,2023,barley_spring,2.157528089887641,2.0573,,,barley,07_01
295,2021,barley_spring,4.090206896551725,2.574,,,barley,07_01
296,2021,barley_spring,3.33792349726776,3.4619,,,barley,07_01
297,2025,barley_spring,1.53,4.1205,3.3156574666246486,3.210148442022661,barley,07_01
298,2022,barley_spring,3.4287916666666667,3.3901000000000003,,,barley,07_01
299,2024,barley_spring,3.720276497695852,4.1189,3.4287132047479805,2.8937883268074547,barley,07_01
300,2024,barley_spring,4.142545454545455,3.0006,3.5533313279024967,3.2337612591723044,barley,07_01
303,2023,barley_spring,1.628,2.815,,,barley,07_01
305,2023,barley_spring,2.9109359605911327,2.2071,,,barley,07_01
310,2025,barley_spring,6.152151515151515,3.9965,4.019624269698168,4.2540088726126255,barley,07_01
311,2021,barley_spring,4.765069124423963,2.9239,,,barley,07_01
312,2021,barley_spring,3.995789473684211,2.9656,,,barley,07_01
312,2025,barley_spring,3.900555555555555,4.0155,3.669334491806904,3.8251746811255325,barley,07_01
313,2023,barley_spring,2.5366818181818185,2.8708,,,barley,07_01
315,2025,barley_spring,4.822105263157895,3.3274999999999997,3.3756320820538157,4.027647172465922,barley,07_01
317,2023,barley_spring,2.690967741935484,2.8998,,,barley,07_01
319,2022,barley_spring,3.020842105263158,2.3091999999999997,,,barley,07_01
322,2025,barley_spring,5.317428571428572,4.5533,4.274067604889728,4.513922090160179,barley,07_01
324,2024,barley_spring,4.074074074074074,4.1655999999999995,3.1733132973740776,2.805193768621276,barley,07_01
325,2024,barley_spring,5.431764705882353,2.5814,3.4504201213997985,3.139056738676701,barley,07_01
327,2023,barley_spring,3.0089108910891085,3.0271,,,barley,07_01
330,2022,barley_spring,4.183068965517241,2.9044,,,barley,07_01
335,2025,barley_spring,5.654851485148515,3.9427,4.087463604756821,4.524994982100005,barley,07_01
336,2025,barley_spring,5.271333333333333,4.2636,3.839540397571138,4.116041124394492,barley,07_01
338,2024,barley_spring,5.055,2.9684,3.194322299493118,2.818416772817935,barley,07_01
340,2021,barley_spring,1.3229508196721311,2.5358,,,barley,07_01
340,2025,barley_spring,5.233934426229508,3.7521,3.5323123800289697,3.8786462780831483,barley,07_01
341,2021,barley_spring,3.3516666666666666,3.028,,,barley,07_01
341,2025,barley_spring,5.078333333333333,4.0393,3.708709085896055,3.9408007451545455,barley,07_01
342,2025,barley_spring,4.873181818181818,4.4454,3.721703953442013,4.1556324046845265,barley,07_01
343,2021,barley_spring,4.0285714285714285,3.322,,,barley,07_01
349,2023,barley_spring,3.0681707317073172,2.2146999999999997,,,barley,07_01
354,2023,barley_spring,2.659493670886076,1.7769,,,barley,07_01
355,2023,barley_spring,3.162142857142858,2.2179,,,barley,07_01
358,2023,barley_spring,2.936867469879518,2.084,,,barley,07_01
359,2023,barley_spring,3.0155263157894736,1.658,,,barley,07_01
364,2023,barley_spring,3.08,2.2054,,,barley,07_01
367,2025,barley_spring,5.483529411764706,3.229,3.773868910532328,4.125564434885796,barley,07_01
368,2024,barley_spring,3.976042780748663,3.7604,3.4765051522390262,3.084922452294635,barley,07_01
371,2025,barley_spring,5.615384615384615,5.6213999999999995,3.731888939642771,4.2327759177421225,barley,07_01
372,2023,barley_spring,1.6726,1.8377,,,barley,07_01
372,2025,barley_spring,4.016923076923077,2.8716999999999997,3.619823894317829,3.1909644061518265,barley,07_01
374,2025,barley_spring,5.3494117647058825,4.1215,3.736118370123662,4.004634680065036,barley,07_01
375,2025,barley_spring,5.226153846153846,5.2737,3.6853490665932385,3.9974675435248432,barley,07_01
378,2023,barley_spring,2.0811111111111114,2.22,,,barley,07_01
378,2025,barley_spring,5.536410256410256,4.0593,3.9873339391887144,4.0221920025953,barley,07_01
379,2025,barley_spring,4.470873786407767,3.0703,3.800711298225668,4.550415734332228,barley,07_01
381,2022,barley_spring,3.201333333333334,3.2449,,,barley,07_01
382,2022,barley_spring,3.9132283464566937,2.5168,,,barley,07_01
387,2025,barley_spring,4.1764,3.9417,3.7313706769518404,4.616680235327452,barley,07_01
397,2024,barley_spring,4.936896551724137,4.7712,3.541807714661341,3.122553344159425,barley,07_01
406,2025,barley_spring,3.891304347826087,3.3655999999999997,3.6705869113302314,3.57228826351585,barley,07_01
414,2024,barley_spring,5.663586206896552,4.0724,3.5562525273850443,3.2385972639382246,barley,07_01
415,2025,barley_spring,4.1290625,3.5915999999999997,3.502091438446913,3.3056918354073903,barley,07_01
418,2024,barley_spring,4.445777777777778,4.8846,3.485729952259139,3.1756541345562277,barley,07_01
419,2022,barley_spring,4.033818181818182,2.7925999999999997,,,barley,07_01
421,2024,barley_spring,5.80725925925926,5.1562,3.687630769385075,3.3592956564627996,barley,07_01
422,2023,barley_spring,2.3816438356164387,1.8538,,,barley,07_01
423,2023,barley_spring,2.8031460674157302,1.6661,,,barley,07_01
425,2024,barley_spring,3.920430107526882,3.8088,3.553817473129558,3.217882199011916,barley,07_01
426,2024,barley_spring,4.6440677966101696,4.173,3.3557407631819065,3.0288799492353506,barley,07_01
429,2021,barley_spring,1.5118181818181815,2.8178,,,barley,07_01
429,2025,barley_spring,4.738863636363636,4.4973,3.776344825579131,3.940838426284156,barley,07_01
437,2021,barley_spring,1.5114285714285711,2.0052,,,barley,07_01
440,2025,barley_spring,3.619354838709677,3.5159999999999996,3.8469314250140725,4.388942145732772,barley,07_01
444,2022,barley_spring,3.331578947368421,2.8007,,,barley,07_01
444,2024,barley_spring,5.806666666666667,4.1137999999999995,3.305253655244293,2.8977114322150404,barley,07_01
469,2022,barley_spring,3.0136842105263155,2.6620999999999997,,,barley,07_01
510,2023,barley_spring,2.3091666666666666,1.8769,,,barley,07_01
512,2023,barley_spring,3.52,2.1056999999999997,,,barley,07_01
588,2023,barley_spring,1.6065384615384617,1.8361,,,barley,07_01
628,2024,barley_spring,3.647586206896551,2.2182,3.4639551652736422,2.8681027577738165,barley,07_01
630,2024,barley_spring,2.7423529411764704,2.4,3.6007218647109056,3.027169760588683,barley,07_01
633,2023,barley_spring,1.6493749999999998,2.3003,,,barley,07_01
634,2023,barley_spring,1.194047619047619,2.1557,,,barley,07_01
640,2023,barley_spring,1.0916666666666668,3.0143999999999997,,,barley,07_01
653,2023,barley_spring,1.125925925925926,1.8138,,,barley,07_01
672,2024,barley_spring,2.367652173913043,2.0692,3.355191529444148,2.7917169874704673,barley,07_01
689,2023,barley_spring,1.1930769230769231,2.2902,,,barley,07_01
716,2023,barley_spring,1.8917857142857144,1.804,,,barley,07_01
725,2023,barley_spring,1.89,3.4783,,,barley,07_01
729,2024,barley_spring,4.0217777777777775,2.6079,3.2721914862015997,2.7824337536147787,barley,07_01
743,2024,barley_spring,3.086470588235294,2.9054,3.651996723916234,3.0254410155480627,barley,07_01
752,2023,barley_spring,1.9104761904761904,2.6564,,,barley,07_01
753,2023,barley_spring,1.4910294117647058,1.8639,,,barley,07_01
753,2024,barley_spring,3.743076923076923,2.1812,3.543203644923475,2.9331226470410003,barley,07_01
757,2023,barley_spring,2.6775,2.9252,,,barley,07_01
758,2023,barley_spring,2.4257142857142857,1.5824,,,barley,07_01
766,2023,barley_spring,2.63,2.3061,,,barley,07_01
783,2024,barley_spring,3.822291666666666,2.2477,3.689363147326436,3.065149755890115,barley,07_01
785,2024,barley_spring,3.4239766081871346,2.2941,3.472757348155837,2.794154717693294,barley,07_01
788,2023,barley_spring,1.9351612903225808,2.4737,,,barley,07_01
789,2023,barley_spring,1.91046511627907,2.166,,,barley,07_01
800,2023,barley_spring,1.85,1.872,,,barley,07_01
832,2024,barley_spring,5.508,4.1574,3.287838272019573,3.006146741126745,barley,07_01
833,2023,barley_spring,1.843010752688172,2.7821,,,barley,07_01
834,2024,barley_spring,2.2088888888888887,3.3446,3.470653771809486,2.844360747587314,barley,07_01
867,2024,barley_spring,1.697142857142857,4.4668,3.5590882380918716,2.992807800922219,barley,07_01
872,2024,barley_spring,3.234567901234568,3.9941,3.633755618520631,3.0383708370523594,barley,07_01
874,2024,barley_spring,2.8904109589041096,2.981,3.6661754765482146,3.0988703116218512,barley,07_01
875,2024,barley_spring,2.96,4.0135,3.308543636315524,2.877177576889749,barley,07_01
882,2024,barley_spring,3.2781451612903227,3.9442,3.6182047910265744,3.0454389095797616,barley,07_01
906,2025,barley_spring,3.249441340782123,2.2498,3.1463981921690967,2.873565568200866,barley,07_01
946,2024,barley_spring,3.4056790123456793,2.5334,3.868129623601705,3.1218632121824914,barley,07_01
956,2024,barley_spring,3.273238380809595,3.8557,3.3774766004710717,2.8721701489647966,barley,07_01
963,2024,barley_spring,3.208181818181818,3.8138,3.3556278134302078,2.9137005154216373,barley,07_01
1028,2025,barley_spring,3.1060975609756096,1.6286999999999998,2.84713513111153,2.9136075969418624,barley,07_01
195,2021,barley_spring,2.022276422764228,3.3034,,,barley,08_01
197,2021,barley_spring,2.5965868263473055,3.4238999999999997,,,barley,08_01
207,2021,barley_spring,3.554181818181818,4.1666,,,barley,08_01
213,2025,barley_spring,1.53,3.665,3.333023420805784,3.727677729334286,barley,08_01
214,2025,barley_spring,1.53,3.0967,3.320055700515349,3.7554571428572596,barley,08_01
215,2023,barley_spring,2.2745063291139243,2.0213,,,barley,08_01
216,2023,barley_spring,2.696783783783784,2.809,,,barley,08_01
217,2023,barley_spring,2.021480392156863,1.9229,,,barley,08_01
218,2023,barley_spring,3.3693589743589745,2.4768,,,barley,08_01
219,2025,barley_spring,3.528095238095238,4.1021,3.8019078832005047,3.9774446717578353,barley,08_01
220,2023,barley_spring,3.3728800000000003,2.759,,,barley,08_01
222,2023,barley_spring,4.5005,2.53,,,barley,08_01
223,2023,barley_spring,2.3584285714285715,1.8187,,,barley,08_01
224,2023,barley_spring,2.481451923076923,1.8807,,,barley,08_01
226,2023,barley_spring,2.482894736842105,1.7199000000000002,,,barley,08_01
227,2024,barley_spring,3.007739884393064,3.716,3.5464237211448344,3.2530474865748253,barley,08_01
235,2025,barley_spring,1.53,3.3744,3.268816726277606,3.1540646820759832,barley,08_01
236,2024,barley_spring,3.7585,3.5951,3.477213055621109,3.1814787776683096,barley,08_01
237,2024,barley_spring,4.871138888888889,4.8671,3.536311463749167,3.1556473601313293,barley,08_01
238,2024,barley_spring,4.613333333333333,4.6753,3.55122610982139,3.2748848582233334,barley,08_01
239,2024,barley_spring,5.670427350427351,4.9645,3.7063524824995837,3.3296187230746392,barley,08_01
247,2025,barley_spring,4.1251655629139075,4.0761,4.004494345905183,4.375521474222842,barley,08_01
250,2024,barley_spring,5.983627450980393,5.0663,3.68429660781209,3.3316612407392503,barley,08_01
255,2025,barley_spring,4.227857142857142,4.7113,4.01259004334969,4.266327655454143,barley,08_01
257,2022,barley_spring,1.7641666666666669,3.858,,,barley,08_01
257,2025,barley_spring,1.53,3.4939,3.2424092590805746,3.1832168817673008,barley,08_01
260,2022,barley_spring,3.7374,2.6054,,,barley,08_01
260,2025,barley_spring,4.0914,4.279,4.015611978351785,4.3245703977908745,barley,08_01
261,2025,barley_spring,4.780285714285714,4.103199999999999,3.8750236749589613,4.1823678552986685,barley,08_01
263,2025,barley_spring,1.53,3.7299,3.3940887655143697,3.4104504122434367,barley,08_01
264,2025,barley_spring,1.53,3.4492,3.644949706440876,3.6053186664923573,barley,08_01
265,2025,barley_spring,1.53,3.4357,3.113542341465452,2.9108844967966565,barley,08_01
266,2025,barley_spring,1.53,4.1642,3.597330966572297,3.5135293750169114,barley,08_01
267,2025,barley_spring,1.53,3.2036,3.543442400870213,3.891016375743831,barley,08_01
268,2024,barley_spring,4.772,3.893,2.942876884329314,2.574314744727864,barley,08_01
270,2025,barley_spring,5.528620689655173,4.2141,3.9295247919931455,4.102952475345461,barley,08_01
271,2025,barley_spring,4.394915254237288,4.221,3.9806487661041965,4.241718011299419,barley,08_01
273,2021,barley_spring,3.0677777777777777,3.3529000000000004,,,barley,08_01
274,2021,barley_spring,5.857807017543859,4.1531,,,barley,08_01
278,2021,barley_spring,5.365869565217392,3.6795,,,barley,08_01
279,2021,barley_spring,4.9775,4.0814,,,barley,08_01
280,2021,barley_spring,3.253586956521739,3.4293,,,barley,08_01
282,2021,barley_spring,3.4048936170212767,3.5969,,,barley,08_01
283,2021,barley_spring,5.287594936708861,4.0087,,,barley,08_01
284,2025,barley_spring,1.53,4.0414,3.4368568915796898,3.760847118854686,barley,08_01
286,2025,barley_spring,1.53,3.7794,3.16878033978245,3.0601467360881984,barley,08_01
287,2021,barley_spring,5.6,3.5579,,,barley,08_01
287,2025,barley_spring,1.53,2.5007,3.0094826062152578,2.8847769134490457,barley,08_01
288,2025,barley_spring,1.53,4.1669,3.1235286101117374,2.9325652605153962,barley,08_01
289,2025,barley_spring,1.53,4.5237,3.266691356933564,3.1871212431389293,barley,08_01
291,2025,barley_spring,1.53,3.4165,3.1700271107987934,3.097598563213754,barley,08_01
292,2023,barley_spring,3.2198,2.4019,,,barley,08_01
293,2023,barley_spring,2.157528089887641,1.9,,,barley,08_01
295,2021,barley_spring,4.090206896551725,3.4863,,,barley,08_01
296,2021,barley_spring,3.33792349726776,3.4868,,,barley,08_01
297,2025,barley_spring,1.53,3.4391,3.0714271042767614,2.9401170472081106,barley,08_01
298,2022,barley_spring,3.4287916666666667,3.1485,,,barley,08_01
299,2024,barley_spring,3.720276497695852,4.2798,3.2398611621728652,2.915781596891054,barley,08_01
300,2024,barley_spring,4.142545454545455,4.0782,3.601771501996428,3.3347075260780237,barley,08_01
303,2023,barley_spring,1.628,2.7884,,,barley,08_01
305,2023,barley_spring,2.9109359605911327,2.2044,,,barley,08_01
310,2025,barley_spring,6.152151515151515,4.0839,3.8723686818756877,3.8957642057221578,barley,08_01
311,2021,barley_spring,4.765069124423963,3.9824,,,barley,08_01
312,2021,barley_spring,3.995789473684211,3.101,,,barley,08_01
312,2025,barley_spring,3.900555555555555,3.788,3.5132825024732797,3.414251952399373,barley,08_01
313,2023,barley_spring,2.5366818181818185,2.2949,,,barley,08_01
315,2025,barley_spring,4.822105263157895,4.0847999999999995,3.3719722481272894,3.4808842448776343,barley,08_01
317,2023,barley_spring,2.690967741935484,1.8986,,,barley,08_01
319,2022,barley_spring,3.020842105263158,2.9971,,,barley,08_01
322,2025,barley_spring,5.317428571428572,4.8182,3.893977531307508,4.024481997879188,barley,08_01
324,2024,barley_spring,4.074074074074074,4.9415,3.164072223426375,2.838396476088499,barley,08_01
325,2024,barley_spring,5.431764705882353,3.2517000000000005,3.3963401851053554,2.9578834995162557,barley,08_01
327,2023,barley_spring,3.0089108910891085,2.4194,,,barley,08_01
330,2022,barley_spring,4.183068965517241,3.5403,,,barley,08_01
335,2025,barley_spring,5.654851485148515,3.7184,3.8991812654653617,3.966239774959544,barley,08_01
336,2025,barley_spring,5.271333333333333,3.9387,3.772541976103319,3.695574722630923,barley,08_01
338,2024,barley_spring,5.055,4.5348,3.142082766163897,2.8322011532218996,barley,08_01
340,2021,barley_spring,1.3229508196721311,2.0207,,,barley,08_01
340,2025,barley_spring,5.233934426229508,3.9616,3.685441959800965,3.885334250987568,barley,08_01
341,2021,barley_spring,3.3516666666666666,3.3808,,,barley,08_01
341,2025,barley_spring,5.078333333333333,3.6965,3.5641756767911557,3.503237266944215,barley,08_01
342,2025,barley_spring,4.873181818181818,3.9611,3.620808360175647,3.6323246425766786,barley,08_01
343,2021,barley_spring,4.0285714285714285,4.0207999999999995,,,barley,08_01
349,2023,barley_spring,3.0681707317073172,2.722,,,barley,08_01
354,2023,barley_spring,2.659493670886076,1.9727,,,barley,08_01
355,2023,barley_spring,3.162142857142858,2.5855,,,barley,08_01
358,2023,barley_spring,2.936867469879518,2.2752,,,barley,08_01
359,2023,barley_spring,3.0155263157894736,2.0179,,,barley,08_01
364,2023,barley_spring,3.08,2.2771,,,barley,08_01
367,2025,barley_spring,5.483529411764706,3.8277,3.7621896462765148,3.995994368952216,barley,08_01
368,2024,barley_spring,3.976042780748663,4.225,3.610958369639399,3.4755663420183183,barley,08_01
371,2025,barley_spring,5.615384615384615,3.8732,3.603865883485308,3.4588411337476,barley,08_01
372,2023,barley_spring,1.6726,1.384,,,barley,08_01
372,2025,barley_spring,4.016923076923077,3.2129,3.2392864480284955,3.618535248701641,barley,08_01
374,2025,barley_spring,5.3494117647058825,4.2316,3.83280059785316,3.9092180764299402,barley,08_01
375,2025,barley_spring,5.226153846153846,4.9741,3.6165446777754893,3.6043087566621086,barley,08_01
378,2023,barley_spring,2.0811111111111114,2.1671,,,barley,08_01
378,2025,barley_spring,5.536410256410256,4.6338,3.606568995536093,3.8324207675587942,barley,08_01
379,2025,barley_spring,4.470873786407767,4.2804,3.8717349771506506,4.053431644269091,barley,08_01
381,2022,barley_spring,3.201333333333334,3.2834000000000003,,,barley,08_01
382,2022,barley_spring,3.9132283464566937,3.3398000000000003,,,barley,08_01
387,2025,barley_spring,4.1764,3.6476,3.519415184775506,3.6094472654505774,barley,08_01
397,2024,barley_spring,4.936896551724137,4.2402999999999995,3.3655844329654836,3.211335780342531,barley,08_01
406,2025,barley_spring,3.891304347826087,3.5192,3.479004472613286,3.680330330410039,barley,08_01
414,2024,barley_spring,5.663586206896552,4.6272,3.7033571018371716,3.3444213906764886,barley,08_01
415,2025,barley_spring,4.1290625,2.916,3.3922539388171793,3.425376470691745,barley,08_01
418,2024,barley_spring,4.445777777777778,3.8845,3.5102149180567728,3.3272193961872274,barley,08_01
419,2022,barley_spring,4.033818181818182,4.4076,,,barley,08_01
421,2024,barley_spring,5.80725925925926,5.8268,3.7861770107615023,3.2353872591902615,barley,08_01
422,2023,barley_spring,2.3816438356164387,2.4323,,,barley,08_01
423,2023,barley_spring,2.8031460674157302,2.2167000000000003,,,barley,08_01
425,2024,barley_spring,3.920430107526882,4.3034,3.6543459700152616,3.502544607590073,barley,08_01
426,2024,barley_spring,4.6440677966101696,4.0831,3.519768119300287,3.1248989672206995,barley,08_01
429,2021,barley_spring,1.5118181818181815,2.388,,,barley,08_01
429,2025,barley_spring,4.738863636363636,4.2357,3.6712315100638278,3.6833783763992374,barley,08_01
437,2021,barley_spring,1.5114285714285711,3.1717,,,barley,08_01
440,2025,barley_spring,3.619354838709677,4.831300000000001,3.9277640068938666,4.103336098641659,barley,08_01
444,2022,barley_spring,3.331578947368421,3.434,,,barley,08_01
444,2024,barley_spring,5.806666666666667,4.7311,3.076447181109755,3.0058404401557057,barley,08_01
469,2022,barley_spring,3.0136842105263155,3.5326,,,barley,08_01
510,2023,barley_spring,2.3091666666666666,2.2861,,,barley,08_01
512,2023,barley_spring,3.52,2.872,,,barley,08_01
588,2023,barley_spring,1.6065384615384617,2.2676,,,barley,08_01
628,2024,barley_spring,3.647586206896551,2.4174,3.2138420920420874,3.167371880535522,barley,08_01
630,2024,barley_spring,2.7423529411764704,2.8051,3.256136402810082,3.1936304815100187,barley,08_01
633,2023,barley_spring,1.6493749999999998,2.1074,,,barley,08_01
634,2023,barley_spring,1.194047619047619,2.4386,,,barley,08_01
640,2023,barley_spring,1.0916666666666668,1.6549,,,barley,08_01
653,2023,barley_spring,1.125925925925926,1.5218,,,barley,08_01
672,2024,barley_spring,2.367652173913043,2.3065,2.9287187920818467,2.9337969932055734,barley,08_01
689,2023,barley_spring,1.1930769230769231,3.02,,,barley,08_01
716,2023,barley_spring,1.8917857142857144,2.3004,,,barley,08_01
725,2023,barley_spring,1.89,2.5317,,,barley,08_01
729,2024,barley_spring,4.0217777777777775,2.6789,2.910868739112342,2.7974402493270127,barley,08_01
743,2024,barley_spring,3.086470588235294,2.8352,3.338022249715994,3.1738418501171175,barley,08_01
752,2023,barley_spring,1.9104761904761904,2.5781,,,barley,08_01
753,2023,barley_spring,1.4910294117647058,2.058,,,barley,08_01
753,2024,barley_spring,3.743076923076923,3.7321,2.9268360882963043,2.925242757426506,barley,08_01
757,2023,barley_spring,2.6775,2.5328,,,barley,08_01
758,2023,barley_spring,2.4257142857142857,2.3883,,,barley,08_01
766,2023,barley_spring,2.63,2.9874,,,barley,08_01
783,2024,barley_spring,3.822291666666666,3.0088,3.245650441071843,3.0475022586110923,barley,08_01
785,2024,barley_spring,3.4239766081871346,2.97,3.134531854834984,3.148366348559152,barley,08_01
788,2023,barley_spring,1.9351612903225808,2.1401,,,barley,08_01
789,2023,barley_spring,1.91046511627907,2.1357,,,barley,08_01
800,2023,barley_spring,1.85,2.9406,,,barley,08_01
832,2024,barley_spring,5.508,4.8621,3.7671221080021557,3.0979962626678277,barley,08_01
833,2023,barley_spring,1.843010752688172,2.3053,,,barley,08_01
834,2024,barley_spring,2.2088888888888887,3.7247,3.2551575657258875,2.9218960701065844,barley,08_01
867,2024,barley_spring,1.697142857142857,3.6593,3.2970203901993327,2.8349311319794155,barley,08_01
872,2024,barley_spring,3.234567901234568,3.7825,3.3432047077357763,3.0493201542069066,barley,08_01
874,2024,barley_spring,2.8904109589041096,3.1378,3.663749701982577,3.155137745968907,barley,08_01
875,2024,barley_spring,2.96,3.2876,3.1189844768538224,2.747807747722422,barley,08_01
882,2024,barley_spring,3.2781451612903227,4.1206000000000005,3.3298170487546512,3.1490825329560375,barley,08_01
906,2025,barley_spring,3.249441340782123,2.2448,3.209665556579889,3.086280216332343,barley,08_01
946,2024,barley_spring,3.4056790123456793,3.2741,3.4079457758459273,3.114508152032056,barley,08_01
956,2024,barley_spring,3.273238380809595,4.0214,3.116621333658262,2.7604568565353773,barley,08_01
963,2024,barley_spring,3.208181818181818,3.8574,3.325487072688439,3.007371187229776,barley,08_01
1028,2025,barley_spring,3.1060975609756096,2.511,3.1531875806505707,2.909388760942126,barley,08_01
