field_id,year,standard_name,target_yield_t_ha,cropwise_asof_t_ha,pred_v24_full,pred_v24_no_field,scenario,asof_tag
195,2021,barley_spring,2.022276422764228,2.9562,2.3575612451052725,2.4382813993938126,all_crops,07_01
195,2022,wheat_winter,2.1216260162601626,2.4328,2.73807186260133,2.9554708635525735,all_crops,07_01
195,2024,sunflower,2.7365853658536587,2.5282,3.208433020139309,3.797161370014065,all_crops,07_01
195,2025,wheat_spring,2.7195121951219514,3.6697,3.517961126120407,3.4038486455419843,all_crops,07_01
197,2021,barley_spring,2.5284548104956266,2.8515,2.620855554263839,2.6860289792192167,all_crops,07_01
197,2022,wheat_winter,1.5206997084548106,2.4524999999999997,2.763254702665784,2.975807814290293,all_crops,07_01
197,2023,wheat_winter,1.0820991253644316,2.8075,2.992204762537292,3.049333969309194,all_crops,07_01
197,2024,sunflower,3.2877551020408164,2.4313,2.848101720875722,2.8180055095736902,all_crops,07_01
197,2025,wheat_spring,3.779416909620991,3.7805,3.603760964455418,3.5130792196732297,all_crops,07_01
207,2018,sunflower,3.496,1.7426,,,all_crops,07_01
207,2019,wheat_spring,3.5799999999999996,2.2341,2.644627933711417,2.724528236512428,all_crops,07_01
207,2021,barley_spring,3.522162162162162,3.1924,2.5345858280809486,2.5207349765197122,all_crops,07_01
207,2022,wheat_winter,1.8846846846846843,2.8611999999999997,2.7609225502824435,2.9608776428231174,all_crops,07_01
207,2023,wheat_winter,1.068108108108108,3.0064,2.9011824001748767,2.9350071479580015,all_crops,07_01
207,2024,sunflower,3.1045045045045048,2.3039,3.18941794658587,3.631785663271342,all_crops,07_01
208,2019,sunflower,2.133,2.4488,2.559020160139419,2.561428158146097,all_crops,07_01
208,2021,sunflower,2.1216153846153847,2.7356000000000003,2.2930796130638305,2.2559650488407104,all_crops,07_01
208,2022,wheat_spring,2.356923076923077,1.8747,2.803125936198078,2.970667335161042,all_crops,07_01
208,2023,wheat_spring,2.018076923076923,2.0981,2.5420023255767203,2.515369148499194,all_crops,07_01
208,2024,sunflower,2.360615384615385,2.3794,2.848941161293233,2.8516138445873302,all_crops,07_01
208,2025,wheat_spring,3.8430769230769233,2.6100000000000003,3.577183485742821,3.4241668543762045,all_crops,07_01
209,2017,wheat_winter,2.22,4.048,,,all_crops,07_01
209,2018,sunflower,1.7399999999999998,2.1047000000000002,,,all_crops,07_01
209,2021,sunflower,2.265430463576158,2.1295,2.124165326578217,2.132496846988795,all_crops,07_01
209,2022,wheat_spring,2.654337748344371,3.1563,2.870399440290453,3.1566556449307126,all_crops,07_01
209,2023,wheat_winter,1.4864900662251657,3.1699,2.5040042545478522,2.4702511112346244,all_crops,07_01
209,2025,sunflower,2.329337748344371,2.6901,3.0719162399821114,3.061281737724977,all_crops,07_01
210,2017,wheat_winter,2.002,2.5725000000000002,,,all_crops,07_01
210,2019,sunflower,1.965,2.1532,2.7601726684460957,2.7800593408217527,all_crops,07_01
210,2021,sunflower,1.4783400809716598,2.2004,2.1997348888424053,2.258534271954198,all_crops,07_01
210,2022,wheat_spring,3.0655870445344133,3.8598999999999997,2.845801536421334,3.094565134715394,all_crops,07_01
210,2023,pea,1.7267206477732793,1.8719999999999999,3.0623181056996023,3.219104142482527,all_crops,07_01
210,2024,wheat_winter,5.519493927125506,5.6729,4.386647311736338,4.478990764488085,all_crops,07_01
210,2025,sunflower,3.192550607287449,2.52,3.057308761398046,3.065926171274436,all_crops,07_01
211,2017,wheat_winter,2.4379999999999997,2.1353,,,all_crops,07_01
211,2019,sunflower,1.868,1.8706,2.5785670687774926,2.559954352198759,all_crops,07_01
211,2021,sunflower,2.1389247311827955,2.3226,2.3597559263903185,2.3216432765524813,all_crops,07_01
212,2021,sunflower,3.3983823529411765,2.1821,2.365572110156894,2.329865397788406,all_crops,07_01
212,2022,wheat_spring,3.1773529411764705,3.0978000000000003,2.786712247574656,3.0437074962587127,all_crops,07_01
212,2023,wheat_spring,2.9445588235294116,1.7012,2.381988874312841,2.1751405443279896,all_crops,07_01
212,2024,sunflower,1.900882352941176,2.5942,2.9402556856146,3.046146755477587,all_crops,07_01
212,2025,wheat_spring,1.7024264705882353,2.3390999999999997,2.787604296795244,2.7901252687878597,all_crops,07_01
213,2021,wheat_spring,1.3155714285714286,1.8895,2.3396182729992554,2.257890259596778,all_crops,07_01
213,2022,sunflower,1.481428571428571,2.8958,2.7018902300419865,2.8083782868004614,all_crops,07_01
213,2025,barley_spring,1.53,2.826,3.216681511891564,3.2551580421950073,all_crops,07_01
214,2021,wheat_spring,1.5857777777777775,2.0593,2.368022430544544,2.2883491941570417,all_crops,07_01
214,2022,sunflower,1.002222222222222,3.2154000000000003,2.7521050113323255,2.9322064961886496,all_crops,07_01
214,2025,barley_spring,1.53,2.9945,3.1697430368353703,3.222284041399578,all_crops,07_01
215,2017,oil_seed_raps_spring,3.08,1.5872,,,all_crops,07_01
215,2019,sunflower,1.672,1.6133,2.4603263629129097,2.497958026528966,all_crops,07_01
215,2020,wheat_spring,1.409,1.4959,2.401034102585321,2.382014291788476,all_crops,07_01
215,2021,sunflower,2.9865822784810128,2.2252,2.1948757613213132,2.1721274968258717,all_crops,07_01
215,2022,wheat_spring,2.858987341772152,2.9058,2.7638974648440415,2.9549703909157348,all_crops,07_01
215,2023,barley_spring,2.2745063291139243,2.1417,2.4300887371748203,2.31798266840994,all_crops,07_01
215,2024,wheat_winter,4.476708860759494,4.1198999999999995,2.927985310044841,2.9106048819557797,all_crops,07_01
215,2025,sunflower,3.0739240506329115,2.6576,2.9666012040841907,3.038228581214301,all_crops,07_01
216,2017,oil_seed_raps_spring,2.26,1.7739999999999998,,,all_crops,07_01
216,2019,sunflower,1.95,2.4646999999999997,2.6524697325858932,2.7114025545728504,all_crops,07_01
216,2020,wheat_spring,1.246,1.9065999999999999,2.372941967708307,2.3647825827937354,all_crops,07_01
216,2021,sunflower,2.925945945945946,2.3702,2.1767806175186557,2.2019922195433783,all_crops,07_01
216,2022,wheat_spring,3.1270270270270273,3.7896,2.73962985376089,2.952751782447886,all_crops,07_01
216,2023,barley_spring,2.696783783783784,2.316,2.610178677064604,2.555598891114501,all_crops,07_01
216,2024,wheat_winter,5.342162162162162,4.7169,4.057777373057881,4.025997452026365,all_crops,07_01
216,2025,sunflower,2.986756756756757,2.8066,3.1799258576868,3.262157016859765,all_crops,07_01
217,2019,sunflower,1.962,2.1968,2.5841673915647836,2.615695900235903,all_crops,07_01
217,2021,sunflower,2.768578431372549,2.068,2.317831369146355,2.308995674444041,all_crops,07_01
217,2022,wheat_spring,3.063725490196078,3.4240000000000004,2.8290231434952533,3.1185964569087123,all_crops,07_01
217,2023,barley_spring,2.021480392156863,1.921,2.7443693891525776,2.5235819450739196,all_crops,07_01
217,2024,sunflower,2.9758823529411766,2.9491,3.1351241035133914,3.2950605037487053,all_crops,07_01
217,2025,wheat_spring,2.5629901960784314,2.7976,2.981028446486112,2.971928580786613,all_crops,07_01
218,2021,sunflower,2.12974358974359,2.1287,2.2486581517475552,2.2008878249603274,all_crops,07_01
218,2022,wheat_spring,2.1723076923076925,3.059,2.757224185103978,2.930872110673388,all_crops,07_01
218,2023,barley_spring,3.3693589743589745,2.1646,2.582022270708686,2.4834925564259187,all_crops,07_01
218,2024,wheat_spring,4.027153846153846,3.5061,3.492214835818555,3.8007705913560343,all_crops,07_01
218,2025,wheat_spring,4.112820512820513,2.6811,3.2535077427015135,3.261722576592352,all_crops,07_01
219,2017,wheat_winter,1.873,2.7313,,,all_crops,07_01
219,2019,sunflower,2.273,1.8412,2.637313504438751,2.6401715405196033,all_crops,07_01
219,2021,sunflower,2.818952380952381,1.6074000000000002,2.2302411229833012,2.288702681027948,all_crops,07_01
219,2022,wheat_spring,2.827547619047619,3.0893,2.7506608942787767,2.9393160672675314,all_crops,07_01
219,2023,sunflower,2.802523809523809,1.6792000000000002,2.9673335939446908,3.2593573505898275,all_crops,07_01
219,2024,wheat_spring,3.6718380952380953,4.2484,3.4241086226746247,3.979983971564624,all_crops,07_01
219,2025,barley_spring,3.528095238095238,2.9497,3.3923407735430953,3.4022305859791593,all_crops,07_01
220,2017,oil_seed_raps_spring,1.93,2.0317,,,all_crops,07_01
220,2019,sunflower,2.7649999999999997,2.4154,2.535474169068623,2.5696403238912158,all_crops,07_01
220,2021,sunflower,2.0264,2.4085,2.3604993956796783,2.299978715773575,all_crops,07_01
220,2022,wheat_spring,3.4832,3.0504000000000002,2.7666688675027054,2.9971790242582843,all_crops,07_01
220,2023,barley_spring,3.3728800000000003,2.6805,2.713597470495313,2.6793953966495776,all_crops,07_01
220,2024,wheat_spring,3.12756,3.6351999999999998,3.3971313300727126,3.723900956661466,all_crops,07_01
220,2025,wheat_spring,3.3072000000000004,3.0496,3.605768789168644,3.439427321760488,all_crops,07_01
221,2017,oil_seed_raps_spring,1.06,1.6062,,,all_crops,07_01
221,2019,sunflower,1.982,2.2328,2.492331126546182,2.5285378860278156,all_crops,07_01
221,2021,sunflower,1.7475,2.4882999999999997,2.236477162407854,2.2528465913048934,all_crops,07_01
222,2017,oil_seed_raps_spring,1.664,1.6903,,,all_crops,07_01
222,2019,sunflower,2.648,2.2677,2.50041617227497,2.5201828376106707,all_crops,07_01
222,2021,sunflower,2.9396774193548385,2.7789,2.16658964604977,2.1738274842299132,all_crops,07_01
222,2022,wheat_spring,3.2700483870967743,2.65,2.821308750415712,3.0991262698530204,all_crops,07_01
222,2023,barley_spring,4.5005,2.5429,2.623527151483568,2.511310357957613,all_crops,07_01
222,2024,wheat_spring,3.6562580645161287,3.1422999999999996,3.323094956608535,3.6540698169089563,all_crops,07_01
222,2025,sunflower,2.972258064516129,2.3774,2.9053872066811053,2.874819523002057,all_crops,07_01
223,2017,oil_seed_raps_spring,1.995,1.5262,,,all_crops,07_01
223,2019,sunflower,2.651,1.9398,2.527340104925997,2.578134329665895,all_crops,07_01
223,2021,sunflower,2.8625714285714285,1.9952999999999999,2.385900360532674,2.3921939276817907,all_crops,07_01
223,2022,wheat_spring,3.2311428571428573,2.9854,2.742871978450043,3.096606233878023,all_crops,07_01
223,2023,barley_spring,2.3584285714285715,1.7638000000000003,2.7939495805606627,2.665876315442816,all_crops,07_01
223,2024,wheat_spring,3.350857142857143,3.9329,3.416762187085369,4.1427334350311344,all_crops,07_01
223,2025,sunflower,3.305142857142857,2.3918,3.1317756861585564,3.1390380667249316,all_crops,07_01
224,2019,sunflower,3.961,2.8207999999999998,2.486008302294912,2.5394609919902735,all_crops,07_01
224,2021,sunflower,2.0925,2.6346,2.1195591988848683,2.1398084683772565,all_crops,07_01
224,2022,wheat_spring,3.079423076923077,3.1172999999999997,2.700268368543119,2.92115718792527,all_crops,07_01
224,2023,barley_spring,2.481451923076923,2.0122,2.585080512309319,2.5363456574113403,all_crops,07_01
224,2024,wheat_winter,5.0582692307692305,4.3833,4.078975567287195,3.89822673263611,all_crops,07_01
224,2025,sunflower,3.0742307692307693,2.7087,2.986239196883404,3.094722070299169,all_crops,07_01
225,2019,sunflower,3.961,2.7367999999999997,2.4785836196344304,2.5224246113968904,all_crops,07_01
225,2020,wheat_spring,2.335,3.245,2.3669877958482033,2.3722914110300084,all_crops,07_01
225,2021,sunflower,1.85,2.7541,2.288828003267357,2.413605163988597,all_crops,07_01
226,2019,sunflower,2.9829999999999997,2.232,2.586955922825567,2.5912804202501323,all_crops,07_01
226,2021,sunflower,2.4555,2.0779,2.226290680616503,2.1973472432657184,all_crops,07_01
226,2022,wheat_spring,1.6934999999999998,3.1174,2.769562600724571,2.96285917753155,all_crops,07_01
226,2024,wheat_winter,4.9315,5.2123,3.783782335872213,3.8432792333306294,all_crops,07_01
226,2025,sunflower,3.0420000000000003,2.7547,2.982445642042504,3.0090875527729595,all_crops,07_01
227,2018,sunflower,2.613,2.2504,,,all_crops,07_01
227,2019,oil_seed_raps_spring,1.161,1.8331,2.6749255161839005,2.5938844521229902,all_crops,07_01
227,2021,wheat_winter,2.8346242774566472,3.556,2.6147581832585103,2.772322421238958,all_crops,07_01
227,2022,wheat_winter,2.217514450867052,2.6258,2.6561475413215283,2.9383887311797072,all_crops,07_01
227,2023,sunflower,2.6015895953757227,1.9678,2.4954439227775613,2.3877390899076034,all_crops,07_01
227,2024,barley_spring,3.007739884393064,4.3205,3.286778404059075,3.7739796930507756,all_crops,07_01
227,2025,pea,1.5521965317919073,2.3936,3.146343317485799,3.1595065379121796,all_crops,07_01
228,2017,sunflower,3.34,2.8212,,,all_crops,07_01
228,2018,maize,3.312,8.2518,,,all_crops,07_01
228,2019,soya,1.468,1.5787,2.0491488493106735,2.018338533703264,all_crops,07_01
228,2020,wheat_winter,1.3,2.1523,2.7556282109829753,2.757354529687036,all_crops,07_01
228,2021,wheat_winter,2.4169491525423727,2.8911000000000002,2.674331104629153,2.750755213866591,all_crops,07_01
228,2022,wheat_spring,4.564745762711865,2.8893999999999997,2.695458817031968,2.9971396110625284,all_crops,07_01
228,2023,wheat_winter,1.5016949152542372,2.3085999999999998,2.475834428978905,2.2033534585945675,all_crops,07_01
228,2024,sunflower,3.052881355932203,2.4486999999999997,2.773320225762608,2.807641606870738,all_crops,07_01
228,2025,wheat_spring,3.004576271186441,3.2354,3.5867791016197748,3.4504206673680606,all_crops,07_01
229,2017,sunflower,3.34,2.4871,,,all_crops,07_01
229,2018,maize,3.312,9.1333,,,all_crops,07_01
229,2019,soya,1.468,2.3071,2.138963922809784,2.152559745797915,all_crops,07_01
229,2020,wheat_winter,3.285,2.7312000000000003,2.7473323295905914,2.7894614115683485,all_crops,07_01
229,2021,wheat_winter,2.9450000000000003,2.3245,2.5444396196448444,2.5600129192964145,all_crops,07_01
229,2022,wheat_spring,2.841666666666667,2.1967,2.5165570640532517,2.5468094535929957,all_crops,07_01
229,2023,wheat_winter,3.443333333333334,2.3579999999999997,2.627206123881,2.5231735368174455,all_crops,07_01
229,2024,sunflower,3.2544166666666663,2.7904,2.4308756346781717,2.4177230820177047,all_crops,07_01
229,2025,wheat_spring,3.5050000000000003,3.344,3.3732573164319373,3.4092388398899374,all_crops,07_01
230,2019,wheat_winter,4.503,3.7936,2.8626043423998184,2.8584540298715493,all_crops,07_01
230,2021,wheat_winter,2.123766816143498,2.4353000000000002,2.487456290664527,2.609464009543495,all_crops,07_01
230,2022,sunflower,3.257219730941704,1.8524999999999998,2.5921054365089304,2.5875684702844004,all_crops,07_01
230,2024,sunflower,3.2521793721973093,2.7013000000000003,3.2447444812251076,4.153021122487177,all_crops,07_01
230,2025,wheat_spring,3.6687443946188343,3.2042,3.4886886379237296,3.4159947362549348,all_crops,07_01
231,2017,wheat_spring,1.95,2.3644,,,all_crops,07_01
231,2019,wheat_winter,4.303,3.9966999999999997,2.8879299894975667,2.8183086125211023,all_crops,07_01
231,2021,wheat_winter,3.5069787234042553,3.1704,2.581150876423937,2.660264731674625,all_crops,07_01
231,2022,wheat_winter,1.5712340425531914,2.1225,2.4124790851492683,2.6300796622423843,all_crops,07_01
231,2023,sunflower,2.2995063829787235,1.5364,2.3046075086763564,2.383387515912893,all_crops,07_01
231,2024,wheat_spring,3.806382978723404,3.8621000000000003,3.556861591359331,3.7778466494561993,all_crops,07_01
231,2025,pea,1.3324255319148937,2.6262,2.9513960788656326,3.032483660679659,all_crops,07_01
232,2017,wheat_spring,1.95,2.8916,,,all_crops,07_01
232,2019,wheat_winter,3.404,3.6744,2.910217662458488,2.843334972937309,all_crops,07_01
232,2021,wheat_winter,3.2479729729729727,3.3893999999999997,2.8244360451906885,2.954892252757119,all_crops,07_01
232,2022,wheat_winter,1.847837837837838,2.2283,2.3647408143567663,2.396858602405253,all_crops,07_01
232,2023,sunflower,2.6881993243243243,1.8707,2.698602792965797,2.6538433678059605,all_crops,07_01
232,2024,wheat_spring,3.330304054054054,3.8087000000000004,3.406758215193623,3.656789847257457,all_crops,07_01
232,2025,pea,1.8102027027027028,2.481,2.872010586991895,2.8506551389312302,all_crops,07_01
233,2021,wheat_winter,3.6453846153846152,3.2509,2.4288402598536774,2.536769328178513,all_crops,07_01
234,2021,wheat_winter,5.389142857142858,2.7121,2.7471987270105345,2.9644628943865547,all_crops,07_01
234,2022,wheat_spring,3.975428571428571,3.5385,2.732216167381914,2.991875747861775,all_crops,07_01
234,2023,wheat_winter,1.7062857142857142,2.5372,2.599768183325723,2.546466317487086,all_crops,07_01
234,2024,sunflower,3.295057142857143,2.2541,2.7187780655183933,2.8154813127764333,all_crops,07_01
235,2021,wheat_winter,7.105,2.9204999999999997,2.5329673645467814,2.592268340591229,all_crops,07_01
235,2023,wheat_spring,2.2,1.3443,3.0163063793100866,3.2698606096148306,all_crops,07_01
235,2025,barley_spring,1.53,3.9616999999999996,3.2223237454318214,3.251605208192096,all_crops,07_01
236,2019,wheat_winter,3.272,3.3456,2.8195529893942455,2.805223915563707,all_crops,07_01
236,2021,wheat_winter,2.8605,3.6235999999999997,3.0631650914496724,3.561001835709118,all_crops,07_01
236,2022,sunflower,3.3475,2.0613,2.548466537192624,2.8185653510344397,all_crops,07_01
236,2023,wheat_spring,2.520375,2.0578,2.6622955912642357,2.6716823468599027,all_crops,07_01
236,2024,barley_spring,3.7585,4.211,3.7613736331146406,4.393280417222172,all_crops,07_01
236,2025,sunflower,3.0025,2.7558,3.002682680903791,3.0720304737220205,all_crops,07_01
237,2019,wheat_winter,2.78,2.7061,2.8504084367940785,2.789870168271131,all_crops,07_01
237,2021,wheat_winter,3.2366666666666664,2.6663,2.498922086807609,2.492217257366522,all_crops,07_01
237,2022,sunflower,2.515555555555556,2.4829999999999997,2.4997192501135266,2.7648487790081733,all_crops,07_01
237,2023,wheat_spring,1.6025,1.9659,2.343872547500322,2.1865004728735373,all_crops,07_01
237,2024,barley_spring,4.871138888888889,4.392,3.8551057023448347,4.456386002999216,all_crops,07_01
237,2025,sunflower,3.3130555555555556,2.7347,3.0267898153335895,3.074747113064496,all_crops,07_01
238,2019,wheat_winter,3.5780000000000003,3.7807000000000004,2.8797897417795078,2.8487750076539573,all_crops,07_01
238,2021,wheat_winter,3.3530555555555552,3.2328,2.4588570857349112,2.4756646211868634,all_crops,07_01
238,2022,sunflower,2.1222222222222222,1.9304,2.5256321032582507,2.786894960980733,all_crops,07_01
238,2023,wheat_spring,2.198888888888889,2.1087,2.540792441100512,2.4711248202762084,all_crops,07_01
238,2024,barley_spring,4.613333333333333,4.4379,3.7493377416430302,4.3789822646570435,all_crops,07_01
238,2025,sunflower,1.9090277777777775,2.739,2.9570386506776978,2.972000825532607,all_crops,07_01
239,2019,wheat_winter,4.11,3.9814999999999996,2.829163565676327,2.802957178010854,all_crops,07_01
239,2021,wheat_winter,3.16017094017094,3.4796,2.641988592962593,2.8394455045339893,all_crops,07_01
239,2022,sunflower,1.9928205128205128,2.2291,2.5472882688525758,2.8098207607278862,all_crops,07_01
239,2024,barley_spring,5.670427350427351,4.9914000000000005,3.7308468387067153,4.160995814202318,all_crops,07_01
239,2025,sunflower,3.095213675213675,2.6518,3.0416459323242897,3.081615502909689,all_crops,07_01
241,2018,oil_seed_raps_winter,1.281,1.4704000000000002,,,all_crops,07_01
241,2019,wheat_winter,2.933,3.8578,2.9949516093034516,2.880380773364433,all_crops,07_01
241,2021,wheat_winter,1.9516049382716052,1.6204,2.484450279086258,2.4751428226483774,all_crops,07_01
242,2017,sunflower,2.104,2.4574000000000003,,,all_crops,07_01
242,2018,maize,2.641,6.5087,,,all_crops,07_01
242,2019,soya,1.877,2.1482,2.2022965037939506,2.144982783599478,all_crops,07_01
242,2020,wheat_winter,1.28,2.5839,2.7539123368139067,2.7557017125208523,all_crops,07_01
242,2021,wheat_winter,2.2416393442622953,3.7603,3.3559944245121036,4.989654488509807,all_crops,07_01
242,2022,wheat_spring,3.742622950819672,3.1846,2.6395341441878117,2.6775245890721275,all_crops,07_01
242,2023,wheat_winter,1.7311475409836066,2.3297999999999996,2.324008373248109,2.0573669545535798,all_crops,07_01
242,2024,sunflower,2.8443278688524587,2.8659,3.023028784364856,3.135043742111291,all_crops,07_01
244,2018,sunflower,2.637,2.705,,,all_crops,07_01
244,2020,wheat_winter,1.056,2.9004000000000003,2.6814205866332808,2.577507257454704,all_crops,07_01
244,2021,wheat_winter,2.4169811320754717,3.4369,2.7238283050576486,2.8864427729222615,all_crops,07_01
244,2022,wheat_spring,4.193867924528302,3.004,3.011632179401323,3.2345946482733483,all_crops,07_01
244,2023,pea,1.9418867924528305,1.5503,2.845151535437933,2.762072863438877,all_crops,07_01
244,2024,wheat_spring,2.730603773584906,3.3948,3.51164368901351,4.143024739569606,all_crops,07_01
244,2025,sunflower,4.282264150943396,2.7214,3.0461843716660355,3.025108078923074,all_crops,07_01
246,2018,sunflower,2.984,2.4847,,,all_crops,07_01
246,2021,wheat_winter,2.612439024390244,2.7712,2.6163312959137963,2.7625020734598977,all_crops,07_01
246,2022,wheat_spring,1.6465853658536589,3.405,2.70142135073188,2.946489686874722,all_crops,07_01
246,2023,pea,1.6624390243902438,2.4905999999999997,2.6508184351859234,2.474563294481536,all_crops,07_01
246,2024,wheat_spring,3.884073170731708,3.7398000000000002,3.450136740487288,3.837654264689289,all_crops,07_01
246,2025,sunflower,1.26,2.5364,3.0995778072043043,3.0844847091916168,all_crops,07_01
247,2018,sunflower,2.554,2.0140000000000002,,,all_crops,07_01
247,2021,wheat_winter,3.5077483443708606,4.1498,2.7509997699516147,2.9523865533358324,all_crops,07_01
247,2022,wheat_winter,1.5000662251655628,1.9231000000000003,2.3440171379858437,2.4360122113269376,all_crops,07_01
247,2023,sunflower,2.741453642384106,1.8712,2.946197242495979,3.0788793809166863,all_crops,07_01
247,2024,wheat_spring,2.6623311258278144,4.2515,3.5147373270272206,3.719410802982958,all_crops,07_01
247,2025,barley_spring,4.1251655629139075,2.8878,3.711540929255377,3.5924938677367506,all_crops,07_01
248,2017,oil_seed_raps_winter,2.366,2.7271,,,all_crops,07_01
248,2018,wheat_winter,3.807,3.344,,,all_crops,07_01
248,2019,soya,1.3039999999999998,2.1092,2.063531090340274,2.030302761519259,all_crops,07_01
248,2021,wheat_winter,2.4291851851851853,2.4187000000000003,2.568632619621104,2.655243849063847,all_crops,07_01
248,2022,pea,1.987925925925926,1.657,2.520218077060638,2.7227552157755506,all_crops,07_01
248,2023,wheat_winter,2.141,3.2104,2.6617930460180013,2.5832655006079106,all_crops,07_01
248,2024,sunflower,3.441577777777778,3.1921,2.967696274359665,3.0706396772839555,all_crops,07_01
248,2025,wheat_spring,3.630296296296296,3.5269,3.6197122702073528,3.5329882049319226,all_crops,07_01
249,2018,sunflower,2.024,1.8425,,,all_crops,07_01
249,2019,oil_seed_raps_spring,1.065,1.6252,2.853580621751979,2.8382953983696644,all_crops,07_01
249,2021,wheat_winter,2.7772222222222225,3.6117,2.805688942490475,2.9817293187920844,all_crops,07_01
250,2018,sunflower,2.024,1.9350999999999998,,,all_crops,07_01
250,2019,wheat_winter,3.503,3.714,2.8610128349147956,2.837354726546343,all_crops,07_01
250,2021,wheat_winter,1.47,2.7935,2.633297242434811,2.844257452583975,all_crops,07_01
250,2022,sunflower,3.0933333333333333,2.6123000000000003,2.586444241837543,2.8942482054799163,all_crops,07_01
250,2023,wheat_spring,2.1600980392156863,2.5116,2.630767419104916,2.549550285384846,all_crops,07_01
250,2024,barley_spring,5.983627450980393,4.2921,3.8139008399661014,4.167211827322031,all_crops,07_01
250,2025,sunflower,2.8207352941176467,2.3198,3.039637249411156,3.1101503099864463,all_crops,07_01
251,2017,oil_seed_raps_winter,1.952,2.7818,,,all_crops,07_01
251,2018,wheat_winter,4.2219999999999995,4.5151,,,all_crops,07_01
251,2019,wheat_winter,2.295,3.8988,2.884478001333236,2.801887491683784,all_crops,07_01
251,2021,wheat_winter,3.0763779527559056,2.5177,2.466271472610805,2.4907426577750686,all_crops,07_01
251,2023,sunflower,2.78692125984252,1.818,3.166146411281778,3.56132215370131,all_crops,07_01
251,2024,wheat_spring,3.611023622047244,3.0145,3.5896311795130247,3.850673027619104,all_crops,07_01
251,2025,oil_seed_raps_spring,2.756299212598426,2.2117999999999998,2.2968567000735285,2.306463088470038,all_crops,07_01
252,2017,sunflower,3.364,2.7582999999999998,,,all_crops,07_01
252,2019,wheat_winter,5.035,4.0412,2.964543603720185,2.9274468996905294,all_crops,07_01
252,2021,wheat_winter,2.8787951807228915,2.2507,2.3286738919439958,2.395815492504472,all_crops,07_01
252,2022,wheat_winter,2.358144578313253,3.0398,2.246484796789944,2.2639256605994738,all_crops,07_01
252,2023,sunflower,2.8884457831325303,1.6582000000000001,2.7739185454573687,2.7906144069101693,all_crops,07_01
252,2024,wheat_spring,3.254939759036145,2.9184,3.1378353088888655,3.209370594064933,all_crops,07_01
252,2025,oil_seed_raps_spring,2.143734939759036,2.3239,2.263031769481879,2.332824699522171,all_crops,07_01
253,2017,sunflower,2.676,2.4722999999999997,,,all_crops,07_01
253,2019,wheat_winter,5.114,4.4434,2.9758262608012056,2.9342083535059467,all_crops,07_01
253,2021,wheat_winter,2.4343529411764706,2.3579999999999997,2.412778260738506,2.413289961557812,all_crops,07_01
253,2023,sunflower,2.599529411764706,1.5845,3.1429837897835795,3.5485627639025967,all_crops,07_01
253,2024,wheat_spring,3.896,3.3729999999999998,3.3705118811190484,3.6200591961348154,all_crops,07_01
253,2025,oil_seed_raps_spring,2.353764705882353,1.7312999999999998,2.272686010520592,2.308296878767967,all_crops,07_01
254,2017,sunflower,2.936,2.8449,,,all_crops,07_01
254,2018,maize,3.281,7.6399,,,all_crops,07_01
254,2019,soya,1.136,2.2728,2.1207609286932407,2.0904254892513947,all_crops,07_01
254,2021,wheat_winter,2.1813513513513514,3.4081,2.5638404401297503,2.706380969364033,all_crops,07_01
254,2022,pea,2.314054054054054,2.0296,2.5503084549439357,2.5950717605823965,all_crops,07_01
254,2024,sunflower,3.4018783783783784,3.1237,3.1662871299398665,3.3552279833425613,all_crops,07_01
254,2025,wheat_spring,4.105608108108108,3.1245000000000003,3.5604038865664105,3.4009732474433094,all_crops,07_01
255,2017,wheat_spring,2.0,2.3878,,,all_crops,07_01
255,2018,oil_seed_raps_winter,1.0,1.3079,,,all_crops,07_01
255,2019,wheat_winter,1.3,3.3543999999999996,2.960732156520292,2.902822133081118,all_crops,07_01
255,2020,sunflower,2.5,2.0157,2.3100871814553807,2.302400012652026,all_crops,07_01
255,2021,wheat_spring,3.495357142857143,3.0059,2.431555102998922,2.4722429047799412,all_crops,07_01
255,2023,sunflower,2.5888660714285714,1.8349,2.5694834870403183,2.598140597522404,all_crops,07_01
255,2024,wheat_spring,4.0148214285714285,3.6630000000000003,3.4591438251037996,3.6929454524389156,all_crops,07_01
255,2025,barley_spring,4.227857142857142,3.8327,3.8197896081025937,3.6423213082078183,all_crops,07_01
256,2018,soya,1.202,1.8916,,,all_crops,07_01
256,2019,wheat_winter,3.371,2.8828,2.87733312842017,2.8337160823674488,all_crops,07_01
256,2020,sunflower,2.129,2.3165,2.279781211486225,2.2889523776919845,all_crops,07_01
256,2021,wheat_spring,3.488928571428571,3.22,2.6250305165785384,2.6635246387425906,all_crops,07_01
256,2023,wheat_winter,1.0053571428571428,2.6978999999999997,2.4771957591426346,2.3905107801304046,all_crops,07_01
256,2024,wheat_spring,5.977232142857143,4.3854,3.7001383536929895,3.9945472269524283,all_crops,07_01
256,2025,sunflower,3.738928571428571,2.8539000000000003,3.0120760304338443,3.0653509398633503,all_crops,07_01
257,2017,barley_spring,2.032,3.0175,,,all_crops,07_01
257,2019,wheat_winter,4.893,3.7786999999999997,2.9551111415064804,2.881616657168206,all_crops,07_01
257,2022,barley_spring,1.7641666666666669,3.8933,2.7448476131114883,2.9583057293508577,all_crops,07_01
257,2023,wheat_spring,2.75025,2.3837,2.4672738400149887,2.375038223788131,all_crops,07_01
257,2024,pea,1.4186666666666667,2.5943,2.7098451228465725,2.6690804744689016,all_crops,07_01
257,2025,barley_spring,1.53,3.8715,3.0274627630104662,3.0420504403165114,all_crops,07_01
258,2017,sunflower,1.533,2.9461,,,all_crops,07_01
258,2019,oil_seed_raps_spring,1.763,1.5118,2.8569826313984366,2.8008280630827365,all_crops,07_01
258,2020,sunflower,1.277,1.8663,2.3002717487875133,2.286233194397366,all_crops,07_01
258,2021,wheat_spring,3.369101123595506,3.0327,2.402608330355496,2.423249020959647,all_crops,07_01
258,2022,sunflower,2.0300786516853933,1.8361999999999998,2.6566745328052965,2.826666342747838,all_crops,07_01
258,2023,wheat_spring,1.3868539325842697,1.7635999999999998,3.003962168900449,3.3356819861569114,all_crops,07_01
258,2024,wheat_spring,5.062359550561798,3.8497999999999997,3.3441303720111364,3.6987595922861756,all_crops,07_01
258,2025,sunflower,3.607977528089888,2.3949000000000003,3.0915460156435173,3.1266466762816094,all_crops,07_01
259,2018,sunflower,1.88,1.907,,,all_crops,07_01
259,2020,sunflower,1.813,1.8488,2.427496008585091,2.3916148989327466,all_crops,07_01
259,2021,wheat_spring,3.2456022408963587,2.995,2.3884215214773725,2.418228704489876,all_crops,07_01
259,2022,sunflower,2.027221288515406,1.6899000000000002,2.707662928586278,3.0915290294553976,all_crops,07_01
259,2023,wheat_spring,1.08003081232493,1.9803000000000002,2.4179223001893773,2.231761970711303,all_crops,07_01
259,2024,sunflower,2.8320560224089637,2.4544,2.8286497953160357,2.9319703599054314,all_crops,07_01
259,2025,wheat_spring,2.1594957983193277,2.3034,2.7330804153458867,2.686308341553856,all_crops,07_01
260,2017,wheat_spring,1.98,2.6014,,,all_crops,07_01
260,2018,oil_seed_raps_winter,1.201,1.3877000000000002,,,all_crops,07_01
260,2019,sunflower,2.3600000000000003,1.763,2.5956748272730117,2.5891470368361205,all_crops,07_01
260,2021,wheat_spring,4.1022,3.1416,2.7488507130690527,2.768309877728088,all_crops,07_01
260,2022,barley_spring,3.7374,2.0707999999999998,2.7350383493448076,2.9425936525123246,all_crops,07_01
260,2023,sunflower,1.8446,1.8796,2.924754483450884,3.0774963043515298,all_crops,07_01
260,2024,wheat_spring,3.2132,3.8888,3.3542648471043397,3.6485829325676002,all_crops,07_01
261,2017,wheat_spring,2.691,2.5114,,,all_crops,07_01
261,2018,oil_seed_raps_winter,1.201,1.4471,,,all_crops,07_01
261,2019,sunflower,2.036,2.1521999999999997,2.578153067457398,2.579272104140049,all_crops,07_01
261,2021,wheat_spring,5.387428571428572,2.9577999999999998,2.696591463349471,2.676180643860897,all_crops,07_01
261,2022,wheat_spring,4.008571428571429,3.1271,2.758788735989493,3.0432244422603794,all_crops,07_01
261,2023,sunflower,2.853857142857143,2.1406,2.8498574485403663,2.8855822153965427,all_crops,07_01
261,2024,wheat_spring,4.122771428571428,3.9354999999999998,3.5691106584881642,3.80953776058451,all_crops,07_01
261,2025,barley_spring,4.780285714285714,3.0634,3.834415303391874,3.68802013146836,all_crops,07_01
262,2017,wheat_winter,1.461,2.0502,,,all_crops,07_01
262,2018,sunflower,2.362,2.3651,,,all_crops,07_01
262,2020,sunflower,2.065,2.0568,2.2746993064414207,2.3011364127086495,all_crops,07_01
262,2021,wheat_spring,4.116052631578947,3.2009999999999996,2.468114497230781,2.4548159974151,all_crops,07_01
262,2022,sunflower,2.051684210526316,1.9373999999999998,2.757918582565997,3.035614295755051,all_crops,07_01
262,2023,wheat_spring,1.9040657894736843,1.484,2.955348617277891,3.1256800786886503,all_crops,07_01
262,2024,wheat_spring,4.339473684210526,2.9555,3.4239386114262267,3.704270695105272,all_crops,07_01
263,2020,sunflower,2.775,1.5856,2.157966348490538,2.254467745034182,all_crops,07_01
263,2021,wheat_spring,3.779,3.089,2.6768356982716313,2.7317850578583656,all_crops,07_01
263,2022,sunflower,2.1305,2.4547,2.8142881706053764,3.0809104914658976,all_crops,07_01
263,2023,wheat_spring,1.15425,1.7765999999999997,2.5873492869182972,2.4114143308295946,all_crops,07_01
263,2024,pea,2.317,2.8876,3.9346286607544307,4.078407098096658,all_crops,07_01
263,2025,barley_spring,1.53,3.6642,3.384392684952042,3.418690431850073,all_crops,07_01
264,2020,sunflower,2.915,2.3545000000000003,2.1565412101043613,2.269676019135663,all_crops,07_01
264,2021,wheat_spring,3.725,4.1563,2.723574215318054,2.7568772520320297,all_crops,07_01
264,2022,sunflower,4.337,2.4141,2.7467587742975774,3.0702133592162664,all_crops,07_01
264,2023,wheat_spring,3.37975,1.5632,2.5656519610782174,2.4062318923197226,all_crops,07_01
264,2025,barley_spring,1.53,3.6899,3.1871223456330044,3.2477296548593424,all_crops,07_01
265,2020,sunflower,1.7,1.9234000000000002,2.118064106070194,2.247349672857114,all_crops,07_01
265,2021,wheat_spring,3.063,2.9981999999999998,2.5905733422860284,2.5274371039341177,all_crops,07_01
265,2023,wheat_spring,1.308,2.217,2.6301692875425635,2.5902699999031826,all_crops,07_01
265,2025,barley_spring,1.53,3.6851999999999996,7.601384068899718,7.917023449808331,all_crops,07_01
266,2021,wheat_spring,3.4250000000000003,3.1519,2.778131246421048,2.7421929856588245,all_crops,07_01
266,2023,wheat_spring,1.1466666666666667,1.524,2.7944158026295653,2.644454049955812,all_crops,07_01
266,2025,barley_spring,1.53,3.1464,3.2023765232178323,3.2477475699119758,all_crops,07_01
267,2021,wheat_spring,3.725,3.429,2.739032981538641,2.780543803937785,all_crops,07_01
267,2025,barley_spring,1.53,3.3251,3.4152682190512604,3.4768686559899997,all_crops,07_01
268,2018,soya,1.6190000000000002,2.3882000000000003,,,all_crops,07_01
268,2019,wheat_winter,2.901,3.089,2.8328932477921853,2.789902137574587,all_crops,07_01
268,2021,wheat_spring,3.504,3.0507999999999997,2.3607340556785426,2.2140569340401623,all_crops,07_01
268,2023,wheat_spring,2.2885,2.4838999999999998,2.5012184306046024,2.335927707913136,all_crops,07_01
268,2024,barley_spring,4.772,3.9752,3.511279623783902,4.228079627062385,all_crops,07_01
268,2025,sunflower,1.856,2.7963999999999998,2.992042349853587,3.01736180363076,all_crops,07_01
269,2017,sunflower,2.451,2.5317,,,all_crops,07_01
269,2020,sunflower,1.972,2.3946,2.290946299849044,2.2958387369832267,all_crops,07_01
269,2021,wheat_spring,3.465045045045045,3.281,2.4400900382430284,2.489040155439655,all_crops,07_01
269,2022,sunflower,2.086126126126126,1.8846,2.753393307958066,3.0349271805789497,all_crops,07_01
269,2023,wheat_spring,1.7825225225225227,1.9164,2.9525674647714384,3.1304567040826807,all_crops,07_01
269,2024,wheat_spring,4.250810810810811,3.3165,3.7023272518246535,3.9555079790844396,all_crops,07_01
269,2025,sunflower,3.00081981981982,2.8367,3.10318621115853,3.1458551682880134,all_crops,07_01
270,2017,wheat_spring,2.4219999999999997,3.2421999999999995,,,all_crops,07_01
270,2018,oil_seed_raps_winter,1.62,1.9242000000000001,,,all_crops,07_01
270,2019,sunflower,2.207,1.8853000000000002,2.571323306148456,2.5727529665439173,all_crops,07_01
270,2021,wheat_spring,4.891379310344828,3.121,2.517583637141548,2.535854963488591,all_crops,07_01
270,2022,wheat_spring,3.61751724137931,2.981,2.744301300163113,2.9383511814367016,all_crops,07_01
270,2023,sunflower,2.901551724137931,2.0925000000000002,2.5307106988892203,2.5236696828709233,all_crops,07_01
270,2024,wheat_spring,4.382758620689655,4.0014,3.5318703047366666,3.730455381103129,all_crops,07_01
270,2025,barley_spring,5.528620689655173,4.2565,4.394203796030416,4.437910007781443,all_crops,07_01
271,2017,wheat_spring,2.4219999999999997,3.0822,,,all_crops,07_01
271,2018,oil_seed_raps_winter,1.62,1.7488,,,all_crops,07_01
271,2019,sunflower,2.673,1.9754999999999998,2.5413627936854044,2.5552264555564532,all_crops,07_01
271,2021,wheat_spring,4.884745762711864,4.0641,2.7453030559178084,2.740259775167578,all_crops,07_01
271,2022,wheat_spring,2.6278644067796613,2.8655999999999997,2.8958675540091483,3.0989556672419685,all_crops,07_01
271,2023,sunflower,2.458762711864407,2.3735,2.492193897517909,2.583576243195955,all_crops,07_01
271,2024,wheat_spring,3.931627118644068,3.9844,3.3366869623516724,3.582722065013586,all_crops,07_01
271,2025,barley_spring,4.394915254237288,4.068099999999999,4.4293965945174625,4.516322284707178,all_crops,07_01
272,2017,sunflower,3.082,1.9291,,,all_crops,07_01
272,2019,sunflower,2.665,2.0153,2.494446801828899,2.5247766660927438,all_crops,07_01
272,2020,maize,9.02,7.422499999999999,3.295837319055278,3.8235050754670987,all_crops,07_01
272,2021,sunflower,2.22,2.7748,2.1417020687240647,2.1555778069681657,all_crops,07_01
272,2022,wheat_spring,4.4904,3.3770000000000002,2.9307275312539347,3.0661857501828003,all_crops,07_01
272,2023,sunflower,1.3512,2.1104,2.531856654468394,2.5075608793342283,all_crops,07_01
272,2024,wheat_spring,4.2312,4.0394,3.822514269956591,4.198216254529903,all_crops,07_01
272,2025,wheat_spring,3.1792,3.4718000000000004,4.061005370626079,3.994876794451944,all_crops,07_01
273,2017,wheat_spring,2.295,3.6145000000000005,,,all_crops,07_01
273,2018,sunflower,2.804,2.3175999999999997,,,all_crops,07_01
273,2019,wheat_spring,4.083,4.012700000000001,2.639852543631261,2.6996061412979433,all_crops,07_01
273,2021,barley_spring,3.0677777777777777,2.8958,2.598270156190389,2.7038306976190833,all_crops,07_01
273,2022,wheat_winter,2.052962962962963,3.3161,2.7525390636580527,2.9117351099747895,all_crops,07_01
273,2023,wheat_winter,1.0088888888888887,2.5915,2.6106568051025985,2.495966223846443,all_crops,07_01
273,2024,sunflower,3.591851851851852,2.933,3.243161617225897,3.773422494917062,all_crops,07_01
273,2025,wheat_spring,4.41962962962963,4.3505,3.933356990201799,3.7101202296996414,all_crops,07_01
274,2017,wheat_spring,1.552,2.4213999999999998,,,all_crops,07_01
274,2018,soya,1.6629999999999998,1.9095,,,all_crops,07_01
274,2019,sunflower,2.945,1.839,2.4972413010128203,2.508679284251791,all_crops,07_01
274,2020,wheat_spring,1.027,1.9347,2.4009660200218184,2.327846135475605,all_crops,07_01
274,2022,wheat_winter,2.9904639175257732,2.3152999999999997,2.442702581329915,2.5458170161719527,all_crops,07_01
274,2024,sunflower,3.090886597938144,2.5133,3.2066004169242825,3.710376207857344,all_crops,07_01
274,2025,wheat_spring,4.829072164948454,4.1602,3.664854903896416,3.490377887680382,all_crops,07_01
276,2019,sunflower,1.6,2.6101,2.644547435746839,2.642504808007136,all_crops,07_01
276,2021,sunflower,3.422096774193548,2.4518,2.1785426646941835,2.183095663124639,all_crops,07_01
276,2022,wheat_spring,2.9274193548387095,2.674,2.5169724250713172,2.6597054447144988,all_crops,07_01
276,2023,sunflower,2.634193548387097,1.4752,3.0556011174581386,3.2463822300692327,all_crops,07_01
276,2024,wheat_spring,3.63741935483871,3.1651,3.537090533538088,3.8651706621655713,all_crops,07_01
276,2025,wheat_spring,1.4903225806451614,3.8268,3.296856403224607,3.219692203535348,all_crops,07_01
277,2019,sunflower,2.573,2.4469000000000003,2.636552820423741,2.6341951130166095,all_crops,07_01
277,2021,sunflower,3.3421333333333334,2.6092,2.1400066180921877,2.142635565687262,all_crops,07_01
277,2022,wheat_spring,1.5733333333333333,3.5677999999999996,2.587210880920692,2.7220598231485766,all_crops,07_01
277,2023,sunflower,2.6744000000000003,1.8454000000000002,2.8258226755719376,2.72511546016128,all_crops,07_01
277,2024,wheat_spring,4.257866666666667,2.9927,3.47524763802216,3.846089126468591,all_crops,07_01
277,2025,wheat_spring,1.9090666666666667,3.1645,3.148287128464462,3.1208928171626504,all_crops,07_01
278,2017,wheat_winter,2.4,1.8976,,,all_crops,07_01
278,2018,oil_seed_raps_winter,1.405,1.7009,,,all_crops,07_01
278,2019,wheat_winter,4.669,3.8549999999999995,2.9882128180302967,2.8961424970973066,all_crops,07_01
278,2021,barley_spring,5.365869565217392,3.2853000000000003,2.399503811650447,2.3727766607154526,all_crops,07_01
278,2022,sunflower,2.907608695652174,2.2562,2.6624669679235433,2.953595386895146,all_crops,07_01
278,2023,wheat_spring,1.7219565217391304,1.0815,2.6698917956456376,2.635389260854233,all_crops,07_01
278,2024,pea,2.430869565217391,4.1496,3.5331843921670387,4.0137938848184636,all_crops,07_01
278,2025,wheat_winter,3.899173913043478,2.166,2.7382642513075433,2.7535517638431384,all_crops,07_01
279,2017,wheat_winter,2.378,2.3212,,,all_crops,07_01
279,2018,oil_seed_raps_winter,1.612,1.5177,,,all_crops,07_01
279,2019,wheat_winter,5.385,3.7558,3.0146074004872765,2.9568674809822144,all_crops,07_01
279,2023,wheat_spring,1.069090909090909,1.6907,2.621145253009909,2.5824560542967667,all_crops,07_01
279,2024,pea,1.87,3.8051000000000004,3.6115827242929184,4.037516618891731,all_crops,07_01
279,2025,wheat_winter,4.40060606060606,3.6465000000000005,3.0829878714522843,3.0907704485473597,all_crops,07_01
280,2017,soya,1.096,2.1456,,,all_crops,07_01
280,2021,barley_spring,3.253586956521739,3.0620000000000003,2.5112787242628976,2.529289110755516,all_crops,07_01
280,2023,wheat_spring,1.953478260869565,2.4156,2.3264214810825306,2.0113558903263273,all_crops,07_01
280,2025,sunflower,4.019456521739131,2.7051,2.8982706712547763,2.8542932873677915,all_crops,07_01
282,2018,sunflower,2.754,2.2294,,,all_crops,07_01
282,2019,maize,3.804,9.215399999999999,2.9602852489767444,2.873069871204607,all_crops,07_01
282,2020,sunflower,1.222,1.7777999999999998,2.1654355086068233,2.2333146963430153,all_crops,07_01
282,2021,barley_spring,3.4048936170212767,3.1361,2.477037996320492,2.4657296916115325,all_crops,07_01
282,2022,sunflower,1.2691489361702126,2.4841,2.493236305931423,2.6702878653141124,all_crops,07_01
282,2023,wheat_spring,1.9701702127659575,2.4669,2.1498925807179754,1.7316384782475973,all_crops,07_01
282,2025,sunflower,3.9023404255319143,3.2628,3.0840175547777746,3.0731229686177706,all_crops,07_01
283,2017,oil_seed_raps_winter,2.388,2.3960999999999997,,,all_crops,07_01
283,2018,wheat_winter,3.1239999999999997,2.5181999999999998,,,all_crops,07_01
283,2019,sunflower,2.638,2.1627,2.5114415101367835,2.5073306813811898,all_crops,07_01
283,2021,barley_spring,5.287594936708861,2.7123,2.584338382604452,2.667311873021127,all_crops,07_01
283,2022,sunflower,3.713924050632911,2.2359999999999998,2.680263858311826,2.8722720421387913,all_crops,07_01
283,2023,wheat_spring,1.430253164556962,1.3008,3.020769008097273,3.4141722222123194,all_crops,07_01
283,2025,sunflower,4.0171455696202525,2.7062,3.1557100750994413,3.102330007659131,all_crops,07_01
284,2020,wheat_spring,1.27,1.8838000000000001,2.1570664572165605,2.267744327822892,all_crops,07_01
284,2021,wheat_spring,3.5273333333333334,3.4177,2.787605367103418,2.779810533138991,all_crops,07_01
284,2022,sunflower,2.223333333333333,2.1565000000000003,2.6944286402139266,2.8629756985127566,all_crops,07_01
284,2024,pea,1.328,2.8869,2.756761927513646,2.6239820508467675,all_crops,07_01
284,2025,barley_spring,1.53,3.5104999999999995,3.169348778687306,3.227760365275811,all_crops,07_01
286,2021,wheat_spring,3.971888888888889,3.0801,2.4861161899100868,2.381099125256843,all_crops,07_01
286,2023,wheat_spring,1.291111111111111,2.0433,3.0102375249162128,3.0430714845399245,all_crops,07_01
286,2025,barley_spring,1.53,3.5420000000000003,2.994338950356506,3.0113474502983193,all_crops,07_01
287,2021,barley_spring,5.6,2.879,2.4859700667645934,2.423439872907874,all_crops,07_01
287,2025,barley_spring,1.53,2.5248,7.1290706892176905,7.5478910199784455,all_crops,07_01
288,2021,wheat_spring,3.5825,2.7502,2.352739121782934,2.299218329983437,all_crops,07_01
288,2023,wheat_spring,1.445,1.643,2.863423016548857,2.915187543607699,all_crops,07_01
288,2025,barley_spring,1.53,3.7514000000000003,3.178176422683152,3.259756652889802,all_crops,07_01
289,2021,wheat_spring,3.8523529411764703,3.2423,2.7413995771176545,2.6950219322253077,all_crops,07_01
289,2023,wheat_spring,1.2705882352941178,1.6193000000000002,2.7751042939919084,2.651499406945777,all_crops,07_01
289,2025,barley_spring,1.53,3.4745,3.1016476141655662,3.106708399708858,all_crops,07_01
291,2021,wheat_spring,3.172833333333333,3.7456000000000005,2.531610085565926,2.4156330753614443,all_crops,07_01
291,2023,wheat_spring,1.5506666666666666,1.8809,2.9156506194213963,2.8517854092093784,all_crops,07_01
291,2025,barley_spring,1.53,2.9379999999999997,2.899435202931248,2.908527610238051,all_crops,07_01
292,2021,sunflower,2.01,2.3254,2.1184530898290284,2.135964745197596,all_crops,07_01
292,2022,wheat_spring,2.2251000000000003,3.1256,2.718771716298712,2.8887595993768347,all_crops,07_01
292,2023,barley_spring,3.2198,1.5734,2.5787862867735347,2.5381487611406754,all_crops,07_01
292,2024,wheat_spring,4.2,3.2398000000000002,3.43497011214752,3.7360203500860987,all_crops,07_01
292,2025,sunflower,2.718,2.435,2.7500703895347582,2.691928346002716,all_crops,07_01
293,2017,wheat_winter,1.821,2.3550999999999997,,,all_crops,07_01
293,2019,wheat_winter,3.729999999999999,3.6389000000000005,2.964055880656611,2.8768154124604646,all_crops,07_01
293,2021,sunflower,2.3242696629213486,2.4481,2.3240056571334784,2.3206591178913607,all_crops,07_01
293,2022,wheat_spring,2.6255842696629212,2.7234000000000003,2.7679280101133723,3.158138532327945,all_crops,07_01
293,2023,barley_spring,2.157528089887641,2.0573,3.0365028971742234,3.3120753619838315,all_crops,07_01
293,2024,wheat_spring,3.62561797752809,3.3377000000000003,3.396625941283453,4.094862641625753,all_crops,07_01
293,2025,sunflower,3.067640449438202,2.8165,2.844055464306252,2.7291870302630805,all_crops,07_01
295,2017,wheat_winter,1.227,2.3098,,,all_crops,07_01
295,2018,oil_seed_raps_winter,1.45,1.7505,,,all_crops,07_01
295,2019,wheat_winter,2.899,2.982,2.952212150177238,2.874534400900048,all_crops,07_01
295,2021,barley_spring,4.090206896551725,2.574,2.303956638664528,2.2701799695646017,all_crops,07_01
295,2022,sunflower,1.9825241379310343,2.2781,2.7230820604080503,3.0432783098760163,all_crops,07_01
295,2024,pea,1.4772413793103447,3.1704,3.5321574313791295,4.070581996445134,all_crops,07_01
295,2025,wheat_spring,4.596137931034483,3.5686999999999998,3.7531505168607495,3.6514212603210403,all_crops,07_01
296,2017,soya,1.686,1.7420000000000002,,,all_crops,07_01
296,2018,sunflower,1.607,2.7159,,,all_crops,07_01
296,2019,maize,3.401,5.4933,2.6894837015314126,2.550476100817726,all_crops,07_01
296,2020,sunflower,1.972,1.9132000000000002,2.3597307702068857,2.325267530076778,all_crops,07_01
296,2023,wheat_spring,1.3890526315789475,2.2434000000000003,2.65183830909228,2.612521500116022,all_crops,07_01
296,2025,wheat_winter,4.57658947368421,4.4316,3.7736745189805005,3.7551613497392715,all_crops,07_01
297,2021,wheat_spring,3.676,3.5595999999999997,2.4572632016348908,2.4054940400703306,all_crops,07_01
297,2023,wheat_spring,2.572,1.598,2.5306582663780466,2.501003067436469,all_crops,07_01
297,2025,barley_spring,1.53,4.1205,3.106444800730868,3.2488055019387243,all_crops,07_01
298,2018,sunflower,1.546,1.8166,,,all_crops,07_01
298,2019,wheat_spring,3.6,3.4055999999999997,2.5965909177711524,2.595005788502125,all_crops,07_01
298,2020,soya,1.824,1.8394,2.3170354510430577,2.1502909715190377,all_crops,07_01
298,2021,maize,8.829758333333332,5.7773,3.5338029751526676,5.036537241085035,all_crops,07_01
298,2022,barley_spring,3.4287916666666667,3.3901000000000003,2.801147014624295,3.2534590985302323,all_crops,07_01
298,2023,sunflower,2.0416666666666665,1.9611,2.9772857466912925,3.2849735123443287,all_crops,07_01
298,2024,wheat_spring,3.408333333333333,3.5770000000000004,3.5159579848027,4.247461312054239,all_crops,07_01
298,2025,pea,2.2106666666666666,2.4912,3.0728597441579253,3.047421048774543,all_crops,07_01
299,2018,barley_spring,2.903225806451613,2.5209,,,all_crops,07_01
299,2019,sunflower,3.3020000000000005,1.5613,2.859488682204692,2.838199996147143,all_crops,07_01
299,2020,wheat_spring,2.506,2.1794000000000002,2.5586787192371485,2.3166304703644824,all_crops,07_01
299,2021,wheat_winter,3.2053456221198156,3.1094,2.5228869339273094,2.4641388660562407,all_crops,07_01
299,2022,wheat_winter,4.0,3.2609000000000004,2.409567158548524,2.593479488833136,all_crops,07_01
299,2023,sunflower,3.345622119815668,2.1915,2.6558948490693104,2.768127456100187,all_crops,07_01
299,2024,barley_spring,3.720276497695852,4.1189,3.323948082674233,4.103532816764935,all_crops,07_01
299,2025,pea,2.5146082949308752,3.2213000000000003,3.1506550478002198,3.1152164361496024,all_crops,07_01
300,2018,barley_spring,3.6,3.2951,,,all_crops,07_01
300,2019,buckwheat,2.145,,3.1262592830897598,2.9723026575606863,all_crops,07_01
300,2020,wheat_spring,1.901,1.4716,2.5911769405984297,2.3200531683310635,all_crops,07_01
300,2021,wheat_winter,2.8021818181818183,2.6851,2.521164748990458,2.50267945130207,all_crops,07_01
300,2022,wheat_winter,2.810545454545455,2.6275,2.6093610256582926,2.830842089873206,all_crops,07_01
300,2023,sunflower,3.5636363636363635,1.9782,2.7419068313202493,2.799493653303654,all_crops,07_01
300,2024,barley_spring,4.142545454545455,3.0006,2.9881749335222265,3.0362216075951514,all_crops,07_01
300,2025,sunflower,3.1365454545454545,2.3777999999999997,3.370489793593854,3.364288288513705,all_crops,07_01
301,2018,wheat_spring,3.2851985559566788,2.4704,,,all_crops,07_01
301,2019,buckwheat,1.925,,2.8825829808361596,2.769607843744377,all_crops,07_01
301,2020,wheat_spring,2.851,2.6772,2.4696968638240446,2.3448842077018384,all_crops,07_01
301,2021,wheat_winter,2.3384115523465705,2.0373,2.424663154471718,2.4258517571353098,all_crops,07_01
301,2022,wheat_winter,3.303068592057762,3.2837000000000005,2.2308706418435618,2.329000966862713,all_crops,07_01
301,2023,sunflower,2.6101083032490973,1.8818000000000001,2.5660815298412207,2.649268955023405,all_crops,07_01
301,2024,wheat_spring,2.888086642599278,4.15,3.818431780412719,4.270666118133237,all_crops,07_01
301,2025,sunflower,2.495162454873646,2.7965,2.868336169504205,2.8406372639061326,all_crops,07_01
302,2019,sunflower,2.592,2.5876,2.8737885387338986,2.803415362815622,all_crops,07_01
302,2020,wheat_spring,2.43,2.2403,2.6197287980254864,2.398712749315896,all_crops,07_01
302,2021,wheat_spring,1.2724444444444445,2.1026,2.3913866191640287,2.308847882354973,all_crops,07_01
302,2022,sunflower,3.147777777777778,2.0321000000000002,2.806645915866778,3.2164290668784417,all_crops,07_01
302,2023,wheat_spring,2.0,2.086,2.927959715442248,3.028071443779618,all_crops,07_01
302,2025,sunflower,2.7764444444444445,2.4812000000000003,3.2384332214619977,3.1954298988571277,all_crops,07_01
303,2018,barley_spring,2.45,2.9773,,,all_crops,07_01
303,2019,buckwheat,2.568,,3.0951695194228135,2.9607292902144904,all_crops,07_01
303,2020,wheat_spring,2.463,3.0389,2.410437027569649,2.2758186118351977,all_crops,07_01
303,2021,rye_winter,3.52125,3.4860999999999995,3.4774169314774896,5.1431583899041655,all_crops,07_01
303,2022,sunflower,3.539,2.4263000000000003,2.8140497729356966,3.2768908864051665,all_crops,07_01
303,2023,barley_spring,1.628,2.815,2.994688603778573,3.188436674345345,all_crops,07_01
303,2024,pea,3.313,3.6863,3.852358890959934,4.199309710607092,all_crops,07_01
303,2025,wheat_winter,5.6745,5.652,4.670572022558088,5.011078024578008,all_crops,07_01
304,2018,wheat_spring,2.2532467532467533,2.4351,,,all_crops,07_01
304,2019,sunflower,2.665,2.3467,2.559339720903715,2.6109532912062248,all_crops,07_01
304,2020,wheat_spring,1.974025974025974,1.4214,2.5288657886164247,2.3646634803020645,all_crops,07_01
304,2021,rye_winter,2.693311688311688,2.5934999999999997,3.0792473190902614,3.542816010754863,all_crops,07_01
304,2022,sunflower,3.0357142857142856,2.6441,2.6125784904727887,2.8305691018003523,all_crops,07_01
304,2023,wheat_spring,2.142857142857143,1.6225,2.7378364393569226,2.67522867320238,all_crops,07_01
304,2024,wheat_spring,4.071428571428571,3.8340000000000005,3.955815110729682,4.454254374260639,all_crops,07_01
304,2025,sunflower,2.1645454545454546,2.399,3.0275845994067185,3.024545844857971,all_crops,07_01
305,2018,avena_spring,3.5420000000000003,,,,all_crops,07_01
305,2019,sunflower,1.614,1.5191000000000001,2.7315773298992663,2.6587183171516173,all_crops,07_01
305,2020,wheat_spring,3.353,2.0268,2.5161721154598444,2.368871055730957,all_crops,07_01
305,2021,sunflower,3.1040952380952382,2.2552,2.754956993979331,2.709113616758894,all_crops,07_01
305,2022,wheat_spring,3.257047619047619,3.5012,3.1340105440887447,3.4313107311524877,all_crops,07_01
305,2023,barley_spring,2.813904761904762,2.2071,2.84661032553392,2.9029156986297493,all_crops,07_01
305,2024,wheat_winter,5.032571428571428,5.5272,4.147605835188725,4.363776761773838,all_crops,07_01
305,2025,sunflower,2.768857142857143,2.1062000000000003,3.0934217006979012,3.090647148610473,all_crops,07_01
306,2018,maize,4.061999999999999,5.4973,,,all_crops,07_01
306,2019,sunflower,2.589,1.5057,2.8266542662557907,2.7464265778163623,all_crops,07_01
306,2020,wheat_spring,3.3229999999999995,2.2877,2.440168414088851,2.2711176056929023,all_crops,07_01
306,2021,sunflower,3.315628415300546,1.9568,2.5550604282682565,2.5151351213059763,all_crops,07_01
306,2023,wheat_winter,3.240437158469945,2.3137,2.6090253723579457,2.52813861025874,all_crops,07_01
307,2021,wheat_winter,1.828235294117647,3.6536,2.6121288707370667,2.6544798534754124,all_crops,07_01
307,2022,pea,2.614705882352941,2.7092,2.5941778511907816,2.8411506028729603,all_crops,07_01
307,2023,sunflower,1.6470588235294117,1.8399999999999999,2.8080462540599633,2.6699603463598196,all_crops,07_01
308,2018,wheat_spring,3.128,2.675,,,all_crops,07_01
308,2019,sunflower,3.2310000000000003,2.1612,2.5595265891768633,2.589545204672959,all_crops,07_01
308,2020,wheat_spring,2.121,2.2031,2.481294483829744,2.3332873493817616,all_crops,07_01
308,2021,sunflower,4.128571428571428,2.1478,2.421142660892252,2.3961656833436926,all_crops,07_01
308,2022,wheat_spring,2.6720779220779223,3.2978,2.7485726072610577,3.1815840935581883,all_crops,07_01
308,2024,wheat_winter,6.613961038961039,6.0019,4.070964696973273,4.089776787389149,all_crops,07_01
308,2025,sunflower,3.56038961038961,2.68,3.281214095980697,3.2903221942422096,all_crops,07_01
309,2019,sunflower,3.0,2.1228000000000002,2.5984562711720876,2.656662500819176,all_crops,07_01
309,2020,wheat_spring,1.4220000000000002,2.3192,2.5071308382364466,2.323523237470524,all_crops,07_01
310,2018,wheat_spring,2.5636363636363635,2.7748,,,all_crops,07_01
310,2020,wheat_spring,1.519,2.4532,2.4234049461509244,2.2793709150893497,all_crops,07_01
310,2022,wheat_spring,3.978,4.8922,2.9646800167435776,3.222772078093086,all_crops,07_01
310,2023,sunflower,1.7121212121212122,2.0685,2.3879413334387705,2.355176409958266,all_crops,07_01
310,2024,wheat_spring,3.763636363636364,3.5579,3.590889255932456,3.9377382644025083,all_crops,07_01
310,2025,barley_spring,6.152151515151515,3.9965,4.461269474975448,4.611591511267259,all_crops,07_01
311,2018,wheat_spring,3.529166666666667,2.8415,,,all_crops,07_01
311,2019,soya,2.5460000000000003,1.8917000000000002,2.165047393540541,2.113905680808443,all_crops,07_01
311,2020,maize,5.118,8.6997,3.0062121890700118,2.930353169286791,all_crops,07_01
311,2022,wheat_winter,3.099083333333333,3.1844,2.7329127991521864,3.1348413020368127,all_crops,07_01
311,2023,sunflower,3.220833333333333,2.0643000000000002,3.0326151267285377,3.3678079523861757,all_crops,07_01
311,2024,wheat_spring,3.84925,4.0912999999999995,3.7189080741490974,4.216357187255892,all_crops,07_01
311,2025,soya,1.4467500000000002,2.0154,2.083983853940497,2.0604223868613745,all_crops,07_01
312,2018,wheat_spring,1.5555555555555556,3.3485,,,all_crops,07_01
312,2020,wheat_winter,3.3200000000000003,3.1302,2.8542069107079113,2.727782425494258,all_crops,07_01
312,2021,barley_spring,4.217777777777778,2.9656,2.3269299987807077,2.2056473383124673,all_crops,07_01
312,2022,sunflower,2.5855555555555556,2.7312000000000003,2.5524436586876345,2.7044963405012776,all_crops,07_01
312,2023,wheat_spring,1.9755555555555555,2.0492999999999997,2.846999468227743,2.7437332166339963,all_crops,07_01
312,2024,sunflower,1.5944444444444443,2.6065,2.759507711700897,2.8682791037853175,all_crops,07_01
312,2025,barley_spring,3.900555555555555,4.0155,3.936157595606103,3.9660642990576207,all_crops,07_01
313,2018,sunflower,3.085,2.2882000000000002,,,all_crops,07_01
313,2020,wheat_spring,2.127,2.6372,2.582339113389367,2.36356505988767,all_crops,07_01
313,2021,sunflower,3.176727272727273,2.8125,2.502259253357233,2.446390044278116,all_crops,07_01
313,2022,wheat_spring,3.3391818181818183,3.7146999999999997,2.710571188192915,2.9596460641492786,all_crops,07_01
313,2023,barley_spring,2.6275909090909093,2.8708,2.6679893240450174,2.61132260646381,all_crops,07_01
313,2024,pea,2.8992727272727272,3.2374,3.769447051016211,4.139751852146016,all_crops,07_01
313,2025,wheat_winter,4.522545454545455,4.2306,4.089694736031978,4.38361557668697,all_crops,07_01
314,2018,soya,1.359,2.0024,,,all_crops,07_01
314,2019,sunflower,3.055,1.9344000000000001,2.6001705079546635,2.5141053351303717,all_crops,07_01
314,2020,wheat_spring,1.423,2.1246,2.4217588354540163,2.3111626052551437,all_crops,07_01
314,2024,wheat_winter,5.3133067729083665,4.5685,2.9959630695555286,2.910758847851268,all_crops,07_01
314,2025,sunflower,3.19804780876494,2.7247,3.3108569041328013,3.2183795374693838,all_crops,07_01
315,2018,avena_spring,3.3684210526315788,,,,all_crops,07_01
315,2019,sunflower,2.63,2.2794,2.852531651986952,2.7669717424654685,all_crops,07_01
315,2020,barley_spring,2.72,1.7892,2.5783813572573524,2.3267640026688112,all_crops,07_01
315,2021,sunflower,2.3563157894736846,2.1752,2.589927226896323,2.5629152047440478,all_crops,07_01
315,2022,wheat_spring,3.067894736842105,3.3899999999999997,2.8702119773891845,3.170511983249245,all_crops,07_01
315,2023,wheat_spring,2.289473684210526,2.4754,2.5720105856869355,2.615335488064932,all_crops,07_01
315,2025,barley_spring,4.822105263157895,3.3274999999999997,3.331667834996533,3.300675098867158,all_crops,07_01
316,2018,avena_spring,2.6551724137931036,,,,all_crops,07_01
316,2019,sunflower,2.306,2.5606,2.9120983903045174,2.8466326470294234,all_crops,07_01
316,2020,barley_spring,2.452,2.0414000000000003,2.535189356272885,2.2389428613293147,all_crops,07_01
316,2021,wheat_spring,3.35448275862069,2.5179,2.725749145904413,2.7417681918017007,all_crops,07_01
316,2022,pea,2.176896551724138,2.5998,2.6702557996714305,3.0844142795386156,all_crops,07_01
316,2023,wheat_winter,2.6882758620689655,1.9064,2.748148215601706,2.6174873259652767,all_crops,07_01
317,2018,pea,1.901,2.7501,,,all_crops,07_01
317,2019,sunflower,3.2409999999999997,2.0119,2.7478542905876897,2.654104790400267,all_crops,07_01
317,2020,wheat_spring,2.9690000000000003,2.2205,2.559249188895462,2.3575449126851766,all_crops,07_01
317,2021,sunflower,2.525058823529412,2.3783000000000003,2.7049009050959114,2.699117710054896,all_crops,07_01
317,2022,wheat_spring,3.6494117647058824,3.9486,3.0691448286968517,3.2237053286855244,all_crops,07_01
317,2023,barley_spring,2.453529411764706,2.8998,3.054346467073847,3.1175007081929342,all_crops,07_01
317,2024,wheat_winter,4.266176470588236,4.5053,3.0700994960707004,3.0567329603598927,all_crops,07_01
317,2025,sunflower,3.2478823529411764,2.1742,3.109025825303949,3.1039290311047303,all_crops,07_01
318,2018,soya,2.1559999999999997,2.1214,,,all_crops,07_01
318,2019,maize,8.697,5.475099999999999,3.212767065857964,3.1121529379662833,all_crops,07_01
318,2020,wheat_spring,3.176,2.5753,2.326632881027156,2.2375587528780905,all_crops,07_01
318,2021,sunflower,3.1150785340314138,1.7550999999999999,2.4391762418850487,2.429289768112613,all_crops,07_01
318,2023,wheat_winter,2.749319371727749,2.1624,2.528487170134493,2.4609142555471326,all_crops,07_01
318,2024,sunflower,4.230052356020943,2.3868,2.923303681729893,2.881320852482424,all_crops,07_01
319,2018,sunflower,2.019607843137255,1.6151,,,all_crops,07_01
319,2019,wheat_spring,3.511,3.6228000000000002,2.6552888462460937,2.6468461671695236,all_crops,07_01
319,2020,soya,1.761,2.0314,2.240240408256286,2.104014541367749,all_crops,07_01
319,2021,sunflower,3.2145098039215685,1.8890999999999998,2.706006070870631,2.7064731938473456,all_crops,07_01
319,2022,barley_spring,2.8135294117647063,2.3091999999999997,2.808669190700791,3.097700920073394,all_crops,07_01
319,2023,wheat_winter,1.892156862745098,2.0064,2.600778964972601,2.5383859675191185,all_crops,07_01
319,2024,sunflower,2.935882352941176,2.4882,2.9500842311972364,2.9284743126619945,all_crops,07_01
319,2025,wheat_spring,4.713333333333333,3.531,3.708106071361355,3.587320691515902,all_crops,07_01
320,2020,sunflower,2.8920000000000003,2.2736,2.4428275514098865,2.306258301079603,all_crops,07_01
320,2021,wheat_spring,3.9986666666666664,3.4893,2.677976400472652,2.7669490956137,all_crops,07_01
320,2022,pea,3.664,2.4971,2.7209020913098807,3.0564942506970434,all_crops,07_01
320,2023,wheat_winter,1.4966666666666666,2.1379,2.581525481270355,2.423439591551018,all_crops,07_01
320,2024,sunflower,2.272666666666667,1.9903,3.04910881741367,3.0529148795966052,all_crops,07_01
320,2025,wheat_spring,5.241333333333333,4.1115,3.752863884291208,3.6447256331433553,all_crops,07_01
321,2018,sunflower,2.8,2.2609000000000004,,,all_crops,07_01
321,2019,wheat_spring,2.974,3.2060000000000004,2.6721882015399627,2.6104584328112295,all_crops,07_01
321,2020,sunflower,3.2039999999999997,2.1744,2.5214049790410535,2.3223615993490814,all_crops,07_01
321,2021,wheat_spring,3.118865979381443,2.9139,2.6251130205396307,2.62847740387965,all_crops,07_01
321,2022,pea,3.720721649484537,2.1606,2.7306255184489343,3.1421692557301704,all_crops,07_01
321,2023,wheat_winter,2.4504123711340204,2.1239,2.594333896967343,2.515050581643604,all_crops,07_01
321,2024,sunflower,2.982783505154639,2.7785,2.9684762747468443,2.980212885662872,all_crops,07_01
322,2018,barley_spring,2.6357142857142857,2.4253,,,all_crops,07_01
322,2019,sunflower,2.364,1.9704000000000002,2.668386135405145,2.698854968939244,all_crops,07_01
322,2021,wheat_spring,3.549714285714286,3.1239999999999997,2.506009781546023,2.5428099139952627,all_crops,07_01
322,2022,sunflower,2.975,2.7659,2.8176597038720983,3.230170605365595,all_crops,07_01
322,2023,wheat_spring,3.257142857142857,2.2018999999999997,2.653154591651553,2.6187490291674718,all_crops,07_01
322,2024,sunflower,2.7725,2.5952,2.980743769156343,2.985910595917679,all_crops,07_01
322,2025,barley_spring,5.317428571428572,4.5533,4.416189785945312,4.458209269933073,all_crops,07_01
323,2019,wheat_winter,5.036,5.1716999999999995,2.752972315754941,2.8071976209981395,all_crops,07_01
323,2020,sunflower,2.879,2.8456,2.4979659664900025,2.345553266720316,all_crops,07_01
323,2021,wheat_spring,2.7504545454545455,2.6267,2.48347192720105,2.432421182512551,all_crops,07_01
323,2022,sunflower,3.4059090909090908,2.6308,2.8556548455546458,3.3056230164336036,all_crops,07_01
323,2023,wheat_spring,2.987012987012987,2.2935,2.9550898560739283,3.0835087297169954,all_crops,07_01
323,2024,wheat_winter,4.966298701298701,5.0912999999999995,3.2309914363047056,3.42128442672622,all_crops,07_01
323,2025,sunflower,3.7001298701298704,2.7821000000000002,3.3110020841844774,3.2606068200367786,all_crops,07_01
324,2018,buckwheat,2.7962962962962963,,,,all_crops,07_01
324,2019,barley_spring,2.888,3.4381999999999997,2.7777974295421295,2.6794431576405966,all_crops,07_01
324,2020,sunflower,3.2,1.8914000000000002,2.4771372162549548,2.3415587122839927,all_crops,07_01
324,2021,wheat_spring,3.4877777777777776,2.7978,2.512947522627678,2.5443150676793964,all_crops,07_01
324,2022,sunflower,3.049259259259259,2.9478999999999997,2.8131718018881706,3.175392506946029,all_crops,07_01
324,2023,wheat_spring,2.1296296296296298,2.5347,3.112190314699278,3.352463395857243,all_crops,07_01
324,2024,barley_spring,4.074074074074074,4.1655999999999995,3.3242117836865184,4.008259557774844,all_crops,07_01
324,2025,sunflower,3.123333333333333,2.3431,2.9845413899742157,3.073972649628739,all_crops,07_01
325,2018,sunflower,2.6666666666666665,1.7390999999999999,,,all_crops,07_01
325,2020,sunflower,3.3920000000000003,1.5196999999999998,2.516203655666637,2.3122838790999367,all_crops,07_01
325,2021,wheat_spring,3.3966666666666665,2.7414,2.495476751702149,2.460301822944269,all_crops,07_01
325,2022,sunflower,2.7255555555555557,2.9293,2.7381661392429133,3.065712004816597,all_crops,07_01
325,2023,wheat_spring,1.99,2.8832,3.025106996977434,3.2429558882468665,all_crops,07_01
325,2024,barley_spring,5.13,2.5814,3.199259847522039,4.186974755229684,all_crops,07_01
325,2025,sunflower,3.686111111111111,2.2727,3.324381331031293,3.3254812932751765,all_crops,07_01
327,2018,sunflower,2.792079207920792,2.5497,,,all_crops,07_01
327,2020,sunflower,3.277,2.311,2.479239300355086,2.328554543645979,all_crops,07_01
327,2021,wheat_spring,4.412475247524752,3.5446,2.5618266404716366,2.570110466387506,all_crops,07_01
327,2022,sunflower,3.0487128712871288,2.3335999999999997,2.6624823474686172,2.9128374120826783,all_crops,07_01
327,2023,barley_spring,3.0089108910891085,3.0271,2.898523935562675,2.950828811762746,all_crops,07_01
327,2025,sunflower,2.7849504950495048,2.7929,2.9852388006182955,3.038504293374853,all_crops,07_01
328,2019,wheat_winter,5.195,4.7606,2.7233597126461744,2.752828883975005,all_crops,07_01
328,2020,sunflower,1.388,1.6617000000000002,2.367916339728061,2.342523855148343,all_crops,07_01
328,2021,wheat_spring,1.515294117647059,1.4171,2.2585601634110537,2.1203699493298096,all_crops,07_01
328,2022,wheat_winter,2.5023529411764707,3.8293,2.5775830211893123,2.790265638073023,all_crops,07_01
328,2023,sunflower,2.764705882352941,2.0331,2.3162193950140297,2.233706787765678,all_crops,07_01
329,2018,wheat_spring,3.1666666666666665,3.3064999999999998,,,all_crops,07_01
329,2019,buckwheat,2.461,,2.940063135107362,2.8300225381299304,all_crops,07_01
329,2020,sunflower,3.003,1.895,2.434658740971281,2.329236184105011,all_crops,07_01
329,2021,wheat_spring,3.485,2.9349,2.5811264413867034,2.565310111501638,all_crops,07_01
330,2018,wheat_spring,2.8,3.6359000000000004,,,all_crops,07_01
330,2019,wheat_spring,3.165,2.7283,2.627236296750047,2.6004669949384445,all_crops,07_01
330,2020,sunflower,3.191,2.1986999999999997,2.437883754798946,2.30445917729072,all_crops,07_01
330,2024,wheat_spring,4.204739336492891,3.6039000000000003,3.5346574500734596,4.301163082414864,all_crops,07_01
330,2025,pea,2.184075829383886,2.7614,3.0390487431828137,3.0403877761341813,all_crops,07_01
331,2018,wheat_spring,2.371428571428571,2.272,,,all_crops,07_01
331,2019,wheat_spring,2.4,3.0822,2.5039343188051064,2.600273845982808,all_crops,07_01
331,2020,sunflower,2.396,2.4707,2.4004992431416903,2.261782042222785,all_crops,07_01
331,2021,wheat_spring,3.196,2.8387000000000002,2.4207586619323322,2.3814204949190563,all_crops,07_01
331,2022,wheat_winter,2.234714285714286,2.3358,2.29264718528247,2.2261519294003103,all_crops,07_01
331,2023,sunflower,3.2357142857142858,1.9111,2.5598576904709303,2.709053958472297,all_crops,07_01
331,2024,wheat_spring,4.017571428571429,3.1,3.890084399745385,4.3184869009562155,all_crops,07_01
331,2025,sunflower,2.805285714285714,2.6515999999999997,2.9485545891615135,3.0057747570498163,all_crops,07_01
332,2018,sunflower,2.663793103448276,2.2159,,,all_crops,07_01
332,2019,wheat_spring,3.525,4.1516,2.608482028802279,2.560472077764858,all_crops,07_01
332,2020,sunflower,1.876,2.3383,2.5525900518951095,2.375747233786329,all_crops,07_01
332,2021,wheat_spring,2.784181034482758,3.3049999999999997,2.34822658115547,2.3230942237550276,all_crops,07_01
332,2022,sunflower,3.1269827586206898,2.1197,2.745090378080232,3.1862265352205235,all_crops,07_01
332,2023,wheat_spring,2.2198275862068964,2.2326,2.6179224749014414,2.5750353722942725,all_crops,07_01
332,2025,sunflower,2.7096982758620687,2.1525,3.0099895087014987,3.047190247879096,all_crops,07_01
333,2019,wheat_winter,6.054,6.1866,2.7385084893270615,2.750399262594034,all_crops,07_01
333,2020,sunflower,3.2310000000000003,2.1407,2.3684363949770173,2.2822150811298294,all_crops,07_01
333,2021,wheat_spring,3.365379746835443,2.2742999999999998,2.5305461775110634,2.4846940823590526,all_crops,07_01
333,2022,sunflower,3.009367088607595,2.8998,2.8437912377878893,3.185792299074294,all_crops,07_01
333,2023,wheat_spring,2.329113924050633,2.4387,2.7382999474452445,2.7515511738180343,all_crops,07_01
334,2018,buckwheat,2.653,,,,all_crops,07_01
334,2019,wheat_winter,2.364,2.5126999999999997,2.724697676675082,2.6858209000099844,all_crops,07_01
334,2020,sunflower,2.676,2.0809,2.418535011953949,2.2968316425683213,all_crops,07_01
334,2021,wheat_spring,3.1403749999999997,3.1044,2.611119543931834,2.5522475388993064,all_crops,07_01
334,2022,sunflower,3.3138125,2.3219000000000003,2.911280319240726,3.3323235576761894,all_crops,07_01
334,2023,wheat_spring,3.24375,2.1475,2.818266001655456,2.748896331280031,all_crops,07_01
334,2024,sunflower,2.83575,2.4604,3.0268575950464593,3.0056964764564444,all_crops,07_01
335,2018,buckwheat,1.4299065420560748,,,,all_crops,07_01
335,2019,sunflower,1.252,2.1747,2.6512445276057917,2.6419093811326895,all_crops,07_01
335,2021,wheat_spring,2.724485981308411,3.3575000000000004,2.5509651663879325,2.538335433482721,all_crops,07_01
335,2022,sunflower,3.0462616822429904,2.5538,2.8414835243388996,3.233298399610219,all_crops,07_01
335,2023,wheat_spring,2.850467289719626,1.9441,2.7603095437614824,2.757829572581196,all_crops,07_01
335,2024,sunflower,2.60785046728972,2.4528,2.9945574083802424,3.0011335907043715,all_crops,07_01
335,2025,barley_spring,5.337757009345794,3.9427,3.9499939218682876,3.735446797307125,all_crops,07_01
336,2018,wheat_spring,2.9,2.6754000000000002,,,all_crops,07_01
336,2019,barley_spring,2.227,2.8456,2.8404695530170807,2.790296558407991,all_crops,07_01
336,2020,sunflower,2.684,2.8279,2.5329399186933608,2.3609649277250107,all_crops,07_01
336,2021,wheat_spring,3.555333333333333,3.4055,2.6119348235327338,2.5669907365560434,all_crops,07_01
336,2022,sunflower,3.0290000000000004,2.4145,2.7798653524176133,3.081446286077042,all_crops,07_01
336,2023,wheat_spring,3.5246666666666666,3.0418,2.9212702746322603,2.903251136757551,all_crops,07_01
336,2024,sunflower,2.679333333333333,2.4265,3.025289685563399,3.180877048698137,all_crops,07_01
336,2025,barley_spring,5.271333333333333,4.2636,4.2014028080152945,4.315817703830032,all_crops,07_01
337,2018,sunflower,3.55,1.8841,,,all_crops,07_01
337,2020,sunflower,2.934,1.9788000000000001,2.5220732921159827,2.314325638941665,all_crops,07_01
337,2021,wheat_spring,3.2880000000000003,2.3593,2.7930288497322073,2.7336877749310036,all_crops,07_01
337,2022,sunflower,3.2695,2.8881,2.9235805626723876,3.357870760737825,all_crops,07_01
337,2023,wheat_spring,1.825,2.6159,3.0405903754618087,3.205672123086901,all_crops,07_01
338,2018,sunflower,2.9690000000000003,1.8843,,,all_crops,07_01
338,2020,sunflower,3.4130000000000003,2.5102,2.5206086081240198,2.3171756030415103,all_crops,07_01
338,2021,wheat_spring,2.9725,2.2576,2.6028254317085793,2.54416056170901,all_crops,07_01
338,2022,sunflower,2.849375,2.7058,2.9075969201322054,3.315469262083772,all_crops,07_01
338,2023,wheat_spring,1.30125,2.896,2.9564394243423355,3.0152305060123825,all_crops,07_01
338,2024,barley_spring,5.055,2.9684,2.9465139790246453,2.9883120260942384,all_crops,07_01
338,2025,sunflower,3.5034375,2.9894,2.962279126546879,3.049075957778024,all_crops,07_01
339,2018,sunflower,1.5833333333333333,1.7043,,,all_crops,07_01
339,2020,sunflower,2.175,1.9404,2.547276665253966,2.2878870969513425,all_crops,07_01
339,2021,wheat_spring,4.1225,2.9798,2.560747555097939,2.4713779136020624,all_crops,07_01
339,2022,sunflower,3.1950000000000003,1.9122,2.8056361627610733,3.2331433943095096,all_crops,07_01
339,2023,wheat_spring,1.4583333333333333,2.4658,2.7044212808474293,2.677958929764712,all_crops,07_01
339,2024,wheat_spring,3.623333333333333,1.6454999999999997,2.9264109710996955,2.9444697651031384,all_crops,07_01
339,2025,wheat_spring,5.5616666666666665,3.7984,3.5806906351214183,3.492752353129913,all_crops,07_01
340,2018,buckwheat,2.3114754098360657,,,,all_crops,07_01
340,2020,rye_winter,4.491803278688525,3.3869,2.7508347754386104,2.707867201993815,all_crops,07_01
340,2021,barley_spring,1.3229508196721311,2.5358,2.144247735368362,2.0800147393532047,all_crops,07_01
340,2022,sunflower,3.700081967213115,2.6686,2.4721855164784774,2.7484619323217885,all_crops,07_01
340,2023,wheat_spring,3.4262295081967213,2.5234,2.75173202440868,2.5584967725545864,all_crops,07_01
340,2024,sunflower,2.295081967213114,2.5004,3.010751639893991,3.0355823282875605,all_crops,07_01
340,2025,barley_spring,5.233934426229508,3.7521,3.3350490868028437,3.2910119287177597,all_crops,07_01
341,2018,buckwheat,2.7,,,,all_crops,07_01
341,2021,barley_spring,3.3516666666666666,3.028,2.6902857039206043,2.673851185414992,all_crops,07_01
341,2022,sunflower,2.8089583333333334,2.9271000000000003,2.6542259682730998,2.9119728878242936,all_crops,07_01
341,2023,wheat_spring,1.7916666666666667,2.9345,2.6435460512534505,2.5091605651993723,all_crops,07_01
341,2024,sunflower,1.5833333333333333,2.6928,3.721188747823909,4.174107582700842,all_crops,07_01
341,2025,barley_spring,5.078333333333333,4.0393,3.6541079574239217,3.6831510737381175,all_crops,07_01
342,2018,buckwheat,2.477272727272727,,,,all_crops,07_01
342,2021,wheat_winter,1.9413636363636364,3.7936,2.418000460265327,2.406063462987328,all_crops,07_01
342,2022,sunflower,3.7125,2.783,2.6780041786907343,3.1072766421955884,all_crops,07_01
342,2023,wheat_spring,2.340909090909091,3.0209,2.9635886555168645,3.083932471044473,all_crops,07_01
342,2024,sunflower,2.0454545454545454,2.6686,2.96004403758225,2.8969597633500266,all_crops,07_01
342,2025,barley_spring,4.873181818181818,4.4454,4.194600335483377,4.34976292446056,all_crops,07_01
343,2018,wheat_spring,2.6122448979591835,2.4850000000000003,,,all_crops,07_01
343,2020,sunflower,2.913,2.5792,2.3225430631166613,2.3164217676021566,all_crops,07_01
343,2021,barley_spring,4.0285714285714285,3.322,2.4015883514368537,2.3396666983593835,all_crops,07_01
343,2022,wheat_winter,3.422857142857143,2.9443,2.474650828596544,2.5175910448432917,all_crops,07_01
343,2023,sunflower,2.317142857142857,2.1953,2.237024683211156,2.063161491296128,all_crops,07_01
344,2020,barley_spring,1.379,1.7917,2.2492698392273565,2.256132862431222,all_crops,07_01
344,2021,sunflower,1.5743283582089551,2.1807,2.1607369161307,2.150487709195903,all_crops,07_01
344,2023,pea,1.448955223880597,1.9789,2.6004037122166768,2.5730433029171182,all_crops,07_01
344,2025,sunflower,3.773283582089552,2.6604,2.993464353781117,2.936678790636591,all_crops,07_01
345,2019,sunflower,2.247,2.0143,2.4008749478500815,2.387140116404247,all_crops,07_01
345,2021,sunflower,2.9759999999999995,2.2895,2.403362183792009,2.327748357871766,all_crops,07_01
345,2022,wheat_spring,4.998666666666667,3.1092,3.1218248031990448,3.2202782071853115,all_crops,07_01
345,2023,sunflower,1.6133333333333333,1.8969999999999998,3.0592394234646236,3.2412823825599224,all_crops,07_01
345,2024,wheat_spring,3.306666666666667,4.2535,3.991723714113933,4.52643563821744,all_crops,07_01
346,2021,sunflower,1.9183783783783783,1.9228,2.197419361635802,2.172812168147091,all_crops,07_01
346,2022,wheat_spring,4.4437837837837835,3.8421,3.0726095294487807,3.0769404724661533,all_crops,07_01
346,2023,pea,3.323783783783784,2.2460999999999998,2.790958943904171,2.783311192845873,all_crops,07_01
346,2024,wheat_winter,7.144324324324324,5.6759,4.201239369911728,4.2790421302428445,all_crops,07_01
347,2019,wheat_winter,3.2119999999999997,4.0594,2.8618267380165783,2.816869728111941,all_crops,07_01
347,2022,wheat_spring,3.2732,,2.5623960395662047,2.6273633898871505,all_crops,07_01
347,2023,wheat_winter,1.536,2.3535,2.2261939111994358,2.1329028976205877,all_crops,07_01
347,2024,sunflower,3.1308,2.4537,2.836721465756044,2.8434464206110803,all_crops,07_01
347,2025,wheat_spring,4.647200000000001,3.8152,3.520854830105116,3.4542411857978728,all_crops,07_01
349,2019,sunflower,1.828,1.9361000000000002,2.3820329895544075,2.3715460137544127,all_crops,07_01
349,2021,sunflower,3.348414634146341,2.3996,2.3612911482468464,2.2719634032325833,all_crops,07_01
349,2022,wheat_spring,3.5331707317073175,3.6122,2.88727453477543,3.0518421646381233,all_crops,07_01
349,2023,barley_spring,3.0681707317073172,2.2146999999999997,2.9598366889400975,2.98163452595406,all_crops,07_01
349,2024,sunflower,3.0159756097560977,2.8105,2.966692430073637,3.0151816485855045,all_crops,07_01
350,2019,oil_seed_raps_spring,1.486,1.0565,2.704752018277791,2.658000356643596,all_crops,07_01
350,2020,barley_spring,2.778,2.4443,2.5328257831791974,2.4012014520873946,all_crops,07_01
350,2021,sunflower,2.6869291338582677,2.8007,2.3224376158557507,2.3127508397784915,all_crops,07_01
350,2022,wheat_spring,3.551338582677165,2.8885,3.1138160065712115,3.424300868828378,all_crops,07_01
350,2023,sunflower,2.5440944881889767,2.1065,2.8019403492361974,2.7858815203037772,all_crops,07_01
350,2024,wheat_spring,4.731968503937008,4.6448,3.8382940709860502,4.525065042864032,all_crops,07_01
350,2025,pea,3.9763779527559056,3.1642,3.2405377109725784,3.2544675708457076,all_crops,07_01
351,2021,wheat_spring,4.5,3.0916,2.503717081211905,2.4678574394924953,all_crops,07_01
352,2019,sunflower,2.31,1.7068,2.5278412743457306,2.468620688486509,all_crops,07_01
352,2020,wheat_spring,1.419,1.5573000000000001,2.3840137276799678,2.347652029029995,all_crops,07_01
352,2021,sunflower,1.377196261682243,2.6563,2.328308177250576,2.316808360816093,all_crops,07_01
352,2022,wheat_spring,4.080747663551402,3.1329000000000002,3.0476231443760238,3.2020476278203343,all_crops,07_01
352,2023,pea,2.1001869158878503,1.6164999999999998,2.8763203706065914,2.9321676652793913,all_crops,07_01
352,2024,wheat_winter,6.125981308411215,3.9843,3.935972926093892,3.8636949866834107,all_crops,07_01
352,2025,sunflower,3.5908411214953273,2.5768,3.107731223101009,3.083293891063694,all_crops,07_01
353,2019,sunflower,1.452,1.4547,2.587105937965104,2.650073774644677,all_crops,07_01
353,2021,sunflower,2.0749999999999997,2.0385,2.2027896334930106,2.181332051806607,all_crops,07_01
353,2022,wheat_spring,3.905208333333333,3.1005,2.802004002500377,2.884583865773222,all_crops,07_01
354,2019,sunflower,2.213,2.1403,2.459655640674186,2.4586108538917095,all_crops,07_01
354,2021,sunflower,2.214430379746835,2.1566,2.2534860787722866,2.210417759787678,all_crops,07_01
354,2022,wheat_spring,3.8073417721518985,3.4005,2.739648481814011,2.7644314607986082,all_crops,07_01
354,2023,barley_spring,2.659493670886076,1.7769,2.4044926881488387,2.2378898429653193,all_crops,07_01
355,2019,sunflower,2.1870000000000003,2.0968,2.5717104284318113,2.5167628349515025,all_crops,07_01
355,2021,sunflower,3.3528571428571428,2.0711,2.29804410679923,2.266063146909804,all_crops,07_01
355,2022,wheat_spring,4.668571428571428,3.2415999999999996,2.8822699047416473,3.1062231116717918,all_crops,07_01
355,2023,barley_spring,3.162142857142858,2.2178999999999998,2.7235931110875,2.8048306593087933,all_crops,07_01
356,2020,barley_spring,2.084,2.1387,2.295180266384162,2.3022649588725588,all_crops,07_01
356,2021,sunflower,2.6103448275862067,1.985,2.2004616809730257,2.205567918695806,all_crops,07_01
356,2022,wheat_spring,3.2897701149425287,3.5805999999999996,2.870237948481945,3.1774957026511936,all_crops,07_01
356,2023,sunflower,2.1677011494252874,1.7352,2.704584153784264,2.7150168690017136,all_crops,07_01
356,2024,wheat_spring,3.905747126436782,4.189,3.8456518205617316,4.133973201630923,all_crops,07_01
356,2025,sunflower,3.081954022988506,2.6418,3.0642559931171283,3.0038846770143723,all_crops,07_01
357,2019,sunflower,2.285,2.0507999999999997,2.464310046604649,2.4291242685624175,all_crops,07_01
357,2021,sunflower,3.1505555555555556,2.336,2.4139594471420174,2.3649743119064253,all_crops,07_01
358,2019,sunflower,2.301,1.5337999999999998,2.576088236106684,2.5829577982919645,all_crops,07_01
358,2021,sunflower,3.2076144578313257,2.4164000000000003,2.257712587912955,2.25985857889802,all_crops,07_01
358,2022,wheat_spring,3.628433734939759,3.9238999999999997,2.764935323842241,2.917241759802651,all_crops,07_01
358,2023,barley_spring,2.936867469879518,2.084,2.5269376412471454,2.5893374811923904,all_crops,07_01
358,2024,sunflower,3.3918072289156624,2.6963,2.964599489915702,2.9975468102987795,all_crops,07_01
358,2025,wheat_spring,4.909156626506024,4.7485,3.910770218418018,3.768561200542939,all_crops,07_01
359,2019,sunflower,2.997,1.4251,2.5685276728476096,2.4573197798590747,all_crops,07_01
359,2020,wheat_spring,1.552,2.1228000000000002,2.3891390298292725,2.36005543298492,all_crops,07_01
359,2021,sunflower,2.9375,2.1512000000000002,2.401696552333876,2.335478454122311,all_crops,07_01
359,2022,wheat_spring,3.3601315789473687,4.4251,2.854993697522011,3.1041462231085077,all_crops,07_01
359,2023,barley_spring,3.0155263157894736,1.658,2.9000749550512688,2.9684511130458633,all_crops,07_01
359,2024,wheat_winter,4.423552631578947,4.3869,3.716728555918654,4.0718602211670465,all_crops,07_01
359,2025,sunflower,3.789473684210526,2.4544,3.132499363171041,3.0639997934864693,all_crops,07_01
360,2019,sunflower,2.414,1.9693999999999998,2.366860506611867,2.3740986638846695,all_crops,07_01
360,2021,sunflower,2.314375,2.2260999999999997,2.417073119405583,2.349357696014273,all_crops,07_01
360,2022,wheat_spring,2.936875,3.4680999999999997,3.083438553198004,3.2580878139003184,all_crops,07_01
360,2023,sunflower,2.17,2.2003,2.940711308380276,2.983247134083582,all_crops,07_01
361,2019,oil_seed_raps_winter,1.6469999999999998,1.6293,1.993881935392674,2.0466305462915613,all_crops,07_01
361,2020,barley_spring,2.3600000000000003,2.3425000000000002,2.529546454965838,2.4084716679911575,all_crops,07_01
361,2021,sunflower,3.424285714285714,2.9539999999999997,2.364865957760603,2.3299409946514733,all_crops,07_01
361,2022,wheat_spring,4.149523809523809,3.2476999999999996,2.9653719796458557,3.135286117276604,all_crops,07_01
361,2023,sunflower,2.1923809523809523,1.8195000000000001,2.987512239953075,3.4831880090955454,all_crops,07_01
361,2024,wheat_spring,4.476666666666667,4.6591000000000005,3.8689047130045333,4.605300676895311,all_crops,07_01
362,2019,oil_seed_raps_winter,1.103,1.7782,1.860667379732711,1.9402969118621414,all_crops,07_01
362,2020,barley_spring,2.335,2.436,2.511490131882832,2.409301151910041,all_crops,07_01
363,2019,oil_seed_raps_winter,1.342,1.4665,1.8955281305074134,1.9154724880426874,all_crops,07_01
363,2020,barley_spring,2.088,2.7862,2.4725367174790858,2.3788578518436556,all_crops,07_01
363,2021,sunflower,2.518181818181818,2.2992,2.2865721252359807,2.2581792756528336,all_crops,07_01
363,2022,wheat_spring,4.46025974025974,2.8952,3.1109678018322042,3.2569347467409897,all_crops,07_01
363,2023,sunflower,2.303896103896104,2.1214,2.751601887736539,2.744871257830998,all_crops,07_01
363,2024,wheat_spring,3.9771428571428578,3.7110999999999996,3.821056374364214,4.131025735016222,all_crops,07_01
363,2025,sunflower,3.0779220779220777,2.7735,3.1421608202213376,3.06229533641697,all_crops,07_01
364,2019,sunflower,2.1670000000000003,1.8918,2.3582987960802884,2.364861329707928,all_crops,07_01
364,2020,wheat_spring,1.216,1.8535,2.3324343854962333,2.2985604794676946,all_crops,07_01
364,2021,sunflower,2.8564166666666666,1.937,2.344271865920367,2.254590371381425,all_crops,07_01
364,2022,wheat_spring,4.104166666666667,2.9541,2.8728153169355855,2.9553642052825473,all_crops,07_01
364,2023,barley_spring,3.08,2.2054,2.8319428880390647,2.7260634659660687,all_crops,07_01
364,2024,sunflower,3.2274999999999996,2.2731000000000003,2.9463480931097425,2.998654257976618,all_crops,07_01
364,2025,wheat_spring,5.088333333333334,4.084300000000001,3.8876509078943013,3.6505331004188757,all_crops,07_01
365,2019,sunflower,2.897,2.6068000000000002,2.428640350328395,2.360021136313814,all_crops,07_01
365,2020,wheat_spring,1.299,1.5662,2.335978466175667,2.3411345420825853,all_crops,07_01
365,2021,sunflower,3.129,2.3059000000000003,2.3488406470963654,2.3523159669765663,all_crops,07_01
365,2022,wheat_spring,3.8606666666666665,3.2060000000000004,2.955618749087576,3.1764276925822754,all_crops,07_01
365,2023,soya,1.1823333333333332,1.7503,2.8266455234439203,2.7675252109621318,all_crops,07_01
365,2024,sunflower,3.216666666666667,2.8152999999999997,3.3603202583869134,3.7972143130580047,all_crops,07_01
365,2025,wheat_spring,4.023333333333333,3.7074,3.7512289478071996,3.613771713530703,all_crops,07_01
366,2021,wheat_winter,3.398571428571429,4.0013,3.100621238943834,3.7414581561923144,all_crops,07_01
367,2019,sunflower,1.239,1.7884,2.4009117527887867,2.412565848375916,all_crops,07_01
367,2022,wheat_spring,3.3458823529411768,,2.6276732862281054,2.6333788460841143,all_crops,07_01
367,2023,sunflower,2.53,1.9616,2.19824492915383,2.072086203117948,all_crops,07_01
367,2024,wheat_spring,3.835882352941176,4.6094,3.951359470135716,4.2890188588582925,all_crops,07_01
367,2025,barley_spring,5.483529411764706,3.229,3.676140490670904,3.618122572958033,all_crops,07_01
368,2019,sunflower,2.564,1.7335999999999998,2.6163409236995343,2.626357438940852,all_crops,07_01
368,2021,wheat_winter,3.547958115183246,3.3354,2.5995965962268044,2.745630961821802,all_crops,07_01
368,2022,sunflower,2.8125654450261783,2.2609000000000004,2.539170466459762,2.817268487801513,all_crops,07_01
368,2023,wheat_spring,2.45130890052356,1.5825,2.6676828072662824,2.593977743420879,all_crops,07_01
368,2024,barley_spring,3.892774869109948,3.7603999999999997,3.215522256379325,3.602739152676074,all_crops,07_01
368,2025,sunflower,2.889947643979058,2.367,2.9749308994343617,2.9991643675082313,all_crops,07_01
369,2019,sunflower,1.48,1.9311,2.456693940364458,2.478360771007053,all_crops,07_01
369,2022,sunflower,2.6254794520547944,2.5135,2.696398204124943,2.9427243057524106,all_crops,07_01
369,2023,wheat_spring,2.186232876712329,1.7963999999999998,2.6442185841200723,2.5511716815841687,all_crops,07_01
369,2024,pea,3.729486301369863,3.1681,3.165059708932431,3.208695210900415,all_crops,07_01
369,2025,sunflower,3.041780821917808,2.7304,3.098540122699593,3.0767421739688903,all_crops,07_01
370,2019,sunflower,1.48,1.9883,2.5687449151674295,2.6138462320903297,all_crops,07_01
370,2021,wheat_winter,2.0215384615384617,4.0399,3.167154362314413,3.678899898903275,all_crops,07_01
370,2022,sunflower,3.955384615384616,2.3081,2.6319205900841247,3.001920685590524,all_crops,07_01
370,2023,wheat_spring,1.709230769230769,2.6358,2.787374806812871,2.6817597204622747,all_crops,07_01
370,2024,pea,4.274615384615385,3.2003,3.612927091901331,4.028667917174489,all_crops,07_01
370,2025,wheat_winter,3.573846153846154,3.7578000000000005,3.5065461776613054,3.3912233491459367,all_crops,07_01
371,2019,sunflower,1.923,1.9861999999999997,2.520600261654272,2.537969137567845,all_crops,07_01
371,2021,wheat_winter,2.0984615384615384,3.6546,3.1498067644163474,3.552439816639663,all_crops,07_01
371,2022,wheat_spring,3.946153846153846,,2.7003921308794676,2.9208295020783925,all_crops,07_01
371,2023,sunflower,3.2169230769230768,2.0687,2.728062672744604,2.6546289973937833,all_crops,07_01
371,2024,wheat_spring,5.176923076923076,4.889200000000001,3.755106184731218,4.0382194757516965,all_crops,07_01
371,2025,barley_spring,5.615384615384615,5.6213999999999995,3.9610160810119983,3.8752464771901693,all_crops,07_01
372,2019,sunflower,1.476,1.7832999999999999,2.5721377593530095,2.5867469955639946,all_crops,07_01
372,2021,wheat_winter,1.8289320388349517,2.4677,2.5114973007543884,2.40406783220517,all_crops,07_01
372,2022,wheat_spring,3.881941747572815,3.1067,2.6643304000385797,2.699397615643175,all_crops,07_01
372,2023,barley_spring,1.623883495145631,1.8377,2.141554379352504,1.9983781946579302,all_crops,07_01
372,2024,sunflower,2.2763106796116506,1.7530000000000001,2.126068624340824,2.134477872831658,all_crops,07_01
372,2025,barley_spring,4.055922330097087,2.8716999999999997,3.246133696310602,3.2783215047523417,all_crops,07_01
373,2021,wheat_winter,3.1011555555555557,3.3177,2.5794005610556323,2.5317866049369493,all_crops,07_01
373,2022,wheat_spring,2.4004444444444446,,2.463751197911482,2.5578016718426033,all_crops,07_01
373,2023,sunflower,2.358311111111111,2.036,2.2126793705152448,2.2125267477267134,all_crops,07_01
373,2024,wheat_spring,4.0137777777777774,3.6927,3.5100459383853875,3.745844069183852,all_crops,07_01
373,2025,sunflower,3.1368888888888886,2.4531,3.065315723435941,3.049143222767199,all_crops,07_01
374,2019,sunflower,1.236,2.0247,2.5530621602790555,2.5273272814272016,all_crops,07_01
374,2021,wheat_winter,5.244313725490196,3.5782,3.797893657333369,5.306175568654945,all_crops,07_01
374,2022,wheat_spring,3.959607843137255,,2.7678384746972116,2.991122380010345,all_crops,07_01
374,2023,sunflower,2.3623529411764705,1.9099,2.365862679154523,2.1977738459858966,all_crops,07_01
374,2024,wheat_spring,4.47921568627451,4.206,3.7611972753178824,4.192805442459244,all_crops,07_01
374,2025,barley_spring,5.3494117647058825,4.1215,3.775451559263424,3.7007562139600663,all_crops,07_01
375,2019,sunflower,1.154,2.0704000000000002,2.5894237653837617,2.5957197454306598,all_crops,07_01
375,2021,wheat_winter,2.206153846153846,3.7272,3.0405564403419434,3.530883417848999,all_crops,07_01
375,2022,wheat_spring,4.341538461538462,,2.854345456836452,3.0684663131177206,all_crops,07_01
375,2023,sunflower,4.08,1.9577000000000002,2.630597599791685,2.5163888098413327,all_crops,07_01
375,2024,wheat_spring,4.658461538461538,4.4691,3.8139165440665153,4.278603399055942,all_crops,07_01
375,2025,barley_spring,5.226153846153846,5.2737,3.8740691723585767,3.9094080122273285,all_crops,07_01
376,2019,sunflower,2.48,2.2731000000000003,2.592270234026237,2.6063469192010773,all_crops,07_01
376,2021,wheat_winter,3.2995604395604397,3.5896999999999997,2.6077145444867305,2.7103440558806193,all_crops,07_01
377,2021,wheat_winter,3.4017021276595742,4.1545000000000005,2.9895478797843866,3.4697774498749117,all_crops,07_01
377,2022,wheat_spring,2.699148936170213,,2.38599085967339,2.3526962122550015,all_crops,07_01
377,2023,sunflower,2.317021276595745,1.8908999999999998,2.4507522601130307,2.5002072970868747,all_crops,07_01
377,2024,wheat_spring,3.7161702127659577,4.2158999999999995,3.8985476662750234,4.256617487915349,all_crops,07_01
377,2025,sunflower,3.0659574468085107,2.0869,3.0017481693461634,3.023083836045294,all_crops,07_01
378,2021,wheat_spring,3.5507692307692307,3.946,2.947829568432915,3.0118507806121193,all_crops,07_01
378,2022,wheat_spring,4.207179487179488,3.1805,2.9802628490223344,3.0988274618174114,all_crops,07_01
378,2023,barley_spring,1.921025641025641,2.2199999999999998,2.563369604301976,2.42836700733632,all_crops,07_01
378,2024,sunflower,2.6641025641025644,1.9769999999999999,2.6294046261524686,2.6566256432357602,all_crops,07_01
378,2025,barley_spring,5.536410256410256,4.0593,3.792754361261162,3.7172608151456448,all_crops,07_01
379,2021,wheat_winter,2.229108910891089,2.9137,2.661435354489619,2.793860757079064,all_crops,07_01
379,2022,wheat_spring,2.1502970297029704,,2.3368811761868,2.366781731168018,all_crops,07_01
379,2023,sunflower,2.7899009900990097,2.1587,2.3535973082022896,2.3620771832065435,all_crops,07_01
379,2024,wheat_spring,4.011386138613861,3.772,3.5914385316980106,4.174558963260514,all_crops,07_01
379,2025,barley_spring,4.5594059405940595,3.0703,3.6892474571428444,3.5582792334405555,all_crops,07_01
380,2019,sunflower,1.0,2.5905,2.570748843029499,2.5209890478319608,all_crops,07_01
380,2021,wheat_winter,1.9683333333333335,4.3027,3.5090214439475043,5.206420521617657,all_crops,07_01
381,2020,sunflower,1.323,2.1247,2.230307368504012,2.2704262005530045,all_crops,07_01
381,2021,wheat_spring,2.6253333333333333,3.4625,2.4744016503002517,2.464641682492005,all_crops,07_01
381,2022,barley_spring,3.201333333333334,3.2449,2.7096762478161667,2.9653759083881712,all_crops,07_01
381,2023,wheat_winter,2.849,3.0126999999999997,2.421896245146896,2.2742176190684464,all_crops,07_01
381,2024,oil_seed_raps_spring,1.967,2.2946999999999997,2.684676104479714,2.5862057868989,all_crops,07_01
381,2025,wheat_spring,4.475666666666667,3.6499,3.86711344344615,3.765810707621454,all_crops,07_01
382,2017,sunflower,1.379,2.3875,,,all_crops,07_01
382,2019,wheat_winter,3.993,4.5546,3.0139124802583197,2.91051436317649,all_crops,07_01
382,2021,wheat_spring,3.0840310077519377,3.9207,2.6884699743946503,2.711183940277614,all_crops,07_01
382,2022,barley_spring,3.852558139534884,2.5168,2.678322795629041,2.930329906349875,all_crops,07_01
382,2023,wheat_winter,1.8088372093023255,2.2022,2.4725533207749244,2.275214857331344,all_crops,07_01
382,2024,sunflower,3.635968992248062,2.1855,2.8880696024252974,2.8708388318545195,all_crops,07_01
382,2025,wheat_spring,5.214573643410852,4.131,3.856733074991417,3.6631977757152168,all_crops,07_01
383,2017,wheat_spring,1.682,3.7149,,,all_crops,07_01
383,2019,wheat_winter,3.011,3.7854,2.888079637731369,2.802731150342322,all_crops,07_01
383,2021,wheat_spring,3.3516666666666666,2.9693,2.7893470035236727,2.7578308391745945,all_crops,07_01
384,2017,barley_spring,1.6670000000000005,1.8059,,,all_crops,07_01
384,2018,wheat_winter,3.696,4.3828000000000005,,,all_crops,07_01
384,2019,wheat_winter,3.5759999999999996,3.3646000000000003,2.900718467411508,2.810441832068552,all_crops,07_01
384,2020,sunflower,1.206,2.3507000000000002,2.2361697772486706,2.2830852329402953,all_crops,07_01
384,2021,wheat_spring,2.329171974522293,3.2428,2.414432305859745,2.407787143835252,all_crops,07_01
384,2022,sunflower,3.752611464968153,2.0918,2.773118038744516,3.138387911223674,all_crops,07_01
384,2023,wheat_winter,1.365859872611465,2.9309000000000003,2.6582384379902857,2.4334939865416714,all_crops,07_01
384,2024,sunflower,3.3430573248407645,2.0616,2.9102987764886206,2.954666607414387,all_crops,07_01
386,2017,wheat_spring,1.161,2.3585000000000003,,,all_crops,07_01
386,2018,sunflower,2.634,1.9506000000000001,,,all_crops,07_01
386,2019,wheat_spring,3.332,3.3621000000000003,2.542778443610203,2.57895735725902,all_crops,07_01
386,2020,sunflower,1.527,2.0643000000000002,2.258651651689191,2.3227646675674665,all_crops,07_01
386,2021,wheat_spring,3.405688073394496,3.0003,2.539988299365113,2.4990321125281434,all_crops,07_01
386,2022,sunflower,2.417614678899082,2.2489999999999997,2.6285587057977886,2.6355804725633596,all_crops,07_01
386,2023,wheat_spring,2.941467889908257,2.2585,2.5407563010558563,2.4262192269076963,all_crops,07_01
386,2024,wheat_winter,5.172844036697248,5.0877,4.062207422134518,4.012102329249168,all_crops,07_01
386,2025,sunflower,2.9811009174311924,2.7159,3.077624745955032,3.012427766496704,all_crops,07_01
387,2017,wheat_spring,1.535,1.6916,,,all_crops,07_01
387,2019,wheat_winter,2.915,3.3951000000000002,2.862563180277408,2.8112616707832805,all_crops,07_01
387,2021,wheat_spring,2.3716999999999997,3.3234000000000004,2.671838301713646,2.5984500326969253,all_crops,07_01
387,2022,rye_winter,2.157,1.7101,3.004902558744901,3.1022744924218957,all_crops,07_01
387,2023,sunflower,3.2177999999999995,2.029,2.2637047708782836,2.077945744967119,all_crops,07_01
387,2024,wheat_spring,4.1988,3.7257,3.8102392446768976,4.137622832666386,all_crops,07_01
387,2025,barley_spring,4.1764,3.9417,3.491202956149148,3.331059541581578,all_crops,07_01
388,2017,wheat_spring,1.0710000000000002,2.7798,,,all_crops,07_01
388,2019,wheat_winter,1.92,2.3167999999999997,2.746277608694468,2.68037868451166,all_crops,07_01
388,2022,wheat_spring,3.236,,2.68970511049036,2.7677564071661696,all_crops,07_01
388,2023,wheat_winter,2.2079999999999997,2.216,2.350524608501659,2.198893106632127,all_crops,07_01
388,2024,sunflower,2.803,2.0955,2.8651552727050027,2.8658845202961967,all_crops,07_01
388,2025,wheat_spring,5.218999999999999,3.7337000000000002,3.6840229540024763,3.5367262604300587,all_crops,07_01
389,2017,wheat_spring,1.0710000000000002,4.0134,,,all_crops,07_01
389,2019,wheat_winter,1.92,2.455,2.6494377914886087,2.633149292070484,all_crops,07_01
389,2022,sunflower,3.275,2.0418,2.7211198370678176,3.0702277981870445,all_crops,07_01
389,2023,wheat_spring,3.085,2.4513000000000003,2.859265849600672,2.803613633783283,all_crops,07_01
389,2024,wheat_spring,4.4775,4.3515,3.7470554293157874,4.165158774066112,all_crops,07_01
390,2017,wheat_spring,1.222,2.2811,,,all_crops,07_01
390,2019,wheat_winter,3.268,3.0896,2.8713441614664443,2.810466886595424,all_crops,07_01
390,2020,sunflower,1.535,1.7462,2.1296079335635225,2.208398338330664,all_crops,07_01
390,2021,wheat_spring,3.203928571428571,2.8125,2.579673579314798,2.5234095745748064,all_crops,07_01
390,2022,wheat_spring,2.420714285714286,,2.3776310295180263,2.399110360486611,all_crops,07_01
390,2023,wheat_winter,2.6717857142857144,3.3547,2.4289009377973767,2.359148081190899,all_crops,07_01
390,2024,sunflower,4.0285714285714285,2.1079999999999997,2.8940149242205533,2.9633231470413985,all_crops,07_01
390,2025,wheat_spring,4.868214285714286,3.9851,4.102947043554965,4.126660121405571,all_crops,07_01
391,2017,sunflower,1.6649999999999998,2.3922999999999996,,,all_crops,07_01
391,2018,oil_seed_raps_winter,1.052,1.5691000000000002,,,all_crops,07_01
391,2019,wheat_winter,4.879,4.2385,3.0233809959340405,2.9679376462735982,all_crops,07_01
391,2020,sunflower,1.25,1.6007000000000002,2.1883519669035785,2.2871253270797878,all_crops,07_01
391,2021,wheat_spring,2.105,3.3278,2.6284706282529497,2.663861536722539,all_crops,07_01
391,2022,sunflower,2.940625,2.794,2.6379047253242693,2.8145850192958957,all_crops,07_01
391,2023,wheat_spring,1.956875,1.8074000000000001,2.480868571435471,2.3482878997035628,all_crops,07_01
391,2024,wheat_spring,4.624375,4.5217,3.7514009778885056,3.951191680198758,all_crops,07_01
391,2025,sunflower,4.1,2.853,3.0301226729343655,3.0707751009075297,all_crops,07_01
392,2017,sunflower,1.012,2.196,,,all_crops,07_01
392,2018,oil_seed_raps_winter,1.644,2.1492999999999998,,,all_crops,07_01
392,2019,wheat_winter,4.803,4.1349,3.0209099810414344,2.909364457825512,all_crops,07_01
392,2020,sunflower,1.221,2.0291,2.204060656011251,2.292516807926941,all_crops,07_01
392,2021,wheat_spring,4.514594594594595,3.8865000000000003,2.740118406976331,2.8112689439098775,all_crops,07_01
392,2022,sunflower,2.7394594594594595,2.3845,2.626732676113909,2.9272425963302116,all_crops,07_01
392,2023,wheat_spring,1.2345945945945946,1.9949999999999999,2.423319079042266,2.3564843101869535,all_crops,07_01
392,2024,wheat_spring,4.623783783783784,3.8920000000000003,3.4060636365511163,3.881467096181212,all_crops,07_01
392,2025,sunflower,3.5,2.7789,3.056435350162277,3.0783771974930394,all_crops,07_01
393,2018,sunflower,1.746,2.3189,,,all_crops,07_01
393,2019,wheat_spring,4.196,2.9074999999999998,2.7081006877874048,2.7040908152525023,all_crops,07_01
393,2020,sunflower,1.449,1.5506,2.241158284185188,2.326263116245329,all_crops,07_01
393,2021,wheat_spring,2.3286713286713288,3.0046,2.6391483608793482,2.6895099256138857,all_crops,07_01
393,2022,sunflower,2.6043356643356645,2.3441,2.6988961622544863,2.950712487681282,all_crops,07_01
393,2023,wheat_spring,2.7683916083916085,2.554,2.178113082146049,1.9787759890249412,all_crops,07_01
393,2024,sunflower,3.0976223776223777,2.2906,2.738110498503691,2.675416720825361,all_crops,07_01
393,2025,wheat_spring,4.924335664335664,4.1224,4.104272138502893,4.328179051729321,all_crops,07_01
394,2018,sunflower,1.934,1.7594,,,all_crops,07_01
394,2021,wheat_spring,3.00875,3.2466,2.5755718131655745,2.6077956957448016,all_crops,07_01
395,2019,wheat_winter,4.664,4.706300000000001,2.757760800913678,2.7641306404113157,all_crops,07_01
395,2020,sunflower,1.538,2.6166,2.128051909777887,2.175379199549277,all_crops,07_01
395,2021,wheat_spring,2.7353125,2.5719000000000003,2.5825136018839054,2.522180640869681,all_crops,07_01
395,2022,sunflower,2.9053125,2.476,2.573599270143735,2.7619065122454627,all_crops,07_01
395,2023,sunflower,2.4253125,1.8902999999999999,2.8329556572308654,2.6754266499034602,all_crops,07_01
395,2024,wheat_spring,3.98,3.4768,3.4235195157246983,3.798056502424622,all_crops,07_01
395,2025,wheat_spring,4.1759375,2.9146,3.3588573107402406,3.2900747869467155,all_crops,07_01
396,2017,sunflower,1.161,2.1296,,,all_crops,07_01
396,2019,wheat_winter,4.05,3.4858,2.8803908456377805,2.8523617381709023,all_crops,07_01
396,2021,wheat_spring,4.036969696969697,3.2404,2.669148700898524,2.7032330768985036,all_crops,07_01
396,2022,sunflower,1.276969696969697,2.0269,2.7534248397553793,3.1076325171483603,all_crops,07_01
396,2023,wheat_spring,1.9224242424242424,2.0597000000000003,2.540337870045122,2.424830533492011,all_crops,07_01
396,2024,wheat_spring,4.926060606060606,4.0654,3.5315303527199142,4.036597490719181,all_crops,07_01
396,2025,sunflower,3.272727272727273,2.6692,3.2150400158471832,3.2253997267066596,all_crops,07_01
397,2017,wheat_spring,2.253,2.1261,,,all_crops,07_01
397,2019,wheat_winter,4.378,3.3304,2.8640409738909933,2.790532852959059,all_crops,07_01
397,2021,wheat_spring,1.8685470085470088,2.5855,2.3692305670251605,2.316785296283032,all_crops,07_01
397,2022,sunflower,2.837948717948718,2.6829,2.5202864346788227,2.6000757801742376,all_crops,07_01
397,2023,wheat_spring,2.456410256410256,2.4809,2.36928027206267,2.289367953605036,all_crops,07_01
397,2024,barley_spring,4.894700854700854,4.7712,3.8359323399639313,4.2588002940105225,all_crops,07_01
397,2025,wheat_winter,2.2528205128205125,2.3763,2.99323935019067,3.107025489257547,all_crops,07_01
398,2020,sunflower,1.1,2.0751,2.1618689854717923,2.256606412417106,all_crops,07_01
400,2020,barley_spring,2.22,2.4534,2.2109122633121454,2.2470144332028847,all_crops,07_01
400,2021,wheat_spring,3.56,3.0575,2.479373432778601,2.4306101595460263,all_crops,07_01
401,2020,sunflower,1.333,1.7359000000000002,2.1451877747324404,2.2695836230858877,all_crops,07_01
401,2021,wheat_spring,4.2733333333333325,2.9671,2.504284382720045,2.4231362032288137,all_crops,07_01
402,2017,wheat_spring,2.0940000000000003,2.7877,,,all_crops,07_01
402,2019,wheat_winter,2.301,3.5305999999999997,2.7956423091780547,2.713744607101411,all_crops,07_01
402,2020,sunflower,1.804,1.9547999999999999,2.1757431170642247,2.2494396378421198,all_crops,07_01
402,2022,wheat_spring,2.7777777777777777,,2.5562088341421925,2.5444845630567468,all_crops,07_01
402,2023,wheat_winter,1.665,2.5265,2.300459040630257,2.1666864175073046,all_crops,07_01
402,2024,sunflower,3.758888888888889,1.9547,2.5513929229314907,2.55271702330173,all_crops,07_01
402,2025,wheat_spring,5.3805555555555555,4.072699999999999,3.836529076710881,3.7103767364317637,all_crops,07_01
403,2018,oil_seed_raps_winter,2.232,1.6073,,,all_crops,07_01
403,2019,wheat_winter,4.098,4.5172,2.996439408446638,2.8897972182883347,all_crops,07_01
403,2020,sunflower,1.7920000000000005,2.1242,2.1398015836112965,2.206437596914799,all_crops,07_01
403,2021,wheat_spring,3.42235294117647,2.8758,2.4568944860373545,2.397362758549381,all_crops,07_01
403,2022,pea,4.005176470588236,2.1469,2.5858931542434407,2.6717632971812697,all_crops,07_01
403,2023,wheat_winter,2.0727058823529414,2.2190000000000003,2.3782443678134277,2.2815979953620342,all_crops,07_01
403,2024,sunflower,3.8331764705882354,2.5735,2.922185230774712,2.877256641465344,all_crops,07_01
403,2025,wheat_spring,5.734117647058823,3.2380000000000004,3.667448956755299,3.4593571237542737,all_crops,07_01
405,2017,maize,5.432,6.0497,,,all_crops,07_01
405,2018,sunflower,2.286,1.7449000000000001,,,all_crops,07_01
405,2019,wheat_spring,3.676,2.549,2.5513034126185103,2.590525099127506,all_crops,07_01
405,2020,sunflower,2.255,1.5474,2.284570606621044,2.3024405848591942,all_crops,07_01
405,2021,wheat_spring,3.4904093567251464,3.0448,2.5317656524450127,2.544865783414542,all_crops,07_01
405,2022,wheat_spring,2.3405847953216377,,2.5688707801161446,2.7121660029763346,all_crops,07_01
405,2023,wheat_winter,2.1315789473684212,3.0728,2.732468057832674,2.6799896886549055,all_crops,07_01
405,2024,soya,2.2403508771929825,2.2763999999999998,2.550715988554827,2.4668742879368892,all_crops,07_01
405,2025,soya,1.9138596491228068,1.988,2.4567927622611254,2.3442730686831155,all_crops,07_01
406,2017,wheat_spring,1.644,2.1902,,,all_crops,07_01
406,2018,sunflower,1.255,1.8395,,,all_crops,07_01
406,2019,wheat_spring,3.038,2.8697,2.6407923869581964,2.6640633710831656,all_crops,07_01
406,2021,wheat_spring,2.812173913043478,2.5004999999999997,2.7356122552180975,2.754210556189598,all_crops,07_01
406,2022,rye_winter,1.8965217391304348,1.5683,3.026593794065197,3.0348306021177716,all_crops,07_01
406,2023,sunflower,2.5669565217391304,2.0936,2.3027493921055537,2.0474369996362562,all_crops,07_01
406,2024,wheat_spring,3.263478260869565,3.6704999999999997,3.5233204276565067,3.9684028735637566,all_crops,07_01
406,2025,barley_spring,3.891304347826087,3.3655999999999997,3.3967196349540068,3.237063596020859,all_crops,07_01
407,2017,wheat_spring,1.261,4.2031,,,all_crops,07_01
407,2019,wheat_spring,1.418,4.0177,2.4351011282919792,2.4981814605459154,all_crops,07_01
407,2022,wheat_spring,2.7733333333333334,,2.697100618971464,2.834631647082791,all_crops,07_01
407,2023,wheat_winter,2.304444444444444,2.4889,2.581715584327343,2.416899467916937,all_crops,07_01
407,2024,sunflower,2.7555555555555555,2.3344,3.203922882344379,3.862720838545867,all_crops,07_01
408,2019,wheat_winter,5.078,3.9767,2.9843280968805432,2.887253587687682,all_crops,07_01
408,2021,wheat_spring,3.4680701754385965,2.7834,2.5658686805697037,2.587937560218335,all_crops,07_01
408,2022,sunflower,2.6842105263157894,2.1124,2.7425296668222714,3.051838329077943,all_crops,07_01
408,2023,wheat_spring,1.656140350877193,1.551,2.387856835322147,2.3037596593322687,all_crops,07_01
408,2024,wheat_spring,4.508070175438596,2.4021999999999997,3.425641242398372,3.9228735317419154,all_crops,07_01
408,2025,sunflower,3.5336842105263155,2.8543,3.055989783802047,3.0771091355692937,all_crops,07_01
409,2017,barley_spring,1.159,2.818,,,all_crops,07_01
409,2018,wheat_winter,3.239,4.2253,,,all_crops,07_01
409,2021,wheat_spring,2.427906976744186,2.6424,2.5019100465582373,2.4151478950788654,all_crops,07_01
409,2022,sunflower,2.6706976744186046,2.2296,2.678211381315674,2.875730218266356,all_crops,07_01
409,2023,wheat_spring,2.5293023255813956,1.8623999999999998,2.3887070738727307,2.2545499544022127,all_crops,07_01
409,2024,wheat_spring,4.935348837209302,3.6374000000000004,3.718266676191597,4.228880030950818,all_crops,07_01
409,2025,sunflower,2.956279069767442,2.6191,2.9748387465716983,2.9779874800043236,all_crops,07_01
410,2021,wheat_spring,3.5784,3.098,2.468068120182161,2.3928819170825353,all_crops,07_01
410,2022,sunflower,2.7344,1.8817,2.55693058019007,2.7494596208154256,all_crops,07_01
410,2023,wheat_spring,2.0831999999999997,2.0454,2.565010058923697,2.578206476634442,all_crops,07_01
410,2024,wheat_spring,5.5360000000000005,3.9970999999999997,3.47244461330407,4.077289536948559,all_crops,07_01
410,2025,sunflower,3.5672,2.1218,2.7624055956019524,2.730667954536818,all_crops,07_01
411,2019,wheat_spring,2.755,2.5151,2.566899702485788,2.5901168416726663,all_crops,07_01
411,2020,sunflower,1.049,1.8994,2.232026121731648,2.2796955367170977,all_crops,07_01
411,2021,wheat_spring,3.3311428571428574,2.5873999999999997,2.3905206244548434,2.403131624370609,all_crops,07_01
411,2022,sunflower,2.2978571428571426,2.5156,2.482525284349803,2.6343667385727736,all_crops,07_01
411,2023,wheat_spring,2.7565714285714287,2.1238,2.457444614427215,2.3526170226266823,all_crops,07_01
411,2024,wheat_spring,2.626714285714286,3.6499,3.765132828256988,4.373334971859391,all_crops,07_01
411,2025,sunflower,2.8207142857142857,2.0877,2.979491729119888,3.0344333672073938,all_crops,07_01
412,2017,wheat_spring,1.7079999999999995,2.4177,,,all_crops,07_01
412,2019,wheat_winter,4.205,3.1210999999999998,2.903316966929685,2.7979472143079325,all_crops,07_01
412,2020,sunflower,2.364,1.8537,2.1889486715823,2.2535902750821943,all_crops,07_01
412,2021,wheat_spring,3.440727272727273,3.1292,2.677323872266418,2.716474038078716,all_crops,07_01
412,2022,wheat_spring,2.478909090909091,,2.5578153075007033,2.681860525835431,all_crops,07_01
412,2023,wheat_winter,3.3007272727272725,2.8512,2.4754170961193394,2.2854110538593013,all_crops,07_01
412,2024,sunflower,4.356727272727273,2.4562999999999997,2.9292099854935034,2.928650623425444,all_crops,07_01
412,2025,wheat_spring,4.6632727272727275,3.8967,3.7048155758305596,3.6003625003212,all_crops,07_01
414,2017,sunflower,1.836,2.1871,,,all_crops,07_01
414,2018,oil_seed_raps_winter,1.335,1.7756,,,all_crops,07_01
414,2019,wheat_winter,4.241,4.2369,2.981111102802452,2.914913872498971,all_crops,07_01
414,2020,sunflower,1.526,2.0054,2.2434214414977864,2.28462936785434,all_crops,07_01
414,2021,wheat_spring,3.536689655172414,2.7015000000000002,2.3808436147021923,2.473772776161034,all_crops,07_01
414,2022,sunflower,3.1470344827586207,2.2801,2.671269271944494,2.855138457385057,all_crops,07_01
414,2023,wheat_spring,2.6637241379310344,1.9727000000000001,2.486446432041518,2.3996275744500237,all_crops,07_01
414,2024,barley_spring,5.663586206896552,4.0724,3.465935572488685,4.02974473059135,all_crops,07_01
414,2025,pea,4.15848275862069,3.0848,3.4003070050890454,3.3972335920035976,all_crops,07_01
415,2017,wheat_spring,1.011,1.5343,,,all_crops,07_01
415,2019,wheat_winter,3.106,3.3231,2.8628141524808814,2.7829985613431547,all_crops,07_01
415,2021,wheat_spring,2.8478125,2.3477,2.4736317372655785,2.3693627463766442,all_crops,07_01
415,2022,wheat_spring,2.0121875,,2.377516376052676,2.3594914299389247,all_crops,07_01
415,2023,sunflower,3.02875,2.0213,2.2329749047401086,2.2413380898294424,all_crops,07_01
415,2024,wheat_spring,4.59875,3.3491999999999997,3.5019186616491123,3.7303277456258632,all_crops,07_01
415,2025,barley_spring,4.1290625,3.5915999999999997,3.3880080067114777,3.311732883305545,all_crops,07_01
416,2017,wheat_spring,1.41,1.7477,,,all_crops,07_01
416,2018,sunflower,1.904,2.2229,,,all_crops,07_01
416,2020,sunflower,1.49,2.0484,2.2856621164855704,2.29188840489166,all_crops,07_01
416,2021,wheat_spring,2.81635687732342,2.6723,2.4894343319295946,2.471907573005053,all_crops,07_01
416,2022,sunflower,2.5617843866171004,2.3737,2.638541911788969,2.7739323653865524,all_crops,07_01
416,2023,wheat_spring,2.685204460966543,2.0873,2.27296641850052,2.195051278380478,all_crops,07_01
416,2024,sunflower,3.1127881040892196,2.1368,2.31826459000391,2.252837316309608,all_crops,07_01
416,2025,wheat_spring,5.082081784386617,4.7181,4.077885629872386,4.290095901648875,all_crops,07_01
418,2019,wheat_winter,2.71,2.6633,2.8801429389065336,2.8078460601870168,all_crops,07_01
418,2020,sunflower,1.934,2.2105,2.1989570155879283,2.2812406646226515,all_crops,07_01
418,2021,wheat_spring,2.963111111111111,3.1821,2.4830059062312886,2.4482039284678367,all_crops,07_01
418,2022,sunflower,2.713777777777778,2.3874,2.5875595647058183,2.7958543758557632,all_crops,07_01
418,2023,wheat_spring,3.197777777777778,2.1406,2.5764099665491607,2.517451770242842,all_crops,07_01
418,2024,barley_spring,4.445777777777778,4.8846,3.846068022651823,4.479011159286905,all_crops,07_01
418,2025,pea,3.5744444444444445,3.3099,2.8666998992176045,2.9453727388643536,all_crops,07_01
419,2019,wheat_winter,4.318,4.0973999999999995,2.952163175885968,2.9355458633440508,all_crops,07_01
419,2021,wheat_spring,2.869818181818182,3.6451000000000002,2.571770709489618,2.528360020781459,all_crops,07_01
419,2022,barley_spring,4.033818181818182,2.7925999999999997,2.75125352959521,3.087912660202513,all_crops,07_01
419,2023,wheat_winter,2.256727272727273,2.0972999999999997,2.534092877966193,2.5342695141034572,all_crops,07_01
419,2024,sunflower,3.5854545454545454,2.1188,2.963648019709457,2.950157168714242,all_crops,07_01
419,2025,wheat_spring,4.669090909090909,3.539,3.721986023350991,3.546597010081736,all_crops,07_01
420,2017,wheat_spring,1.261,2.8537,,,all_crops,07_01
420,2019,wheat_winter,2.73,2.6264,2.8340638059645924,2.769141066975793,all_crops,07_01
420,2021,wheat_spring,2.3181818181818183,4.6747,2.4832214462031543,2.432383399590022,all_crops,07_01
421,2018,sunflower,2.585,1.966,,,all_crops,07_01
421,2019,wheat_spring,3.379,3.1157,2.6817023965941176,2.7232283039838707,all_crops,07_01
421,2021,wheat_winter,2.540078431372549,3.4158,2.5455774082150766,2.6876243632042303,all_crops,07_01
421,2023,wheat_spring,1.0665098039215686,2.2146999999999997,2.995959310979494,3.239279450607765,all_crops,07_01
421,2024,barley_spring,6.1488627450980395,5.1562,3.616159601689362,3.908196445905558,all_crops,07_01
421,2025,sunflower,3.390980392156863,2.9965,3.0316012929829883,3.0848979613993266,all_crops,07_01
422,2019,sunflower,2.372,2.6658,2.6041423726480226,2.6229410383039093,all_crops,07_01
422,2021,sunflower,1.7980821917808218,2.2353,2.080320655594903,2.0921690343036037,all_crops,07_01
422,2022,wheat_spring,3.4,2.9821,2.6765343156705645,2.752141060320453,all_crops,07_01
422,2023,barley_spring,2.3816438356164387,1.8538000000000001,2.4392303871078367,2.3299079690093576,all_crops,07_01
422,2024,wheat_winter,5.087671232876712,4.9749,3.8433475402939745,3.8707930916691673,all_crops,07_01
422,2025,sunflower,3.063150684931507,2.4702,2.9705401441296133,3.0155366768022627,all_crops,07_01
423,2017,oil_seed_raps_spring,4.29,1.6995,,,all_crops,07_01
423,2019,sunflower,2.085,2.8163,2.6195569605169187,2.6168168273028476,all_crops,07_01
423,2021,sunflower,3.1824719101123597,2.2318000000000002,2.236694881316999,2.2415509329093037,all_crops,07_01
423,2022,wheat_spring,3.2240449438202248,3.4507,2.9550057839449098,3.240084289379422,all_crops,07_01
423,2023,barley_spring,2.8031460674157302,1.6661000000000001,2.59398458564908,2.486548459730439,all_crops,07_01
423,2024,wheat_spring,3.914067415730337,2.4316,3.3030258587038195,3.651844769340937,all_crops,07_01
423,2025,sunflower,3.147415730337079,2.467,3.076076191217625,3.063181371391993,all_crops,07_01
424,2017,wheat_spring,1.001,2.0916,,,all_crops,07_01
424,2019,wheat_winter,3.898,3.6029000000000004,2.859488988484366,2.842671535611273,all_crops,07_01
424,2020,sunflower,1.642,2.0331,2.5472540408989683,2.457950321410503,all_crops,07_01
424,2021,wheat_spring,2.626470588235294,2.355,2.5888511195331265,2.4805786421298794,all_crops,07_01
424,2022,pea,4.078627450980392,2.0152,2.493381274318071,2.457866686292651,all_crops,07_01
424,2023,wheat_winter,2.062549019607843,2.3227,2.481373387791647,2.444476593050167,all_crops,07_01
424,2024,sunflower,4.023725490196078,2.4811,2.692810961921729,2.5677939764679376,all_crops,07_01
424,2025,wheat_spring,4.860784313725491,3.5783,3.530500080988646,3.407955730400314,all_crops,07_01
425,2017,wheat_spring,1.089,2.0312,,,all_crops,07_01
425,2018,sunflower,1.825,2.3928000000000003,,,all_crops,07_01
425,2019,wheat_spring,3.854999999999999,2.9023,2.5550521379349065,2.5747716439662227,all_crops,07_01
425,2020,sunflower,1.994,2.6343,2.212389688052045,2.2781327201022545,all_crops,07_01
425,2021,wheat_spring,2.7649462365591395,2.8164000000000002,2.391749270341208,2.3111064370833527,all_crops,07_01
425,2022,sunflower,2.363010752688172,1.7486000000000002,2.5687439073478515,2.6485737976811996,all_crops,07_01
425,2023,wheat_spring,2.559784946236559,2.4339,2.3582252042178085,2.125841451672716,all_crops,07_01
425,2024,barley_spring,3.920430107526882,3.8088,3.430299615519394,3.9839221960656754,all_crops,07_01
425,2025,sunflower,3.2565591397849465,2.5533,3.0263595328582955,3.105228413899028,all_crops,07_01
426,2019,sunflower,1.358,1.7434999999999998,2.4397358858745206,2.4514284344961417,all_crops,07_01
426,2021,wheat_winter,4.262711864406779,4.277,3.1741731326948757,3.8182297375317846,all_crops,07_01
426,2022,sunflower,2.529830508474576,2.2122,2.390510117250975,2.4850584208090676,all_crops,07_01
426,2023,wheat_spring,2.0303389830508474,2.1085000000000003,2.4926187305659178,2.370907365451247,all_crops,07_01
426,2024,barley_spring,4.6440677966101696,4.173,3.8645927140401226,4.287216518166126,all_crops,07_01
426,2025,sunflower,2.6094915254237288,2.4678,2.9359082807919585,3.0001295571855695,all_crops,07_01
427,2019,sunflower,3.082,1.7352,2.2311597687180074,2.2695528157331255,all_crops,07_01
427,2020,wheat_spring,1.107,1.8097999999999999,2.383680985462271,2.367821019172749,all_crops,07_01
427,2025,oil_seed_raps_spring,2.448928571428571,2.2538,2.4204971156866435,2.3037980781616776,all_crops,07_01
428,2017,sunflower,2.122,2.2851,,,all_crops,07_01
428,2019,sunflower,2.429,1.6663000000000001,2.509558016793657,2.5315620385021753,all_crops,07_01
428,2021,sunflower,1.9822442244224423,2.5509,2.2109952929062078,2.1833160756286953,all_crops,07_01
428,2022,wheat_spring,4.175115511551155,2.4844,3.0656496140150535,2.9358544635572645,all_crops,07_01
428,2023,sunflower,2.932343234323432,1.7037,2.549328888017496,2.5437838310186915,all_crops,07_01
428,2024,wheat_spring,5.232343234323433,3.1295,3.432469243988522,3.8825417522652588,all_crops,07_01
428,2025,soya,1.48990099009901,2.2442,2.287911188310456,2.204251531803113,all_crops,07_01
429,2018,buckwheat,2.5,,,,all_crops,07_01
429,2020,rye_winter,4.068181818181818,3.5058,2.7298291194623783,2.729384121582597,all_crops,07_01
429,2021,barley_spring,1.5118181818181815,2.8178,2.250684434735213,2.1705537237390087,all_crops,07_01
429,2022,sunflower,3.0915909090909093,2.7872,2.7609509571182733,3.1629848965852077,all_crops,07_01
429,2023,wheat_spring,3.113636363636364,2.5518,2.8089278260921873,2.7508976984772198,all_crops,07_01
429,2024,sunflower,2.159090909090909,2.6657,3.2491609468542917,3.791832484326313,all_crops,07_01
429,2025,barley_spring,4.738863636363636,4.4973,3.5355070335090124,3.5151570625439446,all_crops,07_01
430,2020,wheat_spring,2.4,2.2594000000000003,2.479377177917033,2.300328686558667,all_crops,07_01
430,2021,wheat_winter,2.408648648648649,1.9939,2.550247279572309,2.534533809057255,all_crops,07_01
431,2021,wheat_winter,2.472,3.307,2.7346387033037702,2.7861653479866866,all_crops,07_01
431,2023,sunflower,2.6,2.7424,2.4365955865347755,2.4912386406843443,all_crops,07_01
432,2021,wheat_spring,2.851818181818182,4.0411,2.9391278994638763,3.0180570065484753,all_crops,07_01
432,2024,wheat_spring,3.878636363636363,4.1526000000000005,3.789468754882777,4.367812895803935,all_crops,07_01
432,2025,sunflower,2.9768181818181816,2.4935,3.161924318130251,3.12553931164068,all_crops,07_01
433,2021,wheat_winter,3.65,2.9941,2.5337875175586917,2.546369328625212,all_crops,07_01
434,2021,wheat_spring,2.7960000000000003,2.5795000000000003,2.5348889260509044,2.4389832502765425,all_crops,07_01
435,2023,sunflower,1.3273493975903614,1.7719,2.6931647565178083,2.6358321358909045,all_crops,07_01
435,2024,wheat_spring,2.982771084337349,4.2072,3.9704174906664895,4.509670496478052,all_crops,07_01
435,2025,oil_seed_raps_spring,2.611204819277108,2.1687000000000003,2.4096390744756735,2.347164337342106,all_crops,07_01
436,2021,wheat_spring,3.0220689655172412,3.5115000000000003,2.7363336818129844,2.7051676240224287,all_crops,07_01
437,2021,barley_spring,1.5114285714285711,2.0052,2.738447703432441,2.757331294672692,all_crops,07_01
438,2021,sunflower,4.436875,1.7943000000000002,2.2910042043681687,2.23735491624098,all_crops,07_01
438,2022,wheat_spring,4.486875,2.8787,2.761383837758978,2.9035971527832127,all_crops,07_01
439,2021,sunflower,2.128888888888889,1.8805,2.465849655888106,2.4349308024202942,all_crops,07_01
440,2021,sunflower,2.468322580645161,1.8274000000000001,2.312167188632408,2.2267007793254376,all_crops,07_01
440,2022,wheat_spring,3.4393548387096775,3.2708,2.8316966094959377,2.9849013065209147,all_crops,07_01
440,2023,sunflower,2.905483870967742,1.611,2.5398332883518524,2.549383119734224,all_crops,07_01
440,2024,wheat_spring,3.290574193548387,3.5326999999999997,3.5078679360786005,4.138901507889808,all_crops,07_01
440,2025,barley_spring,3.619354838709677,3.5159999999999996,3.784111263967459,3.580720732802029,all_crops,07_01
441,2020,sunflower,3.7,2.4077,2.4159146467325088,2.3010827897860135,all_crops,07_01
441,2021,wheat_spring,4.001818181818182,3.1464,2.5992830619857035,2.552897851454365,all_crops,07_01
441,2025,wheat_spring,3.986666666666667,3.0687,3.6148286164093446,3.4154007211024098,all_crops,07_01
443,2021,sunflower,2.47,1.879,2.257155010152711,2.247219322400706,all_crops,07_01
444,2021,wheat_spring,3.7077777777777774,3.1263,2.4991685237580676,2.4200112000504608,all_crops,07_01
444,2022,barley_spring,3.5166666666666666,2.8007,2.7911967628429575,3.064098515355957,all_crops,07_01
444,2023,sunflower,3.0,2.4749,2.9245848205331284,3.052991705604692,all_crops,07_01
444,2024,barley_spring,5.806666666666667,4.1137999999999995,3.250003053657838,4.231693863325727,all_crops,07_01
445,2021,wheat_spring,1.8866666666666667,2.5293,2.773543533670919,2.6414617013133275,all_crops,07_01
446,2021,wheat_spring,2.02,2.3211,2.524470961843037,2.4282051461233176,all_crops,07_01
447,2021,wheat_spring,2.646666666666667,3.2517000000000005,2.7211073052961097,2.6927076334825704,all_crops,07_01
457,2023,sunflower,1.4166666666666667,1.4905,2.294883979112529,2.171971562090106,all_crops,07_01
457,2024,wheat_spring,2.8333333333333335,4.5902,4.121566878322252,4.727021943352016,all_crops,07_01
457,2025,wheat_spring,3.44,3.8606000000000003,3.613451405830282,3.4448687205254864,all_crops,07_01
469,2022,barley_spring,3.0136842105263155,2.6620999999999997,2.53344982179941,2.861098227997689,all_crops,07_01
505,2022,wheat_spring,3.466521739130435,2.9643,2.7246047021145516,3.0558962479015075,all_crops,07_01
506,2022,wheat_spring,2.916875,3.2095999999999996,2.611668568391775,2.950216415721868,all_crops,07_01
510,2022,wheat_spring,4.543333333333334,3.8942,2.8373141799161683,3.005578592893139,all_crops,07_01
510,2023,barley_spring,2.3091666666666666,1.8768999999999998,2.416506019543932,2.348546354999569,all_crops,07_01
512,2022,wheat_spring,1.193,3.8891,2.755866534127877,2.867283424388834,all_crops,07_01
512,2024,wheat_spring,3.609692307692308,3.7114,3.4137518222162058,4.0976384157515096,all_crops,07_01
512,2025,wheat_spring,3.7007692307692306,2.8117,3.2794509611604417,3.214755182511654,all_crops,07_01
513,2023,wheat_spring,1.501304347826087,2.4617999999999998,2.5791781149049133,2.633201616535062,all_crops,07_01
513,2024,pea,1.87,2.8028,3.602820284807615,4.019191891942874,all_crops,07_01
513,2025,wheat_winter,4.506086956521739,4.1163,3.0469551708521094,3.0785770432661126,all_crops,07_01
514,2023,wheat_winter,2.0454545454545454,2.7962,2.600215108809069,2.583056907793606,all_crops,07_01
514,2024,sunflower,3.17,2.5572,2.909238190603199,2.862219194629831,all_crops,07_01
588,2023,barley_spring,1.6065384615384617,1.8361,2.5378697360006854,2.560446897195376,all_crops,07_01
604,2023,wheat_spring,2.1067846153846155,2.1026,2.7540699590309026,2.813823349944263,all_crops,07_01
628,2023,pea,1.22444089456869,2.3495999999999997,2.3522037285298185,2.2025657610384006,all_crops,07_01
628,2025,wheat_spring,1.6711182108626197,1.8497,3.166973278104431,3.2194777120604985,all_crops,07_01
630,2023,wheat_spring,1.2423529411764709,1.9187,2.486670760694992,2.5445517330471676,all_crops,07_01
630,2024,barley_spring,2.7423529411764704,2.4,3.148380153004354,3.1615494828284674,all_crops,07_01
630,2025,wheat_spring,1.588235294117647,2.3499,2.9916663256573743,3.0617094284476587,all_crops,07_01
632,2023,sunflower,1.823095238095238,2.7302,2.424736453611056,2.411474669632025,all_crops,07_01
632,2025,wheat_spring,1.8557142857142856,1.902,2.9481599595229397,2.975860772364523,all_crops,07_01
633,2023,barley_spring,1.783108108108108,2.3003,2.1933006232309893,2.154527101091336,all_crops,07_01
633,2024,pea,2.942216216216216,2.8245,3.0337973843492003,3.0409976857970915,all_crops,07_01
633,2025,wheat_winter,3.7351351351351343,3.7695,3.706710595072977,3.800668477167935,all_crops,07_01
634,2023,barley_spring,1.194047619047619,2.1557,2.4857065759898913,2.561166360674217,all_crops,07_01
634,2024,wheat_spring,3.798571428571429,3.0839,3.4595174389874184,4.059483176066731,all_crops,07_01
634,2025,wheat_spring,4.002857142857143,1.8753,3.0192042658054796,3.05555262487303,all_crops,07_01
635,2023,wheat_spring,2.004705882352941,2.3065,2.4876613530600156,2.5154679103689648,all_crops,07_01
635,2024,buckwheat,2.409803921568628,,2.678412868785033,2.576569993796663,all_crops,07_01
635,2025,wheat_spring,3.387058823529412,1.4618,2.5216975764970915,2.533214430696309,all_crops,07_01
636,2023,wheat_spring,2.0064912280701757,2.3227,2.500974544372777,2.545308839563999,all_crops,07_01
636,2024,sunflower,4.390175438596492,2.1532,2.5989210022812137,2.5339590187626415,all_crops,07_01
636,2025,wheat_spring,2.5898245614035087,2.3172,2.4483272789566928,2.478119194635463,all_crops,07_01
640,2023,barley_spring,1.1313636363636363,3.0143999999999997,2.235614619315626,2.259897174768185,all_crops,07_01
640,2024,pea,2.969181818181818,3.0961,3.112027153096682,3.095722815903164,all_crops,07_01
643,2024,lentil,1.335945945945946,1.5221,2.65741902806787,2.6046450673077017,all_crops,07_01
643,2025,wheat_winter,2.9432432432432436,3.559,3.588708058673061,3.6636823787921777,all_crops,07_01
644,2023,wheat_spring,1.736,2.3145,2.9990246999264247,3.878745184389613,all_crops,07_01
644,2024,wheat_spring,2.470666666666667,2.5258,3.843900647974058,4.18956601090077,all_crops,07_01
649,2023,pea,1.71,1.6326,2.540374772372339,2.5247012606120167,all_crops,07_01
650,2023,wheat_spring,2.649016393442623,1.7922,2.465612885434132,2.4397955908096116,all_crops,07_01
650,2024,wheat_spring,3.3059016393442624,1.6122,2.970752509669146,2.8300789476571326,all_crops,07_01
652,2023,pea,1.71,1.9062000000000001,2.5107601447297183,2.4183518055207616,all_crops,07_01
653,2023,barley_spring,1.2991452991452992,1.8138,2.33599748700902,2.418900173922217,all_crops,07_01
653,2024,pea,2.8835897435897437,2.4715,3.0836816734037864,3.101772711670296,all_crops,07_01
653,2025,wheat_winter,4.073504273504274,4.0688,4.200497316432781,4.56870830058531,all_crops,07_01
654,2023,wheat_spring,2.6425,2.2319,2.3922162756031278,2.1975277516645413,all_crops,07_01
655,2023,lentil,1.28,0.9025000000000001,2.598675703997796,2.171706789779817,all_crops,07_01
655,2024,wheat_spring,2.415263157894737,2.4664,2.8620915672218,2.7793922362201235,all_crops,07_01
659,2024,wheat_spring,2.440571428571429,3.8122999999999996,2.930465993162853,2.904519890204894,all_crops,07_01
660,2023,wheat_spring,1.762,1.8501,2.4896153436406014,2.5151953941529968,all_crops,07_01
661,2023,lentil,1.274561403508772,1.0058,2.908223249975956,3.0804039633523232,all_crops,07_01
661,2024,wheat_spring,3.669122807017544,2.8949000000000003,2.9439160156758026,2.871314515740169,all_crops,07_01
662,2023,wheat_spring,1.7616666666666667,2.4097,2.5862291416957874,2.6033525006338984,all_crops,07_01
663,2025,sunflower,1.2317037037037035,2.3012,2.242046913300688,2.3040603451466772,all_crops,07_01
665,2023,wheat_spring,1.625,1.8,2.3583600899081043,2.1892236038129034,all_crops,07_01
666,2023,wheat_spring,1.6253191489361702,2.7341,2.3787424274632696,2.2289428194298084,all_crops,07_01
667,2025,oil_seed_raps_spring,1.7854077253218883,1.3936,2.2590943129951206,2.3815183223531147,all_crops,07_01
668,2025,wheat_spring,3.31872,1.6291,2.731979143730153,2.731681944873413,all_crops,07_01
669,2023,wheat_spring,1.5975471698113208,2.3396,2.525007590465466,2.5539070180713175,all_crops,07_01
669,2024,wheat_spring,3.322641509433962,1.9042000000000001,3.3443317779280575,3.536747653717786,all_crops,07_01
669,2025,sunflower,1.069056603773585,1.8712,2.524406028057963,2.6254037741412364,all_crops,07_01
671,2023,wheat_spring,1.7196969696969695,2.3992999999999998,2.6422849925468794,2.714526473755355,all_crops,07_01
672,2023,sunflower,1.3009146341463411,2.0212,2.2502668884413675,2.1576619199555473,all_crops,07_01
672,2024,barley_spring,1.6602439024390243,2.0692,2.5557497154883158,2.5179766153191596,all_crops,07_01
672,2025,pea,1.7565853658536583,1.9424,2.6047666738893502,2.6913384307800814,all_crops,07_01
674,2023,lentil,1.1587795275590551,1.2051,2.883878255336724,2.9649760363078097,all_crops,07_01
674,2024,wheat_spring,4.6898425196850395,2.6091,2.840721833141559,2.8270555238653063,all_crops,07_01
674,2025,oil_seed_raps_spring,1.4960629921259845,1.3105,2.1046723714994875,2.0651810701566093,all_crops,07_01
675,2025,wheat_spring,2.695906432748538,2.6282,2.2246727684861067,2.198566112425503,all_crops,07_01
677,2023,wheat_spring,2.2621428571428575,2.5428,2.2455235690743507,2.091340117072899,all_crops,07_01
677,2024,lentil,1.64,1.4818,2.440633822633616,2.3476635210344163,all_crops,07_01
678,2023,wheat_spring,2.0062686567164176,2.2481,2.4134397379065087,2.346220193827181,all_crops,07_01
680,2023,wheat_spring,2.511463414634146,2.6251,2.5992499055081866,2.6660603879395994,all_crops,07_01
685,2025,sunflower,1.0700578034682082,1.6941,2.306874324571636,2.335708893275579,all_crops,07_01
689,2023,barley_spring,1.1930769230769231,2.2902,2.5949114492387126,2.6715882484679456,all_crops,07_01
689,2024,wheat_spring,1.1392307692307693,3.067,3.5210576239512825,4.013597750431405,all_crops,07_01
689,2025,wheat_spring,1.146153846153846,1.6065999999999998,2.6342589240008123,2.6502302246333667,all_crops,07_01
690,2023,wheat_spring,3.1429411764705883,2.6059,2.600162250101115,2.6276458867819645,all_crops,07_01
693,2023,wheat_spring,1.650925925925926,2.0911,2.4875663056475017,2.5111967839213802,all_crops,07_01
693,2025,wheat_spring,4.111111111111111,1.291,3.207672002212736,3.2515140683418693,all_crops,07_01
694,2023,wheat_spring,1.8193939393939391,2.3399,2.6639555562837516,2.7520026248688483,all_crops,07_01
694,2024,wheat_spring,1.9284848484848485,2.3099,3.463770066150008,3.915685954337806,all_crops,07_01
694,2025,wheat_spring,3.604848484848485,2.0683,3.00680062269454,3.0341247763498655,all_crops,07_01
695,2023,wheat_spring,1.819,2.9157,2.6086820540290265,2.7308797320569718,all_crops,07_01
696,2023,wheat_spring,1.6794736842105262,2.1914000000000002,2.4571012194177504,2.4739333795081784,all_crops,07_01
696,2024,wheat_spring,4.205263157894737,2.7976,3.059110145102242,3.0382596728070412,all_crops,07_01
698,2023,pea,1.06,1.6128,2.6265809052413114,2.6334802445205163,all_crops,07_01
698,2024,wheat_spring,3.18863309352518,1.7291,3.331579450900711,3.74375649107117,all_crops,07_01
698,2025,wheat_spring,3.053956834532374,1.6623,2.7387491115252,2.696100042074084,all_crops,07_01
699,2024,wheat_spring,1.9542857142857144,2.8974,2.6876821240926354,2.603875156829749,all_crops,07_01
700,2023,wheat_spring,1.771777777777778,2.1039000000000003,2.540976841014361,2.573409709372726,all_crops,07_01
700,2024,wheat_spring,3.1551111111111108,2.5967,3.3877485026518563,3.8228737091542526,all_crops,07_01
701,2023,wheat_spring,2.263571428571429,1.7826,2.437192642162969,2.3912146197665427,all_crops,07_01
710,2023,wheat_spring,2.016111111111111,2.1780999999999997,2.51541071138168,2.59978850190367,all_crops,07_01
711,2023,wheat_spring,1.3551376146788991,2.8049,2.4363357250725004,2.481839401889618,all_crops,07_01
711,2025,wheat_spring,2.053211009174312,1.7833999999999999,3.2341254727314697,3.2893470554939226,all_crops,07_01
712,2023,pea,2.155,2.0322,2.4407573147946255,2.411971930857467,all_crops,07_01
712,2024,wheat_spring,2.481875,2.6062000000000003,3.3250236585120754,3.767068626526195,all_crops,07_01
713,2023,wheat_spring,1.738235294117647,1.6649999999999998,2.6062772583085843,2.636668944626415,all_crops,07_01
715,2023,sunflower,1.8202684563758391,2.1376,2.385154056632144,2.3259955358948714,all_crops,07_01
715,2024,wheat_spring,3.2449664429530203,2.4591000000000003,3.1737030370923396,3.1474733700222797,all_crops,07_01
715,2025,pea,1.8306040268456376,2.0855,2.479866349466292,2.524781176288691,all_crops,07_01
716,2023,barley_spring,1.8917857142857144,1.8039999999999998,2.4480755083561756,2.5109761386177074,all_crops,07_01
716,2024,sunflower,2.867857142857143,1.8161999999999998,2.4522636098351183,2.4205726785229005,all_crops,07_01
717,2023,sunflower,2.361842105263158,2.5021999999999998,2.3114058311616157,2.250270080690985,all_crops,07_01
717,2024,wheat_spring,2.1251315789473684,2.5731,3.1632304166491187,3.0877689238773196,all_crops,07_01
717,2025,pea,1.6002631578947368,1.3198,2.5554203861681484,2.6079148270104393,all_crops,07_01
718,2023,wheat_spring,1.7971698113207548,1.8172000000000001,2.3957946950316353,2.3845295168038225,all_crops,07_01
718,2024,sunflower,3.907924528301887,1.8817,2.5560102502773456,2.4757221134856593,all_crops,07_01
719,2023,sunflower,2.43,2.0418,2.606823458183859,2.6153031849527313,all_crops,07_01
722,2023,sunflower,2.345357142857143,1.9213,2.358640036591731,2.3413753786706444,all_crops,07_01
722,2024,wheat_spring,3.143571428571428,3.2027,3.6690635604169177,4.012287082774433,all_crops,07_01
722,2025,wheat_spring,1.8907142857142856,1.5339,2.8298712375960235,2.7905267109482743,all_crops,07_01
725,2025,wheat_spring,2.534630136986302,2.7597,2.628412875538491,2.6298631048145675,all_crops,07_01
727,2023,lentil,1.3795238095238094,0.9856,2.8114140798925944,2.600236933468712,all_crops,07_01
727,2024,wheat_spring,2.8123809523809524,2.8255,2.905853162726934,2.8868212315610084,all_crops,07_01
728,2023,wheat_spring,2.1681132075471696,1.6682,2.3082685356127395,2.1225773729766506,all_crops,07_01
728,2024,lentil,1.5162264150943396,1.2963,2.562132293329234,2.48866999665564,all_crops,07_01
728,2025,wheat_winter,3.3735849056603775,3.6992,2.9517776360606556,3.0337778202145755,all_crops,07_01
729,2023,wheat_spring,1.8895744680851063,2.0976,2.3671624438225995,2.271823040412017,all_crops,07_01
729,2024,barley_spring,3.85063829787234,2.6079,2.909162418025093,2.844018471038411,all_crops,07_01
729,2025,pea,1.1063829787234043,1.7936,2.1577464484501405,2.18996063767639,all_crops,07_01
730,2023,lentil,1.38,1.0173,2.8974466099362495,2.966088635900344,all_crops,07_01
730,2024,wheat_spring,3.438636363636364,2.3388999999999998,2.866065157341297,2.8267659506334,all_crops,07_01
733,2023,wheat_spring,1.5219277108433733,2.8982,2.360579764802466,2.1889141084185213,all_crops,07_01
733,2024,soya,1.2295180722891563,1.7701,2.1112068214178636,1.927941184016921,all_crops,07_01
735,2023,wheat_spring,2.44,2.3882000000000003,2.3571381446571897,2.261534942027998,all_crops,07_01
736,2023,wheat_spring,2.190373831775701,2.2428,2.3173918780616316,2.187833849218368,all_crops,07_01
736,2024,lentil,1.28,1.3754,2.9102992916882333,2.872013054772213,all_crops,07_01
736,2025,wheat_winter,3.522429906542056,4.2637,4.012026574160197,4.078245492391737,all_crops,07_01
737,2023,wheat_spring,2.440300751879699,2.7864999999999998,2.4583992923008102,2.507989598448399,all_crops,07_01
737,2024,sunflower,1.308345864661654,2.4523,2.555486612792457,2.531422184711402,all_crops,07_01
737,2025,wheat_spring,3.0362406015037595,2.5449,2.817563128037888,2.8296449169285007,all_crops,07_01
738,2025,oil_seed_raps_spring,1.6858108108108107,1.7292,2.2863759840695574,2.3586067201684706,all_crops,07_01
741,2023,wheat_spring,1.904864864864865,2.3396999999999997,2.4481445692898367,2.540776717125917,all_crops,07_01
742,2023,wheat_spring,1.1057560975609757,2.3407,2.560559493776661,2.6629939707021655,all_crops,07_01
742,2024,wheat_spring,2.9680000000000004,3.1557,3.3770053373823115,3.8368432448882888,all_crops,07_01
742,2025,pea,1.4797073170731707,2.0478,2.4530122939897847,2.488833358113596,all_crops,07_01
743,2023,wheat_spring,2.480392156862745,2.506,2.3316769511543916,2.362858591330384,all_crops,07_01
743,2024,barley_spring,3.086470588235294,2.9053999999999998,3.2430399469571944,3.777255654921299,all_crops,07_01
743,2025,pea,2.7562745098039216,1.7338999999999998,2.650713250895851,2.690096543231678,all_crops,07_01
744,2024,wheat_spring,2.963589743589744,2.7495000000000003,3.292392958356018,3.8237017860273945,all_crops,07_01
744,2025,sunflower,2.1576068376068376,1.8949000000000003,2.564441313885969,2.650140606396698,all_crops,07_01
745,2023,pea,1.03,1.8405999999999998,2.7890323108886603,3.0642946830081135,all_crops,07_01
745,2024,wheat_spring,1.665,2.7433,3.393877908776791,3.928693451735052,all_crops,07_01
746,2025,sunflower,1.7198443579766538,1.6759,2.00039280715966,2.063684586113949,all_crops,07_01
747,2023,pea,1.0,1.8435,2.3634115670327818,2.271277599619337,all_crops,07_01
749,2023,pea,1.4686821705426356,2.3708,2.5400728040420875,2.6912719785165895,all_crops,07_01
749,2025,wheat_spring,3.7407751937984495,1.1992,2.6914935733169765,2.716180453412395,all_crops,07_01
750,2023,pea,1.101914893617021,1.9652,2.3296692728527586,2.2375213381297714,all_crops,07_01
750,2024,wheat_spring,4.912765957446808,2.5259,2.8570381899853095,2.7330636720095187,all_crops,07_01
750,2025,sunflower,2.2961702127659573,2.4215,2.322498965595011,2.4158852247118667,all_crops,07_01
752,2023,barley_spring,1.9104761904761904,2.6564,2.4247263918714483,2.5144477805482244,all_crops,07_01
753,2023,barley_spring,1.4910294117647058,1.8639,2.320083213528325,2.2064100962251727,all_crops,07_01
753,2024,barley_spring,3.5779411764705884,2.1812,2.9258581085529025,2.8291085262261775,all_crops,07_01
753,2025,pea,1.6891176470588236,2.4768,2.5458229528947633,2.665785269820191,all_crops,07_01
754,2023,wheat_spring,3.142777777777778,1.6718,2.8570068083742024,2.9650176943206525,all_crops,07_01
754,2024,wheat_spring,3.902549,2.3131,2.9473503277432656,2.905921592700951,all_crops,07_01
755,2023,wheat_spring,2.6428205128205127,2.6765999999999996,2.4644645190762913,2.5346668324269435,all_crops,07_01
756,2023,wheat_spring,3.143035714285714,2.3805,2.813610249150686,2.8496537419863666,all_crops,07_01
757,2023,barley_spring,2.6775,2.9252,2.4864331643915163,2.636892660905858,all_crops,07_01
758,2023,barley_spring,2.4257142857142857,1.5824,2.1347840496655723,1.9870166181100206,all_crops,07_01
764,2023,wheat_spring,3.1446774193548386,3.0927,2.4455167914742804,2.5505378376125045,all_crops,07_01
764,2024,wheat_spring,3.882903225806452,2.8918,2.882174146082161,2.7964169417289075,all_crops,07_01
766,2023,barley_spring,2.88047619047619,2.3061,2.4605563774099304,2.4693793920982534,all_crops,07_01
766,2024,lentil,1.5980952380952382,1.331,3.030265571238074,2.9749657829289364,all_crops,07_01
767,2023,wheat_spring,1.6358536585365853,1.5985,3.1719899238814326,3.9374774212763324,all_crops,07_01
767,2024,wheat_spring,1.4141463414634146,2.6399999999999997,3.7063483591695348,4.185131786438736,all_crops,07_01
768,2023,wheat_spring,1.9517391304347824,2.3278,3.0661601268169836,3.5569170775538153,all_crops,07_01
768,2024,wheat_spring,2.4121739130434783,3.3338,3.467675867063831,3.596136713214001,all_crops,07_01
769,2023,wheat_spring,1.636,2.2626,2.9619026373387802,3.3257094328176464,all_crops,07_01
769,2024,wheat_spring,5.392,2.732,3.7389331169581825,3.9813667562897566,all_crops,07_01
770,2023,wheat_spring,2.5348507462686567,3.2518000000000002,2.9178928193120477,3.344744628179173,all_crops,07_01
770,2024,oil_seed_raps_spring,1.6740298507462683,1.7628,2.677078929933794,2.529507187739601,all_crops,07_01
770,2025,wheat_spring,3.468955223880597,1.4385999999999999,2.861451395767758,2.816531720620919,all_crops,07_01
771,2023,wheat_spring,2.154166666666667,2.4634,2.8582538718262964,3.2867845886243803,all_crops,07_01
771,2025,lentil,1.185989,1.0485,2.1413472057408014,2.131348004342679,all_crops,07_01
772,2023,wheat_spring,2.327462686567164,2.1691,2.2360871209179134,2.0561381825462504,all_crops,07_01
772,2024,soya,1.297313432835821,2.2026,2.076209047348747,1.9484987052205445,all_crops,07_01
773,2024,wheat_spring,1.5847761194029852,2.5451,2.2903674198470627,2.1678648685439708,all_crops,07_01
774,2023,wheat_spring,2.6488888888888886,2.1260000000000003,2.384844007892884,2.179278267686847,all_crops,07_01
774,2024,wheat_spring,3.3511111111111114,2.9053999999999998,2.508865886432852,2.4407226695048365,all_crops,07_01
775,2023,wheat_spring,2.332686567164179,1.8681999999999999,2.7831547942408434,2.825887864082781,all_crops,07_01
775,2024,wheat_spring,3.02089552238806,2.3796,2.9718750467250787,2.881299185270301,all_crops,07_01
776,2024,wheat_spring,2.5763265306122447,3.4543,2.954985988797736,2.8536737817989817,all_crops,07_01
777,2025,sunflower,1.4268944099378882,2.3481,2.418129525509794,2.503248622185619,all_crops,07_01
778,2023,wheat_spring,1.7359090909090908,2.1901,2.975342413405775,3.9136588383078736,all_crops,07_01
778,2024,wheat_spring,4.464090909090909,2.2706,3.755455853267023,4.100095365091558,all_crops,07_01
779,2023,wheat_spring,1.21525,1.6638000000000002,2.402198067472253,2.3541472708113704,all_crops,07_01
779,2024,wheat_spring,3.148,3.3299,3.374446247876538,3.8691426871230377,all_crops,07_01
780,2023,wheat_spring,1.5043333333333335,2.3235,2.422483577739821,2.346444057659697,all_crops,07_01
780,2024,wheat_spring,4.034666666666667,3.1198,3.064350798803713,2.9902381298234024,all_crops,07_01
781,2023,wheat_spring,1.736056338028169,2.1445,2.4674273312423245,2.5284817431895226,all_crops,07_01
783,2023,sunflower,1.823229166666667,2.045,2.3438559622275843,2.2749299836865644,all_crops,07_01
783,2024,barley_spring,3.822291666666666,2.2477,3.3046828329918587,3.884262472021275,all_crops,07_01
783,2025,pea,1.861875,1.8245,2.612898965082612,2.5846493245506394,all_crops,07_01
784,2025,sunflower,1.1116867469879517,1.8733,2.5524924849323916,2.6554156629133376,all_crops,07_01
785,2023,sunflower,1.838187134502924,1.9929999999999999,2.370213876751048,2.3344562836635534,all_crops,07_01
785,2025,pea,2.526432748538012,2.2853000000000003,2.3223158783473186,2.4483847276841337,all_crops,07_01
786,2023,wheat_spring,1.4060416666666666,1.5728,2.579833925302741,2.598599573549043,all_crops,07_01
786,2024,wheat_spring,3.81125,2.4987,2.983600474359771,2.940752428574685,all_crops,07_01
786,2025,wheat_spring,1.6983333333333333,1.8204999999999998,2.7842762320051997,2.735732932332266,all_crops,07_01
787,2023,lentil,1.2383333333333333,1.3437,2.6819932844275365,2.439734967642253,all_crops,07_01
787,2024,wheat_spring,3.1833333333333336,2.4468,2.8267333877275207,2.8026421795556327,all_crops,07_01
788,2025,wheat_spring,3.787260273972603,2.1114,2.2849904018374594,2.248162524769793,all_crops,07_01
789,2023,barley_spring,1.91046511627907,2.166,2.366591865003625,2.301088821370671,all_crops,07_01
789,2024,wheat_spring,3.867674418604651,2.0344,3.4256849269707086,3.923152089368145,all_crops,07_01
790,2023,sunflower,1.8870833333333332,2.0284,2.4089048464625042,2.3896883679868,all_crops,07_01
790,2025,pea,2.798541666666667,2.0169,2.6268682122403133,2.680230855435521,all_crops,07_01
791,2023,sunflower,1.8553846153846152,2.1163,2.4321070172344563,2.392352674014335,all_crops,07_01
792,2023,wheat_spring,1.42275,2.5106,2.3902841381100997,2.272826944844922,all_crops,07_01
792,2024,sunflower,2.9635,2.0599,2.4103717432876044,2.3285165936413716,all_crops,07_01
793,2023,wheat_spring,1.7799999999999998,1.682,2.5535354651081965,2.603169666095212,all_crops,07_01
793,2024,wheat_spring,4.363820224719101,2.1274,3.0678753956180964,2.9748014317617515,all_crops,07_01
793,2025,wheat_spring,2.1496629213483147,1.8274000000000001,2.961113759338426,2.9772282991217507,all_crops,07_01
794,2023,pea,1.0431818181818182,1.5884,2.3790996517510026,2.2481562738268264,all_crops,07_01
795,2025,oil_seed_raps_spring,1.1250519031141868,1.5025,2.024891858719602,2.021206604985534,all_crops,07_01
796,2023,pea,1.1148387096774195,1.5888,2.379140588800266,2.1938160166844574,all_crops,07_01
797,2023,wheat_spring,1.7378260869565216,1.7944,2.5229249530684994,2.6537063270051804,all_crops,07_01
797,2024,lentil,1.5504347826086955,1.1638,3.078679900634196,3.0307197627442055,all_crops,07_01
797,2025,wheat_spring,4.511304347826087,2.0202,2.6190003188671676,2.640638349507483,all_crops,07_01
798,2023,wheat_spring,2.006153846153846,1.6969999999999998,2.4744886606864216,2.5110553743139463,all_crops,07_01
798,2024,sunflower,2.709230769230769,2.3922,2.610995133381971,2.5498532227987245,all_crops,07_01
800,2023,barley_spring,1.85,1.8719999999999999,2.3973654489849623,2.3645544795542692,all_crops,07_01
800,2024,wheat_spring,2.493333333333333,3.2488,3.1328187744214433,3.143028832952974,all_crops,07_01
800,2025,wheat_spring,1.816190476190476,1.2844,3.132226778067391,3.126028360204202,all_crops,07_01
801,2023,wheat_spring,1.4505072463768116,2.6103,2.6319797985814954,2.744583787681021,all_crops,07_01
801,2025,wheat_spring,3.800724637681159,1.2334,3.225339271254144,3.248158893489594,all_crops,07_01
802,2023,sunflower,2.345833333333333,1.3189,2.6219482847149402,2.772732063081287,all_crops,07_01
802,2025,wheat_spring,2.8191666666666664,1.7032,3.1658616476717443,3.115931277252503,all_crops,07_01
803,2023,wheat_spring,1.8186206896551724,3.5822000000000003,2.696091183217742,2.8563237041283487,all_crops,07_01
803,2025,wheat_spring,5.01103448275862,1.0669,3.206328960860569,3.1754506407382164,all_crops,07_01
804,2023,wheat_spring,1.818888888888889,2.5675999999999997,2.6008299801392027,2.6611633533964807,all_crops,07_01
805,2023,wheat_spring,1.8189473684210529,1.6344999999999998,2.454433305912615,2.465086410644982,all_crops,07_01
806,2023,wheat_spring,2.2642857142857142,2.4175999999999997,2.462533434321772,2.4765509676840156,all_crops,07_01
807,2023,wheat_spring,3.141052631578947,1.9593,2.380472965493698,2.2779077501115506,all_crops,07_01
807,2024,wheat_spring,2.4712280701754388,2.4447,2.8171883175416337,2.7326040948187575,all_crops,07_01
808,2025,sunflower,1.5668341708542717,2.0599,2.3055286489572557,2.3538260658766137,all_crops,07_01
809,2023,pea,1.3391666666666666,1.9174,2.484891524941796,2.5063861171709525,all_crops,07_01
809,2024,wheat_spring,3.8322916666666664,2.2018,2.7838821522617527,2.6571589106370124,all_crops,07_01
809,2025,wheat_spring,2.4595833333333332,1.9196000000000002,2.6377636835819858,2.6422718862271215,all_crops,07_01
810,2023,pea,1.2673684210526317,1.3934,2.5700513972762655,2.586347475412274,all_crops,07_01
810,2024,wheat_spring,4.670877192982457,2.456,2.844353261773769,2.72243364714993,all_crops,07_01
810,2025,sunflower,1.1449122807017544,1.472,2.3594712527540525,2.427463837730943,all_crops,07_01
811,2023,wheat_spring,1.8688888888888888,3.0359000000000003,2.462816076874808,2.4634269615495628,all_crops,07_01
811,2024,wheat_spring,4.6866666666666665,2.5377,3.3904552745284517,3.8820020615893807,all_crops,07_01
812,2025,sunflower,1.098,1.5827,2.163479684889564,2.195896858189426,all_crops,07_01
813,2023,wheat_spring,1.738,2.0055,2.617657170495065,2.55814620542687,all_crops,07_01
815,2023,wheat_spring,1.762222222222222,1.8626,2.6179064446104934,2.677875186013374,all_crops,07_01
818,2024,wheat_spring,3.3494252873563215,2.6100000000000003,2.997423459459128,2.936515934078643,all_crops,07_01
819,2023,wheat_spring,1.90125,2.2535,2.708289715397536,2.848382345650499,all_crops,07_01
820,2023,sunflower,2.425,2.1428000000000003,2.5784644928470852,2.590544723793502,all_crops,07_01
821,2024,wheat_spring,4.94,2.7321999999999997,2.34838568845817,2.239901941149473,all_crops,07_01
821,2025,wheat_spring,1.8613861386138617,1.5824,2.5669790994222366,2.63112251718823,all_crops,07_01
823,2024,wheat_spring,2.443404255319149,2.9443,2.8774689006552467,2.709549313978478,all_crops,07_01
824,2023,wheat_spring,2.648888888888889,2.2184,2.630981289443575,2.7312775081235023,all_crops,07_01
824,2024,wheat_spring,2.8755555555555556,3.5551000000000004,2.978725435437422,2.8619349659968223,all_crops,07_01
828,2023,pea,1.28,1.9225999999999999,2.6593940604673008,2.816602591436188,all_crops,07_01
829,2023,pea,1.28,1.6606,2.6914218604622437,2.816720663730276,all_crops,07_01
830,2023,pea,1.71,1.8477000000000001,2.6021971953809113,2.7103750821013675,all_crops,07_01
831,2024,wheat_spring,2.517297297297297,2.6762,2.828218478038048,2.7186885421034845,all_crops,07_01
832,2023,wheat_spring,4.2,1.7716999999999998,2.7326516745453198,2.882218768118946,all_crops,07_01
832,2024,barley_spring,5.508,4.1574,3.6187911541197817,4.441284084351557,all_crops,07_01
832,2025,soya,1.68,1.8236999999999999,2.628734504811846,2.533717225555029,all_crops,07_01
833,2023,barley_spring,1.058024691358025,2.7821000000000002,2.322830945057123,2.200164049306767,all_crops,07_01
833,2025,wheat_spring,1.6960493827160494,1.8157,2.9483555919974127,3.0056140004274257,all_crops,07_01
834,2023,pea,1.0,1.966,2.5391742307998113,2.5904800577370644,all_crops,07_01
834,2024,barley_spring,2.2088888888888887,3.3446,2.8166009130621585,2.8044565001683184,all_crops,07_01
835,2023,wheat_spring,1.1682926829268292,2.3317,2.495893336244715,2.524654028318735,all_crops,07_01
836,2023,wheat_spring,1.6984761904761905,2.5389,2.5430853746763846,2.559401146304037,all_crops,07_01
836,2025,wheat_spring,3.076571428571429,1.2113,3.1895528299204554,3.250322184990204,all_crops,07_01
837,2023,lentil,1.3793333333333335,0.9909000000000001,2.790728345585111,2.569967648175208,all_crops,07_01
837,2024,wheat_spring,4.956,3.133,2.8747537197873263,2.818058165053545,all_crops,07_01
837,2025,pea,2.8573333333333335,1.27,2.278754497291348,2.3523040577309327,all_crops,07_01
838,2023,wheat_spring,1.88,1.8774000000000002,2.4562324192855116,2.5421845805122634,all_crops,07_01
838,2024,wheat_spring,2.9166666666666665,2.7047999999999996,2.9605177043609316,2.9042267598673903,all_crops,07_01
838,2025,pea,1.268333333333333,1.0683,2.3389311113632996,2.4287158205974357,all_crops,07_01
839,2023,wheat_spring,1.4678260869565218,2.9449,2.2529553653597265,2.215419779421518,all_crops,07_01
839,2024,wheat_spring,2.688347826086957,2.6762,2.888062930327388,2.835787357253753,all_crops,07_01
839,2025,pea,1.673913043478261,2.1551,2.5238474178726236,2.5816299903745223,all_crops,07_01
845,2023,pea,1.7780487804878051,1.5317,2.4914179347228256,2.562629510564945,all_crops,07_01
846,2024,wheat_spring,4.397260273972603,2.7145,2.3955997859032365,2.2610536986837277,all_crops,07_01
846,2025,wheat_spring,1.747123287671233,1.9491,2.348851769199786,2.389115479073674,all_crops,07_01
847,2024,wheat_spring,3.674237288135594,2.5402,2.6907701691305332,2.5531680134059402,all_crops,07_01
847,2025,wheat_spring,2.940677966101695,1.2714,2.6538099723189004,2.5608421766483285,all_crops,07_01
848,2025,wheat_spring,5.9399999999999995,2.6254999999999997,2.6414070520367887,2.6108538985502303,all_crops,07_01
849,2024,wheat_spring,1.2260869565217392,2.4724,2.4497393478520064,2.3264810961697964,all_crops,07_01
849,2025,wheat_spring,1.0469565217391303,1.9747,2.6082183476633576,2.5470192410372805,all_crops,07_01
850,2024,wheat_spring,4.034594594594594,2.4552,3.1077982646654614,3.1253651484236915,all_crops,07_01
850,2025,wheat_spring,1.4827027027027029,1.2208,2.7387356568358503,2.7002914767318114,all_crops,07_01
851,2024,wheat_spring,5.851578947368421,3.3826,3.185843968286577,3.330493425127798,all_crops,07_01
851,2025,wheat_spring,2.9426315789473683,1.5347,2.3766552859977566,2.361312684875975,all_crops,07_01
867,2024,barley_spring,1.9161290322580644,4.4668,3.4387909876639227,4.1652877573656,all_crops,07_01
867,2025,wheat_spring,4.0767741935483865,3.8846,3.8173622027309877,3.6182039975647315,all_crops,07_01
871,2024,sunflower,2.369950248756219,2.5351,2.7909864538337428,2.8732523284659113,all_crops,07_01
871,2025,wheat_spring,4.996119402985075,3.2743,3.8068425599919697,3.703942519979756,all_crops,07_01
872,2024,barley_spring,3.234567901234568,3.9941000000000004,2.7963927619409983,2.929036612689767,all_crops,07_01
872,2025,wheat_spring,3.632098765432098,3.97,3.8838822298921496,3.72838277706962,all_crops,07_01
873,2024,sunflower,2.595625,2.6365,2.8042759405885556,2.8546579150576044,all_crops,07_01
873,2025,wheat_spring,4.029166666666667,4.297,3.9986067635575537,3.867446793057783,all_crops,07_01
874,2024,barley_spring,2.8904109589041096,2.981,2.8234308414987703,2.956074352104767,all_crops,07_01
874,2025,wheat_spring,5.187123287671233,4.3187,3.8629977567136717,3.693929661584648,all_crops,07_01
875,2024,barley_spring,2.96,4.0135,2.773264056452185,2.8265252280945994,all_crops,07_01
875,2025,wheat_spring,4.700588235294117,4.412599999999999,3.876246930854049,3.749706670707461,all_crops,07_01
879,2024,wheat_spring,3.631333333333333,3.4722999999999997,3.2521979944221076,3.994235176150924,all_crops,07_01
881,2024,sunflower,3.596666666666667,1.8064,2.480354693844545,2.55869342274205,all_crops,07_01
881,2025,wheat_spring,5.271794871794872,4.0657,3.6614487627702084,3.565700892510807,all_crops,07_01
882,2024,barley_spring,3.2781451612903227,3.9442,2.970709796369385,3.090769601873047,all_crops,07_01
882,2025,soya,1.5272580645161289,2.2367,2.393302829510252,2.3953673256952315,all_crops,07_01
892,2024,wheat_spring,4.039580209895052,2.9617,3.349575486844202,3.5280710164361473,all_crops,07_01
893,2024,wheat_spring,4.053873873873874,3.3906,3.7131283351889004,3.9959632228582604,all_crops,07_01
894,2024,wheat_spring,1.8008695652173914,3.9270000000000005,3.411104445332258,3.6347983821832544,all_crops,07_01
896,2024,lentil,1.851433536055604,1.361,2.7815534125589396,2.6895168442917887,all_crops,07_01
897,2025,wheat_spring,2.995285714285714,2.3476,2.76170391562279,2.6763816934889624,all_crops,07_01
899,2024,wheat_spring,2.7888,3.1223,3.312132017874948,3.545318834356028,all_crops,07_01
901,2024,wheat_spring,2.6990946502057613,1.9486,2.9004656950280667,2.836173541908952,all_crops,07_01
903,2024,wheat_spring,1.516697247706422,3.5435000000000003,3.352108566632737,3.750365225319907,all_crops,07_01
904,2025,wheat_spring,3.295175879396985,1.9170000000000003,3.031657826126523,3.0717300821601845,all_crops,07_01
905,2024,wheat_spring,1.9746413052501508,2.7877,3.2844389057296994,3.6501796069032983,all_crops,07_01
906,2025,barley_spring,3.1871232876712328,2.2498,2.663796861793797,2.6805973701880386,all_crops,07_01
907,2024,wheat_spring,2.997029702970297,3.6849,3.849671992308708,4.13646922521319,all_crops,07_01
908,2024,lentil,1.3613704849085806,1.4918,2.3330693798838533,2.33194989352825,all_crops,07_01
909,2024,lentil,1.1705454545454546,1.502,2.471962748683081,2.402842311455587,all_crops,07_01
910,2025,wheat_spring,4.178913043478261,1.5673,3.0029334311315377,3.0525608685251187,all_crops,07_01
911,2024,wheat_spring,2.995941176470588,2.4142,3.3558803735717797,3.5979060124581164,all_crops,07_01
911,2025,lentil,2.5792941176470587,1.2307000000000001,2.1956530588176313,2.157486975213975,all_crops,07_01
912,2024,sunflower,1.9044579913139392,2.4225000000000003,2.5353320872080625,2.331689181375711,all_crops,07_01
913,2025,wheat_spring,3.618918918918919,1.5699999999999998,2.5949958590386246,2.6076439763836166,all_crops,07_01
914,2024,pea,2.7585365853658534,2.6142,2.6293483297455023,2.498385659663118,all_crops,07_01
918,2025,lentil,1.7538461538461538,1.2454,2.1782339120489613,2.1526997909250967,all_crops,07_01
921,2024,pea,1.848964441930098,2.5481000000000003,2.9259061951044734,2.875259300135756,all_crops,07_01
923,2024,pea,1.977,2.1123000000000003,2.1444030486336354,2.1306238836241698,all_crops,07_01
924,2024,wheat_spring,2.1640963855421687,2.675,3.6533507811569965,3.887926359872505,all_crops,07_01
925,2025,lentil,1.5613333333333332,1.4002000000000001,2.133330234159356,2.087781711002003,all_crops,07_01
926,2024,wheat_spring,1.75375,2.2832999999999997,3.25165699902581,3.5185308559588377,all_crops,07_01
929,2024,wheat_spring,2.677674418604651,1.7121,2.810761701272898,2.677952414777178,all_crops,07_01
930,2024,wheat_spring,2.8144233758159776,3.4944,3.2553485485011584,3.550391865650203,all_crops,07_01
931,2024,sunflower,1.9646666666666663,2.6487,3.1539738875443977,3.1265231424617155,all_crops,07_01
932,2024,wheat_spring,2.464730290456431,2.8289999999999997,3.585570265709111,3.877223920162292,all_crops,07_01
933,2024,wheat_spring,1.999285714285714,2.9089,3.1542657387822723,3.149805139725989,all_crops,07_01
934,2024,wheat_spring,2.183391025495975,2.6349,3.2028862438343197,3.475380775126375,all_crops,07_01
938,2024,wheat_spring,1.465090909090909,2.65,3.209826908016763,3.5445585874033023,all_crops,07_01
939,2024,wheat_spring,1.9653846153846155,2.4271000000000003,3.239063140574854,3.607789444966553,all_crops,07_01
941,2024,sunflower,1.6503937007874014,3.0867,2.783416060331235,2.7279780951767116,all_crops,07_01
942,2024,sunflower,1.1679227053140095,2.5727,2.9534787013627897,2.8573842623370296,all_crops,07_01
942,2025,wheat_spring,3.838840579710145,2.5825,3.214253542779266,3.202190312869343,all_crops,07_01
943,2025,wheat_spring,2.434117647058824,3.0472,3.2124361817674325,3.2645158290189946,all_crops,07_01
944,2024,pea,2.7546153846153847,2.7942,2.5270045957646174,2.4585013547386385,all_crops,07_01
946,2025,lentil,1.214485049833887,1.3918,2.1821081816416434,2.129211346603806,all_crops,07_01
947,2024,buckwheat,1.3281054528358127,,3.0319044917283957,3.0439800338892153,all_crops,07_01
949,2024,wheat_spring,3.1818556701030927,3.3222,3.7410132116197934,3.9802050000571123,all_crops,07_01
949,2025,lentil,2.201443298969072,1.4672,2.1974599591376704,2.1900214105956968,all_crops,07_01
951,2024,sunflower,4.6412,2.3813,3.311478862950977,3.6737239532358776,all_crops,07_01
956,2024,barley_spring,3.2954716981132073,3.8557,3.0044744983440466,3.161611880963607,all_crops,07_01
956,2025,wheat_spring,4.296603773584906,4.2711,3.9656907612740406,3.8240047847742344,all_crops,07_01
957,2024,wheat_spring,4.786470588235295,4.1617,3.6100482454823126,4.209945524757155,all_crops,07_01
957,2025,pea,3.816176470588235,2.9175,2.8396479994340087,2.7189415548962077,all_crops,07_01
963,2025,wheat_spring,4.9848888888888885,3.4227,3.492706924480666,3.3753457006802177,all_crops,07_01
964,2024,wheat_spring,2.1013333333333333,4.2728,3.3189943525737133,4.177377513330033,all_crops,07_01
968,2024,oil_seed_raps_spring,2.463333333333334,1.6599,2.6309777306740165,2.5717429317194274,all_crops,07_01
969,2024,lentil,1.970909090909091,1.3693,2.429833984031479,2.3496921343663035,all_crops,07_01
970,2024,wheat_spring,3.0922221304556583,2.5538,2.4931841108799393,2.388863392879522,all_crops,07_01
976,2025,wheat_winter,6.3880952380952385,3.626,3.123337527140813,3.085790305338898,all_crops,07_01
977,2025,wheat_spring,3.407058823529412,3.8781999999999996,3.3663670716423946,3.334490488344553,all_crops,07_01
978,2025,wheat_spring,4.130434782608695,3.3841,3.154003370232495,3.1052320292253093,all_crops,07_01
979,2025,sunflower,1.991325301204819,2.8396,2.663015289645604,2.5949483237505335,all_crops,07_01
987,2017,wheat_spring,1.95,2.522,,,all_crops,07_01
987,2019,wheat_winter,4.303,3.4509,2.8809628392865787,2.8086358839708785,all_crops,07_01
987,2020,oil_seed_raps_winter,3.62,1.6917000000000002,2.1085075547196466,2.0721801586121904,all_crops,07_01
987,2021,wheat_winter,3.822121594240336,2.8012,2.5209948581924198,2.4803362692660738,all_crops,07_01
987,2022,wheat_winter,1.7124277155062266,2.153,2.4560478424727283,2.5733869816935826,all_crops,07_01
987,2023,sunflower,2.506143805156854,1.7828,2.240742935371756,2.3972057835402985,all_crops,07_01
987,2024,wheat_spring,4.1484308079306675,3.6963,3.476851630087675,4.103051871350442,all_crops,07_01
993,2025,wheat_spring,2.9006779661016946,4.3286,3.5291424099876356,3.5008619564474848,all_crops,07_01
994,2025,wheat_spring,3.8666666666666663,1.9466,2.27574498104857,2.384314492692586,all_crops,07_01
995,2023,barley_spring,8.57,2.7283,2.404974992156898,2.257685546140839,all_crops,07_01
995,2024,wheat_spring,11.035,3.2725,5.843920493184411,5.2997609266459875,all_crops,07_01
996,2024,wheat_spring,32.135000000000005,3.5066,6.681499505041662,6.018159438417307,all_crops,07_01
997,2023,wheat_spring,9.982,2.2649,3.0152665737625974,3.838007615661698,all_crops,07_01
1000,2025,wheat_winter,3.4231818181818183,3.7081000000000004,3.11332257424928,3.08432849263892,all_crops,07_01
1002,2024,barley_spring,4.244000000000001,3.1253,2.7605041808630064,2.6945639528028495,all_crops,07_01
1004,2024,barley_spring,6.2695454545454545,2.8143000000000002,2.6878751348710246,2.789854577802609,all_crops,07_01
1007,2025,sunflower,1.0706666666666669,2.081,2.3003246153688885,2.3187408569526395,all_crops,07_01
1009,2020,sunflower,3.3920000000000003,,2.534309517642768,2.224592227105526,all_crops,07_01
1009,2023,wheat_spring,4.249639634829961,,3.1687279592603814,3.5797205703953985,all_crops,07_01
1009,2024,barley_spring,1.095510116918477,2.748,3.179954386031743,3.5809618732570883,all_crops,07_01
1010,2018,wheat_spring,3.2461342159168125,,,,all_crops,07_01
1010,2019,wheat_spring,2.4,,2.5998375506406735,2.6550651970669,all_crops,07_01
1010,2020,sunflower,2.396,,2.3694590244408795,2.185160216010808,all_crops,07_01
1010,2021,wheat_spring,4.374850281836803,,2.667680250250216,2.5448557290592975,all_crops,07_01
1010,2022,wheat_winter,3.058992622866669,,2.4282952763381735,2.6145170938253055,all_crops,07_01
1010,2023,sunflower,4.429213252440712,,2.7546423972233405,3.1050363338942795,all_crops,07_01
1010,2024,wheat_spring,5.499459792423405,3.7009999999999996,3.893297244120351,4.7823874802401045,all_crops,07_01
1011,2018,buckwheat,2.653,,,,all_crops,07_01
1011,2019,wheat_winter,2.364,,2.7892677474126226,2.761022574384362,all_crops,07_01
1011,2020,sunflower,2.676,,2.296387251078965,2.1950893007343204,all_crops,07_01
1011,2021,wheat_spring,5.109187711755829,,2.7347972382226824,2.613255060874815,all_crops,07_01
1011,2022,sunflower,5.391359345321137,,2.8940991995748524,3.31502868079994,all_crops,07_01
1011,2023,wheat_spring,5.277372173707908,,3.045554385922993,3.455494365907587,all_crops,07_01
1011,2024,sunflower,4.613582471396439,1.8206,3.0191860858949067,3.0124635708437912,all_crops,07_01
1016,2023,wheat_spring,1.9225,,2.4689521631745546,2.544230019839349,all_crops,07_01
1021,2025,wheat_spring,1.7027027027027026,1.3195999999999999,2.6722388639542207,2.6457691642440313,all_crops,07_01
1022,2025,wheat_spring,1.9749685534591197,1.6096,2.5652697858273563,2.5513090356258297,all_crops,07_01
1025,2025,wheat_spring,1.480952380952381,1.9139,2.4011367654254094,2.402892947246637,all_crops,07_01
1027,2025,wheat_spring,4.96,3.2735,2.789947071425371,2.729742813266855,all_crops,07_01
1028,2025,barley_spring,3.1060975609756096,1.6286999999999998,2.3670540791841317,2.434785691540227,all_crops,07_01
195,2021,barley_spring,2.022276422764228,3.3034,2.465418562043113,2.4540664999738757,all_crops,08_01
195,2022,wheat_winter,2.1216260162601626,2.4872,2.593571432490788,2.688585598212863,all_crops,08_01
195,2024,sunflower,2.7365853658536587,3.1813,2.849042801258238,2.9153500847402363,all_crops,08_01
195,2025,wheat_spring,2.7195121951219514,2.8708,3.398896303894105,3.339125807264123,all_crops,08_01
197,2021,barley_spring,2.5284548104956266,3.4238999999999997,2.8880051494792367,2.9871027829780123,all_crops,08_01
197,2022,wheat_winter,1.5206997084548106,3.2342,3.0113061364245075,2.9940067739204923,all_crops,08_01
197,2023,wheat_winter,1.0820991253644316,2.1736999999999997,2.6946440112815186,3.0967229015067534,all_crops,08_01
197,2024,sunflower,3.2877551020408164,3.3829000000000002,2.9476918418675626,2.9460929939467633,all_crops,08_01
197,2025,wheat_spring,3.779416909620991,3.4404000000000003,3.4535212734978433,3.4475265422521866,all_crops,08_01
207,2018,sunflower,3.496,2.3009,,,all_crops,08_01
207,2019,wheat_spring,3.5799999999999996,2.7728,2.647225339086854,2.7631969571384953,all_crops,08_01
207,2021,barley_spring,3.522162162162162,4.1666,2.5347451389331175,2.6431438393715485,all_crops,08_01
207,2022,wheat_winter,1.8846846846846843,2.9544,2.7057894874449087,2.869051904669803,all_crops,08_01
207,2023,wheat_winter,1.068108108108108,2.1542000000000003,2.74096027788193,3.2706062614378406,all_crops,08_01
207,2024,sunflower,3.1045045045045048,2.8787,2.98372907172453,3.0241472910665053,all_crops,08_01
208,2019,sunflower,2.133,2.165,2.5269523327157053,2.6219050210353547,all_crops,08_01
208,2021,sunflower,2.1216153846153847,2.502,2.4087962952629267,2.403833782169721,all_crops,08_01
208,2022,wheat_spring,2.356923076923077,2.5443000000000002,2.8725734538473726,3.0326852856225717,all_crops,08_01
208,2023,wheat_spring,2.018076923076923,1.6263999999999998,2.279790005881269,2.2219939081579927,all_crops,08_01
208,2024,sunflower,2.360615384615385,2.2707,2.9201621896112098,2.978729756272986,all_crops,08_01
208,2025,wheat_spring,3.8430769230769233,3.0721,3.43229116492813,3.4776019560044444,all_crops,08_01
209,2017,wheat_winter,2.22,3.1563,,,all_crops,08_01
209,2018,sunflower,1.7399999999999998,2.4931,,,all_crops,08_01
209,2021,sunflower,2.265430463576158,2.5276,2.37336900881035,2.293533174763721,all_crops,08_01
209,2022,wheat_spring,2.654337748344371,3.0277000000000003,2.9713218446095233,2.9830646715151214,all_crops,08_01
209,2023,wheat_winter,1.4864900662251657,3.0968,2.3307507398005374,2.0988551920587697,all_crops,08_01
209,2025,sunflower,2.329337748344371,3.5131,2.872695767941388,2.746039349718224,all_crops,08_01
210,2017,wheat_winter,2.002,2.4049,,,all_crops,08_01
210,2019,sunflower,1.965,2.4427,2.3946058504332104,2.378976326739194,all_crops,08_01
210,2021,sunflower,1.4783400809716598,2.5705,2.5338576729480624,2.6749638488639973,all_crops,08_01
210,2022,wheat_spring,3.0655870445344133,3.1882,3.0855366691382105,3.127177948204792,all_crops,08_01
210,2023,pea,1.7267206477732793,1.9667000000000001,3.0478305945426367,3.1250200534421646,all_crops,08_01
210,2024,wheat_winter,5.519493927125506,5.754099999999999,3.9355452612551374,3.5396643354999715,all_crops,08_01
210,2025,sunflower,3.192550607287449,2.3675,2.889593096903168,2.8606127833051733,all_crops,08_01
211,2017,wheat_winter,2.4379999999999997,1.8834,,,all_crops,08_01
211,2019,sunflower,1.868,2.7584,2.5573916763104303,2.6825410801101706,all_crops,08_01
211,2021,sunflower,2.1389247311827955,3.1853000000000002,2.6404825028206105,2.768899687379139,all_crops,08_01
212,2021,sunflower,3.3983823529411765,2.7846,2.38966943756344,2.4863983574568973,all_crops,08_01
212,2022,wheat_spring,3.1773529411764705,3.457,2.9126888936376476,3.080868615686067,all_crops,08_01
212,2023,wheat_spring,2.9445588235294116,2.6809000000000003,2.350201526087306,2.344116613530206,all_crops,08_01
212,2024,sunflower,1.900882352941176,2.9494,2.958230572926238,2.9350654040599586,all_crops,08_01
212,2025,wheat_spring,1.7024264705882353,2.8967,3.2281559637662163,3.188006074407808,all_crops,08_01
213,2021,wheat_spring,1.3155714285714286,3.2506,2.668200386454784,2.710767652400456,all_crops,08_01
213,2022,sunflower,1.481428571428571,2.5688,2.867566227177478,3.0939881390239266,all_crops,08_01
213,2025,barley_spring,1.53,3.665,3.2702460041667027,3.352805927213352,all_crops,08_01
214,2021,wheat_spring,1.5857777777777775,3.5127,2.664920384242539,2.7371760144520527,all_crops,08_01
214,2022,sunflower,1.002222222222222,2.6556,2.850225771978669,3.0474268508441256,all_crops,08_01
214,2025,barley_spring,1.53,3.0967,3.190399695997447,3.313346249353362,all_crops,08_01
215,2017,oil_seed_raps_spring,3.08,1.5817999999999999,,,all_crops,08_01
215,2019,sunflower,1.672,1.8390999999999997,2.4124283404564544,2.6067442919502977,all_crops,08_01
215,2020,wheat_spring,1.409,1.5953,2.2097818211129514,2.179630166688348,all_crops,08_01
215,2021,sunflower,2.9865822784810128,2.614,2.391062634462578,2.3257669949136828,all_crops,08_01
215,2022,wheat_spring,2.858987341772152,2.6435,2.832575401041769,3.0381624733886645,all_crops,08_01
215,2023,barley_spring,2.2745063291139243,2.0213,2.363580282512723,2.2790109684991,all_crops,08_01
215,2024,wheat_winter,4.476708860759494,4.2056,2.7372754407478284,2.855660038243966,all_crops,08_01
215,2025,sunflower,3.0739240506329115,2.7828,2.770885675529697,2.8104452755983056,all_crops,08_01
216,2017,oil_seed_raps_spring,2.26,1.6878,,,all_crops,08_01
216,2019,sunflower,1.95,2.5018000000000002,2.422165550188543,2.553217420920031,all_crops,08_01
216,2020,wheat_spring,1.246,2.1373,2.1850748790384906,2.1790441432292407,all_crops,08_01
216,2021,sunflower,2.925945945945946,2.6715,2.3657216614215875,2.3140874479798272,all_crops,08_01
216,2022,wheat_spring,3.1270270270270273,3.9165,2.9277426403570788,3.080654626504012,all_crops,08_01
216,2023,barley_spring,2.696783783783784,2.809,2.6377787346515356,2.7466748859590573,all_crops,08_01
216,2024,wheat_winter,5.342162162162162,5.3586,3.7461722333662886,3.420601887716527,all_crops,08_01
216,2025,sunflower,2.986756756756757,3.2991,2.995729664680409,2.935145281932166,all_crops,08_01
217,2019,sunflower,1.962,2.0462,2.3017780672138555,2.367597425968408,all_crops,08_01
217,2021,sunflower,2.768578431372549,2.475,2.402442826923907,2.5172918679615313,all_crops,08_01
217,2022,wheat_spring,3.063725490196078,3.319,2.8841978825927823,3.0415315167457413,all_crops,08_01
217,2023,barley_spring,2.021480392156863,1.9228999999999998,2.6257734583962664,2.565884984628015,all_crops,08_01
217,2024,sunflower,2.9758823529411766,3.1949,2.9922454727492553,2.941243341537128,all_crops,08_01
217,2025,wheat_spring,2.5629901960784314,2.7186,3.1867442116735796,3.139267296276646,all_crops,08_01
218,2021,sunflower,2.12974358974359,2.0886,2.2310337035421646,2.18966318588508,all_crops,08_01
218,2022,wheat_spring,2.1723076923076925,2.6648,2.5717787199293314,2.7010092566099484,all_crops,08_01
218,2023,barley_spring,3.3693589743589745,2.4768,2.3982445585792793,2.3853901454728286,all_crops,08_01
218,2024,wheat_spring,4.027153846153846,3.3049,3.558799095755636,3.347168147227233,all_crops,08_01
218,2025,wheat_spring,4.112820512820513,2.6460999999999997,3.342578019570023,3.419902875501128,all_crops,08_01
219,2017,wheat_winter,1.873,3.0346,,,all_crops,08_01
219,2019,sunflower,2.273,1.9478000000000002,2.2428358264556416,2.242194171488043,all_crops,08_01
219,2021,sunflower,2.818952380952381,2.8047999999999997,2.445599001470107,2.4820288094748455,all_crops,08_01
219,2022,wheat_spring,2.827547619047619,2.8245999999999998,2.981696212433632,3.101682425323646,all_crops,08_01
219,2023,sunflower,2.802523809523809,2.0565,2.8050181283785447,3.021602991414821,all_crops,08_01
219,2024,wheat_spring,3.6718380952380953,4.2143999999999995,3.4872565805502527,3.412479506136729,all_crops,08_01
219,2025,barley_spring,3.528095238095238,4.1021,3.446094273399616,3.4337357679675424,all_crops,08_01
220,2017,oil_seed_raps_spring,1.93,2.0171,,,all_crops,08_01
220,2019,sunflower,2.7649999999999997,2.2225,2.189124570861863,2.154828545807988,all_crops,08_01
220,2021,sunflower,2.0264,2.8005,2.3205662246196708,2.393752639823745,all_crops,08_01
220,2022,wheat_spring,3.4832,4.2787999999999995,2.969812958700664,3.222684660931704,all_crops,08_01
220,2023,barley_spring,3.3728800000000003,2.759,2.7875178048820293,3.011033030840207,all_crops,08_01
220,2024,wheat_spring,3.12756,3.7114,3.4827792928867036,3.3462398373743656,all_crops,08_01
220,2025,wheat_spring,3.3072000000000004,3.6214,3.48252666692757,3.551922758813546,all_crops,08_01
221,2017,oil_seed_raps_spring,1.06,1.2330999999999999,,,all_crops,08_01
221,2019,sunflower,1.982,2.5364,2.398567094372516,2.5101559334207035,all_crops,08_01
221,2021,sunflower,1.7475,2.5108,2.2683274036511007,2.1262595195298353,all_crops,08_01
222,2017,oil_seed_raps_spring,1.664,1.4756,,,all_crops,08_01
222,2019,sunflower,2.648,2.1036,2.1504633954373342,2.1575835024647914,all_crops,08_01
222,2021,sunflower,2.9396774193548385,2.2580999999999998,2.415548800542624,2.4373187658499558,all_crops,08_01
222,2022,wheat_spring,3.2700483870967743,2.977,2.945865782732039,3.261561750260185,all_crops,08_01
222,2023,barley_spring,4.5005,2.5300000000000002,2.470612148330947,2.4667929159119426,all_crops,08_01
222,2024,wheat_spring,3.6562580645161287,4.2654000000000005,3.284052920005533,3.294826924631947,all_crops,08_01
222,2025,sunflower,2.972258064516129,2.5026,2.7626575917271654,2.7657400160930496,all_crops,08_01
223,2017,oil_seed_raps_spring,1.995,1.5957000000000001,,,all_crops,08_01
223,2019,sunflower,2.651,2.1350000000000002,2.30183052509455,2.5163015710362084,all_crops,08_01
223,2021,sunflower,2.8625714285714285,2.4306,2.4870140441589585,2.559983541679557,all_crops,08_01
223,2022,wheat_spring,3.2311428571428573,3.0817,2.9214551046057005,3.197925760078776,all_crops,08_01
223,2023,barley_spring,2.3584285714285715,1.8187000000000002,2.8593128096223595,3.1855360753627795,all_crops,08_01
223,2024,wheat_spring,3.350857142857143,3.5340000000000003,3.375071339670005,3.3595219034834494,all_crops,08_01
223,2025,sunflower,3.305142857142857,2.1723,2.811455129868709,2.800872791931075,all_crops,08_01
224,2019,sunflower,3.961,2.4126000000000003,2.493015838948929,2.637142208437867,all_crops,08_01
224,2021,sunflower,2.0925,2.4053999999999998,2.3420081736080047,2.237771726020118,all_crops,08_01
224,2022,wheat_spring,3.079423076923077,3.5203,2.9270887727123585,3.0513687238147886,all_crops,08_01
224,2023,barley_spring,2.481451923076923,1.8806999999999998,2.4958295717361536,2.4837074810583704,all_crops,08_01
224,2024,wheat_winter,5.0582692307692305,4.9363,3.3311829041724357,3.203140172709023,all_crops,08_01
224,2025,sunflower,3.0742307692307693,2.718,2.8295661771645624,2.7985784716664344,all_crops,08_01
225,2019,sunflower,3.961,2.8852,2.411636383670597,2.5186819528588607,all_crops,08_01
225,2020,wheat_spring,2.335,3.5470999999999995,2.2488360522101636,2.258774409530432,all_crops,08_01
225,2021,sunflower,1.85,2.4835000000000003,2.2543165229219806,2.1006710945510845,all_crops,08_01
226,2019,sunflower,2.9829999999999997,2.3326000000000002,2.6291240355480126,2.6521900416616244,all_crops,08_01
226,2021,sunflower,2.4555,2.5431,2.497977703139311,2.5599897111933103,all_crops,08_01
226,2022,wheat_spring,1.6934999999999998,2.5872,2.949316875905765,3.1470386800961454,all_crops,08_01
226,2024,wheat_winter,4.9315,4.5445,3.6402490839484,3.4059630621978343,all_crops,08_01
226,2025,sunflower,3.0420000000000003,2.9094,2.8217692843823525,2.79118334860548,all_crops,08_01
227,2018,sunflower,2.613,2.0135,,,all_crops,08_01
227,2019,oil_seed_raps_spring,1.161,1.9179,2.6956609470114477,2.604438554087051,all_crops,08_01
227,2021,wheat_winter,2.8346242774566472,3.5711,2.79908448684778,2.843906436507682,all_crops,08_01
227,2022,wheat_winter,2.217514450867052,3.2383,2.7529019805233297,2.9458426935072346,all_crops,08_01
227,2023,sunflower,2.6015895953757227,2.3906,2.955665143546661,3.082838192510977,all_crops,08_01
227,2024,barley_spring,3.007739884393064,3.7159999999999997,3.251616722740938,3.1805095377086765,all_crops,08_01
227,2025,pea,1.5521965317919073,2.8562000000000003,3.042932486836511,2.8886925121317653,all_crops,08_01
228,2017,sunflower,3.34,2.7721,,,all_crops,08_01
228,2018,maize,3.312,4.3438,,,all_crops,08_01
228,2019,soya,1.468,1.4007,2.226954846767929,2.3262771786886227,all_crops,08_01
228,2020,wheat_winter,1.3,2.0305,2.6260619877869673,2.6849169914398137,all_crops,08_01
228,2021,wheat_winter,2.4169491525423727,3.7058,2.7748832089707935,2.8402545796862726,all_crops,08_01
228,2022,wheat_spring,4.564745762711865,3.4387,2.777621087255786,2.8730086687508676,all_crops,08_01
228,2023,wheat_winter,1.5016949152542372,2.2995,2.3760699243870262,2.318265715158489,all_crops,08_01
228,2024,sunflower,3.052881355932203,2.9244,2.605273324934649,2.751353655613038,all_crops,08_01
228,2025,wheat_spring,3.004576271186441,3.5229999999999997,3.368612285966202,3.5967765487047028,all_crops,08_01
229,2017,sunflower,3.34,2.2839,,,all_crops,08_01
229,2018,maize,3.312,3.5665,,,all_crops,08_01
229,2019,soya,1.468,1.5898999999999999,2.070404387222298,2.079439581794235,all_crops,08_01
229,2020,wheat_winter,3.285,2.221,2.648126206836949,2.8175200480254223,all_crops,08_01
229,2021,wheat_winter,2.9450000000000003,2.4469000000000003,2.7322011696517254,2.8634743339682096,all_crops,08_01
229,2022,wheat_spring,2.841666666666667,3.0135,2.6073017741718365,2.587216485966452,all_crops,08_01
229,2023,wheat_winter,3.443333333333334,2.076,2.4618434195941172,2.3536428173923496,all_crops,08_01
229,2024,sunflower,3.2544166666666663,2.2287,2.237842147768879,2.2384524306622033,all_crops,08_01
229,2025,wheat_spring,3.5050000000000003,3.1488,3.100530945833683,3.11496508306788,all_crops,08_01
230,2019,wheat_winter,4.503,3.9929,2.7576788646007366,2.8223024271943595,all_crops,08_01
230,2021,wheat_winter,2.123766816143498,3.134,2.835335211989423,2.932573517958099,all_crops,08_01
230,2022,sunflower,3.257219730941704,2.4592,2.6857907020766705,2.983087541550706,all_crops,08_01
230,2024,sunflower,3.2521793721973093,3.1405000000000003,3.000976382883868,3.0096296378545286,all_crops,08_01
230,2025,wheat_spring,3.6687443946188343,2.9788,3.4328878922821255,3.4165177145053756,all_crops,08_01
231,2017,wheat_spring,1.95,2.2209,,,all_crops,08_01
231,2019,wheat_winter,4.303,4.2558,2.7872282494190053,2.833070536453406,all_crops,08_01
231,2021,wheat_winter,3.5069787234042553,3.4015999999999997,2.821139106717774,2.83593870450281,all_crops,08_01
231,2022,wheat_winter,1.5712340425531914,2.288,2.5024062416044153,2.7122118589151807,all_crops,08_01
231,2023,sunflower,2.2995063829787235,1.7591999999999999,2.5030210696019077,2.6684583306083938,all_crops,08_01
231,2024,wheat_spring,3.806382978723404,4.3306,3.6271184479785887,3.445384600295435,all_crops,08_01
231,2025,pea,1.3324255319148937,2.5528,2.7771747780264615,2.7150632867180713,all_crops,08_01
232,2017,wheat_spring,1.95,2.7603,,,all_crops,08_01
232,2019,wheat_winter,3.404,4.1161,2.715420234610998,2.800271703602924,all_crops,08_01
232,2021,wheat_winter,3.2479729729729727,2.9818000000000002,2.970347829453271,3.048561018105899,all_crops,08_01
232,2022,wheat_winter,1.847837837837838,1.8508,2.357937547078602,2.4130237978472255,all_crops,08_01
232,2023,sunflower,2.6881993243243243,2.0155000000000003,2.714122113007161,3.0290866526065194,all_crops,08_01
232,2024,wheat_spring,3.330304054054054,4.5228,3.4622457845134584,3.3828609606734603,all_crops,08_01
232,2025,pea,1.8102027027027028,2.42,2.9219269842752342,2.8373520007818462,all_crops,08_01
233,2021,wheat_winter,3.6453846153846152,3.4055999999999997,2.8079948982973484,2.8451526794671307,all_crops,08_01
234,2021,wheat_winter,5.389142857142858,3.8293,2.9319430683406598,2.9294134323091194,all_crops,08_01
234,2022,wheat_spring,3.975428571428571,3.5832,2.760999159002434,2.8290751889001675,all_crops,08_01
234,2023,wheat_winter,1.7062857142857142,2.4153,2.5794995368125337,2.5623434628948636,all_crops,08_01
234,2024,sunflower,3.295057142857143,2.7715,2.34473891827665,2.511811282075717,all_crops,08_01
235,2021,wheat_winter,7.105,2.6723,2.922859088200294,2.9691085174833836,all_crops,08_01
235,2023,wheat_spring,2.2,2.1059,2.7831598410306184,3.270354392422403,all_crops,08_01
235,2025,barley_spring,1.53,3.3744,3.274573558713434,3.2429916419737905,all_crops,08_01
236,2019,wheat_winter,3.272,3.4598,2.8095291227470724,2.89017735761531,all_crops,08_01
236,2021,wheat_winter,2.8605,4.3366999999999996,2.9923739026438954,2.9725528246987993,all_crops,08_01
236,2022,sunflower,3.3475,2.7079,2.7381357694444572,2.982933090001263,all_crops,08_01
236,2023,wheat_spring,2.520375,2.685,2.971737021336715,3.3256414061223185,all_crops,08_01
236,2024,barley_spring,3.7585,3.5951,3.4593924057129293,3.416533308074887,all_crops,08_01
236,2025,sunflower,3.0025,2.7818,2.77518223884248,2.7834329120220778,all_crops,08_01
237,2019,wheat_winter,2.78,2.8564,2.7543928623021374,2.877127002431777,all_crops,08_01
237,2021,wheat_winter,3.2366666666666664,2.9443,2.691013007508082,2.7572420505272808,all_crops,08_01
237,2022,sunflower,2.515555555555556,2.3135000000000003,2.7120188006796835,3.0294634923402706,all_crops,08_01
237,2023,wheat_spring,1.6025,1.4324999999999999,2.6322284402975846,2.8319738126248803,all_crops,08_01
237,2024,barley_spring,4.871138888888889,4.8671,3.5392520764120996,3.4295609166554275,all_crops,08_01
237,2025,sunflower,3.3130555555555556,2.5092,2.8163729493839673,2.809807411463009,all_crops,08_01
238,2019,wheat_winter,3.5780000000000003,3.5906,2.9283884687548003,2.9151462814322473,all_crops,08_01
238,2021,wheat_winter,3.3530555555555552,3.4335999999999998,2.6731850818224707,2.7207797048847535,all_crops,08_01
238,2022,sunflower,2.1222222222222222,2.9125,2.691466760455102,3.0842387067668655,all_crops,08_01
238,2023,wheat_spring,2.198888888888889,1.5408,2.5988017679618762,2.824965179695955,all_crops,08_01
238,2024,barley_spring,4.613333333333333,4.6753,3.523697632621413,3.4306648454491366,all_crops,08_01
238,2025,sunflower,1.9090277777777775,2.747,2.6738216819999807,2.6170229986721805,all_crops,08_01
239,2019,wheat_winter,4.11,4.0351,2.8255343280579304,2.848147209938214,all_crops,08_01
239,2021,wheat_winter,3.16017094017094,3.5498,2.859464696251461,2.8936250682132183,all_crops,08_01
239,2022,sunflower,1.9928205128205128,2.8905000000000003,2.777845178339998,3.0874711729367976,all_crops,08_01
239,2024,barley_spring,5.670427350427351,4.9645,3.482542347578389,3.4103293718130363,all_crops,08_01
239,2025,sunflower,3.095213675213675,2.3272,2.7575073957732648,2.7737662389908144,all_crops,08_01
241,2018,oil_seed_raps_winter,1.281,1.4407999999999999,,,all_crops,08_01
241,2019,wheat_winter,2.933,4.7433,2.8553930553137254,2.9461646404482607,all_crops,08_01
241,2021,wheat_winter,1.9516049382716052,3.0191,2.8775066290616844,2.8753379371491588,all_crops,08_01
242,2017,sunflower,2.104,2.9555,,,all_crops,08_01
242,2018,maize,2.641,4.2372,,,all_crops,08_01
242,2019,soya,1.877,2.3604,2.270778732738353,2.3756060391464033,all_crops,08_01
242,2020,wheat_winter,1.28,3.127,2.6932539303246905,2.906675540437641,all_crops,08_01
242,2021,wheat_winter,2.2416393442622953,5.015,3.4122908326717063,3.527544057933127,all_crops,08_01
242,2022,wheat_spring,3.742622950819672,3.7286,2.608319936985971,2.6518468994083895,all_crops,08_01
242,2023,wheat_winter,1.7311475409836066,2.3003,2.360801289355039,2.2657381799028764,all_crops,08_01
242,2024,sunflower,2.8443278688524587,2.7931999999999997,2.436142230371215,2.565464106387194,all_crops,08_01
244,2018,sunflower,2.637,2.3053,,,all_crops,08_01
244,2020,wheat_winter,1.056,3.6428,2.572226244540877,2.6207731024889473,all_crops,08_01
244,2021,wheat_winter,2.4169811320754717,3.8305999999999996,2.8430487358535244,2.8459731148092033,all_crops,08_01
244,2022,wheat_spring,4.193867924528302,4.1091999999999995,3.021483358492319,3.1191877098322043,all_crops,08_01
244,2023,pea,1.9418867924528305,2.3918,2.882099577568808,2.95788225204863,all_crops,08_01
244,2024,wheat_spring,2.730603773584906,4.0973999999999995,3.1742011881241665,3.179818222218474,all_crops,08_01
244,2025,sunflower,4.282264150943396,2.8931,2.742905517368177,2.7850628142755536,all_crops,08_01
246,2018,sunflower,2.984,2.9079,,,all_crops,08_01
246,2021,wheat_winter,2.612439024390244,3.0855,2.8423960092355376,2.935957087380983,all_crops,08_01
246,2022,wheat_spring,1.6465853658536589,3.21,2.787024020004799,2.985347491997939,all_crops,08_01
246,2023,pea,1.6624390243902438,1.8864999999999998,2.719543331099879,2.8457145679084106,all_crops,08_01
246,2024,wheat_spring,3.884073170731708,4.0448,3.255333160405431,3.2435019645184404,all_crops,08_01
246,2025,sunflower,1.26,2.8019,2.8390161160519485,2.85770352591847,all_crops,08_01
247,2018,sunflower,2.554,2.2167000000000003,,,all_crops,08_01
247,2021,wheat_winter,3.5077483443708606,4.0771,2.9566414416719953,3.037456602381304,all_crops,08_01
247,2022,wheat_winter,1.5000662251655628,1.8768,2.3796018847233658,2.3898358536093323,all_crops,08_01
247,2023,sunflower,2.741453642384106,1.9655999999999998,2.919600139262924,3.1127129903998485,all_crops,08_01
247,2024,wheat_spring,2.6623311258278144,3.5598,3.359227571773884,3.251623522613071,all_crops,08_01
247,2025,barley_spring,4.1251655629139075,4.0761,3.7204898235570427,3.5901705745731527,all_crops,08_01
248,2017,oil_seed_raps_winter,2.366,2.836,,,all_crops,08_01
248,2018,wheat_winter,3.807,3.2927,,,all_crops,08_01
248,2019,soya,1.3039999999999998,1.5527,2.2892347583259145,2.3207804037730533,all_crops,08_01
248,2021,wheat_winter,2.4291851851851853,3.8601,2.764129838932132,2.869926645476355,all_crops,08_01
248,2022,pea,1.987925925925926,1.7357,2.7756064470404045,2.7526442143427645,all_crops,08_01
248,2023,wheat_winter,2.141,3.4366999999999996,2.4111966442537973,2.264578763846039,all_crops,08_01
248,2024,sunflower,3.441577777777778,3.0343,2.8132790977261957,2.9195423752145424,all_crops,08_01
248,2025,wheat_spring,3.630296296296296,3.3146,3.4984043867053414,3.5299116001345614,all_crops,08_01
249,2018,sunflower,2.024,2.0991,,,all_crops,08_01
249,2019,oil_seed_raps_spring,1.065,1.6362999999999999,2.478088482938587,2.435683883630518,all_crops,08_01
249,2021,wheat_winter,2.7772222222222225,3.2591,2.992593433140872,3.0793699227886755,all_crops,08_01
250,2018,sunflower,2.024,1.8995000000000002,,,all_crops,08_01
250,2019,wheat_winter,3.503,4.1259999999999994,2.569362104088974,2.585472045524113,all_crops,08_01
250,2021,wheat_winter,1.47,3.6005000000000003,2.874099910555514,3.0153206723935897,all_crops,08_01
250,2022,sunflower,3.0933333333333333,2.6524,2.6232882281064094,2.8126065327955923,all_crops,08_01
250,2023,wheat_spring,2.1600980392156863,2.4707999999999997,2.5784823435347515,2.747995822892093,all_crops,08_01
250,2024,barley_spring,5.983627450980393,5.0663,3.376661268568815,3.361406607516965,all_crops,08_01
250,2025,sunflower,2.8207352941176467,2.567,2.8705801962666935,2.8159472165406396,all_crops,08_01
251,2017,oil_seed_raps_winter,1.952,2.8411999999999997,,,all_crops,08_01
251,2018,wheat_winter,4.2219999999999995,4.6586,,,all_crops,08_01
251,2019,wheat_winter,2.295,3.59,2.8327995608796783,2.799973864730879,all_crops,08_01
251,2021,wheat_winter,3.0763779527559056,2.8600000000000003,2.820879579964137,2.921315748394022,all_crops,08_01
251,2023,sunflower,2.78692125984252,1.7517,2.796332296853634,3.119259705608982,all_crops,08_01
251,2024,wheat_spring,3.611023622047244,3.5784,3.4919650695808078,3.331959389545405,all_crops,08_01
251,2025,oil_seed_raps_spring,2.756299212598426,2.4497,2.08621808994126,2.038550775608117,all_crops,08_01
252,2017,sunflower,3.364,2.7283,,,all_crops,08_01
252,2019,wheat_winter,5.035,4.4774,2.924279009943472,2.9684663663204325,all_crops,08_01
252,2021,wheat_winter,2.8787951807228915,2.3573,2.637351443707881,2.7038198748704563,all_crops,08_01
252,2022,wheat_winter,2.358144578313253,2.337,2.394159986205933,2.294698754582493,all_crops,08_01
252,2023,sunflower,2.8884457831325303,1.9012,2.7704703587527084,3.200020651505205,all_crops,08_01
252,2024,wheat_spring,3.254939759036145,3.3287999999999998,3.182825864862996,3.1761577631266285,all_crops,08_01
252,2025,oil_seed_raps_spring,2.143734939759036,2.4377,2.093766981388679,2.056820436365284,all_crops,08_01
253,2017,sunflower,2.676,2.8157,,,all_crops,08_01
253,2019,wheat_winter,5.114,5.057,2.8774634922654667,2.8867485232608345,all_crops,08_01
253,2021,wheat_winter,2.4343529411764706,2.4524,2.7816712208795398,2.761971843175131,all_crops,08_01
253,2023,sunflower,2.599529411764706,2.4023,2.819744778530155,3.0816943193496233,all_crops,08_01
253,2024,wheat_spring,3.896,3.9287,3.1839372380253033,3.1780171307828544,all_crops,08_01
253,2025,oil_seed_raps_spring,2.353764705882353,2.3244,2.1886920564562624,2.0918537132790145,all_crops,08_01
254,2017,sunflower,2.936,3.3844000000000003,,,all_crops,08_01
254,2018,maize,3.281,5.2142,,,all_crops,08_01
254,2019,soya,1.136,1.613,2.2698849012759195,2.2437203636918728,all_crops,08_01
254,2021,wheat_winter,2.1813513513513514,3.4,2.7956633035617027,2.952616489602832,all_crops,08_01
254,2022,pea,2.314054054054054,1.9415,2.648451364024605,2.5967461625393384,all_crops,08_01
254,2024,sunflower,3.4018783783783784,3.0905,2.8030218464491465,2.9231257092264546,all_crops,08_01
254,2025,wheat_spring,4.105608108108108,3.3930999999999996,3.415634934806622,3.469601792212989,all_crops,08_01
255,2017,wheat_spring,2.0,2.5528,,,all_crops,08_01
255,2018,oil_seed_raps_winter,1.0,1.6267,,,all_crops,08_01
255,2019,wheat_winter,1.3,3.1391999999999998,2.9157671306817217,2.8319848902630547,all_crops,08_01
255,2020,sunflower,2.5,1.7849,2.1921841445860264,2.2367304403935133,all_crops,08_01
255,2021,wheat_spring,3.495357142857143,3.3379,2.916193040711689,3.072008418470134,all_crops,08_01
255,2023,sunflower,2.5888660714285714,1.7846,2.8550930700948154,3.2819284307699474,all_crops,08_01
255,2024,wheat_spring,4.0148214285714285,3.8499000000000003,3.5074896572841388,3.357269705448637,all_crops,08_01
255,2025,barley_spring,4.227857142857142,4.7113,3.957922351616827,4.597039738264844,all_crops,08_01
256,2018,soya,1.202,1.8221,,,all_crops,08_01
256,2019,wheat_winter,3.371,2.8604,2.8230943481219923,2.8869188885393116,all_crops,08_01
256,2020,sunflower,2.129,1.8350000000000002,2.192353396120036,2.254338024391812,all_crops,08_01
256,2021,wheat_spring,3.488928571428571,4.1288,3.04176930870532,3.2089364446376267,all_crops,08_01
256,2023,wheat_winter,1.0053571428571428,2.1721,2.9122408200084817,3.2292553821765715,all_crops,08_01
256,2024,wheat_spring,5.977232142857143,4.4814,3.587313708146409,3.414751449140159,all_crops,08_01
256,2025,sunflower,3.738928571428571,2.6791,2.9693296583369837,3.029897683481685,all_crops,08_01
257,2017,barley_spring,2.032,3.8987000000000003,,,all_crops,08_01
257,2019,wheat_winter,4.893,4.8957999999999995,2.8726695253823955,2.8052266683081815,all_crops,08_01
257,2022,barley_spring,1.7641666666666669,3.8579999999999997,3.176694333593558,3.262856198795474,all_crops,08_01
257,2023,wheat_spring,2.75025,2.7828,3.0616414635176254,3.4578431449258202,all_crops,08_01
257,2024,pea,1.4186666666666667,2.9443,2.9712562845110546,2.987829664543213,all_crops,08_01
257,2025,barley_spring,1.53,3.4939,2.9423583295294735,3.042108895218882,all_crops,08_01
258,2017,sunflower,1.533,2.8879,,,all_crops,08_01
258,2019,oil_seed_raps_spring,1.763,2.0236,2.7167985757283954,2.7011089794969627,all_crops,08_01
258,2020,sunflower,1.277,2.0997,2.234221130600229,2.234958237549794,all_crops,08_01
258,2021,wheat_spring,3.369101123595506,3.1010999999999997,2.674850110093128,2.930556324398997,all_crops,08_01
258,2022,sunflower,2.0300786516853933,2.3971,2.7209622547607943,3.0059480499209847,all_crops,08_01
258,2023,wheat_spring,1.3868539325842697,1.4845000000000002,2.5639192732933225,2.780953103438104,all_crops,08_01
258,2024,wheat_spring,5.062359550561798,4.6847,3.3525425296644964,3.322790000313683,all_crops,08_01
258,2025,sunflower,3.607977528089888,2.8251,2.894451600108864,2.8601448593445076,all_crops,08_01
259,2018,sunflower,1.88,2.3565,,,all_crops,08_01
259,2020,sunflower,1.813,1.828,2.391809473543987,2.3306944138304058,all_crops,08_01
259,2021,wheat_spring,3.2456022408963587,3.6368,2.709262090585163,2.9210324838465636,all_crops,08_01
259,2022,sunflower,2.027221288515406,1.9411,2.7157073475775757,3.1245233893074156,all_crops,08_01
259,2023,wheat_spring,1.08003081232493,1.7033,2.6003235932495317,2.6872051339404597,all_crops,08_01
259,2024,sunflower,2.8320560224089637,2.8565,2.9327990609454218,2.9290919058201137,all_crops,08_01
259,2025,wheat_spring,2.1594957983193277,3.0833,2.995449422196824,2.934884583163325,all_crops,08_01
260,2017,wheat_spring,1.98,2.1127,,,all_crops,08_01
260,2018,oil_seed_raps_winter,1.201,1.5230000000000001,,,all_crops,08_01
260,2019,sunflower,2.3600000000000003,2.131,2.2950704360038134,2.249396371787752,all_crops,08_01
260,2021,wheat_spring,4.1022,3.8502,3.1092352907731655,3.1614733818111826,all_crops,08_01
260,2022,barley_spring,3.7374,2.6054,2.8823363516127998,3.0310414933349827,all_crops,08_01
260,2023,sunflower,1.8446,1.6824999999999999,2.846962209050047,3.1750151726103963,all_crops,08_01
260,2024,wheat_spring,3.2132,3.6881,3.323099070336656,3.320636196639466,all_crops,08_01
261,2017,wheat_spring,2.691,1.9497,,,all_crops,08_01
261,2018,oil_seed_raps_winter,1.201,1.7742999999999998,,,all_crops,08_01
261,2019,sunflower,2.036,2.1744,2.449088167913502,2.4598314254602465,all_crops,08_01
261,2021,wheat_spring,5.387428571428572,4.5714,3.125042442664775,3.14781601757744,all_crops,08_01
261,2022,wheat_spring,4.008571428571429,2.5712,2.8327206185086458,3.0431699110295116,all_crops,08_01
261,2023,sunflower,2.853857142857143,1.7447,2.842970039914915,3.134073488215493,all_crops,08_01
261,2024,wheat_spring,4.122771428571428,4.4544,3.4275463319535024,3.3578649898690984,all_crops,08_01
261,2025,barley_spring,4.780285714285714,4.103199999999999,3.7164193842830313,3.683899937265815,all_crops,08_01
262,2017,wheat_winter,1.461,2.3451,,,all_crops,08_01
262,2018,sunflower,2.362,2.5385,,,all_crops,08_01
262,2020,sunflower,2.065,1.9881,2.254585287390142,2.2393488233468823,all_crops,08_01
262,2021,wheat_spring,4.116052631578947,3.3457,2.7624143674091357,2.9953848092975166,all_crops,08_01
262,2022,sunflower,2.051684210526316,2.0908,2.7483563528624666,3.010231045466928,all_crops,08_01
262,2023,wheat_spring,1.9040657894736843,1.7620999999999998,2.6535075173530465,2.9046505139294876,all_crops,08_01
262,2024,wheat_spring,4.339473684210526,3.9265,3.4503959212263617,3.3568291957020584,all_crops,08_01
263,2020,sunflower,2.775,1.6735,2.081373702391171,2.1491032015270584,all_crops,08_01
263,2021,wheat_spring,3.779,4.3385,3.1829659460938124,3.3047644965550216,all_crops,08_01
263,2022,sunflower,2.1305,2.2052,3.036082352909972,3.2546612876166434,all_crops,08_01
263,2023,wheat_spring,1.15425,1.8824,2.920789697703539,3.4250389239427763,all_crops,08_01
263,2024,pea,2.317,3.1907,3.6444497914152443,3.2062288948180986,all_crops,08_01
263,2025,barley_spring,1.53,3.7298999999999998,3.472439802427556,3.4003092939153112,all_crops,08_01
264,2020,sunflower,2.915,2.1106000000000003,2.0700194617274192,2.1629778935155684,all_crops,08_01
264,2021,wheat_spring,3.725,3.7702,3.2108789736947303,3.3542136321032245,all_crops,08_01
264,2022,sunflower,4.337,2.2992999999999997,2.9865810831341535,3.253671224661426,all_crops,08_01
264,2023,wheat_spring,3.37975,1.8622,2.9892448648600736,3.4469134603445233,all_crops,08_01
264,2025,barley_spring,1.53,3.4492,3.3398530312139783,3.3972786273266964,all_crops,08_01
265,2020,sunflower,1.7,2.538,2.043783885282566,2.1204969537178013,all_crops,08_01
265,2021,wheat_spring,3.063,4.4486,2.844814757734927,3.053250535418233,all_crops,08_01
265,2023,wheat_spring,1.308,2.2765999999999997,3.07792105574635,3.530198268753367,all_crops,08_01
265,2025,barley_spring,1.53,3.4356999999999998,7.344600737854926,7.718355753429508,all_crops,08_01
266,2021,wheat_spring,3.4250000000000003,4.3322,3.2162816023204712,3.383102563121295,all_crops,08_01
266,2023,wheat_spring,1.1466666666666667,1.7693999999999999,2.8983222207300208,3.404365356943864,all_crops,08_01
266,2025,barley_spring,1.53,4.1642,3.1480146113286,3.156818291882663,all_crops,08_01
267,2021,wheat_spring,3.725,3.8779000000000003,3.06098292486716,3.2232334160227767,all_crops,08_01
267,2025,barley_spring,1.53,3.2036000000000002,3.442269096141265,3.406041483284106,all_crops,08_01
268,2018,soya,1.6190000000000002,1.6102,,,all_crops,08_01
268,2019,wheat_winter,2.901,4.4725,2.7814854015565404,2.846961274130801,all_crops,08_01
268,2021,wheat_spring,3.504,3.1618,2.426906628757644,2.256393662573961,all_crops,08_01
268,2023,wheat_spring,2.2885,2.0288,2.4679673431045526,2.57705263298313,all_crops,08_01
268,2024,barley_spring,4.772,3.893,3.367017788004236,3.3994294264659315,all_crops,08_01
268,2025,sunflower,1.856,2.621,2.5947233530850116,2.6343411010229016,all_crops,08_01
269,2017,sunflower,2.451,3.2578000000000005,,,all_crops,08_01
269,2020,sunflower,1.972,1.9777999999999998,2.2733073249526323,2.1978206683909725,all_crops,08_01
269,2021,wheat_spring,3.465045045045045,4.0899,2.8424818866030046,3.013932471818417,all_crops,08_01
269,2022,sunflower,2.086126126126126,2.4829999999999997,2.7862646504086737,3.1110213573253707,all_crops,08_01
269,2023,wheat_spring,1.7825225225225227,1.3948,2.7760543402642495,3.2199589321413122,all_crops,08_01
269,2024,wheat_spring,4.250810810810811,4.2761000000000005,3.5107920282361613,3.383774906711449,all_crops,08_01
269,2025,sunflower,3.00081981981982,3.2369,2.857220911519213,2.778127014381086,all_crops,08_01
270,2017,wheat_spring,2.4219999999999997,3.4082,,,all_crops,08_01
270,2018,oil_seed_raps_winter,1.62,2.2741,,,all_crops,08_01
270,2019,sunflower,2.207,1.8076,2.251187462580128,2.211792936649217,all_crops,08_01
270,2021,wheat_spring,4.891379310344828,3.8804000000000003,2.982358285958398,3.059363242814377,all_crops,08_01
270,2022,wheat_spring,3.61751724137931,3.2122,2.7117902819256336,2.8758611155586085,all_crops,08_01
270,2023,sunflower,2.901551724137931,1.72,2.7373384892352184,3.066724361993499,all_crops,08_01
270,2024,wheat_spring,4.382758620689655,4.1613999999999995,3.4397524792315046,3.330115890149027,all_crops,08_01
270,2025,barley_spring,5.528620689655173,4.2141,4.165027393319049,4.779072342198769,all_crops,08_01
271,2017,wheat_spring,2.4219999999999997,2.3134,,,all_crops,08_01
271,2018,oil_seed_raps_winter,1.62,1.8580999999999999,,,all_crops,08_01
271,2019,sunflower,2.673,1.9045999999999998,2.461168230797989,2.4781797134710213,all_crops,08_01
271,2021,wheat_spring,4.884745762711864,4.0124,3.218583281059549,3.2498664756927638,all_crops,08_01
271,2022,wheat_spring,2.6278644067796613,3.3354,3.0269342421998573,3.1339225437092355,all_crops,08_01
271,2023,sunflower,2.458762711864407,1.6120999999999999,2.7852282322633277,3.342048251715786,all_crops,08_01
271,2024,wheat_spring,3.931627118644068,4.593500000000001,3.3419119253603276,3.3283463685879093,all_crops,08_01
271,2025,barley_spring,4.394915254237288,4.221,3.9281831663858995,4.541909595670461,all_crops,08_01
272,2017,sunflower,3.082,2.6418,,,all_crops,08_01
272,2019,sunflower,2.665,1.9685,2.4695137604372785,2.658132449751129,all_crops,08_01
272,2020,maize,9.02,3.0773,2.7045467161874672,2.8117012482986063,all_crops,08_01
272,2021,sunflower,2.22,2.2183,2.358962298075032,2.2761534636218106,all_crops,08_01
272,2022,wheat_spring,4.4904,3.8811,3.036071239802642,3.2532991516372958,all_crops,08_01
272,2023,sunflower,1.3512,1.6882000000000001,2.726684948443179,3.009730935213349,all_crops,08_01
272,2024,wheat_spring,4.2312,4.6043,3.625694839116588,3.3914736781629578,all_crops,08_01
272,2025,wheat_spring,3.1792,4.3223,3.787914550463792,3.8194989513212554,all_crops,08_01
273,2017,wheat_spring,2.295,3.2759,,,all_crops,08_01
273,2018,sunflower,2.804,2.6668,,,all_crops,08_01
273,2019,wheat_spring,4.083,3.8867,2.6282403279034012,2.720237447287884,all_crops,08_01
273,2021,barley_spring,3.0677777777777777,3.3529000000000004,3.0094487874927616,3.1678671185969822,all_crops,08_01
273,2022,wheat_winter,2.052962962962963,2.6808,2.967443695035388,3.121104776941662,all_crops,08_01
273,2023,wheat_winter,1.0088888888888887,2.1881,2.728319843992085,3.187982627759566,all_crops,08_01
273,2024,sunflower,3.591851851851852,3.1408,2.850933686424512,2.977586134300188,all_crops,08_01
273,2025,wheat_spring,4.41962962962963,4.3208,3.8719472254723684,4.524408209497637,all_crops,08_01
274,2017,wheat_spring,1.552,2.1511,,,all_crops,08_01
274,2018,soya,1.6629999999999998,2.1393,,,all_crops,08_01
274,2019,sunflower,2.945,2.1443000000000003,2.46096451604457,2.5064410997128355,all_crops,08_01
274,2020,wheat_spring,1.027,1.3039999999999998,2.2838902133982466,2.1977239405945914,all_crops,08_01
274,2022,wheat_winter,2.9904639175257732,2.3949000000000003,2.503067986944663,2.519012321399246,all_crops,08_01
274,2024,sunflower,3.090886597938144,3.2063,2.7879986162398382,2.891778060518736,all_crops,08_01
274,2025,wheat_spring,4.829072164948454,3.7454,3.591105641442493,3.5546405553502574,all_crops,08_01
276,2019,sunflower,1.6,2.8466,2.2316872979678544,2.288794706340127,all_crops,08_01
276,2021,sunflower,3.422096774193548,2.5587,2.446566895774872,2.512265424067129,all_crops,08_01
276,2022,wheat_spring,2.9274193548387095,2.7839,2.475904435927702,2.5441393132525083,all_crops,08_01
276,2023,sunflower,2.634193548387097,2.1459,2.994189379830621,3.1592883097237525,all_crops,08_01
276,2024,wheat_spring,3.63741935483871,3.7741999999999996,3.5229774518289734,3.3578498521887323,all_crops,08_01
276,2025,wheat_spring,1.4903225806451614,3.6445999999999996,3.1063570833830014,3.2199931619491045,all_crops,08_01
277,2019,sunflower,2.573,2.9033,2.4836697908098806,2.5570618107740204,all_crops,08_01
277,2021,sunflower,3.3421333333333334,2.5161000000000002,2.4388432548209966,2.5242600670022823,all_crops,08_01
277,2022,wheat_spring,1.5733333333333333,3.1663,2.6088431299496357,2.761483162929291,all_crops,08_01
277,2023,sunflower,2.6744000000000003,1.9509,2.669019010216895,2.940716402862183,all_crops,08_01
277,2024,wheat_spring,4.257866666666667,2.9864,3.517103630732636,3.359961351102198,all_crops,08_01
277,2025,wheat_spring,1.9090666666666667,2.5618,2.88889387098388,2.867000603399279,all_crops,08_01
278,2017,wheat_winter,2.4,2.6254,,,all_crops,08_01
278,2018,oil_seed_raps_winter,1.405,1.903,,,all_crops,08_01
278,2019,wheat_winter,4.669,3.9235999999999995,2.7363997382256233,2.757485489171053,all_crops,08_01
278,2021,barley_spring,5.365869565217392,3.6795,2.3752373822264983,2.2445103874014887,all_crops,08_01
278,2022,sunflower,2.907608695652174,2.1463,2.750484180152443,3.096253278931074,all_crops,08_01
278,2023,wheat_spring,1.7219565217391304,1.423,2.877603092182725,3.3737386602155612,all_crops,08_01
278,2024,pea,2.430869565217391,3.4686999999999997,3.029406940669993,3.0308326854244325,all_crops,08_01
278,2025,wheat_winter,3.899173913043478,2.7512,3.042291382539372,2.8899328601765397,all_crops,08_01
279,2017,wheat_winter,2.378,2.0976,,,all_crops,08_01
279,2018,oil_seed_raps_winter,1.612,1.3649,,,all_crops,08_01
279,2019,wheat_winter,5.385,3.6438,2.7159189165399367,2.7365589950204545,all_crops,08_01
279,2023,wheat_spring,1.069090909090909,1.3980000000000001,2.871336829304666,3.3950423634185363,all_crops,08_01
279,2024,pea,1.87,2.9349,3.0723503722235224,3.060894447084041,all_crops,08_01
279,2025,wheat_winter,4.40060606060606,3.2708,3.646736065022168,3.5148546051529195,all_crops,08_01
280,2017,soya,1.096,1.8565,,,all_crops,08_01
280,2021,barley_spring,3.253586956521739,3.4293,2.986106032011648,3.0619000910874004,all_crops,08_01
280,2023,wheat_spring,1.953478260869565,1.3969,2.638620494291909,2.9954725330557594,all_crops,08_01
280,2025,sunflower,4.019456521739131,2.816,2.7281158052810612,2.738370214022192,all_crops,08_01
282,2018,sunflower,2.754,2.5024,,,all_crops,08_01
282,2019,maize,3.804,4.5992,2.871249044547761,2.9603005286689084,all_crops,08_01
282,2020,sunflower,1.222,1.5104,2.0426354875583224,2.0935927711282933,all_crops,08_01
282,2021,barley_spring,3.4048936170212767,3.5969,3.043301596033288,3.125640352645203,all_crops,08_01
282,2022,sunflower,1.2691489361702126,2.2469,2.578677790082924,2.7589263019478474,all_crops,08_01
282,2023,wheat_spring,1.9701702127659575,1.4868000000000001,2.18810586300725,1.9926143622107932,all_crops,08_01
282,2025,sunflower,3.9023404255319143,2.9577,2.894468950047287,2.816102511314466,all_crops,08_01
283,2017,oil_seed_raps_winter,2.388,2.5452000000000004,,,all_crops,08_01
283,2018,wheat_winter,3.1239999999999997,2.6236,,,all_crops,08_01
283,2019,sunflower,2.638,2.2704,2.2139522730556522,2.195179450291814,all_crops,08_01
283,2021,barley_spring,5.287594936708861,4.0087,2.803557862692813,3.0083829340026575,all_crops,08_01
283,2022,sunflower,3.713924050632911,2.2559,2.6286257128693253,2.8707857944738824,all_crops,08_01
283,2023,wheat_spring,1.430253164556962,1.2363,2.8218587446472814,3.2634429663939715,all_crops,08_01
283,2025,sunflower,4.0171455696202525,2.7298999999999998,2.8593137655863363,2.7789639715086687,all_crops,08_01
284,2020,wheat_spring,1.27,2.0236,2.0818272560128332,2.1263628036739997,all_crops,08_01
284,2021,wheat_spring,3.5273333333333334,3.8838,3.3040263375555265,3.466275739750431,all_crops,08_01
284,2022,sunflower,2.223333333333333,2.1607,2.851267420887402,3.0814663443504884,all_crops,08_01
284,2024,pea,1.328,3.3015999999999996,2.7601749033194922,2.8269668165329453,all_crops,08_01
284,2025,barley_spring,1.53,4.0414,2.9591566555727344,3.0431970046369066,all_crops,08_01
286,2021,wheat_spring,3.971888888888889,3.838,3.000636757534677,3.2025349152231217,all_crops,08_01
286,2023,wheat_spring,1.291111111111111,2.4629000000000003,3.0046737057580293,3.387010392622283,all_crops,08_01
286,2025,barley_spring,1.53,3.7794,2.8484661050316604,2.8012702851747298,all_crops,08_01
287,2021,barley_spring,5.6,3.5579,2.490684282398361,2.2826599903342184,all_crops,08_01
287,2025,barley_spring,1.53,2.5007,6.968306232187985,7.337176200029573,all_crops,08_01
288,2021,wheat_spring,3.5825,2.9788,2.9384619430646906,3.1020149113115023,all_crops,08_01
288,2023,wheat_spring,1.445,1.9747,2.6225526430955766,2.9975093406590534,all_crops,08_01
288,2025,barley_spring,1.53,4.1669,3.0443273243844016,3.0342493597570783,all_crops,08_01
289,2021,wheat_spring,3.8523529411764703,4.164,3.17308323897924,3.299223207059296,all_crops,08_01
289,2023,wheat_spring,1.2705882352941178,2.0187999999999997,2.6066222582204164,2.9353932488543486,all_crops,08_01
289,2025,barley_spring,1.53,4.5237,3.019614429405941,3.033640865197847,all_crops,08_01
291,2021,wheat_spring,3.172833333333333,4.0111,2.9200443266937484,3.063939136247542,all_crops,08_01
291,2023,wheat_spring,1.5506666666666666,1.9268999999999998,2.9761050301970875,3.462167929843285,all_crops,08_01
291,2025,barley_spring,1.53,3.4165,2.6511135453378074,2.6888034883700316,all_crops,08_01
292,2021,sunflower,2.01,2.8632,2.394603051550785,2.3297414861536434,all_crops,08_01
292,2022,wheat_spring,2.2251000000000003,3.3101999999999996,2.8091638494346034,3.035991884505142,all_crops,08_01
292,2023,barley_spring,3.2198,2.4019,2.507989553351245,2.5341363563314463,all_crops,08_01
292,2024,wheat_spring,4.2,3.8694,3.5159876150665923,3.326370722089466,all_crops,08_01
292,2025,sunflower,2.718,2.1951,2.6347170040532726,2.6116023440050027,all_crops,08_01
293,2017,wheat_winter,1.821,2.3457,,,all_crops,08_01
293,2019,wheat_winter,3.729999999999999,4.3009,2.6745368852446227,2.6380656785067416,all_crops,08_01
293,2021,sunflower,2.3242696629213486,2.5933,2.534412967737972,2.5573633822429684,all_crops,08_01
293,2022,wheat_spring,2.6255842696629212,2.9364,2.9631906570759114,3.0358919744840094,all_crops,08_01
293,2023,barley_spring,2.157528089887641,1.9,2.8157965840142576,3.1682860726089905,all_crops,08_01
293,2024,wheat_spring,3.62561797752809,3.9531,3.4124339901959058,3.3830579233301923,all_crops,08_01
293,2025,sunflower,3.067640449438202,2.739,2.7865977709597756,2.737050602020444,all_crops,08_01
295,2017,wheat_winter,1.227,2.1571000000000002,,,all_crops,08_01
295,2018,oil_seed_raps_winter,1.45,1.7053,,,all_crops,08_01
295,2019,wheat_winter,2.899,3.6635,2.7889303386393838,2.825689123869988,all_crops,08_01
295,2021,barley_spring,4.090206896551725,3.4863,2.433904728283978,2.2902375904012096,all_crops,08_01
295,2022,sunflower,1.9825241379310343,2.1238,2.6908991074738076,3.0291791143567672,all_crops,08_01
295,2024,pea,1.4772413793103447,3.2598,3.1318207706642847,3.090114379834882,all_crops,08_01
295,2025,wheat_spring,4.596137931034483,3.1723,3.6556896759661024,3.7137703052847506,all_crops,08_01
296,2017,soya,1.686,2.0169,,,all_crops,08_01
296,2018,sunflower,1.607,2.391,,,all_crops,08_01
296,2019,maize,3.401,4.0557,2.6009130025514757,2.4498255933366253,all_crops,08_01
296,2020,sunflower,1.972,1.7032,2.2506545020961335,2.2465401145832957,all_crops,08_01
296,2023,wheat_spring,1.3890526315789475,1.3832,2.8152882883912542,3.4619021276442266,all_crops,08_01
296,2025,wheat_winter,4.57658947368421,4.1879,4.043150005517978,4.652596188337212,all_crops,08_01
297,2021,wheat_spring,3.676,3.4263,2.3660384755489905,2.1722075521207773,all_crops,08_01
297,2023,wheat_spring,2.572,1.9853,2.833657420998642,3.4104168760100957,all_crops,08_01
297,2025,barley_spring,1.53,3.4391,2.8736228025100803,2.7872464239288566,all_crops,08_01
298,2018,sunflower,1.546,2.2565999999999997,,,all_crops,08_01
298,2019,wheat_spring,3.6,3.1739,2.6835720858997294,2.7445962592639455,all_crops,08_01
298,2020,soya,1.824,2.6235,2.426174633776931,2.3996241981722237,all_crops,08_01
298,2021,maize,8.829758333333332,6.0009999999999994,3.4507269892960037,3.596779125149225,all_crops,08_01
298,2022,barley_spring,3.4287916666666667,3.1485,2.832853343082291,3.0796284376374667,all_crops,08_01
298,2023,sunflower,2.0416666666666665,1.8511,2.9653314173408174,3.1150803928516977,all_crops,08_01
298,2024,wheat_spring,3.408333333333333,3.931,3.4600996322380437,3.380378558480394,all_crops,08_01
298,2025,pea,2.2106666666666666,2.8171,3.1317718620921857,3.1287623379090275,all_crops,08_01
299,2018,barley_spring,2.903225806451613,2.3882000000000003,,,all_crops,08_01
299,2019,sunflower,3.3020000000000005,2.4279,2.563899576055314,2.574118210816375,all_crops,08_01
299,2020,wheat_spring,2.506,2.3096,2.5078376386451775,2.3606616988036127,all_crops,08_01
299,2021,wheat_winter,3.2053456221198156,3.0163,2.918442452583945,2.9339774119061697,all_crops,08_01
299,2022,wheat_winter,4.0,3.4467,2.6386812521592096,2.8305808423927283,all_crops,08_01
299,2023,sunflower,3.345622119815668,2.0437000000000003,3.0102211548631237,3.130340313346404,all_crops,08_01
299,2024,barley_spring,3.720276497695852,4.2798,3.237110339305544,3.1377880612808835,all_crops,08_01
299,2025,pea,2.5146082949308752,3.2853000000000003,3.3025080165866516,3.178814922125257,all_crops,08_01
300,2018,barley_spring,3.6,3.3857,,,all_crops,08_01
300,2019,buckwheat,2.145,,2.6594772247762104,2.5614771176416116,all_crops,08_01
300,2020,wheat_spring,1.901,2.2412,2.4258300493788885,2.3673746223429837,all_crops,08_01
300,2021,wheat_winter,2.8021818181818183,2.7914000000000003,2.6300691176549162,2.7273436670474482,all_crops,08_01
300,2022,wheat_winter,2.810545454545455,2.8258,2.6597404291290885,2.8373274006915494,all_crops,08_01
300,2023,sunflower,3.5636363636363635,1.9315000000000002,3.1927248827402934,3.361734808718641,all_crops,08_01
300,2024,barley_spring,4.142545454545455,4.0782,3.3185489093211755,3.337617371935124,all_crops,08_01
300,2025,sunflower,3.1365454545454545,2.5847,2.951588743441069,2.9314114630122083,all_crops,08_01
301,2018,wheat_spring,3.2851985559566788,2.3687,,,all_crops,08_01
301,2019,buckwheat,1.925,,2.7961080100523965,2.8450402423933197,all_crops,08_01
301,2020,wheat_spring,2.851,1.9575,2.44290512991986,2.3418217920897093,all_crops,08_01
301,2021,wheat_winter,2.3384115523465705,2.5307,2.9172428036112334,2.9379088363822627,all_crops,08_01
301,2022,wheat_winter,3.303068592057762,3.4735,2.490989315567192,2.50921188788756,all_crops,08_01
301,2023,sunflower,2.6101083032490973,1.6184999999999998,2.3884743097665835,2.3872966607548243,all_crops,08_01
301,2024,wheat_spring,2.888086642599278,4.3213,3.7584660695996455,3.594806152362699,all_crops,08_01
301,2025,sunflower,2.495162454873646,3.1425,2.8001663208776737,2.8200266847053563,all_crops,08_01
302,2019,sunflower,2.592,2.3443,2.843809538518996,2.871921371407735,all_crops,08_01
302,2020,wheat_spring,2.43,2.602,2.640784879739818,2.666894402961395,all_crops,08_01
302,2021,wheat_spring,1.2724444444444445,2.1259,2.233833263284124,2.1681584559533396,all_crops,08_01
302,2022,sunflower,3.147777777777778,2.7268999999999997,2.964823733628156,3.2001827496715283,all_crops,08_01
302,2023,wheat_spring,2.0,1.9914999999999998,2.614210534273243,2.746579475443039,all_crops,08_01
302,2025,sunflower,2.7764444444444445,2.4439,2.8059452855055302,2.860676747755277,all_crops,08_01
303,2018,barley_spring,2.45,2.214,,,all_crops,08_01
303,2019,buckwheat,2.568,,2.925983732536931,3.046423524505436,all_crops,08_01
303,2020,wheat_spring,2.463,2.9771,2.3870592065027476,2.413218911271343,all_crops,08_01
303,2021,rye_winter,3.52125,3.7601,3.7996941640851523,3.6288124947315366,all_crops,08_01
303,2022,sunflower,3.539,2.8109,2.892612386490406,3.2571492508956874,all_crops,08_01
303,2023,barley_spring,1.628,2.7884,2.7892880877130573,2.985185244193496,all_crops,08_01
303,2024,pea,3.313,3.3322000000000003,3.1737078736870616,3.166456650056395,all_crops,08_01
303,2025,wheat_winter,5.6745,5.0234000000000005,4.3327349492254665,4.97385405751462,all_crops,08_01
304,2018,wheat_spring,2.2532467532467533,2.398,,,all_crops,08_01
304,2019,sunflower,2.665,2.0768,2.480130842478809,2.552464946376625,all_crops,08_01
304,2020,wheat_spring,1.974025974025974,2.4179,2.4301303944880512,2.3284204638228956,all_crops,08_01
304,2021,rye_winter,2.693311688311688,3.1229,3.5728638539504796,3.541405686953442,all_crops,08_01
304,2022,sunflower,3.0357142857142856,2.6405000000000003,2.745405967637933,2.967154967141945,all_crops,08_01
304,2023,wheat_spring,2.142857142857143,1.504,2.4988459412629607,2.5480901341619306,all_crops,08_01
304,2024,wheat_spring,4.071428571428571,5.1472999999999995,3.616433962753807,3.5078251658123216,all_crops,08_01
304,2025,sunflower,2.1645454545454546,2.7464,2.8633645802583363,2.846892622188413,all_crops,08_01
305,2018,avena_spring,3.5420000000000003,,,,all_crops,08_01
305,2019,sunflower,1.614,1.7062000000000002,2.4483857777935665,2.4445794858488776,all_crops,08_01
305,2020,wheat_spring,3.353,3.0336,2.5615342150899845,2.500886549567669,all_crops,08_01
305,2021,sunflower,3.1040952380952382,2.5433,2.653036666396489,2.896087726981711,all_crops,08_01
305,2022,wheat_spring,3.257047619047619,3.6316,3.2097460289263693,3.3361239252756087,all_crops,08_01
305,2023,barley_spring,2.813904761904762,2.2044,3.2140955213221694,3.456329648116145,all_crops,08_01
305,2024,wheat_winter,5.032571428571428,5.0891,4.139985745281823,3.677738062567058,all_crops,08_01
305,2025,sunflower,2.768857142857143,2.8078,2.955651952483118,2.8710618229176315,all_crops,08_01
306,2018,maize,4.061999999999999,3.8874000000000004,,,all_crops,08_01
306,2019,sunflower,2.589,2.1121,2.5172570167189483,2.3914826393839745,all_crops,08_01
306,2020,wheat_spring,3.3229999999999995,2.8575,2.537527413429443,2.4791691375530185,all_crops,08_01
306,2021,sunflower,3.315628415300546,2.6155999999999997,2.5767112208790603,2.726862296544724,all_crops,08_01
306,2023,wheat_winter,3.240437158469945,1.8806999999999998,3.129061317159744,3.3072526841092413,all_crops,08_01
307,2021,wheat_winter,1.828235294117647,3.9089,2.5747245336789395,2.5907491170908807,all_crops,08_01
307,2022,pea,2.614705882352941,2.1492,2.807532776540912,2.9762605408631178,all_crops,08_01
307,2023,sunflower,1.6470588235294117,1.5692,3.0243752204866796,3.304176721668829,all_crops,08_01
308,2018,wheat_spring,3.128,2.7847,,,all_crops,08_01
308,2019,sunflower,3.2310000000000003,2.3562000000000003,2.5082328190393786,2.4819238667099457,all_crops,08_01
308,2020,wheat_spring,2.121,2.3893999999999997,2.486271231758203,2.3932149768770254,all_crops,08_01
308,2021,sunflower,4.128571428571428,2.5884,2.3382636120836806,2.3571553356443493,all_crops,08_01
308,2022,wheat_spring,2.6720779220779223,3.2049999999999996,3.150498673496897,3.2823018849660412,all_crops,08_01
308,2024,wheat_winter,6.613961038961039,5.8338,4.06888418210374,3.5757979375191242,all_crops,08_01
308,2025,sunflower,3.56038961038961,2.9364999999999997,3.077785231388514,3.072508839844464,all_crops,08_01
309,2019,sunflower,3.0,2.8731,2.54248309244832,2.507517706223709,all_crops,08_01
309,2020,wheat_spring,1.4220000000000002,1.7725000000000002,2.425947652506821,2.3481861383945883,all_crops,08_01
310,2018,wheat_spring,2.5636363636363635,2.9312,,,all_crops,08_01
310,2020,wheat_spring,1.519,1.4651,2.2261188889145975,2.1773308473699013,all_crops,08_01
310,2022,wheat_spring,3.978,4.8331,3.3847515534645667,3.88511615115857,all_crops,08_01
310,2023,sunflower,1.7121212121212122,2.192,2.439065877667049,2.455533337730426,all_crops,08_01
310,2024,wheat_spring,3.763636363636364,4.292,3.558842464628324,3.431627060105928,all_crops,08_01
310,2025,barley_spring,6.152151515151515,4.0839,3.9072454384636788,4.490675516840388,all_crops,08_01
311,2018,wheat_spring,3.529166666666667,2.8967,,,all_crops,08_01
311,2019,soya,2.5460000000000003,2.0549,2.093697525192607,2.0137533953640294,all_crops,08_01
311,2020,maize,5.118,4.912599999999999,2.8969616764699633,3.0778407189509065,all_crops,08_01
311,2022,wheat_winter,3.099083333333333,2.9229,2.6611293792741635,2.8244293297705707,all_crops,08_01
311,2023,sunflower,3.220833333333333,2.3890000000000002,3.212024808629511,3.3141835111306137,all_crops,08_01
311,2024,wheat_spring,3.84925,4.869400000000001,3.5497132354091123,3.448036326460596,all_crops,08_01
311,2025,soya,1.4467500000000002,1.1718,2.0326015537845565,1.961839827872005,all_crops,08_01
312,2018,wheat_spring,1.5555555555555556,3.1679,,,all_crops,08_01
312,2020,wheat_winter,3.3200000000000003,2.9783999999999997,2.753543643715538,3.0413805678631043,all_crops,08_01
312,2021,barley_spring,4.217777777777778,3.101,2.414250211597141,2.226333911658172,all_crops,08_01
312,2022,sunflower,2.5855555555555556,2.6481000000000003,2.7438097070324132,3.039124339146133,all_crops,08_01
312,2023,wheat_spring,1.9755555555555555,2.4072,2.65487801836243,2.8229153271217355,all_crops,08_01
312,2024,sunflower,1.5944444444444443,2.678,2.616073441002161,2.711243292548389,all_crops,08_01
312,2025,barley_spring,3.900555555555555,3.7880000000000003,3.585740109510996,3.7293000171658615,all_crops,08_01
313,2018,sunflower,3.085,2.1431,,,all_crops,08_01
313,2020,wheat_spring,2.127,2.012,2.469000449434759,2.448805730668385,all_crops,08_01
313,2021,sunflower,3.176727272727273,2.6946000000000003,2.2987561517744695,2.335632124309364,all_crops,08_01
313,2022,wheat_spring,3.3391818181818183,3.7409,2.9943681992175324,3.057525199117211,all_crops,08_01
313,2023,barley_spring,2.6275909090909093,2.2949,2.7819108444942886,3.0352556527373418,all_crops,08_01
313,2024,pea,2.8992727272727272,3.2704999999999997,3.336605187112114,3.2143207444514097,all_crops,08_01
313,2025,wheat_winter,4.522545454545455,4.4804,4.03812498238177,4.531133590343492,all_crops,08_01
314,2018,soya,1.359,1.4430999999999998,,,all_crops,08_01
314,2019,sunflower,3.055,2.3217,2.5718984586458022,2.6264864218750756,all_crops,08_01
314,2020,wheat_spring,1.423,1.8951,2.449223813521675,2.3234712764709027,all_crops,08_01
314,2024,wheat_winter,5.3133067729083665,4.757,3.1977479079131466,3.1368111898258233,all_crops,08_01
314,2025,sunflower,3.19804780876494,2.9488,3.122838875400107,3.0865623817289523,all_crops,08_01
315,2018,avena_spring,3.3684210526315788,,,,all_crops,08_01
315,2019,sunflower,2.63,2.3964,2.4447810233603753,2.4408355312381302,all_crops,08_01
315,2020,barley_spring,2.72,2.6928,2.3684239483774627,2.3880505319334167,all_crops,08_01
315,2021,sunflower,2.3563157894736846,2.4084,2.5023437860377977,2.6230015093876884,all_crops,08_01
315,2022,wheat_spring,3.067894736842105,2.6203,2.9083570667266745,3.160743720120034,all_crops,08_01
315,2023,wheat_spring,2.289473684210526,1.7975,2.9869921122138403,3.230792807953669,all_crops,08_01
315,2025,barley_spring,4.822105263157895,4.0847999999999995,3.470697002803477,3.449374393549984,all_crops,08_01
316,2018,avena_spring,2.6551724137931036,,,,all_crops,08_01
316,2019,sunflower,2.306,2.707,2.5287614389757036,2.6221196845316577,all_crops,08_01
316,2020,barley_spring,2.452,1.9994,2.316113885558567,2.3321917335426345,all_crops,08_01
316,2021,wheat_spring,3.35448275862069,2.5522,2.752093368179895,2.950521759074391,all_crops,08_01
316,2022,pea,2.176896551724138,2.4436,3.0284414816671044,3.104020408120977,all_crops,08_01
316,2023,wheat_winter,2.6882758620689655,2.1774,2.989608070258014,3.1381164684044265,all_crops,08_01
317,2018,pea,1.901,2.2768,,,all_crops,08_01
317,2019,sunflower,3.2409999999999997,1.8847,2.4130501027106805,2.4171435766097997,all_crops,08_01
317,2020,wheat_spring,2.9690000000000003,3.127,2.506979062240558,2.406849898231887,all_crops,08_01
317,2021,sunflower,2.525058823529412,2.7389,2.4862996404531694,2.567098252357675,all_crops,08_01
317,2022,wheat_spring,3.6494117647058824,4.0436,3.2530471185262217,3.4477408955181335,all_crops,08_01
317,2023,barley_spring,2.453529411764706,1.8986,3.1519607683349085,3.305629949142799,all_crops,08_01
317,2024,wheat_winter,4.266176470588236,4.9174999999999995,3.041323936364575,3.021385696344744,all_crops,08_01
317,2025,sunflower,3.2478823529411764,2.6744,2.9365123579971035,2.875521022262585,all_crops,08_01
318,2018,soya,2.1559999999999997,1.7528,,,all_crops,08_01
318,2019,maize,8.697,7.1009,2.750854182845354,2.6421782782343817,all_crops,08_01
318,2020,wheat_spring,3.176,2.7859000000000003,2.423924219971395,2.344006208244551,all_crops,08_01
318,2021,sunflower,3.1150785340314138,2.6277999999999997,2.3113682210880846,2.2991373432083564,all_crops,08_01
318,2023,wheat_winter,2.749319371727749,2.1717,3.078367971041181,3.2792077492055407,all_crops,08_01
318,2024,sunflower,4.230052356020943,2.723,3.068331365327966,3.067881782324831,all_crops,08_01
319,2018,sunflower,2.019607843137255,2.3564,,,all_crops,08_01
319,2019,wheat_spring,3.511,3.3568,2.723519402313512,2.730833649509804,all_crops,08_01
319,2020,soya,1.761,1.264,2.2321779568410616,2.210328005628335,all_crops,08_01
319,2021,sunflower,3.2145098039215685,2.5924,2.6253239171946716,2.789462515314209,all_crops,08_01
319,2022,barley_spring,2.8135294117647063,2.9971,3.0101191528924907,3.092634649848132,all_crops,08_01
319,2023,wheat_winter,1.892156862745098,1.9487999999999999,2.739334063668685,2.956890022549879,all_crops,08_01
319,2024,sunflower,2.935882352941176,2.5983,2.9195097463931985,2.9944035723994764,all_crops,08_01
319,2025,wheat_spring,4.713333333333333,4.0091,3.64783209296848,3.611997046919109,all_crops,08_01
320,2020,sunflower,2.8920000000000003,2.4707999999999997,2.436200163790612,2.4579407200723864,all_crops,08_01
320,2021,wheat_spring,3.9986666666666664,3.9796,2.9561627964472117,2.9683586510845377,all_crops,08_01
320,2022,pea,3.664,3.4799999999999995,3.092456116557339,3.1751623412326535,all_crops,08_01
320,2023,wheat_winter,1.4966666666666666,2.1939,3.174491277714557,3.4218533178773605,all_crops,08_01
320,2024,sunflower,2.272666666666667,2.6357,2.8646620266372373,2.9939708438704957,all_crops,08_01
320,2025,wheat_spring,5.241333333333333,4.0302999999999995,3.9718180265459626,4.6085032173381535,all_crops,08_01
321,2018,sunflower,2.8,2.3345,,,all_crops,08_01
321,2019,wheat_spring,2.974,3.2307,2.6671419800194482,2.7414220862761782,all_crops,08_01
321,2020,sunflower,3.2039999999999997,2.2870999999999997,2.5441046094415194,2.451468640527214,all_crops,08_01
321,2021,wheat_spring,3.118865979381443,3.2768,2.670200049647552,2.830694397832552,all_crops,08_01
321,2022,pea,3.720721649484537,2.7433,3.0601270550591217,3.0985303847595747,all_crops,08_01
321,2023,wheat_winter,2.4504123711340204,2.0962,3.1057433953811104,3.2889048007831923,all_crops,08_01
321,2024,sunflower,2.982783505154639,3.2398000000000002,3.0052184078242323,3.043244459554056,all_crops,08_01
322,2018,barley_spring,2.6357142857142857,1.2494,,,all_crops,08_01
322,2019,sunflower,2.364,1.9175999999999997,2.7044381957025028,2.7529789800281894,all_crops,08_01
322,2021,wheat_spring,3.549714285714286,3.1988,2.5175455970116927,2.5292388681115043,all_crops,08_01
322,2022,sunflower,2.975,3.0184,2.7597187176693554,3.0072686740553958,all_crops,08_01
322,2023,wheat_spring,3.257142857142857,2.0976,2.475237853614069,2.4914939443462933,all_crops,08_01
322,2024,sunflower,2.7725,2.9005,2.92774022088114,3.0004280206659057,all_crops,08_01
322,2025,barley_spring,5.317428571428572,4.8182,4.186055546091512,4.5667251045720665,all_crops,08_01
323,2019,wheat_winter,5.036,5.3708,2.8236664061441106,2.867604625012792,all_crops,08_01
323,2020,sunflower,2.879,2.7722,2.48764808850615,2.491253425940599,all_crops,08_01
323,2021,wheat_spring,2.7504545454545455,3.2299999999999995,2.570257898701285,2.6631338277304204,all_crops,08_01
323,2022,sunflower,3.4059090909090908,2.7742999999999998,2.893709284370028,3.078499365086044,all_crops,08_01
323,2023,wheat_spring,2.987012987012987,2.4208,2.947583870060048,3.13101899371526,all_crops,08_01
323,2024,wheat_winter,4.966298701298701,4.4852,3.0573866354467576,2.9626056954629085,all_crops,08_01
323,2025,sunflower,3.7001298701298704,2.8396999999999997,3.0798586102027223,3.109996565163099,all_crops,08_01
324,2018,buckwheat,2.7962962962962963,,,,all_crops,08_01
324,2019,barley_spring,2.888,3.1348,2.77002752255776,2.807582992274104,all_crops,08_01
324,2020,sunflower,3.2,2.6802,2.5369560573525276,2.536843790938329,all_crops,08_01
324,2021,wheat_spring,3.4877777777777776,3.5936999999999997,2.6327680469240775,2.733203675037122,all_crops,08_01
324,2022,sunflower,3.049259259259259,2.2832999999999997,2.9355200386241806,3.2312847265702724,all_crops,08_01
324,2023,wheat_spring,2.1296296296296298,2.9208,3.4784286273791323,3.8165453841935015,all_crops,08_01
324,2024,barley_spring,4.074074074074074,4.9415,3.410708397654158,3.3610278312816955,all_crops,08_01
324,2025,sunflower,3.123333333333333,2.5401,2.7550461000666244,2.773217160716742,all_crops,08_01
325,2018,sunflower,2.6666666666666665,2.3195,,,all_crops,08_01
325,2020,sunflower,3.3920000000000003,1.9454,2.405957899471276,2.3516392751976576,all_crops,08_01
325,2021,wheat_spring,3.3966666666666665,3.4701,2.3935617478361113,2.375166625748225,all_crops,08_01
325,2022,sunflower,2.7255555555555557,2.0921,2.8082022419686656,3.1989270376672554,all_crops,08_01
325,2023,wheat_spring,1.99,2.379,2.9462527631324127,3.147157558205288,all_crops,08_01
325,2024,barley_spring,5.13,3.2517000000000005,3.390732635969478,3.322308793135279,all_crops,08_01
325,2025,sunflower,3.686111111111111,2.6944,2.9123692918102893,2.890117917584567,all_crops,08_01
327,2018,sunflower,2.792079207920792,2.247,,,all_crops,08_01
327,2020,sunflower,3.277,2.5588,2.525012223525431,2.525094333010565,all_crops,08_01
327,2021,wheat_spring,4.412475247524752,3.6130000000000004,2.6033308345301904,2.66914440956379,all_crops,08_01
327,2022,sunflower,3.0487128712871288,2.3692,2.6992152364849553,2.9356594133701783,all_crops,08_01
327,2023,barley_spring,3.0089108910891085,2.4194,2.6586585150329176,2.760064492986653,all_crops,08_01
327,2025,sunflower,2.7849504950495048,1.7749,2.7466124130168086,2.756162449865778,all_crops,08_01
328,2019,wheat_winter,5.195,4.5753,2.6332655234338067,2.6966635728535735,all_crops,08_01
328,2020,sunflower,1.388,2.1747,2.216298347128399,2.122573699942003,all_crops,08_01
328,2021,wheat_spring,1.515294117647059,1.7749,2.2294783366336413,2.1380714129907434,all_crops,08_01
328,2022,wheat_winter,2.5023529411764707,3.5944000000000003,2.9146849552343586,3.0174815270465034,all_crops,08_01
328,2023,sunflower,2.764705882352941,1.8679999999999999,2.3330779205450125,2.339153694736432,all_crops,08_01
329,2018,wheat_spring,3.1666666666666665,3.1463,,,all_crops,08_01
329,2019,buckwheat,2.461,,2.5538569175164043,2.503688983821319,all_crops,08_01
329,2020,sunflower,3.003,1.9796,2.3138612351950707,2.3656473340828885,all_crops,08_01
329,2021,wheat_spring,3.485,3.1239,2.6056126797963177,2.6460417283328845,all_crops,08_01
330,2018,wheat_spring,2.8,3.119,,,all_crops,08_01
330,2019,wheat_spring,3.165,3.0794,2.4104917890423407,2.4868543590568004,all_crops,08_01
330,2020,sunflower,3.191,2.3042000000000002,2.491295143431511,2.415906726401793,all_crops,08_01
330,2024,wheat_spring,4.204739336492891,2.8446000000000002,3.556262697948534,3.458398843995183,all_crops,08_01
330,2025,pea,2.184075829383886,3.5991999999999997,2.715940113333538,2.6281558502731626,all_crops,08_01
331,2018,wheat_spring,2.371428571428571,2.2624,,,all_crops,08_01
331,2019,wheat_spring,2.4,3.1688,2.462863757347148,2.405457988124843,all_crops,08_01
331,2020,sunflower,2.396,1.6699000000000002,2.281028110309542,2.240604508192073,all_crops,08_01
331,2021,wheat_spring,3.196,2.6884,2.4732857333471028,2.421480180263572,all_crops,08_01
331,2022,wheat_winter,2.234714285714286,2.9646999999999997,2.5465850072476512,2.653396587952929,all_crops,08_01
331,2023,sunflower,3.2357142857142858,2.0946000000000002,3.078174674996456,3.269865016786003,all_crops,08_01
331,2024,wheat_spring,4.017571428571429,3.5519,3.5939827909879463,3.4394136122815344,all_crops,08_01
331,2025,sunflower,2.805285714285714,2.3958,2.810012772951955,2.808116801514659,all_crops,08_01
332,2018,sunflower,2.663793103448276,2.0268,,,all_crops,08_01
332,2019,wheat_spring,3.525,3.6829,2.7072461157908054,2.7581102052144106,all_crops,08_01
332,2020,sunflower,1.876,1.9034,2.4597279092355047,2.414727016052134,all_crops,08_01
332,2021,wheat_spring,2.784181034482758,2.8605,2.3887004071666174,2.2503949140028845,all_crops,08_01
332,2022,sunflower,3.1269827586206898,2.5953,2.883063964506926,3.0400955055898597,all_crops,08_01
332,2023,wheat_spring,2.2198275862068964,1.863,2.429501235460483,2.39687362001158,all_crops,08_01
332,2025,sunflower,2.7096982758620687,2.5404,2.8103281496396955,2.811288208015751,all_crops,08_01
333,2019,wheat_winter,6.054,6.0673,2.8421385766600906,2.8519882776801153,all_crops,08_01
333,2020,sunflower,3.2310000000000003,1.9266999999999999,2.4660012916226743,2.409444084699958,all_crops,08_01
333,2021,wheat_spring,3.365379746835443,3.3644,2.6958761073737354,2.893569133466801,all_crops,08_01
333,2022,sunflower,3.009367088607595,3.0198,2.890522864145039,2.98639185474734,all_crops,08_01
333,2023,wheat_spring,2.329113924050633,1.7949000000000002,2.89472886590031,3.0929568857122924,all_crops,08_01
334,2018,buckwheat,2.653,,,,all_crops,08_01
334,2019,wheat_winter,2.364,2.8354,2.7074990864845856,2.7607034481023565,all_crops,08_01
334,2020,sunflower,2.676,1.4385,2.1511851535695947,2.1454997092632495,all_crops,08_01
334,2021,wheat_spring,3.1403749999999997,3.0019,2.5937752359123,2.6707253801106052,all_crops,08_01
334,2022,sunflower,3.3138125,2.7929,2.937151437015636,3.189110516361392,all_crops,08_01
334,2023,wheat_spring,3.24375,2.1649000000000003,2.6557648745505382,2.8066480506877247,all_crops,08_01
334,2024,sunflower,2.83575,2.45,2.7933139022470104,2.885110145519269,all_crops,08_01
335,2018,buckwheat,1.4299065420560748,,,,all_crops,08_01
335,2019,sunflower,1.252,2.2527999999999997,2.385833529365024,2.465133915682951,all_crops,08_01
335,2021,wheat_spring,2.724485981308411,3.6906999999999996,2.995563478176824,2.9254159318917416,all_crops,08_01
335,2022,sunflower,3.0462616822429904,2.6708,2.8585563878817264,3.096962493140191,all_crops,08_01
335,2023,wheat_spring,2.850467289719626,2.2564,2.671656508868916,2.86781982031296,all_crops,08_01
335,2024,sunflower,2.60785046728972,2.8598,2.8067651995100964,2.9011689640538734,all_crops,08_01
335,2025,barley_spring,5.337757009345794,3.7184,3.8024611465772007,3.691342672421162,all_crops,08_01
336,2018,wheat_spring,2.9,2.5796,,,all_crops,08_01
336,2019,barley_spring,2.227,3.3104,2.6613591323173305,2.672422506221576,all_crops,08_01
336,2020,sunflower,2.684,2.8734,2.4039967497414176,2.386099113949298,all_crops,08_01
336,2021,wheat_spring,3.555333333333333,4.6818,2.5612809537388257,2.5563245439853413,all_crops,08_01
336,2022,sunflower,3.0290000000000004,2.7348,2.989762715969799,3.133539690608897,all_crops,08_01
336,2023,wheat_spring,3.5246666666666666,2.9908,2.97868809746551,3.2277267608950946,all_crops,08_01
336,2024,sunflower,2.679333333333333,2.5408,2.833415836650691,2.966848217190802,all_crops,08_01
336,2025,barley_spring,5.271333333333333,3.9387,4.066873352846139,4.747116214355021,all_crops,08_01
337,2018,sunflower,3.55,2.1136,,,all_crops,08_01
337,2020,sunflower,2.934,2.0267,2.319405245180163,2.2768098135866106,all_crops,08_01
337,2021,wheat_spring,3.2880000000000003,3.2305,2.6257832635557596,2.683242593939305,all_crops,08_01
337,2022,sunflower,3.2695,2.7253,3.064021940407188,3.4169373667455596,all_crops,08_01
337,2023,wheat_spring,1.825,2.3051,3.0591812720676144,3.2632689937504553,all_crops,08_01
338,2018,sunflower,2.9690000000000003,2.1507,,,all_crops,08_01
338,2020,sunflower,3.4130000000000003,2.129,2.3411576989412795,2.2800770456777117,all_crops,08_01
338,2021,wheat_spring,2.9725,2.8787,2.51873987172018,2.5584800708861977,all_crops,08_01
338,2022,sunflower,2.849375,2.4876,2.961211219647466,3.3870789683422613,all_crops,08_01
338,2023,wheat_spring,1.30125,2.1474,2.914236553997594,3.1807882631222264,all_crops,08_01
338,2024,barley_spring,5.055,4.5348,3.1404416966549604,3.1193218702172656,all_crops,08_01
338,2025,sunflower,3.5034375,2.987,2.6960775357787026,2.6930860749995253,all_crops,08_01
339,2018,sunflower,1.5833333333333333,1.8036999999999999,,,all_crops,08_01
339,2020,sunflower,2.175,1.7131,2.285866294498627,2.2380570602561107,all_crops,08_01
339,2021,wheat_spring,4.1225,3.4170000000000003,2.6499552138486115,2.8335337985826725,all_crops,08_01
339,2022,sunflower,3.1950000000000003,2.5928999999999998,2.9605712661614305,3.270824827316977,all_crops,08_01
339,2023,wheat_spring,1.4583333333333333,1.0566,2.525813077828137,2.558030929057123,all_crops,08_01
339,2024,wheat_spring,3.623333333333333,3.4026000000000005,3.2214715742238793,3.2251114453491776,all_crops,08_01
339,2025,wheat_spring,5.5616666666666665,4.063000000000001,3.5074658609775384,3.6006788658445683,all_crops,08_01
340,2018,buckwheat,2.3114754098360657,,,,all_crops,08_01
340,2020,rye_winter,4.491803278688525,3.7139,2.6387992084513563,2.748123203983746,all_crops,08_01
340,2021,barley_spring,1.3229508196721311,2.0207,2.223978350123799,2.1847840631089746,all_crops,08_01
340,2022,sunflower,3.700081967213115,3.0608,2.504177482118683,2.7740641465967997,all_crops,08_01
340,2023,wheat_spring,3.4262295081967213,1.9829999999999999,2.4315180442105793,2.4845717418006865,all_crops,08_01
340,2024,sunflower,2.295081967213114,2.6083,3.073903789097148,3.0077373630443587,all_crops,08_01
340,2025,barley_spring,5.233934426229508,3.9616,3.7497010146221474,3.8958435843501125,all_crops,08_01
341,2018,buckwheat,2.7,,,,all_crops,08_01
341,2021,barley_spring,3.3516666666666666,3.3808,2.7456917489323183,3.009982672970999,all_crops,08_01
341,2022,sunflower,2.8089583333333334,2.8074000000000003,3.004907343927596,3.334201464865365,all_crops,08_01
341,2023,wheat_spring,1.7916666666666667,2.596,2.5471095003014472,2.6309612196985066,all_crops,08_01
341,2024,sunflower,1.5833333333333333,2.9536000000000002,3.143568055637588,3.0782078057097935,all_crops,08_01
341,2025,barley_spring,5.078333333333333,3.6965000000000003,3.959661842859678,4.700811116596455,all_crops,08_01
342,2018,buckwheat,2.477272727272727,,,,all_crops,08_01
342,2021,wheat_winter,1.9413636363636364,3.6143,2.7950435276186534,2.8263650313186592,all_crops,08_01
342,2022,sunflower,3.7125,3.0136,2.6738712249446075,3.0648592023141443,all_crops,08_01
342,2023,wheat_spring,2.340909090909091,2.7937000000000003,2.8367401990579535,3.155160918269053,all_crops,08_01
342,2024,sunflower,2.0454545454545454,2.2526,2.828159569676397,2.9498936122942716,all_crops,08_01
342,2025,barley_spring,4.873181818181818,3.9610999999999996,4.503187950241273,4.890427918951827,all_crops,08_01
343,2018,wheat_spring,2.6122448979591835,2.3059000000000003,,,all_crops,08_01
343,2020,sunflower,2.913,2.3568000000000002,2.256605201950146,2.196891522411094,all_crops,08_01
343,2021,barley_spring,4.0285714285714285,4.0207999999999995,2.6473910419104802,2.8718999839893278,all_crops,08_01
343,2022,wheat_winter,3.422857142857143,3.154,2.8214906644602804,2.9744303318888545,all_crops,08_01
343,2023,sunflower,2.317142857142857,2.2114000000000003,2.284576940187566,2.2812158446983295,all_crops,08_01
344,2020,barley_spring,1.379,1.6797,2.137889920930678,2.197839351235976,all_crops,08_01
344,2021,sunflower,1.5743283582089551,1.9396999999999998,2.6034340151247215,2.6694526089255275,all_crops,08_01
344,2023,pea,1.448955223880597,2.1109999999999998,3.1994420958838905,3.185057716838859,all_crops,08_01
344,2025,sunflower,3.773283582089552,2.7342,2.803160119775084,2.73577442806191,all_crops,08_01
345,2019,sunflower,2.247,1.9142,2.6297426466688787,2.6465411811947632,all_crops,08_01
345,2021,sunflower,2.9759999999999995,2.4385000000000003,2.5956581235330263,2.679365456064423,all_crops,08_01
345,2022,wheat_spring,4.998666666666667,4.032500000000001,3.0853161601201102,3.349850565043979,all_crops,08_01
345,2023,sunflower,1.6133333333333333,2.1244,2.9537210965423046,3.314890819333108,all_crops,08_01
345,2024,wheat_spring,3.306666666666667,4.0687,3.54002377626437,3.4329170952807417,all_crops,08_01
346,2021,sunflower,1.9183783783783783,1.9827000000000001,2.599427150845452,2.718894090013296,all_crops,08_01
346,2022,wheat_spring,4.4437837837837835,3.7823,3.2286414588413184,3.367384637058332,all_crops,08_01
346,2023,pea,3.323783783783784,2.182,3.2906281449182213,3.4076172346943796,all_crops,08_01
346,2024,wheat_winter,7.144324324324324,6.1243,3.9898382015883005,3.592706995011694,all_crops,08_01
347,2019,wheat_winter,3.2119999999999997,4.0492,2.8626308925340425,3.0052927211086304,all_crops,08_01
347,2022,wheat_spring,3.2732,,2.381020192953401,2.3070001316731616,all_crops,08_01
347,2023,wheat_winter,1.536,2.5687,2.1921565671491945,1.9961649956526002,all_crops,08_01
347,2024,sunflower,3.1308,2.628,2.745603378989755,2.955921135041616,all_crops,08_01
347,2025,wheat_spring,4.647200000000001,4.4323,3.597252218447547,3.6150918486612333,all_crops,08_01
349,2019,sunflower,1.828,2.5431999999999997,2.5725620493649566,2.597720197038587,all_crops,08_01
349,2021,sunflower,3.348414634146341,2.5806999999999998,2.4436018105609794,2.4674179673151744,all_crops,08_01
349,2022,wheat_spring,3.5331707317073175,3.8167999999999997,2.8878214886657068,3.1019814147193747,all_crops,08_01
349,2023,barley_spring,3.0681707317073172,2.722,2.8319727944683977,3.1989089166931217,all_crops,08_01
349,2024,sunflower,3.0159756097560977,3.1943,2.8240509633549915,2.9248106862974326,all_crops,08_01
350,2019,oil_seed_raps_spring,1.486,1.6679,2.629220619302959,2.6224011682805304,all_crops,08_01
350,2020,barley_spring,2.778,2.6404,2.3565165068591423,2.383074741609832,all_crops,08_01
350,2021,sunflower,2.6869291338582677,2.2175000000000002,2.5945739333872093,2.596457318128337,all_crops,08_01
350,2022,wheat_spring,3.551338582677165,2.9151,3.2301392464026337,3.3843053442575837,all_crops,08_01
350,2023,sunflower,2.5440944881889767,2.2283999999999997,2.9211141066530826,3.1884825171394624,all_crops,08_01
350,2024,wheat_spring,4.731968503937008,4.7031,3.5327600300060653,3.435925909358176,all_crops,08_01
350,2025,pea,3.9763779527559056,3.5686,3.160172347752293,3.18706629955819,all_crops,08_01
351,2021,wheat_spring,4.5,4.757099999999999,3.045656177512768,3.116166539997743,all_crops,08_01
352,2019,sunflower,2.31,1.887,2.4172181078601196,2.420469021246884,all_crops,08_01
352,2020,wheat_spring,1.419,1.9800999999999997,2.2544643891822975,2.2726798151837877,all_crops,08_01
352,2021,sunflower,1.377196261682243,2.4797000000000002,2.374810835432766,2.295608746294974,all_crops,08_01
352,2022,wheat_spring,4.080747663551402,4.5568,2.8696657305718465,3.0993855797604635,all_crops,08_01
352,2023,pea,2.1001869158878503,1.9837,3.0120808320352492,3.151544907934099,all_crops,08_01
352,2024,wheat_winter,6.125981308411215,4.2538,3.5996535277460335,3.3867764136213534,all_crops,08_01
352,2025,sunflower,3.5908411214953273,2.7165,2.8661632177426366,2.769116869807019,all_crops,08_01
353,2019,sunflower,1.452,2.2442,2.404687456115504,2.4600918756639403,all_crops,08_01
353,2021,sunflower,2.0749999999999997,2.2550999999999997,2.167026445458144,2.0299620213377656,all_crops,08_01
353,2022,wheat_spring,3.905208333333333,3.8578,2.88097097916343,2.9727470024077673,all_crops,08_01
354,2019,sunflower,2.213,1.9742000000000002,2.3902271233431445,2.4687677106761465,all_crops,08_01
354,2021,sunflower,2.214430379746835,2.4288,2.322311295875042,2.301115501246256,all_crops,08_01
354,2022,wheat_spring,3.8073417721518985,3.5322000000000005,2.875795826954433,3.0264846226680477,all_crops,08_01
354,2023,barley_spring,2.659493670886076,1.9727000000000001,2.40510503569943,2.381897425306753,all_crops,08_01
355,2019,sunflower,2.1870000000000003,1.8432,2.4146033572825676,2.4354132294865005,all_crops,08_01
355,2021,sunflower,3.3528571428571428,2.3047999999999997,2.202360520003814,2.0262482290973534,all_crops,08_01
355,2022,wheat_spring,4.668571428571428,3.0147,2.8946033864552287,3.069377699488358,all_crops,08_01
355,2023,barley_spring,3.162142857142858,2.5855,2.567371013781141,2.6388778499192327,all_crops,08_01
356,2020,barley_spring,2.084,2.4471,2.2726897433729896,2.308451802215629,all_crops,08_01
356,2021,sunflower,2.6103448275862067,2.0149999999999997,2.4672675337767416,2.396041832837345,all_crops,08_01
356,2022,wheat_spring,3.2897701149425287,3.3781,3.107826313235065,3.2433443171591883,all_crops,08_01
356,2023,sunflower,2.1677011494252874,1.7,2.688029484567636,2.9521231971384396,all_crops,08_01
356,2024,wheat_spring,3.905747126436782,3.9192,3.756192622631605,3.4772403751137038,all_crops,08_01
356,2025,sunflower,3.081954022988506,2.605,2.844210181433596,2.7828971591944067,all_crops,08_01
357,2019,sunflower,2.285,2.0618,2.604214435449891,2.6351014989548576,all_crops,08_01
357,2021,sunflower,3.1505555555555556,2.879,2.449889294016942,2.5427679199090503,all_crops,08_01
358,2019,sunflower,2.301,2.3259,2.6378784724278472,2.7364566490766804,all_crops,08_01
358,2021,sunflower,3.2076144578313257,2.927,2.577399157213871,2.707564808402854,all_crops,08_01
358,2022,wheat_spring,3.628433734939759,3.415,2.7851808707858905,2.994369328453449,all_crops,08_01
358,2023,barley_spring,2.936867469879518,2.2752,2.487624384720296,2.51184053507713,all_crops,08_01
358,2024,sunflower,3.3918072289156624,3.0082999999999998,2.878218036717989,2.941726735262727,all_crops,08_01
358,2025,wheat_spring,4.909156626506024,4.391,3.7267727363248637,3.7207511470973964,all_crops,08_01
359,2019,sunflower,2.997,2.487,2.590501845038702,2.553402344704249,all_crops,08_01
359,2020,wheat_spring,1.552,1.6206,2.287408938780901,2.27635163550967,all_crops,08_01
359,2021,sunflower,2.9375,2.6475,2.4600138269541127,2.583122453883576,all_crops,08_01
359,2022,wheat_spring,3.3601315789473687,3.2651000000000003,2.773129151185491,3.0434278928455387,all_crops,08_01
359,2023,barley_spring,3.0155263157894736,2.0179,2.8472044563475216,3.0886836646274163,all_crops,08_01
359,2024,wheat_winter,4.423552631578947,4.5512999999999995,3.5797177136910387,3.41310489143986,all_crops,08_01
359,2025,sunflower,3.789473684210526,2.7781,2.861025660016042,2.791194939779143,all_crops,08_01
360,2019,sunflower,2.414,2.2584,2.5990611052800636,2.702778875632452,all_crops,08_01
360,2021,sunflower,2.314375,2.8601,2.4350913778539067,2.38681534776515,all_crops,08_01
360,2022,wheat_spring,2.936875,3.7884,3.015765922270812,3.2577987094544896,all_crops,08_01
360,2023,sunflower,2.17,2.2525,2.9755818951738227,3.1821441340041536,all_crops,08_01
361,2019,oil_seed_raps_winter,1.6469999999999998,1.5264,2.2228251433793726,2.2426963313391193,all_crops,08_01
361,2020,barley_spring,2.3600000000000003,2.5163,2.3300920497598834,2.3521683619477436,all_crops,08_01
361,2021,sunflower,3.424285714285714,2.4707999999999997,2.675129519693568,2.837880398628637,all_crops,08_01
361,2022,wheat_spring,4.149523809523809,3.0507999999999997,3.0287382844786768,3.2423596197395637,all_crops,08_01
361,2023,sunflower,2.1923809523809523,1.9581,2.7432314676403884,3.1667077920639395,all_crops,08_01
361,2024,wheat_spring,4.476666666666667,4.772399999999999,3.9836525538670955,3.6856199278420787,all_crops,08_01
362,2019,oil_seed_raps_winter,1.103,1.6829999999999998,1.8755686508694271,1.8694165668286185,all_crops,08_01
362,2020,barley_spring,2.335,2.4649,2.3477377094373417,2.341315202289717,all_crops,08_01
363,2019,oil_seed_raps_winter,1.342,1.6791,1.8717970124421595,1.8098338033945827,all_crops,08_01
363,2020,barley_spring,2.088,2.8329999999999997,2.311121686009565,2.326728586655112,all_crops,08_01
363,2021,sunflower,2.518181818181818,2.4565,2.432832606099318,2.3715840773803567,all_crops,08_01
363,2022,wheat_spring,4.46025974025974,4.2789,3.3274718990150896,3.7916784592667767,all_crops,08_01
363,2023,sunflower,2.303896103896104,2.0094000000000003,2.999242283945059,3.221108978730751,all_crops,08_01
363,2024,wheat_spring,3.9771428571428578,3.8613999999999997,3.6106877051510304,3.405778094088262,all_crops,08_01
363,2025,sunflower,3.0779220779220777,2.8125,2.8289184331022947,2.7657699953756025,all_crops,08_01
364,2019,sunflower,2.1670000000000003,2.2143,2.653497811735796,2.724928208877758,all_crops,08_01
364,2020,wheat_spring,1.216,1.693,2.180777615335798,2.160191426236603,all_crops,08_01
364,2021,sunflower,2.8564166666666666,2.6539,2.4493163868218994,2.488964381753453,all_crops,08_01
364,2022,wheat_spring,4.104166666666667,4.2291,2.771343324474687,2.9397644109800574,all_crops,08_01
364,2023,barley_spring,3.08,2.2771,2.567386405574573,2.577756988694923,all_crops,08_01
364,2024,sunflower,3.2274999999999996,2.9938,2.846190299679571,2.920057286433912,all_crops,08_01
364,2025,wheat_spring,5.088333333333334,4.0954999999999995,3.6235585702811255,3.58135570686916,all_crops,08_01
365,2019,sunflower,2.897,1.7091,2.673737467420524,2.7097540724007914,all_crops,08_01
365,2020,wheat_spring,1.299,1.6326,2.2378352961749797,2.2436374552758975,all_crops,08_01
365,2021,sunflower,3.129,2.5559000000000003,2.4693802873620387,2.5537470834829494,all_crops,08_01
365,2022,wheat_spring,3.8606666666666665,3.8585000000000003,2.955724301303057,3.1461515999091794,all_crops,08_01
365,2023,soya,1.1823333333333332,1.5278,2.674195122268037,3.0395501728322727,all_crops,08_01
365,2024,sunflower,3.216666666666667,3.3185000000000002,2.844174408617765,2.9918673861073826,all_crops,08_01
365,2025,wheat_spring,4.023333333333333,4.0491,3.410967204093577,3.4351122282208566,all_crops,08_01
366,2021,wheat_winter,3.398571428571429,4.7219,3.2501945309995786,3.1750741779293072,all_crops,08_01
367,2019,sunflower,1.239,1.9245,2.4395860748206863,2.4268883586998466,all_crops,08_01
367,2022,wheat_spring,3.3458823529411768,,2.3836266933425656,2.2522986890480095,all_crops,08_01
367,2023,sunflower,2.53,1.9677,2.200021681411608,2.183055654139595,all_crops,08_01
367,2024,wheat_spring,3.835882352941176,4.2402,3.533216802637451,3.413702658314163,all_crops,08_01
367,2025,barley_spring,5.483529411764706,3.8277,3.6488643045116262,3.5940314442040395,all_crops,08_01
368,2019,sunflower,2.564,2.1856999999999998,2.4612494070819286,2.5701968066558822,all_crops,08_01
368,2021,wheat_winter,3.547958115183246,3.1792000000000002,3.060327449826668,3.1106062193584507,all_crops,08_01
368,2022,sunflower,2.8125654450261783,2.8395,2.4877985774565095,2.7232231045129622,all_crops,08_01
368,2023,wheat_spring,2.45130890052356,2.2769,2.430776910739015,2.466697250532667,all_crops,08_01
368,2024,barley_spring,3.892774869109948,4.225,3.1561718277823783,3.108055678437071,all_crops,08_01
368,2025,sunflower,2.889947643979058,2.8423,2.8373242174999773,2.7911446676567007,all_crops,08_01
369,2019,sunflower,1.48,1.9123,2.5929620290915736,2.611690398784475,all_crops,08_01
369,2022,sunflower,2.6254794520547944,2.8117,2.6476258880610986,2.7837006839329925,all_crops,08_01
369,2023,wheat_spring,2.186232876712329,2.0492,2.3186458063169626,2.1536558980704377,all_crops,08_01
369,2024,pea,3.729486301369863,3.2841,3.102509241136908,3.082887421820345,all_crops,08_01
369,2025,sunflower,3.041780821917808,2.9097,2.7118844712747707,2.7315105807486435,all_crops,08_01
370,2019,sunflower,1.48,2.1501,2.3741051565880213,2.361532974841049,all_crops,08_01
370,2021,wheat_winter,2.0215384615384617,4.9567,3.1218254592090817,3.116614266278702,all_crops,08_01
370,2022,sunflower,3.955384615384616,3.1104,2.675771805783715,2.896757587362268,all_crops,08_01
370,2023,wheat_spring,1.709230769230769,3.2769,2.7015898802920737,2.9222656455231153,all_crops,08_01
370,2024,pea,4.274615384615385,3.0152,3.345562138186633,3.2881503909802725,all_crops,08_01
370,2025,wheat_winter,3.573846153846154,3.7359,3.2614560424605186,3.342401657217386,all_crops,08_01
371,2019,sunflower,1.923,1.8816,2.404161570383256,2.4267157095079734,all_crops,08_01
371,2021,wheat_winter,2.0984615384615384,4.3769,2.9726852416442124,2.9955925032906796,all_crops,08_01
371,2022,wheat_spring,3.946153846153846,,2.6653899920470403,2.8175099586161862,all_crops,08_01
371,2023,sunflower,3.2169230769230768,2.1507,2.5509599870338815,2.779609843545675,all_crops,08_01
371,2024,wheat_spring,5.176923076923076,5.1922,3.653580066202374,3.3978800072908717,all_crops,08_01
371,2025,barley_spring,5.615384615384615,3.8731999999999998,3.6742030847572233,3.614341265994916,all_crops,08_01
372,2019,sunflower,1.476,1.9573,2.39651623340621,2.408275768149393,all_crops,08_01
372,2021,wheat_winter,1.8289320388349517,3.3835,2.5861393980026053,2.655688934580934,all_crops,08_01
372,2022,wheat_spring,3.881941747572815,3.174,2.546055400866333,2.5957292030426036,all_crops,08_01
372,2023,barley_spring,1.623883495145631,1.384,2.4800508338280274,2.5014880371327513,all_crops,08_01
372,2024,sunflower,2.2763106796116506,1.9937,2.6199543763534483,2.4684380921008064,all_crops,08_01
372,2025,barley_spring,4.055922330097087,3.2129,3.1466115487907125,3.2318728419129577,all_crops,08_01
373,2021,wheat_winter,3.1011555555555557,3.1026,3.1849709919448963,3.1486416451746435,all_crops,08_01
373,2022,wheat_spring,2.4004444444444446,,2.4213528511684266,2.4491846206729035,all_crops,08_01
373,2023,sunflower,2.358311111111111,1.7831,2.250393178858475,2.1196383682956617,all_crops,08_01
373,2024,wheat_spring,4.0137777777777774,4.2029000000000005,3.4625923810901407,3.34326781499053,all_crops,08_01
373,2025,sunflower,3.1368888888888886,2.7828,2.85347595856519,2.7925026294437623,all_crops,08_01
374,2019,sunflower,1.236,1.8844,2.4058393466939103,2.4185422548944953,all_crops,08_01
374,2021,wheat_winter,5.244313725490196,4.3751,3.4292378345952557,3.217826210008909,all_crops,08_01
374,2022,wheat_spring,3.959607843137255,,2.8064163384200236,2.980867249990022,all_crops,08_01
374,2023,sunflower,2.3623529411764705,2.3131,2.284559676755097,2.2569573873403628,all_crops,08_01
374,2024,wheat_spring,4.47921568627451,4.712899999999999,3.1829669197704016,3.1987967081732323,all_crops,08_01
374,2025,barley_spring,5.3494117647058825,4.2316,3.755552370733988,3.788807195354829,all_crops,08_01
375,2019,sunflower,1.154,2.6879,2.317011847519729,2.3516258618503154,all_crops,08_01
375,2021,wheat_winter,2.206153846153846,4.9595,2.8375831130061258,2.8720792547988623,all_crops,08_01
375,2022,wheat_spring,4.341538461538462,,2.771247692458833,2.960708808070859,all_crops,08_01
375,2023,sunflower,4.08,2.1837,2.3650717945833097,2.2060024803674954,all_crops,08_01
375,2024,wheat_spring,4.658461538461538,5.2186,3.5142829312685055,3.3392669541925026,all_crops,08_01
375,2025,barley_spring,5.226153846153846,4.9741,3.902369242497144,4.499075593684079,all_crops,08_01
376,2019,sunflower,2.48,2.0911999999999997,2.627914700759623,2.6945862273858454,all_crops,08_01
376,2021,wheat_winter,3.2995604395604397,4.0938,3.1141194521667463,3.1169044344735846,all_crops,08_01
377,2021,wheat_winter,3.4017021276595742,4.232,3.281462556815554,3.1690405680721514,all_crops,08_01
377,2022,wheat_spring,2.699148936170213,,2.1710817069600417,2.0258533269633006,all_crops,08_01
377,2023,sunflower,2.317021276595745,2.1016,2.2660104056673758,2.186543097433349,all_crops,08_01
377,2024,wheat_spring,3.7161702127659577,4.7992,3.430659902940463,3.372667403877073,all_crops,08_01
377,2025,sunflower,3.0659574468085107,2.3596,2.6990279453735493,2.734711940854991,all_crops,08_01
378,2021,wheat_spring,3.5507692307692307,3.9279,3.300672441103061,3.443131478797059,all_crops,08_01
378,2022,wheat_spring,4.207179487179488,3.9573,3.072454897719417,3.2801999589004653,all_crops,08_01
378,2023,barley_spring,1.921025641025641,2.1671,2.5607039116441483,2.6312917186866467,all_crops,08_01
378,2024,sunflower,2.6641025641025644,2.5827999999999998,2.758245019823522,2.6735133638909403,all_crops,08_01
378,2025,barley_spring,5.536410256410256,4.6338,3.5259860600966775,3.548012779214385,all_crops,08_01
379,2021,wheat_winter,2.229108910891089,2.909,2.9868849784575007,2.9630326785048946,all_crops,08_01
379,2022,wheat_spring,2.1502970297029704,,2.2660778365720993,2.1603612812761517,all_crops,08_01
379,2023,sunflower,2.7899009900990097,1.9114,2.462458210945379,2.543556232881118,all_crops,08_01
379,2024,wheat_spring,4.011386138613861,4.6216,3.581161601207295,3.3860141735579306,all_crops,08_01
379,2025,barley_spring,4.5594059405940595,4.2804,3.748580448637556,3.6566597130954936,all_crops,08_01
380,2019,sunflower,1.0,1.9629,2.4302317828722906,2.445493468193228,all_crops,08_01
380,2021,wheat_winter,1.9683333333333335,4.6364,3.0431616623907276,3.084478002513637,all_crops,08_01
381,2020,sunflower,1.323,1.261,2.0914564308514345,2.1524574483721812,all_crops,08_01
381,2021,wheat_spring,2.6253333333333333,3.7196,2.679037553748355,2.815313368456947,all_crops,08_01
381,2022,barley_spring,3.201333333333334,3.2834000000000003,2.8488748240328956,3.008513367189312,all_crops,08_01
381,2023,wheat_winter,2.849,2.6869,2.3380021074813966,2.2169020028254,all_crops,08_01
381,2024,oil_seed_raps_spring,1.967,2.2038,2.7557453589401835,2.879239421681014,all_crops,08_01
381,2025,wheat_spring,4.475666666666667,4.1482,3.635340463433441,3.647910529908406,all_crops,08_01
382,2017,sunflower,1.379,2.8739999999999997,,,all_crops,08_01
382,2019,wheat_winter,3.993,4.477,2.919422594205013,2.842620473082846,all_crops,08_01
382,2021,wheat_spring,3.0840310077519377,4.1348,3.1200550787659433,3.2575843386411756,all_crops,08_01
382,2022,barley_spring,3.852558139534884,3.3398000000000003,3.0597338285249704,3.268878705933488,all_crops,08_01
382,2023,wheat_winter,1.8088372093023255,2.1383,2.883118797205394,3.193913492826714,all_crops,08_01
382,2024,sunflower,3.635968992248062,2.7356000000000003,2.9479586186328857,2.9529642612728466,all_crops,08_01
382,2025,wheat_spring,5.214573643410852,3.9273000000000002,3.805757733155628,3.792929142463182,all_crops,08_01
383,2017,wheat_spring,1.682,3.7831,,,all_crops,08_01
383,2019,wheat_winter,3.011,3.6397,2.7790034178835965,2.86602510185798,all_crops,08_01
383,2021,wheat_spring,3.3516666666666666,4.9887999999999995,3.2751712762866982,3.4779851896476024,all_crops,08_01
384,2017,barley_spring,1.6670000000000005,3.0418,,,all_crops,08_01
384,2018,wheat_winter,3.696,3.059,,,all_crops,08_01
384,2019,wheat_winter,3.5759999999999996,3.1509,2.7737885106041675,2.750545399683788,all_crops,08_01
384,2020,sunflower,1.206,1.4661,2.1282715339745018,2.1349351835133383,all_crops,08_01
384,2021,wheat_spring,2.329171974522293,3.6748,2.7794857990157387,3.036679076418493,all_crops,08_01
384,2022,sunflower,3.752611464968153,2.8175,2.541990148891319,2.730833113109328,all_crops,08_01
384,2023,wheat_winter,1.365859872611465,2.7348,2.6979595859885306,2.9887927128866947,all_crops,08_01
384,2024,sunflower,3.3430573248407645,2.8095,2.8771088028037894,2.9727704297020785,all_crops,08_01
386,2017,wheat_spring,1.161,1.7672999999999999,,,all_crops,08_01
386,2018,sunflower,2.634,2.1289000000000002,,,all_crops,08_01
386,2019,wheat_spring,3.332,2.7654,2.5594031858928643,2.662699273065068,all_crops,08_01
386,2020,sunflower,1.527,1.1962,2.1415776030971716,2.1616308601269614,all_crops,08_01
386,2021,wheat_spring,3.405688073394496,2.8921,2.711930440422645,2.8552606049200717,all_crops,08_01
386,2022,sunflower,2.417614678899082,2.3852,2.6005351408225215,2.6773665027452305,all_crops,08_01
386,2023,wheat_spring,2.941467889908257,2.1269,2.3882694833386386,2.364182840700762,all_crops,08_01
386,2024,wheat_winter,5.172844036697248,4.9902999999999995,3.669204442831415,3.4418370102804157,all_crops,08_01
386,2025,sunflower,2.9811009174311924,2.6513999999999998,2.8388104976940305,2.7864584372036947,all_crops,08_01
387,2017,wheat_spring,1.535,1.7097000000000002,,,all_crops,08_01
387,2019,wheat_winter,2.915,3.7561999999999998,2.752297087129719,2.8543067705885976,all_crops,08_01
387,2021,wheat_spring,2.3716999999999997,3.2502000000000004,2.7076150622328368,2.9197782608577056,all_crops,08_01
387,2022,rye_winter,2.157,1.6797999999999997,3.4939310053949137,3.8192238182935676,all_crops,08_01
387,2023,sunflower,3.2177999999999995,2.2699000000000003,2.641727634105317,2.797586841247935,all_crops,08_01
387,2024,wheat_spring,4.1988,3.8962000000000003,3.395157272656664,3.3558754014000955,all_crops,08_01
387,2025,barley_spring,4.1764,3.6475999999999997,3.5268952125962714,3.545307438607632,all_crops,08_01
388,2017,wheat_spring,1.0710000000000002,2.4998,,,all_crops,08_01
388,2019,wheat_winter,1.92,3.9587000000000003,2.6106238512598767,2.6246525860516354,all_crops,08_01
388,2022,wheat_spring,3.236,,2.738861557491894,3.0754048806910252,all_crops,08_01
388,2023,wheat_winter,2.2079999999999997,2.1992000000000003,2.315787323853053,2.1519810794641403,all_crops,08_01
388,2024,sunflower,2.803,2.5648,2.7747166998872985,2.9032454244307226,all_crops,08_01
388,2025,wheat_spring,5.218999999999999,4.6627,3.556696793602011,3.6038648121832497,all_crops,08_01
389,2017,wheat_spring,1.0710000000000002,4.225,,,all_crops,08_01
389,2019,wheat_winter,1.92,2.6239,2.5599759304977963,2.5375677326711252,all_crops,08_01
389,2022,sunflower,3.275,2.8304,2.924619011249149,3.044926146923538,all_crops,08_01
389,2023,wheat_spring,3.085,2.3325,2.775934431066287,3.0523387923861014,all_crops,08_01
389,2024,wheat_spring,4.4775,5.1259999999999994,3.5528232927771457,3.4643265969723545,all_crops,08_01
390,2017,wheat_spring,1.222,1.9114999999999998,,,all_crops,08_01
390,2019,wheat_winter,3.268,2.9934000000000003,2.779447561310006,2.836267646518155,all_crops,08_01
390,2020,sunflower,1.535,2.0972,2.1724737156134113,2.197155907332662,all_crops,08_01
390,2021,wheat_spring,3.203928571428571,4.2722999999999995,2.7897826953650187,3.034657970796591,all_crops,08_01
390,2022,wheat_spring,2.420714285714286,,2.349652576516795,2.2549399501396854,all_crops,08_01
390,2023,wheat_winter,2.6717857142857144,3.7493000000000003,2.4830092289173296,2.5480834890551294,all_crops,08_01
390,2024,sunflower,4.0285714285714285,2.9457,2.8317911695333966,2.9031061448114315,all_crops,08_01
390,2025,wheat_spring,4.868214285714286,4.050800000000001,3.689253190724444,3.6608912687833888,all_crops,08_01
391,2017,sunflower,1.6649999999999998,2.4677,,,all_crops,08_01
391,2018,oil_seed_raps_winter,1.052,1.9075,,,all_crops,08_01
391,2019,wheat_winter,4.879,4.1195,2.935492560142847,2.96431489896459,all_crops,08_01
391,2020,sunflower,1.25,1.9843,2.076343416518856,2.1181679514185223,all_crops,08_01
391,2021,wheat_spring,2.105,3.7758000000000003,3.1860624497353913,3.359148574220457,all_crops,08_01
391,2022,sunflower,2.940625,2.6969000000000003,2.564583473948768,2.731889390546245,all_crops,08_01
391,2023,wheat_spring,1.956875,2.2395,2.3317333747459847,2.253399016879645,all_crops,08_01
391,2024,wheat_spring,4.624375,4.7796,3.4063685901484866,3.3272913842430865,all_crops,08_01
391,2025,sunflower,4.1,2.6673,2.7678020955550013,2.7582606436099892,all_crops,08_01
392,2017,sunflower,1.012,2.2347,,,all_crops,08_01
392,2018,oil_seed_raps_winter,1.644,2.1152,,,all_crops,08_01
392,2019,wheat_winter,4.803,4.1445,2.921897809736268,2.963503682325172,all_crops,08_01
392,2020,sunflower,1.221,1.4941,2.0421580886754436,2.1499724903278445,all_crops,08_01
392,2021,wheat_spring,4.514594594594595,4.9662999999999995,3.264048179230338,3.439869443841716,all_crops,08_01
392,2022,sunflower,2.7394594594594595,2.5265,2.6351291100470395,2.894623075835988,all_crops,08_01
392,2023,wheat_spring,1.2345945945945946,1.537,2.2235479045493904,2.0310143075151643,all_crops,08_01
392,2024,wheat_spring,4.623783783783784,3.9332000000000003,3.2551347532969426,3.3131078446796507,all_crops,08_01
392,2025,sunflower,3.5,2.7501,2.9463807889855724,2.8701162868034378,all_crops,08_01
393,2018,sunflower,1.746,1.998,,,all_crops,08_01
393,2019,wheat_spring,4.196,2.9539999999999997,2.668986374087968,2.6472105387452793,all_crops,08_01
393,2020,sunflower,1.449,1.3504,2.132008004962578,2.126560282144971,all_crops,08_01
393,2021,wheat_spring,2.3286713286713288,4.1048,3.1623471378413637,3.231944585773697,all_crops,08_01
393,2022,sunflower,2.6043356643356645,2.5918,2.677754899265401,2.920195374145069,all_crops,08_01
393,2023,wheat_spring,2.7683916083916085,2.7051,2.5230476945222082,2.575718008040537,all_crops,08_01
393,2024,sunflower,3.0976223776223777,2.4722999999999997,2.9778030552756585,2.968697518582614,all_crops,08_01
393,2025,wheat_spring,4.924335664335664,4.5764000000000005,3.7412316545990385,3.7450995964675307,all_crops,08_01
394,2018,sunflower,1.934,2.2023,,,all_crops,08_01
394,2021,wheat_spring,3.00875,3.7380000000000004,3.0409373266104773,3.159313464447683,all_crops,08_01
395,2019,wheat_winter,4.664,4.5952,2.70102901745007,2.667372989926561,all_crops,08_01
395,2020,sunflower,1.538,1.0861,2.105867920045145,2.061840136104646,all_crops,08_01
395,2021,wheat_spring,2.7353125,3.3612,2.75553389206474,2.856444675682067,all_crops,08_01
395,2022,sunflower,2.9053125,2.4821999999999997,2.3466882172611383,2.290333047796301,all_crops,08_01
395,2023,sunflower,2.4253125,1.5062,2.394433399026864,2.3272348581065967,all_crops,08_01
395,2024,wheat_spring,3.98,3.8909999999999996,3.5216071247398695,3.31222661836743,all_crops,08_01
395,2025,wheat_spring,4.1759375,3.2209000000000003,3.530594881597303,3.6177564233123523,all_crops,08_01
396,2017,sunflower,1.161,2.3262,,,all_crops,08_01
396,2019,wheat_winter,4.05,4.1022,2.8018233486123614,2.9076301082842932,all_crops,08_01
396,2021,wheat_spring,4.036969696969697,4.046200000000001,3.2763757570244585,3.4605305011915823,all_crops,08_01
396,2022,sunflower,1.276969696969697,2.4659,2.6464321091664367,2.8096733847838293,all_crops,08_01
396,2023,wheat_spring,1.9224242424242424,2.1806,2.7555933131714765,3.0920073678449533,all_crops,08_01
396,2024,wheat_spring,4.926060606060606,4.2387999999999995,3.429008490736183,3.3178170349898273,all_crops,08_01
396,2025,sunflower,3.272727272727273,2.7958,2.879480287969305,2.8759278491864557,all_crops,08_01
397,2017,wheat_spring,2.253,2.3282,,,all_crops,08_01
397,2019,wheat_winter,4.378,3.1291,2.694231393863552,2.7195919446461883,all_crops,08_01
397,2021,wheat_spring,1.8685470085470088,3.6315,2.581363654341052,2.577010706877517,all_crops,08_01
397,2022,sunflower,2.837948717948718,2.4299,2.5212014512305254,2.750015345074098,all_crops,08_01
397,2023,wheat_spring,2.456410256410256,1.8885999999999998,2.6568170912860247,2.8724455564613947,all_crops,08_01
397,2024,barley_spring,4.894700854700854,4.2402999999999995,3.4177377356631147,3.3792044145434654,all_crops,08_01
397,2025,wheat_winter,2.2528205128205125,2.8449,3.339668594758732,3.346733990463701,all_crops,08_01
398,2020,sunflower,1.1,1.653,2.1080370407532567,2.167538226215111,all_crops,08_01
400,2020,barley_spring,2.22,1.7609000000000001,2.1716961445427265,2.237169099008381,all_crops,08_01
400,2021,wheat_spring,3.56,3.6064,2.865590151768885,2.9865347366738413,all_crops,08_01
401,2020,sunflower,1.333,1.6587,2.126293293748627,2.1736518750179563,all_crops,08_01
401,2021,wheat_spring,4.2733333333333325,3.8271,2.8962800423018127,2.995269127338009,all_crops,08_01
402,2017,wheat_spring,2.0940000000000003,2.7819,,,all_crops,08_01
402,2019,wheat_winter,2.301,3.4671999999999996,2.756847776524665,2.8056852211442207,all_crops,08_01
402,2020,sunflower,1.804,1.656,2.0757274115969135,2.1413581481514354,all_crops,08_01
402,2022,wheat_spring,2.7777777777777777,,2.627259941499067,2.722672821112544,all_crops,08_01
402,2023,wheat_winter,1.665,2.1574,2.5566438356340235,2.6871491866584036,all_crops,08_01
402,2024,sunflower,3.758888888888889,2.6795999999999998,2.7978398857358036,2.9236836844830605,all_crops,08_01
402,2025,wheat_spring,5.3805555555555555,4.5347,3.809928591508398,3.752161984077006,all_crops,08_01
403,2018,oil_seed_raps_winter,2.232,1.5348000000000002,,,all_crops,08_01
403,2019,wheat_winter,4.098,3.9395000000000002,2.9381190315982724,2.8930678466780493,all_crops,08_01
403,2020,sunflower,1.7920000000000005,1.5680999999999998,2.083127490903647,2.0946330762783383,all_crops,08_01
403,2021,wheat_spring,3.42235294117647,3.3447000000000005,2.752916964399018,2.808022665276233,all_crops,08_01
403,2022,pea,4.005176470588236,2.5665,3.2166789033753433,3.0722894069160014,all_crops,08_01
403,2023,wheat_winter,2.0727058823529414,2.3064,2.4681830181751674,2.555848156127206,all_crops,08_01
403,2024,sunflower,3.8331764705882354,3.2292,2.8412520431774184,2.9203671380571654,all_crops,08_01
403,2025,wheat_spring,5.734117647058823,3.6671,3.613299748825427,3.4897969428349516,all_crops,08_01
405,2017,maize,5.432,7.033799999999999,,,all_crops,08_01
405,2018,sunflower,2.286,1.8181999999999998,,,all_crops,08_01
405,2019,wheat_spring,3.676,2.6997,2.598255022804331,2.670076061039782,all_crops,08_01
405,2020,sunflower,2.255,1.8277,2.2647307461943393,2.2332050501854814,all_crops,08_01
405,2021,wheat_spring,3.4904093567251464,3.7448,2.592849107028549,2.717960881507548,all_crops,08_01
405,2022,wheat_spring,2.3405847953216377,,2.4356898712380444,2.5237164788004876,all_crops,08_01
405,2023,wheat_winter,2.1315789473684212,3.2662999999999998,2.654712111365772,2.8103778489246354,all_crops,08_01
405,2024,soya,2.2403508771929825,2.4093,2.4928839389410054,2.6222545462360474,all_crops,08_01
405,2025,soya,1.9138596491228068,2.1052,2.5140765658632063,2.349157780594418,all_crops,08_01
406,2017,wheat_spring,1.644,1.4935,,,all_crops,08_01
406,2018,sunflower,1.255,1.6247,,,all_crops,08_01
406,2019,wheat_spring,3.038,2.716,2.5912874248176085,2.6505154197987495,all_crops,08_01
406,2021,wheat_spring,2.812173913043478,5.224600000000001,2.8242541874259897,3.1347565520259275,all_crops,08_01
406,2022,rye_winter,1.8965217391304348,2.1578,3.4717009016005056,3.7865990635785494,all_crops,08_01
406,2023,sunflower,2.5669565217391304,2.2104,2.559892675280273,2.625250958195821,all_crops,08_01
406,2024,wheat_spring,3.263478260869565,3.4316000000000004,3.4464367356252454,3.400810958084419,all_crops,08_01
406,2025,barley_spring,3.891304347826087,3.5192,3.4038259320248345,3.481129893523385,all_crops,08_01
407,2017,wheat_spring,1.261,4.3528,,,all_crops,08_01
407,2019,wheat_spring,1.418,4.3449,2.233183949365907,2.233729905545604,all_crops,08_01
407,2022,wheat_spring,2.7733333333333334,,2.7057070415435094,2.8032698161655722,all_crops,08_01
407,2023,wheat_winter,2.304444444444444,3.0169,2.7175781299169057,2.846054025309866,all_crops,08_01
407,2024,sunflower,2.7555555555555555,2.2471,3.0534814674178743,3.043037396858168,all_crops,08_01
408,2019,wheat_winter,5.078,4.6113,2.944588307518075,2.9775879920896617,all_crops,08_01
408,2021,wheat_spring,3.4680701754385965,3.5718000000000005,3.007187624470344,3.1889489860397617,all_crops,08_01
408,2022,sunflower,2.6842105263157894,2.9284,2.7684999744208545,3.0222111553062527,all_crops,08_01
408,2023,wheat_spring,1.656140350877193,1.8178,2.2326778458162972,2.083515254718927,all_crops,08_01
408,2024,wheat_spring,4.508070175438596,3.6811,3.446243538822134,3.3537680808560806,all_crops,08_01
408,2025,sunflower,3.5336842105263155,3.2052,2.821097438549861,2.765323778688272,all_crops,08_01
409,2017,barley_spring,1.159,2.7091000000000003,,,all_crops,08_01
409,2018,wheat_winter,3.239,4.3157,,,all_crops,08_01
409,2021,wheat_spring,2.427906976744186,3.0312,2.885596871975057,2.9919504734031785,all_crops,08_01
409,2022,sunflower,2.6706976744186046,2.3863,2.6793868837846637,2.8930222477823935,all_crops,08_01
409,2023,wheat_spring,2.5293023255813956,1.7477,2.625095589766929,2.831154032403376,all_crops,08_01
409,2024,wheat_spring,4.935348837209302,3.9835000000000003,3.1908333528410364,3.3344577459057767,all_crops,08_01
409,2025,sunflower,2.956279069767442,2.5861,2.67912846263842,2.718587025088479,all_crops,08_01
410,2021,wheat_spring,3.5784,3.1887,2.86313854324659,3.109602942635536,all_crops,08_01
410,2022,sunflower,2.7344,2.959,2.7738869830065016,3.050496591300146,all_crops,08_01
410,2023,wheat_spring,2.0831999999999997,1.5551,2.295267876531873,2.1075930860839764,all_crops,08_01
410,2024,wheat_spring,5.5360000000000005,4.1385,3.119941139418851,3.1730271799566294,all_crops,08_01
410,2025,sunflower,3.5672,2.1864,2.569715446202841,2.5544876344340204,all_crops,08_01
411,2019,wheat_spring,2.755,2.3283,2.5883542166342397,2.5831461980776376,all_crops,08_01
411,2020,sunflower,1.049,1.4667999999999999,2.1531382151291423,2.1318732254335977,all_crops,08_01
411,2021,wheat_spring,3.3311428571428574,3.2505,2.683575789936457,2.752914843087881,all_crops,08_01
411,2022,sunflower,2.2978571428571426,2.1565000000000003,2.6518935221021867,2.87642919699621,all_crops,08_01
411,2023,wheat_spring,2.7565714285714287,2.3124,2.450638341391591,2.4155257600817617,all_crops,08_01
411,2024,wheat_spring,2.626714285714286,4.7645,3.283139632863076,3.241036045319529,all_crops,08_01
411,2025,sunflower,2.8207142857142857,2.4058,2.7207434235113728,2.7584665011132943,all_crops,08_01
412,2017,wheat_spring,1.7079999999999995,2.0362,,,all_crops,08_01
412,2019,wheat_winter,4.205,3.3342,2.709189149057391,2.824171451411986,all_crops,08_01
412,2020,sunflower,2.364,1.5425,2.1763119131772277,2.213443939245243,all_crops,08_01
412,2021,wheat_spring,3.440727272727273,3.7956000000000003,3.0840324920666444,3.209895485329274,all_crops,08_01
412,2022,wheat_spring,2.478909090909091,,2.490513423912324,2.683928258014634,all_crops,08_01
412,2023,wheat_winter,3.3007272727272725,3.0162,2.9350658108825884,3.0744058973770225,all_crops,08_01
412,2024,sunflower,4.356727272727273,3.0419,2.781313480012746,2.8813436661002068,all_crops,08_01
412,2025,wheat_spring,4.6632727272727275,3.5524,3.538202807164212,3.568684753691486,all_crops,08_01
414,2017,sunflower,1.836,1.9901,,,all_crops,08_01
414,2018,oil_seed_raps_winter,1.335,1.7727,,,all_crops,08_01
414,2019,wheat_winter,4.241,4.4601,2.9869744483586897,2.8873109608443066,all_crops,08_01
414,2020,sunflower,1.526,1.4182000000000001,2.17338254424859,2.164395336844419,all_crops,08_01
414,2021,wheat_spring,3.536689655172414,3.2077,2.718191064522806,2.9418964045103033,all_crops,08_01
414,2022,sunflower,3.1470344827586207,2.4739,2.5618876843277127,2.6821442955766535,all_crops,08_01
414,2023,wheat_spring,2.6637241379310344,2.0915,2.263313089030839,2.099182725048365,all_crops,08_01
414,2024,barley_spring,5.663586206896552,4.6272,3.364705914704091,3.353983420709256,all_crops,08_01
414,2025,pea,4.15848275862069,3.3817,3.155782216424501,3.0658812129441144,all_crops,08_01
415,2017,wheat_spring,1.011,1.8774000000000002,,,all_crops,08_01
415,2019,wheat_winter,3.106,3.3997,2.750550439529423,2.886817252611621,all_crops,08_01
415,2021,wheat_spring,2.8478125,2.8702,2.6828360594458793,2.7675318583389443,all_crops,08_01
415,2022,wheat_spring,2.0121875,,2.17534345608236,2.165755503216756,all_crops,08_01
415,2023,sunflower,3.02875,2.3536,2.399018862875034,2.4854347895848155,all_crops,08_01
415,2024,wheat_spring,4.59875,3.3152999999999997,3.1935418034336283,3.1914040507919323,all_crops,08_01
415,2025,barley_spring,4.1290625,2.916,3.4889311102306073,3.4786307712648386,all_crops,08_01
416,2017,wheat_spring,1.41,1.7832000000000001,,,all_crops,08_01
416,2018,sunflower,1.904,2.0362999999999998,,,all_crops,08_01
416,2020,sunflower,1.49,1.1018000000000001,2.156065111883387,2.1756098871908445,all_crops,08_01
416,2021,wheat_spring,2.81635687732342,3.7375999999999996,2.8539513623512067,2.923077656697749,all_crops,08_01
416,2022,sunflower,2.5617843866171004,2.544,2.711279172664587,2.958943125832886,all_crops,08_01
416,2023,wheat_spring,2.685204460966543,2.4692,2.573574827689824,2.7232313010438447,all_crops,08_01
416,2024,sunflower,3.1127881040892196,2.9806,2.9194934348459864,2.875823551149761,all_crops,08_01
416,2025,wheat_spring,5.082081784386617,4.3149,3.753246258226843,3.7274950771527853,all_crops,08_01
418,2019,wheat_winter,2.71,3.1729,2.7575430706184996,2.87433711452134,all_crops,08_01
418,2020,sunflower,1.934,1.3391,2.0957233327285927,2.094055665108657,all_crops,08_01
418,2021,wheat_spring,2.963111111111111,3.5182,2.752468652888473,2.906602774401528,all_crops,08_01
418,2022,sunflower,2.713777777777778,2.7838000000000003,2.6866309254051393,2.9096162336211684,all_crops,08_01
418,2023,wheat_spring,3.197777777777778,2.2502,2.6417193092591758,2.8831569162446353,all_crops,08_01
418,2024,barley_spring,4.445777777777778,3.8845,3.5066970647090825,3.37906961438422,all_crops,08_01
418,2025,pea,3.5744444444444445,3.2040999999999995,3.049588934428283,2.914449001907425,all_crops,08_01
419,2019,wheat_winter,4.318,4.2805,2.885570918994615,2.916013246526009,all_crops,08_01
419,2021,wheat_spring,2.869818181818182,4.101,2.903619314887742,2.9234193230530323,all_crops,08_01
419,2022,barley_spring,4.033818181818182,4.4076,2.8499191496164586,3.1442339319441484,all_crops,08_01
419,2023,wheat_winter,2.256727272727273,2.1704,2.3414438751801305,2.3100832894829084,all_crops,08_01
419,2024,sunflower,3.5854545454545454,2.6513,2.8318138864573186,2.911418707629524,all_crops,08_01
419,2025,wheat_spring,4.669090909090909,3.8364,3.556196324116807,3.606519646704918,all_crops,08_01
420,2017,wheat_spring,1.261,1.4726000000000001,,,all_crops,08_01
420,2019,wheat_winter,2.73,3.8481,2.7521204322724295,2.8301909551093702,all_crops,08_01
420,2021,wheat_spring,2.3181818181818183,4.5226999999999995,2.7133338644169247,2.7969866540894253,all_crops,08_01
421,2018,sunflower,2.585,2.2834,,,all_crops,08_01
421,2019,wheat_spring,3.379,3.3021000000000003,2.6382743339303083,2.740693101664441,all_crops,08_01
421,2021,wheat_winter,2.540078431372549,2.8287,2.8071952037107697,2.8711074327705,all_crops,08_01
421,2023,wheat_spring,1.0665098039215686,1.8791,2.689231758105437,3.044021237859661,all_crops,08_01
421,2024,barley_spring,6.1488627450980395,5.8268,3.3754354180298374,3.3740936414841776,all_crops,08_01
421,2025,sunflower,3.390980392156863,3.0079000000000002,2.990775078852407,2.9259660433326196,all_crops,08_01
422,2019,sunflower,2.372,2.5833,2.3889340704271773,2.3984320716168535,all_crops,08_01
422,2021,sunflower,1.7980821917808218,2.2148,2.2075021939688346,2.0649068601332363,all_crops,08_01
422,2022,wheat_spring,3.4,3.1681,2.815872560848468,3.01622224695138,all_crops,08_01
422,2023,barley_spring,2.3816438356164387,2.4323,2.505049547847949,2.446623876873997,all_crops,08_01
422,2024,wheat_winter,5.087671232876712,4.600099999999999,3.457337661472412,3.3016045239118323,all_crops,08_01
422,2025,sunflower,3.063150684931507,2.7714,2.687830340468805,2.7521038110620646,all_crops,08_01
423,2017,oil_seed_raps_spring,4.29,1.5646,,,all_crops,08_01
423,2019,sunflower,2.085,2.5044,2.2731140070897857,2.407876192541933,all_crops,08_01
423,2021,sunflower,3.1824719101123597,3.1946000000000003,2.3758183198200626,2.424549761281087,all_crops,08_01
423,2022,wheat_spring,3.2240449438202248,3.4781,2.891881211859338,3.1833559118829173,all_crops,08_01
423,2023,barley_spring,2.8031460674157302,2.2167000000000003,2.5426471269736832,2.6449598988395033,all_crops,08_01
423,2024,wheat_spring,3.914067415730337,3.9766,3.2963858928166725,3.327456867649547,all_crops,08_01
423,2025,sunflower,3.147415730337079,2.5221,2.852454949816584,2.807763085565416,all_crops,08_01
424,2017,wheat_spring,1.001,2.128,,,all_crops,08_01
424,2019,wheat_winter,3.898,3.3064999999999998,2.8225032081416392,2.880713960680293,all_crops,08_01
424,2020,sunflower,1.642,1.6011,2.0573180060642917,2.037843764079478,all_crops,08_01
424,2021,wheat_spring,2.626470588235294,2.7789,2.5681593059874714,2.541449032428505,all_crops,08_01
424,2022,pea,4.078627450980392,3.1704999999999997,2.9891420399071347,2.8699829189808006,all_crops,08_01
424,2023,wheat_winter,2.062549019607843,2.8190999999999997,2.3223829085597485,2.2469609338985896,all_crops,08_01
424,2024,sunflower,4.023725490196078,3.2786999999999997,2.9583286126687747,2.934128971083538,all_crops,08_01
424,2025,wheat_spring,4.860784313725491,3.7495,3.5884115045421043,3.5782272562120023,all_crops,08_01
425,2017,wheat_spring,1.089,1.8821,,,all_crops,08_01
425,2018,sunflower,1.825,1.7510000000000001,,,all_crops,08_01
425,2019,wheat_spring,3.854999999999999,3.0919,2.577160747709094,2.6952740792701007,all_crops,08_01
425,2020,sunflower,1.994,1.5090999999999999,2.141874658367847,2.1727494906779365,all_crops,08_01
425,2021,wheat_spring,2.7649462365591395,3.1229,2.679010944453914,2.7326850040891837,all_crops,08_01
425,2022,sunflower,2.363010752688172,2.5024,2.5135474377342404,2.647598323931899,all_crops,08_01
425,2023,wheat_spring,2.559784946236559,2.1184000000000003,2.3034132669732648,2.1658488786090464,all_crops,08_01
425,2024,barley_spring,3.920430107526882,4.3034,3.277555978013524,3.262297925070638,all_crops,08_01
425,2025,sunflower,3.2565591397849465,2.325,2.94179840686009,2.858413381142873,all_crops,08_01
426,2019,sunflower,1.358,1.9375,2.5033686330733214,2.4677792069503677,all_crops,08_01
426,2021,wheat_winter,4.262711864406779,4.2972,3.4167423284900993,3.471635718272551,all_crops,08_01
426,2022,sunflower,2.529830508474576,2.5908,2.319396529810862,2.373186814838706,all_crops,08_01
426,2023,wheat_spring,2.0303389830508474,1.7704,2.349806249280027,2.243548703196302,all_crops,08_01
426,2024,barley_spring,4.6440677966101696,4.0831,3.5154570729861785,3.3860613246224127,all_crops,08_01
426,2025,sunflower,2.6094915254237288,2.4941,2.7698736486502695,2.7478674035935446,all_crops,08_01
427,2019,sunflower,3.082,2.4117,2.612507864842952,2.650999920106778,all_crops,08_01
427,2020,wheat_spring,1.107,2.0332999999999997,2.2958538209956045,2.2571591221479452,all_crops,08_01
427,2025,oil_seed_raps_spring,2.448928571428571,2.0819,2.167432417545884,2.0619051998368043,all_crops,08_01
428,2017,sunflower,2.122,2.8556999999999997,,,all_crops,08_01
428,2019,sunflower,2.429,2.2041,2.4742679914231456,2.6002357880252873,all_crops,08_01
428,2021,sunflower,1.9822442244224423,1.9606000000000001,2.4310711496432047,2.318265560982394,all_crops,08_01
428,2022,wheat_spring,4.175115511551155,3.4149000000000003,3.1474134975245933,3.2640578003943848,all_crops,08_01
428,2023,sunflower,2.932343234323432,1.6854,2.7798194648824155,3.092724798655248,all_crops,08_01
428,2024,wheat_spring,5.232343234323433,4.2741999999999996,3.6126645624776814,3.37442762262104,all_crops,08_01
428,2025,soya,1.48990099009901,2.1202,2.3958073018208905,2.3053502064145097,all_crops,08_01
429,2018,buckwheat,2.5,,,,all_crops,08_01
429,2020,rye_winter,4.068181818181818,3.8091999999999997,2.794787341610184,2.947551084214584,all_crops,08_01
429,2021,barley_spring,1.5118181818181815,2.388,2.2015059719456276,2.2075055916368513,all_crops,08_01
429,2022,sunflower,3.0915909090909093,3.2958,2.7981465161749264,3.1966439852510717,all_crops,08_01
429,2023,wheat_spring,3.113636363636364,2.4568000000000003,2.7290732691424315,2.9847475673921857,all_crops,08_01
429,2024,sunflower,2.159090909090909,2.7255,3.124514120157131,3.0336213330052626,all_crops,08_01
429,2025,barley_spring,4.738863636363636,4.2357,3.621973854337681,3.707698005725061,all_crops,08_01
430,2020,wheat_spring,2.4,2.8545000000000003,2.407409674070166,2.337424743236926,all_crops,08_01
430,2021,wheat_winter,2.408648648648649,2.244,2.5687720049870952,2.6644969805129555,all_crops,08_01
431,2021,wheat_winter,2.472,3.5862000000000003,2.7507507012669365,2.8626021517371463,all_crops,08_01
431,2023,sunflower,2.6,2.1413,2.4276740738063065,2.460778719417176,all_crops,08_01
432,2021,wheat_spring,2.851818181818182,4.5404,3.2391664889123652,3.486035975656675,all_crops,08_01
432,2024,wheat_spring,3.878636363636363,4.4426000000000005,3.5422097297995716,3.408590170896777,all_crops,08_01
432,2025,sunflower,2.9768181818181816,2.9226,2.9750813201559736,2.98074365304377,all_crops,08_01
433,2021,wheat_winter,3.65,2.9331,2.749039469212454,2.8512151735480673,all_crops,08_01
434,2021,wheat_spring,2.7960000000000003,3.7344,2.7551737995774817,2.973628108555392,all_crops,08_01
435,2023,sunflower,1.3273493975903614,2.359,3.0219278456967786,3.253862395535793,all_crops,08_01
435,2024,wheat_spring,2.982771084337349,4.132,3.6768643644746133,3.5024827672183356,all_crops,08_01
435,2025,oil_seed_raps_spring,2.611204819277108,1.9784,2.1097277955209677,1.9965890210442132,all_crops,08_01
436,2021,wheat_spring,3.0220689655172412,4.1293999999999995,3.1171937898123967,3.2186249937292883,all_crops,08_01
437,2021,barley_spring,1.5114285714285711,3.1717,3.1207421137046385,3.275644536070431,all_crops,08_01
438,2021,sunflower,4.436875,2.3124,2.2150342960320226,2.0759141301756117,all_crops,08_01
438,2022,wheat_spring,4.486875,3.4704,2.842079187309308,2.962539627899678,all_crops,08_01
439,2021,sunflower,2.128888888888889,3.1568,2.558416572401423,2.7700635357541485,all_crops,08_01
440,2021,sunflower,2.468322580645161,2.795,2.7291226442430823,2.9551824654529684,all_crops,08_01
440,2022,wheat_spring,3.4393548387096775,2.7463,3.0019529487536896,3.1324782523885943,all_crops,08_01
440,2023,sunflower,2.905483870967742,1.8585999999999998,2.5903635133733856,2.6828899173269614,all_crops,08_01
440,2024,wheat_spring,3.290574193548387,3.6496000000000004,3.3984988307071045,3.394701846903042,all_crops,08_01
440,2025,barley_spring,3.619354838709677,4.831300000000001,3.829048355978097,3.8046899857173577,all_crops,08_01
441,2020,sunflower,3.7,2.6132999999999997,2.3303992591824985,2.30422827240469,all_crops,08_01
441,2021,wheat_spring,4.001818181818182,3.2069,2.5589832476822556,2.6113712135086917,all_crops,08_01
441,2025,wheat_spring,3.986666666666667,3.5075000000000003,3.4229382608406844,3.4523420190094596,all_crops,08_01
443,2021,sunflower,2.47,3.2367,2.381133573030404,2.43285897550522,all_crops,08_01
444,2021,wheat_spring,3.7077777777777774,2.9255,2.4979940640170497,2.4252440052898585,all_crops,08_01
444,2022,barley_spring,3.5166666666666666,3.434,3.107100480728104,3.1992434191869132,all_crops,08_01
444,2023,sunflower,3.0,1.8725999999999998,2.9974054308224476,3.2642518249680292,all_crops,08_01
444,2024,barley_spring,5.806666666666667,4.7311,3.2888203024736624,3.239863867892365,all_crops,08_01
445,2021,wheat_spring,1.8866666666666667,3.6007,2.557109670902613,2.6581376282445963,all_crops,08_01
446,2021,wheat_spring,2.02,2.3268999999999997,2.6083552078071834,2.7361121693834254,all_crops,08_01
447,2021,wheat_spring,2.646666666666667,2.8696,2.636311450584408,2.809813202560256,all_crops,08_01
457,2023,sunflower,1.4166666666666667,2.0538,2.407370443860749,2.4899567330699375,all_crops,08_01
457,2024,wheat_spring,2.8333333333333335,4.4924,3.580640831287137,3.439056864504959,all_crops,08_01
457,2025,wheat_spring,3.44,4.052300000000001,3.5014165323383493,3.769521007023453,all_crops,08_01
469,2022,barley_spring,3.0136842105263155,3.5326,2.710315897830675,3.128736162062096,all_crops,08_01
505,2022,wheat_spring,3.466521739130435,2.8742,2.9668156234757967,3.076044729602504,all_crops,08_01
506,2022,wheat_spring,2.916875,2.8356000000000003,2.8593509811603,3.1289852262223743,all_crops,08_01
510,2022,wheat_spring,4.543333333333334,4.2016,2.6723773955212753,2.9476970957233224,all_crops,08_01
510,2023,barley_spring,2.3091666666666666,2.2861000000000002,2.427935833713449,2.4100086757532355,all_crops,08_01
512,2022,wheat_spring,1.193,4.063000000000001,3.01284751012554,3.259078520402923,all_crops,08_01
512,2024,wheat_spring,3.609692307692308,3.6466000000000003,3.2934378099068145,3.3222089172149003,all_crops,08_01
512,2025,wheat_spring,3.7007692307692306,3.6757,3.237242916593213,3.2613688970523307,all_crops,08_01
513,2023,wheat_spring,1.501304347826087,1.3852,2.773867413974178,3.4228687791534806,all_crops,08_01
513,2024,pea,1.87,3.0174,3.1828354336445606,3.0975062758852827,all_crops,08_01
513,2025,wheat_winter,4.506086956521739,3.7962000000000002,3.5408170164087345,3.5055094669559757,all_crops,08_01
514,2023,wheat_winter,2.0454545454545454,2.0959,2.476250239235812,2.5284163397333645,all_crops,08_01
514,2024,sunflower,3.17,2.5947,2.540495587714195,2.543740275466403,all_crops,08_01
588,2023,barley_spring,1.6065384615384617,2.2676,2.4143816800997993,2.483401989304286,all_crops,08_01
604,2023,wheat_spring,2.1067846153846155,2.5055,2.91974326843836,3.435406450954669,all_crops,08_01
628,2023,pea,1.22444089456869,1.7619,2.4328143482071374,2.33266289131085,all_crops,08_01
628,2025,wheat_spring,1.6711182108626197,2.6254,3.1440281873325135,3.1131267025762774,all_crops,08_01
630,2023,wheat_spring,1.2423529411764709,1.8777000000000001,2.3468553724746215,2.3276695648731507,all_crops,08_01
630,2024,barley_spring,2.7423529411764704,2.8051,3.1220020608418073,2.9564702500809346,all_crops,08_01
630,2025,wheat_spring,1.588235294117647,2.6426,3.131782514471837,3.0338637000175583,all_crops,08_01
632,2023,sunflower,1.823095238095238,1.7312999999999998,2.495783643585885,2.4873669627137884,all_crops,08_01
632,2025,wheat_spring,1.8557142857142856,2.6647,3.170900404935063,3.066559980799156,all_crops,08_01
633,2023,barley_spring,1.783108108108108,2.1074,2.318332442841361,2.2465882102315433,all_crops,08_01
633,2024,pea,2.942216216216216,3.9912,2.9746122887531574,2.8818719904163235,all_crops,08_01
633,2025,wheat_winter,3.7351351351351343,4.1997,3.3625374089121336,3.3363213373348786,all_crops,08_01
634,2023,barley_spring,1.194047619047619,2.4386,2.5919007903294227,2.582127879514584,all_crops,08_01
634,2024,wheat_spring,3.798571428571429,3.6207000000000003,3.4678136751207878,3.1546256453784896,all_crops,08_01
634,2025,wheat_spring,4.002857142857143,2.1765999999999996,2.8460934075728783,2.77984224620221,all_crops,08_01
635,2023,wheat_spring,2.004705882352941,2.9415,2.562737864579986,2.5211036957296873,all_crops,08_01
635,2024,buckwheat,2.409803921568628,,2.799141187534006,2.5290526567126825,all_crops,08_01
635,2025,wheat_spring,3.387058823529412,2.3033,2.877550853959056,2.8563250354163445,all_crops,08_01
636,2023,wheat_spring,2.0064912280701757,1.7056,2.358654331787841,2.279995856857296,all_crops,08_01
636,2024,sunflower,4.390175438596492,2.3608000000000002,2.852247464015851,2.691078104953319,all_crops,08_01
636,2025,wheat_spring,2.5898245614035087,2.3332,2.687521130365552,2.5722801561571926,all_crops,08_01
640,2023,barley_spring,1.1313636363636363,1.6549,2.3776539000720316,2.3702331126972087,all_crops,08_01
640,2024,pea,2.969181818181818,3.7388,3.045016506205744,2.916658344508128,all_crops,08_01
643,2024,lentil,1.335945945945946,1.6377,2.485919556417157,2.457486550899881,all_crops,08_01
643,2025,wheat_winter,2.9432432432432436,3.7738,3.3070766166517354,3.275523015462799,all_crops,08_01
644,2023,wheat_spring,1.736,2.4819,2.4571524246597183,2.40091845436667,all_crops,08_01
644,2024,wheat_spring,2.470666666666667,3.0547999999999997,3.2075592126178245,3.1310924326985696,all_crops,08_01
649,2023,pea,1.71,1.7604,2.5169250259331415,2.4361059341067786,all_crops,08_01
650,2023,wheat_spring,2.649016393442623,2.1055,2.4743298690005378,2.485522787055175,all_crops,08_01
650,2024,wheat_spring,3.3059016393442624,3.4661,2.6308206262370795,2.4615154140118647,all_crops,08_01
652,2023,pea,1.71,1.4395,2.554667893013272,2.4572826668327377,all_crops,08_01
653,2023,barley_spring,1.2991452991452992,1.5218,2.510363544005448,2.6646154955005934,all_crops,08_01
653,2024,pea,2.8835897435897437,3.0595,3.1604673914501804,2.9156962370233472,all_crops,08_01
653,2025,wheat_winter,4.073504273504274,4.2751,3.6103975690206718,3.589638742250306,all_crops,08_01
654,2023,wheat_spring,2.6425,2.2979,2.540892497542567,2.480916520745001,all_crops,08_01
655,2023,lentil,1.28,1.1785,2.6662230489703496,2.751226490983438,all_crops,08_01
655,2024,wheat_spring,2.415263157894737,3.157,2.883542094890808,2.764255813526868,all_crops,08_01
659,2024,wheat_spring,2.440571428571429,3.5345,3.1347329812781597,3.064820069320504,all_crops,08_01
660,2023,wheat_spring,1.762,2.4032,2.678961880063271,2.808966213806191,all_crops,08_01
661,2023,lentil,1.274561403508772,1.1278000000000001,2.9778313385168076,3.0225090312829286,all_crops,08_01
661,2024,wheat_spring,3.669122807017544,2.7378,2.633705990420923,2.475553788696397,all_crops,08_01
662,2023,wheat_spring,1.7616666666666667,2.5514,2.633936018636962,2.628519544679204,all_crops,08_01
663,2025,sunflower,1.2317037037037035,2.5339,2.26383572043722,2.1274205986742105,all_crops,08_01
665,2023,wheat_spring,1.625,2.225,2.268231438528269,2.1147682009598348,all_crops,08_01
666,2023,wheat_spring,1.6253191489361702,2.5518,2.435936124523523,2.367949734784862,all_crops,08_01
667,2025,oil_seed_raps_spring,1.7854077253218883,2.1496,2.1802094965939895,2.077883146728145,all_crops,08_01
668,2025,wheat_spring,3.31872,2.8228999999999997,2.747588059960338,2.687306845612046,all_crops,08_01
669,2023,wheat_spring,1.5975471698113208,1.8298999999999999,2.600494327425011,2.7509610382789402,all_crops,08_01
669,2024,wheat_spring,3.322641509433962,3.3181,3.0850411461534515,2.9168661065985075,all_crops,08_01
669,2025,sunflower,1.069056603773585,2.3642,2.5800655539724957,2.5638661618345684,all_crops,08_01
671,2023,wheat_spring,1.7196969696969695,2.41,2.475353633140911,2.438887542832301,all_crops,08_01
672,2023,sunflower,1.3009146341463411,1.7597999999999998,2.380819549606258,2.339297112496312,all_crops,08_01
672,2024,barley_spring,1.6602439024390243,2.3065,2.811475871935153,2.7793238336539816,all_crops,08_01
672,2025,pea,1.7565853658536583,2.4859,2.8174820843322808,2.60244068269478,all_crops,08_01
674,2023,lentil,1.1587795275590551,1.1411,2.8781565364651667,2.9809703659842013,all_crops,08_01
674,2024,wheat_spring,4.6898425196850395,2.8089,3.192626075616868,2.907977782178572,all_crops,08_01
674,2025,oil_seed_raps_spring,1.4960629921259845,1.8541,1.9872176195956417,1.8344144701681322,all_crops,08_01
675,2025,wheat_spring,2.695906432748538,2.6151,2.3550811834908854,2.2152786130880395,all_crops,08_01
677,2023,wheat_spring,2.2621428571428575,2.4953,2.5320955133205323,2.564834039014748,all_crops,08_01
677,2024,lentil,1.64,1.3361,2.529743384446472,2.418878035859599,all_crops,08_01
678,2023,wheat_spring,2.0062686567164176,2.5131,2.5421854651805926,2.526797918123787,all_crops,08_01
680,2023,wheat_spring,2.511463414634146,2.9116,2.492056953574152,2.5538945739341385,all_crops,08_01
685,2025,sunflower,1.0700578034682082,2.4401,2.3613323885406947,2.274145468869076,all_crops,08_01
689,2023,barley_spring,1.1930769230769231,3.02,2.6541379019346736,2.691980904761501,all_crops,08_01
689,2024,wheat_spring,1.1392307692307693,3.5058,3.2805976076246393,3.0856681174391642,all_crops,08_01
689,2025,wheat_spring,1.146153846153846,1.9847000000000001,2.6588212455802287,2.5468742299901366,all_crops,08_01
690,2023,wheat_spring,3.1429411764705883,2.6678,2.834028692208558,2.9046527416089467,all_crops,08_01
693,2023,wheat_spring,1.650925925925926,3.2476999999999996,2.8174229881668027,2.970714279708571,all_crops,08_01
693,2025,wheat_spring,4.111111111111111,2.519,3.086180089862395,3.112193996526803,all_crops,08_01
694,2023,wheat_spring,1.8193939393939391,2.9119,2.6326341487703795,2.699360726551245,all_crops,08_01
694,2024,wheat_spring,1.9284848484848485,2.9421,3.1704434457335173,3.057758538697775,all_crops,08_01
694,2025,wheat_spring,3.604848484848485,2.5167,2.8448297338533295,2.7440120327637803,all_crops,08_01
695,2023,wheat_spring,1.819,2.7694,2.650336771047768,2.8386412444368307,all_crops,08_01
696,2023,wheat_spring,1.6794736842105262,2.2182,2.5597604346338927,2.6103664341026214,all_crops,08_01
696,2024,wheat_spring,4.205263157894737,3.4825000000000004,2.9046276117411023,2.775869981874446,all_crops,08_01
698,2023,pea,1.06,1.7061,2.7041116478946385,2.833519487912068,all_crops,08_01
698,2024,wheat_spring,3.18863309352518,2.6348,3.1017462862830687,3.007613148060526,all_crops,08_01
698,2025,wheat_spring,3.053956834532374,2.3052,2.9148237284559357,2.7751095028806225,all_crops,08_01
699,2024,wheat_spring,1.9542857142857144,2.9794,2.718029829340152,2.7443335875637453,all_crops,08_01
700,2023,wheat_spring,1.771777777777778,2.0559000000000003,2.4656156776167624,2.37955849336431,all_crops,08_01
700,2024,wheat_spring,3.1551111111111108,3.2281,3.207187973144042,3.0038273299550573,all_crops,08_01
701,2023,wheat_spring,2.263571428571429,2.6811,2.544872840159592,2.617933819867634,all_crops,08_01
710,2023,wheat_spring,2.016111111111111,3.0164999999999997,2.663375143588374,2.8144157813726647,all_crops,08_01
711,2023,wheat_spring,1.3551376146788991,2.5837,2.7201445604912786,2.5973308945133406,all_crops,08_01
711,2025,wheat_spring,2.053211009174312,2.5225999999999997,2.9102738800075074,2.947031988124905,all_crops,08_01
712,2023,pea,2.155,2.1027,2.7402115745451967,2.9695217968698144,all_crops,08_01
712,2024,wheat_spring,2.481875,3.2098,2.8823884813196337,2.7891623519159436,all_crops,08_01
713,2023,wheat_spring,1.738235294117647,2.4566,2.7291281025744176,2.9252829526032342,all_crops,08_01
715,2023,sunflower,1.8202684563758391,1.8138,2.589062352839001,2.65705123595088,all_crops,08_01
715,2024,wheat_spring,3.2449664429530203,2.9846,3.311570046384392,3.069307508708597,all_crops,08_01
715,2025,pea,1.8306040268456376,2.9642,2.575448924863228,2.3678142578638326,all_crops,08_01
716,2023,barley_spring,1.8917857142857144,2.3004000000000002,2.470199713417297,2.492145663488213,all_crops,08_01
716,2024,sunflower,2.867857142857143,2.1032,2.828324735879006,2.6659182404742015,all_crops,08_01
717,2023,sunflower,2.361842105263158,2.0339,2.5356252761304727,2.5695844810895343,all_crops,08_01
717,2024,wheat_spring,2.1251315789473684,3.05,3.2254292362376136,2.9476760847697308,all_crops,08_01
717,2025,pea,1.6002631578947368,2.3274999999999997,2.579387586137322,2.4070601862867322,all_crops,08_01
718,2023,wheat_spring,1.7971698113207548,2.1103,2.370998626838219,2.345965363636797,all_crops,08_01
718,2024,sunflower,3.907924528301887,2.9635000000000002,2.7313037391954733,2.6035154838707184,all_crops,08_01
719,2023,sunflower,2.43,1.9323000000000001,2.88223032841251,3.107889048905744,all_crops,08_01
722,2023,sunflower,2.345357142857143,1.828,2.5384087375578646,2.617172498254088,all_crops,08_01
722,2024,wheat_spring,3.143571428571428,3.2308,3.085476786606509,2.9574821624370227,all_crops,08_01
722,2025,wheat_spring,1.8907142857142856,3.0300000000000002,2.936917504768211,2.986257709668454,all_crops,08_01
725,2025,wheat_spring,2.534630136986302,2.6914000000000002,2.540738206510737,2.349136123971183,all_crops,08_01
727,2023,lentil,1.3795238095238094,1.1507999999999998,2.821945531415871,3.006939962370298,all_crops,08_01
727,2024,wheat_spring,2.8123809523809524,3.4015999999999997,3.0427387193199764,2.795945960982298,all_crops,08_01
728,2023,wheat_spring,2.1681132075471696,2.0694,2.4377703376967452,2.444501306869059,all_crops,08_01
728,2024,lentil,1.5162264150943396,1.4106999999999998,2.612196233522332,2.551739832541513,all_crops,08_01
728,2025,wheat_winter,3.3735849056603775,4.0743,3.0207066173544086,2.993803133041624,all_crops,08_01
729,2023,wheat_spring,1.8895744680851063,1.7196000000000002,2.4002242230897677,2.389853386185013,all_crops,08_01
729,2024,barley_spring,3.85063829787234,2.6789,3.0908548251922388,2.831584299484837,all_crops,08_01
729,2025,pea,1.1063829787234043,2.0322,2.370529111453058,2.165937793975362,all_crops,08_01
730,2023,lentil,1.38,1.1573,2.939549028645491,3.1067074653379443,all_crops,08_01
730,2024,wheat_spring,3.438636363636364,3.5831000000000004,3.0564976632603638,2.8498479034395565,all_crops,08_01
733,2023,wheat_spring,1.5219277108433733,1.8249,2.4226468381010005,2.3145537430586245,all_crops,08_01
733,2024,soya,1.2295180722891563,1.8885,2.472602327155562,2.4125387878187117,all_crops,08_01
735,2023,wheat_spring,2.44,1.8994,2.4337594552513147,2.3768536082464715,all_crops,08_01
736,2023,wheat_spring,2.190373831775701,2.2104,2.388733483687523,2.3667233387543005,all_crops,08_01
736,2024,lentil,1.28,1.3733,3.0410733907388185,2.8260049992541596,all_crops,08_01
736,2025,wheat_winter,3.522429906542056,4.4608,3.445038387256644,3.4379755867367208,all_crops,08_01
737,2023,wheat_spring,2.440300751879699,2.3006,2.6078203101879627,2.5540340819995437,all_crops,08_01
737,2024,sunflower,1.308345864661654,2.4148,3.0092246688032165,2.7604986285661193,all_crops,08_01
737,2025,wheat_spring,3.0362406015037595,2.0914,2.839377857698244,2.6730481180070647,all_crops,08_01
738,2025,oil_seed_raps_spring,1.6858108108108107,1.9761,2.1938465956657094,2.000086675650477,all_crops,08_01
741,2023,wheat_spring,1.904864864864865,2.4909,2.7699712887226116,2.879236038148904,all_crops,08_01
742,2023,wheat_spring,1.1057560975609757,2.1965,2.5148625229932122,2.5086210120207983,all_crops,08_01
742,2024,wheat_spring,2.9680000000000004,3.2590000000000003,3.3512085936390235,3.071930655370882,all_crops,08_01
742,2025,pea,1.4797073170731707,1.7898,2.478204135918893,2.2864944328194454,all_crops,08_01
743,2023,wheat_spring,2.480392156862745,2.4853,2.3305939474210002,2.2478080822397986,all_crops,08_01
743,2024,barley_spring,3.086470588235294,2.8352,3.5777660601473373,3.2679812697164197,all_crops,08_01
743,2025,pea,2.7562745098039216,2.2527,2.718859845726715,2.4965702961456158,all_crops,08_01
744,2024,wheat_spring,2.963589743589744,3.0977,3.383433669030063,3.1721870730620623,all_crops,08_01
744,2025,sunflower,2.1576068376068376,2.3604,2.6759881333823485,2.632704177060066,all_crops,08_01
745,2023,pea,1.03,2.0414000000000003,2.595890678057446,2.5257294041698364,all_crops,08_01
745,2024,wheat_spring,1.665,3.7734,3.229278206364527,3.114052267778273,all_crops,08_01
746,2025,sunflower,1.7198443579766538,2.0906,2.228103210381205,2.0567977857590716,all_crops,08_01
747,2023,pea,1.0,1.7563,2.63417711073655,2.685758817131095,all_crops,08_01
749,2023,pea,1.4686821705426356,1.9228,2.5750827431690433,2.5470479472954817,all_crops,08_01
749,2025,wheat_spring,3.7407751937984495,2.6398,2.8819349721087386,2.733621679186753,all_crops,08_01
750,2023,pea,1.101914893617021,1.6206,2.565171895592839,2.645287056353703,all_crops,08_01
750,2024,wheat_spring,4.912765957446808,2.6390000000000002,2.8421619524413373,2.758499068328295,all_crops,08_01
750,2025,sunflower,2.2961702127659573,2.2131,2.624438495852547,2.5066697289619677,all_crops,08_01
752,2023,barley_spring,1.9104761904761904,2.5781,2.5792149494087404,2.5574685105659722,all_crops,08_01
753,2023,barley_spring,1.4910294117647058,2.058,2.403993021890236,2.4112401283523925,all_crops,08_01
753,2024,barley_spring,3.5779411764705884,3.7321,3.0186461337721666,2.873192909919167,all_crops,08_01
753,2025,pea,1.6891176470588236,2.0056000000000003,2.730937842593182,2.568285073037732,all_crops,08_01
754,2023,wheat_spring,3.142777777777778,2.8236999999999997,2.866902802861661,2.9802132071010052,all_crops,08_01
754,2024,wheat_spring,3.902549,2.5719000000000003,2.6665106614096494,2.5855666481548165,all_crops,08_01
755,2023,wheat_spring,2.6428205128205127,2.3508,2.930948914011161,3.0554641619656153,all_crops,08_01
756,2023,wheat_spring,3.143035714285714,3.0082,2.955827388148759,3.0117666481199743,all_crops,08_01
757,2023,barley_spring,2.6775,2.5328,2.856892343821677,3.0203917154205135,all_crops,08_01
758,2023,barley_spring,2.4257142857142857,2.3883,2.432522101078309,2.4874599313613355,all_crops,08_01
764,2023,wheat_spring,3.1446774193548386,2.6370999999999998,2.757377727149897,2.8712770101733534,all_crops,08_01
764,2024,wheat_spring,3.882903225806452,3.2095,2.6392727575092354,2.4870758636276706,all_crops,08_01
766,2023,barley_spring,2.88047619047619,2.9874,2.716733492544175,3.0441489235679935,all_crops,08_01
766,2024,lentil,1.5980952380952382,1.3260999999999998,2.644577079986921,2.56873930988149,all_crops,08_01
767,2023,wheat_spring,1.6358536585365853,1.9647999999999999,2.8215371004635905,2.97545335356353,all_crops,08_01
767,2024,wheat_spring,1.4141463414634146,3.1482,3.2509773271195295,3.1757834483853227,all_crops,08_01
768,2023,wheat_spring,1.9517391304347824,2.3907,2.9720262543161677,3.059243091347378,all_crops,08_01
768,2024,wheat_spring,2.4121739130434783,3.6808,3.1554959105669775,3.0316491268158665,all_crops,08_01
769,2023,wheat_spring,1.636,2.2826,2.865275579008454,3.0187288716952545,all_crops,08_01
769,2024,wheat_spring,5.392,2.692,3.1150005955348696,3.048528707091208,all_crops,08_01
770,2023,wheat_spring,2.5348507462686567,2.3167,2.803493642234411,2.8813637734700914,all_crops,08_01
770,2024,oil_seed_raps_spring,1.6740298507462683,1.7754,2.397790199612873,2.2316333866298796,all_crops,08_01
770,2025,wheat_spring,3.468955223880597,2.4257,3.1049305180036346,3.0329751368956104,all_crops,08_01
771,2023,wheat_spring,2.154166666666667,2.1482,2.433033065202798,2.4675643490100536,all_crops,08_01
771,2025,lentil,1.185989,1.3425,2.0799015003447683,1.9975757500268734,all_crops,08_01
772,2023,wheat_spring,2.327462686567164,2.1558,2.44039112951127,2.3688258050097026,all_crops,08_01
772,2024,soya,1.297313432835821,2.1597,2.2132291249656078,2.0341953836216677,all_crops,08_01
773,2024,wheat_spring,1.5847761194029852,2.0591,2.4028507640093544,2.352567011829277,all_crops,08_01
774,2023,wheat_spring,2.6488888888888886,2.1664000000000003,2.3728439631177807,2.2785749557469557,all_crops,08_01
774,2024,wheat_spring,3.3511111111111114,3.4462,2.74430333062229,2.603663119537945,all_crops,08_01
775,2023,wheat_spring,2.332686567164179,3.1513999999999998,2.8600466060209526,2.906336930462559,all_crops,08_01
775,2024,wheat_spring,3.02089552238806,2.9789000000000003,2.917978541212556,2.7013561825888863,all_crops,08_01
776,2024,wheat_spring,2.5763265306122447,3.1826,2.948162929086292,2.973382025567701,all_crops,08_01
777,2025,sunflower,1.4268944099378882,2.0654,2.4293961665934387,2.2672995378446785,all_crops,08_01
778,2023,wheat_spring,1.7359090909090908,2.0045,2.3136704006883466,2.1422233596118554,all_crops,08_01
778,2024,wheat_spring,4.464090909090909,2.9023,3.1038485928961594,2.9912290630707283,all_crops,08_01
779,2023,wheat_spring,1.21525,2.4725,2.3858498468946174,2.3423959157811534,all_crops,08_01
779,2024,wheat_spring,3.148,3.8303,3.0678661929229007,2.9740053222802745,all_crops,08_01
780,2023,wheat_spring,1.5043333333333335,2.3485,2.5607625005326233,2.6507848066573008,all_crops,08_01
780,2024,wheat_spring,4.034666666666667,3.5488,3.2167824405298893,3.1123733472266473,all_crops,08_01
781,2023,wheat_spring,1.736056338028169,2.4867999999999997,2.479622273730218,2.4978369531196223,all_crops,08_01
783,2023,sunflower,1.823229166666667,1.6126,2.3522679375839908,2.2676116206780295,all_crops,08_01
783,2024,barley_spring,3.822291666666666,3.0088,3.1066206245856947,2.8936390129209815,all_crops,08_01
783,2025,pea,1.861875,2.4795000000000003,2.7879276873648875,2.5890897921019045,all_crops,08_01
784,2025,sunflower,1.1116867469879517,2.4922999999999997,2.5762545283217353,2.4781640823133912,all_crops,08_01
785,2023,sunflower,1.838187134502924,1.9890999999999999,2.3658427619982776,2.3179102605020185,all_crops,08_01
785,2025,pea,2.526432748538012,2.4577999999999998,2.377959453348599,2.2284076298318176,all_crops,08_01
786,2023,wheat_spring,1.4060416666666666,1.5635,2.460115152863118,2.409774820961427,all_crops,08_01
786,2024,wheat_spring,3.81125,3.1032,3.163656976860914,3.0064973995408524,all_crops,08_01
786,2025,wheat_spring,1.6983333333333333,2.3194,2.82009444360891,2.731818870942925,all_crops,08_01
787,2023,lentil,1.2383333333333333,1.1869,2.9192701239189063,3.08372820550475,all_crops,08_01
787,2024,wheat_spring,3.1833333333333336,3.2444,3.008778732299776,2.8714987686313536,all_crops,08_01
788,2025,wheat_spring,3.787260273972603,2.3513,2.347810911782233,2.2059930184062764,all_crops,08_01
789,2023,barley_spring,1.91046511627907,2.1357,2.536253345770164,2.5225698202195237,all_crops,08_01
789,2024,wheat_spring,3.867674418604651,3.1652,3.2148540993707218,2.95745770434913,all_crops,08_01
790,2023,sunflower,1.8870833333333332,1.9122,2.4398273292037658,2.356310789207104,all_crops,08_01
790,2025,pea,2.798541666666667,2.9749,2.721402681128891,2.5330438314586745,all_crops,08_01
791,2023,sunflower,1.8553846153846152,1.9857,2.5392737210229805,2.515770822799042,all_crops,08_01
792,2023,wheat_spring,1.42275,1.5682,2.3744166024175395,2.339491363713757,all_crops,08_01
792,2024,sunflower,2.9635,2.0733,2.575092674387097,2.405997422957125,all_crops,08_01
793,2023,wheat_spring,1.7799999999999998,2.134,2.468499346345721,2.5801584503302974,all_crops,08_01
793,2024,wheat_spring,4.363820224719101,2.6718,3.1776390090596562,3.0656214865319518,all_crops,08_01
793,2025,wheat_spring,2.1496629213483147,2.6378,2.9104417865741254,2.8101231346477835,all_crops,08_01
794,2023,pea,1.0431818181818182,1.448,2.4407970313316603,2.4152451349738744,all_crops,08_01
795,2025,oil_seed_raps_spring,1.1250519031141868,1.5797,2.0507185141232296,1.9062454460562952,all_crops,08_01
796,2023,pea,1.1148387096774195,1.5803,2.3532518119909263,2.2800676071310115,all_crops,08_01
797,2023,wheat_spring,1.7378260869565216,2.6823,2.6652039347509624,2.903187830197602,all_crops,08_01
797,2024,lentil,1.5504347826086955,1.4142,2.8787959397488523,2.8584908600474774,all_crops,08_01
797,2025,wheat_spring,4.511304347826087,2.6075,3.0682464021037323,3.145929527906034,all_crops,08_01
798,2023,wheat_spring,2.006153846153846,2.45,2.449939502219787,2.432620825411478,all_crops,08_01
798,2024,sunflower,2.709230769230769,2.5902000000000003,2.788446908772846,2.6673619441513887,all_crops,08_01
800,2023,barley_spring,1.85,2.9406,2.5729365495743566,2.5873100157705453,all_crops,08_01
800,2024,wheat_spring,2.493333333333333,3.8228,3.158535560691667,2.966241666127263,all_crops,08_01
800,2025,wheat_spring,1.816190476190476,2.4798,2.928915266636326,2.811790279493848,all_crops,08_01
801,2023,wheat_spring,1.4505072463768116,2.278,2.980979606857456,3.0964543333737375,all_crops,08_01
801,2025,wheat_spring,3.800724637681159,3.0893,3.176260330881608,3.1437396664602626,all_crops,08_01
802,2023,sunflower,2.345833333333333,2.2595,2.578206703480716,2.6556963317959927,all_crops,08_01
802,2025,wheat_spring,2.8191666666666664,1.6059999999999999,3.158316034976393,3.136518556739972,all_crops,08_01
803,2023,wheat_spring,1.8186206896551724,2.269,2.6125966271053302,2.811609882767793,all_crops,08_01
803,2025,wheat_spring,5.01103448275862,2.3155,2.9022483633513723,2.8306595558224266,all_crops,08_01
804,2023,wheat_spring,1.818888888888889,2.3760000000000003,2.677039898987839,2.928160227615703,all_crops,08_01
805,2023,wheat_spring,1.8189473684210529,1.8509,2.702439954214484,2.8775184609014883,all_crops,08_01
806,2023,wheat_spring,2.2642857142857142,2.1092,2.705086145696128,2.924909172467067,all_crops,08_01
807,2023,wheat_spring,3.141052631578947,2.8649,2.505978813942766,2.455053132552843,all_crops,08_01
807,2024,wheat_spring,2.4712280701754388,2.6149999999999998,2.7857760437535033,2.6160196758078884,all_crops,08_01
808,2025,sunflower,1.5668341708542717,2.4592,2.3842038411810935,2.330308336655496,all_crops,08_01
809,2023,pea,1.3391666666666666,1.7355,2.4507229271969346,2.388126904573344,all_crops,08_01
809,2024,wheat_spring,3.8322916666666664,2.793,2.652637646544503,2.4903410499389507,all_crops,08_01
809,2025,wheat_spring,2.4595833333333332,2.3466,2.471785534289574,2.4041975802049436,all_crops,08_01
810,2023,pea,1.2673684210526317,1.7835,2.680038546101558,2.856488166924027,all_crops,08_01
810,2024,wheat_spring,4.670877192982457,2.803,2.9800845494903756,2.7879477094446776,all_crops,08_01
810,2025,sunflower,1.1449122807017544,1.9764,2.279215731377261,2.2298570806062252,all_crops,08_01
811,2023,wheat_spring,1.8688888888888888,1.8558,2.526398106705279,2.641456083060949,all_crops,08_01
811,2024,wheat_spring,4.6866666666666665,2.9682,3.039179468613132,3.01796847927538,all_crops,08_01
812,2025,sunflower,1.098,2.2851,2.3727034233549915,2.270971539312304,all_crops,08_01
813,2023,wheat_spring,1.738,3.1189,2.717139335299932,2.986242025545852,all_crops,08_01
815,2023,wheat_spring,1.762222222222222,1.9965,2.6853940880704616,2.781022565927783,all_crops,08_01
818,2024,wheat_spring,3.3494252873563215,3.3314999999999997,2.881536327041861,2.9833084202743803,all_crops,08_01
819,2023,wheat_spring,1.90125,1.6786999999999999,2.4073696123044996,2.3308171019293065,all_crops,08_01
820,2023,sunflower,2.425,2.004,2.9126203945066744,3.1362077227463434,all_crops,08_01
821,2024,wheat_spring,4.94,2.4912,2.6252140901766268,2.5209395020563297,all_crops,08_01
821,2025,wheat_spring,1.8613861386138617,2.086,2.6306706104330555,2.514377112100513,all_crops,08_01
823,2024,wheat_spring,2.443404255319149,3.4749000000000003,2.722068957372431,2.6952221082337013,all_crops,08_01
824,2023,wheat_spring,2.648888888888889,2.9335999999999998,2.704648414625444,2.86280631579916,all_crops,08_01
824,2024,wheat_spring,2.8755555555555556,3.5801000000000003,2.7859192881362764,2.7423801806041475,all_crops,08_01
828,2023,pea,1.28,1.6861000000000002,2.9396808217032637,3.1217305652799734,all_crops,08_01
829,2023,pea,1.28,1.7546,2.9682065096364747,3.0311454868404875,all_crops,08_01
830,2023,pea,1.71,2.6688,2.842362012522813,2.823293631766521,all_crops,08_01
831,2024,wheat_spring,2.517297297297297,3.0402,2.6683739197280576,2.6764185119306263,all_crops,08_01
832,2023,wheat_spring,4.2,2.9585999999999997,3.055815632035886,3.145403761932083,all_crops,08_01
832,2024,barley_spring,5.508,4.8621,3.5591206233384494,3.5121658861137584,all_crops,08_01
832,2025,soya,1.68,2.4743,2.528493063642008,2.363464054332745,all_crops,08_01
833,2023,barley_spring,1.058024691358025,2.3053,2.476012324835848,2.505066424676089,all_crops,08_01
833,2025,wheat_spring,1.6960493827160494,1.9152999999999998,2.6484584306997156,2.513222334833668,all_crops,08_01
834,2023,pea,1.0,1.9326,2.5623110130136357,2.606384261679758,all_crops,08_01
834,2024,barley_spring,2.2088888888888887,3.7247,2.8991744742229115,2.8789366073602225,all_crops,08_01
835,2023,wheat_spring,1.1682926829268292,2.3505,2.721596053060983,3.352716335660797,all_crops,08_01
836,2023,wheat_spring,1.6984761904761905,2.613,2.6362257021599578,2.7530065702436652,all_crops,08_01
836,2025,wheat_spring,3.076571428571429,2.513,3.036439448047262,3.044444577079674,all_crops,08_01
837,2023,lentil,1.3793333333333335,1.0715,2.8338412854223036,3.0008833192817352,all_crops,08_01
837,2024,wheat_spring,4.956,3.4233,3.0054610792589735,2.9051776207936895,all_crops,08_01
837,2025,pea,2.8573333333333335,2.2898,2.382478725405354,2.1730354664106435,all_crops,08_01
838,2023,wheat_spring,1.88,1.7582999999999998,2.541732329277993,2.622886161178498,all_crops,08_01
838,2024,wheat_spring,2.9166666666666665,2.8235,2.928965172837728,2.8781686876563954,all_crops,08_01
838,2025,pea,1.268333333333333,2.2265,2.562472505428298,2.409598152326574,all_crops,08_01
839,2023,wheat_spring,1.4678260869565218,1.6463,2.5162886063041956,2.6077052780527996,all_crops,08_01
839,2024,wheat_spring,2.688347826086957,2.683,3.001369151433475,2.776834533231537,all_crops,08_01
839,2025,pea,1.673913043478261,2.4611,2.606287546726347,2.3196993072569816,all_crops,08_01
845,2023,pea,1.7780487804878051,2.339,2.985046527838068,3.268001140021102,all_crops,08_01
846,2024,wheat_spring,4.397260273972603,2.1568,2.813176809805582,2.7064955643566595,all_crops,08_01
846,2025,wheat_spring,1.747123287671233,2.1764,2.641524776877478,2.546357841085069,all_crops,08_01
847,2024,wheat_spring,3.674237288135594,3.0462,2.739103301233403,2.6560485619231367,all_crops,08_01
847,2025,wheat_spring,2.940677966101695,2.3927,2.690024952783495,2.697822390343385,all_crops,08_01
848,2025,wheat_spring,5.9399999999999995,3.4457999999999998,2.7864606678281665,2.7684566851962935,all_crops,08_01
849,2024,wheat_spring,1.2260869565217392,2.1174,2.4548141889682626,2.2995628797850047,all_crops,08_01
849,2025,wheat_spring,1.0469565217391303,2.6065,2.498487689713465,2.5250561981594464,all_crops,08_01
850,2024,wheat_spring,4.034594594594594,2.9638999999999998,2.7805105363411564,2.7962295545039213,all_crops,08_01
850,2025,wheat_spring,1.4827027027027029,2.3329,2.8042154936186465,2.9182160650035853,all_crops,08_01
851,2024,wheat_spring,5.851578947368421,3.3415999999999997,2.8623756659028787,2.8731323592015445,all_crops,08_01
851,2025,wheat_spring,2.9426315789473683,2.6457,2.7432143719258795,2.7572512025456244,all_crops,08_01
867,2024,barley_spring,1.9161290322580644,3.6593000000000004,3.130211314404422,3.2426196895270523,all_crops,08_01
867,2025,wheat_spring,4.0767741935483865,4.4481,4.087319622585226,4.647818579679782,all_crops,08_01
871,2024,sunflower,2.369950248756219,2.9259,2.619243850227026,2.718599531898711,all_crops,08_01
871,2025,wheat_spring,4.996119402985075,4.6679,3.6842656987154916,3.7076900047994044,all_crops,08_01
872,2024,barley_spring,3.234567901234568,3.7825,2.8897146860335545,2.9584834081140574,all_crops,08_01
872,2025,wheat_spring,3.632098765432098,3.9985,3.6367566749358984,3.642376900751808,all_crops,08_01
873,2024,sunflower,2.595625,3.0149,2.689071728946367,2.814716659230382,all_crops,08_01
873,2025,wheat_spring,4.029166666666667,4.5165999999999995,3.876452359534454,4.58408011517818,all_crops,08_01
874,2024,barley_spring,2.8904109589041096,3.1378,2.830950247265561,2.9296625791944395,all_crops,08_01
874,2025,wheat_spring,5.187123287671233,3.8101999999999996,3.604712072922757,3.6074716009390544,all_crops,08_01
875,2024,barley_spring,2.96,3.2876,2.7910160172063234,2.9643970795687933,all_crops,08_01
875,2025,wheat_spring,4.700588235294117,4.6021,3.512493298269773,3.5926668690320915,all_crops,08_01
879,2024,wheat_spring,3.631333333333333,4.0365,3.0591107664093466,3.2534422655219317,all_crops,08_01
881,2024,sunflower,3.596666666666667,2.9307,2.7908129240453743,2.919530094703919,all_crops,08_01
881,2025,wheat_spring,5.271794871794872,4.2247,3.5533417665996545,3.5169624362855254,all_crops,08_01
882,2024,barley_spring,3.2781451612903227,4.1206000000000005,2.9052865283389067,2.966588901923516,all_crops,08_01
882,2025,soya,1.5272580645161289,1.9552,2.4864332041925663,2.338221644655163,all_crops,08_01
892,2024,wheat_spring,4.039580209895052,3.5601999999999996,2.982968662633212,2.935393154018105,all_crops,08_01
893,2024,wheat_spring,4.053873873873874,3.2659999999999996,3.0304042026326514,2.9561744379106654,all_crops,08_01
894,2024,wheat_spring,1.8008695652173914,2.9888000000000003,2.911873729013231,2.8263195711460467,all_crops,08_01
896,2024,lentil,1.851433536055604,1.3583,2.3428002101974688,2.3786398890627933,all_crops,08_01
897,2025,wheat_spring,2.995285714285714,2.9537,2.50911673610715,2.439200261170343,all_crops,08_01
899,2024,wheat_spring,2.7888,2.835,2.9127316457667694,2.897357495024148,all_crops,08_01
901,2024,wheat_spring,2.6990946502057613,2.4257,3.0291398927807713,2.9456714871428207,all_crops,08_01
903,2024,wheat_spring,1.516697247706422,3.7146999999999997,3.2723007175399554,3.0641243846178168,all_crops,08_01
904,2025,wheat_spring,3.295175879396985,2.512,2.920710546088443,3.0452014842387696,all_crops,08_01
905,2024,wheat_spring,1.9746413052501508,2.5953,2.6452406650201894,2.6142063067175068,all_crops,08_01
906,2025,barley_spring,3.1871232876712328,2.2448,2.783143346539268,2.672253490023727,all_crops,08_01
907,2024,wheat_spring,2.997029702970297,3.5423999999999998,3.38327289839296,3.2310933829130013,all_crops,08_01
908,2024,lentil,1.3613704849085806,1.3572,2.3727215960250323,2.4941486754156377,all_crops,08_01
909,2024,lentil,1.1705454545454546,1.4914,2.2861194181445015,2.280065955550809,all_crops,08_01
910,2025,wheat_spring,4.178913043478261,2.6088,3.2769801304387842,3.3015937306523444,all_crops,08_01
911,2024,wheat_spring,2.995941176470588,3.2018999999999997,3.0400318752008118,2.9825617767316457,all_crops,08_01
911,2025,lentil,2.5792941176470587,1.3381,2.076087028236138,1.9618431117597215,all_crops,08_01
912,2024,sunflower,1.9044579913139392,2.061,2.4883578742892603,2.276675744351446,all_crops,08_01
913,2025,wheat_spring,3.618918918918919,2.5398,2.590552975386278,2.5365007389641065,all_crops,08_01
914,2024,pea,2.7585365853658534,3.0514,2.4226356024145073,2.4426289255128313,all_crops,08_01
918,2025,lentil,1.7538461538461538,1.4679,2.0810114792714414,1.9469848864780746,all_crops,08_01
921,2024,pea,1.848964441930098,3.1795,2.51816903207843,2.5521644603904066,all_crops,08_01
923,2024,pea,1.977,1.8415,2.2807723077770214,2.2324528095253386,all_crops,08_01
924,2024,wheat_spring,2.1640963855421687,2.6282,3.1691898620091545,3.0731268786578934,all_crops,08_01
925,2025,lentil,1.5613333333333332,1.3476000000000001,1.937343494279441,1.8565551214878702,all_crops,08_01
926,2024,wheat_spring,1.75375,2.2424,3.058494504647049,3.0759752187980203,all_crops,08_01
929,2024,wheat_spring,2.677674418604651,2.1286,2.757547661396284,2.789031405485957,all_crops,08_01
930,2024,wheat_spring,2.8144233758159776,2.7738,2.727628022019729,2.8124988883176654,all_crops,08_01
931,2024,sunflower,1.9646666666666663,2.6387,2.4036752238214363,2.3872239299973916,all_crops,08_01
932,2024,wheat_spring,2.464730290456431,3.4357999999999995,3.0373609110821516,3.060367440469347,all_crops,08_01
933,2024,wheat_spring,1.999285714285714,2.8119,2.8141744534345,2.744795285779758,all_crops,08_01
934,2024,wheat_spring,2.183391025495975,2.6883,2.8602525293674637,2.8049959589935516,all_crops,08_01
938,2024,wheat_spring,1.465090909090909,2.0709,2.880661903325035,2.9090208718446586,all_crops,08_01
939,2024,wheat_spring,1.9653846153846155,2.4497,2.7463319719781847,2.6681129197017674,all_crops,08_01
941,2024,sunflower,1.6503937007874014,1.9326,2.255603925524889,2.2007796793770122,all_crops,08_01
942,2024,sunflower,1.1679227053140095,1.8818000000000001,2.243857983022915,2.2422075705485365,all_crops,08_01
942,2025,wheat_spring,3.838840579710145,2.7576,3.1036737936632606,3.127880742034911,all_crops,08_01
943,2025,wheat_spring,2.434117647058824,2.7145,3.1750991903051635,3.1413979012622595,all_crops,08_01
944,2024,pea,2.7546153846153847,2.7585,2.3934751171249693,2.433328522933989,all_crops,08_01
946,2025,lentil,1.214485049833887,1.6594000000000002,1.9965635602982097,1.9096141170994587,all_crops,08_01
947,2024,buckwheat,1.3281054528358127,,2.334719811919647,2.2884751304486324,all_crops,08_01
949,2024,wheat_spring,3.1818556701030927,3.4441,3.0861310466322474,3.0490223440938937,all_crops,08_01
949,2025,lentil,2.201443298969072,1.5204,2.0783729124316896,1.9726260372985074,all_crops,08_01
951,2024,sunflower,4.6412,2.6024000000000003,2.571691209327265,2.421318066086884,all_crops,08_01
956,2024,barley_spring,3.2954716981132073,4.0214,3.0137102620607914,3.0251611988567366,all_crops,08_01
956,2025,wheat_spring,4.296603773584906,4.1612,3.813907261634197,3.784204319493567,all_crops,08_01
957,2024,wheat_spring,4.786470588235295,4.3197,3.2476898695695944,3.3558466518031396,all_crops,08_01
957,2025,pea,3.816176470588235,2.9085,2.672612438647943,2.5895106507774446,all_crops,08_01
963,2025,wheat_spring,4.9848888888888885,3.3843000000000005,3.35859459402521,3.418955763316775,all_crops,08_01
964,2024,wheat_spring,2.1013333333333333,4.1812,3.168135116751067,3.173884868322057,all_crops,08_01
968,2024,oil_seed_raps_spring,2.463333333333334,1.7027,2.3594545475130086,2.476166624356386,all_crops,08_01
969,2024,lentil,1.970909090909091,1.5134,2.4349175697981584,2.4748723596343636,all_crops,08_01
970,2024,wheat_spring,3.0922221304556583,2.7599,2.621933253409656,2.520264389347805,all_crops,08_01
976,2025,wheat_winter,6.3880952380952385,3.721,3.089556268464868,3.0673277382528514,all_crops,08_01
977,2025,wheat_spring,3.407058823529412,3.9600999999999997,3.1670950252564753,3.294646819263479,all_crops,08_01
978,2025,wheat_spring,4.130434782608695,3.6332,3.4342681433490716,3.5742452873638504,all_crops,08_01
979,2025,sunflower,1.991325301204819,2.9493,2.6614177828245156,2.5833182643765134,all_crops,08_01
987,2017,wheat_spring,1.95,2.1065,,,all_crops,08_01
987,2019,wheat_winter,4.303,3.7323999999999997,2.7338182962179163,2.7357060628720844,all_crops,08_01
987,2020,oil_seed_raps_winter,3.62,1.5102,2.1165677902094164,2.0990018943022752,all_crops,08_01
987,2021,wheat_winter,3.822121594240336,3.0478,2.74523891913957,2.8620057649551556,all_crops,08_01
987,2022,wheat_winter,1.7124277155062266,2.0271,2.557535805733493,2.739491098206648,all_crops,08_01
987,2023,sunflower,2.506143805156854,1.4876,2.5896180588654447,2.8083140493935415,all_crops,08_01
987,2024,wheat_spring,4.1484308079306675,3.9097999999999997,3.580274142027101,3.484443032173873,all_crops,08_01
993,2025,wheat_spring,2.9006779661016946,4.2728,3.493727169665602,3.5226929006989907,all_crops,08_01
994,2025,wheat_spring,3.8666666666666663,2.3349,2.5709889155309225,2.443603964856495,all_crops,08_01
995,2023,barley_spring,8.57,2.1797,3.0115462816153067,3.251626318882211,all_crops,08_01
995,2024,wheat_spring,11.035,2.1727,5.427433978600038,4.047145397042641,all_crops,08_01
996,2024,wheat_spring,32.135000000000005,3.8903,5.516857255100266,4.208178497012804,all_crops,08_01
997,2023,wheat_spring,9.982,1.7797999999999998,2.389442184951243,2.4287073105353603,all_crops,08_01
1000,2025,wheat_winter,3.4231818181818183,3.2826,3.291295091970182,3.30661843947112,all_crops,08_01
1002,2024,barley_spring,4.244000000000001,3.1671,2.4469767314547965,2.4562757957777643,all_crops,08_01
1004,2024,barley_spring,6.2695454545454545,2.4084,2.3508342087082457,2.2896334091350856,all_crops,08_01
1007,2025,sunflower,1.0706666666666669,2.1391,2.3619873119678645,2.22735859708962,all_crops,08_01
1009,2020,sunflower,3.3920000000000003,,2.399372566643178,2.3370533751591016,all_crops,08_01
1009,2023,wheat_spring,4.249639634829961,,3.116090155223446,3.2948984987320644,all_crops,08_01
1009,2024,barley_spring,1.095510116918477,3.038,3.3604619559843023,3.315052815496786,all_crops,08_01
1010,2018,wheat_spring,3.2461342159168125,,,,all_crops,08_01
1010,2019,wheat_spring,2.4,,2.4146357597463357,2.489510467440854,all_crops,08_01
1010,2020,sunflower,2.396,,2.2325838895560643,2.2900017537194493,all_crops,08_01
1010,2021,wheat_spring,4.374850281836803,,2.6249799927893194,2.7753556005696733,all_crops,08_01
1010,2022,wheat_winter,3.058992622866669,,2.768515917071962,2.9194952633129096,all_crops,08_01
1010,2023,sunflower,4.429213252440712,,3.2653951737873634,3.623270351047466,all_crops,08_01
1010,2024,wheat_spring,5.499459792423405,4.1295,3.516819201599362,3.483354608390447,all_crops,08_01
1011,2018,buckwheat,2.653,,,,all_crops,08_01
1011,2019,wheat_winter,2.364,,2.7392233279388463,2.788716299830959,all_crops,08_01
1011,2020,sunflower,2.676,,2.2553020909331765,2.2474110139531693,all_crops,08_01
1011,2021,wheat_spring,5.109187711755829,,2.7283870005191515,3.007794054787492,all_crops,08_01
1011,2022,sunflower,5.391359345321137,,3.000365446404663,3.2446982072148214,all_crops,08_01
1011,2023,wheat_spring,5.277372173707908,,2.777267057236232,3.0382637155050247,all_crops,08_01
1011,2024,sunflower,4.613582471396439,2.6978,2.8270659403266434,2.9459768505413706,all_crops,08_01
1016,2023,wheat_spring,1.9225,,2.6309287461596145,2.79333302417057,all_crops,08_01
1021,2025,wheat_spring,1.7027027027027026,2.1145,2.6781950736835425,2.503122861561459,all_crops,08_01
1022,2025,wheat_spring,1.9749685534591197,2.6386,2.624965090326942,2.3474157357650776,all_crops,08_01
1025,2025,wheat_spring,1.480952380952381,2.3288,3.0193568550582013,2.861722317593774,all_crops,08_01
1027,2025,wheat_spring,4.96,3.1902,2.6133723109579154,2.4935187543099464,all_crops,08_01
1028,2025,barley_spring,3.1060975609756096,2.511,2.777400511216144,2.85461506218189,all_crops,08_01
195,2021,barley_spring,2.022276422764228,3.518,2.5291558499494036,2.642299834934618,all_crops,09_01
195,2022,wheat_winter,2.1216260162601626,2.4872,2.8043835786665907,3.032686774502414,all_crops,09_01
195,2024,sunflower,2.7365853658536587,3.2249000000000003,2.927085902847388,3.0385410560332047,all_crops,09_01
195,2025,wheat_spring,2.7195121951219514,2.8708,3.424772670036153,3.541427809447704,all_crops,09_01
197,2021,barley_spring,2.5284548104956266,3.7068,2.6817889821160543,2.8537934752545797,all_crops,09_01
197,2022,wheat_winter,1.5206997084548106,3.2342,3.237875060118995,3.217280834475775,all_crops,09_01
197,2023,wheat_winter,1.0820991253644316,2.1736999999999997,2.1934271455623895,2.3000641388135903,all_crops,09_01
197,2024,sunflower,3.2877551020408164,3.2267,2.7080689253963057,2.7706081844935047,all_crops,09_01
197,2025,wheat_spring,3.779416909620991,3.1238,3.4873797703126836,3.5838068294550136,all_crops,09_01
207,2018,sunflower,3.496,2.2908,,,all_crops,09_01
207,2019,wheat_spring,3.5799999999999996,2.7728,2.5886106313960306,2.7565627382752176,all_crops,09_01
207,2021,barley_spring,3.522162162162162,3.1641,2.554216060202565,2.67210901169556,all_crops,09_01
207,2022,wheat_winter,1.8846846846846843,2.9544,3.0358626902376113,3.1396422208102335,all_crops,09_01
207,2023,wheat_winter,1.068108108108108,2.1542000000000003,2.269400369368344,2.3860276310922393,all_crops,09_01
207,2024,sunflower,3.1045045045045048,2.8238,2.8296263329592617,2.9943513097027,all_crops,09_01
208,2019,sunflower,2.133,2.5303999999999998,2.458292203390339,2.557997871194944,all_crops,09_01
208,2021,sunflower,2.1216153846153847,2.5939,2.3381520751531375,2.3270215763991096,all_crops,09_01
208,2022,wheat_spring,2.356923076923077,3.6424999999999996,2.748350578213291,2.8463428004332254,all_crops,09_01
208,2023,wheat_spring,2.018076923076923,1.4264,2.2297893112646068,2.205031031367488,all_crops,09_01
208,2024,sunflower,2.360615384615385,2.4902,2.6449823899511227,2.7562760298230513,all_crops,09_01
208,2025,wheat_spring,3.8430769230769233,3.0721,3.491364199596309,3.587072804474558,all_crops,09_01
209,2017,wheat_winter,2.22,3.1563,,,all_crops,09_01
209,2018,sunflower,1.7399999999999998,2.0557,,,all_crops,09_01
209,2021,sunflower,2.265430463576158,2.3401,2.158611471873309,2.2389806726459733,all_crops,09_01
209,2022,wheat_spring,2.654337748344371,3.5056,2.909880331532645,3.0973065159124156,all_crops,09_01
209,2023,wheat_winter,1.4864900662251657,3.0968,2.273489798062728,2.353523326777845,all_crops,09_01
209,2025,sunflower,2.329337748344371,3.0953,2.8066258539691886,2.8768950130365534,all_crops,09_01
210,2017,wheat_winter,2.002,2.4049,,,all_crops,09_01
210,2019,sunflower,1.965,2.5763000000000003,2.323436253858896,2.450170728163234,all_crops,09_01
210,2021,sunflower,1.4783400809716598,2.8418,2.346150786171689,2.460947413249515,all_crops,09_01
210,2022,wheat_spring,3.0655870445344133,3.1305,2.898528958929934,3.1211397382978046,all_crops,09_01
210,2023,pea,1.7267206477732793,1.6518000000000002,2.84425140151616,3.2281154684383893,all_crops,09_01
210,2024,wheat_winter,5.519493927125506,5.754099999999999,3.9126314320158535,3.9226019670210306,all_crops,09_01
210,2025,sunflower,3.192550607287449,2.6427,2.7576299607680643,2.8773986032271797,all_crops,09_01
211,2017,wheat_winter,2.4379999999999997,1.8834,,,all_crops,09_01
211,2019,sunflower,1.868,2.5446999999999997,2.332710322639802,2.423299074473094,all_crops,09_01
211,2021,sunflower,2.1389247311827955,2.9005,2.432069502524244,2.4790704927660863,all_crops,09_01
212,2021,sunflower,3.3983823529411765,2.9642,2.355441027574827,2.382382302000033,all_crops,09_01
212,2022,wheat_spring,3.1773529411764705,3.4025,2.9729018790820865,3.2049599370185926,all_crops,09_01
212,2023,wheat_spring,2.9445588235294116,2.073,2.3592938984047187,2.243557942569653,all_crops,09_01
212,2024,sunflower,1.900882352941176,2.5872,2.7179553417802076,2.8014587449746315,all_crops,09_01
212,2025,wheat_spring,1.7024264705882353,2.8967,3.006797941489831,3.0537161205616585,all_crops,09_01
213,2021,wheat_spring,1.3155714285714286,3.1079999999999997,2.319935375252234,2.3010925122376036,all_crops,09_01
213,2022,sunflower,1.481428571428571,2.1202,2.637757086609597,2.8071337278859416,all_crops,09_01
213,2025,barley_spring,1.53,3.0796,3.1028798997182463,3.1784490794345857,all_crops,09_01
214,2021,wheat_spring,1.5857777777777775,3.1157,2.361508902815603,2.3619090964512863,all_crops,09_01
214,2022,sunflower,1.002222222222222,2.1227,2.6351894511194307,2.8437274938172123,all_crops,09_01
214,2025,barley_spring,1.53,3.0119,3.0626497466842526,3.143332135827943,all_crops,09_01
215,2017,oil_seed_raps_spring,3.08,1.5817999999999999,,,all_crops,09_01
215,2019,sunflower,1.672,2.476,2.426793763703261,2.61631300566816,all_crops,09_01
215,2020,wheat_spring,1.409,1.5953,2.389922238479255,2.2550618811887184,all_crops,09_01
215,2021,sunflower,2.9865822784810128,2.6519,2.215357160885457,2.142855442941499,all_crops,09_01
215,2022,wheat_spring,2.858987341772152,2.7344999999999997,2.9983382835049923,3.1051404546354795,all_crops,09_01
215,2023,barley_spring,2.2745063291139243,2.4396,2.3495116749357132,2.253380482048734,all_crops,09_01
215,2024,wheat_winter,4.476708860759494,4.2056,3.1559442685293275,3.250920832085555,all_crops,09_01
215,2025,sunflower,3.0739240506329115,2.6681,2.7834703664564397,2.774462191832115,all_crops,09_01
216,2017,oil_seed_raps_spring,2.26,1.6878,,,all_crops,09_01
216,2019,sunflower,1.95,2.4692,2.3617395567133785,2.4518710212744916,all_crops,09_01
216,2020,wheat_spring,1.246,2.1373,2.340029039933418,2.2422961990470145,all_crops,09_01
216,2021,sunflower,2.925945945945946,2.7872,2.2325385165378036,2.2195620029723835,all_crops,09_01
216,2022,wheat_spring,3.1270270270270273,3.9808999999999997,2.726275241402974,2.845669747484061,all_crops,09_01
216,2023,barley_spring,2.696783783783784,2.5551,2.4699523068578615,2.3803628855130006,all_crops,09_01
216,2024,wheat_winter,5.342162162162162,5.3586,3.555425395778978,3.6240077678591036,all_crops,09_01
216,2025,sunflower,2.986756756756757,2.9402,2.9129890706516575,3.0412200031240655,all_crops,09_01
217,2019,sunflower,1.962,2.4656,2.278685678990686,2.4618022628929053,all_crops,09_01
217,2021,sunflower,2.768578431372549,2.6262,2.3842638951088744,2.4232797324792292,all_crops,09_01
217,2022,wheat_spring,3.063725490196078,3.6563000000000003,2.7887755684542324,2.946231083520875,all_crops,09_01
217,2023,barley_spring,2.021480392156863,1.8331,2.6031664749825856,2.58867166752369,all_crops,09_01
217,2024,sunflower,2.9758823529411766,3.2312,2.8112212136029977,2.9504073592905966,all_crops,09_01
217,2025,wheat_spring,2.5629901960784314,2.7186,3.146850857454552,3.2274267843933298,all_crops,09_01
218,2021,sunflower,2.12974358974359,2.6262,2.2539743738172384,2.271965844154249,all_crops,09_01
218,2022,wheat_spring,2.1723076923076925,2.5543,2.7982115407406627,2.925190170857603,all_crops,09_01
218,2023,barley_spring,3.3693589743589745,2.3995,2.6017281104589904,2.81142511589786,all_crops,09_01
218,2024,wheat_spring,4.027153846153846,3.4,3.2645666280100976,3.3712397745133766,all_crops,09_01
218,2025,wheat_spring,4.112820512820513,2.6460999999999997,3.4334348719440033,3.5292456844881315,all_crops,09_01
219,2017,wheat_winter,1.873,3.0346,,,all_crops,09_01
219,2019,sunflower,2.273,2.4422,2.36144835928517,2.451073692579367,all_crops,09_01
219,2021,sunflower,2.818952380952381,2.9821,2.353655164913722,2.3629257918812216,all_crops,09_01
219,2022,wheat_spring,2.827547619047619,3.4502,2.9681959182483553,3.215044613664877,all_crops,09_01
219,2023,sunflower,2.802523809523809,2.4396,2.7935683260294484,3.2973200631206976,all_crops,09_01
219,2024,wheat_spring,3.6718380952380953,3.2952,3.4640104685791555,3.514645612628592,all_crops,09_01
219,2025,barley_spring,3.528095238095238,3.8607,3.603106572735583,3.6253416063025115,all_crops,09_01
220,2017,oil_seed_raps_spring,1.93,2.0171,,,all_crops,09_01
220,2019,sunflower,2.7649999999999997,2.8588999999999998,2.2122343877815935,2.349112491651415,all_crops,09_01
220,2021,sunflower,2.0264,3.0557,2.421474724695838,2.475848252007488,all_crops,09_01
220,2022,wheat_spring,3.4832,3.4874,3.090148072654657,3.27439841098192,all_crops,09_01
220,2023,barley_spring,3.3728800000000003,2.5408,2.854101166568216,2.9295656036892983,all_crops,09_01
220,2024,wheat_spring,3.12756,3.8434,3.383080985291145,3.40607875434862,all_crops,09_01
220,2025,wheat_spring,3.3072000000000004,3.6214,3.48343318378286,3.538663347054628,all_crops,09_01
221,2017,oil_seed_raps_spring,1.06,1.2330999999999999,,,all_crops,09_01
221,2019,sunflower,1.982,3.0438,2.2517599425555708,2.3698438983265366,all_crops,09_01
221,2021,sunflower,1.7475,2.4777,2.1426026423729336,2.129180027067524,all_crops,09_01
222,2017,oil_seed_raps_spring,1.664,1.4756,,,all_crops,09_01
222,2019,sunflower,2.648,2.4673,2.333976275468426,2.485805889902134,all_crops,09_01
222,2021,sunflower,2.9396774193548385,2.7158,2.340260160019228,2.3590012180374775,all_crops,09_01
222,2022,wheat_spring,3.2700483870967743,3.586,3.123081119728327,3.2618758572318556,all_crops,09_01
222,2023,barley_spring,4.5005,2.0631,2.42847633225245,2.427370902738018,all_crops,09_01
222,2024,wheat_spring,3.6562580645161287,3.9848,3.3597682972328475,3.43004693000469,all_crops,09_01
222,2025,sunflower,2.972258064516129,2.5682,2.7287258980967115,2.83424305512492,all_crops,09_01
223,2017,oil_seed_raps_spring,1.995,1.5957000000000001,,,all_crops,09_01
223,2019,sunflower,2.651,2.4036,2.3340801445826043,2.4857943443726525,all_crops,09_01
223,2021,sunflower,2.8625714285714285,2.6313,2.414715323035042,2.4308280883210185,all_crops,09_01
223,2022,wheat_spring,3.2311428571428573,2.9478999999999997,2.931296435397923,3.330728296395388,all_crops,09_01
223,2023,barley_spring,2.3584285714285715,2.0345,2.853880410839459,3.153804897621335,all_crops,09_01
223,2024,wheat_spring,3.350857142857143,4.2385,3.5485552748513243,3.568039192861222,all_crops,09_01
223,2025,sunflower,3.305142857142857,2.6925999999999997,2.6812850877448744,2.794437622895691,all_crops,09_01
224,2019,sunflower,3.961,2.5131,2.3425887915720223,2.463302955342691,all_crops,09_01
224,2021,sunflower,2.0925,2.6733000000000002,2.1838683351822734,2.219796692667316,all_crops,09_01
224,2022,wheat_spring,3.079423076923077,3.3052,2.7527165023247555,2.832819012483866,all_crops,09_01
224,2023,barley_spring,2.481451923076923,2.2415,2.4481111382962535,2.39456440778813,all_crops,09_01
224,2024,wheat_winter,5.0582692307692305,4.9363,3.780552516490981,3.7329999477307076,all_crops,09_01
224,2025,sunflower,3.0742307692307693,3.1024000000000003,2.760692017856816,2.763873803742373,all_crops,09_01
225,2019,sunflower,3.961,2.1581,2.165609941829781,2.2479139183017844,all_crops,09_01
225,2020,wheat_spring,2.335,3.5470999999999995,2.3535968958463878,2.252157691156699,all_crops,09_01
225,2021,sunflower,1.85,2.3085,2.3363466480670665,2.3639384436240016,all_crops,09_01
226,2019,sunflower,2.9829999999999997,2.1576,2.448029282424263,2.45544653458659,all_crops,09_01
226,2021,sunflower,2.4555,2.9791,2.3309348129511567,2.289047932927273,all_crops,09_01
226,2022,wheat_spring,1.6934999999999998,2.926,2.913887209213934,3.1028701778246113,all_crops,09_01
226,2024,wheat_winter,4.9315,4.5445,3.9030336700838903,3.8513301411190666,all_crops,09_01
226,2025,sunflower,3.0420000000000003,3.3878999999999997,2.7784998462360293,2.8466368247064904,all_crops,09_01
227,2018,sunflower,2.613,2.4276,,,all_crops,09_01
227,2019,oil_seed_raps_spring,1.161,1.9179,2.624210051271988,2.5896853626709335,all_crops,09_01
227,2021,wheat_winter,2.8346242774566472,3.5711,2.825075350377074,3.1109652137090293,all_crops,09_01
227,2022,wheat_winter,2.217514450867052,3.2383,2.6596690274298638,2.837667801469912,all_crops,09_01
227,2023,sunflower,2.6015895953757227,2.253,2.7496478959563473,3.1032640750940366,all_crops,09_01
227,2024,barley_spring,3.007739884393064,3.5776000000000003,3.278170691703129,3.2957218799748973,all_crops,09_01
227,2025,pea,1.5521965317919073,2.822,3.1545468202961677,3.0575645523815904,all_crops,09_01
228,2017,sunflower,3.34,3.0336,,,all_crops,09_01
228,2018,maize,3.312,5.561999999999999,,,all_crops,09_01
228,2019,soya,1.468,2.1823,2.2074423504642184,2.224814347170668,all_crops,09_01
228,2020,wheat_winter,1.3,2.0305,2.6855487948315786,2.7448869760130425,all_crops,09_01
228,2021,wheat_winter,2.4169491525423727,3.7058,3.0148529816237737,3.0279911592095035,all_crops,09_01
228,2022,wheat_spring,4.564745762711865,3.2991,2.5799725274313774,2.5858081051026702,all_crops,09_01
228,2023,wheat_winter,1.5016949152542372,2.2995,2.398228166769408,2.282970187003968,all_crops,09_01
228,2024,sunflower,3.052881355932203,3.0939,2.84880007154994,3.0290146558460087,all_crops,09_01
228,2025,wheat_spring,3.004576271186441,3.5229999999999997,3.4810603125816044,3.543509675687152,all_crops,09_01
229,2017,sunflower,3.34,2.0514,,,all_crops,09_01
229,2018,maize,3.312,3.9653,,,all_crops,09_01
229,2019,soya,1.468,1.5674,2.150436912889774,2.223617347485363,all_crops,09_01
229,2020,wheat_winter,3.285,2.221,2.6899056162983435,2.7465480561313753,all_crops,09_01
229,2021,wheat_winter,2.9450000000000003,2.4469000000000003,2.886733424657704,2.881454017322827,all_crops,09_01
229,2022,wheat_spring,2.841666666666667,2.6656,2.7001978603674095,2.6387359699778727,all_crops,09_01
229,2023,wheat_winter,3.443333333333334,2.076,2.3658180028306055,2.314704590987566,all_crops,09_01
229,2024,sunflower,3.2544166666666663,2.2845,2.4848689718286496,2.499214210788589,all_crops,09_01
229,2025,wheat_spring,3.5050000000000003,3.1488,3.1125580520761353,3.195292386487105,all_crops,09_01
230,2019,wheat_winter,4.503,3.9929,2.7067030073300815,2.7604384135061073,all_crops,09_01
230,2021,wheat_winter,2.123766816143498,3.134,2.634219052037956,2.746172314467573,all_crops,09_01
230,2022,sunflower,3.257219730941704,2.7875,2.39883380101067,2.388730156759931,all_crops,09_01
230,2024,sunflower,3.2521793721973093,3.0899,2.843036017758842,2.9694190042946564,all_crops,09_01
230,2025,wheat_spring,3.6687443946188343,2.9788,3.568642549415788,3.608389578854746,all_crops,09_01
231,2017,wheat_spring,1.95,2.2209,,,all_crops,09_01
231,2019,wheat_winter,4.303,4.2558,2.7729414642976327,2.8644050278547017,all_crops,09_01
231,2021,wheat_winter,3.5069787234042553,3.4015999999999997,2.8287412206916236,3.090735279973342,all_crops,09_01
231,2022,wheat_winter,1.5712340425531914,2.288,2.3340054576417835,2.22390398748813,all_crops,09_01
231,2023,sunflower,2.2995063829787235,2.2117,2.49779367356838,2.586241117549767,all_crops,09_01
231,2024,wheat_spring,3.806382978723404,3.636,3.6709085055010364,3.7609527849851894,all_crops,09_01
231,2025,pea,1.3324255319148937,2.4899999999999998,3.021420734159497,2.97408327940681,all_crops,09_01
232,2017,wheat_spring,1.95,2.7603,,,all_crops,09_01
232,2019,wheat_winter,3.404,4.1161,2.724513035355457,2.827588830426854,all_crops,09_01
232,2021,wheat_winter,3.2479729729729727,2.9818000000000002,2.9928995214177254,3.059345934667757,all_crops,09_01
232,2022,wheat_winter,1.847837837837838,1.8508,2.1971892350923317,2.2021231668331307,all_crops,09_01
232,2023,sunflower,2.6881993243243243,2.3653,2.714523496513259,3.078493646674063,all_crops,09_01
232,2024,wheat_spring,3.330304054054054,3.8371000000000004,3.5245964749143583,3.613713198217887,all_crops,09_01
232,2025,pea,1.8102027027027028,2.4699999999999998,3.025035703021583,2.950257791310144,all_crops,09_01
233,2021,wheat_winter,3.6453846153846152,3.4055999999999997,2.59814295952091,2.7657465773721315,all_crops,09_01
234,2021,wheat_winter,5.389142857142858,3.8293,2.6354846815306607,2.6441599277341954,all_crops,09_01
234,2022,wheat_spring,3.975428571428571,3.5317999999999996,2.807695244208122,3.0044747072703255,all_crops,09_01
234,2023,wheat_winter,1.7062857142857142,2.4153,2.5435339822121295,2.552719433510119,all_crops,09_01
234,2024,sunflower,3.295057142857143,2.6495,2.623474542759694,2.7336831581703342,all_crops,09_01
235,2021,wheat_winter,7.105,2.6723,2.819168996912072,2.80572252688832,all_crops,09_01
235,2023,wheat_spring,2.2,1.9675,2.8337367075137903,3.198315529239513,all_crops,09_01
235,2025,barley_spring,1.53,3.3427999999999995,3.400481695487422,3.598830019255777,all_crops,09_01
236,2019,wheat_winter,3.272,3.4598,2.7886554817361797,2.749757032381281,all_crops,09_01
236,2021,wheat_winter,2.8605,4.3366999999999996,2.952299166201596,2.9677982797237075,all_crops,09_01
236,2022,sunflower,3.3475,3.0103,2.404134430685201,2.3794963658572765,all_crops,09_01
236,2023,wheat_spring,2.520375,2.323,2.8388639132533875,3.1348461230271374,all_crops,09_01
236,2024,barley_spring,3.7585,3.6667,3.526303049654055,3.5424390383160556,all_crops,09_01
236,2025,sunflower,3.0025,2.5225,2.7920302809769786,2.9332355423446956,all_crops,09_01
237,2019,wheat_winter,2.78,2.8564,2.809906842871666,2.8846515682872895,all_crops,09_01
237,2021,wheat_winter,3.2366666666666664,2.9443,2.740553307831044,2.865780209991157,all_crops,09_01
237,2022,sunflower,2.515555555555556,2.4998,2.3727643485588974,2.4029451444475467,all_crops,09_01
237,2023,wheat_spring,1.6025,1.846,2.5178893103325275,2.530861788467388,all_crops,09_01
237,2024,barley_spring,4.871138888888889,4.1735999999999995,3.683311562495623,3.8018492191419115,all_crops,09_01
237,2025,sunflower,3.3130555555555556,2.2598,2.8067669530216235,2.9413939517774645,all_crops,09_01
238,2019,wheat_winter,3.5780000000000003,3.5906,2.6780766010639185,2.806630415595361,all_crops,09_01
238,2021,wheat_winter,3.3530555555555552,3.4335999999999998,2.790678683900435,2.920865726549649,all_crops,09_01
238,2022,sunflower,2.1222222222222222,2.666,2.395629625901127,2.3495156437618627,all_crops,09_01
238,2023,wheat_spring,2.198888888888889,2.0,2.483069268377703,2.538079504614827,all_crops,09_01
238,2024,barley_spring,4.613333333333333,5.0914,3.7912369608463834,3.819572267727474,all_crops,09_01
238,2025,sunflower,1.9090277777777775,2.7443,2.6408547501762367,2.6707938326421496,all_crops,09_01
239,2019,wheat_winter,4.11,4.0351,2.705154581997592,2.829998299068823,all_crops,09_01
239,2021,wheat_winter,3.16017094017094,3.5498,2.797305674829622,3.026861492041989,all_crops,09_01
239,2022,sunflower,1.9928205128205128,2.6921,2.424340260596401,2.58991267899054,all_crops,09_01
239,2024,barley_spring,5.670427350427351,4.8991999999999996,3.7703063840198006,3.7667774365269415,all_crops,09_01
239,2025,sunflower,3.095213675213675,2.7689,2.7992697797199644,2.903012456188521,all_crops,09_01
241,2018,oil_seed_raps_winter,1.281,1.4407999999999999,,,all_crops,09_01
241,2019,wheat_winter,2.933,4.7433,2.7626468857920026,2.7219489199384284,all_crops,09_01
241,2021,wheat_winter,1.9516049382716052,3.0191,2.7395266633642836,2.760317652356703,all_crops,09_01
242,2017,sunflower,2.104,3.3372,,,all_crops,09_01
242,2018,maize,2.641,8.0374,,,all_crops,09_01
242,2019,soya,1.877,2.3175,2.179833555673749,2.113621889686614,all_crops,09_01
242,2020,wheat_winter,1.28,3.127,2.699919579814318,2.709694044470457,all_crops,09_01
242,2021,wheat_winter,2.2416393442622953,5.015,3.2072750599936777,3.233619157018844,all_crops,09_01
242,2022,wheat_spring,3.742622950819672,3.2164,2.318195604869841,2.056258948174796,all_crops,09_01
242,2023,wheat_winter,1.7311475409836066,2.3003,2.2555797773611594,2.1946045551316025,all_crops,09_01
242,2024,sunflower,2.8443278688524587,2.5699,2.6096192646271046,2.7998373925493003,all_crops,09_01
244,2018,sunflower,2.637,2.4289,,,all_crops,09_01
244,2020,wheat_winter,1.056,3.6428,2.6230860121360915,2.6797158019945346,all_crops,09_01
244,2021,wheat_winter,2.4169811320754717,3.8305999999999996,2.787302305930583,3.042084365932184,all_crops,09_01
244,2022,wheat_spring,4.193867924528302,4.1728000000000005,3.0125357875764642,3.182796785673415,all_crops,09_01
244,2023,pea,1.9418867924528305,2.3918,2.7546452336533096,2.7823350982450137,all_crops,09_01
244,2024,wheat_spring,2.730603773584906,4.287599999999999,3.1556962949220484,3.305325309516241,all_crops,09_01
244,2025,sunflower,4.282264150943396,3.1107,2.7805942742432874,2.8198610743226733,all_crops,09_01
246,2018,sunflower,2.984,2.5335,,,all_crops,09_01
246,2021,wheat_winter,2.612439024390244,3.0855,2.6993070500271754,2.9041286208858716,all_crops,09_01
246,2022,wheat_spring,1.6465853658536589,3.2612,2.7630254566543897,2.7329570691530476,all_crops,09_01
246,2023,pea,1.6624390243902438,1.5356999999999998,2.5569118912356537,2.6391186422323942,all_crops,09_01
246,2024,wheat_spring,3.884073170731708,4.3106,3.2357342233279773,3.292072939578983,all_crops,09_01
246,2025,sunflower,1.26,2.694,2.865863308225039,2.909919643577678,all_crops,09_01
247,2018,sunflower,2.554,2.3417000000000003,,,all_crops,09_01
247,2021,wheat_winter,3.5077483443708606,4.0771,2.985263257589239,3.1824422367100427,all_crops,09_01
247,2022,wheat_winter,1.5000662251655628,1.8768,2.2878263769817773,2.267260835395755,all_crops,09_01
247,2023,sunflower,2.741453642384106,2.2382999999999997,2.7201557972837245,3.0379327003419503,all_crops,09_01
247,2024,wheat_spring,2.6623311258278144,3.2234000000000003,3.419177400679074,3.529025524868561,all_crops,09_01
247,2025,barley_spring,4.1251655629139075,4.2326,3.717411472615101,3.7529046011713456,all_crops,09_01
248,2017,oil_seed_raps_winter,2.366,2.836,,,all_crops,09_01
248,2018,wheat_winter,3.807,3.2927,,,all_crops,09_01
248,2019,soya,1.3039999999999998,1.701,2.021279135280378,2.050096248741173,all_crops,09_01
248,2021,wheat_winter,2.4291851851851853,3.8601,2.634966731801898,2.7687845897336314,all_crops,09_01
248,2022,pea,1.987925925925926,1.7357,2.6614602977887962,2.8186536787713883,all_crops,09_01
248,2023,wheat_winter,2.141,3.4366999999999996,2.2202392715345605,2.1111861370769653,all_crops,09_01
248,2024,sunflower,3.441577777777778,3.3423000000000003,3.01779595735723,3.1597373709886063,all_crops,09_01
248,2025,wheat_spring,3.630296296296296,3.3146,3.5991024903924314,3.7200965769743917,all_crops,09_01
249,2018,sunflower,2.024,2.2885,,,all_crops,09_01
249,2019,oil_seed_raps_spring,1.065,1.6362999999999999,2.598443450439533,2.5540564549157327,all_crops,09_01
249,2021,wheat_winter,2.7772222222222225,3.2591,3.0418888535527824,3.142888849467584,all_crops,09_01
250,2018,sunflower,2.024,2.0797,,,all_crops,09_01
250,2019,wheat_winter,3.503,4.1259999999999994,2.7676539623236147,2.845668970424369,all_crops,09_01
250,2021,wheat_winter,1.47,3.6005000000000003,2.821658872202144,3.1133779201879483,all_crops,09_01
250,2022,sunflower,3.0933333333333333,2.675,2.5005361281303387,2.5663510374158807,all_crops,09_01
250,2023,wheat_spring,2.1600980392156863,2.0721,2.5762436360961756,2.7479999136645796,all_crops,09_01
250,2024,barley_spring,5.983627450980393,4.6647,3.6124537410168305,3.703387589241252,all_crops,09_01
250,2025,sunflower,2.8207352941176467,2.9527,2.811653788823668,2.8867253358410947,all_crops,09_01
251,2017,oil_seed_raps_winter,1.952,2.8411999999999997,,,all_crops,09_01
251,2018,wheat_winter,4.2219999999999995,4.6586,,,all_crops,09_01
251,2019,wheat_winter,2.295,3.59,2.7616152197058086,2.834006729159418,all_crops,09_01
251,2021,wheat_winter,3.0763779527559056,2.8600000000000003,2.8692902692191256,2.947676052569955,all_crops,09_01
251,2023,sunflower,2.78692125984252,1.8832,4.45146861577577,4.678819688715563,all_crops,09_01
251,2024,wheat_spring,3.611023622047244,3.2953,3.586315910561426,3.5905916493251007,all_crops,09_01
251,2025,oil_seed_raps_spring,2.756299212598426,2.2722,2.2054809588133613,2.1553495597529917,all_crops,09_01
252,2017,sunflower,3.364,2.8169,,,all_crops,09_01
252,2019,wheat_winter,5.035,4.4774,2.84769648924934,2.879217649351327,all_crops,09_01
252,2021,wheat_winter,2.8787951807228915,2.3573,2.5725570702741885,2.6705571138548,all_crops,09_01
252,2022,wheat_winter,2.358144578313253,2.337,2.439873457096468,2.3982579886551574,all_crops,09_01
252,2023,sunflower,2.8884457831325303,2.3848,2.787058362644516,3.2085795869292104,all_crops,09_01
252,2024,wheat_spring,3.254939759036145,3.7291,3.381330026213421,3.4321398903878433,all_crops,09_01
252,2025,oil_seed_raps_spring,2.143734939759036,2.4193000000000002,2.2399926850408627,2.212886571997934,all_crops,09_01
253,2017,sunflower,2.676,3.2537,,,all_crops,09_01
253,2019,wheat_winter,5.114,5.057,2.8212731042639447,2.887019212967103,all_crops,09_01
253,2021,wheat_winter,2.4343529411764706,2.4524,2.746823858403809,2.8807277738336943,all_crops,09_01
253,2023,sunflower,2.599529411764706,2.4651,2.8413435734621464,3.2955311251098847,all_crops,09_01
253,2024,wheat_spring,3.896,3.5662999999999996,3.446929258493626,3.456198332967744,all_crops,09_01
253,2025,oil_seed_raps_spring,2.353764705882353,2.3433,2.29241154856798,2.295341076821904,all_crops,09_01
254,2017,sunflower,2.936,3.0007,,,all_crops,09_01
254,2018,maize,3.281,5.125,,,all_crops,09_01
254,2019,soya,1.136,2.1852,2.1162731831028063,2.165983372124992,all_crops,09_01
254,2021,wheat_winter,2.1813513513513514,3.4,2.7603856048109323,2.818320418042109,all_crops,09_01
254,2022,pea,2.314054054054054,1.9415,2.531630977205707,2.5582182129667363,all_crops,09_01
254,2024,sunflower,3.4018783783783784,3.4116,3.165865859927571,3.2721668356257547,all_crops,09_01
254,2025,wheat_spring,4.105608108108108,3.3930999999999996,3.5576957428512017,3.6493634748231036,all_crops,09_01
255,2017,wheat_spring,2.0,2.5528,,,all_crops,09_01
255,2018,oil_seed_raps_winter,1.0,1.6267,,,all_crops,09_01
255,2019,wheat_winter,1.3,3.1391999999999998,2.8897854121467788,2.9346503266663535,all_crops,09_01
255,2020,sunflower,2.5,1.8018999999999998,2.286376379122072,2.2351070509564854,all_crops,09_01
255,2021,wheat_spring,3.495357142857143,3.9364,2.773077910447057,2.935236344720119,all_crops,09_01
255,2023,sunflower,2.5888660714285714,1.8311,2.7409541524343366,3.0821549686174246,all_crops,09_01
255,2024,wheat_spring,4.0148214285714285,5.1059,3.5841590298525228,3.523208362507393,all_crops,09_01
255,2025,barley_spring,4.227857142857142,4.1882,3.85365993782019,3.919754110467868,all_crops,09_01
256,2018,soya,1.202,1.9538,,,all_crops,09_01
256,2019,wheat_winter,3.371,2.8604,2.805415440813545,2.858612368325629,all_crops,09_01
256,2020,sunflower,2.129,1.9550999999999998,2.292432365419713,2.238003362789407,all_crops,09_01
256,2021,wheat_spring,3.488928571428571,4.4073,2.878140013367104,3.033233314666432,all_crops,09_01
256,2023,wheat_winter,1.0053571428571428,2.1721,2.3019707819987745,2.417850351226841,all_crops,09_01
256,2024,wheat_spring,5.977232142857143,4.6243,3.587999319670452,3.606476755313089,all_crops,09_01
256,2025,sunflower,3.738928571428571,2.5427,2.9403857170606362,3.043646293800089,all_crops,09_01
257,2017,barley_spring,2.032,3.5069000000000004,,,all_crops,09_01
257,2019,wheat_winter,4.893,4.8957999999999995,2.790837736091653,2.7121844964885398,all_crops,09_01
257,2022,barley_spring,1.7641666666666669,3.0048,2.8588063057871347,3.0158869557738215,all_crops,09_01
257,2023,wheat_spring,2.75025,2.4173,2.691634230046693,2.896730524720548,all_crops,09_01
257,2024,pea,1.4186666666666667,2.1732,2.6081933462906415,2.484237852543507,all_crops,09_01
257,2025,barley_spring,1.53,3.5148,2.998767046481106,3.09370070949212,all_crops,09_01
258,2017,sunflower,1.533,3.0547999999999997,,,all_crops,09_01
258,2019,oil_seed_raps_spring,1.763,2.0236,2.599006625791384,2.563837833344336,all_crops,09_01
258,2020,sunflower,1.277,1.8576000000000001,2.3044404240071144,2.3099437031827215,all_crops,09_01
258,2021,wheat_spring,3.369101123595506,2.9244,2.7953439181874913,2.8353892089585235,all_crops,09_01
258,2022,sunflower,2.0300786516853933,2.1481000000000003,2.539790156952476,2.7078109955999983,all_crops,09_01
258,2023,wheat_spring,1.3868539325842697,1.9204,2.366500467271957,2.2405475331401816,all_crops,09_01
258,2024,wheat_spring,5.062359550561798,4.2088,3.4054220880779513,3.5699113729250325,all_crops,09_01
258,2025,sunflower,3.607977528089888,2.9331,2.8523177170738845,2.9744033190532204,all_crops,09_01
259,2018,sunflower,1.88,2.0014,,,all_crops,09_01
259,2020,sunflower,1.813,2.1858,2.357954911998965,2.304834743873948,all_crops,09_01
259,2021,wheat_spring,3.2456022408963587,4.0274,2.8079532027765763,2.8941830896305745,all_crops,09_01
259,2022,sunflower,2.027221288515406,2.2808,2.463196009104563,2.603541169203414,all_crops,09_01
259,2023,wheat_spring,1.08003081232493,2.702,2.523420359388141,2.432250804696673,all_crops,09_01
259,2024,sunflower,2.8320560224089637,3.1641,2.790515468055886,2.894458429723196,all_crops,09_01
259,2025,wheat_spring,2.1594957983193277,3.0833,2.853358359227221,2.9446015101697065,all_crops,09_01
260,2017,wheat_spring,1.98,2.1127,,,all_crops,09_01
260,2018,oil_seed_raps_winter,1.201,1.5230000000000001,,,all_crops,09_01
260,2019,sunflower,2.3600000000000003,2.6498999999999997,2.3203208527020798,2.49731312778242,all_crops,09_01
260,2021,wheat_spring,4.1022,4.1084000000000005,2.709561317586458,2.796384874393625,all_crops,09_01
260,2022,barley_spring,3.7374,2.9866,3.098584838523997,3.29556178382483,all_crops,09_01
260,2023,sunflower,1.8446,1.8056999999999999,2.8444929634465326,3.2100348382740904,all_crops,09_01
260,2024,wheat_spring,3.2132,4.1276,3.5484943207112685,3.5668388636942985,all_crops,09_01
261,2017,wheat_spring,2.691,1.9497,,,all_crops,09_01
261,2018,oil_seed_raps_winter,1.201,1.7742999999999998,,,all_crops,09_01
261,2019,sunflower,2.036,2.6414,2.3325743008680235,2.467304400982558,all_crops,09_01
261,2021,wheat_spring,5.387428571428572,4.2653,3.019316888091547,3.128197169768829,all_crops,09_01
261,2022,wheat_spring,4.008571428571429,3.1129000000000002,2.935210186144508,3.1614385738821276,all_crops,09_01
261,2023,sunflower,2.853857142857143,2.4404,2.7592988980316213,3.1759939171767857,all_crops,09_01
261,2024,wheat_spring,4.122771428571428,4.4342,3.5359348689598584,3.6695749496631973,all_crops,09_01
261,2025,barley_spring,4.780285714285714,4.4536999999999995,3.8074657537996983,3.852486368044138,all_crops,09_01
262,2017,wheat_winter,1.461,2.3451,,,all_crops,09_01
262,2018,sunflower,2.362,2.2282,,,all_crops,09_01
262,2020,sunflower,2.065,1.6946999999999999,2.2866770119235413,2.324789491610431,all_crops,09_01
262,2021,wheat_spring,4.116052631578947,3.4819000000000004,2.738695321006341,2.7709473030914107,all_crops,09_01
262,2022,sunflower,2.051684210526316,2.4012000000000002,2.470443565846182,2.572771381692781,all_crops,09_01
262,2023,wheat_spring,1.9040657894736843,1.9265999999999999,2.589089316037947,2.6861976231586944,all_crops,09_01
262,2024,wheat_spring,4.339473684210526,3.9569,3.4781917244799403,3.548243390986088,all_crops,09_01
263,2020,sunflower,2.775,1.4283,2.223651018803269,2.1793072575147616,all_crops,09_01
263,2021,wheat_spring,3.779,3.643,2.8077533514473356,3.0211398856499674,all_crops,09_01
263,2022,sunflower,2.1305,2.0983,2.9003382676861644,3.3023966412714993,all_crops,09_01
263,2023,wheat_spring,1.15425,1.6514,2.6754375068432545,2.960644953942055,all_crops,09_01
263,2024,pea,2.317,2.4226,3.449207335157938,3.6606270415543003,all_crops,09_01
263,2025,barley_spring,1.53,3.9869999999999997,3.609098676373181,3.9260270416482563,all_crops,09_01
264,2020,sunflower,2.915,2.0832,2.223651018803269,2.1787364640086126,all_crops,09_01
264,2021,wheat_spring,3.725,3.7664999999999997,3.007090831187331,3.086279576351593,all_crops,09_01
264,2022,sunflower,4.337,1.9884,2.837454664939804,3.254435922336739,all_crops,09_01
264,2023,wheat_spring,3.37975,1.9739,2.6201453263768326,2.871941803001215,all_crops,09_01
264,2025,barley_spring,1.53,3.2826,3.4984336023363842,3.6892153534769823,all_crops,09_01
265,2020,sunflower,1.7,2.225,2.2019373920581975,2.176970031173914,all_crops,09_01
265,2021,wheat_spring,3.063,4.2042,2.7542010511320902,2.8716386478301716,all_crops,09_01
265,2023,wheat_spring,1.308,1.9908000000000001,2.6153301425224447,2.6198117745015304,all_crops,09_01
265,2025,barley_spring,1.53,2.4622,6.554309468281047,6.648952801399314,all_crops,09_01
266,2021,wheat_spring,3.4250000000000003,3.8909999999999996,3.0268624868615266,3.0989098489079554,all_crops,09_01
266,2023,wheat_spring,1.1466666666666667,1.6703,2.5224243095805674,2.5780890722523986,all_crops,09_01
266,2025,barley_spring,1.53,3.7155,3.1622221239807438,3.303842321104126,all_crops,09_01
267,2021,wheat_spring,3.725,3.9875999999999996,2.9168883570530175,2.9670835092831718,all_crops,09_01
267,2025,barley_spring,1.53,3.8949,3.594647254350975,3.820883824816866,all_crops,09_01
268,2018,soya,1.6190000000000002,1.4505000000000001,,,all_crops,09_01
268,2019,wheat_winter,2.901,4.4725,2.6703524154228866,2.6845926807691542,all_crops,09_01
268,2021,wheat_spring,3.504,2.9924,2.3000322508747995,2.2841173932171284,all_crops,09_01
268,2023,wheat_spring,2.2885,1.9682,2.2986185279818185,2.309559277979922,all_crops,09_01
268,2024,barley_spring,4.772,3.3134,3.4839944745970266,3.4283583379906695,all_crops,09_01
268,2025,sunflower,1.856,2.3864,2.729194453356045,2.746363339569608,all_crops,09_01
269,2017,sunflower,2.451,2.9911000000000003,,,all_crops,09_01
269,2020,sunflower,1.972,1.9613,2.300436707047033,2.3217339297117467,all_crops,09_01
269,2021,wheat_spring,3.465045045045045,4.1795,2.789438039773154,2.8909724427185113,all_crops,09_01
269,2022,sunflower,2.086126126126126,2.0544000000000002,2.5547019761296514,2.8448778780949127,all_crops,09_01
269,2023,wheat_spring,1.7825225225225227,1.7681,2.3828821675020304,2.332352482598771,all_crops,09_01
269,2024,wheat_spring,4.250810810810811,4.5237,3.600718354837345,3.6579106190223145,all_crops,09_01
269,2025,sunflower,3.00081981981982,3.3896,2.781228182396588,2.8880661338978775,all_crops,09_01
270,2017,wheat_spring,2.4219999999999997,3.4082,,,all_crops,09_01
270,2018,oil_seed_raps_winter,1.62,2.2741,,,all_crops,09_01
270,2019,sunflower,2.207,2.229,2.419518592915334,2.557257499441811,all_crops,09_01
270,2021,wheat_spring,4.891379310344828,4.5281,2.6967080140940185,2.852779291086651,all_crops,09_01
270,2022,wheat_spring,3.61751724137931,2.9118,2.881889993236747,3.0252537707451697,all_crops,09_01
270,2023,sunflower,2.901551724137931,2.2869,2.4874824088451213,2.4255676442597243,all_crops,09_01
270,2024,wheat_spring,4.382758620689655,4.3847000000000005,3.512516378633765,3.4933377693189227,all_crops,09_01
270,2025,barley_spring,5.528620689655173,4.6063,3.828092941986144,3.877219471528774,all_crops,09_01
271,2017,wheat_spring,2.4219999999999997,2.3134,,,all_crops,09_01
271,2018,oil_seed_raps_winter,1.62,1.8580999999999999,,,all_crops,09_01
271,2019,sunflower,2.673,2.2868,2.3187683538085846,2.4897611459260736,all_crops,09_01
271,2021,wheat_spring,4.884745762711864,4.206799999999999,3.096613190237442,3.228826678735902,all_crops,09_01
271,2022,wheat_spring,2.6278644067796613,3.103,3.1160808182787174,3.3910569852015913,all_crops,09_01
271,2023,sunflower,2.458762711864407,1.9598,4.340604577114838,4.5995691693123835,all_crops,09_01
271,2024,wheat_spring,3.931627118644068,4.5093000000000005,3.4711234326170666,3.484338062156894,all_crops,09_01
271,2025,barley_spring,4.394915254237288,4.2416,3.7912431286968973,3.885560675987826,all_crops,09_01
272,2017,sunflower,3.082,2.302,,,all_crops,09_01
272,2019,sunflower,2.665,2.3532,2.281251177187905,2.3903898299630697,all_crops,09_01
272,2020,maize,9.02,3.8337000000000003,2.6412370296042327,2.6099849450319867,all_crops,09_01
272,2021,sunflower,2.22,2.301,2.2873518529844574,2.3587012538743184,all_crops,09_01
272,2022,wheat_spring,4.4904,3.4242,2.908274164399855,3.030829933482676,all_crops,09_01
272,2023,sunflower,1.3512,2.1373,2.7885443468795783,3.1272647179721207,all_crops,09_01
272,2024,wheat_spring,4.2312,4.6274,3.7800548454773173,3.79269444198143,all_crops,09_01
272,2025,wheat_spring,3.1792,4.2735,4.014804445103211,4.0739671826961255,all_crops,09_01
273,2017,wheat_spring,2.295,3.2759,,,all_crops,09_01
273,2018,sunflower,2.804,2.9443,,,all_crops,09_01
273,2019,wheat_spring,4.083,3.8867,2.463390664459772,2.538984106396044,all_crops,09_01
273,2021,barley_spring,3.0677777777777777,3.4913,2.813520545713944,3.0380881086430453,all_crops,09_01
273,2022,wheat_winter,2.052962962962963,2.6808,3.013217454563132,2.9838919614079136,all_crops,09_01
273,2023,wheat_winter,1.0088888888888887,2.1881,2.374550528099371,2.4937868784179162,all_crops,09_01
273,2024,sunflower,3.591851851851852,3.507,2.7905501480865067,2.929926045194693,all_crops,09_01
273,2025,wheat_spring,4.41962962962963,4.3208,3.8915642204511673,3.834827570262873,all_crops,09_01
274,2017,wheat_spring,1.552,2.1511,,,all_crops,09_01
274,2018,soya,1.6629999999999998,1.9407,,,all_crops,09_01
274,2019,sunflower,2.945,2.7127,2.347839109308129,2.4751059935670563,all_crops,09_01
274,2020,wheat_spring,1.027,1.3039999999999998,2.351782902929262,2.2777304311926527,all_crops,09_01
274,2022,wheat_winter,2.9904639175257732,2.3949000000000003,2.8058454178259606,2.902505714589891,all_crops,09_01
274,2024,sunflower,3.090886597938144,3.2136000000000005,2.698524932128481,2.7870933767315598,all_crops,09_01
274,2025,wheat_spring,4.829072164948454,3.7454,3.6035557311424182,3.7607473014638204,all_crops,09_01
276,2019,sunflower,1.6,2.8487,2.3457925745871644,2.495376578182228,all_crops,09_01
276,2021,sunflower,3.422096774193548,2.6558,2.3918712947395195,2.4137184128526794,all_crops,09_01
276,2022,wheat_spring,2.9274193548387095,2.9569,2.3850408916463413,2.239328439507409,all_crops,09_01
276,2023,sunflower,2.634193548387097,2.1021,2.812587965880776,3.2300509862212725,all_crops,09_01
276,2024,wheat_spring,3.63741935483871,3.8926000000000003,3.6342660477266104,3.5762801098950465,all_crops,09_01
276,2025,wheat_spring,1.4903225806451614,3.6445999999999996,3.1010798012562306,3.230355674205437,all_crops,09_01
277,2019,sunflower,2.573,2.4882,2.3448099974513372,2.542362158827579,all_crops,09_01
277,2021,sunflower,3.3421333333333334,3.1009,2.3187628416047965,2.3069216660965446,all_crops,09_01
277,2022,wheat_spring,1.5733333333333333,2.9189,2.714977789335007,2.8342996847808375,all_crops,09_01
277,2023,sunflower,2.6744000000000003,2.1962,2.6249203298195307,2.8470742340755675,all_crops,09_01
277,2024,wheat_spring,4.257866666666667,3.6835999999999998,3.473163617706734,3.515705783948211,all_crops,09_01
277,2025,wheat_spring,1.9090666666666667,2.5618,2.9787750343061803,3.063670913712446,all_crops,09_01
278,2017,wheat_winter,2.4,2.6254,,,all_crops,09_01
278,2018,oil_seed_raps_winter,1.405,1.903,,,all_crops,09_01
278,2019,wheat_winter,4.669,3.9235999999999995,2.7920870808644085,2.8388154648397683,all_crops,09_01
278,2021,barley_spring,5.365869565217392,3.7399,2.548652220740509,2.7753391543192225,all_crops,09_01
278,2022,sunflower,2.907608695652174,2.4526,2.6619234009779076,2.999241163941426,all_crops,09_01
278,2023,wheat_spring,1.7219565217391304,2.5265999999999997,2.7475961146371093,2.9411610510850488,all_crops,09_01
278,2024,pea,2.430869565217391,3.6637999999999997,3.1927133030346995,3.2248945878482447,all_crops,09_01
278,2025,wheat_winter,3.899173913043478,2.7512,2.8019519207380923,2.867716567240081,all_crops,09_01
279,2017,wheat_winter,2.378,2.0976,,,all_crops,09_01
279,2018,oil_seed_raps_winter,1.612,1.3649,,,all_crops,09_01
279,2019,wheat_winter,5.385,3.6438,2.829128551855234,2.872803435258726,all_crops,09_01
279,2023,wheat_spring,1.069090909090909,2.7016,2.9041078016854236,3.2597117609444655,all_crops,09_01
279,2024,pea,1.87,2.948,3.2447247240783605,3.203005835496284,all_crops,09_01
279,2025,wheat_winter,4.40060606060606,3.2708,3.397944501897745,3.50859205607025,all_crops,09_01
280,2017,soya,1.096,1.7739999999999998,,,all_crops,09_01
280,2021,barley_spring,3.253586956521739,3.4511000000000003,2.7868748629393383,2.9039192171563633,all_crops,09_01
280,2023,wheat_spring,1.953478260869565,1.7681,2.201979128916176,2.06988051528636,all_crops,09_01
280,2025,sunflower,4.019456521739131,3.3985,2.6574888936500556,2.7217835880529777,all_crops,09_01
282,2018,sunflower,2.754,2.6198,,,all_crops,09_01
282,2019,maize,3.804,7.6267,2.9987728590464116,2.9309677868140347,all_crops,09_01
282,2020,sunflower,1.222,1.5042,2.2081296629096294,2.2083190496057146,all_crops,09_01
282,2021,barley_spring,3.4048936170212767,3.7693,2.7968383566272434,2.907635818568517,all_crops,09_01
282,2022,sunflower,1.2691489361702126,2.4495,2.418587770039395,2.3913455275892783,all_crops,09_01
282,2023,wheat_spring,1.9701702127659575,1.5967,2.082551239245414,1.736929326120741,all_crops,09_01
282,2025,sunflower,3.9023404255319143,3.2414,2.8851506183811395,3.019282394830997,all_crops,09_01
283,2017,oil_seed_raps_winter,2.388,2.5452000000000004,,,all_crops,09_01
283,2018,wheat_winter,3.1239999999999997,2.6236,,,all_crops,09_01
283,2019,sunflower,2.638,1.8036999999999999,2.304990008785328,2.4328057543726214,all_crops,09_01
283,2021,barley_spring,5.287594936708861,4.5931,2.817185907205661,2.93815936800334,all_crops,09_01
283,2022,sunflower,3.713924050632911,2.5088999999999997,2.428336404455134,2.480480909481022,all_crops,09_01
283,2023,wheat_spring,1.430253164556962,2.4224,2.971005553839134,3.206315198292362,all_crops,09_01
283,2025,sunflower,4.0171455696202525,3.0059,2.922627190727919,3.0897670134891957,all_crops,09_01
284,2020,wheat_spring,1.27,2.0236,2.253343848639049,2.171943029867177,all_crops,09_01
284,2021,wheat_spring,3.5273333333333334,3.6152,2.9901304620552027,3.1012820511549215,all_crops,09_01
284,2022,sunflower,2.223333333333333,2.2952000000000004,2.479423998613266,2.490445037145087,all_crops,09_01
284,2024,pea,1.328,2.427,2.645955980953664,2.5475564605522845,all_crops,09_01
284,2025,barley_spring,1.53,3.7438000000000002,3.0894438802605215,3.2626738429661595,all_crops,09_01
286,2021,wheat_spring,3.971888888888889,3.5073999999999996,2.6750556734955366,2.8564926084046744,all_crops,09_01
286,2023,wheat_spring,1.291111111111111,2.6626000000000003,2.734195151492652,3.0314785518936365,all_crops,09_01
286,2025,barley_spring,1.53,2.6075,2.7226635775282975,2.8290345300303845,all_crops,09_01
287,2021,barley_spring,5.6,3.4126,2.4127625600939844,2.380248613584391,all_crops,09_01
287,2025,barley_spring,1.53,2.4823,5.7847649788577655,6.185096531552873,all_crops,09_01
288,2021,wheat_spring,3.5825,2.9678999999999998,2.6016785012654395,2.791202686209767,all_crops,09_01
288,2023,wheat_spring,1.445,2.1757999999999997,2.957333131982538,3.320163299567435,all_crops,09_01
288,2025,barley_spring,1.53,2.8542,3.1668915637421287,3.381097723755577,all_crops,09_01
289,2021,wheat_spring,3.8523529411764703,3.7275,2.8950250944499683,3.049436046198513,all_crops,09_01
289,2023,wheat_spring,1.2705882352941178,1.6491,2.50631039024842,2.5130555954605165,all_crops,09_01
289,2025,barley_spring,1.53,3.8841,3.1751467431784475,3.300026068042089,all_crops,09_01
291,2021,wheat_spring,3.172833333333333,3.7546,2.533455676662894,2.6798507277330925,all_crops,09_01
291,2023,wheat_spring,1.5506666666666666,1.9140000000000001,2.3606705956286342,2.3460033668660385,all_crops,09_01
291,2025,barley_spring,1.53,2.7460999999999998,2.7205780079935575,2.7513942460143688,all_crops,09_01
292,2021,sunflower,2.01,2.1587,2.2706952410606704,2.323260123287851,all_crops,09_01
292,2022,wheat_spring,2.2251000000000003,2.7356000000000003,2.896175538722028,2.940557831545027,all_crops,09_01
292,2023,barley_spring,3.2198,2.739,2.375543532688434,2.314633068387405,all_crops,09_01
292,2024,wheat_spring,4.2,4.12,3.5003053364708925,3.4545355247064338,all_crops,09_01
292,2025,sunflower,2.718,2.2666,2.5779547334199724,2.66088537915513,all_crops,09_01
293,2017,wheat_winter,1.821,2.3457,,,all_crops,09_01
293,2019,wheat_winter,3.729999999999999,4.3009,2.8418669617157315,2.814867766491147,all_crops,09_01
293,2021,sunflower,2.3242696629213486,2.6764,2.4556823680225484,2.4172738221862846,all_crops,09_01
293,2022,wheat_spring,2.6255842696629212,3.0854,2.896651641073762,3.159138179292298,all_crops,09_01
293,2023,barley_spring,2.157528089887641,1.911,2.640928238623089,2.8533889393768153,all_crops,09_01
293,2024,wheat_spring,3.62561797752809,3.9566000000000003,3.655084984040604,3.6164257139865157,all_crops,09_01
293,2025,sunflower,3.067640449438202,2.8378,2.6617243769769496,2.685635039708666,all_crops,09_01
295,2017,wheat_winter,1.227,2.1571000000000002,,,all_crops,09_01
295,2018,oil_seed_raps_winter,1.45,1.7053,,,all_crops,09_01
295,2019,wheat_winter,2.899,3.6635,2.892481227746974,2.886599342842201,all_crops,09_01
295,2021,barley_spring,4.090206896551725,3.8929,2.267869326680607,2.2603079540090283,all_crops,09_01
295,2022,sunflower,1.9825241379310343,2.5158,2.437744451443881,2.5581937211785237,all_crops,09_01
295,2024,pea,1.4772413793103447,3.0689,3.442735045643729,3.424909531573298,all_crops,09_01
295,2025,wheat_spring,4.596137931034483,3.1723,3.566302898840259,3.7055727325858285,all_crops,09_01
296,2017,soya,1.686,1.7073,,,all_crops,09_01
296,2018,sunflower,1.607,1.9253,,,all_crops,09_01
296,2019,maize,3.401,7.223699999999999,2.985592735629955,2.937506737773902,all_crops,09_01
296,2020,sunflower,1.972,1.3957000000000002,2.2287931071269482,2.232642980721473,all_crops,09_01
296,2023,wheat_spring,1.3890526315789475,1.6179999999999999,2.426043652735925,2.462230372432701,all_crops,09_01
296,2025,wheat_winter,4.57658947368421,4.1879,3.8334206290796162,3.964512621478632,all_crops,09_01
297,2021,wheat_spring,3.676,3.4529000000000005,2.398502039831618,2.3500682159188346,all_crops,09_01
297,2023,wheat_spring,2.572,1.6401,2.47688442270127,2.4965843070511258,all_crops,09_01
297,2025,barley_spring,1.53,2.9219,2.9311728222408804,3.1397099352616022,all_crops,09_01
298,2018,sunflower,1.546,2.554,,,all_crops,09_01
298,2019,wheat_spring,3.6,3.1739,2.575729085291997,2.7118542902052667,all_crops,09_01
298,2020,soya,1.824,2.6345,2.4112658838076295,2.40270471373705,all_crops,09_01
298,2021,maize,8.829758333333332,7.1474,3.1155213260457173,3.244031988631861,all_crops,09_01
298,2022,barley_spring,3.4287916666666667,3.3882,3.097099276206281,3.2960519994713735,all_crops,09_01
298,2023,sunflower,2.0416666666666665,2.3188,2.9433470104225172,3.4343787864857993,all_crops,09_01
298,2024,wheat_spring,3.408333333333333,3.9318,3.569426524730258,3.5959122491388027,all_crops,09_01
298,2025,pea,2.2106666666666666,3.0599,3.0297692254420414,3.0032246739450588,all_crops,09_01
299,2018,barley_spring,2.903225806451613,2.5297,,,all_crops,09_01
299,2019,sunflower,3.3020000000000005,2.6321000000000003,2.4919757343749596,2.568397331461542,all_crops,09_01
299,2020,wheat_spring,2.506,2.3096,2.4329820341172335,2.351083152850467,all_crops,09_01
299,2021,wheat_winter,3.2053456221198156,3.0163,2.8477657720848706,2.9670616130558196,all_crops,09_01
299,2022,wheat_winter,4.0,3.4467,2.7333228281468465,2.9516441130545115,all_crops,09_01
299,2023,sunflower,3.345622119815668,2.3383,2.9422388599033416,3.2926116882973093,all_crops,09_01
299,2024,barley_spring,3.720276497695852,3.9920999999999998,3.2296815071935807,3.2551980802545177,all_crops,09_01
299,2025,pea,2.5146082949308752,3.5311,3.0344191345117997,2.9747105339223943,all_crops,09_01
300,2018,barley_spring,3.6,3.9655,,,all_crops,09_01
300,2019,buckwheat,2.145,,2.8657244451201134,2.9342335673354416,all_crops,09_01
300,2020,wheat_spring,1.901,2.2412,2.377347634188597,2.322879037285973,all_crops,09_01
300,2021,wheat_winter,2.8021818181818183,2.7914000000000003,2.476464093609723,2.4682213821827563,all_crops,09_01
300,2022,wheat_winter,2.810545454545455,2.8258,2.6070066176380964,2.839387997414023,all_crops,09_01
300,2023,sunflower,3.5636363636363635,2.2708,2.7253710091358094,2.936137979421577,all_crops,09_01
300,2024,barley_spring,4.142545454545455,3.4122999999999997,3.495227649426968,3.590498048772824,all_crops,09_01
300,2025,sunflower,3.1365454545454545,2.5319,2.8443689173812454,3.021272902881278,all_crops,09_01
301,2018,wheat_spring,3.2851985559566788,2.3687,,,all_crops,09_01
301,2019,buckwheat,1.925,,2.6723122925675953,2.7195996989869538,all_crops,09_01
301,2020,wheat_spring,2.851,1.9575,2.3658806103270034,2.3006630385954576,all_crops,09_01
301,2021,wheat_winter,2.3384115523465705,2.5307,2.7145502680309357,2.8340985664573424,all_crops,09_01
301,2022,wheat_winter,3.303068592057762,3.4735,2.6112678347362643,2.7587128506813414,all_crops,09_01
301,2023,sunflower,2.6101083032490973,2.1803,2.5251678774420747,2.595373246405241,all_crops,09_01
301,2024,wheat_spring,2.888086642599278,3.8462000000000005,3.678927299637187,3.7184992958716014,all_crops,09_01
301,2025,sunflower,2.495162454873646,2.8487,2.755357342834725,2.886042819682541,all_crops,09_01
302,2019,sunflower,2.592,2.1754000000000002,2.5455692231606344,2.555967838631418,all_crops,09_01
302,2020,wheat_spring,2.43,2.602,2.5601420057372932,2.535443746778731,all_crops,09_01
302,2021,wheat_spring,1.2724444444444445,2.3578,2.23839064648193,2.2359861811844386,all_crops,09_01
302,2022,sunflower,3.147777777777778,2.7738,2.6890021161538655,2.9197023219499374,all_crops,09_01
302,2023,wheat_spring,2.0,1.4228,2.480402205346642,2.444432661359509,all_crops,09_01
302,2025,sunflower,2.7764444444444445,2.9539999999999997,2.8695122188378432,2.980944185442916,all_crops,09_01
303,2018,barley_spring,2.45,2.5425999999999997,,,all_crops,09_01
303,2019,buckwheat,2.568,,2.8754850845522144,2.864606938015445,all_crops,09_01
303,2020,wheat_spring,2.463,2.9771,2.3627170100333426,2.3059265117602505,all_crops,09_01
303,2021,rye_winter,3.52125,3.7601,3.4782918246833727,3.480599805664402,all_crops,09_01
303,2022,sunflower,3.539,3.0696000000000003,2.7926197949841636,3.0551987987938007,all_crops,09_01
303,2023,barley_spring,1.628,2.6931000000000003,3.0776342698128807,3.18791457854866,all_crops,09_01
303,2024,pea,3.313,3.7,3.3893122649447007,3.401787093408197,all_crops,09_01
303,2025,wheat_winter,5.6745,5.0234000000000005,4.143923179710596,4.196953994179186,all_crops,09_01
304,2018,wheat_spring,2.2532467532467533,2.398,,,all_crops,09_01
304,2019,sunflower,2.665,2.4643,2.3511619742344494,2.4728932546439295,all_crops,09_01
304,2020,wheat_spring,1.974025974025974,2.4179,2.404520407815318,2.300250131139678,all_crops,09_01
304,2021,rye_winter,2.693311688311688,3.1229,3.2141364588092656,3.249920097689838,all_crops,09_01
304,2022,sunflower,3.0357142857142856,2.4585,2.516803866191904,2.6082056886568634,all_crops,09_01
304,2023,wheat_spring,2.142857142857143,1.5939999999999999,2.4748425033854726,2.352018405573466,all_crops,09_01
304,2024,wheat_spring,4.071428571428571,4.108700000000001,3.8992886069685113,3.921362156488725,all_crops,09_01
304,2025,sunflower,2.1645454545454546,2.9209,2.8189585595819735,2.963909037809484,all_crops,09_01
305,2018,avena_spring,3.5420000000000003,,,,all_crops,09_01
305,2019,sunflower,1.614,2.1521,2.5020005349999335,2.581071884075627,all_crops,09_01
305,2020,wheat_spring,3.353,3.0336,2.4268072023416956,2.338243792849421,all_crops,09_01
305,2021,sunflower,3.1040952380952382,3.0296,2.7230816178741333,2.741122483019074,all_crops,09_01
305,2022,wheat_spring,3.257047619047619,3.3606000000000003,3.372042515271179,3.684727429634106,all_crops,09_01
305,2023,barley_spring,2.813904761904762,2.1256,2.9479391318517205,3.2188288157647182,all_crops,09_01
305,2024,wheat_winter,5.032571428571428,5.0891,3.8919284700619663,4.020425430284395,all_crops,09_01
305,2025,sunflower,2.768857142857143,2.5564,2.8097849519779583,2.908531779400022,all_crops,09_01
306,2018,maize,4.061999999999999,5.1716999999999995,,,all_crops,09_01
306,2019,sunflower,2.589,2.4242,2.5462861534916086,2.6427826922430766,all_crops,09_01
306,2020,wheat_spring,3.3229999999999995,2.8575,2.441552708262676,2.345671564251642,all_crops,09_01
306,2021,sunflower,3.315628415300546,2.7062,2.7201563606324117,2.7667318792314344,all_crops,09_01
306,2023,wheat_winter,3.240437158469945,1.8806999999999998,2.9799201133807247,3.118380964768625,all_crops,09_01
307,2021,wheat_winter,1.828235294117647,3.9089,2.5372554931118194,2.5185357659988505,all_crops,09_01
307,2022,pea,2.614705882352941,2.1409,3.040320281040786,3.1016629722434006,all_crops,09_01
307,2023,sunflower,1.6470588235294117,1.5628,2.6871084881871314,2.9186231651203327,all_crops,09_01
308,2018,wheat_spring,3.128,2.7847,,,all_crops,09_01
308,2019,sunflower,3.2310000000000003,2.4486999999999997,2.3456414008638355,2.4669193063476533,all_crops,09_01
308,2020,wheat_spring,2.121,2.3893999999999997,2.402602363433557,2.354817858584876,all_crops,09_01
308,2021,sunflower,4.128571428571428,2.4222,2.3101827329486997,2.372722516631302,all_crops,09_01
308,2022,wheat_spring,2.6720779220779223,3.0417,3.084711684826837,3.3834906423986117,all_crops,09_01
308,2024,wheat_winter,6.613961038961039,5.8338,4.009574088148754,3.992513544521624,all_crops,09_01
308,2025,sunflower,3.56038961038961,2.9175,3.055209790413347,3.1134021564076457,all_crops,09_01
309,2019,sunflower,3.0,2.6592,2.5054846772552426,2.575454125784316,all_crops,09_01
309,2020,wheat_spring,1.4220000000000002,1.7725000000000002,2.38695072996356,2.3053441857186847,all_crops,09_01
310,2018,wheat_spring,2.5636363636363635,2.9312,,,all_crops,09_01
310,2020,wheat_spring,1.519,1.4651,2.289812014367439,2.273296596666572,all_crops,09_01
310,2022,wheat_spring,3.978,5.0179,3.470294188236319,3.9245906607298995,all_crops,09_01
310,2023,sunflower,1.7121212121212122,2.3462,2.526844301302309,2.5331684757138078,all_crops,09_01
310,2024,wheat_spring,3.763636363636364,3.5975,3.749380660649605,3.719345016491898,all_crops,09_01
310,2025,barley_spring,6.152151515151515,4.6987000000000005,3.8831998880570353,4.002504813019523,all_crops,09_01
311,2018,wheat_spring,3.529166666666667,2.8967,,,all_crops,09_01
311,2019,soya,2.5460000000000003,2.1067,2.0864886736220596,2.065760339216709,all_crops,09_01
311,2020,maize,5.118,7.3805000000000005,2.82232737074997,2.8372297089200056,all_crops,09_01
311,2022,wheat_winter,3.099083333333333,2.9229,2.7291945623293548,2.852143262601809,all_crops,09_01
311,2023,sunflower,3.220833333333333,2.2725999999999997,2.9088086485321316,3.1727625230829672,all_crops,09_01
311,2024,wheat_spring,3.84925,3.9172,3.695303863543069,3.647264725719107,all_crops,09_01
311,2025,soya,1.4467500000000002,1.8004000000000002,1.7551507307304945,1.8102896343257608,all_crops,09_01
312,2018,wheat_spring,1.5555555555555556,3.1679,,,all_crops,09_01
312,2020,wheat_winter,3.3200000000000003,2.9783999999999997,2.6147834987665974,2.721002326083797,all_crops,09_01
312,2021,barley_spring,4.217777777777778,2.726,2.3330615194898563,2.1744323170982005,all_crops,09_01
312,2022,sunflower,2.5855555555555556,2.5645,2.5002863382526574,2.6764457183096133,all_crops,09_01
312,2023,wheat_spring,1.9755555555555555,2.2225,2.579294835627576,2.592293276310922,all_crops,09_01
312,2024,sunflower,1.5944444444444443,2.6309,2.8987725850750037,3.046552460588561,all_crops,09_01
312,2025,barley_spring,3.900555555555555,3.4539999999999997,3.5046029047189355,3.5827439401881387,all_crops,09_01
313,2018,sunflower,3.085,2.9512,,,all_crops,09_01
313,2020,wheat_spring,2.127,2.012,2.412374045495455,2.3013333681192973,all_crops,09_01
313,2021,sunflower,3.176727272727273,2.9788,2.441042130547146,2.4084859864646373,all_crops,09_01
313,2022,wheat_spring,3.3391818181818183,3.2943,2.9879169670398067,3.2287817171042192,all_crops,09_01
313,2023,barley_spring,2.6275909090909093,2.0058,2.754230612374829,2.762127626476683,all_crops,09_01
313,2024,pea,2.8992727272727272,3.9873,3.5348926970799788,3.5958821955324454,all_crops,09_01
313,2025,wheat_winter,4.522545454545455,4.4804,3.673226644564713,3.834471310286004,all_crops,09_01
314,2018,soya,1.359,1.3278,,,all_crops,09_01
314,2019,sunflower,3.055,2.3994,2.4317997635394555,2.513380026388733,all_crops,09_01
314,2020,wheat_spring,1.423,1.8951,2.400666630742449,2.2990199764725334,all_crops,09_01
314,2024,wheat_winter,5.3133067729083665,4.757,3.7432220867832795,3.729091061944245,all_crops,09_01
314,2025,sunflower,3.19804780876494,2.9859999999999998,2.960872377658148,3.050913300573068,all_crops,09_01
315,2018,avena_spring,3.3684210526315788,,,,all_crops,09_01
315,2019,sunflower,2.63,2.0338000000000003,2.551865513736231,2.5851390961076848,all_crops,09_01
315,2020,barley_spring,2.72,2.6928,2.366014680355877,2.2638078630243834,all_crops,09_01
315,2021,sunflower,2.3563157894736846,2.6974,2.738343788662989,2.7161158276305244,all_crops,09_01
315,2022,wheat_spring,3.067894736842105,2.559,3.1720471067473444,3.3260117328425176,all_crops,09_01
315,2023,wheat_spring,2.289473684210526,2.0537,2.9159199631161314,3.186253657890941,all_crops,09_01
315,2025,barley_spring,4.822105263157895,3.8085999999999998,3.4536390536290185,3.651374491574881,all_crops,09_01
316,2018,avena_spring,2.6551724137931036,,,,all_crops,09_01
316,2019,sunflower,2.306,2.4253,2.7008810155610155,2.6586047226450527,all_crops,09_01
316,2020,barley_spring,2.452,1.9994,2.2891145673451643,2.2085091706937003,all_crops,09_01
316,2021,wheat_spring,3.35448275862069,2.9018,2.7596246777612143,2.7715571263048133,all_crops,09_01
316,2022,pea,2.176896551724138,2.4928,3.1005469817719336,3.319280581531928,all_crops,09_01
316,2023,wheat_winter,2.6882758620689655,2.1774,2.594153365875981,2.8112464420735113,all_crops,09_01
317,2018,pea,1.901,2.0673,,,all_crops,09_01
317,2019,sunflower,3.2409999999999997,1.9568999999999999,2.5706434398272298,2.626322245533065,all_crops,09_01
317,2020,wheat_spring,2.9690000000000003,3.127,2.4351441267616796,2.3436589337551834,all_crops,09_01
317,2021,sunflower,2.525058823529412,2.8162,2.8234035376744133,2.864507559732213,all_crops,09_01
317,2022,wheat_spring,3.6494117647058824,3.8691000000000004,3.3665354449240215,3.8112909496782756,all_crops,09_01
317,2023,barley_spring,2.453529411764706,1.8288,2.9748249003027887,3.1651190456596225,all_crops,09_01
317,2024,wheat_winter,4.266176470588236,4.9174999999999995,3.105257881336202,3.1914674199179,all_crops,09_01
317,2025,sunflower,3.2478823529411764,2.5925000000000002,2.8893636271408725,2.9636518068367947,all_crops,09_01
318,2018,soya,2.1559999999999997,1.2183,,,all_crops,09_01
318,2019,maize,8.697,7.6045,2.993108524773283,2.9323438251514378,all_crops,09_01
318,2020,wheat_spring,3.176,2.7859000000000003,2.43269035969721,2.3941224481507883,all_crops,09_01
318,2021,sunflower,3.1150785340314138,2.5191,2.452965368521854,2.50532498620608,all_crops,09_01
318,2023,wheat_winter,2.749319371727749,2.1717,2.7342384087044493,2.8630826366590694,all_crops,09_01
318,2024,sunflower,4.230052356020943,2.9655,2.8543886654991413,3.0003223594014092,all_crops,09_01
319,2018,sunflower,2.019607843137255,2.527,,,all_crops,09_01
319,2019,wheat_spring,3.511,3.3568,2.5611413479679186,2.6844680839615376,all_crops,09_01
319,2020,soya,1.761,1.5743,2.1978058441981134,2.1983272861095333,all_crops,09_01
319,2021,sunflower,3.2145098039215685,2.6853000000000002,2.6189324473412547,2.6930263402848396,all_crops,09_01
319,2022,barley_spring,2.8135294117647063,3.2159999999999997,3.186750464092224,3.420372663876802,all_crops,09_01
319,2023,wheat_winter,1.892156862745098,1.9487999999999999,2.5127214557853454,2.6777337575056137,all_crops,09_01
319,2024,sunflower,2.935882352941176,2.6098,2.851910682579173,2.928722146310199,all_crops,09_01
319,2025,wheat_spring,4.713333333333333,3.7039999999999997,3.6269979726282204,3.7439123307277677,all_crops,09_01
320,2020,sunflower,2.8920000000000003,2.4347000000000003,2.42588757526267,2.381167288734547,all_crops,09_01
320,2021,wheat_spring,3.9986666666666664,3.433,2.7825153919843153,2.876503385883127,all_crops,09_01
320,2022,pea,3.664,3.1345,3.250507984973292,3.4318362936689106,all_crops,09_01
320,2023,wheat_winter,1.4966666666666666,2.1939,2.7706043899964135,3.0838750887574284,all_crops,09_01
320,2024,sunflower,2.272666666666667,2.6611000000000002,2.8709970013858097,2.986002568039504,all_crops,09_01
320,2025,wheat_spring,5.241333333333333,3.9575000000000005,4.076502125200712,4.073551288594859,all_crops,09_01
321,2018,sunflower,2.8,2.5568999999999997,,,all_crops,09_01
321,2019,wheat_spring,2.974,3.2307,2.523213949209921,2.6674746505713065,all_crops,09_01
321,2020,sunflower,3.2039999999999997,2.4057,2.408560121112267,2.4272545335704954,all_crops,09_01
321,2021,wheat_spring,3.118865979381443,3.5671,2.691360147552441,2.706441448894648,all_crops,09_01
321,2022,pea,3.720721649484537,2.8574,3.312463110002144,3.4229638250891683,all_crops,09_01
321,2023,wheat_winter,2.4504123711340204,2.0962,2.859424858246959,3.0089813855576386,all_crops,09_01
321,2024,sunflower,2.982783505154639,3.3331000000000004,2.890005358572943,2.9576961624760947,all_crops,09_01
322,2018,barley_spring,2.6357142857142857,1.3255000000000001,,,all_crops,09_01
322,2019,sunflower,2.364,2.5843,2.5471611615737078,2.619263418018224,all_crops,09_01
322,2021,wheat_spring,3.549714285714286,3.3685,2.444397039845694,2.4143504148905603,all_crops,09_01
322,2022,sunflower,2.975,2.9099,2.843645402656095,3.1538447068306636,all_crops,09_01
322,2023,wheat_spring,3.257142857142857,2.0373,2.456039620280617,2.387074763831547,all_crops,09_01
322,2024,sunflower,2.7725,2.8771,2.950957314669207,3.016526584022227,all_crops,09_01
322,2025,barley_spring,5.317428571428572,4.4825,4.112552382294392,4.195572570250961,all_crops,09_01
323,2019,wheat_winter,5.036,5.3708,2.679861838167033,2.8284493124715984,all_crops,09_01
323,2020,sunflower,2.879,2.3603,2.4697225755023595,2.4164900894454133,all_crops,09_01
323,2021,wheat_spring,2.7504545454545455,3.4159999999999995,2.5374878459847583,2.6840308903987893,all_crops,09_01
323,2022,sunflower,3.4059090909090908,2.9545000000000003,2.8003741725391538,3.2306726174232585,all_crops,09_01
323,2023,wheat_spring,2.987012987012987,2.3886,2.9729247562864503,3.139508272272655,all_crops,09_01
323,2024,wheat_winter,4.966298701298701,4.4852,3.275483754580454,3.2597198515867642,all_crops,09_01
323,2025,sunflower,3.7001298701298704,3.3421,3.1046189223717517,3.165795994222583,all_crops,09_01
324,2018,buckwheat,2.7962962962962963,,,,all_crops,09_01
324,2019,barley_spring,2.888,3.1348,2.7754891670682067,2.758210816957274,all_crops,09_01
324,2020,sunflower,3.2,2.8637,2.5523705705423496,2.5383874059394977,all_crops,09_01
324,2021,wheat_spring,3.4877777777777776,3.3164000000000002,2.6740715934532653,2.746591172113053,all_crops,09_01
324,2022,sunflower,3.049259259259259,2.457,2.7272094838594434,3.025333221573145,all_crops,09_01
324,2023,wheat_spring,2.1296296296296298,2.1199000000000003,3.286038068657266,3.381889813010619,all_crops,09_01
324,2024,barley_spring,4.074074074074074,4.4087000000000005,3.528599198392792,3.5614529286891212,all_crops,09_01
324,2025,sunflower,3.123333333333333,2.9981,2.6448665975484094,2.714945079178967,all_crops,09_01
325,2018,sunflower,2.6666666666666665,2.2756,,,all_crops,09_01
325,2020,sunflower,3.3920000000000003,1.9806000000000001,2.350678746474313,2.3238091455619196,all_crops,09_01
325,2021,wheat_spring,3.3966666666666665,3.5100000000000002,2.684380177270253,2.8705966024994582,all_crops,09_01
325,2022,sunflower,2.7255555555555557,2.2349,2.659528671421751,2.917346150544818,all_crops,09_01
325,2023,wheat_spring,1.99,2.4171,2.998957406116654,3.1661669065926206,all_crops,09_01
325,2024,barley_spring,5.13,3.3197,3.3736882589723916,3.402265706733166,all_crops,09_01
325,2025,sunflower,3.686111111111111,2.5335,2.883421060059426,3.0619202738317233,all_crops,09_01
327,2018,sunflower,2.792079207920792,2.4419,,,all_crops,09_01
327,2020,sunflower,3.277,2.4114999999999998,2.506900405330468,2.4678517680742242,all_crops,09_01
327,2021,wheat_spring,4.412475247524752,3.9152,2.717702505145578,2.852944865986618,all_crops,09_01
327,2022,sunflower,3.0487128712871288,2.4962,2.6080183598609925,2.8520830042965204,all_crops,09_01
327,2023,barley_spring,3.0089108910891085,2.2128,2.9174593441283454,3.103027374240205,all_crops,09_01
327,2025,sunflower,2.7849504950495048,2.582,2.871232449744996,2.979110116461843,all_crops,09_01
328,2019,wheat_winter,5.195,4.5753,2.5829423155872773,2.6981067989982876,all_crops,09_01
328,2020,sunflower,1.388,1.8596,2.2488339449316186,2.2736770920738065,all_crops,09_01
328,2021,wheat_spring,1.515294117647059,1.6629,2.200774704037122,2.1398553192958936,all_crops,09_01
328,2022,wheat_winter,2.5023529411764707,3.5944000000000003,2.9834871216999788,3.0200394307758702,all_crops,09_01
328,2023,sunflower,2.764705882352941,1.9498000000000002,2.4485937943090135,2.3647573038577505,all_crops,09_01
329,2018,wheat_spring,3.1666666666666665,3.1463,,,all_crops,09_01
329,2019,buckwheat,2.461,,2.757946358996169,2.871807716230123,all_crops,09_01
329,2020,sunflower,3.003,2.3604,2.3097328247597506,2.336564922052354,all_crops,09_01
329,2021,wheat_spring,3.485,3.3133000000000004,2.5546838247218218,2.6651512963482915,all_crops,09_01
330,2018,wheat_spring,2.8,3.119,,,all_crops,09_01
330,2019,wheat_spring,3.165,3.0794,2.4626414452646848,2.5863959003606265,all_crops,09_01
330,2020,sunflower,3.191,2.4393000000000002,2.417776313938543,2.4029506242656753,all_crops,09_01
330,2024,wheat_spring,4.204739336492891,2.8333,3.485078879803226,3.4506902742582524,all_crops,09_01
330,2025,pea,2.184075829383886,2.9416,2.751046838965783,2.7677970329663273,all_crops,09_01
331,2018,wheat_spring,2.371428571428571,2.2624,,,all_crops,09_01
331,2019,wheat_spring,2.4,3.1688,2.4105298373675557,2.5342576382529733,all_crops,09_01
331,2020,sunflower,2.396,2.0141,2.2647818181961683,2.299109562697476,all_crops,09_01
331,2021,wheat_spring,3.196,2.8064,2.4312899061699156,2.494917413652053,all_crops,09_01
331,2022,wheat_winter,2.234714285714286,2.9646999999999997,2.3394639975605167,2.1530873007964177,all_crops,09_01
331,2023,sunflower,3.2357142857142858,2.4313,2.6026814206578877,2.829222278301878,all_crops,09_01
331,2024,wheat_spring,4.017571428571429,3.7802999999999995,3.685760802511898,3.6956222099047773,all_crops,09_01
331,2025,sunflower,2.805285714285714,3.1471,2.7256370855511634,2.774606463299088,all_crops,09_01
332,2018,sunflower,2.663793103448276,2.4582,,,all_crops,09_01
332,2019,wheat_spring,3.525,3.6829,2.539482356391843,2.6984375760623296,all_crops,09_01
332,2020,sunflower,1.876,2.16,2.311735093332953,2.393179433879403,all_crops,09_01
332,2021,wheat_spring,2.784181034482758,2.8292,2.661865117749465,2.791211344635326,all_crops,09_01
332,2022,sunflower,3.1269827586206898,2.6977,2.633729806652675,2.913047339585677,all_crops,09_01
332,2023,wheat_spring,2.2198275862068964,1.8759000000000001,2.4339984508258588,2.3626590180348472,all_crops,09_01
332,2025,sunflower,2.7096982758620687,2.6811,2.9161680198646387,3.0916807035959812,all_crops,09_01
333,2019,wheat_winter,6.054,6.0673,2.7084667827221933,2.8647838051812657,all_crops,09_01
333,2020,sunflower,3.2310000000000003,2.0908,2.391677871965741,2.3643632110512875,all_crops,09_01
333,2021,wheat_spring,3.365379746835443,2.9623999999999997,2.7867977321311797,2.8970326917065403,all_crops,09_01
333,2022,sunflower,3.009367088607595,3.0303,2.798859081585694,3.208902366569639,all_crops,09_01
333,2023,wheat_spring,2.329113924050633,2.3701,2.7660757621120755,2.983937571835622,all_crops,09_01
334,2018,buckwheat,2.653,,,,all_crops,09_01
334,2019,wheat_winter,2.364,2.8354,2.7089524777416374,2.665757108863019,all_crops,09_01
334,2020,sunflower,2.676,1.4465,2.280247548106498,2.2787920135703374,all_crops,09_01
334,2021,wheat_spring,3.1403749999999997,3.0549,2.688457812223273,2.736953320154395,all_crops,09_01
334,2022,sunflower,3.3138125,2.9922999999999997,3.0187812645157885,3.668770804677436,all_crops,09_01
334,2023,wheat_spring,3.24375,2.3798,2.9582291624424593,3.066789302172235,all_crops,09_01
334,2024,sunflower,2.83575,2.7897,3.0004951598432443,3.1112907305590505,all_crops,09_01
335,2018,buckwheat,1.4299065420560748,,,,all_crops,09_01
335,2019,sunflower,1.252,2.4981999999999998,2.3702724230852756,2.4660519640165135,all_crops,09_01
335,2021,wheat_spring,2.724485981308411,3.6003,2.703807326476408,2.931491239033177,all_crops,09_01
335,2022,sunflower,3.0462616822429904,2.8848,2.662215254534863,2.9770697143250713,all_crops,09_01
335,2023,wheat_spring,2.850467289719626,1.7407,2.89146328330334,3.0951731479219617,all_crops,09_01
335,2024,sunflower,2.60785046728972,3.0989999999999998,2.8663027794470386,2.9410720874342737,all_crops,09_01
335,2025,barley_spring,5.337757009345794,4.0549,3.5351511327659693,3.6941780040280605,all_crops,09_01
336,2018,wheat_spring,2.9,2.5796,,,all_crops,09_01
336,2019,barley_spring,2.227,3.3104,2.787287287594522,2.663857685445548,all_crops,09_01
336,2020,sunflower,2.684,2.2135000000000002,2.3753614157843894,2.321920575859506,all_crops,09_01
336,2021,wheat_spring,3.555333333333333,4.0307,2.5111317709197767,2.476895578782747,all_crops,09_01
336,2022,sunflower,3.0290000000000004,2.9597,2.6167651703351535,2.908320302406139,all_crops,09_01
336,2023,wheat_spring,3.5246666666666666,2.7085,2.91670239393728,3.0974792592534075,all_crops,09_01
336,2024,sunflower,2.679333333333333,2.1727,3.018154881454745,3.124389891309258,all_crops,09_01
336,2025,barley_spring,5.271333333333333,4.1346,3.8559074188914577,3.889605523955602,all_crops,09_01
337,2018,sunflower,3.55,2.5091,,,all_crops,09_01
337,2020,sunflower,2.934,1.9649999999999999,2.3379353787979533,2.2750954121793177,all_crops,09_01
337,2021,wheat_spring,3.2880000000000003,2.7366,2.6377227417424924,2.7034797563405406,all_crops,09_01
337,2022,sunflower,3.2695,2.9024,3.0345298321562213,3.49565197745329,all_crops,09_01
337,2023,wheat_spring,1.825,2.6087,3.2818391713910704,3.4258972008669417,all_crops,09_01
338,2018,sunflower,2.9690000000000003,2.6366,,,all_crops,09_01
338,2020,sunflower,3.4130000000000003,1.823,2.3468982963601266,2.311811289813039,all_crops,09_01
338,2021,wheat_spring,2.9725,2.8192,2.6852799197340613,2.8323314064373846,all_crops,09_01
338,2022,sunflower,2.849375,1.8597000000000001,2.9197832364387173,3.3806028958407994,all_crops,09_01
338,2023,wheat_spring,1.30125,2.0627,3.0472736036313175,3.3134269724045455,all_crops,09_01
338,2024,barley_spring,5.055,3.1628,3.0324283557235914,3.1399620176880525,all_crops,09_01
338,2025,sunflower,3.5034375,2.837,2.7032152169485193,2.84138781065773,all_crops,09_01
339,2018,sunflower,1.5833333333333333,1.7161000000000002,,,all_crops,09_01
339,2020,sunflower,2.175,1.8081,2.3405227246877693,2.2653555262677147,all_crops,09_01
339,2021,wheat_spring,4.1225,3.0422000000000002,2.7520916738617456,2.7982879880086178,all_crops,09_01
339,2022,sunflower,3.1950000000000003,2.5408,2.850351249163446,3.206055489654465,all_crops,09_01
339,2023,wheat_spring,1.4583333333333333,1.3279,2.4748817081411802,2.385862833252835,all_crops,09_01
339,2024,wheat_spring,3.623333333333333,3.6057,3.167828427661065,3.20674957371259,all_crops,09_01
339,2025,wheat_spring,5.5616666666666665,4.192,3.4794627077013,3.4790134777897763,all_crops,09_01
340,2018,buckwheat,2.3114754098360657,,,,all_crops,09_01
340,2020,rye_winter,4.491803278688525,3.7139,2.622830234803551,2.8439788468398235,all_crops,09_01
340,2021,barley_spring,1.3229508196721311,1.9431999999999998,2.194580520633634,2.243174306123614,all_crops,09_01
340,2022,sunflower,3.700081967213115,2.8628,2.6448738137100296,2.9610814517132256,all_crops,09_01
340,2023,wheat_spring,3.4262295081967213,1.754,2.5277768653505475,2.4836613318223266,all_crops,09_01
340,2024,sunflower,2.295081967213114,2.4172000000000002,2.9287296816565416,3.0827548959756124,all_crops,09_01
340,2025,barley_spring,5.233934426229508,4.4357,3.9702292432071324,4.018091235418371,all_crops,09_01
341,2018,buckwheat,2.7,,,,all_crops,09_01
341,2021,barley_spring,3.3516666666666666,2.8367,2.800241622797103,2.84005882202372,all_crops,09_01
341,2022,sunflower,2.8089583333333334,3.0337,2.7846462429135213,3.199919775840106,all_crops,09_01
341,2023,wheat_spring,1.7916666666666667,1.9703,2.583188269717655,2.5200337099153685,all_crops,09_01
341,2024,sunflower,1.5833333333333333,2.9526,3.050459511686227,3.163110824003976,all_crops,09_01
341,2025,barley_spring,5.078333333333333,4.3345,3.6983056673172046,3.6657647479649347,all_crops,09_01
342,2018,buckwheat,2.477272727272727,,,,all_crops,09_01
342,2021,wheat_winter,1.9413636363636364,3.6143,2.6541104047542383,2.789187014855325,all_crops,09_01
342,2022,sunflower,3.7125,3.1256,2.65946252868314,3.06863437496136,all_crops,09_01
342,2023,wheat_spring,2.340909090909091,2.4775,2.9186342817537554,3.0529946914018993,all_crops,09_01
342,2024,sunflower,2.0454545454545454,2.2683,3.0504336681093807,3.185594561820345,all_crops,09_01
342,2025,barley_spring,4.873181818181818,4.159599999999999,4.004683829859795,4.030874183960984,all_crops,09_01
343,2018,wheat_spring,2.6122448979591835,2.3059000000000003,,,all_crops,09_01
343,2020,sunflower,2.913,2.7436,2.277358354232712,2.3257905660989815,all_crops,09_01
343,2021,barley_spring,4.0285714285714285,3.3655,2.4221879035837968,2.353402615958412,all_crops,09_01
343,2022,wheat_winter,3.422857142857143,3.154,2.60460741019296,2.644234007334533,all_crops,09_01
343,2023,sunflower,2.317142857142857,2.2293,2.327023392641392,2.1762835653698627,all_crops,09_01
344,2020,barley_spring,1.379,1.6797,2.2965616696092965,2.248589447960989,all_crops,09_01
344,2021,sunflower,1.5743283582089551,1.7844000000000002,2.446221565086039,2.3795056187603163,all_crops,09_01
344,2023,pea,1.448955223880597,2.1661,3.0971605445543204,3.300584249316426,all_crops,09_01
344,2025,sunflower,3.773283582089552,2.936,2.6982176277886403,2.811609703920006,all_crops,09_01
345,2019,sunflower,2.247,2.5507,2.606434230342302,2.611232982630603,all_crops,09_01
345,2021,sunflower,2.9759999999999995,2.3692,2.3850664041709826,2.413308881172427,all_crops,09_01
345,2022,wheat_spring,4.998666666666667,4.1369,3.248811985711866,3.767884052894014,all_crops,09_01
345,2023,sunflower,1.6133333333333333,2.2346,2.90652341005811,3.3339740540106275,all_crops,09_01
345,2024,wheat_spring,3.306666666666667,4.6701,3.4122642937613796,3.3796444073946983,all_crops,09_01
346,2021,sunflower,1.9183783783783783,2.3774,2.4506436653726573,2.369553704410498,all_crops,09_01
346,2022,wheat_spring,4.4437837837837835,3.6445,3.510441947669018,3.8764410620523817,all_crops,09_01
346,2023,pea,3.323783783783784,2.1405000000000003,3.242535593568679,3.3569842176648774,all_crops,09_01
346,2024,wheat_winter,7.144324324324324,6.1243,4.304403280240249,4.138072887058232,all_crops,09_01
347,2019,wheat_winter,3.2119999999999997,4.0492,2.6916153546068817,2.826912086740034,all_crops,09_01
347,2022,wheat_spring,3.2732,,2.3306509518491305,2.150271814408461,all_crops,09_01
347,2023,wheat_winter,1.536,2.5687,2.1817664434422492,2.1146315307701538,all_crops,09_01
347,2024,sunflower,3.1308,2.0967,2.7962729276431384,3.021410861851321,all_crops,09_01
347,2025,wheat_spring,4.647200000000001,4.5684,3.4381595281967035,3.5532237419483046,all_crops,09_01
349,2019,sunflower,1.828,2.3249,2.4119330881616676,2.517178187809753,all_crops,09_01
349,2021,sunflower,3.348414634146341,2.7372,2.330398077928845,2.3324256284959644,all_crops,09_01
349,2022,wheat_spring,3.5331707317073175,3.8652,3.0558830292348733,3.282775075629458,all_crops,09_01
349,2023,barley_spring,3.0681707317073172,2.3594999999999997,2.6159708821409247,2.844231656656538,all_crops,09_01
349,2024,sunflower,3.0159756097560977,3.0532,2.8126419344900717,2.8701576442904404,all_crops,09_01
350,2019,oil_seed_raps_spring,1.486,1.6679,2.642595823595051,2.5934192866679955,all_crops,09_01
350,2020,barley_spring,2.778,2.6404,2.421386946815578,2.3378394831476976,all_crops,09_01
350,2021,sunflower,2.6869291338582677,1.9103,2.328676045824906,2.2515487077892837,all_crops,09_01
350,2022,wheat_spring,3.551338582677165,3.4549,3.125615140887496,3.436365265552269,all_crops,09_01
350,2023,sunflower,2.5440944881889767,2.1162,4.41987498050162,4.754475725323427,all_crops,09_01
350,2024,wheat_spring,4.731968503937008,4.5737000000000005,3.9262271350850693,3.901860780056149,all_crops,09_01
350,2025,pea,3.9763779527559056,3.5686,3.097274161964672,3.025154692089325,all_crops,09_01
351,2021,wheat_spring,4.5,4.1838999999999995,2.6587062999496003,2.830688285194057,all_crops,09_01
352,2019,sunflower,2.31,2.4184,2.551212421244338,2.6847624081390804,all_crops,09_01
352,2020,wheat_spring,1.419,1.3523,2.3674188607548223,2.23549532726512,all_crops,09_01
352,2021,sunflower,1.377196261682243,2.7095,2.168350011901243,2.1717528867861007,all_crops,09_01
352,2022,wheat_spring,4.080747663551402,4.0247,3.0473587376071753,3.2304325067613138,all_crops,09_01
352,2023,pea,2.1001869158878503,1.7868,2.863327017058005,3.0918747376311835,all_crops,09_01
352,2024,wheat_winter,6.125981308411215,4.2538,3.9333991433884576,3.810380992086159,all_crops,09_01
352,2025,sunflower,3.5908411214953273,2.9313,2.7323184899072777,2.8260078348154654,all_crops,09_01
353,2019,sunflower,1.452,1.5523,2.3701294131061577,2.4051401238456975,all_crops,09_01
353,2021,sunflower,2.0749999999999997,2.4518999999999997,2.2076147837904916,2.149897425031628,all_crops,09_01
353,2022,wheat_spring,3.905208333333333,3.8799,2.8539501321891922,3.0299746327613337,all_crops,09_01
354,2019,sunflower,2.213,2.4114,2.4619860313778013,2.4955792597003503,all_crops,09_01
354,2021,sunflower,2.214430379746835,2.6079999999999997,2.2492674904990846,2.224736121842981,all_crops,09_01
354,2022,wheat_spring,3.8073417721518985,3.7735999999999996,2.807632811729091,3.0511269906574667,all_crops,09_01
354,2023,barley_spring,2.659493670886076,1.6675,2.478952285822069,2.460290783414358,all_crops,09_01
355,2019,sunflower,2.1870000000000003,2.3406,2.4290330083037284,2.4827161194990497,all_crops,09_01
355,2021,sunflower,3.3528571428571428,2.1428000000000003,2.113059648161496,2.1245941310692884,all_crops,09_01
355,2022,wheat_spring,4.668571428571428,3.2236,2.893912477236552,3.1061030092477884,all_crops,09_01
355,2023,barley_spring,3.162142857142858,2.5002,2.82960393073346,3.100175470694443,all_crops,09_01
356,2020,barley_spring,2.084,2.4471,2.355530335541266,2.2198644298706576,all_crops,09_01
356,2021,sunflower,2.6103448275862067,1.8867999999999998,2.4690855041009963,2.388215950219839,all_crops,09_01
356,2022,wheat_spring,3.2897701149425287,4.0841,3.289577193496576,3.5906194711899873,all_crops,09_01
356,2023,sunflower,2.1677011494252874,1.7576,2.774194641821727,3.1151832818750123,all_crops,09_01
356,2024,wheat_spring,3.905747126436782,4.631,3.6953885308777874,3.7014826005042485,all_crops,09_01
356,2025,sunflower,3.081954022988506,3.0044,2.7971320162590394,2.95193530743634,all_crops,09_01
357,2019,sunflower,2.285,2.3369,2.605786598446816,2.62157059318806,all_crops,09_01
357,2021,sunflower,3.1505555555555556,2.8510999999999997,2.3314143566284535,2.3819143461376684,all_crops,09_01
358,2019,sunflower,2.301,2.375,2.4442313046183046,2.54317733078834,all_crops,09_01
358,2021,sunflower,3.2076144578313257,3.2702,2.269712730796195,2.3002052637835853,all_crops,09_01
358,2022,wheat_spring,3.628433734939759,3.1944,2.6245039139859356,2.80322009774888,all_crops,09_01
358,2023,barley_spring,2.936867469879518,1.9399000000000002,2.432182277279661,2.448741827864968,all_crops,09_01
358,2024,sunflower,3.3918072289156624,3.2156999999999996,2.895442824702367,2.8992658512630785,all_crops,09_01
358,2025,wheat_spring,4.909156626506024,4.6009,3.910713044710857,3.953372034836259,all_crops,09_01
359,2019,sunflower,2.997,2.3675,2.48419705377759,2.575582134442691,all_crops,09_01
359,2020,wheat_spring,1.552,1.6206,2.3856215284194615,2.291886910090683,all_crops,09_01
359,2021,sunflower,2.9375,2.8518,2.308069747464253,2.326152760923472,all_crops,09_01
359,2022,wheat_spring,3.3601315789473687,4.0342,2.904108284068074,3.1288047186864314,all_crops,09_01
359,2023,barley_spring,3.0155263157894736,2.0893,2.6213538417638644,2.897375471389626,all_crops,09_01
359,2024,wheat_winter,4.423552631578947,4.5512999999999995,3.859911056649059,3.860536445064146,all_crops,09_01
359,2025,sunflower,3.789473684210526,2.4072,2.7186215322880134,2.823378326551658,all_crops,09_01
360,2019,sunflower,2.414,2.2809999999999997,2.40738177082514,2.475314350134873,all_crops,09_01
360,2021,sunflower,2.314375,2.7519,2.1509871834891823,2.193725015151921,all_crops,09_01
360,2022,wheat_spring,2.936875,4.1257,3.0361085514635406,3.136804127965851,all_crops,09_01
360,2023,sunflower,2.17,2.0915,2.7733336724853186,3.110113715550582,all_crops,09_01
361,2019,oil_seed_raps_winter,1.6469999999999998,1.5264,2.1185381402486465,2.0459307172322174,all_crops,09_01
361,2020,barley_spring,2.3600000000000003,2.5163,2.385762616416738,2.238773367748564,all_crops,09_01
361,2021,sunflower,3.424285714285714,2.7403,2.545621909476677,2.5656295336535733,all_crops,09_01
361,2022,wheat_spring,4.149523809523809,3.6524,3.1068449650785754,3.3871143487409,all_crops,09_01
361,2023,sunflower,2.1923809523809523,2.2691,4.408548178387844,4.694426904201411,all_crops,09_01
361,2024,wheat_spring,4.476666666666667,5.0878,3.852509460298025,3.8086061765229386,all_crops,09_01
362,2019,oil_seed_raps_winter,1.103,1.6829999999999998,2.1059951803344674,2.0979311411735404,all_crops,09_01
362,2020,barley_spring,2.335,2.4649,2.396799079219599,2.2500787870608168,all_crops,09_01
363,2019,oil_seed_raps_winter,1.342,1.6791,2.0976507895592973,2.085133712093574,all_crops,09_01
363,2020,barley_spring,2.088,2.8329999999999997,2.402315841927997,2.2327503521625536,all_crops,09_01
363,2021,sunflower,2.518181818181818,2.2588999999999997,2.3815514284035166,2.301403758122655,all_crops,09_01
363,2022,wheat_spring,4.46025974025974,4.1507,3.3638891458351776,3.5490478843176647,all_crops,09_01
363,2023,sunflower,2.303896103896104,2.6724,4.175319955377528,4.438056831268073,all_crops,09_01
363,2024,wheat_spring,3.9771428571428578,4.5593,3.5791216513949835,3.631856223161755,all_crops,09_01
363,2025,sunflower,3.0779220779220777,3.0665,2.841038871347711,2.988234247621094,all_crops,09_01
364,2019,sunflower,2.1670000000000003,2.2887,2.4659035403711944,2.58497012091343,all_crops,09_01
364,2020,wheat_spring,1.216,1.693,2.329900709651735,2.2397102098692576,all_crops,09_01
364,2021,sunflower,2.8564166666666666,2.7227,2.244096859867615,2.210646322529723,all_crops,09_01
364,2022,wheat_spring,4.104166666666667,3.7886,2.8336642841191586,3.061288206673663,all_crops,09_01
364,2023,barley_spring,3.08,2.1925999999999997,2.451467911903273,2.418736324242346,all_crops,09_01
364,2024,sunflower,3.2274999999999996,2.6895,2.942703799236584,2.9351933510005606,all_crops,09_01
364,2025,wheat_spring,5.088333333333334,4.175800000000001,3.6505337297736897,3.7099014408289928,all_crops,09_01
365,2019,sunflower,2.897,2.1424,2.5504580466459403,2.618728199888292,all_crops,09_01
365,2020,wheat_spring,1.299,1.6326,2.3544742269975956,2.239709843744619,all_crops,09_01
365,2021,sunflower,3.129,2.8714,2.382175390611746,2.3684777454581503,all_crops,09_01
365,2022,wheat_spring,3.8606666666666665,4.1311,3.052820725497041,3.1301349606213216,all_crops,09_01
365,2023,soya,1.1823333333333332,1.4271,4.061821987323041,4.414251193134267,all_crops,09_01
365,2024,sunflower,3.216666666666667,2.8255,2.7047632627856006,2.768356484025338,all_crops,09_01
365,2025,wheat_spring,4.023333333333333,3.8039,3.3619155613994063,3.4644400564797353,all_crops,09_01
366,2021,wheat_winter,3.398571428571429,4.7219,2.7173037207082147,2.840416110104117,all_crops,09_01
367,2019,sunflower,1.239,2.3506,2.454235554941445,2.5036434087996313,all_crops,09_01
367,2022,wheat_spring,3.3458823529411768,,2.170175409660728,1.9962278476264048,all_crops,09_01
367,2023,sunflower,2.53,2.2045000000000003,2.3835169002857133,2.3000866906369613,all_crops,09_01
367,2024,wheat_spring,3.835882352941176,4.4518,3.7182336033982346,3.7689411106369066,all_crops,09_01
367,2025,barley_spring,5.483529411764706,4.3002,3.6638341071501834,3.8088462461301047,all_crops,09_01
368,2019,sunflower,2.564,1.9621,2.5106878428280814,2.608940871736773,all_crops,09_01
368,2021,wheat_winter,3.547958115183246,3.1792000000000002,2.880658417523176,3.130425049848942,all_crops,09_01
368,2022,sunflower,2.8125654450261783,2.9663,2.4900825351052385,2.567052898227334,all_crops,09_01
368,2023,wheat_spring,2.45130890052356,1.9205999999999999,2.550386080396726,2.5749446928673,all_crops,09_01
368,2024,barley_spring,3.892774869109948,4.7970999999999995,3.202931134653335,3.193555725864962,all_crops,09_01
368,2025,sunflower,2.889947643979058,2.4569,2.9167546951864978,3.0652099025007282,all_crops,09_01
369,2019,sunflower,1.48,2.0167,2.455274205995165,2.5511730735271647,all_crops,09_01
369,2022,sunflower,2.6254794520547944,2.7157,2.541191022517319,2.6724516360351935,all_crops,09_01
369,2023,wheat_spring,2.186232876712329,1.8093,2.1871562983076536,2.1062201495579607,all_crops,09_01
369,2024,pea,3.729486301369863,3.7198,3.0945335339908144,3.0485984911334723,all_crops,09_01
369,2025,sunflower,3.041780821917808,2.5343,2.7722836632745422,2.8361420916862046,all_crops,09_01
370,2019,sunflower,1.48,1.7079,2.355054632715907,2.394559136852043,all_crops,09_01
370,2021,wheat_winter,2.0215384615384617,4.9567,2.6065753082481855,2.8283737129442614,all_crops,09_01
370,2022,sunflower,3.955384615384616,3.3013,2.4637943818105468,2.6628120877682626,all_crops,09_01
370,2023,wheat_spring,1.709230769230769,2.3293,2.476747475342563,2.479203879872472,all_crops,09_01
370,2024,pea,4.274615384615385,3.1672000000000002,3.0954041112485,2.9843608052881896,all_crops,09_01
370,2025,wheat_winter,3.573846153846154,3.7359,3.190957706772124,3.2142468317439983,all_crops,09_01
371,2019,sunflower,1.923,2.1117999999999997,2.4230795874874302,2.4684966801132453,all_crops,09_01
371,2021,wheat_winter,2.0984615384615384,4.3769,2.697741521622591,2.6620292970086274,all_crops,09_01
371,2022,wheat_spring,3.946153846153846,,2.658801717818905,2.7046880424672577,all_crops,09_01
371,2023,sunflower,3.2169230769230768,2.3341000000000003,2.5384326774456554,2.5811547232110645,all_crops,09_01
371,2024,wheat_spring,5.176923076923076,4.473,3.5612032038295047,3.600549088149979,all_crops,09_01
371,2025,barley_spring,5.615384615384615,3.467,3.839214649539663,3.812354552583677,all_crops,09_01
372,2019,sunflower,1.476,2.2268999999999997,2.48432090524709,2.6001253771901793,all_crops,09_01
372,2021,wheat_winter,1.8289320388349517,3.3835,2.449847395115357,2.3683916212265035,all_crops,09_01
372,2022,wheat_spring,3.881941747572815,2.6927,2.9071254311002037,3.169515893765022,all_crops,09_01
372,2023,barley_spring,1.623883495145631,1.3719,2.5023900007805207,2.552715015515388,all_crops,09_01
372,2024,sunflower,2.2763106796116506,2.4984,2.6362479508901773,2.72649591832611,all_crops,09_01
372,2025,barley_spring,4.055922330097087,3.1885000000000003,3.334170470855848,3.4120217620503714,all_crops,09_01
373,2021,wheat_winter,3.1011555555555557,3.1026,2.8929093206215515,3.144255693612127,all_crops,09_01
373,2022,wheat_spring,2.4004444444444446,,2.2970500218335963,2.225235641968459,all_crops,09_01
373,2023,sunflower,2.358311111111111,1.9861,2.5484994348621406,2.624839853852438,all_crops,09_01
373,2024,wheat_spring,4.0137777777777774,4.3382,3.551083210007522,3.556855069463669,all_crops,09_01
373,2025,sunflower,3.1368888888888886,2.6513999999999998,2.8263615501084765,2.8939410253361046,all_crops,09_01
374,2019,sunflower,1.236,2.4832,2.523371485948264,2.5477014926834665,all_crops,09_01
374,2021,wheat_winter,5.244313725490196,4.3751,2.917389904206241,3.00261008374011,all_crops,09_01
374,2022,wheat_spring,3.959607843137255,,2.843433407557949,3.1661856611570807,all_crops,09_01
374,2023,sunflower,2.3623529411764705,2.4843,2.427283893293594,2.2861163514058256,all_crops,09_01
374,2024,wheat_spring,4.47921568627451,5.122999999999999,3.568111353795732,3.6530494478389466,all_crops,09_01
374,2025,barley_spring,5.3494117647058825,4.605700000000001,3.6868408883757606,3.8165054770692,all_crops,09_01
375,2019,sunflower,1.154,2.5914,2.2177366168575556,2.3015634199320805,all_crops,09_01
375,2021,wheat_winter,2.206153846153846,4.9595,2.6310313999286024,2.776332704538307,all_crops,09_01
375,2022,wheat_spring,4.341538461538462,,3.0504344777852874,3.3572600909228907,all_crops,09_01
375,2023,sunflower,4.08,2.326,2.4625210392871417,2.1940203231448083,all_crops,09_01
375,2024,wheat_spring,4.658461538461538,3.4031999999999996,3.362115748555336,3.482723710582191,all_crops,09_01
375,2025,barley_spring,5.226153846153846,3.9585999999999997,3.7250827305408,3.7211070313779886,all_crops,09_01
376,2019,sunflower,2.48,2.1312,2.5394429470370534,2.5932707314858945,all_crops,09_01
376,2021,wheat_winter,3.2995604395604397,4.0938,2.8181266224771395,3.0301458837900634,all_crops,09_01
377,2021,wheat_winter,3.4017021276595742,4.232,2.767308484109799,2.9671398079386604,all_crops,09_01
377,2022,wheat_spring,2.699148936170213,,1.8922881863015855,1.7801078291198817,all_crops,09_01
377,2023,sunflower,2.317021276595745,2.1844,2.355393066447319,2.265870076493298,all_crops,09_01
377,2024,wheat_spring,3.7161702127659577,4.68,3.521511269806244,3.54625886386908,all_crops,09_01
377,2025,sunflower,3.0659574468085107,2.822,2.72106676141922,2.8551983797241145,all_crops,09_01
378,2021,wheat_spring,3.5507692307692307,3.5552,2.78558172034824,2.9660307472682317,all_crops,09_01
378,2022,wheat_spring,4.207179487179488,2.8914,3.268690696014572,3.4502484809933684,all_crops,09_01
378,2023,barley_spring,1.921025641025641,2.7338999999999998,2.7230974645693053,2.762463754697454,all_crops,09_01
378,2024,sunflower,2.6641025641025644,2.5219,2.4070774581627887,2.4121455124039177,all_crops,09_01
378,2025,barley_spring,5.536410256410256,4.5398000000000005,3.632924997271471,3.753825746717739,all_crops,09_01
379,2021,wheat_winter,2.229108910891089,2.909,2.797685416459878,3.0505773390694118,all_crops,09_01
379,2022,wheat_spring,2.1502970297029704,,1.9614429982704962,2.014581995680446,all_crops,09_01
379,2023,sunflower,2.7899009900990097,2.428,2.388464313074211,2.466138423773039,all_crops,09_01
379,2024,wheat_spring,4.011386138613861,4.3448,3.709635306098754,3.7313924906431795,all_crops,09_01
379,2025,barley_spring,4.5594059405940595,3.7484,3.698082000187894,3.8328615099031946,all_crops,09_01
380,2019,sunflower,1.0,1.8562999999999998,2.4938025730436317,2.568445990341863,all_crops,09_01
380,2021,wheat_winter,1.9683333333333335,4.6364,3.068226166707693,3.112630498642919,all_crops,09_01
381,2020,sunflower,1.323,1.3164,2.269264131061524,2.1961194584618404,all_crops,09_01
381,2021,wheat_spring,2.6253333333333333,4.1785,2.4938944035087767,2.697897401012828,all_crops,09_01
381,2022,barley_spring,3.201333333333334,3.1711,3.07786627851052,3.2112348070080268,all_crops,09_01
381,2023,wheat_winter,2.849,2.6869,2.1862530475007116,2.145786634671471,all_crops,09_01
381,2024,oil_seed_raps_spring,1.967,2.0007,2.8911907120122926,2.9742397658996524,all_crops,09_01
381,2025,wheat_spring,4.475666666666667,4.1241,3.6165023721887577,3.815367836137173,all_crops,09_01
382,2017,sunflower,1.379,2.6529,,,all_crops,09_01
382,2019,wheat_winter,3.993,4.477,2.8251505317341774,2.861323404988814,all_crops,09_01
382,2021,wheat_spring,3.0840310077519377,3.9737999999999998,2.867420960181679,2.934631810103904,all_crops,09_01
382,2022,barley_spring,3.852558139534884,3.3929,3.2886709345337835,3.451984681110029,all_crops,09_01
382,2023,wheat_winter,1.8088372093023255,2.1383,2.44963613147741,2.5189097672767256,all_crops,09_01
382,2024,sunflower,3.635968992248062,2.5829999999999997,2.5337059010379916,2.548434552942966,all_crops,09_01
382,2025,wheat_spring,5.214573643410852,4.0434,4.034579790847272,4.035624756215335,all_crops,09_01
383,2017,wheat_spring,1.682,3.7831,,,all_crops,09_01
383,2019,wheat_winter,3.011,3.6397,2.773660666444893,2.707260814784951,all_crops,09_01
383,2021,wheat_spring,3.3516666666666666,4.1424,3.02488516503049,3.1461152980302023,all_crops,09_01
384,2017,barley_spring,1.6670000000000005,2.8586,,,all_crops,09_01
384,2018,wheat_winter,3.696,3.059,,,all_crops,09_01
384,2019,wheat_winter,3.5759999999999996,3.1509,2.647152082626397,2.6849790526731576,all_crops,09_01
384,2020,sunflower,1.206,1.2902,2.233518795435994,2.1574581448566765,all_crops,09_01
384,2021,wheat_spring,2.329171974522293,3.6103,2.7354255757853,2.832495748007327,all_crops,09_01
384,2022,sunflower,3.752611464968153,2.4765,2.8537221022183332,3.2152617797653726,all_crops,09_01
384,2023,wheat_winter,1.365859872611465,2.7348,2.3596731445908414,2.2936215605214376,all_crops,09_01
384,2024,sunflower,3.3430573248407645,2.7242,2.759909096714969,2.8324933580722846,all_crops,09_01
386,2017,wheat_spring,1.161,1.7672999999999999,,,all_crops,09_01
386,2018,sunflower,2.634,2.0606999999999998,,,all_crops,09_01
386,2019,wheat_spring,3.332,2.7654,2.440947979001432,2.597544308680953,all_crops,09_01
386,2020,sunflower,1.527,1.4471,2.2269852551242084,2.252104304559402,all_crops,09_01
386,2021,wheat_spring,3.405688073394496,3.0651,2.4076423442953643,2.489410938833931,all_crops,09_01
386,2022,sunflower,2.417614678899082,2.395,2.593941822853761,2.834101476168793,all_crops,09_01
386,2023,wheat_spring,2.941467889908257,2.4477,2.4457954683471517,2.428897293074767,all_crops,09_01
386,2024,wheat_winter,5.172844036697248,4.9902999999999995,3.831243370608939,3.831895659507845,all_crops,09_01
386,2025,sunflower,2.9811009174311924,2.5059,2.7894637361858767,2.9664808734994508,all_crops,09_01
387,2017,wheat_spring,1.535,1.7097000000000002,,,all_crops,09_01
387,2019,wheat_winter,2.915,3.7561999999999998,2.709669088439548,2.71197255391665,all_crops,09_01
387,2021,wheat_spring,2.3716999999999997,3.4595,2.4784833390924845,2.587116910636446,all_crops,09_01
387,2022,rye_winter,2.157,1.6797999999999997,3.4224915711418937,3.8391891575679704,all_crops,09_01
387,2023,sunflower,3.2177999999999995,2.3082000000000003,2.5572766398138924,2.694830899633662,all_crops,09_01
387,2024,wheat_spring,4.1988,4.3033,3.538967934991268,3.526343220385013,all_crops,09_01
387,2025,barley_spring,4.1764,3.9802,3.5332220182123053,3.5557813866895778,all_crops,09_01
388,2017,wheat_spring,1.0710000000000002,2.4998,,,all_crops,09_01
388,2019,wheat_winter,1.92,3.9587000000000003,2.7495653455339677,2.6696775192986246,all_crops,09_01
388,2022,wheat_spring,3.236,,2.1505024341301233,2.043674044127138,all_crops,09_01
388,2023,wheat_winter,2.2079999999999997,2.1992000000000003,2.222289887727364,2.1782966449894747,all_crops,09_01
388,2024,sunflower,2.803,2.6525,2.700259993155406,2.764915944516466,all_crops,09_01
388,2025,wheat_spring,5.218999999999999,4.6974,3.622305290702631,3.7402967739179154,all_crops,09_01
389,2017,wheat_spring,1.0710000000000002,4.225,,,all_crops,09_01
389,2019,wheat_winter,1.92,2.6239,2.5077894716279454,2.4657249204285283,all_crops,09_01
389,2022,sunflower,3.275,3.1274,2.4414533916735324,2.574350722308391,all_crops,09_01
389,2023,wheat_spring,3.085,2.2907,2.7326618185484746,2.840837988363521,all_crops,09_01
389,2024,wheat_spring,4.4775,3.7511,3.0096017643167663,3.0125175241016566,all_crops,09_01
390,2017,wheat_spring,1.222,1.9114999999999998,,,all_crops,09_01
390,2019,wheat_winter,3.268,2.9934000000000003,2.8291425428080235,2.776206052909167,all_crops,09_01
390,2020,sunflower,1.535,2.1536,2.2781608934097433,2.2381700336159134,all_crops,09_01
390,2021,wheat_spring,3.203928571428571,4.5973,2.643523083796088,2.8850144344004933,all_crops,09_01
390,2022,wheat_spring,2.420714285714286,,2.4841722013796694,2.5249676637433445,all_crops,09_01
390,2023,wheat_winter,2.6717857142857144,3.7493000000000003,2.3217679529687434,2.2518962037437524,all_crops,09_01
390,2024,sunflower,4.0285714285714285,2.8501000000000003,2.698840843691161,2.770354655824568,all_crops,09_01
390,2025,wheat_spring,4.868214285714286,4.0016,3.8252644856398508,3.869562104731971,all_crops,09_01
391,2017,sunflower,1.6649999999999998,2.3348,,,all_crops,09_01
391,2018,oil_seed_raps_winter,1.052,1.9075,,,all_crops,09_01
391,2019,wheat_winter,4.879,4.1195,2.7897615658255437,2.709273708301474,all_crops,09_01
391,2020,sunflower,1.25,1.6473,2.205941077123713,2.1758210241419844,all_crops,09_01
391,2021,wheat_spring,2.105,4.1066,2.9681792093061174,3.0083657109023467,all_crops,09_01
391,2022,sunflower,2.940625,2.9674,2.455445514158372,2.4843916728916886,all_crops,09_01
391,2023,wheat_spring,1.956875,2.1215,2.6459355764235752,2.770035609078922,all_crops,09_01
391,2024,wheat_spring,4.624375,4.8194,3.5322437966853655,3.4917067401946458,all_crops,09_01
391,2025,sunflower,4.1,3.0535,2.7911442296292273,2.885749138783274,all_crops,09_01
392,2017,sunflower,1.012,2.2635,,,all_crops,09_01
392,2018,oil_seed_raps_winter,1.644,2.1152,,,all_crops,09_01
392,2019,wheat_winter,4.803,4.1445,2.8075475191283,2.77783894745447,all_crops,09_01
392,2020,sunflower,1.221,1.6846,2.2175806012769947,2.1871102356480723,all_crops,09_01
392,2021,wheat_spring,4.514594594594595,4.2702,3.0460216498129125,2.961873026028235,all_crops,09_01
392,2022,sunflower,2.7394594594594595,2.6925,2.4844813570162314,2.538504494072896,all_crops,09_01
392,2023,wheat_spring,1.2345945945945946,2.5601,4.232325407298889,4.328424383571584,all_crops,09_01
392,2024,wheat_spring,4.623783783783784,4.044,3.5707996271339892,3.5013517582246925,all_crops,09_01
392,2025,sunflower,3.5,3.2365000000000004,2.8518236112200728,2.955645096459245,all_crops,09_01
393,2018,sunflower,1.746,1.6961,,,all_crops,09_01
393,2019,wheat_spring,4.196,2.9539999999999997,2.5235986562522656,2.620394632287099,all_crops,09_01
393,2020,sunflower,1.449,1.5657,2.25043876694557,2.260324713017493,all_crops,09_01
393,2021,wheat_spring,2.3286713286713288,4.0816,2.997846786549847,3.03582776538606,all_crops,09_01
393,2022,sunflower,2.6043356643356645,3.1437,2.5470241599956545,2.707573035327486,all_crops,09_01
393,2023,wheat_spring,2.7683916083916085,2.9226,2.445782128473744,2.3611135576426334,all_crops,09_01
393,2024,sunflower,3.0976223776223777,2.4134,2.773980419224246,2.828038720070429,all_crops,09_01
393,2025,wheat_spring,4.924335664335664,4.4392000000000005,3.9188442438476456,3.890337899598756,all_crops,09_01
394,2018,sunflower,1.934,2.1876,,,all_crops,09_01
394,2021,wheat_spring,3.00875,3.3896,2.7649777248966414,2.9077995986701395,all_crops,09_01
395,2019,wheat_winter,4.664,4.5952,2.751036853310061,2.750618241691282,all_crops,09_01
395,2020,sunflower,1.538,1.2384,2.2454517034283343,2.1997122924354082,all_crops,09_01
395,2021,wheat_spring,2.7353125,3.4533,2.4916144915598943,2.5437402154758604,all_crops,09_01
395,2022,sunflower,2.9053125,2.0148,2.6942186888279247,2.9254731511372194,all_crops,09_01
395,2023,sunflower,2.4253125,1.8288,3.3764040968146336,3.7792223325245953,all_crops,09_01
395,2024,wheat_spring,3.98,3.7281999999999997,3.5776020855507173,3.6445674765193568,all_crops,09_01
395,2025,wheat_spring,4.1759375,3.2209000000000003,3.533120268106449,3.549205794643489,all_crops,09_01
396,2017,sunflower,1.161,2.0008,,,all_crops,09_01
396,2019,wheat_winter,4.05,4.1022,2.624497936964102,2.6401593384231736,all_crops,09_01
396,2021,wheat_spring,4.036969696969697,4.354,2.971698694480506,3.0010857970544116,all_crops,09_01
396,2022,sunflower,1.276969696969697,2.5568,2.609112448845708,2.806229832161697,all_crops,09_01
396,2023,wheat_spring,1.9224242424242424,2.7934,2.8283904017045494,2.977539495503941,all_crops,09_01
396,2024,wheat_spring,4.926060606060606,4.350099999999999,3.35924551627346,3.379748382584236,all_crops,09_01
396,2025,sunflower,3.272727272727273,3.2732,2.8796965763283056,2.9568078443812906,all_crops,09_01
397,2017,wheat_spring,2.253,2.3282,,,all_crops,09_01
397,2019,wheat_winter,4.378,3.1291,2.7891937313724453,2.813941244095984,all_crops,09_01
397,2021,wheat_spring,1.8685470085470088,3.3674999999999997,2.2589754299024425,2.318749530052914,all_crops,09_01
397,2022,sunflower,2.837948717948718,2.3611,2.392409214676779,2.349905059517039,all_crops,09_01
397,2023,wheat_spring,2.456410256410256,1.4536,2.261453184644056,2.072228467478679,all_crops,09_01
397,2024,barley_spring,4.894700854700854,4.7538,3.5263742275374246,3.6529412014485176,all_crops,09_01
397,2025,wheat_winter,2.2528205128205125,2.8449,3.446369804653979,3.3872345715232015,all_crops,09_01
398,2020,sunflower,1.1,1.6852,2.228794803156308,2.148049695168172,all_crops,09_01
400,2020,barley_spring,2.22,1.7609000000000001,2.2949635488002373,2.1863583739762187,all_crops,09_01
400,2021,wheat_spring,3.56,3.4219,2.65000584076738,2.7237723948145987,all_crops,09_01
401,2020,sunflower,1.333,1.8699000000000001,2.2166048369295868,2.120009128124541,all_crops,09_01
401,2021,wheat_spring,4.2733333333333325,3.7396000000000003,2.608772598346933,2.8292281289887917,all_crops,09_01
402,2017,wheat_spring,2.0940000000000003,2.7819,,,all_crops,09_01
402,2019,wheat_winter,2.301,3.4671999999999996,2.71907500315294,2.6759942778389307,all_crops,09_01
402,2020,sunflower,1.804,1.5683,2.237933770380378,2.1614972414717233,all_crops,09_01
402,2022,wheat_spring,2.7777777777777777,,2.1433519443951052,2.085280071107398,all_crops,09_01
402,2023,wheat_winter,1.665,2.1574,2.2873503439807177,2.269178584959857,all_crops,09_01
402,2024,sunflower,3.758888888888889,3.1033,2.674968618815297,2.7406526313664137,all_crops,09_01
402,2025,wheat_spring,5.3805555555555555,4.3153,3.7906519692166163,3.8387229100978395,all_crops,09_01
403,2018,oil_seed_raps_winter,2.232,1.5348000000000002,,,all_crops,09_01
403,2019,wheat_winter,4.098,3.9395000000000002,2.854259053467137,2.7989362784236107,all_crops,09_01
403,2020,sunflower,1.7920000000000005,1.8350000000000002,2.2547791933853945,2.1902248659280605,all_crops,09_01
403,2021,wheat_spring,3.42235294117647,3.5337000000000005,2.586647595136342,2.697896447794671,all_crops,09_01
403,2022,pea,4.005176470588236,2.8777,3.042021636946799,3.4187240573827475,all_crops,09_01
403,2023,wheat_winter,2.0727058823529414,2.3064,2.332574531643212,2.2393930372582322,all_crops,09_01
403,2024,sunflower,3.8331764705882354,3.3228,2.7153172077613696,2.796887109640277,all_crops,09_01
403,2025,wheat_spring,5.734117647058823,3.6671,3.576594205916251,3.615706324402519,all_crops,09_01
405,2017,maize,5.432,5.409000000000001,,,all_crops,09_01
405,2018,sunflower,2.286,2.3274,,,all_crops,09_01
405,2019,wheat_spring,3.676,2.6997,2.470083672940941,2.667875815032138,all_crops,09_01
405,2020,sunflower,2.255,2.0666,2.278986386518739,2.3041797928461243,all_crops,09_01
405,2021,wheat_spring,3.4904093567251464,3.7207999999999997,2.675520161248608,2.8774505966694535,all_crops,09_01
405,2022,wheat_spring,2.3405847953216377,,2.5153607776014324,2.5936857113083343,all_crops,09_01
405,2023,wheat_winter,2.1315789473684212,3.2662999999999998,2.3518064089866364,2.365242831988743,all_crops,09_01
405,2024,soya,2.2403508771929825,2.2808,2.674156275215278,2.7924324374242118,all_crops,09_01
405,2025,soya,1.9138596491228068,1.8561,2.393143878844596,2.421904239771129,all_crops,09_01
406,2017,wheat_spring,1.644,1.4935,,,all_crops,09_01
406,2018,sunflower,1.255,1.9745000000000001,,,all_crops,09_01
406,2019,wheat_spring,3.038,2.716,2.4263752725439955,2.5512096886502933,all_crops,09_01
406,2021,wheat_spring,2.812173913043478,3.5637999999999996,2.730597392183183,2.948959010554519,all_crops,09_01
406,2022,rye_winter,1.8965217391304348,2.1578,3.2602701912361423,3.5908721941284476,all_crops,09_01
406,2023,sunflower,2.5669565217391304,1.9421,2.579380856355734,2.7103337091679336,all_crops,09_01
406,2024,wheat_spring,3.263478260869565,4.0607999999999995,3.462627363817365,3.422934765235637,all_crops,09_01
406,2025,barley_spring,3.891304347826087,3.9455,3.3856963421591635,3.477332118593101,all_crops,09_01
407,2017,wheat_spring,1.261,4.3528,,,all_crops,09_01
407,2019,wheat_spring,1.418,4.3449,2.052443819077415,2.0475528438698958,all_crops,09_01
407,2022,wheat_spring,2.7733333333333334,,2.348714283867718,2.22951943032996,all_crops,09_01
407,2023,wheat_winter,2.304444444444444,3.0169,2.3920462746636435,2.398607904227118,all_crops,09_01
407,2024,sunflower,2.7555555555555555,2.1259,2.5103367421491587,2.5617958458469103,all_crops,09_01
408,2019,wheat_winter,5.078,4.6113,2.7589758765364176,2.761858610371448,all_crops,09_01
408,2021,wheat_spring,3.4680701754385965,3.6078,2.7675010654143795,2.845351933502193,all_crops,09_01
408,2022,sunflower,2.6842105263157894,2.6515999999999997,2.480376558597541,2.6644327292886003,all_crops,09_01
408,2023,wheat_spring,1.656140350877193,3.0091,4.451766642801871,4.466064885864245,all_crops,09_01
408,2024,wheat_spring,4.508070175438596,3.9783999999999997,3.5402555905121824,3.567182670643743,all_crops,09_01
408,2025,sunflower,3.5336842105263155,3.2352,2.77348526841003,2.7922731667844647,all_crops,09_01
409,2017,barley_spring,1.159,3.1083,,,all_crops,09_01
409,2018,wheat_winter,3.239,4.3157,,,all_crops,09_01
409,2021,wheat_spring,2.427906976744186,3.7895000000000003,2.5249164075689605,2.6629400981868443,all_crops,09_01
409,2022,sunflower,2.6706976744186046,2.7668,2.5725109014263485,2.790781242348352,all_crops,09_01
409,2023,wheat_spring,2.5293023255813956,2.8469,4.03435923027294,4.31018421847997,all_crops,09_01
409,2024,wheat_spring,4.935348837209302,4.6515,3.404934352770458,3.431695226139217,all_crops,09_01
409,2025,sunflower,2.956279069767442,2.9107,2.7285800281474777,2.857389017560891,all_crops,09_01
410,2021,wheat_spring,3.5784,2.8942,2.416608484695873,2.468109856335143,all_crops,09_01
410,2022,sunflower,2.7344,2.6817,2.5426048748464893,2.697833157317001,all_crops,09_01
410,2023,wheat_spring,2.0831999999999997,2.0545999999999998,2.4078016933609803,2.1896184364228994,all_crops,09_01
410,2024,wheat_spring,5.5360000000000005,3.9944,3.4132044940144213,3.50770154050113,all_crops,09_01
410,2025,sunflower,3.5672,2.7281,2.6296361757720543,2.6077157102522808,all_crops,09_01
411,2019,wheat_spring,2.755,2.3283,2.4654410445719903,2.4888380781164083,all_crops,09_01
411,2020,sunflower,1.049,1.4241,2.2584559815397354,2.196936696768399,all_crops,09_01
411,2021,wheat_spring,3.3311428571428574,3.5732999999999997,2.518437953852447,2.6725954368424456,all_crops,09_01
411,2022,sunflower,2.2978571428571426,2.2986,2.474488886058038,2.6086013358529367,all_crops,09_01
411,2023,wheat_spring,2.7565714285714287,2.0146,2.3590705036913944,2.298218668981343,all_crops,09_01
411,2024,wheat_spring,2.626714285714286,4.3209,3.1832073457918373,3.223370793502629,all_crops,09_01
411,2025,sunflower,2.8207142857142857,2.8771999999999998,2.7966139875002263,2.9084366699171476,all_crops,09_01
412,2017,wheat_spring,1.7079999999999995,2.0362,,,all_crops,09_01
412,2019,wheat_winter,4.205,3.3342,2.749250280151648,2.7067229671518933,all_crops,09_01
412,2020,sunflower,2.364,1.8979,2.268498749276876,2.275823249902714,all_crops,09_01
412,2021,wheat_spring,3.440727272727273,4.1071,2.862266030771187,3.0716343261678434,all_crops,09_01
412,2022,wheat_spring,2.478909090909091,,2.724973493908671,2.935967903938744,all_crops,09_01
412,2023,wheat_winter,3.3007272727272725,3.0162,2.879901514286789,3.143247046171002,all_crops,09_01
412,2024,sunflower,4.356727272727273,3.164,2.8028358505596516,2.9127010009339487,all_crops,09_01
412,2025,wheat_spring,4.6632727272727275,4.029,3.5707314168429303,3.629430500311046,all_crops,09_01
414,2017,sunflower,1.836,2.3358,,,all_crops,09_01
414,2018,oil_seed_raps_winter,1.335,1.7727,,,all_crops,09_01
414,2019,wheat_winter,4.241,4.4601,2.927292473487604,2.8840111948836658,all_crops,09_01
414,2020,sunflower,1.526,1.7604,2.269587103699018,2.2453951512139323,all_crops,09_01
414,2021,wheat_spring,3.536689655172414,3.6281,2.6905270556241865,2.8884150995206683,all_crops,09_01
414,2022,sunflower,3.1470344827586207,2.9699,2.532487662261087,2.5827300591624622,all_crops,09_01
414,2023,wheat_spring,2.6637241379310344,2.3745000000000003,2.2720029285692083,2.1577718080527366,all_crops,09_01
414,2024,barley_spring,5.663586206896552,5.0198,3.64038831588961,3.6853895504871517,all_crops,09_01
414,2025,pea,4.15848275862069,3.3817,3.1658258183012253,3.1282351715644934,all_crops,09_01
415,2017,wheat_spring,1.011,1.8774000000000002,,,all_crops,09_01
415,2019,wheat_winter,3.106,3.3997,2.7675388980347186,2.800291473775252,all_crops,09_01
415,2021,wheat_spring,2.8478125,3.4781999999999997,2.368661408867303,2.442639428126227,all_crops,09_01
415,2022,wheat_spring,2.0121875,,2.325403652880215,2.263921312139742,all_crops,09_01
415,2023,sunflower,3.02875,2.2085,2.4607273545877018,2.4923791000303814,all_crops,09_01
415,2024,wheat_spring,4.59875,4.257,3.348029738483148,3.3865772010416735,all_crops,09_01
415,2025,barley_spring,4.1290625,2.9345,3.552154009717995,3.6091359321642797,all_crops,09_01
416,2017,wheat_spring,1.41,1.7832000000000001,,,all_crops,09_01
416,2018,sunflower,1.904,2.0486999999999997,,,all_crops,09_01
416,2020,sunflower,1.49,1.49,2.2777700157067122,2.2534702657105115,all_crops,09_01
416,2021,wheat_spring,2.81635687732342,3.9463999999999997,2.526665078927442,2.6307844293548333,all_crops,09_01
416,2022,sunflower,2.5617843866171004,2.3512,2.5599441737852535,2.8167584439964255,all_crops,09_01
416,2023,wheat_spring,2.685204460966543,2.9753,2.639374234071986,2.856266386737126,all_crops,09_01
416,2024,sunflower,3.1127881040892196,2.9832,2.658446458313747,2.7355489873991305,all_crops,09_01
416,2025,wheat_spring,5.082081784386617,3.9015,3.9880291808597668,4.12357883421659,all_crops,09_01
418,2019,wheat_winter,2.71,3.1729,2.714645904337669,2.7295402263433153,all_crops,09_01
418,2020,sunflower,1.934,1.7802,2.2262667234874867,2.1761839132045058,all_crops,09_01
418,2021,wheat_spring,2.963111111111111,3.7402,2.505792499539558,2.53384618940211,all_crops,09_01
418,2022,sunflower,2.713777777777778,2.9712,2.4941184430664487,2.6103516709631043,all_crops,09_01
418,2023,wheat_spring,3.197777777777778,2.054,2.7420304255973873,2.829893242281267,all_crops,09_01
418,2024,barley_spring,4.445777777777778,4.2732,3.4301957406796597,3.3581734614883483,all_crops,09_01
418,2025,pea,3.5744444444444445,3.3144,3.023780025629373,3.004488562514189,all_crops,09_01
419,2019,wheat_winter,4.318,4.2805,2.819364863004695,2.7781165897212894,all_crops,09_01
419,2021,wheat_spring,2.869818181818182,3.4575000000000005,2.4947759116381243,2.5458197448475572,all_crops,09_01
419,2022,barley_spring,4.033818181818182,3.6708,2.9612775553206783,3.2763921975478563,all_crops,09_01
419,2023,wheat_winter,2.256727272727273,2.1704,2.2921461995403485,2.315341016486474,all_crops,09_01
419,2024,sunflower,3.5854545454545454,2.4722999999999997,2.9663162356008614,3.0850806180362036,all_crops,09_01
419,2025,wheat_spring,4.669090909090909,3.3921,3.575397460019052,3.5451845262233697,all_crops,09_01
420,2017,wheat_spring,1.261,1.4726000000000001,,,all_crops,09_01
420,2019,wheat_winter,2.73,3.8481,2.653301502883951,2.6670853482103425,all_crops,09_01
420,2021,wheat_spring,2.3181818181818183,3.2939999999999996,2.4358348969380823,2.57287765911333,all_crops,09_01
421,2018,sunflower,2.585,2.4605,,,all_crops,09_01
421,2019,wheat_spring,3.379,3.3021000000000003,2.5449419432238582,2.706206191433447,all_crops,09_01
421,2021,wheat_winter,2.540078431372549,2.8287,2.7129294975720915,2.7854620779531807,all_crops,09_01
421,2023,wheat_spring,1.0665098039215686,2.324,2.703007178080856,3.0100041851153816,all_crops,09_01
421,2024,barley_spring,6.1488627450980395,4.959300000000001,3.6328375310363388,3.6608237269223785,all_crops,09_01
421,2025,sunflower,3.390980392156863,2.8030999999999997,2.7828577208125305,2.893720574277925,all_crops,09_01
422,2019,sunflower,2.372,2.4619,2.245134510438681,2.3796109557180833,all_crops,09_01
422,2021,sunflower,1.7980821917808218,2.1576,2.097773138743367,2.1787684831868446,all_crops,09_01
422,2022,wheat_spring,3.4,3.2596,2.722506076652097,2.69898840806949,all_crops,09_01
422,2023,barley_spring,2.3816438356164387,1.9527,2.4394361487930345,2.303016564153909,all_crops,09_01
422,2024,wheat_winter,5.087671232876712,4.600099999999999,3.632572239929974,3.629686532677547,all_crops,09_01
422,2025,sunflower,3.063150684931507,2.956,2.757952929819231,2.798929776120917,all_crops,09_01
423,2017,oil_seed_raps_spring,4.29,1.5646,,,all_crops,09_01
423,2019,sunflower,2.085,2.8599,2.277227871670565,2.4444295016261686,all_crops,09_01
423,2021,sunflower,3.1824719101123597,3.0595,2.455637496644741,2.5172293957284504,all_crops,09_01
423,2022,wheat_spring,3.2240449438202248,3.3356000000000003,3.0861456335029653,3.2153706964136473,all_crops,09_01
423,2023,barley_spring,2.8031460674157302,1.9591,2.7128231669365412,2.7897217944037602,all_crops,09_01
423,2024,wheat_spring,3.914067415730337,4.0522,3.4828165706146477,3.4512740087681286,all_crops,09_01
423,2025,sunflower,3.147415730337079,2.4008,2.7064593383979387,2.844121405318298,all_crops,09_01
424,2017,wheat_spring,1.001,2.128,,,all_crops,09_01
424,2019,wheat_winter,3.898,3.3064999999999998,2.8154523807413208,2.800821727040823,all_crops,09_01
424,2020,sunflower,1.642,1.7152999999999998,2.2364438689485873,2.186294065431836,all_crops,09_01
424,2021,wheat_spring,2.626470588235294,2.9463999999999997,2.3545867395888855,2.30656182510457,all_crops,09_01
424,2022,pea,4.078627450980392,3.1571000000000002,2.8533945819988076,3.0508684129484296,all_crops,09_01
424,2023,wheat_winter,2.062549019607843,2.8190999999999997,2.32036745129321,2.214714435056396,all_crops,09_01
424,2024,sunflower,4.023725490196078,3.2594000000000003,2.714403292836875,2.817722638154585,all_crops,09_01
424,2025,wheat_spring,4.860784313725491,3.7495,3.5720003791996437,3.5583750502656692,all_crops,09_01
425,2017,wheat_spring,1.089,1.8821,,,all_crops,09_01
425,2018,sunflower,1.825,1.6334,,,all_crops,09_01
425,2019,wheat_spring,3.854999999999999,3.0919,2.534031094745367,2.5849141664584483,all_crops,09_01
425,2020,sunflower,1.994,1.6459,2.225262822140075,2.2513467295132976,all_crops,09_01
425,2021,wheat_spring,2.7649462365591395,3.3465000000000003,2.441020308228135,2.5590625715098017,all_crops,09_01
425,2022,sunflower,2.363010752688172,2.3743,2.486740999227853,2.5092243403810346,all_crops,09_01
425,2023,wheat_spring,2.559784946236559,1.8565,2.3129600964336063,2.2048226672284885,all_crops,09_01
425,2024,barley_spring,3.920430107526882,4.703,3.4349070135702897,3.40281227858189,all_crops,09_01
425,2025,sunflower,3.2565591397849465,2.5867,2.794953708935832,2.9916669525834516,all_crops,09_01
426,2019,sunflower,1.358,2.131,2.438043677295167,2.4639343567725507,all_crops,09_01
426,2021,wheat_winter,4.262711864406779,4.2972,3.2028949697853966,3.3995939663189176,all_crops,09_01
426,2022,sunflower,2.529830508474576,2.6452999999999998,2.337610121707361,2.309282496599947,all_crops,09_01
426,2023,wheat_spring,2.0303389830508474,1.8824999999999998,2.2527564778503875,2.124069941010731,all_crops,09_01
426,2024,barley_spring,4.6440677966101696,4.6806,3.4187502693271474,3.497777844257237,all_crops,09_01
426,2025,sunflower,2.6094915254237288,2.6346,2.704948373053954,2.814099392597646,all_crops,09_01
427,2019,sunflower,3.082,2.1972,2.5132568998029634,2.459196814475336,all_crops,09_01
427,2020,wheat_spring,1.107,2.0332999999999997,2.397766688250948,2.284684530184094,all_crops,09_01
427,2025,oil_seed_raps_spring,2.448928571428571,1.9142,1.9793722657552384,2.006027595301788,all_crops,09_01
428,2017,sunflower,2.122,2.7973,,,all_crops,09_01
428,2019,sunflower,2.429,2.0972999999999997,2.2951921267676205,2.4978004491727477,all_crops,09_01
428,2021,sunflower,1.9822442244224423,1.8813,2.204603868418545,2.174101274526671,all_crops,09_01
428,2022,wheat_spring,4.175115511551155,3.4529000000000005,3.2626072827043426,3.400601058759098,all_crops,09_01
428,2023,sunflower,2.932343234323432,2.0141999999999998,2.6377518854859434,2.8562225029296235,all_crops,09_01
428,2024,wheat_spring,5.232343234323433,4.2474,3.7562596431542836,3.743479167971754,all_crops,09_01
428,2025,soya,1.48990099009901,1.8893999999999997,2.2006592624766563,2.17421526610549,all_crops,09_01
429,2018,buckwheat,2.5,,,,all_crops,09_01
429,2020,rye_winter,4.068181818181818,3.8091999999999997,2.6009725647287287,2.7654705373979684,all_crops,09_01
429,2021,barley_spring,1.5118181818181815,2.5530999999999997,2.1001391526444895,2.1057569910510265,all_crops,09_01
429,2022,sunflower,3.0915909090909093,3.4105,2.7515970473562246,3.158633059671161,all_crops,09_01
429,2023,wheat_spring,3.113636363636364,2.5983,2.757911645435817,2.8278793083079417,all_crops,09_01
429,2024,sunflower,2.159090909090909,2.8179,2.909747321268716,3.0732390181094633,all_crops,09_01
429,2025,barley_spring,4.738863636363636,4.095000000000001,3.616145541589959,3.626326587915142,all_crops,09_01
430,2020,wheat_spring,2.4,2.8545000000000003,2.3439136379597643,2.3059110512250065,all_crops,09_01
430,2021,wheat_winter,2.408648648648649,2.244,2.589558682318133,2.6205513864472136,all_crops,09_01
431,2021,wheat_winter,2.472,3.5862000000000003,2.6057111002945685,2.645096177360803,all_crops,09_01
431,2023,sunflower,2.6,2.1305,2.4414192735975333,2.4943498574681597,all_crops,09_01
432,2021,wheat_spring,2.851818181818182,4.5555,2.8771268142884026,2.9844035728559066,all_crops,09_01
432,2024,wheat_spring,3.878636363636363,5.0129,3.532609933937958,3.638179195543408,all_crops,09_01
432,2025,sunflower,2.9768181818181816,3.1873,2.948168204242992,3.068723200752874,all_crops,09_01
433,2021,wheat_winter,3.65,2.9331,2.5927405096893876,2.682295900392275,all_crops,09_01
434,2021,wheat_spring,2.7960000000000003,3.4484000000000004,2.6779656209966904,2.89439678929316,all_crops,09_01
435,2023,sunflower,1.3273493975903614,2.268,2.8124959859597523,3.2298931398935076,all_crops,09_01
435,2024,wheat_spring,2.982771084337349,4.5202,3.779522410393493,3.7405655235676294,all_crops,09_01
435,2025,oil_seed_raps_spring,2.611204819277108,1.8385000000000002,1.9484295373050018,1.9327589248044743,all_crops,09_01
436,2021,wheat_spring,3.0220689655172412,3.0248999999999997,2.6548640472415497,2.8810413596926017,all_crops,09_01
437,2021,barley_spring,1.5114285714285711,3.5369,2.85792630597855,3.0315866095994055,all_crops,09_01
438,2021,sunflower,4.436875,2.4703,2.066881157804503,2.0595744316926994,all_crops,09_01
438,2022,wheat_spring,4.486875,3.8146999999999998,2.84610661627931,3.09804209411395,all_crops,09_01
439,2021,sunflower,2.128888888888889,3.1429,2.659936785424907,2.7903111202557236,all_crops,09_01
440,2021,sunflower,2.468322580645161,2.9045,2.3045510530310853,2.3098339398656034,all_crops,09_01
440,2022,wheat_spring,3.4393548387096775,2.8973,2.930912192962805,3.214513529179578,all_crops,09_01
440,2023,sunflower,2.905483870967742,2.2411000000000003,2.5912483279731093,2.829671082754759,all_crops,09_01
440,2024,wheat_spring,3.290574193548387,4.2258000000000004,3.3626745094287678,3.4531480840400213,all_crops,09_01
440,2025,barley_spring,3.619354838709677,4.6265,3.8547754769117937,3.8830375546017706,all_crops,09_01
441,2020,sunflower,3.7,2.4029,2.253998593148839,2.2570401546524117,all_crops,09_01
441,2021,wheat_spring,4.001818181818182,3.2649,2.672411388779293,2.837307968275894,all_crops,09_01
441,2025,wheat_spring,3.986666666666667,3.5075000000000003,3.5019997954276065,3.5618299465432637,all_crops,09_01
443,2021,sunflower,2.47,3.221,2.398857976891257,2.3528113574208973,all_crops,09_01
444,2021,wheat_spring,3.7077777777777774,3.0975,2.3617168519672647,2.2659545401499477,all_crops,09_01
444,2022,barley_spring,3.5166666666666666,3.036,2.8590250434012403,3.1188910753578476,all_crops,09_01
444,2023,sunflower,3.0,2.101,2.8869592823522727,3.2144464697713,all_crops,09_01
444,2024,barley_spring,5.806666666666667,5.0235,3.269612475538209,3.29924598531192,all_crops,09_01
445,2021,wheat_spring,1.8866666666666667,2.4039,2.5223920552978654,2.577641119785463,all_crops,09_01
446,2021,wheat_spring,2.02,2.0911999999999997,2.589021991246046,2.693560348667501,all_crops,09_01
447,2021,wheat_spring,2.646666666666667,2.3897,2.65184008950317,2.691157019020416,all_crops,09_01
457,2023,sunflower,1.4166666666666667,2.1148,2.4925875799860746,2.400128454089337,all_crops,09_01
457,2024,wheat_spring,2.8333333333333335,4.3533,3.6655100068442605,3.7380163517252476,all_crops,09_01
457,2025,wheat_spring,3.44,3.7272,3.5350969808588095,3.5195854905311768,all_crops,09_01
469,2022,barley_spring,3.0136842105263155,2.3601,2.760098020721213,3.016069918594221,all_crops,09_01
505,2022,wheat_spring,3.466521739130435,3.3106999999999998,2.8684039459327133,3.118252279309514,all_crops,09_01
506,2022,wheat_spring,2.916875,3.1762,2.7862261277450457,2.9078907298423835,all_crops,09_01
510,2022,wheat_spring,4.543333333333334,3.5180999999999996,2.961142298124648,3.176461375558598,all_crops,09_01
510,2023,barley_spring,2.3091666666666666,1.9861999999999997,2.5014095571471273,2.4190219391076777,all_crops,09_01
512,2022,wheat_spring,1.193,4.6484000000000005,2.81504725619478,3.059249966479358,all_crops,09_01
512,2024,wheat_spring,3.609692307692308,3.4597,3.2197081326276074,3.2779749605235793,all_crops,09_01
512,2025,wheat_spring,3.7007692307692306,3.6757,3.151554289287445,3.1861334268031887,all_crops,09_01
513,2023,wheat_spring,1.501304347826087,2.6661,2.6383359092502894,2.9558653488940823,all_crops,09_01
513,2024,pea,1.87,2.94,3.200527230433363,3.1807537063470126,all_crops,09_01
513,2025,wheat_winter,4.506086956521739,3.7962000000000002,3.429532313422837,3.5227901164991504,all_crops,09_01
514,2023,wheat_winter,2.0454545454545454,2.0959,2.597262206595707,2.9169479017742628,all_crops,09_01
514,2024,sunflower,3.17,2.498,2.3551600233154204,2.459932829756357,all_crops,09_01
588,2023,barley_spring,1.6065384615384617,2.3941,2.8210595912937997,3.074840448156965,all_crops,09_01
604,2023,wheat_spring,2.1067846153846155,2.3459,4.09389130934452,4.1788540524033975,all_crops,09_01
628,2023,pea,1.22444089456869,1.7569,2.661981623118504,2.779163266026176,all_crops,09_01
628,2025,wheat_spring,1.6711182108626197,2.7800000000000002,3.0488904447627325,3.1267663334754836,all_crops,09_01
630,2023,wheat_spring,1.2423529411764709,2.1129000000000002,2.6928305563341888,2.779553287152281,all_crops,09_01
630,2024,barley_spring,2.7423529411764704,2.3751,2.724494334477172,2.8712517706143954,all_crops,09_01
630,2025,wheat_spring,1.588235294117647,2.3455,3.044829210377964,3.124678118507166,all_crops,09_01
632,2023,sunflower,1.823095238095238,1.7787,2.581527065260103,2.6845379647434693,all_crops,09_01
632,2025,wheat_spring,1.8557142857142856,2.8836,2.9302381096125982,3.1050594339199287,all_crops,09_01
633,2023,barley_spring,1.783108108108108,1.6867,2.5705096321408925,2.7773335110178814,all_crops,09_01
633,2024,pea,2.942216216216216,3.0948,2.5492987455486493,2.6046207595814495,all_crops,09_01
633,2025,wheat_winter,3.7351351351351343,4.1997,3.381545035026389,3.5034977116210375,all_crops,09_01
634,2023,barley_spring,1.194047619047619,2.429,2.97025038129743,3.1941900264576595,all_crops,09_01
634,2024,wheat_spring,3.798571428571429,3.6670000000000003,2.812567912440545,3.134743884510909,all_crops,09_01
634,2025,wheat_spring,4.002857142857143,2.0918,2.82789667166565,2.9160092687679975,all_crops,09_01
635,2023,wheat_spring,2.004705882352941,2.4968,2.928827364055156,3.104421212500704,all_crops,09_01
635,2024,buckwheat,2.409803921568628,,2.2034186294565257,2.342347795456451,all_crops,09_01
635,2025,wheat_spring,3.387058823529412,1.825,2.7444257941701955,2.86043639302526,all_crops,09_01
636,2023,wheat_spring,2.0064912280701757,1.6908999999999998,2.6191777302983303,2.805829475238154,all_crops,09_01
636,2024,sunflower,4.390175438596492,2.6058,2.360206705242268,2.42605568336566,all_crops,09_01
636,2025,wheat_spring,2.5898245614035087,2.8943000000000003,2.5336342920901176,2.6196486078531103,all_crops,09_01
640,2023,barley_spring,1.1313636363636363,1.6396000000000002,2.635201127180851,2.849539979459948,all_crops,09_01
640,2024,pea,2.969181818181818,3.7612,2.5927590646981775,2.6467398492842267,all_crops,09_01
643,2024,lentil,1.335945945945946,1.4198,2.3228787983558816,2.3354904715075273,all_crops,09_01
643,2025,wheat_winter,2.9432432432432436,3.7738,3.2254170604257526,3.3455102931009297,all_crops,09_01
644,2023,wheat_spring,1.736,1.8521999999999998,2.7725299965441415,2.9341032434839738,all_crops,09_01
644,2024,wheat_spring,2.470666666666667,2.7217,2.7134763855190114,2.9937708715704607,all_crops,09_01
649,2023,pea,1.71,1.7434999999999998,2.7387587702290963,2.8563856104529046,all_crops,09_01
650,2023,wheat_spring,2.649016393442623,2.4597,2.71046646798165,2.941783667676189,all_crops,09_01
650,2024,wheat_spring,3.3059016393442624,3.018,2.464377665313385,2.685866347072016,all_crops,09_01
652,2023,pea,1.71,1.4283,2.723132619473237,2.880280364272847,all_crops,09_01
653,2023,barley_spring,1.2991452991452992,1.4338,2.479258485895593,2.4938080777841054,all_crops,09_01
653,2024,pea,2.8835897435897437,2.7875,2.661057679585282,2.710537922674679,all_crops,09_01
653,2025,wheat_winter,4.073504273504274,4.2751,3.5840939190448116,3.7740530032571997,all_crops,09_01
654,2023,wheat_spring,2.6425,1.8193000000000001,2.433886605829157,2.4088538387388487,all_crops,09_01
655,2023,lentil,1.28,1.1573,2.857137939112897,2.946348482569481,all_crops,09_01
655,2024,wheat_spring,2.415263157894737,2.6,2.665251305991283,2.8505574204838737,all_crops,09_01
659,2024,wheat_spring,2.440571428571429,3.321,2.7723857040306745,3.0497373394809832,all_crops,09_01
660,2023,wheat_spring,1.762,1.9936,2.6849232729052637,2.8830976699843798,all_crops,09_01
661,2023,lentil,1.274561403508772,1.2031,2.9446688320359766,3.095532437957622,all_crops,09_01
661,2024,wheat_spring,3.669122807017544,2.7282,2.6333796490409136,2.7573619000881617,all_crops,09_01
662,2023,wheat_spring,1.7616666666666667,1.9855,2.6567795854059675,2.7757255369026392,all_crops,09_01
663,2025,sunflower,1.2317037037037035,2.0358,2.3251731846535217,2.308871737012289,all_crops,09_01
665,2023,wheat_spring,1.625,2.293,2.660997057804692,2.872287062071781,all_crops,09_01
666,2023,wheat_spring,1.6253191489361702,2.2453,2.7808880879779636,2.9854107258564437,all_crops,09_01
667,2025,oil_seed_raps_spring,1.7854077253218883,2.1496,2.041608427460784,2.0631741210554533,all_crops,09_01
668,2025,wheat_spring,3.31872,3.1431,2.682301969758791,2.7002609165114806,all_crops,09_01
669,2023,wheat_spring,1.5975471698113208,1.8907,2.660057691529574,2.811230738525275,all_crops,09_01
669,2024,wheat_spring,3.322641509433962,4.3617,2.9471891168631874,3.353160119376366,all_crops,09_01
669,2025,sunflower,1.069056603773585,2.1337,2.597546488768224,2.6738598280760155,all_crops,09_01
671,2023,wheat_spring,1.7196969696969695,2.6411000000000002,2.7414131280107426,2.935759020791668,all_crops,09_01
672,2023,sunflower,1.3009146341463411,1.8023,2.4038222430184013,2.356967439176793,all_crops,09_01
672,2024,barley_spring,1.6602439024390243,2.5503,3.029288476180375,3.3546945665545493,all_crops,09_01
672,2025,pea,1.7565853658536583,2.5096,2.629850784253416,2.5687177961437735,all_crops,09_01
674,2023,lentil,1.1587795275590551,1.1963,2.7895311713974236,2.909763045847927,all_crops,09_01
674,2024,wheat_spring,4.6898425196850395,2.8588,3.2685249173801076,3.427389062536196,all_crops,09_01
674,2025,oil_seed_raps_spring,1.4960629921259845,1.8541,1.8313875012377472,1.7531595557918564,all_crops,09_01
675,2025,wheat_spring,2.695906432748538,2.4147,2.1306218510217105,2.2325118711147205,all_crops,09_01
677,2023,wheat_spring,2.2621428571428575,1.7849,2.6010376901296337,2.8417881499110655,all_crops,09_01
677,2024,lentil,1.64,1.4268,2.0976401911623705,2.0878554200402695,all_crops,09_01
678,2023,wheat_spring,2.0062686567164176,1.9826000000000001,2.7724170463368334,3.0673547518964073,all_crops,09_01
680,2023,wheat_spring,2.511463414634146,3.2144,2.9522219099710836,3.0729807603423342,all_crops,09_01
685,2025,sunflower,1.0700578034682082,2.5852,2.384432680374413,2.32562879354612,all_crops,09_01
689,2023,barley_spring,1.1930769230769231,2.5936,2.8171548234394588,3.101581712289835,all_crops,09_01
689,2024,wheat_spring,1.1392307692307693,4.1808,2.9551617925686307,3.2322415576327974,all_crops,09_01
689,2025,wheat_spring,1.146153846153846,1.5812,2.555304978592183,2.6548806995330994,all_crops,09_01
690,2023,wheat_spring,3.1429411764705883,2.1305,2.786211733193801,3.0736092895438807,all_crops,09_01
693,2023,wheat_spring,1.650925925925926,2.2022,2.8443151861952924,3.1078870255592785,all_crops,09_01
693,2025,wheat_spring,4.111111111111111,2.9203,3.061960441232876,3.2221870106868913,all_crops,09_01
694,2023,wheat_spring,1.8193939393939391,2.8114999999999997,2.656573140866183,2.797967181329205,all_crops,09_01
694,2024,wheat_spring,1.9284848484848485,3.1206,2.8611113462207385,3.1940592070901226,all_crops,09_01
694,2025,wheat_spring,3.604848484848485,2.3756,2.6633071354356517,2.5956171018003302,all_crops,09_01
695,2023,wheat_spring,1.819,1.986,2.7607872741479023,2.994316568270923,all_crops,09_01
696,2023,wheat_spring,1.6794736842105262,1.8912,2.4800524388504934,2.4709777414412017,all_crops,09_01
696,2024,wheat_spring,4.205263157894737,2.5812,2.5788119057733865,2.827352487079279,all_crops,09_01
698,2023,pea,1.06,1.7544,2.83663982597003,3.1317302071014668,all_crops,09_01
698,2024,wheat_spring,3.18863309352518,4.3449,3.1042948884609656,3.2627798206960392,all_crops,09_01
698,2025,wheat_spring,3.053956834532374,2.2042,2.8951459562442663,2.949267834155817,all_crops,09_01
699,2024,wheat_spring,1.9542857142857144,2.0875,2.532678828285224,2.660840151416538,all_crops,09_01
700,2023,wheat_spring,1.771777777777778,2.3746,2.6355769092830705,2.764441845393123,all_crops,09_01
700,2024,wheat_spring,3.1551111111111108,3.853,2.8884561430817524,3.170510584728551,all_crops,09_01
701,2023,wheat_spring,2.263571428571429,2.2133,2.5882371891699982,2.8367345713921206,all_crops,09_01
710,2023,wheat_spring,2.016111111111111,1.8574000000000002,2.6114659470452057,2.8040440599992555,all_crops,09_01
711,2023,wheat_spring,1.3551376146788991,2.0911999999999997,2.8196559369417074,2.975270226036728,all_crops,09_01
711,2025,wheat_spring,2.053211009174312,2.524,2.922275200725247,3.0515026759717347,all_crops,09_01
712,2023,pea,2.155,2.2414,2.8396744673708687,3.2437017921222786,all_crops,09_01
712,2024,wheat_spring,2.481875,3.7920000000000003,2.7968873648701544,3.176612313878548,all_crops,09_01
713,2023,wheat_spring,1.738235294117647,2.2167000000000003,2.713520896921957,2.9715119007537503,all_crops,09_01
715,2023,sunflower,1.8202684563758391,2.2586,2.3889207295591106,2.3386367771458545,all_crops,09_01
715,2024,wheat_spring,3.2449664429530203,2.7079,3.1750312155455473,3.33548079250854,all_crops,09_01
715,2025,pea,1.8306040268456376,2.5174,2.4963276078277814,2.433917125265965,all_crops,09_01
716,2023,barley_spring,1.8917857142857144,2.4865,2.83926234999917,3.139930515231737,all_crops,09_01
716,2024,sunflower,2.867857142857143,2.5279,2.417198554056863,2.3499987836552845,all_crops,09_01
717,2023,sunflower,2.361842105263158,2.3476,2.381319650648789,2.38425171657156,all_crops,09_01
717,2024,wheat_spring,2.1251315789473684,3.077,2.994923939553226,3.134308481804011,all_crops,09_01
717,2025,pea,1.6002631578947368,2.4903,2.443538188777331,2.350702374572277,all_crops,09_01
718,2023,wheat_spring,1.7971698113207548,2.0242999999999998,2.5462419015779814,2.6957570667594557,all_crops,09_01
718,2024,sunflower,3.907924528301887,2.673,2.4222351954434576,2.438252256169249,all_crops,09_01
719,2023,sunflower,2.43,2.1198,2.7700831710818505,3.0206446472439916,all_crops,09_01
722,2023,sunflower,2.345357142857143,2.2241,2.4177190182529364,2.3908987545756553,all_crops,09_01
722,2024,wheat_spring,3.143571428571428,3.7464,2.9243883166086313,3.2004085575173016,all_crops,09_01
722,2025,wheat_spring,1.8907142857142856,2.7512,2.8040837565392778,2.965477234693023,all_crops,09_01
725,2025,wheat_spring,2.534630136986302,2.7797,2.3703415716084724,2.4183531067740756,all_crops,09_01
727,2023,lentil,1.3795238095238094,1.2428000000000001,2.7919128823440826,2.898896587939228,all_crops,09_01
727,2024,wheat_spring,2.8123809523809524,2.6539,2.755172473663188,2.959951876004215,all_crops,09_01
728,2023,wheat_spring,2.1681132075471696,2.6456,2.780533537570784,2.9866809324513977,all_crops,09_01
728,2024,lentil,1.5162264150943396,1.4803000000000002,2.305379552606932,2.34815009983082,all_crops,09_01
728,2025,wheat_winter,3.3735849056603775,4.0743,2.994008279393652,3.183857588896888,all_crops,09_01
729,2023,wheat_spring,1.8895744680851063,1.8236,2.7520231167347617,2.9549362921370506,all_crops,09_01
729,2024,barley_spring,3.85063829787234,3.4873,2.939613588207126,3.281148256396307,all_crops,09_01
729,2025,pea,1.1063829787234043,1.3288,2.253402050496681,2.187656067899809,all_crops,09_01
730,2023,lentil,1.38,1.1171,2.9938918108374235,3.167463120283512,all_crops,09_01
730,2024,wheat_spring,3.438636363636364,3.3604999999999996,2.805062047027792,3.1454010278987,all_crops,09_01
733,2023,wheat_spring,1.5219277108433733,1.9423,2.6264011886774474,2.9271338705288126,all_crops,09_01
733,2024,soya,1.2295180722891563,2.6847000000000003,2.4068264958574375,2.5953280280436193,all_crops,09_01
735,2023,wheat_spring,2.44,2.2744,2.7103884755948555,2.9282309149458863,all_crops,09_01
736,2023,wheat_spring,2.190373831775701,2.5408,2.7752416830784106,3.038346095023332,all_crops,09_01
736,2024,lentil,1.28,1.5266,2.4896456831860365,2.5889497757695494,all_crops,09_01
736,2025,wheat_winter,3.522429906542056,4.4608,3.282164885746151,3.411880452591604,all_crops,09_01
737,2023,wheat_spring,2.440300751879699,2.1784,2.7331928914334194,3.054830140691758,all_crops,09_01
737,2024,sunflower,1.308345864661654,2.1629,3.076078529597791,3.236942603551262,all_crops,09_01
737,2025,wheat_spring,3.0362406015037595,1.7626000000000002,2.714883017604967,2.815392488345579,all_crops,09_01
738,2025,oil_seed_raps_spring,1.6858108108108107,1.9761,2.046529761071232,2.0895135258971513,all_crops,09_01
741,2023,wheat_spring,1.904864864864865,2.925,3.115418024089093,3.475248985026692,all_crops,09_01
742,2023,wheat_spring,1.1057560975609757,2.1138000000000003,2.736031364868386,3.0628831764391538,all_crops,09_01
742,2024,wheat_spring,2.9680000000000004,2.9579,3.4081936914706454,3.6845543679502146,all_crops,09_01
742,2025,pea,1.4797073170731707,2.0098,2.5219288644472315,2.4176437096023484,all_crops,09_01
743,2023,wheat_spring,2.480392156862745,1.8021,2.4393371742578616,2.4922890567243203,all_crops,09_01
743,2024,barley_spring,3.086470588235294,3.3171,3.0215774502833446,3.358183125909938,all_crops,09_01
743,2025,pea,2.7562745098039216,2.8026,2.5779628131433614,2.5145801083428267,all_crops,09_01
744,2024,wheat_spring,2.963589743589744,3.0328,2.8667988086808367,3.1674299165487443,all_crops,09_01
744,2025,sunflower,2.1576068376068376,2.0315000000000003,2.5850095577466865,2.677707978791585,all_crops,09_01
745,2023,pea,1.03,1.9606999999999999,2.7339931339455688,2.8364186810185497,all_crops,09_01
745,2024,wheat_spring,1.665,3.3719,2.8256821702871844,3.0940543343652287,all_crops,09_01
746,2025,sunflower,1.7198443579766538,2.1722,2.0202247870107986,2.0221784530840705,all_crops,09_01
747,2023,pea,1.0,1.3497,2.6402884310742873,2.800825721961777,all_crops,09_01
749,2023,pea,1.4686821705426356,1.7799,2.8643638216077787,3.015288213392124,all_crops,09_01
749,2025,wheat_spring,3.7407751937984495,2.3830999999999998,2.7878851018587696,2.899978030038187,all_crops,09_01
750,2023,pea,1.101914893617021,1.7129,2.836020404925304,3.0854398911364096,all_crops,09_01
750,2024,wheat_spring,4.912765957446808,2.4187000000000003,2.7927689785989984,3.186449385467898,all_crops,09_01
750,2025,sunflower,2.2961702127659573,2.5567,2.744427086504054,2.827361394554212,all_crops,09_01
752,2023,barley_spring,1.9104761904761904,2.7919,2.9844683978222717,3.2450702448522972,all_crops,09_01
753,2023,barley_spring,1.4910294117647058,2.638,2.709943860430394,2.9259555407866005,all_crops,09_01
753,2024,barley_spring,3.5779411764705884,4.14,2.8485455606443413,3.1778648502391293,all_crops,09_01
753,2025,pea,1.6891176470588236,1.4761,2.642145034660237,2.511738878538956,all_crops,09_01
754,2023,wheat_spring,3.142777777777778,2.4655,2.972358117978258,3.340363269363193,all_crops,09_01
754,2024,wheat_spring,3.902549,2.5719000000000003,2.5583755568813045,2.6052836792914995,all_crops,09_01
755,2023,wheat_spring,2.6428205128205127,3.2316000000000003,3.2433583376308084,3.5417142566248865,all_crops,09_01
756,2023,wheat_spring,3.143035714285714,3.153,3.2051182051003497,3.4513014617618443,all_crops,09_01
757,2023,barley_spring,2.6775,3.0899,3.005182166119439,3.2831265230682,all_crops,09_01
758,2023,barley_spring,2.4257142857142857,2.881,2.339564584646676,2.3783266090419666,all_crops,09_01
764,2023,wheat_spring,3.1446774193548386,2.888,2.9573772601892716,3.3583558548733015,all_crops,09_01
764,2024,wheat_spring,3.882903225806452,2.871,2.565143530605533,2.785770855133508,all_crops,09_01
766,2023,barley_spring,2.88047619047619,2.8886,2.6613052706766642,2.869163465573777,all_crops,09_01
766,2024,lentil,1.5980952380952382,1.4423,2.3867621896990046,2.458776851248204,all_crops,09_01
767,2023,wheat_spring,1.6358536585365853,1.9734000000000003,2.716307602138108,2.904176795089049,all_crops,09_01
767,2024,wheat_spring,1.4141463414634146,3.3396,2.881146822713774,3.1344504114807763,all_crops,09_01
768,2023,wheat_spring,1.9517391304347824,2.9252,3.110848121248073,3.403222794822195,all_crops,09_01
768,2024,wheat_spring,2.4121739130434783,3.694,2.923905848449839,3.241820004496819,all_crops,09_01
769,2023,wheat_spring,1.636,2.6673999999999998,2.9835514762870194,3.425822312500406,all_crops,09_01
769,2024,wheat_spring,5.392,3.1563,2.927945033391297,3.2062772885060355,all_crops,09_01
770,2023,wheat_spring,2.5348507462686567,2.7293,2.944378461254777,3.210635379300488,all_crops,09_01
770,2024,oil_seed_raps_spring,1.6740298507462683,1.6522,1.975681462024356,2.034660948091042,all_crops,09_01
770,2025,wheat_spring,3.468955223880597,2.4671,3.055133065836759,3.189926450423592,all_crops,09_01
771,2023,wheat_spring,2.154166666666667,2.2251000000000003,2.7671992585424365,3.1004790866788743,all_crops,09_01
771,2025,lentil,1.185989,1.3823,2.008992307561381,2.1758873164738395,all_crops,09_01
772,2023,wheat_spring,2.327462686567164,2.1577,2.584046683121579,2.756994450156238,all_crops,09_01
772,2024,soya,1.297313432835821,2.0404,1.992662079832047,2.108718637578326,all_crops,09_01
773,2024,wheat_spring,1.5847761194029852,2.2431,2.1994885178723993,2.194639460658478,all_crops,09_01
774,2023,wheat_spring,2.6488888888888886,1.7547000000000001,2.777005523716991,3.063082148042624,all_crops,09_01
774,2024,wheat_spring,3.3511111111111114,2.5347999999999997,2.642152274945187,2.9742905170209966,all_crops,09_01
775,2023,wheat_spring,2.332686567164179,2.8931,3.1524214796883627,3.4025397696009603,all_crops,09_01
775,2024,wheat_spring,3.02089552238806,2.537,2.691652900808062,2.9942946889192648,all_crops,09_01
776,2024,wheat_spring,2.5763265306122447,3.6893000000000002,2.780677410298434,3.052096655139579,all_crops,09_01
777,2025,sunflower,1.4268944099378882,2.2732,2.363283314993238,2.3118672894434154,all_crops,09_01
778,2023,wheat_spring,1.7359090909090908,1.9155000000000002,2.520681696911908,2.5866756221494387,all_crops,09_01
778,2024,wheat_spring,4.464090909090909,3.4845999999999995,2.736465331967122,2.9988538483772667,all_crops,09_01
779,2023,wheat_spring,1.21525,2.5099,2.806123372605867,3.0331436046282443,all_crops,09_01
779,2024,wheat_spring,3.148,3.6606,2.785622028865289,3.1465752042573216,all_crops,09_01
780,2023,wheat_spring,1.5043333333333335,2.4032,2.7931700051362633,3.0288864563955626,all_crops,09_01
780,2024,wheat_spring,4.034666666666667,3.1567,2.9146765884279198,3.1736478876116463,all_crops,09_01
781,2023,wheat_spring,1.736056338028169,2.525,2.8018006318840096,3.101026234949152,all_crops,09_01
783,2023,sunflower,1.823229166666667,1.9462,2.4433619724163096,2.3484716453732237,all_crops,09_01
783,2024,barley_spring,3.822291666666666,3.5774999999999997,3.0572728794626967,3.380384825232055,all_crops,09_01
783,2025,pea,1.861875,1.4907,2.621731613754354,2.53276625204333,all_crops,09_01
784,2025,sunflower,1.1116867469879517,2.3019,2.3347107578793898,2.28074272105651,all_crops,09_01
785,2023,sunflower,1.838187134502924,1.721,2.5416436819917454,2.5487288630214873,all_crops,09_01
785,2025,pea,2.526432748538012,2.5275,2.310826602667238,2.1767862530993964,all_crops,09_01
786,2023,wheat_spring,1.4060416666666666,1.7972000000000001,2.624928669687339,2.7595044278190226,all_crops,09_01
786,2024,wheat_spring,3.81125,3.052,2.81181977221345,3.1619614605907014,all_crops,09_01
786,2025,wheat_spring,1.6983333333333333,2.091,2.73772277942617,2.8268236039739496,all_crops,09_01
787,2023,lentil,1.2383333333333333,1.2089,2.814182683773792,3.0067394962903387,all_crops,09_01
787,2024,wheat_spring,3.1833333333333336,3.5183999999999997,2.7556366536648764,3.044770671994676,all_crops,09_01
788,2025,wheat_spring,3.787260273972603,2.4157,2.1397727897504186,2.1427618480463737,all_crops,09_01
789,2023,barley_spring,1.91046511627907,2.0384,2.8043014300410394,3.174309537771695,all_crops,09_01
789,2024,wheat_spring,3.867674418604651,3.8063000000000002,2.9642389749915,3.1771320036353785,all_crops,09_01
790,2023,sunflower,1.8870833333333332,1.8359,2.4359420056785366,2.4397789355582944,all_crops,09_01
790,2025,pea,2.798541666666667,2.5511,2.6798879214282563,2.632988776243541,all_crops,09_01
791,2023,sunflower,1.8553846153846152,1.8588,2.496150187155467,2.449609841892337,all_crops,09_01
792,2023,wheat_spring,1.42275,1.634,2.743562520129865,2.9352743237086094,all_crops,09_01
792,2024,sunflower,2.9635,2.0664000000000002,2.5136654234441256,2.532728724909507,all_crops,09_01
793,2023,wheat_spring,1.7799999999999998,2.6513999999999998,2.7834257047815547,3.0309223030125456,all_crops,09_01
793,2024,wheat_spring,4.363820224719101,2.5362,2.91578353367006,3.2618291698798747,all_crops,09_01
793,2025,wheat_spring,2.1496629213483147,2.1738,2.88152589569767,2.9465503111729703,all_crops,09_01
794,2023,pea,1.0431818181818182,1.54,2.778530928755701,2.912278949049822,all_crops,09_01
795,2025,oil_seed_raps_spring,1.1250519031141868,1.5797,1.9181797952784783,1.9585879523842502,all_crops,09_01
796,2023,pea,1.1148387096774195,1.6921,2.729969658744867,2.896441879412952,all_crops,09_01
797,2023,wheat_spring,1.7378260869565216,2.3749,2.8275068083931556,3.2346817363461238,all_crops,09_01
797,2024,lentil,1.5504347826086955,1.2875999999999999,2.3636992433490462,2.4305271391316334,all_crops,09_01
797,2025,wheat_spring,4.511304347826087,2.6338,3.046269458573514,3.179737424705044,all_crops,09_01
798,2023,wheat_spring,2.006153846153846,2.4969,2.911937126322403,3.127427564897539,all_crops,09_01
798,2024,sunflower,2.709230769230769,3.0492999999999997,2.1461167741828278,2.265706894528805,all_crops,09_01
800,2023,barley_spring,1.85,2.4841,2.6753197304923884,2.8094527229783144,all_crops,09_01
800,2024,wheat_spring,2.493333333333333,3.7287999999999997,2.6994705289437224,2.9114108297871635,all_crops,09_01
800,2025,wheat_spring,1.816190476190476,2.4234999999999998,2.895831596717714,3.0075564466335067,all_crops,09_01
801,2023,wheat_spring,1.4505072463768116,2.9378,2.996044136181191,3.1745057407727004,all_crops,09_01
801,2025,wheat_spring,3.800724637681159,3.4011000000000005,3.0581186687263537,3.246837522928617,all_crops,09_01
802,2023,sunflower,2.345833333333333,2.1251,2.5629822537959637,2.700597692161809,all_crops,09_01
802,2025,wheat_spring,2.8191666666666664,2.3427,2.9849969982959417,3.105137600966159,all_crops,09_01
803,2023,wheat_spring,1.8186206896551724,2.5268,2.5760252823856487,2.6867093342985475,all_crops,09_01
803,2025,wheat_spring,5.01103448275862,2.1029,2.745439639365741,2.8283820992928645,all_crops,09_01
804,2023,wheat_spring,1.818888888888889,2.5561,2.5950510308833126,2.7697358777323404,all_crops,09_01
805,2023,wheat_spring,1.8189473684210529,2.2414,2.5802683129261177,2.7051580362680236,all_crops,09_01
806,2023,wheat_spring,2.2642857142857142,1.9605000000000001,2.5903672205249837,2.7645578591546762,all_crops,09_01
807,2023,wheat_spring,3.141052631578947,2.964,2.880908218359818,3.2769384094135843,all_crops,09_01
807,2024,wheat_spring,2.4712280701754388,2.5754,2.375532379607984,2.5611617803561173,all_crops,09_01
808,2025,sunflower,1.5668341708542717,2.6181,2.3393399328417988,2.3934254199336076,all_crops,09_01
809,2023,pea,1.3391666666666666,1.7906,2.8119420579405765,3.0186140735908067,all_crops,09_01
809,2024,wheat_spring,3.8322916666666664,3.1618,2.621374269216182,2.7825768928968664,all_crops,09_01
809,2025,wheat_spring,2.4595833333333332,2.2786,2.355808374401038,2.375087822132606,all_crops,09_01
810,2023,pea,1.2673684210526317,1.4395,2.712519706225638,2.9089085046189225,all_crops,09_01
810,2024,wheat_spring,4.670877192982457,3.0095,2.780927940011787,3.04111489463138,all_crops,09_01
810,2025,sunflower,1.1449122807017544,1.9158000000000002,2.371269879412925,2.4568983900841275,all_crops,09_01
811,2023,wheat_spring,1.8688888888888888,1.8371,2.5108296658506437,2.5994956657806108,all_crops,09_01
811,2024,wheat_spring,4.6866666666666665,3.5973999999999995,2.7838714778853064,3.13674288711065,all_crops,09_01
812,2025,sunflower,1.098,1.9350999999999998,2.0655498488717514,2.1026248914166614,all_crops,09_01
813,2023,wheat_spring,1.738,2.5082,2.7981798781739036,3.1046950713462413,all_crops,09_01
815,2023,wheat_spring,1.762222222222222,1.9523,2.6019484331729923,2.7372471033508714,all_crops,09_01
818,2024,wheat_spring,3.3494252873563215,2.2245,2.75978028002822,3.0298783660849056,all_crops,09_01
819,2023,wheat_spring,1.90125,1.8681999999999999,2.8681955202281704,3.15666792745956,all_crops,09_01
820,2023,sunflower,2.425,2.1093,2.7406724505324918,2.9936644820192586,all_crops,09_01
821,2024,wheat_spring,4.94,2.6633,2.4272963198921693,2.62971382420447,all_crops,09_01
821,2025,wheat_spring,1.8613861386138617,2.0370999999999997,2.6904491488539786,2.8384874230712254,all_crops,09_01
823,2024,wheat_spring,2.443404255319149,2.8795,2.507322519663406,2.6408244250626307,all_crops,09_01
824,2023,wheat_spring,2.648888888888889,2.6044,2.8358919426335722,3.1920445362116223,all_crops,09_01
824,2024,wheat_spring,2.8755555555555556,2.5482,2.4143290736700513,2.583019510377725,all_crops,09_01
828,2023,pea,1.28,1.7376,3.1425524502887328,3.1738366015026225,all_crops,09_01
829,2023,pea,1.28,1.9373999999999998,3.2485906003088343,3.1577204551226146,all_crops,09_01
830,2023,pea,1.71,2.2481999999999998,2.919522284480406,3.025287511577432,all_crops,09_01
831,2024,wheat_spring,2.517297297297297,3.2744999999999997,2.4479010997615944,2.5623321803944963,all_crops,09_01
832,2023,wheat_spring,4.2,2.4703,2.990086835560076,3.296507755066315,all_crops,09_01
832,2024,barley_spring,5.508,3.5968000000000004,3.6090202721157247,3.6863942791946918,all_crops,09_01
832,2025,soya,1.68,2.1448,2.21948840945828,2.1352988684418137,all_crops,09_01
833,2023,barley_spring,1.058024691358025,2.3611,2.714350218144893,3.0387294795724653,all_crops,09_01
833,2025,wheat_spring,1.6960493827160494,1.7576,2.6885509448335423,2.7897848354043187,all_crops,09_01
834,2023,pea,1.0,2.116,2.7173008642747405,2.7672182573708777,all_crops,09_01
834,2024,barley_spring,2.2088888888888887,3.0235,2.5610599942582057,2.7043476349542037,all_crops,09_01
835,2023,wheat_spring,1.1682926829268292,1.7487,2.287623079933122,2.2686016064373233,all_crops,09_01
836,2023,wheat_spring,1.6984761904761905,1.8640999999999999,2.7132344188208037,2.928939323167809,all_crops,09_01
836,2025,wheat_spring,3.076571428571429,2.6018999999999997,2.911979773614554,3.0495441376116497,all_crops,09_01
837,2023,lentil,1.3793333333333335,1.1355,2.8989251289513294,3.1281168989231323,all_crops,09_01
837,2024,wheat_spring,4.956,2.7343,2.732165738888139,3.024854549196614,all_crops,09_01
837,2025,pea,2.8573333333333335,2.3299,2.334242415307383,2.2960995256286805,all_crops,09_01
838,2023,wheat_spring,1.88,1.5747,2.547164037654275,2.721934374414271,all_crops,09_01
838,2024,wheat_spring,2.9166666666666665,3.6588000000000003,2.7635275218133484,3.12208984128812,all_crops,09_01
838,2025,pea,1.268333333333333,2.3574,2.5375922892055867,2.501294074330967,all_crops,09_01
839,2023,wheat_spring,1.4678260869565218,2.0707,2.4614348806993234,2.4742661571839974,all_crops,09_01
839,2024,wheat_spring,2.688347826086957,2.33,2.7288748790957094,3.066636301829425,all_crops,09_01
839,2025,pea,1.673913043478261,2.5038,2.5308427137845175,2.4657467250597014,all_crops,09_01
845,2023,pea,1.7780487804878051,1.9385999999999999,2.974534456326331,3.11273975777468,all_crops,09_01
846,2024,wheat_spring,4.397260273972603,2.627,2.2043480634398085,2.300474445180833,all_crops,09_01
846,2025,wheat_spring,1.747123287671233,2.1196,2.6385261796018264,2.715858275823901,all_crops,09_01
847,2024,wheat_spring,3.674237288135594,3.2641,2.506016822667262,2.6491078325638084,all_crops,09_01
847,2025,wheat_spring,2.940677966101695,2.5662,2.4450534583401953,2.399178014965904,all_crops,09_01
848,2025,wheat_spring,5.9399999999999995,3.1169000000000002,2.9155204848696368,3.1390501240941453,all_crops,09_01
849,2024,wheat_spring,1.2260869565217392,3.0463,2.0135534460129643,2.0973220622479705,all_crops,09_01
849,2025,wheat_spring,1.0469565217391303,2.4869,2.5557541071066976,2.692962049652368,all_crops,09_01
850,2024,wheat_spring,4.034594594594594,3.3943,2.752829366195981,2.910535820339514,all_crops,09_01
850,2025,wheat_spring,1.4827027027027029,2.1369,2.9608488820891457,3.0790834501110833,all_crops,09_01
851,2024,wheat_spring,5.851578947368421,3.2796999999999996,2.715515311073581,2.8279289782617045,all_crops,09_01
851,2025,wheat_spring,2.9426315789473683,2.5491,2.659628279823622,2.81889197165404,all_crops,09_01
867,2024,barley_spring,1.9161290322580644,4.066,3.1224344288256867,3.179359380863593,all_crops,09_01
867,2025,wheat_spring,4.0767741935483865,4.2593000000000005,3.9527904269715446,3.8910685970269547,all_crops,09_01
871,2024,sunflower,2.369950248756219,2.7209,2.739600572612942,2.742405035321469,all_crops,09_01
871,2025,wheat_spring,4.996119402985075,4.4836,3.5774846023994082,3.631358756081866,all_crops,09_01
872,2024,barley_spring,3.234567901234568,3.3052,2.9293013373322214,3.0692625312364124,all_crops,09_01
872,2025,wheat_spring,3.632098765432098,4.2157,3.5778862451454287,3.683025318664972,all_crops,09_01
873,2024,sunflower,2.595625,2.7675,2.8005243761535383,2.8625844664681974,all_crops,09_01
873,2025,wheat_spring,4.029166666666667,4.6766,3.7128169552019887,3.7630126663875405,all_crops,09_01
874,2024,barley_spring,2.8904109589041096,3.3099,2.891537113574172,2.9969297292380683,all_crops,09_01
874,2025,wheat_spring,5.187123287671233,4.1281,3.6964384359404883,3.7477093396186847,all_crops,09_01
875,2024,barley_spring,2.96,3.2683,3.2377979631597413,3.264895496452109,all_crops,09_01
875,2025,wheat_spring,4.700588235294117,4.4108,3.4952990873610057,3.544687484946264,all_crops,09_01
879,2024,wheat_spring,3.631333333333333,3.5151000000000003,3.1165540361909163,3.1999985586686446,all_crops,09_01
881,2024,sunflower,3.596666666666667,2.7354,2.919840773577982,2.8451951570614518,all_crops,09_01
881,2025,wheat_spring,5.271794871794872,3.7499000000000002,3.662979034329572,3.739282843620743,all_crops,09_01
882,2024,barley_spring,3.2781451612903227,3.9732,2.9409116535754163,3.050005830984231,all_crops,09_01
882,2025,soya,1.5272580645161289,1.5576,2.2974624135094524,2.2990413008964903,all_crops,09_01
892,2024,wheat_spring,4.039580209895052,3.406,2.8788839438967955,3.109711345132305,all_crops,09_01
893,2024,wheat_spring,4.053873873873874,4.072,2.8127712618659184,3.0486282185451477,all_crops,09_01
894,2024,wheat_spring,1.8008695652173914,3.1618,2.792223670531949,2.8499482858633725,all_crops,09_01
896,2024,lentil,1.851433536055604,1.1747999999999998,2.0970290610461726,2.1791381672649615,all_crops,09_01
897,2025,wheat_spring,2.995285714285714,2.8564,2.591792294172987,2.7511086211426905,all_crops,09_01
899,2024,wheat_spring,2.7888,4.0226999999999995,2.7469317198541887,3.016980339443187,all_crops,09_01
901,2024,wheat_spring,2.6990946502057613,3.3023000000000002,3.342702863539593,3.515990939459061,all_crops,09_01
903,2024,wheat_spring,1.516697247706422,3.9838999999999998,3.3636637491429413,3.511917271174327,all_crops,09_01
904,2025,wheat_spring,3.295175879396985,2.6063,3.06856815502473,3.181537423129905,all_crops,09_01
905,2024,wheat_spring,1.9746413052501508,2.8885,2.3580252572852443,2.446737405637591,all_crops,09_01
906,2025,barley_spring,3.1871232876712328,2.3535,2.7111837980634355,2.8161527356685716,all_crops,09_01
907,2024,wheat_spring,2.997029702970297,3.7249000000000003,2.8797432261495457,3.146279603354204,all_crops,09_01
908,2024,lentil,1.3613704849085806,1.1528,2.0649240444811454,2.1117950755085593,all_crops,09_01
909,2024,lentil,1.1705454545454546,1.2531,2.027256006853224,2.0907901061797585,all_crops,09_01
910,2025,wheat_spring,4.178913043478261,2.7263,3.268550251806122,3.350089651884608,all_crops,09_01
911,2024,wheat_spring,2.995941176470588,3.5978000000000003,3.117944986499378,3.325821603376705,all_crops,09_01
911,2025,lentil,2.5792941176470587,1.5470000000000002,1.969183933573172,2.011406866419036,all_crops,09_01
912,2024,sunflower,1.9044579913139392,2.3891999999999998,1.9177833371454152,2.032867368978781,all_crops,09_01
913,2025,wheat_spring,3.618918918918919,2.4645,2.5957246840366,2.6596274935789865,all_crops,09_01
914,2024,pea,2.7585365853658534,2.3667000000000002,2.0639472558985723,2.0243949284158895,all_crops,09_01
918,2025,lentil,1.7538461538461538,1.4559,1.903559169179732,2.1188193718730224,all_crops,09_01
921,2024,pea,1.848964441930098,2.9706,2.1347101720934933,2.111612364363871,all_crops,09_01
923,2024,pea,1.977,2.1638,1.9887215173364936,1.9183796004475822,all_crops,09_01
924,2024,wheat_spring,2.1640963855421687,3.1422,2.908180982729527,3.1837324191375687,all_crops,09_01
925,2025,lentil,1.5613333333333332,1.34,1.897054611867111,1.9342292258647091,all_crops,09_01
926,2024,wheat_spring,1.75375,2.5301,2.881606130368543,3.127961180289918,all_crops,09_01
929,2024,wheat_spring,2.677674418604651,2.2085999999999997,2.557019647838647,2.629152692856462,all_crops,09_01
930,2024,wheat_spring,2.8144233758159776,3.4655,2.5616613771199996,2.622256013051607,all_crops,09_01
931,2024,sunflower,1.9646666666666663,3.0183,2.11161462443103,2.1150956770660527,all_crops,09_01
932,2024,wheat_spring,2.464730290456431,2.7098,2.7230424893707834,2.9625451796109106,all_crops,09_01
933,2024,wheat_spring,1.999285714285714,3.4497,2.5002655441358193,2.6163043952554665,all_crops,09_01
934,2024,wheat_spring,2.183391025495975,2.7744,2.5812819177633086,2.678073207111698,all_crops,09_01
938,2024,wheat_spring,1.465090909090909,2.7298999999999998,2.724022378944426,2.927269098486849,all_crops,09_01
939,2024,wheat_spring,1.9653846153846155,3.0366,2.5025494909089985,2.771142937885599,all_crops,09_01
941,2024,sunflower,1.6503937007874014,1.9913,1.9517820342045598,2.0001581270325524,all_crops,09_01
942,2024,sunflower,1.1679227053140095,2.0934,2.4135793751901216,2.3502143286338883,all_crops,09_01
942,2025,wheat_spring,3.838840579710145,2.8759,3.0103766336137987,3.1661247681311755,all_crops,09_01
943,2025,wheat_spring,2.434117647058824,2.601,3.0304779126252206,3.1615759689063263,all_crops,09_01
944,2024,pea,2.7546153846153847,2.5312,1.9328621325048332,1.8964768832531256,all_crops,09_01
946,2025,lentil,1.214485049833887,1.4888,1.9814047979931442,2.078631406225465,all_crops,09_01
947,2024,buckwheat,1.3281054528358127,,2.09230422993258,2.070201794943319,all_crops,09_01
949,2024,wheat_spring,3.1818556701030927,3.8529000000000004,3.2815764653030435,3.4517285704945966,all_crops,09_01
949,2025,lentil,2.201443298969072,1.5196,1.9307568889362177,2.077615247707882,all_crops,09_01
951,2024,sunflower,4.6412,2.8674,2.296125977849229,2.297137347554358,all_crops,09_01
956,2024,barley_spring,3.2954716981132073,3.255,3.0023416353409758,3.1943987592129144,all_crops,09_01
956,2025,wheat_spring,4.296603773584906,4.2633,3.683226682406783,3.7392158681232464,all_crops,09_01
957,2024,wheat_spring,4.786470588235295,3.9583,3.4569423063496596,3.568358706447202,all_crops,09_01
957,2025,pea,3.816176470588235,2.9085,2.754859413943785,2.5765884153899323,all_crops,09_01
963,2025,wheat_spring,4.9848888888888885,3.4046,3.4431255531263396,3.441276359465051,all_crops,09_01
964,2024,wheat_spring,2.1013333333333333,4.2618,3.5555679609118216,3.5671746067874412,all_crops,09_01
968,2024,oil_seed_raps_spring,2.463333333333334,1.7835999999999999,2.5223836501267893,2.610338273528058,all_crops,09_01
969,2024,lentil,1.970909090909091,1.4571999999999998,2.206026295919011,2.309153748893858,all_crops,09_01
970,2024,wheat_spring,3.0922221304556583,2.2837,2.44833241867796,2.5681231788251164,all_crops,09_01
976,2025,wheat_winter,6.3880952380952385,3.721,3.2390534326844316,3.333616235628162,all_crops,09_01
977,2025,wheat_spring,3.407058823529412,4.5611,3.3643049810800614,3.378917554752157,all_crops,09_01
978,2025,wheat_spring,4.130434782608695,3.335,3.395380688861966,3.4016746280160985,all_crops,09_01
979,2025,sunflower,1.991325301204819,3.3485,2.5732408105080973,2.6339513161389223,all_crops,09_01
987,2017,wheat_spring,1.95,2.1065,,,all_crops,09_01
987,2019,wheat_winter,4.303,3.7323999999999997,2.771730915447113,2.853202425996412,all_crops,09_01
987,2020,oil_seed_raps_winter,3.62,1.5102,2.2355559235842644,2.140863927190322,all_crops,09_01
987,2021,wheat_winter,3.822121594240336,3.0478,2.811441797070964,2.9779453589671543,all_crops,09_01
987,2022,wheat_winter,1.7124277155062266,2.0271,2.7595181191596283,2.873972878492062,all_crops,09_01
987,2023,sunflower,2.506143805156854,1.967,2.704231051290246,2.913488797161731,all_crops,09_01
987,2024,wheat_spring,4.1484308079306675,4.218,3.715963889047375,3.852247220023445,all_crops,09_01
993,2025,wheat_spring,2.9006779661016946,4.2728,3.4112597739517803,3.378565838061848,all_crops,09_01
994,2025,wheat_spring,3.8666666666666663,1.8043,2.5043911959112655,2.5295186041355717,all_crops,09_01
995,2023,barley_spring,8.57,2.3403,3.1333542425548497,3.5105102222888753,all_crops,09_01
995,2024,wheat_spring,11.035,2.0245,5.334269880423979,5.41008295747744,all_crops,09_01
996,2024,wheat_spring,32.135000000000005,3.8186999999999998,5.101493260811305,5.268115336794778,all_crops,09_01
997,2023,wheat_spring,9.982,2.3494,2.8006149542337924,3.0844170941957296,all_crops,09_01
1000,2025,wheat_winter,3.4231818181818183,3.2826,3.393546981852539,3.4544777789502286,all_crops,09_01
1002,2024,barley_spring,4.244000000000001,2.9597,2.3794155841132714,2.4709234772137076,all_crops,09_01
1004,2024,barley_spring,6.2695454545454545,2.1219,2.196458753787548,2.216355799851545,all_crops,09_01
1007,2025,sunflower,1.0706666666666669,1.9039000000000001,2.30667201516908,2.3037363596394727,all_crops,09_01
1009,2020,sunflower,3.3920000000000003,,2.2770468647207727,2.281767680630262,all_crops,09_01
1009,2023,wheat_spring,4.249639634829961,,2.966509647723219,3.2582901253806433,all_crops,09_01
1009,2024,barley_spring,1.095510116918477,3.4228,3.363077671273363,3.4167628770731486,all_crops,09_01
1010,2018,wheat_spring,3.2461342159168125,,,,all_crops,09_01
1010,2019,wheat_spring,2.4,,2.5288925687462167,2.4856487242868006,all_crops,09_01
1010,2020,sunflower,2.396,,2.164581719290693,2.195910423823515,all_crops,09_01
1010,2021,wheat_spring,4.374850281836803,,2.464699143794845,2.5513872405775126,all_crops,09_01
1010,2022,wheat_winter,3.058992622866669,,2.599031299775721,2.721320602881316,all_crops,09_01
1010,2023,sunflower,4.429213252440712,,2.902927765996211,3.336670339254611,all_crops,09_01
1010,2024,wheat_spring,5.499459792423405,3.9503999999999997,3.69104710443277,3.6579767584618477,all_crops,09_01
1011,2018,buckwheat,2.653,,,,all_crops,09_01
1011,2019,wheat_winter,2.364,,2.9033757229375396,2.7848188602966393,all_crops,09_01
1011,2020,sunflower,2.676,,2.1688779516583416,2.195309940105334,all_crops,09_01
1011,2021,wheat_spring,5.109187711755829,,2.829145505084819,2.865558454166385,all_crops,09_01
1011,2022,sunflower,5.391359345321137,,3.0038591208260166,3.63599538259893,all_crops,09_01
1011,2023,wheat_spring,5.277372173707908,,3.1594532832463034,3.2850805335040545,all_crops,09_01
1011,2024,sunflower,4.613582471396439,2.696,2.945287185819889,3.00606305609225,all_crops,09_01
1016,2023,wheat_spring,1.9225,,2.5643028852120326,2.7404274394505803,all_crops,09_01
1021,2025,wheat_spring,1.7027027027027026,2.1681,2.3203849878661402,2.2234170716487944,all_crops,09_01
1022,2025,wheat_spring,1.9749685534591197,2.2326,2.5158785167924242,2.5255865602856646,all_crops,09_01
1025,2025,wheat_spring,1.480952380952381,2.8886,2.745223679564182,2.7261728598794077,all_crops,09_01
1027,2025,wheat_spring,4.96,2.6206,2.3478821733762207,2.457431941995226,all_crops,09_01
1028,2025,barley_spring,3.1060975609756096,2.4052,2.7599370915691273,2.8589691654614344,all_crops,09_01
195,2022,wheat_winter,2.1216260162601626,2.4328,2.737685892071749,2.6400048361278348,wheat_combined,07_01
195,2025,wheat_spring,2.7195121951219514,3.6697,3.017363695661338,3.0822074286525702,wheat_combined,07_01
197,2022,wheat_winter,1.5206997084548106,2.4524999999999997,2.891213857901406,2.7320357528959693,wheat_combined,07_01
197,2023,wheat_winter,1.0820991253644316,2.8075,1.8168610145542832,1.9658661391367376,wheat_combined,07_01
197,2025,wheat_spring,3.779416909620991,3.7805,3.017556458905797,3.0840950318872054,wheat_combined,07_01
207,2019,wheat_spring,3.5799999999999996,2.2341,,,wheat_combined,07_01
207,2022,wheat_winter,1.8846846846846843,2.8611999999999997,2.745875898029893,2.590287087370862,wheat_combined,07_01
207,2023,wheat_winter,1.068108108108108,3.0064,2.0104415590183784,2.0579760158142304,wheat_combined,07_01
208,2022,wheat_spring,2.356923076923077,1.8747,2.5875571968937208,2.5062685531031494,wheat_combined,07_01
208,2023,wheat_spring,2.018076923076923,2.0981,2.245736136166264,2.2238695501790273,wheat_combined,07_01
208,2025,wheat_spring,3.8430769230769233,2.6100000000000003,3.0466445310764927,3.0782541586165433,wheat_combined,07_01
209,2017,wheat_winter,2.22,4.048,,,wheat_combined,07_01
209,2022,wheat_spring,2.654337748344371,3.1563,2.8488654236673563,2.650023641945155,wheat_combined,07_01
209,2023,wheat_winter,1.4864900662251657,3.1699,1.8844260605132466,2.002681167534841,wheat_combined,07_01
210,2017,wheat_winter,2.002,2.5725000000000002,,,wheat_combined,07_01
210,2022,wheat_spring,3.0655870445344133,3.8598999999999997,2.885653352692901,2.7184272089940835,wheat_combined,07_01
210,2024,wheat_winter,5.519493927125506,5.6729,4.028299926496958,4.031833133560196,wheat_combined,07_01
211,2017,wheat_winter,2.4379999999999997,2.1353,,,wheat_combined,07_01
212,2022,wheat_spring,3.1773529411764705,3.0978000000000003,2.8282805890851876,2.6767215399168727,wheat_combined,07_01
212,2023,wheat_spring,2.9445588235294116,1.7012,1.7493314608158357,1.8844997524978333,wheat_combined,07_01
212,2025,wheat_spring,1.7024264705882353,2.3390999999999997,2.938266838227767,2.9241312831776187,wheat_combined,07_01
213,2021,wheat_spring,1.3155714285714286,1.8895,2.651267189299179,2.5725033768980388,wheat_combined,07_01
214,2021,wheat_spring,1.5857777777777775,2.0593,2.60133423270813,2.511035446798471,wheat_combined,07_01
215,2020,wheat_spring,1.409,1.4959,2.8433139346615155,2.676092644655808,wheat_combined,07_01
215,2022,wheat_spring,2.858987341772152,2.9058,2.7506336202272563,2.578040897434239,wheat_combined,07_01
215,2024,wheat_winter,4.476708860759494,4.1198999999999995,3.155494443033949,3.087614619617751,wheat_combined,07_01
216,2020,wheat_spring,1.246,1.9065999999999999,2.800350731604982,2.623784477514974,wheat_combined,07_01
216,2022,wheat_spring,3.1270270270270273,3.7896,2.6413706543795596,2.56305937225373,wheat_combined,07_01
216,2024,wheat_winter,5.342162162162162,4.7169,4.015552378752132,3.9667175803384396,wheat_combined,07_01
217,2022,wheat_spring,3.063725490196078,3.4240000000000004,2.824728453901005,2.730030607343082,wheat_combined,07_01
217,2025,wheat_spring,2.5629901960784314,2.7976,2.9392391446435004,2.943010704581389,wheat_combined,07_01
218,2022,wheat_spring,2.1723076923076925,3.059,2.755896104255073,2.6763522701806424,wheat_combined,07_01
218,2024,wheat_spring,4.027153846153846,3.5061,3.525813378216105,3.4843935578740335,wheat_combined,07_01
218,2025,wheat_spring,4.112820512820513,2.6811,3.0140862511384903,2.953842628218935,wheat_combined,07_01
219,2017,wheat_winter,1.873,2.7313,,,wheat_combined,07_01
219,2022,wheat_spring,2.827547619047619,3.0893,2.7408697799229538,2.532625211163044,wheat_combined,07_01
219,2024,wheat_spring,3.6718380952380953,4.2484,3.408144050395646,3.5030343397506853,wheat_combined,07_01
220,2022,wheat_spring,3.4832,3.0504000000000002,2.7124942238084686,2.5543668086640787,wheat_combined,07_01
220,2024,wheat_spring,3.12756,3.6351999999999998,3.449313206160692,3.4733413198363348,wheat_combined,07_01
220,2025,wheat_spring,3.3072000000000004,3.0496,3.0332590569354885,3.0974398872416296,wheat_combined,07_01
222,2022,wheat_spring,3.2700483870967743,2.65,2.842933991686316,2.709613732590054,wheat_combined,07_01
222,2024,wheat_spring,3.6562580645161287,3.1422999999999996,3.4092397185906713,3.426392793324572,wheat_combined,07_01
223,2022,wheat_spring,3.2311428571428573,2.9854,2.7762909518491705,2.7807158687551126,wheat_combined,07_01
223,2024,wheat_spring,3.350857142857143,3.9329,3.4749061040773466,3.537927925477045,wheat_combined,07_01
224,2022,wheat_spring,3.079423076923077,3.1172999999999997,2.684810706525567,2.4690111118732196,wheat_combined,07_01
224,2024,wheat_winter,5.0582692307692305,4.3833,3.745729872073045,3.7778824751142475,wheat_combined,07_01
225,2020,wheat_spring,2.335,3.245,2.834742808269873,2.7266195210918007,wheat_combined,07_01
226,2022,wheat_spring,1.6934999999999998,3.1174,2.7674788403961457,2.6180726101023395,wheat_combined,07_01
226,2024,wheat_winter,4.9315,5.2123,3.717271981869631,3.724812020505703,wheat_combined,07_01
227,2021,wheat_winter,2.8346242774566472,3.556,3.1592389317833565,3.051687528463645,wheat_combined,07_01
227,2022,wheat_winter,2.217514450867052,2.6258,2.6863031738022807,2.4732271020173373,wheat_combined,07_01
228,2020,wheat_winter,1.3,2.1523,2.63418907572789,2.5732635808724145,wheat_combined,07_01
228,2021,wheat_winter,2.4169491525423727,2.8911000000000002,3.1512373910505858,3.0106052445144136,wheat_combined,07_01
228,2022,wheat_spring,4.564745762711865,2.8893999999999997,2.665795093819656,2.61001773819169,wheat_combined,07_01
228,2023,wheat_winter,1.5016949152542372,2.3085999999999998,1.7886417214057637,1.7717973439458183,wheat_combined,07_01
228,2025,wheat_spring,3.004576271186441,3.2354,3.0382440790978986,3.077635671769745,wheat_combined,07_01
229,2020,wheat_winter,3.285,2.7312000000000003,2.7270508798046613,2.5792560748637605,wheat_combined,07_01
229,2021,wheat_winter,2.9450000000000003,2.3245,2.9677994708219724,2.8439075673993295,wheat_combined,07_01
229,2022,wheat_spring,2.841666666666667,2.1967,2.800145385083006,2.940133335063963,wheat_combined,07_01
229,2023,wheat_winter,3.443333333333334,2.3579999999999997,2.366369601715373,2.351459300701883,wheat_combined,07_01
229,2025,wheat_spring,3.5050000000000003,3.344,3.044375117918203,2.9714814557818383,wheat_combined,07_01
230,2019,wheat_winter,4.503,3.7936,,,wheat_combined,07_01
230,2021,wheat_winter,2.123766816143498,2.4353000000000002,2.7395855961057687,2.639358704948154,wheat_combined,07_01
230,2025,wheat_spring,3.6687443946188343,3.2042,3.0079620218301306,3.034395719499602,wheat_combined,07_01
231,2017,wheat_spring,1.95,2.3644,,,wheat_combined,07_01
231,2019,wheat_winter,4.303,3.9966999999999997,,,wheat_combined,07_01
231,2021,wheat_winter,3.5069787234042553,3.1704,3.001801103692923,2.909024912830604,wheat_combined,07_01
231,2022,wheat_winter,1.5712340425531914,2.1225,2.2955613978839233,2.0932330423360472,wheat_combined,07_01
231,2024,wheat_spring,3.806382978723404,3.8621000000000003,3.459788192226935,3.5449653494330686,wheat_combined,07_01
232,2017,wheat_spring,1.95,2.8916,,,wheat_combined,07_01
232,2019,wheat_winter,3.404,3.6744,,,wheat_combined,07_01
232,2021,wheat_winter,3.2479729729729727,3.3893999999999997,2.8475604560211254,2.8003739381948454,wheat_combined,07_01
232,2022,wheat_winter,1.847837837837838,2.2283,2.1636005951926283,1.9561121102771517,wheat_combined,07_01
232,2024,wheat_spring,3.330304054054054,3.8087000000000004,3.3178484370651242,3.4618423009094386,wheat_combined,07_01
233,2021,wheat_winter,3.6453846153846152,3.2509,2.4999750426871024,2.497974640345807,wheat_combined,07_01
234,2021,wheat_winter,5.389142857142858,2.7121,2.7959623405357106,2.7239575377649703,wheat_combined,07_01
234,2022,wheat_spring,3.975428571428571,3.5385,2.681407795163745,2.549841861557244,wheat_combined,07_01
234,2023,wheat_winter,1.7062857142857142,2.5372,2.208808248430307,2.1449864147948916,wheat_combined,07_01
235,2021,wheat_winter,7.105,2.9204999999999997,2.6364420911493167,2.377109882684975,wheat_combined,07_01
235,2023,wheat_spring,2.2,1.3443,2.4913484251726334,2.570373267568776,wheat_combined,07_01
236,2019,wheat_winter,3.272,3.3456,,,wheat_combined,07_01
236,2021,wheat_winter,2.8605,3.6235999999999997,2.940813320317616,2.9082234339737156,wheat_combined,07_01
236,2023,wheat_spring,2.520375,2.0578,2.501679946298836,2.521631993817897,wheat_combined,07_01
237,2019,wheat_winter,2.78,2.7061,,,wheat_combined,07_01
237,2021,wheat_winter,3.2366666666666664,2.6663,2.4850675018137665,2.498521599628538,wheat_combined,07_01
237,2023,wheat_spring,1.6025,1.9659,1.8140521489817554,1.8461348661641364,wheat_combined,07_01
238,2019,wheat_winter,3.5780000000000003,3.7807000000000004,,,wheat_combined,07_01
238,2021,wheat_winter,3.3530555555555552,3.2328,2.720842941329485,2.5704367672950212,wheat_combined,07_01
238,2023,wheat_spring,2.198888888888889,2.1087,2.138361669701693,2.159713514438976,wheat_combined,07_01
239,2019,wheat_winter,4.11,3.9814999999999996,,,wheat_combined,07_01
239,2021,wheat_winter,3.16017094017094,3.4796,3.0412251579346496,2.904481981371384,wheat_combined,07_01
241,2019,wheat_winter,2.933,3.8578,,,wheat_combined,07_01
241,2021,wheat_winter,1.9516049382716052,1.6204,2.511042848576317,2.5189984585728635,wheat_combined,07_01
242,2020,wheat_winter,1.28,2.5839,2.920827433783136,2.7424971489760233,wheat_combined,07_01
242,2021,wheat_winter,2.2416393442622953,3.7603,3.527862233172197,3.3481892850907564,wheat_combined,07_01
242,2022,wheat_spring,3.742622950819672,3.1846,2.519257330042577,2.3940557794159596,wheat_combined,07_01
242,2023,wheat_winter,1.7311475409836066,2.3297999999999996,1.8681820922424575,1.9107402319351015,wheat_combined,07_01
244,2020,wheat_winter,1.056,2.9004000000000003,2.9068196214176294,2.7479563239553864,wheat_combined,07_01
244,2021,wheat_winter,2.4169811320754717,3.4369,3.2527218092307932,3.0114335124638836,wheat_combined,07_01
244,2022,wheat_spring,4.193867924528302,3.004,3.0651505590392194,3.090668283270384,wheat_combined,07_01
244,2024,wheat_spring,2.730603773584906,3.3948,3.6164054881777177,3.560664416091738,wheat_combined,07_01
246,2021,wheat_winter,2.612439024390244,2.7712,2.691463942092896,2.5977053350965242,wheat_combined,07_01
246,2022,wheat_spring,1.6465853658536589,3.405,2.744192331411111,2.649454603632033,wheat_combined,07_01
246,2024,wheat_spring,3.884073170731708,3.7398000000000002,3.5049961571003436,3.5071366272538684,wheat_combined,07_01
247,2021,wheat_winter,3.5077483443708606,4.1498,3.0522713133899173,2.925711331592687,wheat_combined,07_01
247,2022,wheat_winter,1.5000662251655628,1.9231000000000003,2.292992281619472,2.191973358526339,wheat_combined,07_01
247,2024,wheat_spring,2.6623311258278144,4.2515,3.3895193432923003,3.509716657524229,wheat_combined,07_01
248,2018,wheat_winter,3.807,3.344,,,wheat_combined,07_01
248,2021,wheat_winter,2.4291851851851853,2.4187000000000003,2.686999366572031,2.62701827613124,wheat_combined,07_01
248,2023,wheat_winter,2.141,3.2104,2.0372220037298954,2.1055514037327376,wheat_combined,07_01
248,2025,wheat_spring,3.630296296296296,3.5269,3.055610666806757,3.1146411894060253,wheat_combined,07_01
249,2021,wheat_winter,2.7772222222222225,3.6117,2.978533987888106,2.8718616153667624,wheat_combined,07_01
250,2019,wheat_winter,3.503,3.714,,,wheat_combined,07_01
250,2021,wheat_winter,1.47,2.7935,2.952940187386764,2.8762749405770935,wheat_combined,07_01
250,2023,wheat_spring,2.1600980392156863,2.5116,1.8048874520375757,2.0111978990336388,wheat_combined,07_01
251,2018,wheat_winter,4.2219999999999995,4.5151,,,wheat_combined,07_01
251,2019,wheat_winter,2.295,3.8988,,,wheat_combined,07_01
251,2021,wheat_winter,3.0763779527559056,2.5177,2.441769879240221,2.4394575852814517,wheat_combined,07_01
251,2024,wheat_spring,3.611023622047244,3.0145,3.5259705247267314,3.5875464392379257,wheat_combined,07_01
252,2019,wheat_winter,5.035,4.0412,,,wheat_combined,07_01
252,2021,wheat_winter,2.8787951807228915,2.2507,2.4934482137317464,2.4365678555696837,wheat_combined,07_01
252,2022,wheat_winter,2.358144578313253,3.0398,2.1311116900906475,2.033160265208085,wheat_combined,07_01
252,2024,wheat_spring,3.254939759036145,2.9184,3.4315387655147815,3.392371599682252,wheat_combined,07_01
253,2019,wheat_winter,5.114,4.4434,,,wheat_combined,07_01
253,2021,wheat_winter,2.4343529411764706,2.3579999999999997,2.6667621737262017,2.5917022032516694,wheat_combined,07_01
253,2024,wheat_spring,3.896,3.3729999999999998,3.3328137557048185,3.442452346764841,wheat_combined,07_01
254,2021,wheat_winter,2.1813513513513514,3.4081,2.6852992292656546,2.620804587667473,wheat_combined,07_01
254,2025,wheat_spring,4.105608108108108,3.1245000000000003,3.0277474923987975,3.0998580577478188,wheat_combined,07_01
255,2017,wheat_spring,2.0,2.3878,,,wheat_combined,07_01
255,2019,wheat_winter,1.3,3.3543999999999996,,,wheat_combined,07_01
255,2021,wheat_spring,3.495357142857143,3.0059,2.7242411517539105,2.6176224970493784,wheat_combined,07_01
255,2024,wheat_spring,4.0148214285714285,3.6630000000000003,3.4140355967221225,3.533065612673263,wheat_combined,07_01
256,2019,wheat_winter,3.371,2.8828,,,wheat_combined,07_01
256,2021,wheat_spring,3.488928571428571,3.22,2.8450930415016416,2.6991466556889026,wheat_combined,07_01
256,2023,wheat_winter,1.0053571428571428,2.6978999999999997,1.7610762086134364,1.8049576238066232,wheat_combined,07_01
256,2024,wheat_spring,5.977232142857143,4.3854,3.518371167256363,3.554151416672177,wheat_combined,07_01
257,2019,wheat_winter,4.893,3.7786999999999997,,,wheat_combined,07_01
257,2023,wheat_spring,2.75025,2.3837,2.5945275626641124,2.5697788636237613,wheat_combined,07_01
258,2021,wheat_spring,3.369101123595506,3.0327,2.6803547114066775,2.5635539339654208,wheat_combined,07_01
258,2023,wheat_spring,1.3868539325842697,1.7635999999999998,2.0563169828450363,2.1372111944167815,wheat_combined,07_01
258,2024,wheat_spring,5.062359550561798,3.8497999999999997,3.5584628766911734,3.60483134369414,wheat_combined,07_01
259,2021,wheat_spring,3.2456022408963587,2.995,2.820668451724336,2.6609826777053325,wheat_combined,07_01
259,2023,wheat_spring,1.08003081232493,1.9803000000000002,1.8120645046163972,1.8338832003856744,wheat_combined,07_01
259,2025,wheat_spring,2.1594957983193277,2.3034,2.9360067547409727,2.921391425655766,wheat_combined,07_01
260,2017,wheat_spring,1.98,2.6014,,,wheat_combined,07_01
260,2021,wheat_spring,4.1022,3.1416,2.907739516401868,2.7314773511590804,wheat_combined,07_01
260,2024,wheat_spring,3.2132,3.8888,3.2943731825268197,3.4407310059097282,wheat_combined,07_01
261,2017,wheat_spring,2.691,2.5114,,,wheat_combined,07_01
261,2021,wheat_spring,5.387428571428572,2.9577999999999998,2.8653848882637205,2.6874312152774573,wheat_combined,07_01
261,2022,wheat_spring,4.008571428571429,3.1271,2.625698763726557,2.6082525335206186,wheat_combined,07_01
261,2024,wheat_spring,4.122771428571428,3.9354999999999998,3.5354662225094104,3.581011642364947,wheat_combined,07_01
262,2017,wheat_winter,1.461,2.0502,,,wheat_combined,07_01
262,2021,wheat_spring,4.116052631578947,3.2009999999999996,2.7504450321131007,2.6225531619394906,wheat_combined,07_01
262,2023,wheat_spring,1.9040657894736843,1.484,2.2091525617050016,2.182434823631199,wheat_combined,07_01
262,2024,wheat_spring,4.339473684210526,2.9555,3.475648302655059,3.499073005974514,wheat_combined,07_01
263,2021,wheat_spring,3.779,3.089,2.795677222449463,2.595199845020867,wheat_combined,07_01
263,2023,wheat_spring,1.15425,1.7765999999999997,2.415478418076326,2.3812532485937776,wheat_combined,07_01
264,2021,wheat_spring,3.725,4.1563,2.8492885121899394,2.6164917746779053,wheat_combined,07_01
264,2023,wheat_spring,3.37975,1.5632,2.4595265603806244,2.4183147898068347,wheat_combined,07_01
265,2021,wheat_spring,3.063,2.9981999999999998,2.6337519066472987,2.44949900889639,wheat_combined,07_01
265,2023,wheat_spring,1.308,2.217,2.5136212059136733,2.4731575526661866,wheat_combined,07_01
266,2021,wheat_spring,3.4250000000000003,3.1519,2.842908605094479,2.635161675238923,wheat_combined,07_01
266,2023,wheat_spring,1.1466666666666667,1.524,2.240294168815701,2.2392547171080532,wheat_combined,07_01
267,2021,wheat_spring,3.725,3.429,2.763688100518471,2.5654057211357952,wheat_combined,07_01
268,2019,wheat_winter,2.901,3.089,,,wheat_combined,07_01
268,2021,wheat_spring,3.504,3.0507999999999997,2.4726120859529526,2.3824495417067677,wheat_combined,07_01
268,2023,wheat_spring,2.2885,2.4838999999999998,2.305689931504795,2.400311000109882,wheat_combined,07_01
269,2021,wheat_spring,3.465045045045045,3.281,2.799453289305593,2.6615662918300957,wheat_combined,07_01
269,2023,wheat_spring,1.7825225225225227,1.9164,2.030020192595037,2.050862035838209,wheat_combined,07_01
269,2024,wheat_spring,4.250810810810811,3.3165,3.573308676489247,3.551247774647235,wheat_combined,07_01
270,2017,wheat_spring,2.4219999999999997,3.2421999999999995,,,wheat_combined,07_01
270,2021,wheat_spring,4.891379310344828,3.121,2.6208055102202374,2.580428332356905,wheat_combined,07_01
270,2022,wheat_spring,3.61751724137931,2.981,2.742210645484974,2.7200610808082795,wheat_combined,07_01
270,2024,wheat_spring,4.382758620689655,4.0014,3.4658577774504837,3.5546522976402275,wheat_combined,07_01
271,2017,wheat_spring,2.4219999999999997,3.0822,,,wheat_combined,07_01
271,2021,wheat_spring,4.884745762711864,4.0641,2.885313243163662,2.7874983810537257,wheat_combined,07_01
271,2022,wheat_spring,2.6278644067796613,2.8655999999999997,2.8184014267066746,2.74059376758801,wheat_combined,07_01
271,2024,wheat_spring,3.931627118644068,3.9844,3.4538029547145146,3.5619176995197686,wheat_combined,07_01
272,2022,wheat_spring,4.4904,3.3770000000000002,2.842459407094289,2.7354632785677477,wheat_combined,07_01
272,2024,wheat_spring,4.2312,4.0394,4.01223475314376,3.9221228580205705,wheat_combined,07_01
272,2025,wheat_spring,3.1792,3.4718000000000004,3.0355013559865753,3.097171237723484,wheat_combined,07_01
273,2017,wheat_spring,2.295,3.6145000000000005,,,wheat_combined,07_01
273,2019,wheat_spring,4.083,4.012700000000001,,,wheat_combined,07_01
273,2022,wheat_winter,2.052962962962963,3.3161,2.7228643261528243,2.563228920228755,wheat_combined,07_01
273,2023,wheat_winter,1.0088888888888887,2.5915,1.7081911158546013,1.7580735750590537,wheat_combined,07_01
273,2025,wheat_spring,4.41962962962963,4.3505,3.047634977814402,3.1006171690177484,wheat_combined,07_01
274,2017,wheat_spring,1.552,2.4213999999999998,,,wheat_combined,07_01
274,2020,wheat_spring,1.027,1.9347,2.7124571310879686,2.4674505516809795,wheat_combined,07_01
274,2022,wheat_winter,2.9904639175257732,2.3152999999999997,2.2832725796602915,2.180126343702,wheat_combined,07_01
274,2025,wheat_spring,4.829072164948454,4.1602,3.0269064427008736,3.0785320401255216,wheat_combined,07_01
276,2022,wheat_spring,2.9274193548387095,2.674,2.3174317828756132,2.230660366827414,wheat_combined,07_01
276,2024,wheat_spring,3.63741935483871,3.1651,3.5167669728181328,3.5704941993576624,wheat_combined,07_01
276,2025,wheat_spring,1.4903225806451614,3.8268,2.998233800523328,2.9757431357865283,wheat_combined,07_01
277,2022,wheat_spring,1.5733333333333333,3.5677999999999996,2.5261942506671904,2.4289506363017015,wheat_combined,07_01
277,2024,wheat_spring,4.257866666666667,2.9927,3.527296258736491,3.5488509749588886,wheat_combined,07_01
277,2025,wheat_spring,1.9090666666666667,3.1645,2.9819445793856585,2.9788904641159584,wheat_combined,07_01
278,2017,wheat_winter,2.4,1.8976,,,wheat_combined,07_01
278,2019,wheat_winter,4.669,3.8549999999999995,,,wheat_combined,07_01
278,2023,wheat_spring,1.7219565217391304,1.0815,2.1492928471211608,2.243419979631906,wheat_combined,07_01
278,2025,wheat_winter,3.899173913043478,2.166,2.943479389448551,2.935193132361155,wheat_combined,07_01
279,2017,wheat_winter,2.378,2.3212,,,wheat_combined,07_01
279,2019,wheat_winter,5.385,3.7558,,,wheat_combined,07_01
279,2023,wheat_spring,1.069090909090909,1.6907,1.998230152290147,1.9530166517847667,wheat_combined,07_01
279,2025,wheat_winter,4.40060606060606,3.6465000000000005,2.983950856959242,2.979473516595982,wheat_combined,07_01
280,2023,wheat_spring,1.953478260869565,2.4156,1.760407726690924,1.7800847997490243,wheat_combined,07_01
282,2023,wheat_spring,1.9701702127659575,2.4669,1.5383538936200842,1.5410060314292051,wheat_combined,07_01
283,2018,wheat_winter,3.1239999999999997,2.5181999999999998,,,wheat_combined,07_01
283,2023,wheat_spring,1.430253164556962,1.3008,1.9622735583198814,2.0691727719106874,wheat_combined,07_01
284,2020,wheat_spring,1.27,1.8838000000000001,2.124232118258381,2.1615609996612717,wheat_combined,07_01
284,2021,wheat_spring,3.5273333333333334,3.4177,2.623870743028034,2.528546184334418,wheat_combined,07_01
286,2021,wheat_spring,3.971888888888889,3.0801,2.5153350102572505,2.3137245326838265,wheat_combined,07_01
286,2023,wheat_spring,1.291111111111111,2.0433,2.4504452060663553,2.401636199068257,wheat_combined,07_01
288,2021,wheat_spring,3.5825,2.7502,2.435214538243146,2.27633905879672,wheat_combined,07_01
288,2023,wheat_spring,1.445,1.643,2.397432192405356,2.3408089886464953,wheat_combined,07_01
289,2021,wheat_spring,3.8523529411764703,3.2423,2.845554098292483,2.6996997415466106,wheat_combined,07_01
289,2023,wheat_spring,1.2705882352941178,1.6193000000000002,2.3132570910790355,2.384597131004421,wheat_combined,07_01
291,2021,wheat_spring,3.172833333333333,3.7456000000000005,2.7229623112202606,2.516010195083116,wheat_combined,07_01
291,2023,wheat_spring,1.5506666666666666,1.8809,2.1929479953439612,2.1730158784286604,wheat_combined,07_01
292,2022,wheat_spring,2.2251000000000003,3.1256,2.5441567309576505,2.526301502767914,wheat_combined,07_01
292,2024,wheat_spring,4.2,3.2398000000000002,3.4889567320431154,3.4506467222749775,wheat_combined,07_01
293,2017,wheat_winter,1.821,2.3550999999999997,,,wheat_combined,07_01
293,2019,wheat_winter,3.729999999999999,3.6389000000000005,,,wheat_combined,07_01
293,2022,wheat_spring,2.6255842696629212,2.7234000000000003,2.7322935309446494,2.731228750305143,wheat_combined,07_01
293,2024,wheat_spring,3.62561797752809,3.3377000000000003,3.5090351765489656,3.5506442845684867,wheat_combined,07_01
295,2017,wheat_winter,1.227,2.3098,,,wheat_combined,07_01
295,2019,wheat_winter,2.899,2.982,,,wheat_combined,07_01
295,2025,wheat_spring,4.596137931034483,3.5686999999999998,3.0263663071087255,3.0879282479777843,wheat_combined,07_01
296,2023,wheat_spring,1.3890526315789475,2.2434000000000003,2.0666313259756524,2.191863229039478,wheat_combined,07_01
296,2025,wheat_winter,4.57658947368421,4.4316,3.0024580640038563,3.0843724094271114,wheat_combined,07_01
297,2021,wheat_spring,3.676,3.5595999999999997,2.5176679165146423,2.368614146651739,wheat_combined,07_01
297,2023,wheat_spring,2.572,1.598,2.165380632887718,2.096833803504144,wheat_combined,07_01
298,2019,wheat_spring,3.6,3.4055999999999997,,,wheat_combined,07_01
298,2024,wheat_spring,3.408333333333333,3.5770000000000004,3.481050333626799,3.5364158429650376,wheat_combined,07_01
299,2020,wheat_spring,2.506,2.1794000000000002,2.7246889081270007,2.555058636999037,wheat_combined,07_01
299,2021,wheat_winter,3.2053456221198156,3.1094,2.8962433075369427,2.749977530282295,wheat_combined,07_01
299,2022,wheat_winter,4.0,3.2609000000000004,2.358955303590938,2.283600589565083,wheat_combined,07_01
300,2020,wheat_spring,1.901,1.4716,2.4170829757977486,2.2590589541116968,wheat_combined,07_01
300,2021,wheat_winter,2.8021818181818183,2.6851,2.6891978189119348,2.509066935032534,wheat_combined,07_01
300,2022,wheat_winter,2.810545454545455,2.6275,2.4320614451883324,2.3387661150992693,wheat_combined,07_01
301,2018,wheat_spring,3.2851985559566788,2.4704,,,wheat_combined,07_01
301,2020,wheat_spring,2.851,2.6772,2.4160866505846794,2.29008534980707,wheat_combined,07_01
301,2021,wheat_winter,2.3384115523465705,2.0373,2.731216212895008,2.705735193728239,wheat_combined,07_01
301,2022,wheat_winter,3.303068592057762,3.2837000000000005,2.1544041369461833,1.9954232148278512,wheat_combined,07_01
301,2024,wheat_spring,2.888086642599278,4.15,3.972887242475032,3.9406705584775947,wheat_combined,07_01
302,2020,wheat_spring,2.43,2.2403,2.808984721427712,2.6568736207248618,wheat_combined,07_01
302,2021,wheat_spring,1.2724444444444445,2.1026,2.725575190199447,2.6049730459084532,wheat_combined,07_01
302,2023,wheat_spring,2.0,2.086,2.17463510801793,2.2773242302808105,wheat_combined,07_01
303,2020,wheat_spring,2.463,3.0389,2.34543732837807,2.1927196018717936,wheat_combined,07_01
303,2025,wheat_winter,5.6745,5.652,2.9703560351033835,3.0856432300918675,wheat_combined,07_01
304,2018,wheat_spring,2.2532467532467533,2.4351,,,wheat_combined,07_01
304,2020,wheat_spring,1.974025974025974,1.4214,2.669086870136129,2.4329557316174415,wheat_combined,07_01
304,2023,wheat_spring,2.142857142857143,1.6225,2.4342834765806884,2.5350740056212886,wheat_combined,07_01
304,2024,wheat_spring,4.071428571428571,3.8340000000000005,4.064491369715073,4.055606348542815,wheat_combined,07_01
305,2020,wheat_spring,3.353,2.0268,2.6623294760992304,2.444417294843704,wheat_combined,07_01
305,2022,wheat_spring,3.257047619047619,3.5012,3.0960896058161396,3.050944337765398,wheat_combined,07_01
305,2024,wheat_winter,5.032571428571428,5.5272,3.925797698753025,3.847313047307272,wheat_combined,07_01
306,2020,wheat_spring,3.3229999999999995,2.2877,2.610498221819493,2.393630561106511,wheat_combined,07_01
306,2023,wheat_winter,3.240437158469945,2.3137,2.4367499380899673,2.611635094603252,wheat_combined,07_01
307,2021,wheat_winter,1.828235294117647,3.6536,2.6819394669030165,2.556358446022293,wheat_combined,07_01
308,2018,wheat_spring,3.128,2.675,,,wheat_combined,07_01
308,2020,wheat_spring,2.121,2.2031,2.833746380507459,2.689310989870541,wheat_combined,07_01
308,2022,wheat_spring,2.6720779220779223,3.2978,2.8902797221352285,2.749295818508139,wheat_combined,07_01
308,2024,wheat_winter,6.613961038961039,6.0019,3.8697147492012878,3.787464701217249,wheat_combined,07_01
309,2020,wheat_spring,1.4220000000000002,2.3192,2.654039453775951,2.369344125590442,wheat_combined,07_01
310,2018,wheat_spring,2.5636363636363635,2.7748,,,wheat_combined,07_01
310,2020,wheat_spring,1.519,2.4532,2.194208931584102,2.201235883837553,wheat_combined,07_01
310,2022,wheat_spring,3.978,4.8922,2.785174808277996,2.631522213335015,wheat_combined,07_01
310,2024,wheat_spring,3.763636363636364,3.5579,3.4815389329388218,3.588465329382408,wheat_combined,07_01
311,2018,wheat_spring,3.529166666666667,2.8415,,,wheat_combined,07_01
311,2022,wheat_winter,3.099083333333333,3.1844,2.6322144005168076,2.497604676469479,wheat_combined,07_01
311,2024,wheat_spring,3.84925,4.0912999999999995,3.8292802762346763,3.7937458931021357,wheat_combined,07_01
312,2018,wheat_spring,1.5555555555555556,3.3485,,,wheat_combined,07_01
312,2020,wheat_winter,3.3200000000000003,3.1302,2.5030321010093157,2.3718176527717825,wheat_combined,07_01
312,2023,wheat_spring,1.9755555555555555,2.0492999999999997,2.8798329556666333,2.776208668752394,wheat_combined,07_01
313,2020,wheat_spring,2.127,2.6372,2.7214799272804506,2.5219936108117715,wheat_combined,07_01
313,2022,wheat_spring,3.3391818181818183,3.7146999999999997,2.7847188518674844,2.5822399023087845,wheat_combined,07_01
313,2025,wheat_winter,4.522545454545455,4.2306,2.975445159311545,3.0699648325038478,wheat_combined,07_01
314,2020,wheat_spring,1.423,2.1246,2.6727932252227142,2.414312103086712,wheat_combined,07_01
314,2024,wheat_winter,5.3133067729083665,4.5685,3.1782917400773165,3.013334764771582,wheat_combined,07_01
315,2022,wheat_spring,3.067894736842105,3.3899999999999997,2.8605736673908844,2.8406982863710586,wheat_combined,07_01
315,2023,wheat_spring,2.289473684210526,2.4754,2.5960651262150756,2.7345550873108095,wheat_combined,07_01
316,2021,wheat_spring,3.35448275862069,2.5179,2.7475685445016653,2.6685389821476173,wheat_combined,07_01
316,2023,wheat_winter,2.6882758620689655,1.9064,2.3983489684851813,2.627257924868437,wheat_combined,07_01
317,2020,wheat_spring,2.9690000000000003,2.2205,2.7569561779505145,2.555028030802247,wheat_combined,07_01
317,2022,wheat_spring,3.6494117647058824,3.9486,3.114196286731047,3.0782610670857102,wheat_combined,07_01
317,2024,wheat_winter,4.266176470588236,4.5053,3.1898274548995853,3.1239078494656956,wheat_combined,07_01
318,2020,wheat_spring,3.176,2.5753,2.5393038104882777,2.4539846167730817,wheat_combined,07_01
318,2023,wheat_winter,2.749319371727749,2.1624,2.4349600143330017,2.604067782678406,wheat_combined,07_01
319,2019,wheat_spring,3.511,3.6228000000000002,,,wheat_combined,07_01
319,2023,wheat_winter,1.892156862745098,2.0064,2.4337138380574403,2.518213565063653,wheat_combined,07_01
319,2025,wheat_spring,4.713333333333333,3.531,3.008378648812759,3.0834072442322755,wheat_combined,07_01
320,2021,wheat_spring,3.9986666666666664,3.4893,3.019518977772212,2.763405698490088,wheat_combined,07_01
320,2023,wheat_winter,1.4966666666666666,2.1379,2.408702168845087,2.6020240272450805,wheat_combined,07_01
320,2025,wheat_spring,5.241333333333333,4.1115,2.9986197815548477,3.082389889892039,wheat_combined,07_01
321,2019,wheat_spring,2.974,3.2060000000000004,,,wheat_combined,07_01
321,2021,wheat_spring,3.118865979381443,2.9139,2.979512163775596,2.7706636264364586,wheat_combined,07_01
321,2023,wheat_winter,2.4504123711340204,2.1239,2.4362697058503313,2.5792926465758375,wheat_combined,07_01
322,2021,wheat_spring,3.549714285714286,3.1239999999999997,2.918859471172821,2.78250188951226,wheat_combined,07_01
322,2023,wheat_spring,3.257142857142857,2.2018999999999997,2.277023924508662,2.461911946142771,wheat_combined,07_01
323,2019,wheat_winter,5.036,5.1716999999999995,,,wheat_combined,07_01
323,2021,wheat_spring,2.7504545454545455,2.6267,2.9126891119198035,2.7122001780787355,wheat_combined,07_01
323,2023,wheat_spring,2.987012987012987,2.2935,2.659181706285294,2.8261616325123295,wheat_combined,07_01
323,2024,wheat_winter,4.966298701298701,5.0912999999999995,3.2972101935984686,3.1629226309035054,wheat_combined,07_01
324,2021,wheat_spring,3.4877777777777776,2.7978,2.823566102074427,2.7408120989276052,wheat_combined,07_01
324,2023,wheat_spring,2.1296296296296298,2.5347,3.234962190340677,3.2596199869560554,wheat_combined,07_01
325,2021,wheat_spring,3.3966666666666665,2.7414,2.752190892937373,2.692094935358618,wheat_combined,07_01
325,2023,wheat_spring,1.99,2.8832,2.9614463789642684,3.031473921232616,wheat_combined,07_01
327,2021,wheat_spring,4.412475247524752,3.5446,2.790693918015557,2.6501381468057903,wheat_combined,07_01
328,2019,wheat_winter,5.195,4.7606,,,wheat_combined,07_01
328,2021,wheat_spring,1.515294117647059,1.4171,2.7055989687604876,2.631494595926606,wheat_combined,07_01
328,2022,wheat_winter,2.5023529411764707,3.8293,2.4813247310875313,2.3174061683274427,wheat_combined,07_01
329,2018,wheat_spring,3.1666666666666665,3.3064999999999998,,,wheat_combined,07_01
329,2021,wheat_spring,3.485,2.9349,2.7500379470561827,2.7261884701198844,wheat_combined,07_01
330,2018,wheat_spring,2.8,3.6359000000000004,,,wheat_combined,07_01
330,2019,wheat_spring,3.165,2.7283,,,wheat_combined,07_01
330,2024,wheat_spring,4.204739336492891,3.6039000000000003,3.4813118911942507,3.5235313280144545,wheat_combined,07_01
331,2018,wheat_spring,2.371428571428571,2.272,,,wheat_combined,07_01
331,2019,wheat_spring,2.4,3.0822,,,wheat_combined,07_01
331,2021,wheat_spring,3.196,2.8387000000000002,2.8361466274529,2.675881582066369,wheat_combined,07_01
331,2022,wheat_winter,2.234714285714286,2.3358,1.9754822217164347,1.969081945321279,wheat_combined,07_01
331,2024,wheat_spring,4.017571428571429,3.1,3.6173031887327687,3.7026491381576188,wheat_combined,07_01
332,2019,wheat_spring,3.525,4.1516,,,wheat_combined,07_01
332,2021,wheat_spring,2.784181034482758,3.3049999999999997,2.865480041544928,2.7511255061661295,wheat_combined,07_01
332,2023,wheat_spring,2.2198275862068964,2.2326,2.2211660635566375,2.2182241538695306,wheat_combined,07_01
333,2019,wheat_winter,6.054,6.1866,,,wheat_combined,07_01
333,2021,wheat_spring,3.365379746835443,2.2742999999999998,2.9306028144546192,2.7383714761303737,wheat_combined,07_01
333,2023,wheat_spring,2.329113924050633,2.4387,2.5397876885721846,2.7147778379938563,wheat_combined,07_01
334,2019,wheat_winter,2.364,2.5126999999999997,,,wheat_combined,07_01
334,2021,wheat_spring,3.1403749999999997,3.1044,2.96889069376168,2.7454621850349614,wheat_combined,07_01
334,2023,wheat_spring,3.24375,2.1475,2.3635446672861824,2.5587478814378795,wheat_combined,07_01
335,2021,wheat_spring,2.724485981308411,3.3575000000000004,2.822152339826684,2.7163395874352747,wheat_combined,07_01
335,2023,wheat_spring,2.850467289719626,1.9441,2.5718874543281434,2.7026204659975304,wheat_combined,07_01
336,2018,wheat_spring,2.9,2.6754000000000002,,,wheat_combined,07_01
336,2021,wheat_spring,3.555333333333333,3.4055,2.573161669041541,2.591353874987902,wheat_combined,07_01
336,2023,wheat_spring,3.5246666666666666,3.0418,2.79485317871032,2.9408726941295282,wheat_combined,07_01
337,2021,wheat_spring,3.2880000000000003,2.3593,2.7524225054007405,2.595425440354819,wheat_combined,07_01
337,2023,wheat_spring,1.825,2.6159,3.1511458934145797,3.209374180037071,wheat_combined,07_01
338,2021,wheat_spring,2.9725,2.2576,2.798843692083391,2.6739642179205343,wheat_combined,07_01
338,2023,wheat_spring,1.30125,2.896,2.9796147850532155,3.0001823989211625,wheat_combined,07_01
339,2021,wheat_spring,4.1225,2.9798,2.8687836401198332,2.704113060423947,wheat_combined,07_01
339,2023,wheat_spring,1.4583333333333333,2.4658,2.245325750831326,2.420174568154774,wheat_combined,07_01
339,2024,wheat_spring,3.623333333333333,1.6454999999999997,2.8845311350486056,2.8513178216019375,wheat_combined,07_01
339,2025,wheat_spring,5.5616666666666665,3.7984,3.030204284548567,3.0806006449645635,wheat_combined,07_01
340,2023,wheat_spring,3.4262295081967213,2.5234,2.5205009822280675,2.4864400684048995,wheat_combined,07_01
341,2023,wheat_spring,1.7916666666666667,2.9345,2.395149973631799,2.372203173828363,wheat_combined,07_01
342,2021,wheat_winter,1.9413636363636364,3.7936,3.2343862196428588,2.985893226803053,wheat_combined,07_01
342,2023,wheat_spring,2.340909090909091,3.0209,2.9287022153422524,2.9359972685660782,wheat_combined,07_01
343,2018,wheat_spring,2.6122448979591835,2.4850000000000003,,,wheat_combined,07_01
343,2022,wheat_winter,3.422857142857143,2.9443,2.5624030375432567,2.364720814014905,wheat_combined,07_01
345,2022,wheat_spring,4.998666666666667,3.1092,3.1601478712739115,2.9690302445622487,wheat_combined,07_01
345,2024,wheat_spring,3.306666666666667,4.2535,4.131114580566036,4.021713021359883,wheat_combined,07_01
346,2022,wheat_spring,4.4437837837837835,3.8421,3.0077644867540516,2.8523887988493657,wheat_combined,07_01
346,2024,wheat_winter,7.144324324324324,5.6759,3.823059540619562,3.875853480553288,wheat_combined,07_01
347,2019,wheat_winter,3.2119999999999997,4.0594,,,wheat_combined,07_01
347,2022,wheat_spring,3.2732,,2.500796082850004,2.416684256214265,wheat_combined,07_01
347,2023,wheat_winter,1.536,2.3535,1.7073352689184524,1.7224831498895998,wheat_combined,07_01
347,2025,wheat_spring,4.647200000000001,3.8152,3.0679015937841294,3.0935250636786136,wheat_combined,07_01
349,2022,wheat_spring,3.5331707317073175,3.6122,2.9357523333831894,2.77809317535589,wheat_combined,07_01
350,2022,wheat_spring,3.551338582677165,2.8885,3.0135504430322446,2.9325736183253115,wheat_combined,07_01
350,2024,wheat_spring,4.731968503937008,4.6448,3.90154272846811,3.966540254917625,wheat_combined,07_01
351,2021,wheat_spring,4.5,3.0916,2.5132294469253744,2.444283373041015,wheat_combined,07_01
352,2020,wheat_spring,1.419,1.5573000000000001,2.8498570897863584,2.756513523674934,wheat_combined,07_01
352,2022,wheat_spring,4.080747663551402,3.1329000000000002,3.0553940369971726,2.982415300547116,wheat_combined,07_01
352,2024,wheat_winter,6.125981308411215,3.9843,3.7194266633335396,3.812834294125944,wheat_combined,07_01
353,2022,wheat_spring,3.905208333333333,3.1005,2.9362899329716328,2.7484226212628022,wheat_combined,07_01
354,2022,wheat_spring,3.8073417721518985,3.4005,2.688079932640606,2.4358448274637,wheat_combined,07_01
355,2022,wheat_spring,4.668571428571428,3.2415999999999996,2.863552449828616,2.749279125463279,wheat_combined,07_01
356,2022,wheat_spring,3.2897701149425287,3.5805999999999996,2.8303583145087643,2.8125657620667157,wheat_combined,07_01
356,2024,wheat_spring,3.905747126436782,4.189,3.7911574637514374,3.7476388588948484,wheat_combined,07_01
358,2022,wheat_spring,3.628433734939759,3.9238999999999997,2.7291657890838326,2.4688213994441153,wheat_combined,07_01
358,2025,wheat_spring,4.909156626506024,4.7485,3.0401853863895596,3.1039751271303966,wheat_combined,07_01
359,2020,wheat_spring,1.552,2.1228000000000002,2.839734916063772,2.713071075738336,wheat_combined,07_01
359,2022,wheat_spring,3.3601315789473687,4.4251,2.900427561284419,2.7704419182300994,wheat_combined,07_01
359,2024,wheat_winter,4.423552631578947,4.3869,3.8555314387013526,3.7514803322972514,wheat_combined,07_01
360,2022,wheat_spring,2.936875,3.4680999999999997,3.166749231173281,3.0318836626569277,wheat_combined,07_01
361,2022,wheat_spring,4.149523809523809,3.2476999999999996,2.9672537810776096,2.878013980963692,wheat_combined,07_01
361,2024,wheat_spring,4.476666666666667,4.6591000000000005,3.894402194542023,3.9568352885318214,wheat_combined,07_01
363,2022,wheat_spring,4.46025974025974,2.8952,2.9803240436015614,2.8414352511000347,wheat_combined,07_01
363,2024,wheat_spring,3.9771428571428578,3.7110999999999996,3.57872263061358,3.6007502830806866,wheat_combined,07_01
364,2020,wheat_spring,1.216,1.8535,2.768850988374188,2.6183412399624792,wheat_combined,07_01
364,2022,wheat_spring,4.104166666666667,2.9541,2.8405107188406564,2.719017042809637,wheat_combined,07_01
364,2025,wheat_spring,5.088333333333334,4.084300000000001,3.033525157267149,3.0969936215049367,wheat_combined,07_01
365,2020,wheat_spring,1.299,1.5662,2.833781936702598,2.7198732921335855,wheat_combined,07_01
365,2022,wheat_spring,3.8606666666666665,3.2060000000000004,2.959135435373817,2.782535964007802,wheat_combined,07_01
365,2025,wheat_spring,4.023333333333333,3.7074,3.0324830658357724,3.098792983532734,wheat_combined,07_01
366,2021,wheat_winter,3.398571428571429,4.0013,3.3639080051758947,3.171583067989478,wheat_combined,07_01
367,2022,wheat_spring,3.3458823529411768,,2.3648583776563616,2.373864889389777,wheat_combined,07_01
367,2024,wheat_spring,3.835882352941176,4.6094,4.03417347332677,4.0145297878867865,wheat_combined,07_01
368,2021,wheat_winter,3.547958115183246,3.3354,2.8204505648367975,2.754374467946476,wheat_combined,07_01
368,2023,wheat_spring,2.45130890052356,1.5825,1.9574121297957572,2.0537512193329066,wheat_combined,07_01
369,2023,wheat_spring,2.186232876712329,1.7963999999999998,2.0102499111651007,2.0450818575717387,wheat_combined,07_01
370,2021,wheat_winter,2.0215384615384617,4.0399,3.4001914896439196,3.1857316439674603,wheat_combined,07_01
370,2023,wheat_spring,1.709230769230769,2.6358,2.625676134955293,2.6480661597937454,wheat_combined,07_01
370,2025,wheat_winter,3.573846153846154,3.7578000000000005,3.0090094192165484,3.062425999713767,wheat_combined,07_01
371,2021,wheat_winter,2.0984615384615384,3.6546,3.0859525521499482,3.0393211716556254,wheat_combined,07_01
371,2022,wheat_spring,3.946153846153846,,2.542990191967926,2.3035439880100506,wheat_combined,07_01
371,2024,wheat_spring,5.176923076923076,4.889200000000001,3.760233832391676,3.717814840574911,wheat_combined,07_01
372,2021,wheat_winter,1.8289320388349517,2.4677,2.8744063040831858,2.901680840128237,wheat_combined,07_01
372,2022,wheat_spring,3.881941747572815,3.1067,2.702490606988669,2.6760757054513142,wheat_combined,07_01
373,2021,wheat_winter,3.1011555555555557,3.3177,3.3951405234959635,3.231252188564942,wheat_combined,07_01
373,2022,wheat_spring,2.4004444444444446,,2.3860811600661105,2.2770387235509624,wheat_combined,07_01
373,2024,wheat_spring,4.0137777777777774,3.6927,3.507815318164479,3.5053058547102456,wheat_combined,07_01
374,2021,wheat_winter,5.244313725490196,3.5782,3.845637421428882,3.7310920889081496,wheat_combined,07_01
374,2022,wheat_spring,3.959607843137255,,2.6608699562808145,2.486726313005135,wheat_combined,07_01
374,2024,wheat_spring,4.47921568627451,4.206,3.940722363475511,3.82626792787248,wheat_combined,07_01
375,2021,wheat_winter,2.206153846153846,3.7272,3.262385698403607,3.033346620169029,wheat_combined,07_01
375,2022,wheat_spring,4.341538461538462,,2.8253262045912493,2.5666224292548394,wheat_combined,07_01
375,2024,wheat_spring,4.658461538461538,4.4691,4.079594336766838,4.0808908729900395,wheat_combined,07_01
376,2021,wheat_winter,3.2995604395604397,3.5896999999999997,2.9463711831571295,2.8784904848566835,wheat_combined,07_01
377,2021,wheat_winter,3.4017021276595742,4.1545000000000005,3.461545442163735,3.2777647632133347,wheat_combined,07_01
377,2022,wheat_spring,2.699148936170213,,2.386258438006362,2.3649104430599714,wheat_combined,07_01
377,2024,wheat_spring,3.7161702127659577,4.2158999999999995,3.9371006373552193,3.8393846520630435,wheat_combined,07_01
378,2021,wheat_spring,3.5507692307692307,3.946,2.9614695026548734,3.020439398111238,wheat_combined,07_01
378,2022,wheat_spring,4.207179487179488,3.1805,2.9797455403889916,2.9258179759597835,wheat_combined,07_01
379,2021,wheat_winter,2.229108910891089,2.9137,2.7438339445041904,2.770348043442466,wheat_combined,07_01
379,2022,wheat_spring,2.1502970297029704,,2.206253558572519,2.0777774801805178,wheat_combined,07_01
379,2024,wheat_spring,4.011386138613861,3.772,3.626060666516722,3.649611894472406,wheat_combined,07_01
380,2021,wheat_winter,1.9683333333333335,4.3027,3.574811712685505,3.346433375439946,wheat_combined,07_01
381,2021,wheat_spring,2.6253333333333333,3.4625,2.4978117625768745,2.482942794737162,wheat_combined,07_01
381,2023,wheat_winter,2.849,3.0126999999999997,2.0652016343658306,2.1107167717636544,wheat_combined,07_01
381,2025,wheat_spring,4.475666666666667,3.6499,3.038657723131014,3.0991603806986148,wheat_combined,07_01
382,2019,wheat_winter,3.993,4.5546,,,wheat_combined,07_01
382,2021,wheat_spring,3.0840310077519377,3.9207,2.7480498064074186,2.690341697076492,wheat_combined,07_01
382,2023,wheat_winter,1.8088372093023255,2.2022,2.1624653899388564,2.1845661793994866,wheat_combined,07_01
382,2025,wheat_spring,5.214573643410852,4.131,3.049944253647471,3.104263770053466,wheat_combined,07_01
383,2017,wheat_spring,1.682,3.7149,,,wheat_combined,07_01
383,2019,wheat_winter,3.011,3.7854,,,wheat_combined,07_01
383,2021,wheat_spring,3.3516666666666666,2.9693,2.671132636526264,2.7152201327396233,wheat_combined,07_01
384,2018,wheat_winter,3.696,4.3828000000000005,,,wheat_combined,07_01
384,2019,wheat_winter,3.5759999999999996,3.3646000000000003,,,wheat_combined,07_01
384,2021,wheat_spring,2.329171974522293,3.2428,2.767018624737584,2.609693043631732,wheat_combined,07_01
384,2023,wheat_winter,1.365859872611465,2.9309000000000003,2.0602079883134703,2.0449117843042672,wheat_combined,07_01
386,2017,wheat_spring,1.161,2.3585000000000003,,,wheat_combined,07_01
386,2019,wheat_spring,3.332,3.3621000000000003,,,wheat_combined,07_01
386,2021,wheat_spring,3.405688073394496,3.0003,2.7242159441694724,2.722794326965937,wheat_combined,07_01
386,2023,wheat_spring,2.941467889908257,2.2585,2.031951517704009,2.0911896495517857,wheat_combined,07_01
386,2024,wheat_winter,5.172844036697248,5.0877,3.963006157396305,3.982361711904045,wheat_combined,07_01
387,2017,wheat_spring,1.535,1.6916,,,wheat_combined,07_01
387,2019,wheat_winter,2.915,3.3951000000000002,,,wheat_combined,07_01
387,2021,wheat_spring,2.3716999999999997,3.3234000000000004,2.724980899273786,2.7187781739236887,wheat_combined,07_01
387,2024,wheat_spring,4.1988,3.7257,3.5969829073482202,3.5920093631833474,wheat_combined,07_01
388,2017,wheat_spring,1.0710000000000002,2.7798,,,wheat_combined,07_01
388,2019,wheat_winter,1.92,2.3167999999999997,,,wheat_combined,07_01
388,2022,wheat_spring,3.236,,2.557290253535209,2.4740730718189967,wheat_combined,07_01
388,2023,wheat_winter,2.2079999999999997,2.216,1.9158053520058462,1.9077387441502778,wheat_combined,07_01
388,2025,wheat_spring,5.218999999999999,3.7337000000000002,3.088767582522492,3.097912268739644,wheat_combined,07_01
389,2017,wheat_spring,1.0710000000000002,4.0134,,,wheat_combined,07_01
389,2019,wheat_winter,1.92,2.455,,,wheat_combined,07_01
389,2023,wheat_spring,3.085,2.4513000000000003,2.8768534500830323,2.8281156392124935,wheat_combined,07_01
389,2024,wheat_spring,4.4775,4.3515,3.6841404182057897,3.722399527947388,wheat_combined,07_01
390,2017,wheat_spring,1.222,2.2811,,,wheat_combined,07_01
390,2019,wheat_winter,3.268,3.0896,,,wheat_combined,07_01
390,2021,wheat_spring,3.203928571428571,2.8125,2.602459317470433,2.6153676158723087,wheat_combined,07_01
390,2022,wheat_spring,2.420714285714286,,2.4605480137957265,2.3042840750652043,wheat_combined,07_01
390,2023,wheat_winter,2.6717857142857144,3.3547,2.369515271645083,2.2569210875835095,wheat_combined,07_01
390,2025,wheat_spring,4.868214285714286,3.9851,3.0311970869464555,3.102957756103951,wheat_combined,07_01
391,2019,wheat_winter,4.879,4.2385,,,wheat_combined,07_01
391,2021,wheat_spring,2.105,3.3278,2.703844737530372,2.6553109516646236,wheat_combined,07_01
391,2023,wheat_spring,1.956875,1.8074000000000001,2.0522885639189936,2.1171162927782863,wheat_combined,07_01
391,2024,wheat_spring,4.624375,4.5217,3.857352146984948,3.868061500510474,wheat_combined,07_01
392,2019,wheat_winter,4.803,4.1349,,,wheat_combined,07_01
392,2021,wheat_spring,4.514594594594595,3.8865000000000003,2.630251825710092,2.5899393731303033,wheat_combined,07_01
392,2023,wheat_spring,1.2345945945945946,1.9949999999999999,1.7715585389754023,1.803155248009113,wheat_combined,07_01
392,2024,wheat_spring,4.623783783783784,3.8920000000000003,3.500269674877805,3.5864626423174215,wheat_combined,07_01
393,2019,wheat_spring,4.196,2.9074999999999998,,,wheat_combined,07_01
393,2021,wheat_spring,2.3286713286713288,3.0046,2.734636087871405,2.665976935584208,wheat_combined,07_01
393,2023,wheat_spring,2.7683916083916085,2.554,1.7098439439289896,1.8619794698404843,wheat_combined,07_01
393,2025,wheat_spring,4.924335664335664,4.1224,3.049380168124745,3.098894682522341,wheat_combined,07_01
394,2021,wheat_spring,3.00875,3.2466,2.8242427118635116,2.772712163581809,wheat_combined,07_01
395,2019,wheat_winter,4.664,4.706300000000001,,,wheat_combined,07_01
395,2021,wheat_spring,2.7353125,2.5719000000000003,2.8133750848083565,2.780966758591732,wheat_combined,07_01
395,2024,wheat_spring,3.98,3.4768,3.526464204039746,3.4975121454338445,wheat_combined,07_01
395,2025,wheat_spring,4.1759375,2.9146,3.054251241304175,2.9587648040299404,wheat_combined,07_01
396,2019,wheat_winter,4.05,3.4858,,,wheat_combined,07_01
396,2021,wheat_spring,4.036969696969697,3.2404,2.5639482767230297,2.5379240896882735,wheat_combined,07_01
396,2023,wheat_spring,1.9224242424242424,2.0597000000000003,2.231804329332295,2.267502472981123,wheat_combined,07_01
396,2024,wheat_spring,4.926060606060606,4.0654,3.5460796349379593,3.515180276780322,wheat_combined,07_01
397,2017,wheat_spring,2.253,2.1261,,,wheat_combined,07_01
397,2019,wheat_winter,4.378,3.3304,,,wheat_combined,07_01
397,2021,wheat_spring,1.8685470085470088,2.5855,2.576310263323029,2.6010433085035216,wheat_combined,07_01
397,2023,wheat_spring,2.456410256410256,2.4809,1.6813843419723757,1.8266634951867367,wheat_combined,07_01
397,2025,wheat_winter,2.2528205128205125,2.3763,3.0036933498583998,2.9775098368205692,wheat_combined,07_01
400,2021,wheat_spring,3.56,3.0575,2.673023862065072,2.5407560392144988,wheat_combined,07_01
401,2021,wheat_spring,4.2733333333333325,2.9671,2.791883392079289,2.683996129830114,wheat_combined,07_01
402,2017,wheat_spring,2.0940000000000003,2.7877,,,wheat_combined,07_01
402,2019,wheat_winter,2.301,3.5305999999999997,,,wheat_combined,07_01
402,2022,wheat_spring,2.7777777777777777,,2.6398868223795597,2.4866015053355657,wheat_combined,07_01
402,2023,wheat_winter,1.665,2.5265,1.7169254908733935,1.76327893998964,wheat_combined,07_01
402,2025,wheat_spring,5.3805555555555555,4.072699999999999,3.0610893599384585,3.098010319127961,wheat_combined,07_01
403,2019,wheat_winter,4.098,4.5172,,,wheat_combined,07_01
403,2021,wheat_spring,3.42235294117647,2.8758,2.613352598994538,2.549034436614017,wheat_combined,07_01
403,2023,wheat_winter,2.0727058823529414,2.2190000000000003,1.9249736497491405,1.8582112157927064,wheat_combined,07_01
403,2025,wheat_spring,5.734117647058823,3.2380000000000004,3.0415146530386123,3.062319744334269,wheat_combined,07_01
405,2019,wheat_spring,3.676,2.549,,,wheat_combined,07_01
405,2021,wheat_spring,3.4904093567251464,3.0448,2.8708793410691795,2.7581597984176094,wheat_combined,07_01
405,2022,wheat_spring,2.3405847953216377,,2.3340212443129307,2.159209964280664,wheat_combined,07_01
405,2023,wheat_winter,2.1315789473684212,3.0728,1.9942668592886112,2.0472785846239288,wheat_combined,07_01
406,2017,wheat_spring,1.644,2.1902,,,wheat_combined,07_01
406,2019,wheat_spring,3.038,2.8697,,,wheat_combined,07_01
406,2021,wheat_spring,2.812173913043478,2.5004999999999997,2.7221571950231827,2.790829358997651,wheat_combined,07_01
406,2024,wheat_spring,3.263478260869565,3.6704999999999997,3.445972782393352,3.49978737400866,wheat_combined,07_01
407,2017,wheat_spring,1.261,4.2031,,,wheat_combined,07_01
407,2019,wheat_spring,1.418,4.0177,,,wheat_combined,07_01
407,2022,wheat_spring,2.7733333333333334,,2.553959645097771,2.276164341744497,wheat_combined,07_01
407,2023,wheat_winter,2.304444444444444,2.4889,2.3617147551921476,2.456079388297689,wheat_combined,07_01
408,2019,wheat_winter,5.078,3.9767,,,wheat_combined,07_01
408,2021,wheat_spring,3.4680701754385965,2.7834,2.559525037662756,2.529065370766567,wheat_combined,07_01
408,2023,wheat_spring,1.656140350877193,1.551,1.6518574402327826,1.6854847568865758,wheat_combined,07_01
408,2024,wheat_spring,4.508070175438596,2.4021999999999997,3.5132364922589114,3.560619095495797,wheat_combined,07_01
409,2018,wheat_winter,3.239,4.2253,,,wheat_combined,07_01
409,2021,wheat_spring,2.427906976744186,2.6424,2.542167271639932,2.5027922273684857,wheat_combined,07_01
409,2023,wheat_spring,2.5293023255813956,1.8623999999999998,1.700002062184359,1.7796567186779129,wheat_combined,07_01
409,2024,wheat_spring,4.935348837209302,3.6374000000000004,3.774596938215601,3.7672425685975597,wheat_combined,07_01
410,2021,wheat_spring,3.5784,3.098,2.4745175389135747,2.4241546367832747,wheat_combined,07_01
410,2023,wheat_spring,2.0831999999999997,2.0454,2.0792764468908262,2.1916761696083107,wheat_combined,07_01
410,2024,wheat_spring,5.5360000000000005,3.9970999999999997,3.554617067639393,3.5426634255915195,wheat_combined,07_01
411,2019,wheat_spring,2.755,2.5151,,,wheat_combined,07_01
411,2021,wheat_spring,3.3311428571428574,2.5873999999999997,2.6699808577872877,2.635242441410592,wheat_combined,07_01
411,2023,wheat_spring,2.7565714285714287,2.1238,1.8869103783306176,1.9964768351448614,wheat_combined,07_01
411,2024,wheat_spring,2.626714285714286,3.6499,3.619192353975278,3.6267556137263113,wheat_combined,07_01
412,2017,wheat_spring,1.7079999999999995,2.4177,,,wheat_combined,07_01
412,2019,wheat_winter,4.205,3.1210999999999998,,,wheat_combined,07_01
412,2021,wheat_spring,3.440727272727273,3.1292,2.8551855956100125,2.7171813552637016,wheat_combined,07_01
412,2022,wheat_spring,2.478909090909091,,2.295350485464667,2.20092426735907,wheat_combined,07_01
412,2023,wheat_winter,3.3007272727272725,2.8512,1.9679047798032592,2.077818844270891,wheat_combined,07_01
412,2025,wheat_spring,4.6632727272727275,3.8967,3.042095758917273,3.0978773114958953,wheat_combined,07_01
414,2019,wheat_winter,4.241,4.2369,,,wheat_combined,07_01
414,2021,wheat_spring,3.536689655172414,2.7015000000000002,2.6092891093340262,2.5356854378741924,wheat_combined,07_01
414,2023,wheat_spring,2.6637241379310344,1.9727000000000001,2.272011255115208,2.251723286825291,wheat_combined,07_01
415,2017,wheat_spring,1.011,1.5343,,,wheat_combined,07_01
415,2019,wheat_winter,3.106,3.3231,,,wheat_combined,07_01
415,2021,wheat_spring,2.8478125,2.3477,2.539860726944273,2.6006082035985845,wheat_combined,07_01
415,2022,wheat_spring,2.0121875,,2.230543475189858,2.0571984711420255,wheat_combined,07_01
415,2024,wheat_spring,4.59875,3.3491999999999997,3.5498473390511944,3.5562880464994393,wheat_combined,07_01
416,2017,wheat_spring,1.41,1.7477,,,wheat_combined,07_01
416,2021,wheat_spring,2.81635687732342,2.6723,2.6845023985821936,2.714524025265786,wheat_combined,07_01
416,2023,wheat_spring,2.685204460966543,2.0873,1.7184716151204817,1.8426879273586818,wheat_combined,07_01
416,2025,wheat_spring,5.082081784386617,4.7181,3.045997612142954,3.1021724014013374,wheat_combined,07_01
418,2019,wheat_winter,2.71,2.6633,,,wheat_combined,07_01
418,2021,wheat_spring,2.963111111111111,3.1821,2.657325641041662,2.6855696743706114,wheat_combined,07_01
418,2023,wheat_spring,3.197777777777778,2.1406,2.331222377291074,2.3341286299731245,wheat_combined,07_01
419,2019,wheat_winter,4.318,4.0973999999999995,,,wheat_combined,07_01
419,2021,wheat_spring,2.869818181818182,3.6451000000000002,2.5888384226162575,2.6345128419486636,wheat_combined,07_01
419,2023,wheat_winter,2.256727272727273,2.0972999999999997,2.1664903830178526,2.301893679626111,wheat_combined,07_01
419,2025,wheat_spring,4.669090909090909,3.539,3.053316781425806,3.097383569274689,wheat_combined,07_01
420,2017,wheat_spring,1.261,2.8537,,,wheat_combined,07_01
420,2019,wheat_winter,2.73,2.6264,,,wheat_combined,07_01
420,2021,wheat_spring,2.3181818181818183,4.6747,2.5798648009677883,2.689939737276236,wheat_combined,07_01
421,2019,wheat_spring,3.379,3.1157,,,wheat_combined,07_01
421,2021,wheat_winter,2.540078431372549,3.4158,3.0254703330597783,2.8774358859710136,wheat_combined,07_01
421,2023,wheat_spring,1.0665098039215686,2.2146999999999997,2.0907491421366045,2.2795937721339623,wheat_combined,07_01
422,2022,wheat_spring,3.4,2.9821,2.508463348767039,2.341383591455404,wheat_combined,07_01
422,2024,wheat_winter,5.087671232876712,4.9749,3.604567462136468,3.631775483558596,wheat_combined,07_01
423,2022,wheat_spring,3.2240449438202248,3.4507,3.024295593800582,3.024392263456071,wheat_combined,07_01
423,2024,wheat_spring,3.914067415730337,2.4316,3.5374509277420305,3.536130080850211,wheat_combined,07_01
424,2017,wheat_spring,1.001,2.0916,,,wheat_combined,07_01
424,2019,wheat_winter,3.898,3.6029000000000004,,,wheat_combined,07_01
424,2021,wheat_spring,2.626470588235294,2.355,2.8191115611315567,2.885905165346707,wheat_combined,07_01
424,2023,wheat_winter,2.062549019607843,2.3227,1.8401239483939196,1.8526135820162406,wheat_combined,07_01
424,2025,wheat_spring,4.860784313725491,3.5783,3.0275375050055815,3.0349789271117955,wheat_combined,07_01
425,2017,wheat_spring,1.089,2.0312,,,wheat_combined,07_01
425,2019,wheat_spring,3.854999999999999,2.9023,,,wheat_combined,07_01
425,2021,wheat_spring,2.7649462365591395,2.8164000000000002,2.6544131088307625,2.6686636278077898,wheat_combined,07_01
425,2023,wheat_spring,2.559784946236559,2.4339,1.8485128910783208,1.8912665702819826,wheat_combined,07_01
426,2021,wheat_winter,4.262711864406779,4.277,3.4700140945104225,3.2897505003950105,wheat_combined,07_01
426,2023,wheat_spring,2.0303389830508474,2.1085000000000003,1.738608145769403,1.7985487329824947,wheat_combined,07_01
427,2020,wheat_spring,1.107,1.8097999999999999,2.854447292184253,2.712714192745611,wheat_combined,07_01
428,2022,wheat_spring,4.175115511551155,2.4844,2.9616985839966006,2.8430751512964516,wheat_combined,07_01
428,2024,wheat_spring,5.232343234323433,3.1295,3.478816711240747,3.5564337087689983,wheat_combined,07_01
429,2023,wheat_spring,3.113636363636364,2.5518,2.6768081271980995,2.6274751893762356,wheat_combined,07_01
430,2020,wheat_spring,2.4,2.2594000000000003,2.5241946368008743,2.520079314233325,wheat_combined,07_01
430,2021,wheat_winter,2.408648648648649,1.9939,2.739409357694464,2.66783501364774,wheat_combined,07_01
431,2021,wheat_winter,2.472,3.307,2.834317406340687,2.571502303550226,wheat_combined,07_01
432,2021,wheat_spring,2.851818181818182,4.0411,2.7189454564997386,2.7458823144578752,wheat_combined,07_01
432,2024,wheat_spring,3.878636363636363,4.1526000000000005,3.7956228486171346,3.748621742534165,wheat_combined,07_01
433,2021,wheat_winter,3.65,2.9941,2.697350461023102,2.4682350209560684,wheat_combined,07_01
434,2021,wheat_spring,2.7960000000000003,2.5795000000000003,2.7516538826403685,2.5616849223391296,wheat_combined,07_01
435,2024,wheat_spring,2.982771084337349,4.2072,4.0593925019645445,4.058104272112438,wheat_combined,07_01
436,2021,wheat_spring,3.0220689655172412,3.5115000000000003,2.76897184552999,2.6381608084246504,wheat_combined,07_01
438,2022,wheat_spring,4.486875,2.8787,2.845784696342385,2.6800330966108197,wheat_combined,07_01
440,2022,wheat_spring,3.4393548387096775,3.2708,2.8490580746420244,2.729088491361086,wheat_combined,07_01
440,2024,wheat_spring,3.290574193548387,3.5326999999999997,3.639798649679266,3.6500591602293007,wheat_combined,07_01
441,2021,wheat_spring,4.001818181818182,3.1464,2.6035632777813937,2.584334113434956,wheat_combined,07_01
441,2025,wheat_spring,3.986666666666667,3.0687,3.038229775017772,3.088722770146303,wheat_combined,07_01
444,2021,wheat_spring,3.7077777777777774,3.1263,2.6053271274593732,2.4551395866403056,wheat_combined,07_01
445,2021,wheat_spring,1.8866666666666667,2.5293,2.824967814874953,2.593543367133528,wheat_combined,07_01
446,2021,wheat_spring,2.02,2.3211,2.795600914971323,2.636093015010162,wheat_combined,07_01
447,2021,wheat_spring,2.646666666666667,3.2517000000000005,2.7847883612378195,2.5638158883162188,wheat_combined,07_01
457,2024,wheat_spring,2.8333333333333335,4.5902,4.375843688214734,4.303792071552162,wheat_combined,07_01
457,2025,wheat_spring,3.44,3.8606000000000003,3.0472184502433644,3.1213124892020994,wheat_combined,07_01
505,2022,wheat_spring,3.466521739130435,2.9643,2.703356914190348,2.5861684139237697,wheat_combined,07_01
506,2022,wheat_spring,2.916875,3.2095999999999996,2.6275846722620475,2.7240397324740684,wheat_combined,07_01
510,2022,wheat_spring,4.543333333333334,3.8942,2.8062474246714983,2.724487876774548,wheat_combined,07_01
512,2022,wheat_spring,1.193,3.8891,2.8626011597100733,2.857983926839695,wheat_combined,07_01
512,2024,wheat_spring,3.609692307692308,3.7114,3.4333761993452394,3.404285419745755,wheat_combined,07_01
512,2025,wheat_spring,3.7007692307692306,2.8117,3.038918473892518,2.9688767268674794,wheat_combined,07_01
513,2023,wheat_spring,1.501304347826087,2.4617999999999998,1.8882608384047759,1.9640964839975674,wheat_combined,07_01
513,2025,wheat_winter,4.506086956521739,4.1163,2.968275879214031,2.9776313168327233,wheat_combined,07_01
514,2023,wheat_winter,2.0454545454545454,2.7962,2.4066987187949307,2.405151308790352,wheat_combined,07_01
604,2023,wheat_spring,2.1067846153846155,2.1026,2.6439466078988483,2.6291781839604735,wheat_combined,07_01
628,2025,wheat_spring,1.6711182108626197,1.8497,3.0301562087061353,2.9673121532321347,wheat_combined,07_01
630,2023,wheat_spring,1.2423529411764709,1.9187,2.5535131406224485,2.5920266460461527,wheat_combined,07_01
630,2025,wheat_spring,1.588235294117647,2.3499,3.007946449502614,2.9655930885742956,wheat_combined,07_01
632,2025,wheat_spring,1.8557142857142856,1.902,2.9821516102293137,2.9563238559832565,wheat_combined,07_01
633,2025,wheat_winter,3.7351351351351343,3.7695,3.0141590078241496,3.0424405020941405,wheat_combined,07_01
634,2024,wheat_spring,3.798571428571429,3.0839,3.8568169053882473,3.7422731014867283,wheat_combined,07_01
634,2025,wheat_spring,4.002857142857143,1.8753,2.9543913950826908,2.9673301346369048,wheat_combined,07_01
635,2023,wheat_spring,2.004705882352941,2.3065,2.5581625658353513,2.7492226058779785,wheat_combined,07_01
635,2025,wheat_spring,3.387058823529412,1.4618,2.951430382243502,2.922001740898418,wheat_combined,07_01
636,2023,wheat_spring,2.0064912280701757,2.3227,2.5269727983598087,2.633816656894701,wheat_combined,07_01
636,2025,wheat_spring,2.5898245614035087,2.3172,2.9492418613124975,2.9211220254058397,wheat_combined,07_01
643,2025,wheat_winter,2.9432432432432436,3.559,3.0182167907435566,3.0532460684911227,wheat_combined,07_01
644,2023,wheat_spring,1.736,2.3145,2.656409702430988,2.7200761171228742,wheat_combined,07_01
644,2024,wheat_spring,2.470666666666667,2.5258,3.6670056380970513,3.545532285490986,wheat_combined,07_01
650,2023,wheat_spring,2.649016393442623,1.7922,2.3973483571845997,2.5794424617689207,wheat_combined,07_01
650,2024,wheat_spring,3.3059016393442624,1.6122,3.152116367224811,3.136292943679381,wheat_combined,07_01
653,2025,wheat_winter,4.073504273504274,4.0688,3.021614602257024,3.083340953356077,wheat_combined,07_01
654,2023,wheat_spring,2.6425,2.2319,2.3073290127028847,2.4300949293806964,wheat_combined,07_01
655,2024,wheat_spring,2.415263157894737,2.4664,3.021864360603128,3.1571451720808907,wheat_combined,07_01
659,2024,wheat_spring,2.440571428571429,3.8122999999999996,3.1177390339302993,3.1448745129661124,wheat_combined,07_01
660,2023,wheat_spring,1.762,1.8501,2.5332492598453475,2.5834513453556154,wheat_combined,07_01
661,2024,wheat_spring,3.669122807017544,2.8949000000000003,3.017030075174759,3.1608668278361782,wheat_combined,07_01
662,2023,wheat_spring,1.7616666666666667,2.4097,2.4877847347947197,2.5821214088082804,wheat_combined,07_01
665,2023,wheat_spring,1.625,1.8,2.3788104220246105,2.506648980321443,wheat_combined,07_01
666,2023,wheat_spring,1.6253191489361702,2.7341,2.4299481705861754,2.5760664182829425,wheat_combined,07_01
668,2025,wheat_spring,3.31872,1.6291,2.9503373891477733,2.927880641032789,wheat_combined,07_01
669,2023,wheat_spring,1.5975471698113208,2.3396,2.426094181768259,2.5442149675738905,wheat_combined,07_01
669,2024,wheat_spring,3.322641509433962,1.9042000000000001,3.3906971148110783,3.4318430638176314,wheat_combined,07_01
671,2023,wheat_spring,1.7196969696969695,2.3992999999999998,2.8299628670569192,2.8757028337745614,wheat_combined,07_01
674,2024,wheat_spring,4.6898425196850395,2.6091,3.065250846531882,3.1461509483469676,wheat_combined,07_01
675,2025,wheat_spring,2.695906432748538,2.6282,2.9489215714057164,2.922437061716189,wheat_combined,07_01
677,2023,wheat_spring,2.2621428571428575,2.5428,2.3778307222180395,2.430153619518552,wheat_combined,07_01
678,2023,wheat_spring,2.0062686567164176,2.2481,2.6175767408025683,2.769327344033192,wheat_combined,07_01
680,2023,wheat_spring,2.511463414634146,2.6251,2.6989674695294905,2.8158260051120556,wheat_combined,07_01
689,2024,wheat_spring,1.1392307692307693,3.067,3.546810705787962,3.5545635233873396,wheat_combined,07_01
689,2025,wheat_spring,1.146153846153846,1.6065999999999998,2.9470703366445856,2.9181588904776503,wheat_combined,07_01
690,2023,wheat_spring,3.1429411764705883,2.6059,2.5594157515738063,2.7208954787890125,wheat_combined,07_01
693,2023,wheat_spring,1.650925925925926,2.0911,2.427249617582526,2.4872454738645797,wheat_combined,07_01
693,2025,wheat_spring,4.111111111111111,1.291,3.019809003553214,2.9764682432677962,wheat_combined,07_01
694,2023,wheat_spring,1.8193939393939391,2.3399,2.7268143650829173,2.7915543743701385,wheat_combined,07_01
694,2024,wheat_spring,1.9284848484848485,2.3099,3.4877926321927624,3.462601427628619,wheat_combined,07_01
694,2025,wheat_spring,3.604848484848485,2.0683,2.9472284053967823,2.971932237549896,wheat_combined,07_01
695,2023,wheat_spring,1.819,2.9157,2.7636847377051117,2.8241701542408046,wheat_combined,07_01
696,2023,wheat_spring,1.6794736842105262,2.1914000000000002,2.4527868140602904,2.529511308806655,wheat_combined,07_01
696,2024,wheat_spring,4.205263157894737,2.7976,3.283072572689682,3.27074247201975,wheat_combined,07_01
698,2024,wheat_spring,3.18863309352518,1.7291,3.3700155838502064,3.3448902342030253,wheat_combined,07_01
698,2025,wheat_spring,3.053956834532374,1.6623,2.9355442026288574,2.9132673927628283,wheat_combined,07_01
699,2024,wheat_spring,1.9542857142857144,2.8974,3.117312041014408,3.126948775457239,wheat_combined,07_01
700,2023,wheat_spring,1.771777777777778,2.1039000000000003,2.5127526772843156,2.638881308543371,wheat_combined,07_01
700,2024,wheat_spring,3.1551111111111108,2.5967,3.4250419477639404,3.382608226270307,wheat_combined,07_01
701,2023,wheat_spring,2.263571428571429,1.7826,2.5254362639499823,2.6018973294680072,wheat_combined,07_01
710,2023,wheat_spring,2.016111111111111,2.1780999999999997,2.5671636228453534,2.6598856295502786,wheat_combined,07_01
711,2023,wheat_spring,1.3551376146788991,2.8049,2.5027502206135233,2.679838976137715,wheat_combined,07_01
711,2025,wheat_spring,2.053211009174312,1.7833999999999999,3.0270104522125143,2.9840135723235535,wheat_combined,07_01
712,2024,wheat_spring,2.481875,2.6062000000000003,3.4625719382453313,3.3741750616736237,wheat_combined,07_01
713,2023,wheat_spring,1.738235294117647,1.6649999999999998,2.6451955022918603,2.787340628837967,wheat_combined,07_01
715,2024,wheat_spring,3.2449664429530203,2.4591000000000003,3.191010817358969,3.269882968930857,wheat_combined,07_01
717,2024,wheat_spring,2.1251315789473684,2.5731,3.239079874256837,3.332190819049273,wheat_combined,07_01
718,2023,wheat_spring,1.7971698113207548,1.8172000000000001,2.32269217290559,2.4758116786192566,wheat_combined,07_01
722,2024,wheat_spring,3.143571428571428,3.2027,3.780114773615335,3.741471944688668,wheat_combined,07_01
722,2025,wheat_spring,1.8907142857142856,1.5339,2.9520813293872634,2.956125500246678,wheat_combined,07_01
725,2025,wheat_spring,2.534630136986302,2.7597,2.9471793269497066,2.980890760896297,wheat_combined,07_01
727,2024,wheat_spring,2.8123809523809524,2.8255,2.9028893736475183,3.0836037137951786,wheat_combined,07_01
728,2023,wheat_spring,2.1681132075471696,1.6682,2.3523879277247186,2.5541346882453695,wheat_combined,07_01
728,2025,wheat_winter,3.3735849056603775,3.6992,3.017687244253396,2.990734503237097,wheat_combined,07_01
729,2023,wheat_spring,1.8895744680851063,2.0976,2.510119110529297,2.6636530779320386,wheat_combined,07_01
730,2024,wheat_spring,3.438636363636364,2.3388999999999998,2.8436276096831565,3.003663036367448,wheat_combined,07_01
733,2023,wheat_spring,1.5219277108433733,2.8982,2.2702979427959025,2.5403811960751637,wheat_combined,07_01
735,2023,wheat_spring,2.44,2.3882000000000003,2.4289226541302744,2.6368560386258144,wheat_combined,07_01
736,2023,wheat_spring,2.190373831775701,2.2428,2.4434499794006435,2.622369052259362,wheat_combined,07_01
736,2025,wheat_winter,3.522429906542056,4.2637,3.0151596283857294,3.0620512903667563,wheat_combined,07_01
737,2023,wheat_spring,2.440300751879699,2.7864999999999998,2.463615296448837,2.7009556649667945,wheat_combined,07_01
737,2025,wheat_spring,3.0362406015037595,2.5449,2.950226899695414,2.940948098621933,wheat_combined,07_01
741,2023,wheat_spring,1.904864864864865,2.3396999999999997,2.79622444317351,2.8804535202811965,wheat_combined,07_01
742,2023,wheat_spring,1.1057560975609757,2.3407,2.4943393023678757,2.676519509570393,wheat_combined,07_01
742,2024,wheat_spring,2.9680000000000004,3.1557,3.550356378757055,3.4671209127851617,wheat_combined,07_01
743,2023,wheat_spring,2.480392156862745,2.506,2.442839376865974,2.520103505408903,wheat_combined,07_01
744,2024,wheat_spring,2.963589743589744,2.7495000000000003,3.630280501914139,3.588370517944089,wheat_combined,07_01
745,2024,wheat_spring,1.665,2.7433,3.5261788028095244,3.480118341849423,wheat_combined,07_01
749,2025,wheat_spring,3.7407751937984495,1.1992,2.94744321091948,2.9391610673058257,wheat_combined,07_01
750,2024,wheat_spring,4.912765957446808,2.5259,2.875266624557968,2.950227920025385,wheat_combined,07_01
754,2023,wheat_spring,3.142777777777778,1.6718,2.8605292775581854,3.0198603136925626,wheat_combined,07_01
754,2024,wheat_spring,3.902549,2.3131,2.959645489461334,2.9848690573014647,wheat_combined,07_01
755,2023,wheat_spring,2.6428205128205127,2.6765999999999996,2.5553379621538377,2.717669364465806,wheat_combined,07_01
756,2023,wheat_spring,3.143035714285714,2.3805,2.823532553399059,3.039873195183297,wheat_combined,07_01
764,2023,wheat_spring,3.1446774193548386,3.0927,2.622103905372377,2.7752393406229103,wheat_combined,07_01
764,2024,wheat_spring,3.882903225806452,2.8918,2.9170425452446156,2.9193734754130376,wheat_combined,07_01
767,2023,wheat_spring,1.6358536585365853,1.5985,3.0139711563543914,3.1053333409079737,wheat_combined,07_01
767,2024,wheat_spring,1.4141463414634146,2.6399999999999997,3.6663326380076,3.6737461759397325,wheat_combined,07_01
768,2023,wheat_spring,1.9517391304347824,2.3278,3.137717821278126,3.116158038336307,wheat_combined,07_01
768,2024,wheat_spring,2.4121739130434783,3.3338,3.229197825261084,3.33358641106333,wheat_combined,07_01
769,2023,wheat_spring,1.636,2.2626,3.024624411195035,3.0671987460708645,wheat_combined,07_01
769,2024,wheat_spring,5.392,2.732,3.555253419543013,3.5877321694086186,wheat_combined,07_01
770,2023,wheat_spring,2.5348507462686567,3.2518000000000002,2.9487752483515237,2.9971317925718033,wheat_combined,07_01
770,2025,wheat_spring,3.468955223880597,1.4385999999999999,2.9288004712778366,2.9297014648403565,wheat_combined,07_01
771,2023,wheat_spring,2.154166666666667,2.4634,2.828776627906159,2.8058943902116567,wheat_combined,07_01
772,2023,wheat_spring,2.327462686567164,2.1691,2.2781476450728855,2.4156024525128164,wheat_combined,07_01
773,2024,wheat_spring,1.5847761194029852,2.5451,2.6156763817273796,2.6681269235597025,wheat_combined,07_01
774,2023,wheat_spring,2.6488888888888886,2.1260000000000003,2.3435496846563635,2.567194311154914,wheat_combined,07_01
774,2024,wheat_spring,3.3511111111111114,2.9053999999999998,2.5351459747833225,2.6209513957650463,wheat_combined,07_01
775,2023,wheat_spring,2.332686567164179,1.8681999999999999,2.7596948312114686,2.930855732006648,wheat_combined,07_01
775,2024,wheat_spring,3.02089552238806,2.3796,3.0036759220294256,3.0617502719867793,wheat_combined,07_01
776,2024,wheat_spring,2.5763265306122447,3.4543,3.1644499923596925,3.1847327376723946,wheat_combined,07_01
778,2023,wheat_spring,1.7359090909090908,2.1901,2.608996933363642,2.7105279381659093,wheat_combined,07_01
778,2024,wheat_spring,4.464090909090909,2.2706,3.6527162561454443,3.522368115192068,wheat_combined,07_01
779,2023,wheat_spring,1.21525,1.6638000000000002,2.526607465818461,2.690696504941139,wheat_combined,07_01
779,2024,wheat_spring,3.148,3.3299,3.5296304644286414,3.491387230739959,wheat_combined,07_01
780,2023,wheat_spring,1.5043333333333335,2.3235,2.467923335172964,2.6269588604289993,wheat_combined,07_01
780,2024,wheat_spring,4.034666666666667,3.1198,3.1083397911333037,3.136388877242009,wheat_combined,07_01
781,2023,wheat_spring,1.736056338028169,2.1445,2.5042905673157754,2.7250089632794348,wheat_combined,07_01
786,2023,wheat_spring,1.4060416666666666,1.5728,2.643211905979128,2.69535718101429,wheat_combined,07_01
786,2024,wheat_spring,3.81125,2.4987,3.0520132383466527,3.130010745456201,wheat_combined,07_01
786,2025,wheat_spring,1.6983333333333333,1.8204999999999998,2.9484287415543773,2.9346226599533507,wheat_combined,07_01
787,2024,wheat_spring,3.1833333333333336,2.4468,3.1053708349659495,3.1996951989106477,wheat_combined,07_01
788,2025,wheat_spring,3.787260273972603,2.1114,2.953822436711132,2.904018561969988,wheat_combined,07_01
789,2024,wheat_spring,3.867674418604651,2.0344,3.4941208523479905,3.5075967410720876,wheat_combined,07_01
792,2023,wheat_spring,1.42275,2.5106,2.564947872021229,2.688779937248593,wheat_combined,07_01
793,2023,wheat_spring,1.7799999999999998,1.682,2.614307133131331,2.670774847673795,wheat_combined,07_01
793,2024,wheat_spring,4.363820224719101,2.1274,3.2153530115859956,3.218496503368983,wheat_combined,07_01
793,2025,wheat_spring,2.1496629213483147,1.8274000000000001,2.9487441073404836,2.9737283857459436,wheat_combined,07_01
797,2023,wheat_spring,1.7378260869565216,1.7944,2.681109583739143,2.8328786516040982,wheat_combined,07_01
797,2025,wheat_spring,4.511304347826087,2.0202,2.955102569081538,2.9345963094989016,wheat_combined,07_01
798,2023,wheat_spring,2.006153846153846,1.6969999999999998,2.658390225726274,2.8204792992716285,wheat_combined,07_01
800,2024,wheat_spring,2.493333333333333,3.2488,3.161242170851873,3.2569855415094024,wheat_combined,07_01
800,2025,wheat_spring,1.816190476190476,1.2844,3.0094882499645874,2.967101445296758,wheat_combined,07_01
801,2023,wheat_spring,1.4505072463768116,2.6103,2.8602384152608127,2.897046749667925,wheat_combined,07_01
801,2025,wheat_spring,3.800724637681159,1.2334,3.03613343925842,2.977328697288058,wheat_combined,07_01
802,2025,wheat_spring,2.8191666666666664,1.7032,2.9842096969449785,2.9738049485793985,wheat_combined,07_01
803,2023,wheat_spring,1.8186206896551724,3.5822000000000003,2.848185498002156,2.9750226620063946,wheat_combined,07_01
803,2025,wheat_spring,5.01103448275862,1.0669,3.0105409830457672,2.975375201972518,wheat_combined,07_01
804,2023,wheat_spring,1.818888888888889,2.5675999999999997,2.470678008558627,2.5992561063145505,wheat_combined,07_01
805,2023,wheat_spring,1.8189473684210529,1.6344999999999998,2.3207838782283434,2.3983024437100045,wheat_combined,07_01
806,2023,wheat_spring,2.2642857142857142,2.4175999999999997,2.6168189707862872,2.7731421656874464,wheat_combined,07_01
807,2023,wheat_spring,3.141052631578947,1.9593,2.438287075624923,2.643928218781605,wheat_combined,07_01
807,2024,wheat_spring,2.4712280701754388,2.4447,3.0744102717262103,2.9738732463115456,wheat_combined,07_01
809,2024,wheat_spring,3.8322916666666664,2.2018,2.8633171767445127,2.8835184068838786,wheat_combined,07_01
809,2025,wheat_spring,2.4595833333333332,1.9196000000000002,2.946207448141996,2.921630606989296,wheat_combined,07_01
810,2024,wheat_spring,4.670877192982457,2.456,2.8826071409344225,2.9058731657106684,wheat_combined,07_01
811,2023,wheat_spring,1.8688888888888888,3.0359000000000003,2.468396186541919,2.5983888232543024,wheat_combined,07_01
811,2024,wheat_spring,4.6866666666666665,2.5377,3.4599389215863754,3.4169207732708227,wheat_combined,07_01
813,2023,wheat_spring,1.738,2.0055,2.7245667745598605,2.8266557557661156,wheat_combined,07_01
815,2023,wheat_spring,1.762222222222222,1.8626,2.5585833740834723,2.687705952017058,wheat_combined,07_01
818,2024,wheat_spring,3.3494252873563215,2.6100000000000003,3.0356412849943446,3.122160627373256,wheat_combined,07_01
819,2023,wheat_spring,1.90125,2.2535,2.778032746369179,2.840581342312264,wheat_combined,07_01
821,2024,wheat_spring,4.94,2.7321999999999997,2.648114677819554,2.726513147454046,wheat_combined,07_01
821,2025,wheat_spring,1.8613861386138617,1.5824,2.9488787916927524,2.9367493207546365,wheat_combined,07_01
823,2024,wheat_spring,2.443404255319149,2.9443,3.0111421326806065,3.081341722159965,wheat_combined,07_01
824,2023,wheat_spring,2.648888888888889,2.2184,2.599081996061935,2.7181207507313316,wheat_combined,07_01
824,2024,wheat_spring,2.8755555555555556,3.5551000000000004,3.162436406748009,3.1674329416123803,wheat_combined,07_01
831,2024,wheat_spring,2.517297297297297,2.6762,3.136770090751965,3.110204562992069,wheat_combined,07_01
832,2023,wheat_spring,4.2,1.7716999999999998,2.7991584890475036,2.865068178050288,wheat_combined,07_01
833,2025,wheat_spring,1.6960493827160494,1.8157,2.985712883980986,2.940643684678864,wheat_combined,07_01
835,2023,wheat_spring,1.1682926829268292,2.3317,2.192952086008968,2.2655310524472942,wheat_combined,07_01
836,2023,wheat_spring,1.6984761904761905,2.5389,2.6494959316884708,2.7537842971510456,wheat_combined,07_01
836,2025,wheat_spring,3.076571428571429,1.2113,3.030405202419109,2.9743417588633942,wheat_combined,07_01
837,2024,wheat_spring,4.956,3.133,2.831848028752307,2.988153501366829,wheat_combined,07_01
838,2023,wheat_spring,1.88,1.8774000000000002,2.5089781808320386,2.6175903517269723,wheat_combined,07_01
838,2024,wheat_spring,2.9166666666666665,2.7047999999999996,2.9301854798367373,3.0241671188486574,wheat_combined,07_01
839,2023,wheat_spring,1.4678260869565218,2.9449,2.455588724012537,2.565918963022977,wheat_combined,07_01
839,2024,wheat_spring,2.688347826086957,2.6762,2.943988991848546,2.959153544526301,wheat_combined,07_01
846,2024,wheat_spring,4.397260273972603,2.7145,2.6508462715042063,2.80900595861534,wheat_combined,07_01
846,2025,wheat_spring,1.747123287671233,1.9491,2.9138647749805524,2.921949551158447,wheat_combined,07_01
847,2024,wheat_spring,3.674237288135594,2.5402,2.987251790192181,2.9682403475303607,wheat_combined,07_01
847,2025,wheat_spring,2.940677966101695,1.2714,2.921049321596705,2.9248658764433015,wheat_combined,07_01
848,2025,wheat_spring,5.9399999999999995,2.6254999999999997,2.921427746029752,2.953890725641438,wheat_combined,07_01
849,2024,wheat_spring,1.2260869565217392,2.4724,2.7586122073553407,2.808154831269138,wheat_combined,07_01
849,2025,wheat_spring,1.0469565217391303,1.9747,2.922363449732917,2.917381936631099,wheat_combined,07_01
850,2024,wheat_spring,4.034594594594594,2.4552,3.542500854273012,3.5038507817978544,wheat_combined,07_01
850,2025,wheat_spring,1.4827027027027029,1.2208,2.9296226789534763,2.923348231472871,wheat_combined,07_01
851,2024,wheat_spring,5.851578947368421,3.3826,3.5599400041064477,3.5635154185884823,wheat_combined,07_01
851,2025,wheat_spring,2.9426315789473683,1.5347,2.930924101308367,2.89778776946479,wheat_combined,07_01
867,2025,wheat_spring,4.0767741935483865,3.8846,3.0855486804403176,3.109816181414183,wheat_combined,07_01
871,2025,wheat_spring,4.996119402985075,3.2743,3.0939063255254315,3.118357672574389,wheat_combined,07_01
872,2025,wheat_spring,3.632098765432098,3.97,3.047893460399814,3.118357672574389,wheat_combined,07_01
873,2025,wheat_spring,4.029166666666667,4.297,3.0478570553753634,3.1248880579965403,wheat_combined,07_01
874,2025,wheat_spring,5.187123287671233,4.3187,3.0356231020374076,3.115047535336417,wheat_combined,07_01
875,2025,wheat_spring,4.700588235294117,4.412599999999999,3.08990896699218,3.1514925549907558,wheat_combined,07_01
879,2024,wheat_spring,3.631333333333333,3.4722999999999997,3.485976353670219,3.5023943601532137,wheat_combined,07_01
881,2025,wheat_spring,5.271794871794872,4.0657,3.0025946142495274,3.0743091853839957,wheat_combined,07_01
892,2024,wheat_spring,4.039580209895052,2.9617,3.5833887374470876,3.573780943421747,wheat_combined,07_01
893,2024,wheat_spring,4.053873873873874,3.3906,3.7526022230623433,3.6382985774597403,wheat_combined,07_01
894,2024,wheat_spring,1.8008695652173914,3.9270000000000005,3.4824307566665,3.475133111733744,wheat_combined,07_01
897,2025,wheat_spring,2.995285714285714,2.3476,3.0322776077427456,2.9710935145489183,wheat_combined,07_01
899,2024,wheat_spring,2.7888,3.1223,3.495593328314734,3.52478659920471,wheat_combined,07_01
901,2024,wheat_spring,2.6990946502057613,1.9486,3.0855428126549014,3.220061492571701,wheat_combined,07_01
903,2024,wheat_spring,1.516697247706422,3.5435000000000003,3.579205508564901,3.5475652743536306,wheat_combined,07_01
904,2025,wheat_spring,3.295175879396985,1.9170000000000003,2.99343944536459,2.9759562469090732,wheat_combined,07_01
905,2024,wheat_spring,1.9746413052501508,2.7877,3.1263525448457012,3.2502114077185387,wheat_combined,07_01
907,2024,wheat_spring,2.997029702970297,3.6849,3.861291368918005,3.8139758255363243,wheat_combined,07_01
910,2025,wheat_spring,4.178913043478261,1.5673,3.0141102279847214,2.983386800326895,wheat_combined,07_01
911,2024,wheat_spring,2.995941176470588,2.4142,3.3550582963213356,3.290683809293968,wheat_combined,07_01
913,2025,wheat_spring,3.618918918918919,1.5699999999999998,2.954425563171818,2.984478481999412,wheat_combined,07_01
924,2024,wheat_spring,2.1640963855421687,2.675,3.754364883031572,3.6523894136736037,wheat_combined,07_01
926,2024,wheat_spring,1.75375,2.2832999999999997,3.0715323136923396,3.2480169931018343,wheat_combined,07_01
929,2024,wheat_spring,2.677674418604651,1.7121,2.708741881708952,2.704763695506615,wheat_combined,07_01
930,2024,wheat_spring,2.8144233758159776,3.4944,3.1860177306393673,3.2773389964892825,wheat_combined,07_01
932,2024,wheat_spring,2.464730290456431,2.8289999999999997,3.6356987149170417,3.5844090695648996,wheat_combined,07_01
933,2024,wheat_spring,1.999285714285714,2.9089,3.0345802283381014,3.138433908339188,wheat_combined,07_01
934,2024,wheat_spring,2.183391025495975,2.6349,2.9748189603822097,3.182925971732657,wheat_combined,07_01
938,2024,wheat_spring,1.465090909090909,2.65,3.0571283196412393,3.206333843451061,wheat_combined,07_01
939,2024,wheat_spring,1.9653846153846155,2.4271000000000003,3.08606226296838,3.1809371130210358,wheat_combined,07_01
942,2025,wheat_spring,3.838840579710145,2.5825,3.0294565690606428,2.949052070978756,wheat_combined,07_01
943,2025,wheat_spring,2.434117647058824,3.0472,3.035962545976222,2.9731009215289257,wheat_combined,07_01
949,2024,wheat_spring,3.1818556701030927,3.3222,3.998395572701693,3.8608791829439606,wheat_combined,07_01
956,2025,wheat_spring,4.296603773584906,4.2711,3.068190988973129,3.1311860323142517,wheat_combined,07_01
957,2024,wheat_spring,4.786470588235295,4.1617,3.671716186775386,3.6242078241966906,wheat_combined,07_01
963,2025,wheat_spring,4.9848888888888885,3.4227,3.0663012518774733,3.092903598257063,wheat_combined,07_01
964,2024,wheat_spring,2.1013333333333333,4.2728,3.2225722853992718,3.188381682621257,wheat_combined,07_01
970,2024,wheat_spring,3.0922221304556583,2.5538,2.906212841237463,2.856739731110679,wheat_combined,07_01
976,2025,wheat_winter,6.3880952380952385,3.626,3.03011416197292,2.9978443980913476,wheat_combined,07_01
977,2025,wheat_spring,3.407058823529412,3.8781999999999996,3.060322346325731,3.077239417004478,wheat_combined,07_01
978,2025,wheat_spring,4.130434782608695,3.3841,3.0680233308638054,3.0871277176427117,wheat_combined,07_01
987,2017,wheat_spring,1.95,2.522,,,wheat_combined,07_01
987,2019,wheat_winter,4.303,3.4509,,,wheat_combined,07_01
987,2021,wheat_winter,3.822121594240336,2.8012,2.6267005616621946,2.4296667971422337,wheat_combined,07_01
987,2022,wheat_winter,1.7124277155062266,2.153,2.212279084494627,2.062648293883529,wheat_combined,07_01
987,2024,wheat_spring,4.1484308079306675,3.6963,3.6874609621392294,3.73720431903829,wheat_combined,07_01
993,2025,wheat_spring,2.9006779661016946,4.3286,3.018863103789013,3.060910545512345,wheat_combined,07_01
994,2025,wheat_spring,3.8666666666666663,1.9466,2.948385903595005,2.929059188526293,wheat_combined,07_01
995,2024,wheat_spring,11.035,3.2725,3.428290683502009,3.4198017456277237,wheat_combined,07_01
996,2024,wheat_spring,32.135000000000005,3.5066,5.023653498179929,4.8384968561925135,wheat_combined,07_01
997,2023,wheat_spring,9.982,2.2649,2.9574298229514873,3.0130138020634556,wheat_combined,07_01
1000,2025,wheat_winter,3.4231818181818183,3.7081000000000004,2.9986051275060404,3.0139575328832326,wheat_combined,07_01
1009,2023,wheat_spring,4.249639634829961,,3.3486416661922043,3.292029392479478,wheat_combined,07_01
1010,2018,wheat_spring,3.2461342159168125,,,,wheat_combined,07_01
1010,2019,wheat_spring,2.4,,,,wheat_combined,07_01
1010,2021,wheat_spring,4.374850281836803,,2.7627433603621765,2.689862166507651,wheat_combined,07_01
1010,2022,wheat_winter,3.058992622866669,,2.14577939650168,2.253000676809772,wheat_combined,07_01
1010,2024,wheat_spring,5.499459792423405,3.7009999999999996,3.729525159784539,3.8122455993205016,wheat_combined,07_01
1011,2019,wheat_winter,2.364,,,,wheat_combined,07_01
1011,2021,wheat_spring,5.109187711755829,,2.807481977320662,2.7273950002360308,wheat_combined,07_01
1011,2023,wheat_spring,5.277372173707908,,3.088479268076718,3.099431807772646,wheat_combined,07_01
1016,2023,wheat_spring,1.9225,,2.591337746353473,2.5552290353732103,wheat_combined,07_01
1021,2025,wheat_spring,1.7027027027027026,1.3195999999999999,2.973016913113173,2.9643338911114028,wheat_combined,07_01
1022,2025,wheat_spring,1.9749685534591197,1.6096,2.9494902499558155,2.961508234048903,wheat_combined,07_01
1025,2025,wheat_spring,1.480952380952381,1.9139,2.9354292898878716,2.9348848061777213,wheat_combined,07_01
1027,2025,wheat_spring,4.96,3.2735,3.0313587951095564,2.9909310952241626,wheat_combined,07_01
195,2022,wheat_winter,2.1216260162601626,2.4872,2.6736319184358504,2.687031024750183,wheat_combined,08_01
195,2025,wheat_spring,2.7195121951219514,2.8708,3.0158626524697594,2.9523958655325346,wheat_combined,08_01
197,2022,wheat_winter,1.5206997084548106,3.2342,2.838811140589696,2.8584260980083744,wheat_combined,08_01
197,2023,wheat_winter,1.0820991253644316,2.1736999999999997,2.1401555234435907,2.0717606620726574,wheat_combined,08_01
197,2025,wheat_spring,3.779416909620991,3.4404000000000003,3.5328793370839713,3.2972243319946464,wheat_combined,08_01
207,2019,wheat_spring,3.5799999999999996,2.7728,,,wheat_combined,08_01
207,2022,wheat_winter,1.8846846846846843,2.9544,2.5754523894261734,2.605770132641074,wheat_combined,08_01
207,2023,wheat_winter,1.068108108108108,2.1542000000000003,2.107449270668438,2.048223208108312,wheat_combined,08_01
208,2022,wheat_spring,2.356923076923077,2.5443000000000002,2.384908794630138,2.2304112606833035,wheat_combined,08_01
208,2023,wheat_spring,2.018076923076923,1.6263999999999998,2.2205242973056745,2.2436898224054644,wheat_combined,08_01
208,2025,wheat_spring,3.8430769230769233,3.0721,3.5873863432501047,3.365464281484313,wheat_combined,08_01
209,2017,wheat_winter,2.22,3.1563,,,wheat_combined,08_01
209,2022,wheat_spring,2.654337748344371,3.0277000000000003,2.546335422055795,2.5604301962454574,wheat_combined,08_01
209,2023,wheat_winter,1.4864900662251657,3.0968,2.0352702708901687,2.093852476751734,wheat_combined,08_01
210,2017,wheat_winter,2.002,2.4049,,,wheat_combined,08_01
210,2022,wheat_spring,3.0655870445344133,3.1882,2.6910524271803284,2.645880391903787,wheat_combined,08_01
210,2024,wheat_winter,5.519493927125506,5.754099999999999,3.8603639301496715,3.929005862205928,wheat_combined,08_01
211,2017,wheat_winter,2.4379999999999997,1.8834,,,wheat_combined,08_01
212,2022,wheat_spring,3.1773529411764705,3.457,2.729477723377755,2.6176419604125,wheat_combined,08_01
212,2023,wheat_spring,2.9445588235294116,2.6809000000000003,1.9756563692433955,2.1046052876061747,wheat_combined,08_01
212,2025,wheat_spring,1.7024264705882353,2.8967,2.9743103448280617,2.9423219907117404,wheat_combined,08_01
213,2021,wheat_spring,1.3155714285714286,3.2506,2.713114780000133,2.7251437959233966,wheat_combined,08_01
214,2021,wheat_spring,1.5857777777777775,3.5127,2.71736984473,2.6706440429369467,wheat_combined,08_01
215,2020,wheat_spring,1.409,1.5953,2.2600853160367014,2.1393013129156317,wheat_combined,08_01
215,2022,wheat_spring,2.858987341772152,2.6435,2.386458153079753,2.3690244948151613,wheat_combined,08_01
215,2024,wheat_winter,4.476708860759494,4.2056,3.280812803006671,3.2868511768531836,wheat_combined,08_01
216,2020,wheat_spring,1.246,2.1373,2.2464329742542817,2.112609567846939,wheat_combined,08_01
216,2022,wheat_spring,3.1270270270270273,3.9165,2.377762184202154,2.3296858344410074,wheat_combined,08_01
216,2024,wheat_winter,5.342162162162162,5.3586,4.130378717615379,4.10149406237426,wheat_combined,08_01
217,2022,wheat_spring,3.063725490196078,3.319,2.5382561626926803,2.3435101090641743,wheat_combined,08_01
217,2025,wheat_spring,2.5629901960784314,2.7186,2.975616860062596,2.9413847620811935,wheat_combined,08_01
218,2022,wheat_spring,2.1723076923076925,2.6648,2.395043501713381,2.312940431861893,wheat_combined,08_01
218,2024,wheat_spring,4.027153846153846,3.3049,3.7164520961579073,3.72818787530381,wheat_combined,08_01
218,2025,wheat_spring,4.112820512820513,2.6460999999999997,3.694659000921626,3.4400106305567384,wheat_combined,08_01
219,2017,wheat_winter,1.873,3.0346,,,wheat_combined,08_01
219,2022,wheat_spring,2.827547619047619,2.8245999999999998,2.6635266956321955,2.64121769850131,wheat_combined,08_01
219,2024,wheat_spring,3.6718380952380953,4.2143999999999995,3.4638181387440787,3.518974241771563,wheat_combined,08_01
220,2022,wheat_spring,3.4832,4.2787999999999995,2.577596577618447,2.507911335958817,wheat_combined,08_01
220,2024,wheat_spring,3.12756,3.7114,3.712995784375776,3.6376678646102514,wheat_combined,08_01
220,2025,wheat_spring,3.3072000000000004,3.6214,3.020740763727688,2.9616541180019063,wheat_combined,08_01
222,2022,wheat_spring,3.2700483870967743,2.977,2.689911396715859,2.5941875403819266,wheat_combined,08_01
222,2024,wheat_spring,3.6562580645161287,4.2654000000000005,3.7105455573439357,3.789546437289152,wheat_combined,08_01
223,2022,wheat_spring,3.2311428571428573,3.0817,2.5488365285672843,2.4499555068337786,wheat_combined,08_01
223,2024,wheat_spring,3.350857142857143,3.5340000000000003,3.7510847290761813,3.6995207503098304,wheat_combined,08_01
224,2022,wheat_spring,3.079423076923077,3.5203,2.4151575790246236,2.452731183988621,wheat_combined,08_01
224,2024,wheat_winter,5.0582692307692305,4.9363,3.806366571211096,3.9011621978161504,wheat_combined,08_01
225,2020,wheat_spring,2.335,3.5470999999999995,2.619335214957175,2.4826448707759097,wheat_combined,08_01
226,2022,wheat_spring,1.6934999999999998,2.5872,2.4559975329311357,2.392263065731034,wheat_combined,08_01
226,2024,wheat_winter,4.9315,4.5445,3.755647324987928,3.716089750649597,wheat_combined,08_01
227,2021,wheat_winter,2.8346242774566472,3.5711,2.9744550968909924,3.16606829669621,wheat_combined,08_01
227,2022,wheat_winter,2.217514450867052,3.2383,2.576396095307103,2.6551364155899377,wheat_combined,08_01
228,2020,wheat_winter,1.3,2.0305,2.306822054693604,2.3352792025675106,wheat_combined,08_01
228,2021,wheat_winter,2.4169491525423727,3.7058,2.910615732053037,2.844566531632231,wheat_combined,08_01
228,2022,wheat_spring,4.564745762711865,3.4387,2.5663986690131653,2.5154861658947283,wheat_combined,08_01
228,2023,wheat_winter,1.5016949152542372,2.2995,2.2601861451470024,2.153015134637769,wheat_combined,08_01
228,2025,wheat_spring,3.004576271186441,3.5229999999999997,3.578695085007285,3.3673620611926456,wheat_combined,08_01
229,2020,wheat_winter,3.285,2.221,2.393855376975184,2.3531511122315454,wheat_combined,08_01
229,2021,wheat_winter,2.9450000000000003,2.4469000000000003,2.8531212136077846,2.7984805777109876,wheat_combined,08_01
229,2022,wheat_spring,2.841666666666667,3.0135,2.4427964612825854,2.5620469496510907,wheat_combined,08_01
229,2023,wheat_winter,3.443333333333334,2.076,2.4339045369773604,2.2541670924344523,wheat_combined,08_01
229,2025,wheat_spring,3.5050000000000003,3.1488,3.4824961735828825,3.3412503493505255,wheat_combined,08_01
230,2019,wheat_winter,4.503,3.9929,,,wheat_combined,08_01
230,2021,wheat_winter,2.123766816143498,3.134,2.8072849713427095,2.7716401622041116,wheat_combined,08_01
230,2025,wheat_spring,3.6687443946188343,2.9788,3.0334075953205097,3.007400204060127,wheat_combined,08_01
231,2017,wheat_spring,1.95,2.2209,,,wheat_combined,08_01
231,2019,wheat_winter,4.303,4.2558,,,wheat_combined,08_01
231,2021,wheat_winter,3.5069787234042553,3.4015999999999997,2.9856241070290706,2.984418736371043,wheat_combined,08_01
231,2022,wheat_winter,1.5712340425531914,2.288,2.2343324513128615,2.2582174019449464,wheat_combined,08_01
231,2024,wheat_spring,3.806382978723404,4.3306,3.6417745556631966,3.708733075594724,wheat_combined,08_01
232,2017,wheat_spring,1.95,2.7603,,,wheat_combined,08_01
232,2019,wheat_winter,3.404,4.1161,,,wheat_combined,08_01
232,2021,wheat_winter,3.2479729729729727,2.9818000000000002,2.9050097655741767,2.8084629212575107,wheat_combined,08_01
232,2022,wheat_winter,1.847837837837838,1.8508,2.283445821033372,2.3133025766409494,wheat_combined,08_01
232,2024,wheat_spring,3.330304054054054,4.5228,3.4949551334756963,3.460500652970864,wheat_combined,08_01
233,2021,wheat_winter,3.6453846153846152,3.4055999999999997,2.7240739178248536,2.784269911962108,wheat_combined,08_01
234,2021,wheat_winter,5.389142857142858,3.8293,2.6847864085719295,2.5701937132474,wheat_combined,08_01
234,2022,wheat_spring,3.975428571428571,3.5832,2.2232349111086895,2.149459327339166,wheat_combined,08_01
234,2023,wheat_winter,1.7062857142857142,2.4153,2.519526553517125,2.347509962668182,wheat_combined,08_01
235,2021,wheat_winter,7.105,2.6723,2.881636241895917,2.7465176394881365,wheat_combined,08_01
235,2023,wheat_spring,2.2,2.1059,3.0791460736762204,2.538328744716148,wheat_combined,08_01
236,2019,wheat_winter,3.272,3.4598,,,wheat_combined,08_01
236,2021,wheat_winter,2.8605,4.3366999999999996,3.1333857011625854,3.086020899067792,wheat_combined,08_01
236,2023,wheat_spring,2.520375,2.685,2.7266107738945777,2.6998813401130626,wheat_combined,08_01
237,2019,wheat_winter,2.78,2.8564,,,wheat_combined,08_01
237,2021,wheat_winter,3.2366666666666664,2.9443,2.542781966065848,2.617125627265134,wheat_combined,08_01
237,2023,wheat_spring,1.6025,1.4324999999999999,2.0177244012145006,2.1006589925401724,wheat_combined,08_01
238,2019,wheat_winter,3.5780000000000003,3.5906,,,wheat_combined,08_01
238,2021,wheat_winter,3.3530555555555552,3.4335999999999998,2.553254254696524,2.657153769792294,wheat_combined,08_01
238,2023,wheat_spring,2.198888888888889,1.5408,2.0260793884286565,2.093891367235703,wheat_combined,08_01
239,2019,wheat_winter,4.11,4.0351,,,wheat_combined,08_01
239,2021,wheat_winter,3.16017094017094,3.5498,2.9819539813491778,3.005810693476876,wheat_combined,08_01
241,2019,wheat_winter,2.933,4.7433,,,wheat_combined,08_01
241,2021,wheat_winter,1.9516049382716052,3.0191,2.7575281317251688,2.7927033096319556,wheat_combined,08_01
242,2020,wheat_winter,1.28,3.127,2.5859061530353062,2.5851612155554005,wheat_combined,08_01
242,2021,wheat_winter,2.2416393442622953,5.015,3.4033018000010378,3.2535177481224538,wheat_combined,08_01
242,2022,wheat_spring,3.742622950819672,3.7286,2.531957247091307,2.4151129478535505,wheat_combined,08_01
242,2023,wheat_winter,1.7311475409836066,2.3003,2.145211586688003,2.066164697628704,wheat_combined,08_01
244,2020,wheat_winter,1.056,3.6428,2.625560372590756,2.4456562165352653,wheat_combined,08_01
244,2021,wheat_winter,2.4169811320754717,3.8305999999999996,3.236610837699846,3.2970057054565425,wheat_combined,08_01
244,2022,wheat_spring,4.193867924528302,4.1091999999999995,2.5115042782043466,2.414506412001185,wheat_combined,08_01
244,2024,wheat_spring,2.730603773584906,4.0973999999999995,3.719989037134088,3.7002637890568244,wheat_combined,08_01
246,2021,wheat_winter,2.612439024390244,3.0855,2.888970453513784,2.8982006680419294,wheat_combined,08_01
246,2022,wheat_spring,1.6465853658536589,3.21,2.4039447320975924,2.464315733018298,wheat_combined,08_01
246,2024,wheat_spring,3.884073170731708,4.0448,3.7663496537991596,3.6989449094838154,wheat_combined,08_01
247,2021,wheat_winter,3.5077483443708606,4.0771,2.9092824451253607,2.9346602728221916,wheat_combined,08_01
247,2022,wheat_winter,1.5000662251655628,1.8768,2.3580175558444285,2.451482286548035,wheat_combined,08_01
247,2024,wheat_spring,2.6623311258278144,3.5598,3.34014221051676,3.4034350507104447,wheat_combined,08_01
248,2018,wheat_winter,3.807,3.2927,,,wheat_combined,08_01
248,2021,wheat_winter,2.4291851851851853,3.8601,2.8322752235737125,2.8291167805776825,wheat_combined,08_01
248,2023,wheat_winter,2.141,3.4366999999999996,2.4689035488424276,2.372036485724459,wheat_combined,08_01
248,2025,wheat_spring,3.630296296296296,3.3146,3.6279911243748373,3.359667686626757,wheat_combined,08_01
249,2021,wheat_winter,2.7772222222222225,3.2591,3.119723182696788,3.186004709580771,wheat_combined,08_01
250,2019,wheat_winter,3.503,4.1259999999999994,,,wheat_combined,08_01
250,2021,wheat_winter,1.47,3.6005000000000003,3.073928804803497,3.134660470273218,wheat_combined,08_01
250,2023,wheat_spring,2.1600980392156863,2.4707999999999997,2.1223036284218857,2.1052912111434434,wheat_combined,08_01
251,2018,wheat_winter,4.2219999999999995,4.6586,,,wheat_combined,08_01
251,2019,wheat_winter,2.295,3.59,,,wheat_combined,08_01
251,2021,wheat_winter,3.0763779527559056,2.8600000000000003,2.645494819477276,2.623329321248433,wheat_combined,08_01
251,2024,wheat_spring,3.611023622047244,3.5784,3.4996147663782176,3.536344519649036,wheat_combined,08_01
252,2019,wheat_winter,5.035,4.4774,,,wheat_combined,08_01
252,2021,wheat_winter,2.8787951807228915,2.3573,2.6495777931348092,2.5751104595355336,wheat_combined,08_01
252,2022,wheat_winter,2.358144578313253,2.337,2.132777120547114,2.084077354929945,wheat_combined,08_01
252,2024,wheat_spring,3.254939759036145,3.3287999999999998,3.3853679438151123,3.4387175720475973,wheat_combined,08_01
253,2019,wheat_winter,5.114,5.057,,,wheat_combined,08_01
253,2021,wheat_winter,2.4343529411764706,2.4524,2.727147460509625,2.7360412747417837,wheat_combined,08_01
253,2024,wheat_spring,3.896,3.9287,3.3853812186877548,3.502526833018872,wheat_combined,08_01
254,2021,wheat_winter,2.1813513513513514,3.4,2.7866139538562233,2.6998331619030997,wheat_combined,08_01
254,2025,wheat_spring,4.105608108108108,3.3930999999999996,3.5665294236243965,3.3550945487778803,wheat_combined,08_01
255,2017,wheat_spring,2.0,2.5528,,,wheat_combined,08_01
255,2019,wheat_winter,1.3,3.1391999999999998,,,wheat_combined,08_01
255,2021,wheat_spring,3.495357142857143,3.3379,2.7894765711405825,2.734106647797706,wheat_combined,08_01
255,2024,wheat_spring,4.0148214285714285,3.8499000000000003,3.4978428752003783,3.595486595178974,wheat_combined,08_01
256,2019,wheat_winter,3.371,2.8604,,,wheat_combined,08_01
256,2021,wheat_spring,3.488928571428571,4.1288,3.0226032494827164,3.0780744378602907,wheat_combined,08_01
256,2023,wheat_winter,1.0053571428571428,2.1721,2.2521218616190968,2.1819883175927712,wheat_combined,08_01
256,2024,wheat_spring,5.977232142857143,4.4814,3.75013563222244,3.749858185551706,wheat_combined,08_01
257,2019,wheat_winter,4.893,4.8957999999999995,,,wheat_combined,08_01
257,2023,wheat_spring,2.75025,2.7828,2.772663925734789,2.6909998558000185,wheat_combined,08_01
258,2021,wheat_spring,3.369101123595506,3.1010999999999997,2.823150526460683,2.7317099219161167,wheat_combined,08_01
258,2023,wheat_spring,1.3868539325842697,1.4845000000000002,2.023072990787533,2.0648716831560794,wheat_combined,08_01
258,2024,wheat_spring,5.062359550561798,4.6847,3.70675505272775,3.6797093850139784,wheat_combined,08_01
259,2021,wheat_spring,3.2456022408963587,3.6368,2.812964658088903,2.78911876322773,wheat_combined,08_01
259,2023,wheat_spring,1.08003081232493,1.7033,1.9440679041782232,2.041700137838256,wheat_combined,08_01
259,2025,wheat_spring,2.1594957983193277,3.0833,2.8720472302798306,2.944716650311707,wheat_combined,08_01
260,2017,wheat_spring,1.98,2.1127,,,wheat_combined,08_01
260,2021,wheat_spring,4.1022,3.8502,3.0678585640844704,2.9390829211760376,wheat_combined,08_01
260,2024,wheat_spring,3.2132,3.6881,3.4466743589213107,3.514430488222574,wheat_combined,08_01
261,2017,wheat_spring,2.691,1.9497,,,wheat_combined,08_01
261,2021,wheat_spring,5.387428571428572,4.5714,3.143694581262084,2.98593584385308,wheat_combined,08_01
261,2022,wheat_spring,4.008571428571429,2.5712,2.3360512237111584,2.4045642192928827,wheat_combined,08_01
261,2024,wheat_spring,4.122771428571428,4.4544,3.4183720636071584,3.521933579162865,wheat_combined,08_01
262,2017,wheat_winter,1.461,2.3451,,,wheat_combined,08_01
262,2021,wheat_spring,4.116052631578947,3.3457,2.860253868707421,2.7841073485144965,wheat_combined,08_01
262,2023,wheat_spring,1.9040657894736843,1.7620999999999998,2.2489553261266417,2.2124291213946736,wheat_combined,08_01
262,2024,wheat_spring,4.339473684210526,3.9265,3.903116211649907,3.887298401050812,wheat_combined,08_01
263,2021,wheat_spring,3.779,4.3385,3.2248780116309557,3.1073811593745346,wheat_combined,08_01
263,2023,wheat_spring,1.15425,1.8824,2.473323342031831,2.2349030097975437,wheat_combined,08_01
264,2021,wheat_spring,3.725,3.7702,3.3172770159665426,3.1011676975725426,wheat_combined,08_01
264,2023,wheat_spring,3.37975,1.8622,2.559051584755251,2.2885139110583497,wheat_combined,08_01
265,2021,wheat_spring,3.063,4.4486,2.9560947484341114,2.852416148874887,wheat_combined,08_01
265,2023,wheat_spring,1.308,2.2765999999999997,2.5667209726335276,2.3249172312691977,wheat_combined,08_01
266,2021,wheat_spring,3.4250000000000003,4.3322,3.2999017889992057,3.064713602573655,wheat_combined,08_01
266,2023,wheat_spring,1.1466666666666667,1.7693999999999999,2.411941089124264,2.2542074545422013,wheat_combined,08_01
267,2021,wheat_spring,3.725,3.8779000000000003,3.2030095479255203,3.044167738154426,wheat_combined,08_01
268,2019,wheat_winter,2.901,4.4725,,,wheat_combined,08_01
268,2021,wheat_spring,3.504,3.1618,2.6353410706664686,2.608499250702079,wheat_combined,08_01
268,2023,wheat_spring,2.2885,2.0288,2.3328119302270793,2.3050038584700934,wheat_combined,08_01
269,2021,wheat_spring,3.465045045045045,4.0899,2.8958458375887877,2.8506711402087737,wheat_combined,08_01
269,2023,wheat_spring,1.7825225225225227,1.3948,2.076285504064235,2.1145114590204646,wheat_combined,08_01
269,2024,wheat_spring,4.250810810810811,4.2761000000000005,3.872138488863095,3.791016051696831,wheat_combined,08_01
270,2017,wheat_spring,2.4219999999999997,3.4082,,,wheat_combined,08_01
270,2021,wheat_spring,4.891379310344828,3.8804000000000003,2.933260523382706,2.857913998857819,wheat_combined,08_01
270,2022,wheat_spring,3.61751724137931,3.2122,2.299254338580045,2.4530490373103446,wheat_combined,08_01
270,2024,wheat_spring,4.382758620689655,4.1613999999999995,3.5324687633071656,3.661217645138851,wheat_combined,08_01
271,2017,wheat_spring,2.4219999999999997,2.3134,,,wheat_combined,08_01
271,2021,wheat_spring,4.884745762711864,4.0124,3.122181010184387,3.0249685119715566,wheat_combined,08_01
271,2022,wheat_spring,2.6278644067796613,3.3354,2.4520021129124183,2.5202872826454685,wheat_combined,08_01
271,2024,wheat_spring,3.931627118644068,4.593500000000001,3.449132078133879,3.4876256010806324,wheat_combined,08_01
272,2022,wheat_spring,4.4904,3.8811,2.5818436430608633,2.4000465283205243,wheat_combined,08_01
272,2024,wheat_spring,4.2312,4.6043,3.7278964914139046,3.7832908632291926,wheat_combined,08_01
272,2025,wheat_spring,3.1792,4.3223,3.0695950338466353,3.057238157414148,wheat_combined,08_01
273,2017,wheat_spring,2.295,3.2759,,,wheat_combined,08_01
273,2019,wheat_spring,4.083,3.8867,,,wheat_combined,08_01
273,2022,wheat_winter,2.052962962962963,2.6808,2.7455961194876615,2.72455268127,wheat_combined,08_01
273,2023,wheat_winter,1.0088888888888887,2.1881,2.3625549132354875,2.21502716835756,wheat_combined,08_01
273,2025,wheat_spring,4.41962962962963,4.3208,3.0499635899069353,3.0101079689420835,wheat_combined,08_01
274,2017,wheat_spring,1.552,2.1511,,,wheat_combined,08_01
274,2020,wheat_spring,1.027,1.3039999999999998,2.4044435582741883,2.2364379502318137,wheat_combined,08_01
274,2022,wheat_winter,2.9904639175257732,2.3949000000000003,2.374420788544352,2.469444184855695,wheat_combined,08_01
274,2025,wheat_spring,4.829072164948454,3.7454,3.09148097625112,3.0488344884749203,wheat_combined,08_01
276,2022,wheat_spring,2.9274193548387095,2.7839,2.180432745247366,2.115962908895687,wheat_combined,08_01
276,2024,wheat_spring,3.63741935483871,3.7741999999999996,3.6826583890899016,3.7523125885094766,wheat_combined,08_01
276,2025,wheat_spring,1.4903225806451614,3.6445999999999996,3.4223374138160048,3.2682539652232836,wheat_combined,08_01
277,2022,wheat_spring,1.5733333333333333,3.1663,2.235389812352941,2.171873000320553,wheat_combined,08_01
277,2024,wheat_spring,4.257866666666667,2.9864,3.6683818863902364,3.8597253141142662,wheat_combined,08_01
277,2025,wheat_spring,1.9090666666666667,2.5618,3.4746417478029312,3.2352187295076087,wheat_combined,08_01
278,2017,wheat_winter,2.4,2.6254,,,wheat_combined,08_01
278,2019,wheat_winter,4.669,3.9235999999999995,,,wheat_combined,08_01
278,2023,wheat_spring,1.7219565217391304,1.423,2.0126157933128757,2.043134470734837,wheat_combined,08_01
278,2025,wheat_winter,3.899173913043478,2.7512,3.402585721881104,3.166370113078026,wheat_combined,08_01
279,2017,wheat_winter,2.378,2.0976,,,wheat_combined,08_01
279,2019,wheat_winter,5.385,3.6438,,,wheat_combined,08_01
279,2023,wheat_spring,1.069090909090909,1.3980000000000001,2.008953403074766,1.924188006215395,wheat_combined,08_01
279,2025,wheat_winter,4.40060606060606,3.2708,3.4603856320012536,3.229131423616097,wheat_combined,08_01
280,2023,wheat_spring,1.953478260869565,1.3969,2.037207129260149,1.967934868732177,wheat_combined,08_01
282,2023,wheat_spring,1.9701702127659575,1.4868000000000001,1.8586478463597524,1.9487887916236597,wheat_combined,08_01
283,2018,wheat_winter,3.1239999999999997,2.6236,,,wheat_combined,08_01
283,2023,wheat_spring,1.430253164556962,1.2363,1.9202768416215257,1.9831698634902026,wheat_combined,08_01
284,2020,wheat_spring,1.27,2.0236,2.0353571848602723,1.9751906597013038,wheat_combined,08_01
284,2021,wheat_spring,3.5273333333333334,3.8838,3.2989163151311836,3.1665162164492573,wheat_combined,08_01
286,2021,wheat_spring,3.971888888888889,3.838,2.9376037810905684,2.667518713928033,wheat_combined,08_01
286,2023,wheat_spring,1.291111111111111,2.4629000000000003,2.641070065101886,2.6134018811624227,wheat_combined,08_01
288,2021,wheat_spring,3.5825,2.9788,2.9434571074331792,2.675780558509048,wheat_combined,08_01
288,2023,wheat_spring,1.445,1.9747,2.65312650686003,2.3747863357277468,wheat_combined,08_01
289,2021,wheat_spring,3.8523529411764703,4.164,3.1883478816759845,3.0463034763964942,wheat_combined,08_01
289,2023,wheat_spring,1.2705882352941178,2.0187999999999997,2.25134984336031,2.1289006959146826,wheat_combined,08_01
291,2021,wheat_spring,3.172833333333333,4.0111,3.232169349981812,2.984693989021486,wheat_combined,08_01
291,2023,wheat_spring,1.5506666666666666,1.9268999999999998,2.3890390704458464,2.2705834617413925,wheat_combined,08_01
292,2022,wheat_spring,2.2251000000000003,3.3101999999999996,2.473287319787992,2.388288211339481,wheat_combined,08_01
292,2024,wheat_spring,4.2,3.8694,3.785754549777292,3.724263565463406,wheat_combined,08_01
293,2017,wheat_winter,1.821,2.3457,,,wheat_combined,08_01
293,2019,wheat_winter,3.729999999999999,4.3009,,,wheat_combined,08_01
293,2022,wheat_spring,2.6255842696629212,2.9364,2.427735479148951,2.352976940501894,wheat_combined,08_01
293,2024,wheat_spring,3.62561797752809,3.9531,3.674961641722167,3.744540265930548,wheat_combined,08_01
295,2017,wheat_winter,1.227,2.1571000000000002,,,wheat_combined,08_01
295,2019,wheat_winter,2.899,3.6635,,,wheat_combined,08_01
295,2025,wheat_spring,4.596137931034483,3.1723,3.635842081547084,3.3216992845482403,wheat_combined,08_01
296,2023,wheat_spring,1.3890526315789475,1.3832,2.085158450176218,2.1400523503217017,wheat_combined,08_01
296,2025,wheat_winter,4.57658947368421,4.1879,3.6034842961404165,3.3713703614754147,wheat_combined,08_01
297,2021,wheat_spring,3.676,3.4263,2.731999427000311,2.607351538911091,wheat_combined,08_01
297,2023,wheat_spring,2.572,1.9853,2.3587732880257763,2.1430670856172163,wheat_combined,08_01
298,2019,wheat_spring,3.6,3.1739,,,wheat_combined,08_01
298,2024,wheat_spring,3.408333333333333,3.931,3.3283097048222086,3.401565002275279,wheat_combined,08_01
299,2020,wheat_spring,2.506,2.3096,2.7831934581192757,2.831691294730854,wheat_combined,08_01
299,2021,wheat_winter,3.2053456221198156,3.0163,2.6810952957679786,2.7380170883915786,wheat_combined,08_01
299,2022,wheat_winter,4.0,3.4467,2.502892703625476,2.5312515087156,wheat_combined,08_01
300,2020,wheat_spring,1.901,2.2412,2.4814369232698126,2.466661749127549,wheat_combined,08_01
300,2021,wheat_winter,2.8021818181818183,2.7914000000000003,2.7040068502486703,2.746371710365551,wheat_combined,08_01
300,2022,wheat_winter,2.810545454545455,2.8258,2.3908221903100775,2.3328588375951385,wheat_combined,08_01
301,2018,wheat_spring,3.2851985559566788,2.3687,,,wheat_combined,08_01
301,2020,wheat_spring,2.851,1.9575,2.2461553563770695,2.269378325276314,wheat_combined,08_01
301,2021,wheat_winter,2.3384115523465705,2.5307,2.848540086379778,2.8936443454781413,wheat_combined,08_01
301,2022,wheat_winter,3.303068592057762,3.4735,2.3763255670432093,2.3637148185005983,wheat_combined,08_01
301,2024,wheat_spring,2.888086642599278,4.3213,3.757835490835772,3.7864356901745273,wheat_combined,08_01
302,2020,wheat_spring,2.43,2.602,2.7836113805459295,2.7532303531833544,wheat_combined,08_01
302,2021,wheat_spring,1.2724444444444445,2.1259,2.7804493763423914,2.7734860846596145,wheat_combined,08_01
302,2023,wheat_spring,2.0,1.9914999999999998,2.288404255419647,2.203688482558401,wheat_combined,08_01
303,2020,wheat_spring,2.463,2.9771,2.6346439468165874,2.58053061813978,wheat_combined,08_01
303,2025,wheat_winter,5.6745,5.0234000000000005,3.122467992691473,3.045475521708371,wheat_combined,08_01
304,2018,wheat_spring,2.2532467532467533,2.398,,,wheat_combined,08_01
304,2020,wheat_spring,1.974025974025974,2.4179,2.3503511632905645,2.3784243645950527,wheat_combined,08_01
304,2023,wheat_spring,2.142857142857143,1.504,2.6116495212691797,2.3844417746637614,wheat_combined,08_01
304,2024,wheat_spring,4.071428571428571,5.1472999999999995,3.846116429640355,3.7461234516652375,wheat_combined,08_01
305,2020,wheat_spring,3.353,3.0336,2.5822510750013503,2.6138031456595536,wheat_combined,08_01
305,2022,wheat_spring,3.257047619047619,3.6316,2.9475416580985407,2.9958660043159377,wheat_combined,08_01
305,2024,wheat_winter,5.032571428571428,5.0891,4.050906411253139,3.9547925094543652,wheat_combined,08_01
306,2020,wheat_spring,3.3229999999999995,2.8575,2.506573897750878,2.541949955086066,wheat_combined,08_01
306,2023,wheat_winter,3.240437158469945,1.8806999999999998,2.8143140851324824,2.581093517751622,wheat_combined,08_01
307,2021,wheat_winter,1.828235294117647,3.9089,2.6634933600289807,2.5951299444682054,wheat_combined,08_01
308,2018,wheat_spring,3.128,2.7847,,,wheat_combined,08_01
308,2020,wheat_spring,2.121,2.3893999999999997,2.5013296604637745,2.5103397381823234,wheat_combined,08_01
308,2022,wheat_spring,2.6720779220779223,3.2049999999999996,2.774179447090698,2.938938942892135,wheat_combined,08_01
308,2024,wheat_winter,6.613961038961039,5.8338,3.965172272508535,3.9849599818243693,wheat_combined,08_01
309,2020,wheat_spring,1.4220000000000002,1.7725000000000002,2.4555910665926106,2.395474372315624,wheat_combined,08_01
310,2018,wheat_spring,2.5636363636363635,2.9312,,,wheat_combined,08_01
310,2020,wheat_spring,1.519,1.4651,2.168842836701559,2.1352715607892083,wheat_combined,08_01
310,2022,wheat_spring,3.978,4.8331,3.107225421059133,3.1455715753444387,wheat_combined,08_01
310,2024,wheat_spring,3.763636363636364,4.292,3.514379629753913,3.5750664703844572,wheat_combined,08_01
311,2018,wheat_spring,3.529166666666667,2.8967,,,wheat_combined,08_01
311,2022,wheat_winter,3.099083333333333,2.9229,2.3992556829660634,2.445400698123424,wheat_combined,08_01
311,2024,wheat_spring,3.84925,4.869400000000001,3.56425100026695,3.5767994838990584,wheat_combined,08_01
312,2018,wheat_spring,1.5555555555555556,3.1679,,,wheat_combined,08_01
312,2020,wheat_winter,3.3200000000000003,2.9783999999999997,2.4946811233664064,2.4324240853227055,wheat_combined,08_01
312,2023,wheat_spring,1.9755555555555555,2.4072,2.9496988073492987,2.684699552312421,wheat_combined,08_01
313,2020,wheat_spring,2.127,2.012,2.7705763669552104,2.727364385909408,wheat_combined,08_01
313,2022,wheat_spring,3.3391818181818183,3.7409,2.7110363697605053,2.7107734389673395,wheat_combined,08_01
313,2025,wheat_winter,4.522545454545455,4.4804,3.1268527683641083,3.042861699394841,wheat_combined,08_01
314,2020,wheat_spring,1.423,1.8951,2.426769042057655,2.4287658225350093,wheat_combined,08_01
314,2024,wheat_winter,5.3133067729083665,4.757,3.553498287135508,3.501866777804634,wheat_combined,08_01
315,2022,wheat_spring,3.067894736842105,2.6203,2.698759576282583,2.786774742084515,wheat_combined,08_01
315,2023,wheat_spring,2.289473684210526,1.7975,2.8721871460517354,2.540883626589752,wheat_combined,08_01
316,2021,wheat_spring,3.35448275862069,2.5522,2.7764580035987296,2.684114044643271,wheat_combined,08_01
316,2023,wheat_winter,2.6882758620689655,2.1774,2.7351812947893963,2.531095806104665,wheat_combined,08_01
317,2020,wheat_spring,2.9690000000000003,3.127,2.590193816598469,2.6685179596574775,wheat_combined,08_01
317,2022,wheat_spring,3.6494117647058824,4.0436,2.989925323756441,3.053209030857285,wheat_combined,08_01
317,2024,wheat_winter,4.266176470588236,4.9174999999999995,3.345532771765466,3.19799662652713,wheat_combined,08_01
318,2020,wheat_spring,3.176,2.7859000000000003,2.565740913396244,2.6402343889701037,wheat_combined,08_01
318,2023,wheat_winter,2.749319371727749,2.1717,2.783445519343933,2.5996047838499017,wheat_combined,08_01
319,2019,wheat_spring,3.511,3.3568,,,wheat_combined,08_01
319,2023,wheat_winter,1.892156862745098,1.9487999999999999,2.5890150203383313,2.4532183012428703,wheat_combined,08_01
319,2025,wheat_spring,4.713333333333333,4.0091,3.0406526027259537,2.9949019281216627,wheat_combined,08_01
320,2021,wheat_spring,3.9986666666666664,3.9796,3.005590586907739,2.8468532162036313,wheat_combined,08_01
320,2023,wheat_winter,1.4966666666666666,2.1939,2.784862988621925,2.5803769711359035,wheat_combined,08_01
320,2025,wheat_spring,5.241333333333333,4.0302999999999995,3.5456316716793337,3.2938336171108764,wheat_combined,08_01
321,2019,wheat_spring,2.974,3.2307,,,wheat_combined,08_01
321,2021,wheat_spring,3.118865979381443,3.2768,2.8353700704720604,2.766591241675986,wheat_combined,08_01
321,2023,wheat_winter,2.4504123711340204,2.0962,2.83894191551992,2.574175178951174,wheat_combined,08_01
322,2021,wheat_spring,3.549714285714286,3.1988,2.810423319394835,2.7874417508753635,wheat_combined,08_01
322,2023,wheat_spring,3.257142857142857,2.0976,2.7022639137949422,2.429672744346568,wheat_combined,08_01
323,2019,wheat_winter,5.036,5.3708,,,wheat_combined,08_01
323,2021,wheat_spring,2.7504545454545455,3.2299999999999995,2.803435265379739,2.684749486442315,wheat_combined,08_01
323,2023,wheat_spring,2.987012987012987,2.4208,2.782019929391209,2.5753395694980323,wheat_combined,08_01
323,2024,wheat_winter,4.966298701298701,4.4852,3.273460723627628,3.126815417709656,wheat_combined,08_01
324,2021,wheat_spring,3.4877777777777776,3.5936999999999997,2.807737042300124,2.8492530711691444,wheat_combined,08_01
324,2023,wheat_spring,2.1296296296296298,2.9208,3.138293418860883,2.9716126311747657,wheat_combined,08_01
325,2021,wheat_spring,3.3966666666666665,3.4701,2.720008259787452,2.6481759528884474,wheat_combined,08_01
325,2023,wheat_spring,1.99,2.379,2.9129161648288684,2.6557509826697405,wheat_combined,08_01
327,2021,wheat_spring,4.412475247524752,3.6130000000000004,2.7757069232488947,2.6946293993910646,wheat_combined,08_01
328,2019,wheat_winter,5.195,4.5753,,,wheat_combined,08_01
328,2021,wheat_spring,1.515294117647059,1.7749,2.5142576194959654,2.527598934659225,wheat_combined,08_01
328,2022,wheat_winter,2.5023529411764707,3.5944000000000003,2.45945648734618,2.4376477631224285,wheat_combined,08_01
329,2018,wheat_spring,3.1666666666666665,3.1463,,,wheat_combined,08_01
329,2021,wheat_spring,3.485,3.1239,2.6999753386450456,2.7583669280908123,wheat_combined,08_01
330,2018,wheat_spring,2.8,3.119,,,wheat_combined,08_01
330,2019,wheat_spring,3.165,3.0794,,,wheat_combined,08_01
330,2024,wheat_spring,4.204739336492891,2.8446000000000002,3.5782287032493403,3.493575017262548,wheat_combined,08_01
331,2018,wheat_spring,2.371428571428571,2.2624,,,wheat_combined,08_01
331,2019,wheat_spring,2.4,3.1688,,,wheat_combined,08_01
331,2021,wheat_spring,3.196,2.6884,2.8329783663478394,2.804505314147999,wheat_combined,08_01
331,2022,wheat_winter,2.234714285714286,2.9646999999999997,2.126922831938964,2.1111786810024156,wheat_combined,08_01
331,2024,wheat_spring,4.017571428571429,3.5519,3.4198720799874405,3.576104259231675,wheat_combined,08_01
332,2019,wheat_spring,3.525,3.6829,,,wheat_combined,08_01
332,2021,wheat_spring,2.784181034482758,2.8605,2.836240388664366,2.761146439407377,wheat_combined,08_01
332,2023,wheat_spring,2.2198275862068964,1.863,2.560987421912758,2.4133196905688044,wheat_combined,08_01
333,2019,wheat_winter,6.054,6.0673,,,wheat_combined,08_01
333,2021,wheat_spring,3.365379746835443,3.3644,2.958823920820498,2.952837671083447,wheat_combined,08_01
333,2023,wheat_spring,2.329113924050633,1.7949000000000002,2.740755107767203,2.5157265071541364,wheat_combined,08_01
334,2019,wheat_winter,2.364,2.8354,,,wheat_combined,08_01
334,2021,wheat_spring,3.1403749999999997,3.0019,2.910079532352783,2.7860886931055973,wheat_combined,08_01
334,2023,wheat_spring,3.24375,2.1649000000000003,2.9560325154955316,2.735773871429439,wheat_combined,08_01
335,2021,wheat_spring,2.724485981308411,3.6906999999999996,3.0120315725508,2.868574439056956,wheat_combined,08_01
335,2023,wheat_spring,2.850467289719626,2.2564,2.9702938564375168,2.7652136470419437,wheat_combined,08_01
336,2018,wheat_spring,2.9,2.5796,,,wheat_combined,08_01
336,2021,wheat_spring,3.555333333333333,4.6818,2.797439584819076,2.738240327965922,wheat_combined,08_01
336,2023,wheat_spring,3.5246666666666666,2.9908,3.1348189780029343,3.035936811708903,wheat_combined,08_01
337,2021,wheat_spring,3.2880000000000003,3.2305,2.7444620885528668,2.683346699316496,wheat_combined,08_01
337,2023,wheat_spring,1.825,2.3051,2.981351605924541,2.715634448314136,wheat_combined,08_01
338,2021,wheat_spring,2.9725,2.8787,2.780452815173477,2.6730424490051665,wheat_combined,08_01
338,2023,wheat_spring,1.30125,2.1474,2.8151577758452118,2.567815874877673,wheat_combined,08_01
339,2021,wheat_spring,4.1225,3.4170000000000003,2.8559569362475776,2.822826175186227,wheat_combined,08_01
339,2023,wheat_spring,1.4583333333333333,1.0566,2.513283669792253,2.3523257843635674,wheat_combined,08_01
339,2024,wheat_spring,3.623333333333333,3.4026000000000005,3.1662152543870303,3.1860791298099804,wheat_combined,08_01
339,2025,wheat_spring,5.5616666666666665,4.063000000000001,3.1041833565818875,3.060762961709187,wheat_combined,08_01
340,2023,wheat_spring,3.4262295081967213,1.9829999999999999,2.57579149538156,2.3168842548553648,wheat_combined,08_01
341,2023,wheat_spring,1.7916666666666667,2.596,2.5037480969369152,2.2801186646734184,wheat_combined,08_01
342,2021,wheat_winter,1.9413636363636364,3.6143,2.9042299805603826,2.9154341817266136,wheat_combined,08_01
342,2023,wheat_spring,2.340909090909091,2.7937000000000003,3.078677644965542,2.821029086010141,wheat_combined,08_01
343,2018,wheat_spring,2.6122448979591835,2.3059000000000003,,,wheat_combined,08_01
343,2022,wheat_winter,3.422857142857143,3.154,2.6694425081049777,2.614373678521273,wheat_combined,08_01
345,2022,wheat_spring,4.998666666666667,4.032500000000001,2.727643130304519,2.7113327025782206,wheat_combined,08_01
345,2024,wheat_spring,3.306666666666667,4.0687,3.811499625478162,3.8085779709047767,wheat_combined,08_01
346,2022,wheat_spring,4.4437837837837835,3.7823,2.9421693332986005,2.9155223886869903,wheat_combined,08_01
346,2024,wheat_winter,7.144324324324324,6.1243,4.058059011453865,4.08196124778385,wheat_combined,08_01
347,2019,wheat_winter,3.2119999999999997,4.0492,,,wheat_combined,08_01
347,2022,wheat_spring,3.2732,,2.4028352163752698,2.3604214747714254,wheat_combined,08_01
347,2023,wheat_winter,1.536,2.5687,2.0028425849048492,2.063757066599577,wheat_combined,08_01
347,2025,wheat_spring,4.647200000000001,4.4323,3.6296590269343136,3.367785643435438,wheat_combined,08_01
349,2022,wheat_spring,3.5331707317073175,3.8167999999999997,2.582368565611585,2.4195453534582776,wheat_combined,08_01
350,2022,wheat_spring,3.551338582677165,2.9151,2.991236854832789,2.9543152652843157,wheat_combined,08_01
350,2024,wheat_spring,4.731968503937008,4.7031,3.5066846045942723,3.594191931030169,wheat_combined,08_01
351,2021,wheat_spring,4.5,4.757099999999999,2.979280141658572,2.8925225084314636,wheat_combined,08_01
352,2020,wheat_spring,1.419,1.9800999999999997,2.559133827991639,2.3638315494165365,wheat_combined,08_01
352,2022,wheat_spring,4.080747663551402,4.5568,2.5882457954621096,2.5099232209335374,wheat_combined,08_01
352,2024,wheat_winter,6.125981308411215,4.2538,3.877874762430242,3.8307235368562442,wheat_combined,08_01
353,2022,wheat_spring,3.905208333333333,3.8578,2.524188390216585,2.3951773640873073,wheat_combined,08_01
354,2022,wheat_spring,3.8073417721518985,3.5322000000000005,2.3192056338768836,2.0612191532867,wheat_combined,08_01
355,2022,wheat_spring,4.668571428571428,3.0147,2.4483862425585823,2.329077901072537,wheat_combined,08_01
356,2022,wheat_spring,3.2897701149425287,3.3781,2.7293288955961517,2.610660300114183,wheat_combined,08_01
356,2024,wheat_spring,3.905747126436782,3.9192,3.846526212559488,3.843442868673254,wheat_combined,08_01
358,2022,wheat_spring,3.628433734939759,3.415,2.398456124517004,2.228241434103466,wheat_combined,08_01
358,2025,wheat_spring,4.909156626506024,4.391,3.6139373575559346,3.3318625318915105,wheat_combined,08_01
359,2020,wheat_spring,1.552,1.6206,2.5414850666522257,2.446986659994891,wheat_combined,08_01
359,2022,wheat_spring,3.3601315789473687,3.2651000000000003,2.496241533259707,2.3356299541168104,wheat_combined,08_01
359,2024,wheat_winter,4.423552631578947,4.5512999999999995,3.9667813608543696,3.8066647060358707,wheat_combined,08_01
360,2022,wheat_spring,2.936875,3.7884,2.6417769041898125,2.494843178012036,wheat_combined,08_01
361,2022,wheat_spring,4.149523809523809,3.0507999999999997,2.757987099049685,2.6872523591860364,wheat_combined,08_01
361,2024,wheat_spring,4.476666666666667,4.772399999999999,3.5285593303244305,3.694229269161837,wheat_combined,08_01
363,2022,wheat_spring,4.46025974025974,4.2789,3.0251411556891,3.0121488584058755,wheat_combined,08_01
363,2024,wheat_spring,3.9771428571428578,3.8613999999999997,3.8403554058069425,3.8496598950124237,wheat_combined,08_01
364,2020,wheat_spring,1.216,1.693,2.493840309512776,2.3266437913580313,wheat_combined,08_01
364,2022,wheat_spring,4.104166666666667,4.2291,2.5526898945897303,2.485634654272225,wheat_combined,08_01
364,2025,wheat_spring,5.088333333333334,4.0954999999999995,3.5901167369409817,3.3301966734369723,wheat_combined,08_01
365,2020,wheat_spring,1.299,1.6326,2.5161014862033566,2.3908826907302156,wheat_combined,08_01
365,2022,wheat_spring,3.8606666666666665,3.8585000000000003,2.604252334520053,2.4986260203365815,wheat_combined,08_01
365,2025,wheat_spring,4.023333333333333,4.0491,3.57309336902333,3.3002500935417944,wheat_combined,08_01
366,2021,wheat_winter,3.398571428571429,4.7219,3.3657539264274234,3.4260172004749494,wheat_combined,08_01
367,2022,wheat_spring,3.3458823529411768,,2.389381795316312,2.336772884636576,wheat_combined,08_01
367,2024,wheat_spring,3.835882352941176,4.2402,3.7758145816598097,3.825212647418984,wheat_combined,08_01
368,2021,wheat_winter,3.547958115183246,3.1792000000000002,2.93888910228485,2.895547433268016,wheat_combined,08_01
368,2023,wheat_spring,2.45130890052356,2.2769,2.256633012046107,2.3538754587763284,wheat_combined,08_01
369,2023,wheat_spring,2.186232876712329,2.0492,2.2985622233058995,2.1761399370269183,wheat_combined,08_01
370,2021,wheat_winter,2.0215384615384617,4.9567,3.4399399493893386,3.474056926014499,wheat_combined,08_01
370,2023,wheat_spring,1.709230769230769,3.2769,2.597662624476991,2.656360854631311,wheat_combined,08_01
370,2025,wheat_winter,3.573846153846154,3.7359,3.099638831877108,3.061781302740887,wheat_combined,08_01
371,2021,wheat_winter,2.0984615384615384,4.3769,3.0770686841182626,3.1671703109137685,wheat_combined,08_01
371,2022,wheat_spring,3.946153846153846,,2.4243438018151684,2.1818166798974197,wheat_combined,08_01
371,2024,wheat_spring,5.176923076923076,5.1922,3.6976195060290387,3.751865077005447,wheat_combined,08_01
372,2021,wheat_winter,1.8289320388349517,3.3835,2.562549554713039,2.6241157268059463,wheat_combined,08_01
372,2022,wheat_spring,3.881941747572815,3.174,2.41917054191371,2.260352962733665,wheat_combined,08_01
373,2021,wheat_winter,3.1011555555555557,3.1026,3.207249870633431,3.287479079547929,wheat_combined,08_01
373,2022,wheat_spring,2.4004444444444446,,2.586883321463239,2.490773721641523,wheat_combined,08_01
373,2024,wheat_spring,4.0137777777777774,4.2029000000000005,3.621827010346698,3.5861858880457005,wheat_combined,08_01
374,2021,wheat_winter,5.244313725490196,4.3751,3.335092476821699,3.3631033872033114,wheat_combined,08_01
374,2022,wheat_spring,3.959607843137255,,2.404222039346374,2.2203887586837854,wheat_combined,08_01
374,2024,wheat_spring,4.47921568627451,4.712899999999999,3.734091141222663,3.8176286742963716,wheat_combined,08_01
375,2021,wheat_winter,2.206153846153846,4.9595,2.7985071865440654,2.824094417264755,wheat_combined,08_01
375,2022,wheat_spring,4.341538461538462,,2.526912462900759,2.2537397422120202,wheat_combined,08_01
375,2024,wheat_spring,4.658461538461538,5.2186,3.761038162045055,3.807790356144885,wheat_combined,08_01
376,2021,wheat_winter,3.2995604395604397,4.0938,3.0505109294537083,3.115768227995064,wheat_combined,08_01
377,2021,wheat_winter,3.4017021276595742,4.232,3.4983135890225343,3.605532165388697,wheat_combined,08_01
377,2022,wheat_spring,2.699148936170213,,2.1824392632011596,2.112743540607439,wheat_combined,08_01
377,2024,wheat_spring,3.7161702127659577,4.7992,3.5832603746206226,3.5440073415024087,wheat_combined,08_01
378,2021,wheat_spring,3.5507692307692307,3.9279,3.0269984147801132,3.0429980832513226,wheat_combined,08_01
378,2022,wheat_spring,4.207179487179488,3.9573,2.848710757215673,2.8223661407061518,wheat_combined,08_01
379,2021,wheat_winter,2.229108910891089,2.909,2.9156906283940587,2.9132527334949874,wheat_combined,08_01
379,2022,wheat_spring,2.1502970297029704,,2.2356787267479397,2.186862557401673,wheat_combined,08_01
379,2024,wheat_spring,4.011386138613861,4.6216,3.701851263159793,3.785945043103956,wheat_combined,08_01
380,2021,wheat_winter,1.9683333333333335,4.6364,3.2644202792328327,3.2504359228308726,wheat_combined,08_01
381,2021,wheat_spring,2.6253333333333333,3.7196,2.692517469897409,2.7185242282314506,wheat_combined,08_01
381,2023,wheat_winter,2.849,2.6869,2.3116246636038027,2.2056451175169864,wheat_combined,08_01
381,2025,wheat_spring,4.475666666666667,4.1482,3.5848665900462247,3.361503673395767,wheat_combined,08_01
382,2019,wheat_winter,3.993,4.477,,,wheat_combined,08_01
382,2021,wheat_spring,3.0840310077519377,4.1348,3.017047601798115,3.096659389067155,wheat_combined,08_01
382,2023,wheat_winter,1.8088372093023255,2.1383,2.3082038301944157,2.227969670148447,wheat_combined,08_01
382,2025,wheat_spring,5.214573643410852,3.9273000000000002,3.0756074784120546,3.0144306479591743,wheat_combined,08_01
383,2017,wheat_spring,1.682,3.7831,,,wheat_combined,08_01
383,2019,wheat_winter,3.011,3.6397,,,wheat_combined,08_01
383,2021,wheat_spring,3.3516666666666666,4.9887999999999995,3.202280204781333,3.136986391326971,wheat_combined,08_01
384,2018,wheat_winter,3.696,3.059,,,wheat_combined,08_01
384,2019,wheat_winter,3.5759999999999996,3.1509,,,wheat_combined,08_01
384,2021,wheat_spring,2.329171974522293,3.6748,2.7665047926786275,2.8510718583841363,wheat_combined,08_01
384,2023,wheat_winter,1.365859872611465,2.7348,2.2106054243036963,2.2133269133406825,wheat_combined,08_01
386,2017,wheat_spring,1.161,1.7672999999999999,,,wheat_combined,08_01
386,2019,wheat_spring,3.332,2.7654,,,wheat_combined,08_01
386,2021,wheat_spring,3.405688073394496,2.8921,2.798786225727567,2.784186054259254,wheat_combined,08_01
386,2023,wheat_spring,2.941467889908257,2.1269,2.4052073822870463,2.373900325619542,wheat_combined,08_01
386,2024,wheat_winter,5.172844036697248,4.9902999999999995,3.8751796995156704,3.756060003327809,wheat_combined,08_01
387,2017,wheat_spring,1.535,1.7097000000000002,,,wheat_combined,08_01
387,2019,wheat_winter,2.915,3.7561999999999998,,,wheat_combined,08_01
387,2021,wheat_spring,2.3716999999999997,3.2502000000000004,2.751265343125732,2.8677140378638963,wheat_combined,08_01
387,2024,wheat_spring,4.1988,3.8962000000000003,3.6404748851857978,3.6265418502139575,wheat_combined,08_01
388,2017,wheat_spring,1.0710000000000002,2.4998,,,wheat_combined,08_01
388,2019,wheat_winter,1.92,3.9587000000000003,,,wheat_combined,08_01
388,2022,wheat_spring,3.236,,2.7370611634915547,2.5329269178038953,wheat_combined,08_01
388,2023,wheat_winter,2.2079999999999997,2.1992000000000003,2.3143357367161483,2.2217773581108378,wheat_combined,08_01
388,2025,wheat_spring,5.218999999999999,4.6627,3.636169709667045,3.3704694280431395,wheat_combined,08_01
389,2017,wheat_spring,1.0710000000000002,4.225,,,wheat_combined,08_01
389,2019,wheat_winter,1.92,2.6239,,,wheat_combined,08_01
389,2023,wheat_spring,3.085,2.3325,2.5932859209527583,2.6858780403267204,wheat_combined,08_01
389,2024,wheat_spring,4.4775,5.1259999999999994,3.5316658989498038,3.5465940680232726,wheat_combined,08_01
390,2017,wheat_spring,1.222,1.9114999999999998,,,wheat_combined,08_01
390,2019,wheat_winter,3.268,2.9934000000000003,,,wheat_combined,08_01
390,2021,wheat_spring,3.203928571428571,4.2722999999999995,2.7973289709741866,2.785676741121202,wheat_combined,08_01
390,2022,wheat_spring,2.420714285714286,,2.4281535306606576,2.4051455718370613,wheat_combined,08_01
390,2023,wheat_winter,2.6717857142857144,3.7493000000000003,2.340655301813685,2.2834668521430106,wheat_combined,08_01
390,2025,wheat_spring,4.868214285714286,4.050800000000001,3.580422786752565,3.3318625318915105,wheat_combined,08_01
391,2019,wheat_winter,4.879,4.1195,,,wheat_combined,08_01
391,2021,wheat_spring,2.105,3.7758000000000003,3.081131522026971,3.0115295173272028,wheat_combined,08_01
391,2023,wheat_spring,1.956875,2.2395,2.147785875964059,2.0919098127250315,wheat_combined,08_01
391,2024,wheat_spring,4.624375,4.7796,3.8547196946009072,3.834296184350808,wheat_combined,08_01
392,2019,wheat_winter,4.803,4.1445,,,wheat_combined,08_01
392,2021,wheat_spring,4.514594594594595,4.9662999999999995,3.2020220996423565,3.112610453571977,wheat_combined,08_01
392,2023,wheat_spring,1.2345945945945946,1.537,1.856890924244911,1.957173382179067,wheat_combined,08_01
392,2024,wheat_spring,4.623783783783784,3.9332000000000003,3.8351837797317634,3.7669682478230557,wheat_combined,08_01
393,2019,wheat_spring,4.196,2.9539999999999997,,,wheat_combined,08_01
393,2021,wheat_spring,2.3286713286713288,4.1048,3.0178100611507555,3.0773448593114554,wheat_combined,08_01
393,2023,wheat_spring,2.7683916083916085,2.7051,2.057425719319932,2.18064450313385,wheat_combined,08_01
393,2025,wheat_spring,4.924335664335664,4.5764000000000005,3.541910810901955,3.321689963155917,wheat_combined,08_01
394,2021,wheat_spring,3.00875,3.7380000000000004,2.9491480195784057,3.0522041549052368,wheat_combined,08_01
395,2019,wheat_winter,4.664,4.5952,,,wheat_combined,08_01
395,2021,wheat_spring,2.7353125,3.3612,2.7949488248589747,2.9665334858746926,wheat_combined,08_01
395,2024,wheat_spring,3.98,3.8909999999999996,3.7759695047040363,3.79269921133442,wheat_combined,08_01
395,2025,wheat_spring,4.1759375,3.2209000000000003,3.6105649704529954,3.377352222042049,wheat_combined,08_01
396,2019,wheat_winter,4.05,4.1022,,,wheat_combined,08_01
396,2021,wheat_spring,4.036969696969697,4.046200000000001,3.14174050841533,3.067723316848329,wheat_combined,08_01
396,2023,wheat_spring,1.9224242424242424,2.1806,2.414912431221869,2.2793005148828454,wheat_combined,08_01
396,2024,wheat_spring,4.926060606060606,4.2387999999999995,3.881564584778301,3.8785538624405254,wheat_combined,08_01
397,2017,wheat_spring,2.253,2.3282,,,wheat_combined,08_01
397,2019,wheat_winter,4.378,3.1291,,,wheat_combined,08_01
397,2021,wheat_spring,1.8685470085470088,3.6315,2.7004936510326014,2.740848373387193,wheat_combined,08_01
397,2023,wheat_spring,2.456410256410256,1.8885999999999998,2.0191895242161406,2.0599424528413186,wheat_combined,08_01
397,2025,wheat_winter,2.2528205128205125,2.8449,3.464990025339333,3.3014696449746554,wheat_combined,08_01
400,2021,wheat_spring,3.56,3.6064,2.8593809797935656,2.837032650365077,wheat_combined,08_01
401,2021,wheat_spring,4.2733333333333325,3.8271,2.7654650468520394,2.90776853744272,wheat_combined,08_01
402,2017,wheat_spring,2.0940000000000003,2.7819,,,wheat_combined,08_01
402,2019,wheat_winter,2.301,3.4671999999999996,,,wheat_combined,08_01
402,2022,wheat_spring,2.7777777777777777,,2.7580134503149214,2.644165753212934,wheat_combined,08_01
402,2023,wheat_winter,1.665,2.1574,2.130939828039303,2.1004455453854556,wheat_combined,08_01
402,2025,wheat_spring,5.3805555555555555,4.5347,3.646079839230387,3.365501519716579,wheat_combined,08_01
403,2019,wheat_winter,4.098,3.9395000000000002,,,wheat_combined,08_01
403,2021,wheat_spring,3.42235294117647,3.3447000000000005,2.7463477502727294,2.7963807513218546,wheat_combined,08_01
403,2023,wheat_winter,2.0727058823529414,2.3064,2.2872708878613315,2.224351231731134,wheat_combined,08_01
403,2025,wheat_spring,5.734117647058823,3.6671,3.616207467988541,3.3552317215403926,wheat_combined,08_01
405,2019,wheat_spring,3.676,2.6997,,,wheat_combined,08_01
405,2021,wheat_spring,3.4904093567251464,3.7448,2.7711731829896795,2.7409483935571184,wheat_combined,08_01
405,2022,wheat_spring,2.3405847953216377,,2.3493454728309953,2.307852882426516,wheat_combined,08_01
405,2023,wheat_winter,2.1315789473684212,3.2662999999999998,2.195739544812694,2.1310758372898135,wheat_combined,08_01
406,2017,wheat_spring,1.644,1.4935,,,wheat_combined,08_01
406,2019,wheat_spring,3.038,2.716,,,wheat_combined,08_01
406,2021,wheat_spring,2.812173913043478,5.224600000000001,2.8613588820236737,2.920516287173918,wheat_combined,08_01
406,2024,wheat_spring,3.263478260869565,3.4316000000000004,3.6136030918645994,3.5032632047915384,wheat_combined,08_01
407,2017,wheat_spring,1.261,4.3528,,,wheat_combined,08_01
407,2019,wheat_spring,1.418,4.3449,,,wheat_combined,08_01
407,2022,wheat_spring,2.7733333333333334,,2.3358600101177576,2.0444100300587333,wheat_combined,08_01
407,2023,wheat_winter,2.304444444444444,3.0169,2.3376896800442397,2.4726259886375273,wheat_combined,08_01
408,2019,wheat_winter,5.078,4.6113,,,wheat_combined,08_01
408,2021,wheat_spring,3.4680701754385965,3.5718000000000005,2.8817557105103857,2.8487853741815132,wheat_combined,08_01
408,2023,wheat_spring,1.656140350877193,1.8178,1.9787564905405077,2.0634539395154423,wheat_combined,08_01
408,2024,wheat_spring,4.508070175438596,3.6811,3.8212837033894194,3.7713189843704216,wheat_combined,08_01
409,2018,wheat_winter,3.239,4.3157,,,wheat_combined,08_01
409,2021,wheat_spring,2.427906976744186,3.0312,2.753514851495007,2.825354932271145,wheat_combined,08_01
409,2023,wheat_spring,2.5293023255813956,1.7477,2.0965060208253403,2.1637954082694915,wheat_combined,08_01
409,2024,wheat_spring,4.935348837209302,3.9835000000000003,3.8346505966360604,3.7340375140699447,wheat_combined,08_01
410,2021,wheat_spring,3.5784,3.1887,2.7503228847787757,2.7064250398876952,wheat_combined,08_01
410,2023,wheat_spring,2.0831999999999997,1.5551,2.028973494931609,2.08768356571738,wheat_combined,08_01
410,2024,wheat_spring,5.5360000000000005,4.1385,3.517348099639692,3.5035815832835113,wheat_combined,08_01
411,2019,wheat_spring,2.755,2.3283,,,wheat_combined,08_01
411,2021,wheat_spring,3.3311428571428574,3.2505,2.737263310485826,2.8662898900375744,wheat_combined,08_01
411,2023,wheat_spring,2.7565714285714287,2.3124,2.4607169953535712,2.3264228692569278,wheat_combined,08_01
411,2024,wheat_spring,2.626714285714286,4.7645,3.502959151720691,3.3197604856163188,wheat_combined,08_01
412,2017,wheat_spring,1.7079999999999995,2.0362,,,wheat_combined,08_01
412,2019,wheat_winter,4.205,3.3342,,,wheat_combined,08_01
412,2021,wheat_spring,3.440727272727273,3.7956000000000003,2.966702132463038,2.8731460351203766,wheat_combined,08_01
412,2022,wheat_spring,2.478909090909091,,2.398190815205071,2.3611402556570695,wheat_combined,08_01
412,2023,wheat_winter,3.3007272727272725,3.0162,2.6183287300577396,2.5772135552121687,wheat_combined,08_01
412,2025,wheat_spring,4.6632727272727275,3.5524,3.5504619147253327,3.302675004315303,wheat_combined,08_01
414,2019,wheat_winter,4.241,4.4601,,,wheat_combined,08_01
414,2021,wheat_spring,3.536689655172414,3.2077,2.721214482871491,2.6655272152735603,wheat_combined,08_01
414,2023,wheat_spring,2.6637241379310344,2.0915,2.2678787788971064,2.182648523072837,wheat_combined,08_01
415,2017,wheat_spring,1.011,1.8774000000000002,,,wheat_combined,08_01
415,2019,wheat_winter,3.106,3.3997,,,wheat_combined,08_01
415,2021,wheat_spring,2.8478125,2.8702,2.782969406649286,2.770027755106562,wheat_combined,08_01
415,2022,wheat_spring,2.0121875,,2.1439085329778056,2.155038137618275,wheat_combined,08_01
415,2024,wheat_spring,4.59875,3.3152999999999997,3.4710868153634222,3.518970101406362,wheat_combined,08_01
416,2017,wheat_spring,1.41,1.7832000000000001,,,wheat_combined,08_01
416,2021,wheat_spring,2.81635687732342,3.7375999999999996,2.8652659695144367,2.898578781308812,wheat_combined,08_01
416,2023,wheat_spring,2.685204460966543,2.4692,2.119754491162591,2.1478177944235934,wheat_combined,08_01
416,2025,wheat_spring,5.082081784386617,4.3149,3.5817868287305075,3.323326154573401,wheat_combined,08_01
418,2019,wheat_winter,2.71,3.1729,,,wheat_combined,08_01
418,2021,wheat_spring,2.963111111111111,3.5182,2.776386837658503,2.876857838649874,wheat_combined,08_01
418,2023,wheat_spring,3.197777777777778,2.2502,2.6122903176769143,2.6895266115802796,wheat_combined,08_01
419,2019,wheat_winter,4.318,4.2805,,,wheat_combined,08_01
419,2021,wheat_spring,2.869818181818182,4.101,2.8579529106045936,2.953888117274958,wheat_combined,08_01
419,2023,wheat_winter,2.256727272727273,2.1704,2.4215921727165304,2.2691679302745893,wheat_combined,08_01
419,2025,wheat_spring,4.669090909090909,3.8364,3.616999091374526,3.360436381949426,wheat_combined,08_01
420,2017,wheat_spring,1.261,1.4726000000000001,,,wheat_combined,08_01
420,2019,wheat_winter,2.73,3.8481,,,wheat_combined,08_01
420,2021,wheat_spring,2.3181818181818183,4.5226999999999995,2.771311014895034,2.842880879422441,wheat_combined,08_01
421,2019,wheat_spring,3.379,3.3021000000000003,,,wheat_combined,08_01
421,2021,wheat_winter,2.540078431372549,2.8287,2.895049675002756,2.932903638247646,wheat_combined,08_01
421,2023,wheat_spring,1.0665098039215686,1.8791,2.1873078532258976,2.0475008789046747,wheat_combined,08_01
422,2022,wheat_spring,3.4,3.1681,2.2870507932469626,2.1297798575328883,wheat_combined,08_01
422,2024,wheat_winter,5.087671232876712,4.600099999999999,3.6878493931853082,3.659918128313871,wheat_combined,08_01
423,2022,wheat_spring,3.2240449438202248,3.4781,2.714030471670171,2.6170586022273414,wheat_combined,08_01
423,2024,wheat_spring,3.914067415730337,3.9766,3.7188067587430043,3.6860617272713387,wheat_combined,08_01
424,2017,wheat_spring,1.001,2.128,,,wheat_combined,08_01
424,2019,wheat_winter,3.898,3.3064999999999998,,,wheat_combined,08_01
424,2021,wheat_spring,2.626470588235294,2.7789,2.6621226925814776,2.8414313236663897,wheat_combined,08_01
424,2023,wheat_winter,2.062549019607843,2.8190999999999997,2.2550960175315584,2.208372925640502,wheat_combined,08_01
424,2025,wheat_spring,4.860784313725491,3.7495,3.588191072482399,3.3552317215403926,wheat_combined,08_01
425,2017,wheat_spring,1.089,1.8821,,,wheat_combined,08_01
425,2019,wheat_spring,3.854999999999999,3.0919,,,wheat_combined,08_01
425,2021,wheat_spring,2.7649462365591395,3.1229,2.744061108431738,2.8397069267863118,wheat_combined,08_01
425,2023,wheat_spring,2.559784946236559,2.1184000000000003,2.2321605773279254,2.1690701858454022,wheat_combined,08_01
426,2021,wheat_winter,4.262711864406779,4.2972,3.3931276845229297,3.422419820452995,wheat_combined,08_01
426,2023,wheat_spring,2.0303389830508474,1.7704,2.0681607715697434,2.132440234302826,wheat_combined,08_01
427,2020,wheat_spring,1.107,2.0332999999999997,2.523681227060374,2.346935499450472,wheat_combined,08_01
428,2022,wheat_spring,4.175115511551155,3.4149000000000003,2.7389490343114815,2.6615224552454113,wheat_combined,08_01
428,2024,wheat_spring,5.232343234323433,4.2741999999999996,3.7248721740414785,3.7231522070648575,wheat_combined,08_01
429,2023,wheat_spring,3.113636363636364,2.4568000000000003,2.8789786140748164,2.6782833808338453,wheat_combined,08_01
430,2020,wheat_spring,2.4,2.8545000000000003,2.5844324266040526,2.6273989576650854,wheat_combined,08_01
430,2021,wheat_winter,2.408648648648649,2.244,2.792299011986296,2.7786048731432373,wheat_combined,08_01
431,2021,wheat_winter,2.472,3.5862000000000003,2.895906652427726,2.7972056924058974,wheat_combined,08_01
432,2021,wheat_spring,2.851818181818182,4.5404,3.198214869165474,3.206485247368098,wheat_combined,08_01
432,2024,wheat_spring,3.878636363636363,4.4426000000000005,3.889434646294638,3.8951978799100075,wheat_combined,08_01
433,2021,wheat_winter,3.65,2.9331,2.6943337756609247,2.7116132286462937,wheat_combined,08_01
434,2021,wheat_spring,2.7960000000000003,3.7344,2.7897238147584478,2.820878177772324,wheat_combined,08_01
435,2024,wheat_spring,2.982771084337349,4.132,3.719161941252734,3.819720137176918,wheat_combined,08_01
436,2021,wheat_spring,3.0220689655172412,4.1293999999999995,2.9581041289739027,2.9069141138409176,wheat_combined,08_01
438,2022,wheat_spring,4.486875,3.4704,2.448456494868559,2.3110193342280954,wheat_combined,08_01
440,2022,wheat_spring,3.4393548387096775,2.7463,2.644191218988593,2.6578032241839797,wheat_combined,08_01
440,2024,wheat_spring,3.290574193548387,3.6496000000000004,3.457876972764883,3.4769349671003376,wheat_combined,08_01
441,2021,wheat_spring,4.001818181818182,3.2069,2.798496168722834,2.737119343072437,wheat_combined,08_01
441,2025,wheat_spring,3.986666666666667,3.5075000000000003,3.0591503771235593,3.0569732981684647,wheat_combined,08_01
444,2021,wheat_spring,3.7077777777777774,2.9255,2.6578021248961203,2.6914832670405096,wheat_combined,08_01
445,2021,wheat_spring,1.8866666666666667,3.6007,2.675621893378616,2.658928174657398,wheat_combined,08_01
446,2021,wheat_spring,2.02,2.3268999999999997,2.699113569119886,2.6549266516680277,wheat_combined,08_01
447,2021,wheat_spring,2.646666666666667,2.8696,2.786772148547214,2.7145332229245116,wheat_combined,08_01
457,2024,wheat_spring,2.8333333333333335,4.4924,4.146405434139001,4.14545864356095,wheat_combined,08_01
457,2025,wheat_spring,3.44,4.052300000000001,3.6292658225336507,3.3452885286118796,wheat_combined,08_01
505,2022,wheat_spring,3.466521739130435,2.8742,2.5426773503817044,2.623561683493271,wheat_combined,08_01
506,2022,wheat_spring,2.916875,2.8356000000000003,2.598452627375357,2.551547190402009,wheat_combined,08_01
510,2022,wheat_spring,4.543333333333334,4.2016,2.286312807338816,2.2642997130117477,wheat_combined,08_01
512,2022,wheat_spring,1.193,4.063000000000001,2.770823822596523,2.7072124972511755,wheat_combined,08_01
512,2024,wheat_spring,3.609692307692308,3.6466000000000003,3.474903360918214,3.5622526703046415,wheat_combined,08_01
512,2025,wheat_spring,3.7007692307692306,3.6757,3.572236287301586,3.3250253989467176,wheat_combined,08_01
513,2023,wheat_spring,1.501304347826087,1.3852,1.9985496454604088,1.9671383750463665,wheat_combined,08_01
513,2025,wheat_winter,4.506086956521739,3.7962000000000002,3.51210438687232,3.263980232090672,wheat_combined,08_01
514,2023,wheat_winter,2.0454545454545454,2.0959,2.523322339910533,2.3224061976557415,wheat_combined,08_01
604,2023,wheat_spring,2.1067846153846155,2.5055,2.4865033723061094,2.3798764176788945,wheat_combined,08_01
628,2025,wheat_spring,1.6711182108626197,2.6254,3.497310527757652,3.3106179321160067,wheat_combined,08_01
630,2023,wheat_spring,1.2423529411764709,1.8777000000000001,2.5535076199274584,2.492858960406918,wheat_combined,08_01
630,2025,wheat_spring,1.588235294117647,2.6426,3.4971998861158395,3.3537554136242935,wheat_combined,08_01
632,2025,wheat_spring,1.8557142857142856,2.6647,3.462665869411018,3.339109186873976,wheat_combined,08_01
633,2025,wheat_winter,3.7351351351351343,4.1997,3.534962103452141,3.3313583000619573,wheat_combined,08_01
634,2024,wheat_spring,3.798571428571429,3.6207000000000003,3.268061392534515,3.27510891934696,wheat_combined,08_01
634,2025,wheat_spring,4.002857142857143,2.1765999999999996,3.4460852992530207,3.3208354113238228,wheat_combined,08_01
635,2023,wheat_spring,2.004705882352941,2.9415,2.7098488387199846,2.789681721391139,wheat_combined,08_01
635,2025,wheat_spring,3.387058823529412,2.3033,3.460753696168214,3.3453024830303297,wheat_combined,08_01
636,2023,wheat_spring,2.0064912280701757,1.7056,2.601489772913925,2.569272991518551,wheat_combined,08_01
636,2025,wheat_spring,2.5898245614035087,2.3332,3.408395053244118,3.277499696392946,wheat_combined,08_01
643,2025,wheat_winter,2.9432432432432436,3.7738,3.416286043219268,3.2744492009585344,wheat_combined,08_01
644,2023,wheat_spring,1.736,2.4819,2.375228960015537,2.5033312353696813,wheat_combined,08_01
644,2024,wheat_spring,2.470666666666667,3.0547999999999997,3.239023772017064,3.1945431308335204,wheat_combined,08_01
650,2023,wheat_spring,2.649016393442623,2.1055,2.605070872314144,2.5927006875441974,wheat_combined,08_01
650,2024,wheat_spring,3.3059016393442624,3.4661,2.5309463229672238,2.4696511118430764,wheat_combined,08_01
653,2025,wheat_winter,4.073504273504274,4.2751,3.566316473125956,3.3530911105427417,wheat_combined,08_01
654,2023,wheat_spring,2.6425,2.2979,2.367394236834078,2.4472013735511693,wheat_combined,08_01
655,2024,wheat_spring,2.415263157894737,3.157,2.832245964661379,2.803176688629639,wheat_combined,08_01
659,2024,wheat_spring,2.440571428571429,3.5345,3.3212196957639266,3.500432093439146,wheat_combined,08_01
660,2023,wheat_spring,1.762,2.4032,2.60019579584977,2.5103275209722518,wheat_combined,08_01
661,2024,wheat_spring,3.669122807017544,2.7378,2.6312306045626372,2.5408264262933096,wheat_combined,08_01
662,2023,wheat_spring,1.7616666666666667,2.5514,2.7885975045962548,2.5862280971172726,wheat_combined,08_01
665,2023,wheat_spring,1.625,2.225,2.4004302661512167,2.4048916311631205,wheat_combined,08_01
666,2023,wheat_spring,1.6253191489361702,2.5518,2.3603654939086884,2.4520391337127023,wheat_combined,08_01
668,2025,wheat_spring,3.31872,2.8228999999999997,3.4718606018907283,3.317770319352593,wheat_combined,08_01
669,2023,wheat_spring,1.5975471698113208,1.8298999999999999,2.567985601491581,2.5323075905220516,wheat_combined,08_01
669,2024,wheat_spring,3.322641509433962,3.3181,2.88498629084054,2.886009183319464,wheat_combined,08_01
671,2023,wheat_spring,1.7196969696969695,2.41,2.494288386864403,2.5148268123541953,wheat_combined,08_01
674,2024,wheat_spring,4.6898425196850395,2.8089,2.849017321721088,2.9682997903812978,wheat_combined,08_01
675,2025,wheat_spring,2.695906432748538,2.6151,3.323473027771308,3.2755021670847064,wheat_combined,08_01
677,2023,wheat_spring,2.2621428571428575,2.4953,2.539866675333584,2.4623496426385296,wheat_combined,08_01
678,2023,wheat_spring,2.0062686567164176,2.5131,2.6780623199151887,2.682576297369396,wheat_combined,08_01
680,2023,wheat_spring,2.511463414634146,2.9116,2.6003713494530194,2.7234026979272272,wheat_combined,08_01
689,2024,wheat_spring,1.1392307692307693,3.5058,3.0896218911555122,3.2174331990294314,wheat_combined,08_01
689,2025,wheat_spring,1.146153846153846,1.9847000000000001,3.394268478994267,3.283475289103964,wheat_combined,08_01
690,2023,wheat_spring,3.1429411764705883,2.6678,2.8795845424203557,2.7866175718149404,wheat_combined,08_01
693,2023,wheat_spring,1.650925925925926,3.2476999999999996,2.7884390906226852,2.794218952005933,wheat_combined,08_01
693,2025,wheat_spring,4.111111111111111,2.519,3.5331238901124475,3.3825589176198827,wheat_combined,08_01
694,2023,wheat_spring,1.8193939393939391,2.9119,2.813202124490769,2.7915996127585703,wheat_combined,08_01
694,2024,wheat_spring,1.9284848484848485,2.9421,3.1747201183231377,3.1879286774096425,wheat_combined,08_01
694,2025,wheat_spring,3.604848484848485,2.5167,3.4542101457060066,3.342010169326309,wheat_combined,08_01
695,2023,wheat_spring,1.819,2.7694,2.881189859108568,2.790816157372611,wheat_combined,08_01
696,2023,wheat_spring,1.6794736842105262,2.2182,2.7110506629624957,2.519911359510391,wheat_combined,08_01
696,2024,wheat_spring,4.205263157894737,3.4825000000000004,2.7369879951447196,2.7430096892210765,wheat_combined,08_01
698,2024,wheat_spring,3.18863309352518,2.6348,3.1873926938803936,3.246048121133941,wheat_combined,08_01
698,2025,wheat_spring,3.053956834532374,2.3052,3.4138518860572233,3.339946947353097,wheat_combined,08_01
699,2024,wheat_spring,1.9542857142857144,2.9794,2.783879206406387,2.7370294991379613,wheat_combined,08_01
700,2023,wheat_spring,1.771777777777778,2.0559000000000003,2.4101018728905745,2.4755874115250807,wheat_combined,08_01
700,2024,wheat_spring,3.1551111111111108,3.2281,2.986901422665205,2.9906201575608895,wheat_combined,08_01
701,2023,wheat_spring,2.263571428571429,2.6811,2.602007145685267,2.641010385979741,wheat_combined,08_01
710,2023,wheat_spring,2.016111111111111,3.0164999999999997,2.6197963138094735,2.5770769136543263,wheat_combined,08_01
711,2023,wheat_spring,1.3551376146788991,2.5837,2.598696666248038,2.7817687035385883,wheat_combined,08_01
711,2025,wheat_spring,2.053211009174312,2.5225999999999997,3.4510704697913686,3.2667884713182826,wheat_combined,08_01
712,2024,wheat_spring,2.481875,3.2098,2.729704845609753,2.775812646558723,wheat_combined,08_01
713,2023,wheat_spring,1.738235294117647,2.4566,2.7826215267069805,2.742305708014149,wheat_combined,08_01
715,2024,wheat_spring,3.2449664429530203,2.9846,3.245811656281285,3.3436134823639856,wheat_combined,08_01
717,2024,wheat_spring,2.1251315789473684,3.05,3.2177829323703198,3.3058308982002815,wheat_combined,08_01
718,2023,wheat_spring,1.7971698113207548,2.1103,2.382787360129862,2.449055282499762,wheat_combined,08_01
722,2024,wheat_spring,3.143571428571428,3.2308,3.136870222731586,3.2221927360176696,wheat_combined,08_01
722,2025,wheat_spring,1.8907142857142856,3.0300000000000002,3.5698128656737436,3.3752224098144294,wheat_combined,08_01
725,2025,wheat_spring,2.534630136986302,2.6914000000000002,3.334781171163236,3.2901364008024787,wheat_combined,08_01
727,2024,wheat_spring,2.8123809523809524,3.4015999999999997,2.8676947493874967,2.88837498773046,wheat_combined,08_01
728,2023,wheat_spring,2.1681132075471696,2.0694,2.315016733239955,2.4183183511053166,wheat_combined,08_01
728,2025,wheat_winter,3.3735849056603775,4.0743,3.4887644252281675,3.3550024504096188,wheat_combined,08_01
729,2023,wheat_spring,1.8895744680851063,1.7196000000000002,2.4950341333542063,2.534984589476576,wheat_combined,08_01
730,2024,wheat_spring,3.438636363636364,3.5831000000000004,2.9039978149639323,2.971446747379779,wheat_combined,08_01
733,2023,wheat_spring,1.5219277108433733,1.8249,2.2996831968770177,2.3914532827042607,wheat_combined,08_01
735,2023,wheat_spring,2.44,1.8994,2.404831635605835,2.448532354993255,wheat_combined,08_01
736,2023,wheat_spring,2.190373831775701,2.2104,2.3618205577392968,2.434677555669433,wheat_combined,08_01
736,2025,wheat_winter,3.522429906542056,4.4608,3.5598633971942792,3.3981550332179813,wheat_combined,08_01
737,2023,wheat_spring,2.440300751879699,2.3006,2.6360500807746776,2.7301686528977527,wheat_combined,08_01
737,2025,wheat_spring,3.0362406015037595,2.0914,3.4301929880338404,3.3104526593881443,wheat_combined,08_01
741,2023,wheat_spring,1.904864864864865,2.4909,2.6978734064497094,2.795726690693566,wheat_combined,08_01
742,2023,wheat_spring,1.1057560975609757,2.1965,2.40518135352229,2.587623002213265,wheat_combined,08_01
742,2024,wheat_spring,2.9680000000000004,3.2590000000000003,2.9234844367839377,2.93336993944116,wheat_combined,08_01
743,2023,wheat_spring,2.480392156862745,2.4853,2.370865857776078,2.421825321643857,wheat_combined,08_01
744,2024,wheat_spring,2.963589743589744,3.0977,3.5181927685522867,3.536977799936673,wheat_combined,08_01
745,2024,wheat_spring,1.665,3.7734,3.2480796779568926,3.2906596521350444,wheat_combined,08_01
749,2025,wheat_spring,3.7407751937984495,2.6398,3.4058305511340192,3.3674716137909178,wheat_combined,08_01
750,2024,wheat_spring,4.912765957446808,2.6390000000000002,2.9034076270276556,3.0021598271887617,wheat_combined,08_01
754,2023,wheat_spring,3.142777777777778,2.8236999999999997,2.8403256887524746,2.85019754806778,wheat_combined,08_01
754,2024,wheat_spring,3.902549,2.5719000000000003,2.559812588302831,2.454199379770536,wheat_combined,08_01
755,2023,wheat_spring,2.6428205128205127,2.3508,2.944810385264292,2.9521850280199007,wheat_combined,08_01
756,2023,wheat_spring,3.143035714285714,3.0082,2.8909367820738265,2.899751601075369,wheat_combined,08_01
764,2023,wheat_spring,3.1446774193548386,2.6370999999999998,2.7815636006099456,2.831077534374777,wheat_combined,08_01
764,2024,wheat_spring,3.882903225806452,3.2095,2.606835026744085,2.604649562699648,wheat_combined,08_01
767,2023,wheat_spring,1.6358536585365853,1.9647999999999999,2.6650086513970113,2.7418983063793885,wheat_combined,08_01
767,2024,wheat_spring,1.4141463414634146,3.1482,3.181152350600693,3.2029659757856197,wheat_combined,08_01
768,2023,wheat_spring,1.9517391304347824,2.3907,2.801784935359654,2.908655109552441,wheat_combined,08_01
768,2024,wheat_spring,2.4121739130434783,3.6808,2.9731740982288772,2.9856796586459238,wheat_combined,08_01
769,2023,wheat_spring,1.636,2.2826,2.6882616680702323,2.829083521698367,wheat_combined,08_01
769,2024,wheat_spring,5.392,2.692,2.988744563023956,2.9232182256468384,wheat_combined,08_01
770,2023,wheat_spring,2.5348507462686567,2.3167,2.7715817138841716,2.862160168584504,wheat_combined,08_01
770,2025,wheat_spring,3.468955223880597,2.4257,3.391079105882009,3.348177824147784,wheat_combined,08_01
771,2023,wheat_spring,2.154166666666667,2.1482,2.567893939648553,2.464097052158539,wheat_combined,08_01
772,2023,wheat_spring,2.327462686567164,2.1558,2.5807386636264664,2.4926485783964973,wheat_combined,08_01
773,2024,wheat_spring,1.5847761194029852,2.0591,2.5687701852126104,2.5059044270404423,wheat_combined,08_01
774,2023,wheat_spring,2.6488888888888886,2.1664000000000003,2.5580872964124617,2.478079822770849,wheat_combined,08_01
774,2024,wheat_spring,3.3511111111111114,3.4462,2.7847045774040295,2.66902435536884,wheat_combined,08_01
775,2023,wheat_spring,2.332686567164179,3.1513999999999998,2.8842265164290395,2.862022601351532,wheat_combined,08_01
775,2024,wheat_spring,3.02089552238806,2.9789000000000003,2.7123763653856834,2.65619591903644,wheat_combined,08_01
776,2024,wheat_spring,2.5763265306122447,3.1826,3.164367214261705,3.2295806831823746,wheat_combined,08_01
778,2023,wheat_spring,1.7359090909090908,2.0045,2.378831843795155,2.440890649223758,wheat_combined,08_01
778,2024,wheat_spring,4.464090909090909,2.9023,3.011763814087628,2.9750581777759577,wheat_combined,08_01
779,2023,wheat_spring,1.21525,2.4725,2.4995151893197223,2.533240110645794,wheat_combined,08_01
779,2024,wheat_spring,3.148,3.8303,2.9381158084578685,2.9608714663463416,wheat_combined,08_01
780,2023,wheat_spring,1.5043333333333335,2.3485,2.4901682367234095,2.503131343870182,wheat_combined,08_01
780,2024,wheat_spring,4.034666666666667,3.5488,3.1939407566847997,3.231913368744765,wheat_combined,08_01
781,2023,wheat_spring,1.736056338028169,2.4867999999999997,2.4058472505815844,2.554593223975928,wheat_combined,08_01
786,2023,wheat_spring,1.4060416666666666,1.5635,2.4978232389939765,2.458620981177825,wheat_combined,08_01
786,2024,wheat_spring,3.81125,3.1032,3.090986185761154,3.158719449341156,wheat_combined,08_01
786,2025,wheat_spring,1.6983333333333333,2.3194,3.4419437876573,3.3064528721625175,wheat_combined,08_01
787,2024,wheat_spring,3.1833333333333336,3.2444,2.6432180153262532,2.797219543718686,wheat_combined,08_01
788,2025,wheat_spring,3.787260273972603,2.3513,3.351833919579075,3.265346270625008,wheat_combined,08_01
789,2024,wheat_spring,3.867674418604651,3.1652,2.965175891981387,2.9981470572380227,wheat_combined,08_01
792,2023,wheat_spring,1.42275,1.5682,2.494673883448017,2.502299131115411,wheat_combined,08_01
793,2023,wheat_spring,1.7799999999999998,2.134,2.687363324845681,2.599570004969899,wheat_combined,08_01
793,2024,wheat_spring,4.363820224719101,2.6718,3.158786151964775,3.1979761889384486,wheat_combined,08_01
793,2025,wheat_spring,2.1496629213483147,2.6378,3.4056986949554293,3.3450468616323152,wheat_combined,08_01
797,2023,wheat_spring,1.7378260869565216,2.6823,2.7785026901535463,2.782448114437363,wheat_combined,08_01
797,2025,wheat_spring,4.511304347826087,2.6075,3.6184695743742683,3.3835470716294638,wheat_combined,08_01
798,2023,wheat_spring,2.006153846153846,2.45,2.5691827668376988,2.648335174293484,wheat_combined,08_01
800,2024,wheat_spring,2.493333333333333,3.8228,3.1228014456281343,3.1058654067145195,wheat_combined,08_01
800,2025,wheat_spring,1.816190476190476,2.4798,3.475799165497007,3.3113437051184036,wheat_combined,08_01
801,2023,wheat_spring,1.4505072463768116,2.278,3.0416097763222263,2.9677292896876857,wheat_combined,08_01
801,2025,wheat_spring,3.800724637681159,3.0893,3.5632594305441216,3.2980661598490832,wheat_combined,08_01
802,2025,wheat_spring,2.8191666666666664,1.6059999999999999,3.6122670350305115,3.4181710659721993,wheat_combined,08_01
803,2023,wheat_spring,1.8186206896551724,2.269,2.8581422645365206,2.753778199671909,wheat_combined,08_01
803,2025,wheat_spring,5.01103448275862,2.3155,3.524065789960595,3.3698621404691886,wheat_combined,08_01
804,2023,wheat_spring,1.818888888888889,2.3760000000000003,2.6719386851183815,2.6353598544511243,wheat_combined,08_01
805,2023,wheat_spring,1.8189473684210529,1.8509,2.6927867124365545,2.5583636312267544,wheat_combined,08_01
806,2023,wheat_spring,2.2642857142857142,2.1092,2.7750337061815546,2.7316362045707563,wheat_combined,08_01
807,2023,wheat_spring,3.141052631578947,2.8649,2.874233624787685,2.752899427382673,wheat_combined,08_01
807,2024,wheat_spring,2.4712280701754388,2.6149999999999998,2.503908941122016,2.4820904272175452,wheat_combined,08_01
809,2024,wheat_spring,3.8322916666666664,2.793,2.692332639404733,2.7172739365066874,wheat_combined,08_01
809,2025,wheat_spring,2.4595833333333332,2.3466,3.37052754468703,3.283052317283727,wheat_combined,08_01
810,2024,wheat_spring,4.670877192982457,2.803,2.849320290610774,2.947984220223013,wheat_combined,08_01
811,2023,wheat_spring,1.8688888888888888,1.8558,2.694839243891584,2.5271850969073717,wheat_combined,08_01
811,2024,wheat_spring,4.6866666666666665,2.9682,3.0054778613299558,3.0468068608007455,wheat_combined,08_01
813,2023,wheat_spring,1.738,3.1189,2.7954609169260185,2.8182240142917974,wheat_combined,08_01
815,2023,wheat_spring,1.762222222222222,1.9965,2.7839431743412812,2.5739753191313395,wheat_combined,08_01
818,2024,wheat_spring,3.3494252873563215,3.3314999999999997,3.035108177095583,3.1042463871948236,wheat_combined,08_01
819,2023,wheat_spring,1.90125,1.6786999999999999,2.517958413962154,2.5115417329580176,wheat_combined,08_01
821,2024,wheat_spring,4.94,2.4912,2.475307243601284,2.426594845598363,wheat_combined,08_01
821,2025,wheat_spring,1.8613861386138617,2.086,3.4382058572694976,3.2935418863548005,wheat_combined,08_01
823,2024,wheat_spring,2.443404255319149,3.4749000000000003,2.728307130671761,2.6704405175372403,wheat_combined,08_01
824,2023,wheat_spring,2.648888888888889,2.9335999999999998,2.9357833974426577,2.78232129595225,wheat_combined,08_01
824,2024,wheat_spring,2.8755555555555556,3.5801000000000003,2.752995652225997,2.66290554793917,wheat_combined,08_01
831,2024,wheat_spring,2.517297297297297,3.0402,2.716108545171961,2.756491604239528,wheat_combined,08_01
832,2023,wheat_spring,4.2,2.9585999999999997,3.18739421137486,3.1016139781044214,wheat_combined,08_01
833,2025,wheat_spring,1.6960493827160494,1.9152999999999998,3.357091739508735,3.2678536193161727,wheat_combined,08_01
835,2023,wheat_spring,1.1682926829268292,2.3505,2.019940061807284,2.064186221900364,wheat_combined,08_01
836,2023,wheat_spring,1.6984761904761905,2.613,2.6900150864069743,2.601905160425329,wheat_combined,08_01
836,2025,wheat_spring,3.076571428571429,2.513,3.500989780569302,3.330173232405479,wheat_combined,08_01
837,2024,wheat_spring,4.956,3.4233,2.857587032713588,2.93079161717137,wheat_combined,08_01
838,2023,wheat_spring,1.88,1.7582999999999998,2.5223384036222374,2.5553070495507733,wheat_combined,08_01
838,2024,wheat_spring,2.9166666666666665,2.8235,2.772560226384096,2.8177078364942094,wheat_combined,08_01
839,2023,wheat_spring,1.4678260869565218,1.6463,2.3675203091451134,2.448093592116075,wheat_combined,08_01
839,2024,wheat_spring,2.688347826086957,2.683,2.73330860190976,2.8371297313703905,wheat_combined,08_01
846,2024,wheat_spring,4.397260273972603,2.1568,2.7725919730355773,2.706408736953755,wheat_combined,08_01
846,2025,wheat_spring,1.747123287671233,2.1764,3.474406422341141,3.3006045220664895,wheat_combined,08_01
847,2024,wheat_spring,3.674237288135594,3.0462,2.654271749377869,2.6704152745267518,wheat_combined,08_01
847,2025,wheat_spring,2.940677966101695,2.3927,3.4952338777751004,3.30828571613,wheat_combined,08_01
848,2025,wheat_spring,5.9399999999999995,3.4457999999999998,3.5760473849392933,3.390624960992629,wheat_combined,08_01
849,2024,wheat_spring,1.2260869565217392,2.1174,2.540687824944871,2.450212754955945,wheat_combined,08_01
849,2025,wheat_spring,1.0469565217391303,2.6065,3.4546586722028563,3.283466291393948,wheat_combined,08_01
850,2024,wheat_spring,4.034594594594594,2.9638999999999998,2.7949288073302148,2.8227176771907097,wheat_combined,08_01
850,2025,wheat_spring,1.4827027027027029,2.3329,3.5469936264334976,3.270705711641534,wheat_combined,08_01
851,2024,wheat_spring,5.851578947368421,3.3415999999999997,3.0092652544609253,3.046000313464744,wheat_combined,08_01
851,2025,wheat_spring,2.9426315789473683,2.6457,3.5053425703473478,3.270978855474544,wheat_combined,08_01
867,2025,wheat_spring,4.0767741935483865,4.4481,3.821559350257694,3.530199268407879,wheat_combined,08_01
871,2025,wheat_spring,4.996119402985075,4.6679,3.7957177332183236,3.535299182687097,wheat_combined,08_01
872,2025,wheat_spring,3.632098765432098,3.9985,3.6959634113151134,3.490627589615078,wheat_combined,08_01
873,2025,wheat_spring,4.029166666666667,4.5165999999999995,3.7170130779184603,3.490627589615078,wheat_combined,08_01
874,2025,wheat_spring,5.187123287671233,3.8101999999999996,3.6170582184532645,3.3978014563030916,wheat_combined,08_01
875,2025,wheat_spring,4.700588235294117,4.6021,3.831105845019361,3.537367336488875,wheat_combined,08_01
879,2024,wheat_spring,3.631333333333333,4.0365,3.329142532057981,3.471588289694458,wheat_combined,08_01
881,2025,wheat_spring,5.271794871794872,4.2247,3.0428592391325124,3.0205075872615805,wheat_combined,08_01
892,2024,wheat_spring,4.039580209895052,3.5601999999999996,3.2168153627321763,3.266604071468474,wheat_combined,08_01
893,2024,wheat_spring,4.053873873873874,3.2659999999999996,3.212768197489078,3.2460877160324464,wheat_combined,08_01
894,2024,wheat_spring,1.8008695652173914,2.9888000000000003,2.9547025524216797,2.938637557280723,wheat_combined,08_01
897,2025,wheat_spring,2.995285714285714,2.9537,3.332631427076743,3.258331438224375,wheat_combined,08_01
899,2024,wheat_spring,2.7888,2.835,3.075224876606767,3.1452362169241175,wheat_combined,08_01
901,2024,wheat_spring,2.6990946502057613,2.4257,2.971468791653038,2.9812469723520367,wheat_combined,08_01
903,2024,wheat_spring,1.516697247706422,3.7146999999999997,3.345427042095131,3.4068688087786234,wheat_combined,08_01
904,2025,wheat_spring,3.295175879396985,2.512,3.5161464050091773,3.2454180033819853,wheat_combined,08_01
905,2024,wheat_spring,1.9746413052501508,2.5953,2.7060735039599324,2.6366717970573426,wheat_combined,08_01
907,2024,wheat_spring,2.997029702970297,3.5423999999999998,3.4183494274604542,3.4439118554844885,wheat_combined,08_01
910,2025,wheat_spring,4.178913043478261,2.6088,3.625734085771639,3.33839063403278,wheat_combined,08_01
911,2024,wheat_spring,2.995941176470588,3.2018999999999997,3.065589842968766,3.197667050414839,wheat_combined,08_01
913,2025,wheat_spring,3.618918918918919,2.5398,3.513466913367316,3.296898151188341,wheat_combined,08_01
924,2024,wheat_spring,2.1640963855421687,2.6282,3.0745626842531917,3.1860414815996703,wheat_combined,08_01
926,2024,wheat_spring,1.75375,2.2424,3.1553976636012533,3.236801945095142,wheat_combined,08_01
929,2024,wheat_spring,2.677674418604651,2.1286,2.805777249684429,2.7151554371581677,wheat_combined,08_01
930,2024,wheat_spring,2.8144233758159776,2.7738,2.871164748252603,2.8888557596199176,wheat_combined,08_01
932,2024,wheat_spring,2.464730290456431,3.4357999999999995,3.0601426059028,3.11040623993208,wheat_combined,08_01
933,2024,wheat_spring,1.999285714285714,2.8119,2.8475927956912237,2.8271558159903742,wheat_combined,08_01
934,2024,wheat_spring,2.183391025495975,2.6883,2.9979240343356692,2.9262671026910168,wheat_combined,08_01
938,2024,wheat_spring,1.465090909090909,2.0709,3.030396497050875,3.024553976615235,wheat_combined,08_01
939,2024,wheat_spring,1.9653846153846155,2.4497,2.7216098506857334,2.615364338136208,wheat_combined,08_01
942,2025,wheat_spring,3.838840579710145,2.7576,3.444667822971231,3.3384529698758145,wheat_combined,08_01
943,2025,wheat_spring,2.434117647058824,2.7145,3.4919591993650427,3.3769955412912904,wheat_combined,08_01
949,2024,wheat_spring,3.1818556701030927,3.4441,3.1306146802271546,3.2108457456907025,wheat_combined,08_01
956,2025,wheat_spring,4.296603773584906,4.1612,3.78267016372361,3.5197517912699965,wheat_combined,08_01
957,2024,wheat_spring,4.786470588235295,4.3197,3.568464227684796,3.6345200070166865,wheat_combined,08_01
963,2025,wheat_spring,4.9848888888888885,3.3843000000000005,3.822141739143689,3.5257451492328613,wheat_combined,08_01
964,2024,wheat_spring,2.1013333333333333,4.1812,3.286706825204589,3.6700396642169295,wheat_combined,08_01
970,2024,wheat_spring,3.0922221304556583,2.7599,2.546136971064854,2.605072768416958,wheat_combined,08_01
976,2025,wheat_winter,6.3880952380952385,3.721,3.6310115184033043,3.475016619982124,wheat_combined,08_01
977,2025,wheat_spring,3.407058823529412,3.9600999999999997,3.0699798560397693,3.0632878204083904,wheat_combined,08_01
978,2025,wheat_spring,4.130434782608695,3.6332,3.100557102832423,3.0592734755055906,wheat_combined,08_01
987,2017,wheat_spring,1.95,2.1065,,,wheat_combined,08_01
987,2019,wheat_winter,4.303,3.7323999999999997,,,wheat_combined,08_01
987,2021,wheat_winter,3.822121594240336,3.0478,2.5998278762352265,2.5871604156135106,wheat_combined,08_01
987,2022,wheat_winter,1.7124277155062266,2.0271,2.209053495892203,2.301989191683329,wheat_combined,08_01
987,2024,wheat_spring,4.1484308079306675,3.9097999999999997,3.5980946138024863,3.688600743527658,wheat_combined,08_01
993,2025,wheat_spring,2.9006779661016946,4.2728,3.7021002808794705,3.4886226185586824,wheat_combined,08_01
994,2025,wheat_spring,3.8666666666666663,2.3349,3.5573838809550824,3.4210272995896767,wheat_combined,08_01
995,2024,wheat_spring,11.035,2.1727,3.656727737561618,3.0372135897341765,wheat_combined,08_01
996,2024,wheat_spring,32.135000000000005,3.8903,4.031055162804707,3.5295413631177244,wheat_combined,08_01
997,2023,wheat_spring,9.982,1.7797999999999998,3.0534559351902177,2.776209795371984,wheat_combined,08_01
1000,2025,wheat_winter,3.4231818181818183,3.2826,2.9969901422741354,2.997155915412081,wheat_combined,08_01
1009,2023,wheat_spring,4.249639634829961,,3.247439390784808,2.8647988293550326,wheat_combined,08_01
1010,2018,wheat_spring,3.2461342159168125,,,,wheat_combined,08_01
1010,2019,wheat_spring,2.4,,,,wheat_combined,08_01
1010,2021,wheat_spring,4.374850281836803,,2.6144547868658563,2.7527108170369172,wheat_combined,08_01
1010,2022,wheat_winter,3.058992622866669,,2.3261452657288446,2.310261428765066,wheat_combined,08_01
1010,2024,wheat_spring,5.499459792423405,4.1295,3.4044659701942024,3.5632884701598324,wheat_combined,08_01
1011,2019,wheat_winter,2.364,,,,wheat_combined,08_01
1011,2021,wheat_spring,5.109187711755829,,2.618898284131458,2.7070041235598516,wheat_combined,08_01
1011,2023,wheat_spring,5.277372173707908,,3.2902680719338866,3.0241460227873427,wheat_combined,08_01
1016,2023,wheat_spring,1.9225,,2.8366865932486593,2.562349130301382,wheat_combined,08_01
1021,2025,wheat_spring,1.7027027027027026,2.1145,3.6423054605821803,3.499997022930655,wheat_combined,08_01
1022,2025,wheat_spring,1.9749685534591197,2.6386,3.5890068550264314,3.439077434425368,wheat_combined,08_01
1025,2025,wheat_spring,1.480952380952381,2.3288,3.6384822872541855,3.464806459717944,wheat_combined,08_01
1027,2025,wheat_spring,4.96,3.1902,3.7151500211164596,3.5228163842175038,wheat_combined,08_01
195,2022,wheat_winter,2.1216260162601626,2.4872,2.5738050673319597,2.6772882969169043,wheat_combined,09_01
195,2025,wheat_spring,2.7195121951219514,2.8708,3.0131148828747523,3.0900282559298127,wheat_combined,09_01
197,2022,wheat_winter,1.5206997084548106,3.2342,2.751585932261697,2.797858400281384,wheat_combined,09_01
197,2023,wheat_winter,1.0820991253644316,2.1736999999999997,1.9989319351852133,2.0603213078180054,wheat_combined,09_01
197,2025,wheat_spring,3.779416909620991,3.1238,3.009947498358509,3.0622133092208976,wheat_combined,09_01
207,2019,wheat_spring,3.5799999999999996,2.7728,,,wheat_combined,09_01
207,2022,wheat_winter,1.8846846846846843,2.9544,2.783465819363341,2.7847299962936503,wheat_combined,09_01
207,2023,wheat_winter,1.068108108108108,2.1542000000000003,1.9588670170566331,1.9537032721958802,wheat_combined,09_01
208,2022,wheat_spring,2.356923076923077,3.6424999999999996,2.5081266926327137,2.4903584533569854,wheat_combined,09_01
208,2023,wheat_spring,2.018076923076923,1.4264,2.1254178723995043,2.148742087522862,wheat_combined,09_01
208,2025,wheat_spring,3.8430769230769233,3.0721,3.009947498358509,3.083917842576299,wheat_combined,09_01
209,2017,wheat_winter,2.22,3.1563,,,wheat_combined,09_01
209,2022,wheat_spring,2.654337748344371,3.5056,2.681247897463746,2.618602391983645,wheat_combined,09_01
209,2023,wheat_winter,1.4864900662251657,3.0968,2.0611641764159243,1.955042640357298,wheat_combined,09_01
210,2017,wheat_winter,2.002,2.4049,,,wheat_combined,09_01
210,2022,wheat_spring,3.0655870445344133,3.1305,2.776292163223866,2.703476111966809,wheat_combined,09_01
210,2024,wheat_winter,5.519493927125506,5.754099999999999,3.7851176226197776,3.832002021089041,wheat_combined,09_01
211,2017,wheat_winter,2.4379999999999997,1.8834,,,wheat_combined,09_01
212,2022,wheat_spring,3.1773529411764705,3.4025,2.7574564544722233,2.8009776381577436,wheat_combined,09_01
212,2023,wheat_spring,2.9445588235294116,2.073,2.151973277421356,2.0678583824261394,wheat_combined,09_01
212,2025,wheat_spring,1.7024264705882353,2.8967,2.996947870401341,3.0900282559298127,wheat_combined,09_01
213,2021,wheat_spring,1.3155714285714286,3.1079999999999997,2.892992454011651,2.8376571672393234,wheat_combined,09_01
214,2021,wheat_spring,1.5857777777777775,3.1157,2.884606866748543,2.853994161596722,wheat_combined,09_01
215,2020,wheat_spring,1.409,1.5953,2.6323821938615586,2.450898333772644,wheat_combined,09_01
215,2022,wheat_spring,2.858987341772152,2.7344999999999997,2.664083863088033,2.663104825199866,wheat_combined,09_01
215,2024,wheat_winter,4.476708860759494,4.2056,3.4419721407309902,3.4489227834033453,wheat_combined,09_01
216,2020,wheat_spring,1.246,2.1373,2.6288316641715253,2.4026803302997353,wheat_combined,09_01
216,2022,wheat_spring,3.1270270270270273,3.9808999999999997,2.635761543942633,2.636546665634896,wheat_combined,09_01
216,2024,wheat_winter,5.342162162162162,5.3586,3.796234911338087,3.7078373671569675,wheat_combined,09_01
217,2022,wheat_spring,3.063725490196078,3.6563000000000003,2.655793321920303,2.585490996326215,wheat_combined,09_01
217,2025,wheat_spring,2.5629901960784314,2.7186,2.996947870401341,3.0597174325941507,wheat_combined,09_01
218,2022,wheat_spring,2.1723076923076925,2.5543,2.489220521285833,2.4772842742996968,wheat_combined,09_01
218,2024,wheat_spring,4.027153846153846,3.4,3.3287837247341328,3.724999819920454,wheat_combined,09_01
218,2025,wheat_spring,4.112820512820513,2.6460999999999997,3.0341666460791266,3.0900282559298127,wheat_combined,09_01
219,2017,wheat_winter,1.873,3.0346,,,wheat_combined,09_01
219,2022,wheat_spring,2.827547619047619,3.4502,2.734669824261063,2.6705116483707516,wheat_combined,09_01
219,2024,wheat_spring,3.6718380952380953,3.2952,3.4699872537661474,3.6988003868566333,wheat_combined,09_01
220,2022,wheat_spring,3.4832,3.4874,2.872859885690689,2.803693849152028,wheat_combined,09_01
220,2024,wheat_spring,3.12756,3.8434,3.535685272832506,3.6674319103250355,wheat_combined,09_01
220,2025,wheat_spring,3.3072000000000004,3.6214,2.996947870401341,3.087532379303066,wheat_combined,09_01
222,2022,wheat_spring,3.2700483870967743,3.586,2.709789035113212,2.7380079528167682,wheat_combined,09_01
222,2024,wheat_spring,3.6562580645161287,3.9848,3.7215377653967376,3.913705885126958,wheat_combined,09_01
223,2022,wheat_spring,3.2311428571428573,2.9478999999999997,2.6158458918231404,2.5278766876632246,wheat_combined,09_01
223,2024,wheat_spring,3.350857142857143,4.2385,3.6109167994197304,4.045644988508545,wheat_combined,09_01
224,2022,wheat_spring,3.079423076923077,3.3052,2.580355529483567,2.544542737680022,wheat_combined,09_01
224,2024,wheat_winter,5.0582692307692305,4.9363,3.8549117043107124,3.7793658023723107,wheat_combined,09_01
225,2020,wheat_spring,2.335,3.5470999999999995,2.6465117458043026,2.5120028807957597,wheat_combined,09_01
226,2022,wheat_spring,1.6934999999999998,2.926,2.6972288274410507,2.604841946124742,wheat_combined,09_01
226,2024,wheat_winter,4.9315,4.5445,3.543530499601161,3.5577729570665815,wheat_combined,09_01
227,2021,wheat_winter,2.8346242774566472,3.5711,3.115415608206049,3.1776304370568083,wheat_combined,09_01
227,2022,wheat_winter,2.217514450867052,3.2383,2.505028917645099,2.557867273309169,wheat_combined,09_01
228,2020,wheat_winter,1.3,2.0305,2.5089180232748833,2.4147976274341545,wheat_combined,09_01
228,2021,wheat_winter,2.4169491525423727,3.7058,3.0203818615066904,3.144102982302338,wheat_combined,09_01
228,2022,wheat_spring,4.564745762711865,3.2991,2.5206097988469085,2.469917900827726,wheat_combined,09_01
228,2023,wheat_winter,1.5016949152542372,2.2995,2.5958415169503093,2.5732088414347087,wheat_combined,09_01
228,2025,wheat_spring,3.004576271186441,3.5229999999999997,3.0341666460791266,3.087532379303066,wheat_combined,09_01
229,2020,wheat_winter,3.285,2.221,2.5446840448938235,2.480818506311894,wheat_combined,09_01
229,2021,wheat_winter,2.9450000000000003,2.4469000000000003,3.0086836428527532,3.10371929307062,wheat_combined,09_01
229,2022,wheat_spring,2.841666666666667,2.6656,2.567211990503722,2.519637210409117,wheat_combined,09_01
229,2023,wheat_winter,3.443333333333334,2.076,2.485715754858396,2.654157844092519,wheat_combined,09_01
229,2025,wheat_spring,3.5050000000000003,3.1488,3.004033896693982,3.134272447041936,wheat_combined,09_01
230,2019,wheat_winter,4.503,3.9929,,,wheat_combined,09_01
230,2021,wheat_winter,2.123766816143498,3.134,2.9836890843784674,2.8143239899082255,wheat_combined,09_01
230,2025,wheat_spring,3.6687443946188343,2.9788,3.009947498358509,3.083917842576299,wheat_combined,09_01
231,2017,wheat_spring,1.95,2.2209,,,wheat_combined,09_01
231,2019,wheat_winter,4.303,4.2558,,,wheat_combined,09_01
231,2021,wheat_winter,3.5069787234042553,3.4015999999999997,3.023380451732956,3.162400051176613,wheat_combined,09_01
231,2022,wheat_winter,1.5712340425531914,2.288,2.3946181809435956,2.4636786925253014,wheat_combined,09_01
231,2024,wheat_spring,3.806382978723404,3.636,3.5272834672699966,3.687260833658401,wheat_combined,09_01
232,2017,wheat_spring,1.95,2.7603,,,wheat_combined,09_01
232,2019,wheat_winter,3.404,4.1161,,,wheat_combined,09_01
232,2021,wheat_winter,3.2479729729729727,2.9818000000000002,3.0170711816157247,3.1004469331797804,wheat_combined,09_01
232,2022,wheat_winter,1.847837837837838,1.8508,2.142318149223484,2.2693205674998005,wheat_combined,09_01
232,2024,wheat_spring,3.330304054054054,3.8371000000000004,3.4456073970143564,3.722215837750954,wheat_combined,09_01
233,2021,wheat_winter,3.6453846153846152,3.4055999999999997,2.824660420430121,2.83750320868349,wheat_combined,09_01
234,2021,wheat_winter,5.389142857142858,3.8293,2.641857851734357,2.677844022797827,wheat_combined,09_01
234,2022,wheat_spring,3.975428571428571,3.5317999999999996,2.7499131842521813,2.569544577296846,wheat_combined,09_01
234,2023,wheat_winter,1.7062857142857142,2.4153,2.5015305308999265,2.4885240311955292,wheat_combined,09_01
235,2021,wheat_winter,7.105,2.6723,2.7823544263629962,2.743872629838987,wheat_combined,09_01
235,2023,wheat_spring,2.2,1.9675,2.983494239988777,3.2770781073129607,wheat_combined,09_01
236,2019,wheat_winter,3.272,3.4598,,,wheat_combined,09_01
236,2021,wheat_winter,2.8605,4.3366999999999996,2.832944918152787,2.8205451813312745,wheat_combined,09_01
236,2023,wheat_spring,2.520375,2.323,2.603052495265439,2.609068793096831,wheat_combined,09_01
237,2019,wheat_winter,2.78,2.8564,,,wheat_combined,09_01
237,2021,wheat_winter,3.2366666666666664,2.9443,2.834092574522473,2.759968384651526,wheat_combined,09_01
237,2023,wheat_spring,1.6025,1.846,2.076898232937188,2.0143475520672043,wheat_combined,09_01
238,2019,wheat_winter,3.5780000000000003,3.5906,,,wheat_combined,09_01
238,2021,wheat_winter,3.3530555555555552,3.4335999999999998,2.877569148146258,2.7879743110980257,wheat_combined,09_01
238,2023,wheat_spring,2.198888888888889,2.0,2.111270827504617,2.0226559421891763,wheat_combined,09_01
239,2019,wheat_winter,4.11,4.0351,,,wheat_combined,09_01
239,2021,wheat_winter,3.16017094017094,3.5498,3.0338959699691865,3.0491857124982125,wheat_combined,09_01
241,2019,wheat_winter,2.933,4.7433,,,wheat_combined,09_01
241,2021,wheat_winter,1.9516049382716052,3.0191,2.7714699860949024,2.744047421480078,wheat_combined,09_01
242,2020,wheat_winter,1.28,3.127,2.577410296114719,2.483509609762576,wheat_combined,09_01
242,2021,wheat_winter,2.2416393442622953,5.015,2.8917213749331148,3.0347926561631673,wheat_combined,09_01
242,2022,wheat_spring,3.742622950819672,3.2164,2.2202858866351742,2.1311064886617155,wheat_combined,09_01
242,2023,wheat_winter,1.7311475409836066,2.3003,2.365129064942291,2.2982509691755246,wheat_combined,09_01
244,2020,wheat_winter,1.056,3.6428,2.523222881535946,2.407352669315912,wheat_combined,09_01
244,2021,wheat_winter,2.4169811320754717,3.8305999999999996,3.1967823893435465,3.3321004548406465,wheat_combined,09_01
244,2022,wheat_spring,4.193867924528302,4.1728000000000005,2.8554653668932515,2.794683958904805,wheat_combined,09_01
244,2024,wheat_spring,2.730603773584906,4.287599999999999,3.2002411497623657,3.370564264787846,wheat_combined,09_01
246,2021,wheat_winter,2.612439024390244,3.0855,3.1934785208790273,3.235313432947977,wheat_combined,09_01
246,2022,wheat_spring,1.6465853658536589,3.2612,2.651496040790423,2.5256035381925686,wheat_combined,09_01
246,2024,wheat_spring,3.884073170731708,4.3106,3.309372064847779,3.54718523469455,wheat_combined,09_01
247,2021,wheat_winter,3.5077483443708606,4.0771,3.157342880798441,3.1993251331490384,wheat_combined,09_01
247,2022,wheat_winter,1.5000662251655628,1.8768,2.299158233611192,2.40619819195698,wheat_combined,09_01
247,2024,wheat_spring,2.6623311258278144,3.2234000000000003,3.251857161041879,3.653417967282489,wheat_combined,09_01
248,2018,wheat_winter,3.807,3.2927,,,wheat_combined,09_01
248,2021,wheat_winter,2.4291851851851853,3.8601,3.044475322897683,2.891910862723097,wheat_combined,09_01
248,2023,wheat_winter,2.141,3.4366999999999996,1.834423236679495,1.9918079586224522,wheat_combined,09_01
248,2025,wheat_spring,3.630296296296296,3.3146,3.029919231620119,3.083917842576299,wheat_combined,09_01
249,2021,wheat_winter,2.7772222222222225,3.2591,3.0539992897961183,3.129052776263403,wheat_combined,09_01
250,2019,wheat_winter,3.503,4.1259999999999994,,,wheat_combined,09_01
250,2021,wheat_winter,1.47,3.6005000000000003,3.238646962564631,3.2494252603684854,wheat_combined,09_01
250,2023,wheat_spring,2.1600980392156863,2.0721,2.000706632366926,1.9383669320883135,wheat_combined,09_01
251,2018,wheat_winter,4.2219999999999995,4.6586,,,wheat_combined,09_01
251,2019,wheat_winter,2.295,3.59,,,wheat_combined,09_01
251,2021,wheat_winter,3.0763779527559056,2.8600000000000003,3.020607816481923,2.809718850699517,wheat_combined,09_01
251,2024,wheat_spring,3.611023622047244,3.2953,3.3360375238689293,3.572050375153447,wheat_combined,09_01
252,2019,wheat_winter,5.035,4.4774,,,wheat_combined,09_01
252,2021,wheat_winter,2.8787951807228915,2.3573,2.870074481511053,2.7203388291172494,wheat_combined,09_01
252,2022,wheat_winter,2.358144578313253,2.337,2.39954119417581,2.4787817473418032,wheat_combined,09_01
252,2024,wheat_spring,3.254939759036145,3.7291,3.27872370065728,3.7041408193265397,wheat_combined,09_01
253,2019,wheat_winter,5.114,5.057,,,wheat_combined,09_01
253,2021,wheat_winter,2.4343529411764706,2.4524,2.9827440007772705,2.8533709418740276,wheat_combined,09_01
253,2024,wheat_spring,3.896,3.5662999999999996,3.4473816255138607,3.7886572006351695,wheat_combined,09_01
254,2021,wheat_winter,2.1813513513513514,3.4,2.9252191958296585,2.9004959480275274,wheat_combined,09_01
254,2025,wheat_spring,4.105608108108108,3.3930999999999996,3.0341666460791266,3.083917842576299,wheat_combined,09_01
255,2017,wheat_spring,2.0,2.5528,,,wheat_combined,09_01
255,2019,wheat_winter,1.3,3.1391999999999998,,,wheat_combined,09_01
255,2021,wheat_spring,3.495357142857143,3.9364,2.91869444664726,2.937195969237839,wheat_combined,09_01
255,2024,wheat_spring,4.0148214285714285,5.1059,3.5149245341941455,3.7342118209858466,wheat_combined,09_01
256,2019,wheat_winter,3.371,2.8604,,,wheat_combined,09_01
256,2021,wheat_spring,3.488928571428571,4.4073,2.936302832454565,2.8967358182833634,wheat_combined,09_01
256,2023,wheat_winter,1.0053571428571428,2.1721,2.212438835528854,2.163370202301302,wheat_combined,09_01
256,2024,wheat_spring,5.977232142857143,4.6243,3.63958142172,3.773841438324299,wheat_combined,09_01
257,2019,wheat_winter,4.893,4.8957999999999995,,,wheat_combined,09_01
257,2023,wheat_spring,2.75025,2.4173,2.472335325695525,2.428334621675453,wheat_combined,09_01
258,2021,wheat_spring,3.369101123595506,2.9244,2.928863059294536,2.8354805870376807,wheat_combined,09_01
258,2023,wheat_spring,1.3868539325842697,1.9204,2.0674447195095658,1.9979916557635802,wheat_combined,09_01
258,2024,wheat_spring,5.062359550561798,4.2088,3.5185707113888527,3.7605672933663827,wheat_combined,09_01
259,2021,wheat_spring,3.2456022408963587,4.0274,2.979757875461295,2.9273211177470637,wheat_combined,09_01
259,2023,wheat_spring,1.08003081232493,2.702,2.124532247196198,2.007554345363981,wheat_combined,09_01
259,2025,wheat_spring,2.1594957983193277,3.0833,2.996947870401341,3.0597174325941507,wheat_combined,09_01
260,2017,wheat_spring,1.98,2.1127,,,wheat_combined,09_01
260,2021,wheat_spring,4.1022,4.1084000000000005,3.077974949561553,2.9542765848513373,wheat_combined,09_01
260,2024,wheat_spring,3.2132,4.1276,3.624663986619277,3.7989595057458327,wheat_combined,09_01
261,2017,wheat_spring,2.691,1.9497,,,wheat_combined,09_01
261,2021,wheat_spring,5.387428571428572,4.2653,3.1315180184738587,3.093395251647365,wheat_combined,09_01
261,2022,wheat_spring,4.008571428571429,3.1129000000000002,2.661162878478858,2.6351365832521623,wheat_combined,09_01
261,2024,wheat_spring,4.122771428571428,4.4342,3.5566562823924435,3.7731007904693774,wheat_combined,09_01
262,2017,wheat_winter,1.461,2.3451,,,wheat_combined,09_01
262,2021,wheat_spring,4.116052631578947,3.4819000000000004,2.9431991966143207,2.9345425042247903,wheat_combined,09_01
262,2023,wheat_spring,1.9040657894736843,1.9265999999999999,2.251112874358803,2.251884964362329,wheat_combined,09_01
262,2024,wheat_spring,4.339473684210526,3.9569,3.4868518723971116,3.585480054837605,wheat_combined,09_01
263,2021,wheat_spring,3.779,3.643,2.8673229476267705,2.914785108535874,wheat_combined,09_01
263,2023,wheat_spring,1.15425,1.6514,2.78067443323914,2.799351051906379,wheat_combined,09_01
264,2021,wheat_spring,3.725,3.7664999999999997,2.9269477953448773,2.929070106389622,wheat_combined,09_01
264,2023,wheat_spring,3.37975,1.9739,2.8078873414075787,2.7997868204975993,wheat_combined,09_01
265,2021,wheat_spring,3.063,4.2042,2.8065510623591097,2.874842501056064,wheat_combined,09_01
265,2023,wheat_spring,1.308,1.9908000000000001,2.6097723934622343,2.688952795109359,wheat_combined,09_01
266,2021,wheat_spring,3.4250000000000003,3.8909999999999996,2.9621674871622288,2.940569832379338,wheat_combined,09_01
266,2023,wheat_spring,1.1466666666666667,1.6703,2.3559492069854917,2.4282618317268625,wheat_combined,09_01
267,2021,wheat_spring,3.725,3.9875999999999996,2.820507280075131,2.88561033233169,wheat_combined,09_01
268,2019,wheat_winter,2.901,4.4725,,,wheat_combined,09_01
268,2021,wheat_spring,3.504,2.9924,2.397935993339834,2.4481378357337658,wheat_combined,09_01
268,2023,wheat_spring,2.2885,1.9682,2.334755117511972,2.2726300391186807,wheat_combined,09_01
269,2021,wheat_spring,3.465045045045045,4.1795,3.003775434891405,2.94439152477747,wheat_combined,09_01
269,2023,wheat_spring,1.7825225225225227,1.7681,2.0085239269016375,2.06049883352154,wheat_combined,09_01
269,2024,wheat_spring,4.250810810810811,4.5237,3.4452933115606896,3.704519752931322,wheat_combined,09_01
270,2017,wheat_spring,2.4219999999999997,3.4082,,,wheat_combined,09_01
270,2021,wheat_spring,4.891379310344828,4.5281,2.970566879282766,2.9661739623723644,wheat_combined,09_01
270,2022,wheat_spring,3.61751724137931,2.9118,2.594115550582382,2.6195124215744774,wheat_combined,09_01
270,2024,wheat_spring,4.382758620689655,4.3847000000000005,3.3369816114869355,3.470951845058532,wheat_combined,09_01
271,2017,wheat_spring,2.4219999999999997,2.3134,,,wheat_combined,09_01
271,2021,wheat_spring,4.884745762711864,4.206799999999999,3.2658063335300143,3.122280114387112,wheat_combined,09_01
271,2022,wheat_spring,2.6278644067796613,3.103,2.8587973959326933,2.831194512045824,wheat_combined,09_01
271,2024,wheat_spring,3.931627118644068,4.5093000000000005,3.572458752167969,3.7828554443298823,wheat_combined,09_01
272,2022,wheat_spring,4.4904,3.4242,2.584752275146202,2.5109920873534457,wheat_combined,09_01
272,2024,wheat_spring,4.2312,4.6274,3.8139404435775264,3.868210667993438,wheat_combined,09_01
272,2025,wheat_spring,3.1792,4.2735,3.0131148828747523,3.087532379303066,wheat_combined,09_01
273,2017,wheat_spring,2.295,3.2759,,,wheat_combined,09_01
273,2019,wheat_spring,4.083,3.8867,,,wheat_combined,09_01
273,2022,wheat_winter,2.052962962962963,2.6808,2.7614498910769423,2.786747748161851,wheat_combined,09_01
273,2023,wheat_winter,1.0088888888888887,2.1881,2.2741095854812587,2.4105339862721875,wheat_combined,09_01
273,2025,wheat_spring,4.41962962962963,4.3208,3.039906011422978,3.087532379303066,wheat_combined,09_01
274,2017,wheat_spring,1.552,2.1511,,,wheat_combined,09_01
274,2020,wheat_spring,1.027,1.3039999999999998,2.5659425400377236,2.3671276894342896,wheat_combined,09_01
274,2022,wheat_winter,2.9904639175257732,2.3949000000000003,2.583167828133018,2.6191033234874888,wheat_combined,09_01
274,2025,wheat_spring,4.829072164948454,3.7454,3.060957774627352,3.083917842576299,wheat_combined,09_01
276,2022,wheat_spring,2.9274193548387095,2.9569,2.3296568136668094,2.32659635677574,wheat_combined,09_01
276,2024,wheat_spring,3.63741935483871,3.8926000000000003,3.8109900865254316,4.153180006392856,wheat_combined,09_01
276,2025,wheat_spring,1.4903225806451614,3.6445999999999996,2.9999607185556503,3.058698463312582,wheat_combined,09_01
277,2022,wheat_spring,1.5733333333333333,2.9189,2.6004921456162764,2.5759074096465984,wheat_combined,09_01
277,2024,wheat_spring,4.257866666666667,3.6835999999999998,3.3330511128303373,3.657086464601472,wheat_combined,09_01
277,2025,wheat_spring,1.9090666666666667,2.5618,2.995893901852553,3.042183859629942,wheat_combined,09_01
278,2017,wheat_winter,2.4,2.6254,,,wheat_combined,09_01
278,2019,wheat_winter,4.669,3.9235999999999995,,,wheat_combined,09_01
278,2023,wheat_spring,1.7219565217391304,2.5265999999999997,2.3931971440417352,2.347435248182784,wheat_combined,09_01
278,2025,wheat_winter,3.899173913043478,2.7512,2.9943620243374793,3.0218263498909965,wheat_combined,09_01
279,2017,wheat_winter,2.378,2.0976,,,wheat_combined,09_01
279,2019,wheat_winter,5.385,3.6438,,,wheat_combined,09_01
279,2023,wheat_spring,1.069090909090909,2.7016,2.470670090428194,2.4377401562500776,wheat_combined,09_01
279,2025,wheat_winter,4.40060606060606,3.2708,2.9996447470438183,3.0389813767127727,wheat_combined,09_01
280,2023,wheat_spring,1.953478260869565,1.7681,1.9706795538503061,1.8445755076680261,wheat_combined,09_01
282,2023,wheat_spring,1.9701702127659575,1.5967,1.7949982235424615,1.7158823065219857,wheat_combined,09_01
283,2018,wheat_winter,3.1239999999999997,2.6236,,,wheat_combined,09_01
283,2023,wheat_spring,1.430253164556962,2.4224,2.1943909905709322,2.0774169872760053,wheat_combined,09_01
284,2020,wheat_spring,1.27,2.0236,2.3948022466542467,2.350637981040389,wheat_combined,09_01
284,2021,wheat_spring,3.5273333333333334,3.6152,2.9812125749605363,2.8186741823471917,wheat_combined,09_01
286,2021,wheat_spring,3.971888888888889,3.5073999999999996,2.859312264370726,2.757333525407328,wheat_combined,09_01
286,2023,wheat_spring,1.291111111111111,2.6626000000000003,2.872753608976194,2.8825690442797107,wheat_combined,09_01
288,2021,wheat_spring,3.5825,2.9678999999999998,2.842184115318893,2.7914091665818925,wheat_combined,09_01
288,2023,wheat_spring,1.445,2.1757999999999997,2.9517655558429374,3.1326950131666806,wheat_combined,09_01
289,2021,wheat_spring,3.8523529411764703,3.7275,2.9154401008328916,2.9424962046281413,wheat_combined,09_01
289,2023,wheat_spring,1.2705882352941178,1.6491,2.4092188196081192,2.3919578202386496,wheat_combined,09_01
291,2021,wheat_spring,3.172833333333333,3.7546,2.751964539874463,2.7641262337759733,wheat_combined,09_01
291,2023,wheat_spring,1.5506666666666666,1.9140000000000001,2.322306878402172,2.341272487159071,wheat_combined,09_01
292,2022,wheat_spring,2.2251000000000003,2.7356000000000003,2.487393554175993,2.450793045947784,wheat_combined,09_01
292,2024,wheat_spring,4.2,4.12,3.331761960293276,3.7654138825096815,wheat_combined,09_01
293,2017,wheat_winter,1.821,2.3457,,,wheat_combined,09_01
293,2019,wheat_winter,3.729999999999999,4.3009,,,wheat_combined,09_01
293,2022,wheat_spring,2.6255842696629212,3.0854,2.6114057268924507,2.534395261415294,wheat_combined,09_01
293,2024,wheat_spring,3.62561797752809,3.9566000000000003,3.70560255389601,4.142540198347153,wheat_combined,09_01
295,2017,wheat_winter,1.227,2.1571000000000002,,,wheat_combined,09_01
295,2019,wheat_winter,2.899,3.6635,,,wheat_combined,09_01
295,2025,wheat_spring,4.596137931034483,3.1723,3.009947498358509,3.0900282559298127,wheat_combined,09_01
296,2023,wheat_spring,1.3890526315789475,1.6179999999999999,2.1389542936098604,2.124810791010416,wheat_combined,09_01
296,2025,wheat_winter,4.57658947368421,4.1879,3.0306832900510514,3.0908129918014833,wheat_combined,09_01
297,2021,wheat_spring,3.676,3.4529000000000005,2.5436661003365275,2.6860501523226827,wheat_combined,09_01
297,2023,wheat_spring,2.572,1.6401,2.495328515058484,2.621077487945123,wheat_combined,09_01
298,2019,wheat_spring,3.6,3.1739,,,wheat_combined,09_01
298,2024,wheat_spring,3.408333333333333,3.9318,3.475589713482366,3.5979007224263833,wheat_combined,09_01
299,2020,wheat_spring,2.506,2.3096,2.6801147541152157,2.5052993593699484,wheat_combined,09_01
299,2021,wheat_winter,3.2053456221198156,3.0163,2.731687659819489,2.7878462236155404,wheat_combined,09_01
299,2022,wheat_winter,4.0,3.4467,2.620607671055381,2.5117297085896153,wheat_combined,09_01
300,2020,wheat_spring,1.901,2.2412,2.574745721682432,2.453837974064856,wheat_combined,09_01
300,2021,wheat_winter,2.8021818181818183,2.7914000000000003,2.4858005294851293,2.591954333501947,wheat_combined,09_01
300,2022,wheat_winter,2.810545454545455,2.8258,2.2740308090230212,2.259140999547041,wheat_combined,09_01
301,2018,wheat_spring,3.2851985559566788,2.3687,,,wheat_combined,09_01
301,2020,wheat_spring,2.851,1.9575,2.472325014487735,2.386301203605183,wheat_combined,09_01
301,2021,wheat_winter,2.3384115523465705,2.5307,2.8462231509907325,2.8016199402453457,wheat_combined,09_01
301,2022,wheat_winter,3.303068592057762,3.4735,2.4178740057513517,2.4009905641303924,wheat_combined,09_01
301,2024,wheat_spring,2.888086642599278,3.8462000000000005,3.710470128907379,3.708598238671348,wheat_combined,09_01
302,2020,wheat_spring,2.43,2.602,2.878387775640111,2.7462986418761255,wheat_combined,09_01
302,2021,wheat_spring,1.2724444444444445,2.3578,2.751135739718888,2.752214682577963,wheat_combined,09_01
302,2023,wheat_spring,2.0,1.4228,2.106772531504271,2.0706689988588223,wheat_combined,09_01
303,2020,wheat_spring,2.463,2.9771,2.5303532914707847,2.4015526400241938,wheat_combined,09_01
303,2025,wheat_winter,5.6745,5.0234000000000005,3.033850674567294,3.069016424107425,wheat_combined,09_01
304,2018,wheat_spring,2.2532467532467533,2.398,,,wheat_combined,09_01
304,2020,wheat_spring,1.974025974025974,2.4179,2.6968568676968943,2.4377324131747478,wheat_combined,09_01
304,2023,wheat_spring,2.142857142857143,1.5939999999999999,2.3616522570094256,2.413019909520017,wheat_combined,09_01
304,2024,wheat_spring,4.071428571428571,4.108700000000001,3.9050852141156334,3.94147000833738,wheat_combined,09_01
305,2020,wheat_spring,3.353,3.0336,2.6338547199271827,2.509900880638589,wheat_combined,09_01
305,2022,wheat_spring,3.257047619047619,3.3606000000000003,2.8636771175303477,2.868711808186317,wheat_combined,09_01
305,2024,wheat_winter,5.032571428571428,5.0891,3.8663972136271654,3.7312052393966666,wheat_combined,09_01
306,2020,wheat_spring,3.3229999999999995,2.8575,2.6024415485624615,2.497589838682033,wheat_combined,09_01
306,2023,wheat_winter,3.240437158469945,1.8806999999999998,2.6585394657480976,2.7548139398966045,wheat_combined,09_01
307,2021,wheat_winter,1.828235294117647,3.9089,2.65517769399056,2.6691570630023644,wheat_combined,09_01
308,2018,wheat_spring,3.128,2.7847,,,wheat_combined,09_01
308,2020,wheat_spring,2.121,2.3893999999999997,2.6909816317154083,2.5247477803883482,wheat_combined,09_01
308,2022,wheat_spring,2.6720779220779223,3.0417,2.7761471967965856,2.7232315337298605,wheat_combined,09_01
308,2024,wheat_winter,6.613961038961039,5.8338,4.023517325997897,4.069697741995998,wheat_combined,09_01
309,2020,wheat_spring,1.4220000000000002,1.7725000000000002,2.5984634509951756,2.3967139134237057,wheat_combined,09_01
310,2018,wheat_spring,2.5636363636363635,2.9312,,,wheat_combined,09_01
310,2020,wheat_spring,1.519,1.4651,2.3953736871680618,2.3683433798666247,wheat_combined,09_01
310,2022,wheat_spring,3.978,5.0179,2.9398734392237285,2.893988094443962,wheat_combined,09_01
310,2024,wheat_spring,3.763636363636364,3.5975,3.5800464904153193,3.563479356678134,wheat_combined,09_01
311,2018,wheat_spring,3.529166666666667,2.8967,,,wheat_combined,09_01
311,2022,wheat_winter,3.099083333333333,2.9229,2.4557095091903456,2.454790455430982,wheat_combined,09_01
311,2024,wheat_spring,3.84925,3.9172,3.471204736548152,3.5602906995641623,wheat_combined,09_01
312,2018,wheat_spring,1.5555555555555556,3.1679,,,wheat_combined,09_01
312,2020,wheat_winter,3.3200000000000003,2.9783999999999997,2.5462562658278167,2.4932028618082795,wheat_combined,09_01
312,2023,wheat_spring,1.9755555555555555,2.2225,2.764464615811156,2.6699747476824793,wheat_combined,09_01
313,2020,wheat_spring,2.127,2.012,2.6584696537869186,2.433498848098077,wheat_combined,09_01
313,2022,wheat_spring,3.3391818181818183,3.2943,2.7558269791503194,2.6969561761976193,wheat_combined,09_01
313,2025,wheat_winter,4.522545454545455,4.4804,3.033850674567294,3.069016424107425,wheat_combined,09_01
314,2020,wheat_spring,1.423,1.8951,2.6291314528171523,2.444002606752214,wheat_combined,09_01
314,2024,wheat_winter,5.3133067729083665,4.757,3.7641968894092006,3.6991409386308214,wheat_combined,09_01
315,2022,wheat_spring,3.067894736842105,2.559,2.708223099525832,2.768865152645382,wheat_combined,09_01
315,2023,wheat_spring,2.289473684210526,2.0537,2.6456422440544456,2.6923371052008447,wheat_combined,09_01
316,2021,wheat_spring,3.35448275862069,2.9018,2.8465662280142867,2.8401776695061773,wheat_combined,09_01
316,2023,wheat_winter,2.6882758620689655,2.1774,2.34980274080038,2.2776557458616704,wheat_combined,09_01
317,2020,wheat_spring,2.9690000000000003,3.127,2.649606088897046,2.552265981903341,wheat_combined,09_01
317,2022,wheat_spring,3.6494117647058824,3.8691000000000004,2.884506152405736,2.847324158549045,wheat_combined,09_01
317,2024,wheat_winter,4.266176470588236,4.9174999999999995,3.3297967248482925,3.3397573066965927,wheat_combined,09_01
318,2020,wheat_spring,3.176,2.7859000000000003,2.5743489807972186,2.511895468255288,wheat_combined,09_01
318,2023,wheat_winter,2.749319371727749,2.1717,2.649156140753593,2.7062804157500637,wheat_combined,09_01
319,2019,wheat_spring,3.511,3.3568,,,wheat_combined,09_01
319,2023,wheat_winter,1.892156862745098,1.9487999999999999,2.61107643161202,2.5042147555501484,wheat_combined,09_01
319,2025,wheat_spring,4.713333333333333,3.7039999999999997,3.0050878652427695,3.083917842576299,wheat_combined,09_01
320,2021,wheat_spring,3.9986666666666664,3.433,2.7336903418849388,2.85094917681572,wheat_combined,09_01
320,2023,wheat_winter,1.4966666666666666,2.1939,2.784590490038946,2.8784989814421094,wheat_combined,09_01
320,2025,wheat_spring,5.241333333333333,3.9575000000000005,3.0131148828747523,3.083917842576299,wheat_combined,09_01
321,2019,wheat_spring,2.974,3.2307,,,wheat_combined,09_01
321,2021,wheat_spring,3.118865979381443,3.5671,2.916460871398602,2.927204956366969,wheat_combined,09_01
321,2023,wheat_winter,2.4504123711340204,2.0962,2.770019244951176,2.8806805898158214,wheat_combined,09_01
322,2021,wheat_spring,3.549714285714286,3.3685,2.826592115261537,2.872426411806728,wheat_combined,09_01
322,2023,wheat_spring,3.257142857142857,2.0373,2.6468647427564997,2.5998628454681576,wheat_combined,09_01
323,2019,wheat_winter,5.036,5.3708,,,wheat_combined,09_01
323,2021,wheat_spring,2.7504545454545455,3.4159999999999995,2.8320778016781087,2.9162228466764053,wheat_combined,09_01
323,2023,wheat_spring,2.987012987012987,2.3886,2.7549701665024964,2.7400478552795637,wheat_combined,09_01
323,2024,wheat_winter,4.966298701298701,4.4852,3.4538375789340017,3.594597705978262,wheat_combined,09_01
324,2021,wheat_spring,3.4877777777777776,3.3164000000000002,2.751738237738214,2.8261517201572715,wheat_combined,09_01
324,2023,wheat_spring,2.1296296296296298,2.1199000000000003,3.3348603734973694,3.3228569169271527,wheat_combined,09_01
325,2021,wheat_spring,3.3966666666666665,3.5100000000000002,2.7240646530892847,2.7960862993756597,wheat_combined,09_01
325,2023,wheat_spring,1.99,2.4171,2.783740710236973,2.783206646098856,wheat_combined,09_01
327,2021,wheat_spring,4.412475247524752,3.9152,2.905208083049489,2.982944295899074,wheat_combined,09_01
328,2019,wheat_winter,5.195,4.5753,,,wheat_combined,09_01
328,2021,wheat_spring,1.515294117647059,1.6629,2.4186732277913228,2.5170228125247376,wheat_combined,09_01
328,2022,wheat_winter,2.5023529411764707,3.5944000000000003,2.7076216080978837,2.678133788339481,wheat_combined,09_01
329,2018,wheat_spring,3.1666666666666665,3.1463,,,wheat_combined,09_01
329,2021,wheat_spring,3.485,3.3133000000000004,2.6713396962119322,2.6939673579821273,wheat_combined,09_01
330,2018,wheat_spring,2.8,3.119,,,wheat_combined,09_01
330,2019,wheat_spring,3.165,3.0794,,,wheat_combined,09_01
330,2024,wheat_spring,4.204739336492891,2.8333,3.173129106630952,3.1804826317903583,wheat_combined,09_01
331,2018,wheat_spring,2.371428571428571,2.2624,,,wheat_combined,09_01
331,2019,wheat_spring,2.4,3.1688,,,wheat_combined,09_01
331,2021,wheat_spring,3.196,2.8064,2.762862928226678,2.7635693950873965,wheat_combined,09_01
331,2022,wheat_winter,2.234714285714286,2.9646999999999997,2.296244770883759,2.289246105859518,wheat_combined,09_01
331,2024,wheat_spring,4.017571428571429,3.7802999999999995,3.3123858753941264,3.496653325091059,wheat_combined,09_01
332,2019,wheat_spring,3.525,3.6829,,,wheat_combined,09_01
332,2021,wheat_spring,2.784181034482758,2.8292,2.917833611166818,2.9292518204991556,wheat_combined,09_01
332,2023,wheat_spring,2.2198275862068964,1.8759000000000001,2.4212062802375973,2.447043938988717,wheat_combined,09_01
333,2019,wheat_winter,6.054,6.0673,,,wheat_combined,09_01
333,2021,wheat_spring,3.365379746835443,2.9623999999999997,3.0465257680588356,2.98951095309188,wheat_combined,09_01
333,2023,wheat_spring,2.329113924050633,2.3701,2.5780214391521943,2.549482867279429,wheat_combined,09_01
334,2019,wheat_winter,2.364,2.8354,,,wheat_combined,09_01
334,2021,wheat_spring,3.1403749999999997,3.0549,2.8948906624611186,2.934464540609033,wheat_combined,09_01
334,2023,wheat_spring,3.24375,2.3798,2.9868749423338414,2.9069213023220524,wheat_combined,09_01
335,2021,wheat_spring,2.724485981308411,3.6003,2.87339789642301,2.9314645391424103,wheat_combined,09_01
335,2023,wheat_spring,2.850467289719626,1.7407,2.8980261674016603,2.8348232937032534,wheat_combined,09_01
336,2018,wheat_spring,2.9,2.5796,,,wheat_combined,09_01
336,2021,wheat_spring,3.555333333333333,4.0307,2.724664689821692,2.761060638923052,wheat_combined,09_01
336,2023,wheat_spring,3.5246666666666666,2.7085,2.9769027135179082,3.081090944313562,wheat_combined,09_01
337,2021,wheat_spring,3.2880000000000003,2.7366,2.784911292334364,2.8351261730449484,wheat_combined,09_01
337,2023,wheat_spring,1.825,2.6087,3.195157794154396,3.321924560432307,wheat_combined,09_01
338,2021,wheat_spring,2.9725,2.8192,2.6738574366832717,2.7299378494749855,wheat_combined,09_01
338,2023,wheat_spring,1.30125,2.0627,2.725554654445533,2.8496129510976815,wheat_combined,09_01
339,2021,wheat_spring,4.1225,3.0422000000000002,2.84286748769465,2.8489556938307214,wheat_combined,09_01
339,2023,wheat_spring,1.4583333333333333,1.3279,2.3355082078799145,2.382434905108751,wheat_combined,09_01
339,2024,wheat_spring,3.623333333333333,3.6057,3.0745408054810004,2.9932087517113937,wheat_combined,09_01
339,2025,wheat_spring,5.5616666666666665,4.192,3.060957774627352,3.083917842576299,wheat_combined,09_01
340,2023,wheat_spring,3.4262295081967213,1.754,2.4503227676505492,2.4047852396871146,wheat_combined,09_01
341,2023,wheat_spring,1.7916666666666667,1.9703,2.494847924130296,2.4100554692908247,wheat_combined,09_01
342,2021,wheat_winter,1.9413636363636364,3.6143,2.7766272462349044,2.8042579788806954,wheat_combined,09_01
342,2023,wheat_spring,2.340909090909091,2.4775,2.8203445204845714,2.811131359470237,wheat_combined,09_01
343,2018,wheat_spring,2.6122448979591835,2.3059000000000003,,,wheat_combined,09_01
343,2022,wheat_winter,3.422857142857143,3.154,2.3219227270662466,2.351404156831817,wheat_combined,09_01
345,2022,wheat_spring,4.998666666666667,4.1369,3.0757110146526503,3.049064250654155,wheat_combined,09_01
345,2024,wheat_spring,3.306666666666667,4.6701,3.3724875871228375,3.55690499073299,wheat_combined,09_01
346,2022,wheat_spring,4.4437837837837835,3.6445,2.902165424025916,2.9063987783851872,wheat_combined,09_01
346,2024,wheat_winter,7.144324324324324,6.1243,3.9555248722366394,3.899773797304341,wheat_combined,09_01
347,2019,wheat_winter,3.2119999999999997,4.0492,,,wheat_combined,09_01
347,2022,wheat_spring,3.2732,,2.502359422103685,2.5592954785933912,wheat_combined,09_01
347,2023,wheat_winter,1.536,2.5687,1.9657239485043734,1.9910661268107022,wheat_combined,09_01
347,2025,wheat_spring,4.647200000000001,4.5684,3.0341666460791266,3.083917842576299,wheat_combined,09_01
349,2022,wheat_spring,3.5331707317073175,3.8652,2.681820201450069,2.550530641434903,wheat_combined,09_01
350,2022,wheat_spring,3.551338582677165,3.4549,2.9861785652440673,2.9737763297937923,wheat_combined,09_01
350,2024,wheat_spring,4.731968503937008,4.5737000000000005,3.626501866813092,3.90149404965278,wheat_combined,09_01
351,2021,wheat_spring,4.5,4.1838999999999995,2.797542185324745,2.8303403782092804,wheat_combined,09_01
352,2020,wheat_spring,1.419,1.3523,2.6920504017507456,2.485784987233837,wheat_combined,09_01
352,2022,wheat_spring,4.080747663551402,4.0247,2.886278201906868,2.8080960418740144,wheat_combined,09_01
352,2024,wheat_winter,6.125981308411215,4.2538,3.815930796526703,3.6596005086406436,wheat_combined,09_01
353,2022,wheat_spring,3.905208333333333,3.8799,2.6146874345799387,2.4669201329367723,wheat_combined,09_01
354,2022,wheat_spring,3.8073417721518985,3.7735999999999996,2.433119552510716,2.3092289165352717,wheat_combined,09_01
355,2022,wheat_spring,4.668571428571428,3.2236,2.5605960762344395,2.480851488494684,wheat_combined,09_01
356,2022,wheat_spring,3.2897701149425287,4.0841,3.008327663314588,2.98314019638734,wheat_combined,09_01
356,2024,wheat_spring,3.905747126436782,4.631,3.539243651685586,3.6586338583967772,wheat_combined,09_01
358,2022,wheat_spring,3.628433734939759,3.1944,2.5935116406562564,2.406995189590072,wheat_combined,09_01
358,2025,wheat_spring,4.909156626506024,4.6009,3.0341666460791266,3.0900282559298127,wheat_combined,09_01
359,2020,wheat_spring,1.552,1.6206,2.6850222341734344,2.4633514924953346,wheat_combined,09_01
359,2022,wheat_spring,3.3601315789473687,4.0342,2.7369595062846024,2.6543335504448677,wheat_combined,09_01
359,2024,wheat_winter,4.423552631578947,4.5512999999999995,3.909884744016767,3.664371937969996,wheat_combined,09_01
360,2022,wheat_spring,2.936875,4.1257,2.6702505007813517,2.5888801046753023,wheat_combined,09_01
361,2022,wheat_spring,4.149523809523809,3.6524,2.964086205357212,2.9983948140662133,wheat_combined,09_01
361,2024,wheat_spring,4.476666666666667,5.0878,3.8529053952183974,3.6686461823960856,wheat_combined,09_01
363,2022,wheat_spring,4.46025974025974,4.1507,3.0092163612082024,3.0142443390526967,wheat_combined,09_01
363,2024,wheat_spring,3.9771428571428578,4.5593,3.4519633116863577,3.5796599339368265,wheat_combined,09_01
364,2020,wheat_spring,1.216,1.693,2.6375878098325605,2.4715947975683616,wheat_combined,09_01
364,2022,wheat_spring,4.104166666666667,3.7886,2.6344825108215337,2.552195551634944,wheat_combined,09_01
364,2025,wheat_spring,5.088333333333334,4.175800000000001,3.0341666460791266,3.087532379303066,wheat_combined,09_01
365,2020,wheat_spring,1.299,1.6326,2.7149622038411128,2.50550316350736,wheat_combined,09_01
365,2022,wheat_spring,3.8606666666666665,4.1311,2.7892901660742644,2.662290901187209,wheat_combined,09_01
365,2025,wheat_spring,4.023333333333333,3.8039,3.0131148828747523,3.086413719203046,wheat_combined,09_01
366,2021,wheat_winter,3.398571428571429,4.7219,3.0274944759360327,2.983879096359366,wheat_combined,09_01
367,2022,wheat_spring,3.3458823529411768,,2.3205429276314438,2.387589476019423,wheat_combined,09_01
367,2024,wheat_spring,3.835882352941176,4.4518,3.8394155723010144,3.7742287427395245,wheat_combined,09_01
368,2021,wheat_winter,3.547958115183246,3.1792000000000002,3.1978913991871805,3.1018620521455667,wheat_combined,09_01
368,2023,wheat_spring,2.45130890052356,1.9205999999999999,2.2644238409725306,2.1633477586760783,wheat_combined,09_01
369,2023,wheat_spring,2.186232876712329,1.8093,2.053839079292433,2.038819813524327,wheat_combined,09_01
370,2021,wheat_winter,2.0215384615384617,4.9567,3.061996012729698,3.1229345552627654,wheat_combined,09_01
370,2023,wheat_spring,1.709230769230769,2.3293,2.50598696638482,2.482556841813147,wheat_combined,09_01
370,2025,wheat_winter,3.573846153846154,3.7359,2.997123907212413,3.0592568668468565,wheat_combined,09_01
371,2021,wheat_winter,2.0984615384615384,4.3769,2.95980171901662,2.9029356996714037,wheat_combined,09_01
371,2022,wheat_spring,3.946153846153846,,2.3334706070913613,2.313205913253326,wheat_combined,09_01
371,2024,wheat_spring,5.176923076923076,4.473,3.9122834409968945,3.9579895957416924,wheat_combined,09_01
372,2021,wheat_winter,1.8289320388349517,3.3835,3.027424451724749,2.9889556117721563,wheat_combined,09_01
372,2022,wheat_spring,3.881941747572815,2.6927,2.651190444685883,2.580230624465244,wheat_combined,09_01
373,2021,wheat_winter,3.1011555555555557,3.1026,3.207210593349612,3.1769054674830537,wheat_combined,09_01
373,2022,wheat_spring,2.4004444444444446,,2.5353286312552887,2.5277444616902,wheat_combined,09_01
373,2024,wheat_spring,4.0137777777777774,4.3382,3.465584268625044,3.7476325438843063,wheat_combined,09_01
374,2021,wheat_winter,5.244313725490196,4.3751,3.023189722232806,3.1124912252111137,wheat_combined,09_01
374,2022,wheat_spring,3.959607843137255,,2.6900883784663066,2.585596111849966,wheat_combined,09_01
374,2024,wheat_spring,4.47921568627451,5.122999999999999,3.932883420803604,4.1568711066002315,wheat_combined,09_01
375,2021,wheat_winter,2.206153846153846,4.9595,2.771802061165715,2.7927047493900816,wheat_combined,09_01
375,2022,wheat_spring,4.341538461538462,,3.013648417029103,2.918476664649235,wheat_combined,09_01
375,2024,wheat_spring,4.658461538461538,3.4031999999999996,3.807232835672953,4.086103466620817,wheat_combined,09_01
376,2021,wheat_winter,3.2995604395604397,4.0938,3.1855720773289558,3.118021561974856,wheat_combined,09_01
377,2021,wheat_winter,3.4017021276595742,4.232,3.0547289658661967,2.9602565594187444,wheat_combined,09_01
377,2022,wheat_spring,2.699148936170213,,2.116242427684806,2.161477007646946,wheat_combined,09_01
377,2024,wheat_spring,3.7161702127659577,4.68,3.27163810689885,3.481384802195482,wheat_combined,09_01
378,2021,wheat_spring,3.5507692307692307,3.5552,3.472149047474635,3.437651561921993,wheat_combined,09_01
378,2022,wheat_spring,4.207179487179488,2.8914,2.910095513973323,2.9172728499263196,wheat_combined,09_01
379,2021,wheat_winter,2.229108910891089,2.909,3.1721875681223457,3.0380878103764184,wheat_combined,09_01
379,2022,wheat_spring,2.1502970297029704,,2.3014676374692686,2.3227513213588127,wheat_combined,09_01
379,2024,wheat_spring,4.011386138613861,4.3448,3.6285819308274667,3.8258876522715943,wheat_combined,09_01
380,2021,wheat_winter,1.9683333333333335,4.6364,3.43160455560302,3.2313577600797805,wheat_combined,09_01
381,2021,wheat_spring,2.6253333333333333,4.1785,2.8387953833271524,2.7854915131332185,wheat_combined,09_01
381,2023,wheat_winter,2.849,2.6869,2.2740465979264006,2.2053833443586304,wheat_combined,09_01
381,2025,wheat_spring,4.475666666666667,4.1241,3.066752072099356,3.0877299216187954,wheat_combined,09_01
382,2019,wheat_winter,3.993,4.477,,,wheat_combined,09_01
382,2021,wheat_spring,3.0840310077519377,3.9737999999999998,2.9276288559781594,2.9661362215226523,wheat_combined,09_01
382,2023,wheat_winter,1.8088372093023255,2.1383,2.225562185174226,2.1099861030035463,wheat_combined,09_01
382,2025,wheat_spring,5.214573643410852,4.0434,3.039906011422978,3.087532379303066,wheat_combined,09_01
383,2017,wheat_spring,1.682,3.7831,,,wheat_combined,09_01
383,2019,wheat_winter,3.011,3.6397,,,wheat_combined,09_01
383,2021,wheat_spring,3.3516666666666666,4.1424,2.968386826960399,2.9115489480681744,wheat_combined,09_01
384,2018,wheat_winter,3.696,3.059,,,wheat_combined,09_01
384,2019,wheat_winter,3.5759999999999996,3.1509,,,wheat_combined,09_01
384,2021,wheat_spring,2.329171974522293,3.6103,2.922341383893741,3.0166273363870015,wheat_combined,09_01
384,2023,wheat_winter,1.365859872611465,2.7348,2.1852260770899923,2.1875160365739603,wheat_combined,09_01
386,2017,wheat_spring,1.161,1.7672999999999999,,,wheat_combined,09_01
386,2019,wheat_spring,3.332,2.7654,,,wheat_combined,09_01
386,2021,wheat_spring,3.405688073394496,3.0651,2.843085438806423,2.8277159959295846,wheat_combined,09_01
386,2023,wheat_spring,2.941467889908257,2.4477,2.2183464496727616,2.26462525332949,wheat_combined,09_01
386,2024,wheat_winter,5.172844036697248,4.9902999999999995,3.7142483738204235,3.8343079622322644,wheat_combined,09_01
387,2017,wheat_spring,1.535,1.7097000000000002,,,wheat_combined,09_01
387,2019,wheat_winter,2.915,3.7561999999999998,,,wheat_combined,09_01
387,2021,wheat_spring,2.3716999999999997,3.4595,2.8164456588507134,2.7669269909331513,wheat_combined,09_01
387,2024,wheat_spring,4.1988,4.3033,3.2929597277286673,3.3781364020896336,wheat_combined,09_01
388,2017,wheat_spring,1.0710000000000002,2.4998,,,wheat_combined,09_01
388,2019,wheat_winter,1.92,3.9587000000000003,,,wheat_combined,09_01
388,2022,wheat_spring,3.236,,2.0979518383929596,2.1402625974500995,wheat_combined,09_01
388,2023,wheat_winter,2.2079999999999997,2.1992000000000003,2.2075461401958947,2.1069098257850403,wheat_combined,09_01
388,2025,wheat_spring,5.218999999999999,4.6974,3.030999261562884,3.087532379303066,wheat_combined,09_01
389,2017,wheat_spring,1.0710000000000002,4.225,,,wheat_combined,09_01
389,2019,wheat_winter,1.92,2.6239,,,wheat_combined,09_01
389,2023,wheat_spring,3.085,2.2907,2.6474018247915496,2.6779614464004227,wheat_combined,09_01
389,2024,wheat_spring,4.4775,3.7511,3.026094644959409,2.925196010982245,wheat_combined,09_01
390,2017,wheat_spring,1.222,1.9114999999999998,,,wheat_combined,09_01
390,2019,wheat_winter,3.268,2.9934000000000003,,,wheat_combined,09_01
390,2021,wheat_spring,3.203928571428571,4.5973,2.8579068356408994,2.923474986750607,wheat_combined,09_01
390,2022,wheat_spring,2.420714285714286,,2.551112683340742,2.5702822251168485,wheat_combined,09_01
390,2023,wheat_winter,2.6717857142857144,3.7493000000000003,2.318814450542764,2.3008708206196715,wheat_combined,09_01
390,2025,wheat_spring,4.868214285714286,4.0016,2.99919423040974,3.087532379303066,wheat_combined,09_01
391,2019,wheat_winter,4.879,4.1195,,,wheat_combined,09_01
391,2021,wheat_spring,2.105,4.1066,2.971410546365318,2.880827612820347,wheat_combined,09_01
391,2023,wheat_spring,1.956875,2.1215,2.3465103474307343,2.2058804068220113,wheat_combined,09_01
391,2024,wheat_spring,4.624375,4.8194,3.362323677466546,3.4465335310227987,wheat_combined,09_01
392,2019,wheat_winter,4.803,4.1445,,,wheat_combined,09_01
392,2021,wheat_spring,4.514594594594595,4.2702,2.89018804367117,2.880483574907658,wheat_combined,09_01
392,2023,wheat_spring,1.2345945945945946,2.5601,2.363453591721745,2.4427845316340577,wheat_combined,09_01
392,2024,wheat_spring,4.623783783783784,4.044,3.5426715701321383,3.584644092242974,wheat_combined,09_01
393,2019,wheat_spring,4.196,2.9539999999999997,,,wheat_combined,09_01
393,2021,wheat_spring,2.3286713286713288,4.0816,2.950600381132042,2.9859419376666754,wheat_combined,09_01
393,2023,wheat_spring,2.7683916083916085,2.9226,2.175092178917299,1.9548977166607793,wheat_combined,09_01
393,2025,wheat_spring,4.924335664335664,4.4392000000000005,3.039906011422978,3.083917842576299,wheat_combined,09_01
394,2021,wheat_spring,3.00875,3.3896,2.8937476663914565,3.0051000176706344,wheat_combined,09_01
395,2019,wheat_winter,4.664,4.5952,,,wheat_combined,09_01
395,2021,wheat_spring,2.7353125,3.4533,2.818768959947735,2.787091231215863,wheat_combined,09_01
395,2024,wheat_spring,3.98,3.7281999999999997,3.8376436582009514,3.8744443005166893,wheat_combined,09_01
395,2025,wheat_spring,4.1759375,3.2209000000000003,3.0577903901111094,3.087532379303066,wheat_combined,09_01
396,2019,wheat_winter,4.05,4.1022,,,wheat_combined,09_01
396,2021,wheat_spring,4.036969696969697,4.354,2.9797365686245714,2.9040434181619292,wheat_combined,09_01
396,2023,wheat_spring,1.9224242424242424,2.7934,2.599171696358598,2.5559413100850805,wheat_combined,09_01
396,2024,wheat_spring,4.926060606060606,4.350099999999999,3.3251571589588407,3.386528831386893,wheat_combined,09_01
397,2017,wheat_spring,2.253,2.3282,,,wheat_combined,09_01
397,2019,wheat_winter,4.378,3.1291,,,wheat_combined,09_01
397,2021,wheat_spring,1.8685470085470088,3.3674999999999997,2.7808064880035452,2.7267507035896026,wheat_combined,09_01
397,2023,wheat_spring,2.456410256410256,1.4536,2.0602769531690046,1.9995807270663009,wheat_combined,09_01
397,2025,wheat_winter,2.2528205128205125,2.8449,2.998745314856964,3.0361473581246052,wheat_combined,09_01
400,2021,wheat_spring,3.56,3.4219,2.925573190893086,2.900672320443231,wheat_combined,09_01
401,2021,wheat_spring,4.2733333333333325,3.7396000000000003,2.8011269204575573,2.8732670314543767,wheat_combined,09_01
402,2017,wheat_spring,2.0940000000000003,2.7819,,,wheat_combined,09_01
402,2019,wheat_winter,2.301,3.4671999999999996,,,wheat_combined,09_01
402,2022,wheat_spring,2.7777777777777777,,2.4954052626706966,2.7220979209753935,wheat_combined,09_01
402,2023,wheat_winter,1.665,2.1574,2.216278697309336,2.233140043376063,wheat_combined,09_01
402,2025,wheat_spring,5.3805555555555555,4.3153,3.0341666460791266,3.083917842576299,wheat_combined,09_01
403,2019,wheat_winter,4.098,3.9395000000000002,,,wheat_combined,09_01
403,2021,wheat_spring,3.42235294117647,3.5337000000000005,2.7898854320819764,2.8166892104437675,wheat_combined,09_01
403,2023,wheat_winter,2.0727058823529414,2.3064,2.3691877094352676,2.4153967132532097,wheat_combined,09_01
403,2025,wheat_spring,5.734117647058823,3.6671,3.0577903901111094,3.087532379303066,wheat_combined,09_01
405,2019,wheat_spring,3.676,2.6997,,,wheat_combined,09_01
405,2021,wheat_spring,3.4904093567251464,3.7207999999999997,3.0075676944470113,2.990347541000521,wheat_combined,09_01
405,2022,wheat_spring,2.3405847953216377,,2.5764495873569286,2.6171294460053227,wheat_combined,09_01
405,2023,wheat_winter,2.1315789473684212,3.2662999999999998,2.284739836738975,2.2975822260101055,wheat_combined,09_01
406,2017,wheat_spring,1.644,1.4935,,,wheat_combined,09_01
406,2019,wheat_spring,3.038,2.716,,,wheat_combined,09_01
406,2021,wheat_spring,2.812173913043478,3.5637999999999996,2.87997071581749,2.859668894780639,wheat_combined,09_01
406,2024,wheat_spring,3.263478260869565,4.0607999999999995,3.100358105954486,3.191271243148667,wheat_combined,09_01
407,2017,wheat_spring,1.261,4.3528,,,wheat_combined,09_01
407,2019,wheat_spring,1.418,4.3449,,,wheat_combined,09_01
407,2022,wheat_spring,2.7733333333333334,,2.3443442551701477,2.3875593298972833,wheat_combined,09_01
407,2023,wheat_winter,2.304444444444444,3.0169,2.531310077096685,2.5862838426566217,wheat_combined,09_01
408,2019,wheat_winter,5.078,4.6113,,,wheat_combined,09_01
408,2021,wheat_spring,3.4680701754385965,3.6078,2.779190420144376,2.777146773731526,wheat_combined,09_01
408,2023,wheat_spring,1.656140350877193,3.0091,2.7148560407527595,2.6577430812562586,wheat_combined,09_01
408,2024,wheat_spring,4.508070175438596,3.9783999999999997,3.4266658160043817,3.522736695648618,wheat_combined,09_01
409,2018,wheat_winter,3.239,4.3157,,,wheat_combined,09_01
409,2021,wheat_spring,2.427906976744186,3.7895000000000003,2.82430559581298,2.822581857873292,wheat_combined,09_01
409,2023,wheat_spring,2.5293023255813956,2.8469,2.5811468567080063,2.5654765136391857,wheat_combined,09_01
409,2024,wheat_spring,4.935348837209302,4.6515,3.2798346768572113,3.4862797502968665,wheat_combined,09_01
410,2021,wheat_spring,3.5784,2.8942,2.812057691680821,2.7980594978269724,wheat_combined,09_01
410,2023,wheat_spring,2.0831999999999997,2.0545999999999998,2.409430809536659,2.3476214364168166,wheat_combined,09_01
410,2024,wheat_spring,5.5360000000000005,3.9944,3.5239209770000035,3.6235403769934456,wheat_combined,09_01
411,2019,wheat_spring,2.755,2.3283,,,wheat_combined,09_01
411,2021,wheat_spring,3.3311428571428574,3.5732999999999997,2.786436982945446,2.842792304712124,wheat_combined,09_01
411,2023,wheat_spring,2.7565714285714287,2.0146,2.0890949637895053,2.0839635435565755,wheat_combined,09_01
411,2024,wheat_spring,2.626714285714286,4.3209,3.1644404319912955,3.090365927704588,wheat_combined,09_01
412,2017,wheat_spring,1.7079999999999995,2.0362,,,wheat_combined,09_01
412,2019,wheat_winter,4.205,3.3342,,,wheat_combined,09_01
412,2021,wheat_spring,3.440727272727273,4.1071,3.0924177462427167,3.086160047993864,wheat_combined,09_01
412,2022,wheat_spring,2.478909090909091,,2.624202606020684,2.6423029010111714,wheat_combined,09_01
412,2023,wheat_winter,3.3007272727272725,3.0162,2.691970602734346,2.734705602914607,wheat_combined,09_01
412,2025,wheat_spring,4.6632727272727275,4.029,3.009947498358509,3.087532379303066,wheat_combined,09_01
414,2019,wheat_winter,4.241,4.4601,,,wheat_combined,09_01
414,2021,wheat_spring,3.536689655172414,3.6281,2.7904442402198852,2.7574892580258394,wheat_combined,09_01
414,2023,wheat_spring,2.6637241379310344,2.3745000000000003,2.381275095624318,2.378240410497106,wheat_combined,09_01
415,2017,wheat_spring,1.011,1.8774000000000002,,,wheat_combined,09_01
415,2019,wheat_winter,3.106,3.3997,,,wheat_combined,09_01
415,2021,wheat_spring,2.8478125,3.4781999999999997,2.7897019646205212,2.7004695808618906,wheat_combined,09_01
415,2022,wheat_spring,2.0121875,,2.3850638757864444,2.4169066921024096,wheat_combined,09_01
415,2024,wheat_spring,4.59875,4.257,3.4084396290067005,3.634347889582984,wheat_combined,09_01
416,2017,wheat_spring,1.41,1.7832000000000001,,,wheat_combined,09_01
416,2021,wheat_spring,2.81635687732342,3.9463999999999997,2.841288169120529,2.8288433535771578,wheat_combined,09_01
416,2023,wheat_spring,2.685204460966543,2.9753,2.438419143297629,2.3409800969619576,wheat_combined,09_01
416,2025,wheat_spring,5.082081784386617,3.9015,3.060957774627352,3.087532379303066,wheat_combined,09_01
418,2019,wheat_winter,2.71,3.1729,,,wheat_combined,09_01
418,2021,wheat_spring,2.963111111111111,3.7402,2.7912181461159014,2.861706541871943,wheat_combined,09_01
418,2023,wheat_spring,3.197777777777778,2.054,2.441941864952462,2.3817311104072525,wheat_combined,09_01
419,2019,wheat_winter,4.318,4.2805,,,wheat_combined,09_01
419,2021,wheat_spring,2.869818181818182,3.4575000000000005,2.8041522378270094,2.8439946114167327,wheat_combined,09_01
419,2023,wheat_winter,2.256727272727273,2.1704,2.473054705792923,2.440717148575695,wheat_combined,09_01
419,2025,wheat_spring,4.669090909090909,3.3921,3.0577903901111094,3.068429230551484,wheat_combined,09_01
420,2017,wheat_spring,1.261,1.4726000000000001,,,wheat_combined,09_01
420,2019,wheat_winter,2.73,3.8481,,,wheat_combined,09_01
420,2021,wheat_spring,2.3181818181818183,3.2939999999999996,2.766665270040361,2.7473654152720095,wheat_combined,09_01
421,2019,wheat_spring,3.379,3.3021000000000003,,,wheat_combined,09_01
421,2021,wheat_winter,2.540078431372549,2.8287,2.917594098195936,2.9189185695153417,wheat_combined,09_01
421,2023,wheat_spring,1.0665098039215686,2.324,2.515771054878598,2.5063174432067354,wheat_combined,09_01
422,2022,wheat_spring,3.4,3.2596,2.4557238955781684,2.4449635855585647,wheat_combined,09_01
422,2024,wheat_winter,5.087671232876712,4.600099999999999,3.6555774525932616,3.7919889331361487,wheat_combined,09_01
423,2022,wheat_spring,3.2240449438202248,3.3356000000000003,2.824300752984697,2.8530053191933047,wheat_combined,09_01
423,2024,wheat_spring,3.914067415730337,4.0522,3.5241540692801405,3.8054661653880864,wheat_combined,09_01
424,2017,wheat_spring,1.001,2.128,,,wheat_combined,09_01
424,2019,wheat_winter,3.898,3.3064999999999998,,,wheat_combined,09_01
424,2021,wheat_spring,2.626470588235294,2.9463999999999997,2.799142817910381,2.81575599872838,wheat_combined,09_01
424,2023,wheat_winter,2.062549019607843,2.8190999999999997,2.424909103134266,2.475524429350983,wheat_combined,09_01
424,2025,wheat_spring,4.860784313725491,3.7495,3.0577903901111094,3.087532379303066,wheat_combined,09_01
425,2017,wheat_spring,1.089,1.8821,,,wheat_combined,09_01
425,2019,wheat_spring,3.854999999999999,3.0919,,,wheat_combined,09_01
425,2021,wheat_spring,2.7649462365591395,3.3465000000000003,2.8279592502510678,2.819296101528929,wheat_combined,09_01
425,2023,wheat_spring,2.559784946236559,1.8565,2.0716903822324912,2.085945092735778,wheat_combined,09_01
426,2021,wheat_winter,4.262711864406779,4.2972,3.2708457781685807,3.216036516423984,wheat_combined,09_01
426,2023,wheat_spring,2.0303389830508474,1.8824999999999998,2.0491505570202495,2.0780508757092293,wheat_combined,09_01
427,2020,wheat_spring,1.107,2.0332999999999997,2.706325774555719,2.5415747376149698,wheat_combined,09_01
428,2022,wheat_spring,4.175115511551155,3.4529000000000005,2.776741745589145,2.8481542968086377,wheat_combined,09_01
428,2024,wheat_spring,5.232343234323433,4.2474,3.645467349975347,3.868116053158193,wheat_combined,09_01
429,2023,wheat_spring,3.113636363636364,2.5983,2.6194755880946907,2.569000045470598,wheat_combined,09_01
430,2020,wheat_spring,2.4,2.8545000000000003,2.5939763424112043,2.53332484664915,wheat_combined,09_01
430,2021,wheat_winter,2.408648648648649,2.244,2.6376463915325354,2.6490079979801795,wheat_combined,09_01
431,2021,wheat_winter,2.472,3.5862000000000003,2.7362392783891534,2.8061384052783493,wheat_combined,09_01
432,2021,wheat_spring,2.851818181818182,4.5555,2.8797602783210863,2.9238861019294498,wheat_combined,09_01
432,2024,wheat_spring,3.878636363636363,5.0129,3.7525620928780525,3.662941155427662,wheat_combined,09_01
433,2021,wheat_winter,3.65,2.9331,2.6074663631903103,2.5976411252408176,wheat_combined,09_01
434,2021,wheat_spring,2.7960000000000003,3.4484000000000004,2.819943061943166,2.9294121165117684,wheat_combined,09_01
435,2024,wheat_spring,2.982771084337349,4.5202,3.775366735448837,3.944344500031959,wheat_combined,09_01
436,2021,wheat_spring,3.0220689655172412,3.0248999999999997,2.8632999906710563,2.9088524051687887,wheat_combined,09_01
438,2022,wheat_spring,4.486875,3.8146999999999998,2.491921268217945,2.368398946764828,wheat_combined,09_01
440,2022,wheat_spring,3.4393548387096775,2.8973,2.659896612168609,2.5413489043213655,wheat_combined,09_01
440,2024,wheat_spring,3.290574193548387,4.2258000000000004,3.365977738725676,3.673888799123773,wheat_combined,09_01
441,2021,wheat_spring,4.001818181818182,3.2649,2.7058796811059893,2.748695665885642,wheat_combined,09_01
441,2025,wheat_spring,3.986666666666667,3.5075000000000003,3.094090579323692,3.1890714143887853,wheat_combined,09_01
444,2021,wheat_spring,3.7077777777777774,3.0975,2.711758364313832,2.697016479737183,wheat_combined,09_01
445,2021,wheat_spring,1.8866666666666667,2.4039,2.656286544042373,2.702281660894923,wheat_combined,09_01
446,2021,wheat_spring,2.02,2.0911999999999997,2.7297369566689933,2.8484366333109468,wheat_combined,09_01
447,2021,wheat_spring,2.646666666666667,2.3897,2.614857235669905,2.788814861502655,wheat_combined,09_01
457,2024,wheat_spring,2.8333333333333335,4.3533,3.9875841068798534,4.081471791339159,wheat_combined,09_01
457,2025,wheat_spring,3.44,3.7272,3.0341666460791266,3.0337956217699062,wheat_combined,09_01
505,2022,wheat_spring,3.466521739130435,3.3106999999999998,2.5378322573563383,2.530568363551125,wheat_combined,09_01
506,2022,wheat_spring,2.916875,3.1762,2.4120795719358012,2.3506065199220227,wheat_combined,09_01
510,2022,wheat_spring,4.543333333333334,3.5180999999999996,2.536990194972825,2.473898834309976,wheat_combined,09_01
512,2022,wheat_spring,1.193,4.6484000000000005,2.642887234688411,2.64901867011277,wheat_combined,09_01
512,2024,wheat_spring,3.609692307692308,3.4597,3.258246705882151,3.7787097505289724,wheat_combined,09_01
512,2025,wheat_spring,3.7007692307692306,3.6757,3.0341666460791266,3.070925107178231,wheat_combined,09_01
513,2023,wheat_spring,1.501304347826087,2.6661,2.301652642179464,2.2902749532099294,wheat_combined,09_01
513,2025,wheat_winter,4.506086956521739,3.7962000000000002,3.0264358755920435,3.0617815334952696,wheat_combined,09_01
514,2023,wheat_winter,2.0454545454545454,2.0959,2.494958500848245,2.582641113732896,wheat_combined,09_01
604,2023,wheat_spring,2.1067846153846155,2.3459,2.271640782224979,2.283132276704057,wheat_combined,09_01
628,2025,wheat_spring,1.6711182108626197,2.7800000000000002,3.002361614925983,3.036899103313705,wheat_combined,09_01
630,2023,wheat_spring,1.2423529411764709,2.1129000000000002,2.5964803138387293,2.573369546406021,wheat_combined,09_01
630,2025,wheat_spring,1.588235294117647,2.3455,2.99919423040974,3.064094240303502,wheat_combined,09_01
632,2025,wheat_spring,1.8557142857142856,2.8836,2.9999607185556503,3.0665901169302487,wheat_combined,09_01
633,2025,wheat_winter,3.7351351351351343,4.1997,3.0306832900510514,3.0912374484885663,wheat_combined,09_01
634,2024,wheat_spring,3.798571428571429,3.6670000000000003,3.537758885379393,4.103659386158055,wheat_combined,09_01
634,2025,wheat_spring,4.002857142857143,2.0918,2.9915106113330685,3.057402505264938,wheat_combined,09_01
635,2023,wheat_spring,2.004705882352941,2.4968,3.0131180472737547,3.022522010551961,wheat_combined,09_01
635,2025,wheat_spring,3.387058823529412,1.825,2.996947870401341,3.043689316345654,wheat_combined,09_01
636,2023,wheat_spring,2.0064912280701757,1.6908999999999998,2.7438509518543075,2.75996735719622,wheat_combined,09_01
636,2025,wheat_spring,2.5898245614035087,2.8943000000000003,2.9915106113330685,3.0399632486787316,wheat_combined,09_01
643,2025,wheat_winter,2.9432432432432436,3.7738,3.002812131560061,3.0382812090940066,wheat_combined,09_01
644,2023,wheat_spring,1.736,1.8521999999999998,2.959849917459162,2.847174126511992,wheat_combined,09_01
644,2024,wheat_spring,2.470666666666667,2.7217,3.505187258781283,3.913030256699884,wheat_combined,09_01
650,2023,wheat_spring,2.649016393442623,2.4597,2.874746308818815,2.7721791253129897,wheat_combined,09_01
650,2024,wheat_spring,3.3059016393442624,3.018,3.3796508653435193,3.9741337824844774,wheat_combined,09_01
653,2025,wheat_winter,4.073504273504274,4.2751,3.0306832900510514,3.0881195728590067,wheat_combined,09_01
654,2023,wheat_spring,2.6425,1.8193000000000001,2.406388931420862,2.296386758813445,wheat_combined,09_01
655,2024,wheat_spring,2.415263157894737,2.6,3.4028196309556753,4.088421160392108,wheat_combined,09_01
659,2024,wheat_spring,2.440571428571429,3.321,3.6502552665223282,4.3672249456263375,wheat_combined,09_01
660,2023,wheat_spring,1.762,1.9936,2.684684870740549,2.6324520324271723,wheat_combined,09_01
661,2024,wheat_spring,3.669122807017544,2.7282,3.373486021292811,3.9966197852869945,wheat_combined,09_01
662,2023,wheat_spring,1.7616666666666667,1.9855,2.6641136888137176,2.6300380311931404,wheat_combined,09_01
665,2023,wheat_spring,1.625,2.293,2.7041792739744137,2.599200285183722,wheat_combined,09_01
666,2023,wheat_spring,1.6253191489361702,2.2453,2.8466335932788382,2.697254489244757,wheat_combined,09_01
668,2025,wheat_spring,3.31872,3.1431,3.002361614925983,3.0590794503770837,wheat_combined,09_01
669,2023,wheat_spring,1.5975471698113208,1.8907,2.661827384914713,2.6346656021071526,wheat_combined,09_01
669,2024,wheat_spring,3.322641509433962,4.3617,3.496662159611706,4.081945236527483,wheat_combined,09_01
671,2023,wheat_spring,1.7196969696969695,2.6411000000000002,3.1368169293912187,3.1289525838127,wheat_combined,09_01
674,2024,wheat_spring,4.6898425196850395,2.8588,3.492150861796832,4.1695219776538295,wheat_combined,09_01
675,2025,wheat_spring,2.695906432748538,2.4147,2.9915106113330685,3.0374673720519847,wheat_combined,09_01
677,2023,wheat_spring,2.2621428571428575,1.7849,2.688732371723756,2.5304014704439375,wheat_combined,09_01
678,2023,wheat_spring,2.0062686567164176,1.9826000000000001,3.1905131121073373,3.189190940460759,wheat_combined,09_01
680,2023,wheat_spring,2.511463414634146,3.2144,2.992436596026483,2.983351837519907,wheat_combined,09_01
689,2024,wheat_spring,1.1392307692307693,4.1808,3.7751818412047573,4.393537221199291,wheat_combined,09_01
689,2025,wheat_spring,1.146153846153846,1.5812,2.9915106113330685,3.038874861039785,wheat_combined,09_01
690,2023,wheat_spring,3.1429411764705883,2.1305,2.7409933954187626,2.6707995062131116,wheat_combined,09_01
693,2023,wheat_spring,1.650925925925926,2.2022,2.9409092678594746,3.0613795516816324,wheat_combined,09_01
693,2025,wheat_spring,4.111111111111111,2.9203,2.997714358547251,3.0677087770302687,wheat_combined,09_01
694,2023,wheat_spring,1.8193939393939391,2.8114999999999997,2.8496407827089967,2.8652269937540824,wheat_combined,09_01
694,2024,wheat_spring,1.9284848484848485,3.1206,3.634048115688092,4.203506932459896,wheat_combined,09_01
694,2025,wheat_spring,3.604848484848485,2.3756,2.9915106113330685,3.0677087770302687,wheat_combined,09_01
695,2023,wheat_spring,1.819,1.986,2.9536555493995933,2.9829031029667283,wheat_combined,09_01
696,2023,wheat_spring,1.6794736842105262,1.8912,2.898590604294555,2.9301767459924486,wheat_combined,09_01
696,2024,wheat_spring,4.205263157894737,2.5812,3.396995271226286,3.9967111911286226,wheat_combined,09_01
698,2024,wheat_spring,3.18863309352518,4.3449,3.6986919390472024,4.2704835560223104,wheat_combined,09_01
698,2025,wheat_spring,3.053956834532374,2.2042,2.9915106113330685,3.043689316345654,wheat_combined,09_01
699,2024,wheat_spring,1.9542857142857144,2.0875,3.3133899959743736,4.023495316610131,wheat_combined,09_01
700,2023,wheat_spring,1.771777777777778,2.3746,2.840090151293801,2.9088636264145737,wheat_combined,09_01
700,2024,wheat_spring,3.1551111111111108,3.853,3.588154776143608,4.217039042600717,wheat_combined,09_01
701,2023,wheat_spring,2.263571428571429,2.2133,2.814573454195558,2.67970905273262,wheat_combined,09_01
710,2023,wheat_spring,2.016111111111111,1.8574000000000002,2.7679060361462686,2.6708171859520164,wheat_combined,09_01
711,2023,wheat_spring,1.3551376146788991,2.0911999999999997,2.7771854914862435,2.7589948226554606,wheat_combined,09_01
711,2025,wheat_spring,2.053211009174312,2.524,3.000115254917584,3.0330751682486907,wheat_combined,09_01
712,2024,wheat_spring,2.481875,3.7920000000000003,3.4985059041022994,4.1287198021521085,wheat_combined,09_01
713,2023,wheat_spring,1.738235294117647,2.2167000000000003,2.8265151520386893,2.771911008730519,wheat_combined,09_01
715,2024,wheat_spring,3.2449664429530203,2.7079,3.9727858286187243,4.593889886500231,wheat_combined,09_01
717,2024,wheat_spring,2.1251315789473684,3.077,3.6765368405212935,4.377226122740694,wheat_combined,09_01
718,2023,wheat_spring,1.7971698113207548,2.0242999999999998,2.551688701558656,2.5873294800631195,wheat_combined,09_01
722,2024,wheat_spring,3.143571428571428,3.7464,3.7429945974648047,4.356527470736039,wheat_combined,09_01
722,2025,wheat_spring,1.8907142857142856,2.7512,2.996947870401341,3.041370737666532,wheat_combined,09_01
725,2025,wheat_spring,2.534630136986302,2.7797,2.9915106113330685,3.033173035646782,wheat_combined,09_01
727,2024,wheat_spring,2.8123809523809524,2.6539,3.3715976637467446,4.0146162237883924,wheat_combined,09_01
728,2023,wheat_spring,2.1681132075471696,2.6456,2.705395258672977,2.6424484385486235,wheat_combined,09_01
728,2025,wheat_winter,3.3735849056603775,4.0743,2.998878258897908,3.064899409124829,wheat_combined,09_01
729,2023,wheat_spring,1.8895744680851063,1.8236,3.071592714998208,2.9220795930355434,wheat_combined,09_01
730,2024,wheat_spring,3.438636363636364,3.3604999999999996,3.2714181036204653,4.072737711872673,wheat_combined,09_01
733,2023,wheat_spring,1.5219277108433733,1.9423,2.5268575529969795,2.437643361566593,wheat_combined,09_01
735,2023,wheat_spring,2.44,2.2744,2.721522250258872,2.7122129828200157,wheat_combined,09_01
736,2023,wheat_spring,2.190373831775701,2.5408,2.9817588411609464,2.9526778187801517,wheat_combined,09_01
736,2025,wheat_winter,3.522429906542056,4.4608,3.0306832900510514,3.0881195728590067,wheat_combined,09_01
737,2023,wheat_spring,2.440300751879699,2.1784,2.867485380599789,2.8472027513846405,wheat_combined,09_01
737,2025,wheat_spring,3.0362406015037595,1.7626000000000002,2.9915106113330685,3.0399632486787316,wheat_combined,09_01
741,2023,wheat_spring,1.904864864864865,2.925,3.081007458301404,3.027013387829104,wheat_combined,09_01
742,2023,wheat_spring,1.1057560975609757,2.1138000000000003,2.9244053656876203,2.795431980530016,wheat_combined,09_01
742,2024,wheat_spring,2.9680000000000004,2.9579,3.59701448913889,4.120816607601341,wheat_combined,09_01
743,2023,wheat_spring,2.480392156862745,1.8021,2.566255656788535,2.5736087109310657,wheat_combined,09_01
744,2024,wheat_spring,2.963589743589744,3.0328,3.7601162079077763,4.275383976463496,wheat_combined,09_01
745,2024,wheat_spring,1.665,3.3719,3.5346825285119046,4.145490186446381,wheat_combined,09_01
749,2025,wheat_spring,3.7407751937984495,2.3830999999999998,2.9915106113330685,3.0665901169302487,wheat_combined,09_01
750,2024,wheat_spring,4.912765957446808,2.4187000000000003,3.381153586557037,4.10138316305732,wheat_combined,09_01
754,2023,wheat_spring,3.142777777777778,2.4655,2.9757664895798848,3.044346227899636,wheat_combined,09_01
754,2024,wheat_spring,3.902549,2.5719000000000003,3.255637810264222,3.944709570507539,wheat_combined,09_01
755,2023,wheat_spring,2.6428205128205127,3.2316000000000003,2.9926259680174847,3.0153339349211934,wheat_combined,09_01
756,2023,wheat_spring,3.143035714285714,3.153,3.0785027295257756,3.0543972538360165,wheat_combined,09_01
764,2023,wheat_spring,3.1446774193548386,2.888,3.0095649049439444,2.975328733419757,wheat_combined,09_01
764,2024,wheat_spring,3.882903225806452,2.871,3.370426835994426,4.006288976813148,wheat_combined,09_01
767,2023,wheat_spring,1.6358536585365853,1.9734000000000003,3.062178470900192,3.068612651830705,wheat_combined,09_01
767,2024,wheat_spring,1.4141463414634146,3.3396,3.6623058622647573,4.122226473818457,wheat_combined,09_01
768,2023,wheat_spring,1.9517391304347824,2.9252,3.042454580340218,3.0301090082835342,wheat_combined,09_01
768,2024,wheat_spring,2.4121739130434783,3.694,3.4808319911744707,3.9953812560759205,wheat_combined,09_01
769,2023,wheat_spring,1.636,2.6673999999999998,3.15781677454519,3.2428455540967716,wheat_combined,09_01
769,2024,wheat_spring,5.392,3.1563,3.664514421835605,4.157889943386985,wheat_combined,09_01
770,2023,wheat_spring,2.5348507462686567,2.7293,3.1914727356364807,3.11965324091571,wheat_combined,09_01
770,2025,wheat_spring,3.468955223880597,2.4671,3.006766614368538,3.068429230551484,wheat_combined,09_01
771,2023,wheat_spring,2.154166666666667,2.2251000000000003,3.0955013896321315,3.0375114519387267,wheat_combined,09_01
772,2023,wheat_spring,2.327462686567164,2.1577,2.51639578925487,2.460162636260398,wheat_combined,09_01
773,2024,wheat_spring,1.5847761194029852,2.2431,3.187004247304813,3.170282753120377,wheat_combined,09_01
774,2023,wheat_spring,2.6488888888888886,1.7547000000000001,2.6737042893787524,2.5186354617459847,wheat_combined,09_01
774,2024,wheat_spring,3.3511111111111114,2.5347999999999997,3.3766598416775895,4.035744819507576,wheat_combined,09_01
775,2023,wheat_spring,2.332686567164179,2.8931,2.957143899003626,2.9224928583144987,wheat_combined,09_01
775,2024,wheat_spring,3.02089552238806,2.537,3.5032932025652497,4.146971007888094,wheat_combined,09_01
776,2024,wheat_spring,2.5763265306122447,3.6893000000000002,3.7215289891775623,4.300368803976694,wheat_combined,09_01
778,2023,wheat_spring,1.7359090909090908,1.9155000000000002,2.8046616756381346,2.724230477378786,wheat_combined,09_01
778,2024,wheat_spring,4.464090909090909,3.4845999999999995,3.5556849285291534,4.0541970440225565,wheat_combined,09_01
779,2023,wheat_spring,1.21525,2.5099,2.814512948514879,2.750092018602686,wheat_combined,09_01
779,2024,wheat_spring,3.148,3.6606,3.674546602917096,4.225218231072306,wheat_combined,09_01
780,2023,wheat_spring,1.5043333333333335,2.4032,2.9059812630529085,2.7489346297272346,wheat_combined,09_01
780,2024,wheat_spring,4.034666666666667,3.1567,3.724460348109178,4.191559597143683,wheat_combined,09_01
781,2023,wheat_spring,1.736056338028169,2.525,3.034927731757152,2.9557409947583424,wheat_combined,09_01
786,2023,wheat_spring,1.4060416666666666,1.7972000000000001,2.827661977782188,2.7572463952219635,wheat_combined,09_01
786,2024,wheat_spring,3.81125,3.052,3.6082464639049023,4.221734243456976,wheat_combined,09_01
786,2025,wheat_spring,1.6983333333333333,2.091,2.995893901852553,3.064094240303502,wheat_combined,09_01
787,2024,wheat_spring,3.1833333333333336,3.5183999999999997,3.527970097062223,4.239076596436828,wheat_combined,09_01
788,2025,wheat_spring,3.787260273972603,2.4157,2.995893901852553,3.0374673720519847,wheat_combined,09_01
789,2024,wheat_spring,3.867674418604651,3.8063000000000002,3.636763539880898,4.272224589269472,wheat_combined,09_01
792,2023,wheat_spring,1.42275,1.634,3.06060822451564,2.9799653372950914,wheat_combined,09_01
793,2023,wheat_spring,1.7799999999999998,2.6513999999999998,2.9917925922864748,2.8988186072214353,wheat_combined,09_01
793,2024,wheat_spring,4.363820224719101,2.5362,3.772737226282966,4.335353016248132,wheat_combined,09_01
793,2025,wheat_spring,2.1496629213483147,2.1738,2.9915106113330685,3.0411934397189078,wheat_combined,09_01
797,2023,wheat_spring,1.7378260869565216,2.3749,3.101248658450516,3.122781104092967,wheat_combined,09_01
797,2025,wheat_spring,4.511304347826087,2.6338,2.996947870401341,3.0702046536570156,wheat_combined,09_01
798,2023,wheat_spring,2.006153846153846,2.4969,3.0580120232057455,2.9886967081461697,wheat_combined,09_01
800,2024,wheat_spring,2.493333333333333,3.7287999999999997,3.44502639229571,4.043111033724665,wheat_combined,09_01
800,2025,wheat_spring,1.816190476190476,2.4234999999999998,2.995893901852553,3.0702046536570156,wheat_combined,09_01
801,2023,wheat_spring,1.4505072463768116,2.9378,3.0778836338776316,3.1182151071001316,wheat_combined,09_01
801,2025,wheat_spring,3.800724637681159,3.4011000000000005,3.009947498358509,3.0677087770302687,wheat_combined,09_01
802,2025,wheat_spring,2.8191666666666664,2.3427,3.009947498358509,3.0702046536570156,wheat_combined,09_01
803,2023,wheat_spring,1.8186206896551724,2.5268,2.9671194846125664,2.920822477816211,wheat_combined,09_01
803,2025,wheat_spring,5.01103448275862,2.1029,2.998711223478555,3.041370737666532,wheat_combined,09_01
804,2023,wheat_spring,1.818888888888889,2.5561,2.92460709587049,2.9514691276905394,wheat_combined,09_01
805,2023,wheat_spring,1.8189473684210529,2.2414,2.6784241860883933,2.658992902134293,wheat_combined,09_01
806,2023,wheat_spring,2.2642857142857142,1.9605000000000001,2.757146671584157,2.7407426700006994,wheat_combined,09_01
807,2023,wheat_spring,3.141052631578947,2.964,3.0121706727017004,2.948603443028274,wheat_combined,09_01
807,2024,wheat_spring,2.4712280701754388,2.5754,3.2244600724060994,3.8357643207117444,wheat_combined,09_01
809,2024,wheat_spring,3.8322916666666664,3.1618,3.2799472103476734,3.995828978950573,wheat_combined,09_01
809,2025,wheat_spring,2.4595833333333332,2.2786,2.9915106113330685,3.0374673720519847,wheat_combined,09_01
810,2024,wheat_spring,4.670877192982457,3.0095,3.3021038684375332,4.034612843993003,wheat_combined,09_01
811,2023,wheat_spring,1.8688888888888888,1.8371,3.0314501284835176,3.022833574490565,wheat_combined,09_01
811,2024,wheat_spring,4.6866666666666665,3.5973999999999995,3.6614089812722383,4.284239511858245,wheat_combined,09_01
813,2023,wheat_spring,1.738,2.5082,2.843277377137353,2.8010269044896536,wheat_combined,09_01
815,2023,wheat_spring,1.762222222222222,1.9523,2.6610144428112696,2.6095910642347437,wheat_combined,09_01
818,2024,wheat_spring,3.3494252873563215,2.2245,3.668478596747384,4.206879955783679,wheat_combined,09_01
819,2023,wheat_spring,1.90125,1.8681999999999999,3.0119482540740536,2.880202771145854,wheat_combined,09_01
821,2024,wheat_spring,4.94,2.6633,3.218032777962577,3.726286531102317,wheat_combined,09_01
821,2025,wheat_spring,1.8613861386138617,2.0370999999999997,2.9990612863687964,3.0677087770302687,wheat_combined,09_01
823,2024,wheat_spring,2.443404255319149,2.8795,3.1164772732781696,3.134766625241294,wheat_combined,09_01
824,2023,wheat_spring,2.648888888888889,2.6044,3.0221811172374284,3.015508270987663,wheat_combined,09_01
824,2024,wheat_spring,2.8755555555555556,2.5482,3.258783909493176,3.799346783998834,wheat_combined,09_01
831,2024,wheat_spring,2.517297297297297,3.2744999999999997,3.147671188184805,3.1253484604330626,wheat_combined,09_01
832,2023,wheat_spring,4.2,2.4703,2.88445755299003,2.9070031873150124,wheat_combined,09_01
833,2025,wheat_spring,1.6960493827160494,1.7576,2.995893901852553,3.0064482999971736,wheat_combined,09_01
835,2023,wheat_spring,1.1682926829268292,1.7487,2.0742474401078432,2.1068357167111795,wheat_combined,09_01
836,2023,wheat_spring,1.6984761904761905,1.8640999999999999,2.7882860429615173,2.7031452950948975,wheat_combined,09_01
836,2025,wheat_spring,3.076571428571429,2.6018999999999997,3.009947498358509,3.0677087770302687,wheat_combined,09_01
837,2024,wheat_spring,4.956,2.7343,3.4949233341165193,4.2219723417193205,wheat_combined,09_01
838,2023,wheat_spring,1.88,1.5747,2.910754327423986,2.9479501038774445,wheat_combined,09_01
838,2024,wheat_spring,2.9166666666666665,3.6588000000000003,3.501834693921341,4.238713099901471,wheat_combined,09_01
839,2023,wheat_spring,1.4678260869565218,2.0707,2.568482362649877,2.567028732817004,wheat_combined,09_01
839,2024,wheat_spring,2.688347826086957,2.33,3.565855409406839,4.229585588108602,wheat_combined,09_01
846,2024,wheat_spring,4.397260273972603,2.627,3.009103882122967,2.797523433483859,wheat_combined,09_01
846,2025,wheat_spring,1.747123287671233,2.1196,2.9990612863687964,3.0352603243130183,wheat_combined,09_01
847,2024,wheat_spring,3.674237288135594,3.2641,3.5518322840542362,4.218487041622837,wheat_combined,09_01
847,2025,wheat_spring,2.940677966101695,2.5662,3.0011558348256204,3.0352603243130183,wheat_combined,09_01
848,2025,wheat_spring,5.9399999999999995,3.1169000000000002,2.996580224069303,3.0677087770302687,wheat_combined,09_01
849,2024,wheat_spring,1.2260869565217392,3.0463,2.8472624228538264,2.6237548422304875,wheat_combined,09_01
849,2025,wheat_spring,1.0469565217391303,2.4869,2.9990612863687964,3.007855788984974,wheat_combined,09_01
850,2024,wheat_spring,4.034594594594594,3.3943,3.493126461577584,4.1002483261367075,wheat_combined,09_01
850,2025,wheat_spring,1.4827027027027029,2.1369,3.0031281030718935,3.0330751682486907,wheat_combined,09_01
851,2024,wheat_spring,5.851578947368421,3.2796999999999996,3.508202828026714,4.142634545010261,wheat_combined,09_01
851,2025,wheat_spring,2.9426315789473683,2.5491,2.999827774514707,3.010351665611721,wheat_combined,09_01
867,2025,wheat_spring,4.0767741935483865,4.2593000000000005,3.094090579323692,3.1697707233214745,wheat_combined,09_01
871,2025,wheat_spring,4.996119402985075,4.4836,3.094090579323692,3.188873872073056,wheat_combined,09_01
872,2025,wheat_spring,3.632098765432098,4.2157,3.0382206699391094,3.188873872073056,wheat_combined,09_01
873,2025,wheat_spring,4.029166666666667,4.6766,3.094090579323692,3.188873872073056,wheat_combined,09_01
874,2025,wheat_spring,5.187123287671233,4.1281,3.0341666460791266,3.087532379303066,wheat_combined,09_01
875,2025,wheat_spring,4.700588235294117,4.4108,3.094090579323692,3.1697707233214745,wheat_combined,09_01
879,2024,wheat_spring,3.631333333333333,3.5151000000000003,3.29244729649532,3.6393926294748677,wheat_combined,09_01
881,2025,wheat_spring,5.271794871794872,3.7499000000000002,3.039906011422978,3.0346023484824407,wheat_combined,09_01
892,2024,wheat_spring,4.039580209895052,3.406,3.5834023539425104,4.11184306893165,wheat_combined,09_01
893,2024,wheat_spring,4.053873873873874,4.072,3.731557608686738,4.288372718680316,wheat_combined,09_01
894,2024,wheat_spring,1.8008695652173914,3.1618,3.5259798058158243,3.9839355547604187,wheat_combined,09_01
897,2025,wheat_spring,2.995285714285714,2.8564,3.002361614925983,3.0635129186184513,wheat_combined,09_01
899,2024,wheat_spring,2.7888,4.0226999999999995,3.6310642369726907,4.185933915423956,wheat_combined,09_01
901,2024,wheat_spring,2.6990946502057613,3.3023000000000002,3.735345406326444,4.289662340712493,wheat_combined,09_01
903,2024,wheat_spring,1.516697247706422,3.9838999999999998,3.790640650094362,4.348987777434328,wheat_combined,09_01
904,2025,wheat_spring,3.295175879396985,2.6063,3.002361614925983,3.03990603512342,wheat_combined,09_01
905,2024,wheat_spring,1.9746413052501508,2.8885,3.132584250516149,3.1167916886677043,wheat_combined,09_01
907,2024,wheat_spring,2.997029702970297,3.7249000000000003,3.7488666463708755,4.293446676487771,wheat_combined,09_01
910,2025,wheat_spring,4.178913043478261,2.7263,3.0341666460791266,3.070925107178231,wheat_combined,09_01
911,2024,wheat_spring,2.995941176470588,3.5978000000000003,3.5458651760615814,4.178480408695683,wheat_combined,09_01
913,2025,wheat_spring,3.618918918918919,2.4645,3.002361614925983,3.062295780525046,wheat_combined,09_01
924,2024,wheat_spring,2.1640963855421687,3.1422,3.6260822122143654,4.24004569212084,wheat_combined,09_01
926,2024,wheat_spring,1.75375,2.5301,3.5088017410804837,4.021628938506949,wheat_combined,09_01
929,2024,wheat_spring,2.677674418604651,2.2085999999999997,3.155015955365867,3.1702593862938824,wheat_combined,09_01
930,2024,wheat_spring,2.8144233758159776,3.4655,3.349079198076182,3.8866521149270516,wheat_combined,09_01
932,2024,wheat_spring,2.464730290456431,2.7098,3.526296906832935,4.0410447607728575,wheat_combined,09_01
933,2024,wheat_spring,1.999285714285714,3.4497,3.231613284356358,3.773877612254647,wheat_combined,09_01
934,2024,wheat_spring,2.183391025495975,2.7744,3.382258371701102,3.973367132777473,wheat_combined,09_01
938,2024,wheat_spring,1.465090909090909,2.7298999999999998,3.55280154348086,4.091115832798302,wheat_combined,09_01
939,2024,wheat_spring,1.9653846153846155,3.0366,3.0504062142820794,2.978904941074898,wheat_combined,09_01
942,2025,wheat_spring,3.838840579710145,2.8759,2.996947870401341,3.0677087770302687,wheat_combined,09_01
943,2025,wheat_spring,2.434117647058824,2.601,2.99919423040974,3.0648146938247174,wheat_combined,09_01
949,2024,wheat_spring,3.1818556701030927,3.8529000000000004,3.7202584297562122,4.231469759998284,wheat_combined,09_01
956,2025,wheat_spring,4.296603773584906,4.2633,3.094090579323692,3.188873872073056,wheat_combined,09_01
957,2024,wheat_spring,4.786470588235295,3.9583,3.5197366593583914,3.7806811011393773,wheat_combined,09_01
963,2025,wheat_spring,4.9848888888888885,3.4046,3.094090579323692,3.188873872073056,wheat_combined,09_01
964,2024,wheat_spring,2.1013333333333333,4.2618,3.68025005695295,3.981796871655618,wheat_combined,09_01
970,2024,wheat_spring,3.0922221304556583,2.2837,3.0882792204319127,3.0319328803024748,wheat_combined,09_01
976,2025,wheat_winter,6.3880952380952385,3.721,3.036983673919433,3.162337536280272,wheat_combined,09_01
977,2025,wheat_spring,3.407058823529412,4.5611,3.0730388161193174,3.188873872073056,wheat_combined,09_01
978,2025,wheat_spring,4.130434782608695,3.335,3.094090579323692,3.188873872073056,wheat_combined,09_01
987,2017,wheat_spring,1.95,2.1065,,,wheat_combined,09_01
987,2019,wheat_winter,4.303,3.7323999999999997,,,wheat_combined,09_01
987,2021,wheat_winter,3.822121594240336,3.0478,2.8169786814127438,2.919739369630509,wheat_combined,09_01
987,2022,wheat_winter,1.7124277155062266,2.0271,2.4645530947041534,2.4777205198559122,wheat_combined,09_01
987,2024,wheat_spring,4.1484308079306675,4.218,3.838272111132288,4.003740932196578,wheat_combined,09_01
993,2025,wheat_spring,2.9006779661016946,4.2728,3.0698714316030746,3.188873872073056,wheat_combined,09_01
994,2025,wheat_spring,3.8666666666666663,1.8043,3.029616026354594,3.13952931834319,wheat_combined,09_01
995,2024,wheat_spring,11.035,2.0245,3.952587700494461,4.335083319890823,wheat_combined,09_01
996,2024,wheat_spring,32.135000000000005,3.8186999999999998,4.286262691439045,4.587665056378898,wheat_combined,09_01
997,2023,wheat_spring,9.982,2.3494,3.2465819126926467,3.2043451019305262,wheat_combined,09_01
1000,2025,wheat_winter,3.4231818181818183,3.2826,3.0372996454312653,3.160039956082572,wheat_combined,09_01
1009,2023,wheat_spring,4.249639634829961,,2.9147770102059565,2.8355067175354547,wheat_combined,09_01
1010,2018,wheat_spring,3.2461342159168125,,,,wheat_combined,09_01
1010,2019,wheat_spring,2.4,,,,wheat_combined,09_01
1010,2021,wheat_spring,4.374850281836803,,2.536565151337403,2.6521264732934586,wheat_combined,09_01
1010,2022,wheat_winter,3.058992622866669,,2.4050474242318303,2.3877146643782514,wheat_combined,09_01
1010,2024,wheat_spring,5.499459792423405,3.9503999999999997,3.449643787994664,3.6617536034216593,wheat_combined,09_01
1011,2019,wheat_winter,2.364,,,,wheat_combined,09_01
1011,2021,wheat_spring,5.109187711755829,,2.6480021164282084,2.736380186706222,wheat_combined,09_01
1011,2023,wheat_spring,5.277372173707908,,3.354452994615526,3.304816457559408,wheat_combined,09_01
1016,2023,wheat_spring,1.9225,,2.8519591141976703,2.7708234055857055,wheat_combined,09_01
1021,2025,wheat_spring,1.7027027027027026,2.1681,3.0339993168740786,3.169050269800259,wheat_combined,09_01
1022,2025,wheat_spring,1.9749685534591197,2.2326,3.037166701390322,3.169050269800259,wheat_combined,09_01
1025,2025,wheat_spring,1.480952380952381,2.8886,3.057638291791817,3.169050269800259,wheat_combined,09_01
1027,2025,wheat_spring,4.96,2.6206,3.029616026354594,3.140216353809775,wheat_combined,09_01
195,2024,sunflower,2.7365853658536587,2.5282,2.639332780634722,2.596406095731725,sunflower,07_01
197,2024,sunflower,3.2877551020408164,2.4313,2.3214667602136565,2.5805447325394044,sunflower,07_01
207,2018,sunflower,3.496,1.7426,,,sunflower,07_01
207,2024,sunflower,3.1045045045045048,2.3039,2.5533195923148257,2.7157480013819724,sunflower,07_01
208,2019,sunflower,2.133,2.4488,,,sunflower,07_01
208,2021,sunflower,2.1216153846153847,2.7356000000000003,2.2884498444719563,2.32800337644881,sunflower,07_01
208,2024,sunflower,2.360615384615385,2.3794,2.620490809766623,2.6143502882960497,sunflower,07_01
209,2018,sunflower,1.7399999999999998,2.1047000000000002,,,sunflower,07_01
209,2021,sunflower,2.265430463576158,2.1295,2.262888031083357,2.2275850207221146,sunflower,07_01
209,2025,sunflower,2.329337748344371,2.6901,2.955769438382222,3.0174363046579464,sunflower,07_01
210,2019,sunflower,1.965,2.1532,,,sunflower,07_01
210,2021,sunflower,1.4783400809716598,2.2004,2.2487752283733236,2.2264359085247816,sunflower,07_01
210,2025,sunflower,3.192550607287449,2.52,3.0143714874602305,3.0396382005180094,sunflower,07_01
211,2019,sunflower,1.868,1.8706,,,sunflower,07_01
211,2021,sunflower,2.1389247311827955,2.3226,2.359057396855353,2.3291517453721937,sunflower,07_01
212,2021,sunflower,3.3983823529411765,2.1821,2.3332585698784545,2.3063584944369104,sunflower,07_01
212,2024,sunflower,1.900882352941176,2.5942,2.7312595812959737,2.6062992354818872,sunflower,07_01
213,2022,sunflower,1.481428571428571,2.8958,2.559198274701921,2.533291675353559,sunflower,07_01
214,2022,sunflower,1.002222222222222,3.2154000000000003,2.559362449652914,2.5331297794627,sunflower,07_01
215,2019,sunflower,1.672,1.6133,,,sunflower,07_01
215,2021,sunflower,2.9865822784810128,2.2252,2.3537419310327077,2.3682685776613255,sunflower,07_01
215,2025,sunflower,3.0739240506329115,2.6576,2.8494192598071457,2.9550210803068895,sunflower,07_01
216,2019,sunflower,1.95,2.4646999999999997,,,sunflower,07_01
216,2021,sunflower,2.925945945945946,2.3702,2.197187341204122,2.136105695969168,sunflower,07_01
216,2025,sunflower,2.986756756756757,2.8066,3.2381332680895403,3.3581745661715083,sunflower,07_01
217,2019,sunflower,1.962,2.1968,,,sunflower,07_01
217,2021,sunflower,2.768578431372549,2.068,2.387185325428205,2.327582300365115,sunflower,07_01
217,2024,sunflower,2.9758823529411766,2.9491,2.6065547228610213,2.6175943217184585,sunflower,07_01
218,2021,sunflower,2.12974358974359,2.1287,2.3497434314149976,2.3192775461584234,sunflower,07_01
219,2019,sunflower,2.273,1.8412,,,sunflower,07_01
219,2021,sunflower,2.818952380952381,1.6074000000000002,2.4445312083947868,2.4167724479306565,sunflower,07_01
219,2023,sunflower,2.802523809523809,1.6792000000000002,2.49249087189417,2.524413310813482,sunflower,07_01
220,2019,sunflower,2.7649999999999997,2.4154,,,sunflower,07_01
220,2021,sunflower,2.0264,2.4085,2.2102103732857996,2.1988027744435152,sunflower,07_01
221,2019,sunflower,1.982,2.2328,,,sunflower,07_01
221,2021,sunflower,1.7475,2.4882999999999997,2.228646252593135,2.1487110535968497,sunflower,07_01
222,2019,sunflower,2.648,2.2677,,,sunflower,07_01
222,2021,sunflower,2.9396774193548385,2.7789,2.340061645916527,2.286370948260804,sunflower,07_01
222,2025,sunflower,2.972258064516129,2.3774,2.995295317832203,3.050514016247587,sunflower,07_01
223,2019,sunflower,2.651,1.9398,,,sunflower,07_01
223,2021,sunflower,2.8625714285714285,1.9952999999999999,2.370982253059837,2.325962535187328,sunflower,07_01
223,2025,sunflower,3.305142857142857,2.3918,3.060463019543911,3.1596533831249713,sunflower,07_01
224,2019,sunflower,3.961,2.8207999999999998,,,sunflower,07_01
224,2021,sunflower,2.0925,2.6346,2.2482941821363274,2.1973994260142193,sunflower,07_01
224,2025,sunflower,3.0742307692307693,2.7087,3.2091039156962236,3.2923601632815167,sunflower,07_01
225,2019,sunflower,3.961,2.7367999999999997,,,sunflower,07_01
225,2021,sunflower,1.85,2.7541,2.2338057914544147,2.2408921320366297,sunflower,07_01
226,2019,sunflower,2.9829999999999997,2.232,,,sunflower,07_01
226,2021,sunflower,2.4555,2.0779,2.3911818675722754,2.310841781456048,sunflower,07_01
226,2025,sunflower,3.0420000000000003,2.7547,3.2544446179412607,3.287879802027917,sunflower,07_01
227,2018,sunflower,2.613,2.2504,,,sunflower,07_01
227,2023,sunflower,2.6015895953757227,1.9678,2.494922089703492,2.508209277981791,sunflower,07_01
228,2017,sunflower,3.34,2.8212,,,sunflower,07_01
228,2024,sunflower,3.052881355932203,2.4486999999999997,2.558671051343668,2.4682424154025915,sunflower,07_01
229,2017,sunflower,3.34,2.4871,,,sunflower,07_01
229,2024,sunflower,3.2544166666666663,2.7904,2.6073846866515398,2.4983163128366415,sunflower,07_01
230,2022,sunflower,3.257219730941704,1.8524999999999998,2.5439080371464127,2.5746156625549594,sunflower,07_01
230,2024,sunflower,3.2521793721973093,2.7013000000000003,2.532342755000511,2.6395541301463186,sunflower,07_01
231,2023,sunflower,2.2995063829787235,1.5364,2.46167559491813,2.4944845161559095,sunflower,07_01
232,2023,sunflower,2.6881993243243243,1.8707,2.4918399741482364,2.575855534810182,sunflower,07_01
234,2024,sunflower,3.295057142857143,2.2541,2.3297238123953004,2.267610918015457,sunflower,07_01
236,2022,sunflower,3.3475,2.0613,2.3498586364260916,2.4045786151921034,sunflower,07_01
236,2025,sunflower,3.0025,2.7558,2.981906871534775,3.114482440822255,sunflower,07_01
237,2022,sunflower,2.515555555555556,2.4829999999999997,2.5132311810242665,2.5418122585424525,sunflower,07_01
237,2025,sunflower,3.3130555555555556,2.7347,3.105789442971699,3.2504515588768443,sunflower,07_01
238,2022,sunflower,2.1222222222222222,1.9304,2.4846225189157733,2.538001214828958,sunflower,07_01
238,2025,sunflower,1.9090277777777775,2.739,2.8999079149156732,3.043786750090451,sunflower,07_01
239,2022,sunflower,1.9928205128205128,2.2291,2.538463668539251,2.558858083549735,sunflower,07_01
239,2025,sunflower,3.095213675213675,2.6518,3.1151638105367305,3.1339038930684766,sunflower,07_01
242,2017,sunflower,2.104,2.4574000000000003,,,sunflower,07_01
242,2024,sunflower,2.8443278688524587,2.8659,2.207022458624206,2.28445426409297,sunflower,07_01
244,2018,sunflower,2.637,2.705,,,sunflower,07_01
244,2025,sunflower,4.282264150943396,2.7214,2.8554345843773983,2.937215656537414,sunflower,07_01
246,2018,sunflower,2.984,2.4847,,,sunflower,07_01
246,2025,sunflower,1.26,2.5364,2.8817258052483625,2.980751994825807,sunflower,07_01
247,2018,sunflower,2.554,2.0140000000000002,,,sunflower,07_01
247,2023,sunflower,2.741453642384106,1.8712,2.534459416435602,2.6049842260833955,sunflower,07_01
248,2024,sunflower,3.441577777777778,3.1921,2.7652702323543,2.698685461284559,sunflower,07_01
249,2018,sunflower,2.024,1.8425,,,sunflower,07_01
250,2018,sunflower,2.024,1.9350999999999998,,,sunflower,07_01
250,2022,sunflower,3.0933333333333333,2.6123000000000003,2.5378094581215653,2.604155841340959,sunflower,07_01
250,2025,sunflower,2.8207352941176467,2.3198,3.163343689693055,3.2146859748492576,sunflower,07_01
251,2023,sunflower,2.78692125984252,1.818,2.5164943420584476,2.5232897136142953,sunflower,07_01
252,2017,sunflower,3.364,2.7582999999999998,,,sunflower,07_01
252,2023,sunflower,2.8884457831325303,1.6582000000000001,2.479498264286495,2.4713223402126685,sunflower,07_01
253,2017,sunflower,2.676,2.4722999999999997,,,sunflower,07_01
253,2023,sunflower,2.599529411764706,1.5845,2.5738190332652295,2.5975980478863825,sunflower,07_01
254,2017,sunflower,2.936,2.8449,,,sunflower,07_01
254,2024,sunflower,3.4018783783783784,3.1237,2.5413986795391295,2.499042273662116,sunflower,07_01
255,2020,sunflower,2.5,2.0157,2.6459650007061026,2.478057382466407,sunflower,07_01
255,2023,sunflower,2.5888660714285714,1.8349,2.5112708589629547,2.4822764906340624,sunflower,07_01
256,2020,sunflower,2.129,2.3165,2.6242601711357314,2.4551255973343222,sunflower,07_01
256,2025,sunflower,3.738928571428571,2.8539000000000003,3.0661770429130577,3.1549490490314285,sunflower,07_01
258,2017,sunflower,1.533,2.9461,,,sunflower,07_01
258,2020,sunflower,1.277,1.8663,2.447407863536789,2.307087773417231,sunflower,07_01
258,2022,sunflower,2.0300786516853933,1.8361999999999998,2.6048384376768903,2.585363024453708,sunflower,07_01
258,2025,sunflower,3.607977528089888,2.3949000000000003,2.892492549942491,2.994759927948322,sunflower,07_01
259,2018,sunflower,1.88,1.907,,,sunflower,07_01
259,2020,sunflower,1.813,1.8488,2.6959243136567728,2.553512829679585,sunflower,07_01
259,2022,sunflower,2.027221288515406,1.6899000000000002,2.647190533758103,2.578525405534453,sunflower,07_01
259,2024,sunflower,2.8320560224089637,2.4544,2.4941925500143936,2.580295481021745,sunflower,07_01
260,2019,sunflower,2.3600000000000003,1.763,,,sunflower,07_01
260,2023,sunflower,1.8446,1.8796,2.6726330715820623,2.6314020056839316,sunflower,07_01
261,2019,sunflower,2.036,2.1521999999999997,,,sunflower,07_01
261,2023,sunflower,2.853857142857143,2.1406,2.531244470548174,2.4919333892690223,sunflower,07_01
262,2018,sunflower,2.362,2.3651,,,sunflower,07_01
262,2020,sunflower,2.065,2.0568,2.4084167876529263,2.3248167753388795,sunflower,07_01
262,2022,sunflower,2.051684210526316,1.9373999999999998,2.6499184970316425,2.5836000216144686,sunflower,07_01
263,2020,sunflower,2.775,1.5856,2.247134796661163,2.1393324971663805,sunflower,07_01
263,2022,sunflower,2.1305,2.4547,2.413632204351462,2.4275479598455827,sunflower,07_01
264,2020,sunflower,2.915,2.3545000000000003,2.2391627240638687,2.135307433321465,sunflower,07_01
264,2022,sunflower,4.337,2.4141,2.4244927556234344,2.424616569786947,sunflower,07_01
265,2020,sunflower,1.7,1.9234000000000002,2.2748574899495866,2.1625438798765804,sunflower,07_01
268,2025,sunflower,1.856,2.7963999999999998,2.6540880877435633,2.7799718328765337,sunflower,07_01
269,2017,sunflower,2.451,2.5317,,,sunflower,07_01
269,2020,sunflower,1.972,2.3946,2.4551566897610817,2.326066977393049,sunflower,07_01
269,2022,sunflower,2.086126126126126,1.8846,2.67461897434796,2.6034221247331604,sunflower,07_01
269,2025,sunflower,3.00081981981982,2.8367,2.8824618225563308,3.011549965584085,sunflower,07_01
270,2019,sunflower,2.207,1.8853000000000002,,,sunflower,07_01
270,2023,sunflower,2.901551724137931,2.0925000000000002,2.6543271230058263,2.5809812551907414,sunflower,07_01
271,2019,sunflower,2.673,1.9754999999999998,,,sunflower,07_01
271,2023,sunflower,2.458762711864407,2.3735,2.5087566457461485,2.528551783334762,sunflower,07_01
272,2017,sunflower,3.082,1.9291,,,sunflower,07_01
272,2019,sunflower,2.665,2.0153,,,sunflower,07_01
272,2021,sunflower,2.22,2.7748,2.215469316813822,2.176380348035896,sunflower,07_01
272,2023,sunflower,1.3512,2.1104,2.50893776516546,2.4276677892329337,sunflower,07_01
273,2018,sunflower,2.804,2.3175999999999997,,,sunflower,07_01
273,2024,sunflower,3.591851851851852,2.933,2.583750150577235,2.5705101453044787,sunflower,07_01
274,2019,sunflower,2.945,1.839,,,sunflower,07_01
274,2024,sunflower,3.090886597938144,2.5133,2.9092553618644397,2.774680786865667,sunflower,07_01
276,2019,sunflower,1.6,2.6101,,,sunflower,07_01
276,2021,sunflower,3.422096774193548,2.4518,2.313861440108124,2.2333624658850906,sunflower,07_01
276,2023,sunflower,2.634193548387097,1.4752,2.7482434134027742,2.7426098289566454,sunflower,07_01
277,2019,sunflower,2.573,2.4469000000000003,,,sunflower,07_01
277,2021,sunflower,3.3421333333333334,2.6092,2.3541715535889822,2.2599345823594814,sunflower,07_01
277,2023,sunflower,2.6744000000000003,1.8454000000000002,2.6761266425689514,2.669795977028575,sunflower,07_01
278,2022,sunflower,2.907608695652174,2.2562,2.6478013667565876,2.6038087904436487,sunflower,07_01
280,2025,sunflower,4.019456521739131,2.7051,2.854110174430769,2.968676868429782,sunflower,07_01
282,2018,sunflower,2.754,2.2294,,,sunflower,07_01
282,2020,sunflower,1.222,1.7777999999999998,2.2600374693448644,2.197389233736702,sunflower,07_01
282,2022,sunflower,1.2691489361702126,2.4841,2.5219249082776773,2.531706805596751,sunflower,07_01
282,2025,sunflower,3.9023404255319143,3.2628,2.9825846125926696,3.1507926044149053,sunflower,07_01
283,2019,sunflower,2.638,2.1627,,,sunflower,07_01
283,2022,sunflower,3.713924050632911,2.2359999999999998,2.5921888068819543,2.601281167411074,sunflower,07_01
283,2025,sunflower,4.0171455696202525,2.7062,2.786202995698524,2.896545713885808,sunflower,07_01
284,2022,sunflower,2.223333333333333,2.1565000000000003,2.2996791336794744,2.3475654431072903,sunflower,07_01
292,2021,sunflower,2.01,2.3254,2.2021442532833846,2.149060527283792,sunflower,07_01
292,2025,sunflower,2.718,2.435,2.780696837728707,2.8339072908117213,sunflower,07_01
293,2021,sunflower,2.3242696629213486,2.4481,2.3379988087449006,2.327223730958677,sunflower,07_01
293,2025,sunflower,3.067640449438202,2.8165,2.8752342043748245,2.9968212773537757,sunflower,07_01
295,2022,sunflower,1.9825241379310343,2.2781,2.6205668258638157,2.6098534005927028,sunflower,07_01
296,2018,sunflower,1.607,2.7159,,,sunflower,07_01
296,2020,sunflower,1.972,1.9132000000000002,2.4597509864780878,2.314944325728967,sunflower,07_01
298,2018,sunflower,1.546,1.8166,,,sunflower,07_01
298,2023,sunflower,2.0416666666666665,1.9611,2.711488175877707,2.720859764211163,sunflower,07_01
299,2019,sunflower,3.3020000000000005,1.5613,,,sunflower,07_01
299,2023,sunflower,3.345622119815668,2.1915,2.6892086941844076,2.735365774683418,sunflower,07_01
300,2023,sunflower,3.5636363636363635,1.9782,2.728809000836323,2.7856658823368354,sunflower,07_01
300,2025,sunflower,3.1365454545454545,2.3777999999999997,3.1244348141028246,3.165201515798742,sunflower,07_01
301,2023,sunflower,2.6101083032490973,1.8818000000000001,2.530433540746163,2.5422533517963926,sunflower,07_01
301,2025,sunflower,2.495162454873646,2.7965,2.8069038198414855,2.847218235753049,sunflower,07_01
302,2019,sunflower,2.592,2.5876,,,sunflower,07_01
302,2022,sunflower,3.147777777777778,2.0321000000000002,2.685190728479683,2.6478426037212026,sunflower,07_01
302,2025,sunflower,2.7764444444444445,2.4812000000000003,3.0755790909583194,3.1283831044921016,sunflower,07_01
303,2022,sunflower,3.539,2.4263000000000003,2.62931507073986,2.6511887430636056,sunflower,07_01
304,2019,sunflower,2.665,2.3467,,,sunflower,07_01
304,2022,sunflower,3.0357142857142856,2.6441,2.5975583766092765,2.570829399228912,sunflower,07_01
304,2025,sunflower,2.1645454545454546,2.399,3.013341074781304,3.1435643904631396,sunflower,07_01
305,2019,sunflower,1.614,1.5191000000000001,,,sunflower,07_01
305,2021,sunflower,3.1040952380952382,2.2552,2.5648402416951557,2.7168199066937935,sunflower,07_01
305,2025,sunflower,2.768857142857143,2.1062000000000003,3.0106660385849175,2.984701696606582,sunflower,07_01
306,2019,sunflower,2.589,1.5057,,,sunflower,07_01
306,2021,sunflower,3.315628415300546,1.9568,2.6255212281434264,2.7798151258528807,sunflower,07_01
307,2023,sunflower,1.6470588235294117,1.8399999999999999,2.6800756379770414,2.6998008061652428,sunflower,07_01
308,2019,sunflower,3.2310000000000003,2.1612,,,sunflower,07_01
308,2021,sunflower,4.128571428571428,2.1478,2.566513587218881,2.599030845386631,sunflower,07_01
308,2025,sunflower,3.56038961038961,2.68,3.3509636084317065,3.310091690596688,sunflower,07_01
309,2019,sunflower,3.0,2.1228000000000002,,,sunflower,07_01
310,2023,sunflower,1.7121212121212122,2.0685,2.533492041323633,2.4486089788141543,sunflower,07_01
311,2023,sunflower,3.220833333333333,2.0643000000000002,2.8854228817893723,2.9420159172393463,sunflower,07_01
312,2022,sunflower,2.5855555555555556,2.7312000000000003,2.4319910801434586,2.4370013922674563,sunflower,07_01
312,2024,sunflower,1.5944444444444443,2.6065,2.327675963467897,2.3476203614576447,sunflower,07_01
313,2018,sunflower,3.085,2.2882000000000002,,,sunflower,07_01
313,2021,sunflower,3.176727272727273,2.8125,2.4957407444055932,2.410753511340659,sunflower,07_01
314,2019,sunflower,3.055,1.9344000000000001,,,sunflower,07_01
314,2025,sunflower,3.19804780876494,2.7247,2.930489505861537,2.9046011776962675,sunflower,07_01
315,2019,sunflower,2.63,2.2794,,,sunflower,07_01
315,2021,sunflower,2.3563157894736846,2.1752,2.6829210682346107,2.684092241525043,sunflower,07_01
316,2019,sunflower,2.306,2.5606,,,sunflower,07_01
317,2019,sunflower,3.2409999999999997,2.0119,,,sunflower,07_01
317,2021,sunflower,2.525058823529412,2.3783000000000003,2.6247672656493424,2.7198539114534688,sunflower,07_01
317,2025,sunflower,3.2478823529411764,2.1742,3.13439525538488,3.15519151798196,sunflower,07_01
318,2021,sunflower,3.1150785340314138,1.7550999999999999,2.5764896344085817,2.6213242339493705,sunflower,07_01
318,2024,sunflower,4.230052356020943,2.3868,2.7828117189780346,2.678536275524297,sunflower,07_01
319,2018,sunflower,2.019607843137255,1.6151,,,sunflower,07_01
319,2021,sunflower,3.2145098039215685,1.8890999999999998,2.551002241280943,2.613653489553487,sunflower,07_01
319,2024,sunflower,2.935882352941176,2.4882,2.768370214038409,2.604238861023929,sunflower,07_01
320,2020,sunflower,2.8920000000000003,2.2736,2.436314900333188,2.477409364608686,sunflower,07_01
320,2024,sunflower,2.272666666666667,1.9903,2.7776045176720183,2.645399487342524,sunflower,07_01
321,2018,sunflower,2.8,2.2609000000000004,,,sunflower,07_01
321,2020,sunflower,3.2039999999999997,2.1744,2.394745194555556,2.4671775279489268,sunflower,07_01
321,2024,sunflower,2.982783505154639,2.7785,2.7664074811112926,2.6558627635189938,sunflower,07_01
322,2019,sunflower,2.364,1.9704000000000002,,,sunflower,07_01
322,2022,sunflower,2.975,2.7659,2.6703499489813347,2.6283176061588476,sunflower,07_01
322,2024,sunflower,2.7725,2.5952,2.6920447298864842,2.5775951330385145,sunflower,07_01
323,2020,sunflower,2.879,2.8456,2.399257846061547,2.4831626374614317,sunflower,07_01
323,2022,sunflower,3.4059090909090908,2.6308,2.6597724729714263,2.6221352599818846,sunflower,07_01
323,2025,sunflower,3.7001298701298704,2.7821000000000002,3.0726817819882624,3.007178069727421,sunflower,07_01
324,2020,sunflower,3.2,1.8914000000000002,2.437944941916203,2.4852332236829415,sunflower,07_01
324,2022,sunflower,3.049259259259259,2.9478999999999997,2.719943346699221,2.6594668241278283,sunflower,07_01
324,2025,sunflower,3.123333333333333,2.3431,2.774460092636931,2.8800895857208078,sunflower,07_01
325,2018,sunflower,2.6666666666666665,1.7390999999999999,,,sunflower,07_01
325,2020,sunflower,3.3920000000000003,1.5196999999999998,2.437702982580614,2.4640415706502075,sunflower,07_01
325,2022,sunflower,2.7255555555555557,2.9293,2.755011773177975,2.6921860050761186,sunflower,07_01
325,2025,sunflower,3.686111111111111,2.2727,3.2202726513340045,3.172293100738245,sunflower,07_01
327,2018,sunflower,2.792079207920792,2.5497,,,sunflower,07_01
327,2020,sunflower,3.277,2.311,2.4734935990377314,2.429664742185433,sunflower,07_01
327,2022,sunflower,3.0487128712871288,2.3335999999999997,2.6381081401071915,2.593075850751965,sunflower,07_01
327,2025,sunflower,2.7849504950495048,2.7929,2.9511410639646636,3.0278844497323716,sunflower,07_01
328,2020,sunflower,1.388,1.6617000000000002,2.336751333970303,2.4123077788277807,sunflower,07_01
328,2023,sunflower,2.764705882352941,2.0331,2.5186828571507607,2.557036489826399,sunflower,07_01
329,2020,sunflower,3.003,1.895,2.5370522350080504,2.4592461549847857,sunflower,07_01
330,2020,sunflower,3.191,2.1986999999999997,2.6137679228111703,2.5795517416012785,sunflower,07_01
331,2020,sunflower,2.396,2.4707,2.350105438967253,2.455055593086017,sunflower,07_01
331,2023,sunflower,3.2357142857142858,1.9111,2.691398200360855,2.781403278352764,sunflower,07_01
331,2025,sunflower,2.805285714285714,2.6515999999999997,2.8756018282794713,2.882898016838217,sunflower,07_01
332,2018,sunflower,2.663793103448276,2.2159,,,sunflower,07_01
332,2020,sunflower,1.876,2.3383,2.4272433987535575,2.4785320642304614,sunflower,07_01
332,2022,sunflower,3.1269827586206898,2.1197,2.634485088953833,2.5838033229261383,sunflower,07_01
332,2025,sunflower,2.7096982758620687,2.1525,2.977433396653155,3.05482976848933,sunflower,07_01
333,2020,sunflower,3.2310000000000003,2.1407,2.5808448722090707,2.621561876570065,sunflower,07_01
333,2022,sunflower,3.009367088607595,2.8998,2.6671353834946667,2.6366962408213492,sunflower,07_01
334,2020,sunflower,2.676,2.0809,2.2704749343840676,2.3894163037531224,sunflower,07_01
334,2022,sunflower,3.3138125,2.3219000000000003,2.6566499359369002,2.580443093274648,sunflower,07_01
334,2024,sunflower,2.83575,2.4604,2.7255030589648155,2.5731672152242027,sunflower,07_01
335,2019,sunflower,1.252,2.1747,,,sunflower,07_01
335,2022,sunflower,3.0462616822429904,2.5538,2.641799916432815,2.592198584436988,sunflower,07_01
335,2024,sunflower,2.60785046728972,2.4528,2.7517807843935564,2.608225614596912,sunflower,07_01
336,2020,sunflower,2.684,2.8279,2.4130274385819197,2.4234023299790657,sunflower,07_01
336,2022,sunflower,3.0290000000000004,2.4145,2.489495390743914,2.5011326519206225,sunflower,07_01
336,2024,sunflower,2.679333333333333,2.4265,2.5897566256238704,2.490157496959314,sunflower,07_01
337,2018,sunflower,3.55,1.8841,,,sunflower,07_01
337,2020,sunflower,2.934,1.9788000000000001,2.44924442846245,2.4695319628502186,sunflower,07_01
337,2022,sunflower,3.2695,2.8881,2.806235174241272,2.704626229733817,sunflower,07_01
338,2018,sunflower,2.9690000000000003,1.8843,,,sunflower,07_01
338,2020,sunflower,3.4130000000000003,2.5102,2.458611907912701,2.5038510290810576,sunflower,07_01
338,2022,sunflower,2.849375,2.7058,2.7628938424929315,2.6437565907106544,sunflower,07_01
338,2025,sunflower,3.5034375,2.9894,2.853817634253736,3.0117437810242094,sunflower,07_01
339,2018,sunflower,1.5833333333333333,1.7043,,,sunflower,07_01
339,2020,sunflower,2.175,1.9404,2.4772714495859227,2.4717691009254903,sunflower,07_01
339,2022,sunflower,3.1950000000000003,1.9122,2.708842740786859,2.6211293886811124,sunflower,07_01
340,2022,sunflower,3.700081967213115,2.6686,2.4989386574452013,2.5305650779017745,sunflower,07_01
340,2024,sunflower,2.295081967213114,2.5004,2.7255580786904865,2.5558724181111434,sunflower,07_01
341,2022,sunflower,2.8089583333333334,2.9271000000000003,2.338871101292795,2.3967012660665774,sunflower,07_01
341,2024,sunflower,1.5833333333333333,2.6928,2.364501013691577,2.316496716987628,sunflower,07_01
342,2022,sunflower,3.7125,2.783,2.440868526483036,2.475651568355559,sunflower,07_01
342,2024,sunflower,2.0454545454545454,2.6686,2.51856593026417,2.4416915841143294,sunflower,07_01
343,2020,sunflower,2.913,2.5792,1.9840711216600522,2.1083644773790433,sunflower,07_01
343,2023,sunflower,2.317142857142857,2.1953,2.292763324587624,2.200723468877882,sunflower,07_01
344,2021,sunflower,1.5743283582089551,2.1807,2.2723052243378135,2.247037661558413,sunflower,07_01
344,2025,sunflower,3.773283582089552,2.6604,2.926842995044213,3.0274922493806544,sunflower,07_01
345,2019,sunflower,2.247,2.0143,,,sunflower,07_01
345,2021,sunflower,2.9759999999999995,2.2895,2.429644297551434,2.4429825847783935,sunflower,07_01
345,2023,sunflower,1.6133333333333333,1.8969999999999998,2.7464178198270424,2.763162028189816,sunflower,07_01
346,2021,sunflower,1.9183783783783783,1.9228,2.3234001220245215,2.2985194947222563,sunflower,07_01
347,2024,sunflower,3.1308,2.4537,2.661901411531782,2.6433934262963077,sunflower,07_01
349,2019,sunflower,1.828,1.9361000000000002,,,sunflower,07_01
349,2021,sunflower,3.348414634146341,2.3996,2.353004112903776,2.328900894978007,sunflower,07_01
349,2024,sunflower,3.0159756097560977,2.8105,2.703869092081254,2.5891773563727822,sunflower,07_01
350,2021,sunflower,2.6869291338582677,2.8007,2.316609667558318,2.3024625540254595,sunflower,07_01
350,2023,sunflower,2.5440944881889767,2.1065,2.4850471913338565,2.5402293420164677,sunflower,07_01
352,2019,sunflower,2.31,1.7068,,,sunflower,07_01
352,2021,sunflower,1.377196261682243,2.6563,2.4286372310646946,2.4381355742441815,sunflower,07_01
352,2025,sunflower,3.5908411214953273,2.5768,3.049070394112133,3.1609453300145205,sunflower,07_01
353,2019,sunflower,1.452,1.4547,,,sunflower,07_01
353,2021,sunflower,2.0749999999999997,2.0385,2.4106864919849893,2.351416382856768,sunflower,07_01
354,2019,sunflower,2.213,2.1403,,,sunflower,07_01
354,2021,sunflower,2.214430379746835,2.1566,2.287041514485722,2.2869790296543253,sunflower,07_01
355,2019,sunflower,2.1870000000000003,2.0968,,,sunflower,07_01
355,2021,sunflower,3.3528571428571428,2.0711,2.3677915076616523,2.2973528138403863,sunflower,07_01
356,2021,sunflower,2.6103448275862067,1.985,2.144513052915326,2.0818862512151237,sunflower,07_01
356,2023,sunflower,2.1677011494252874,1.7352,2.411315468237036,2.419772488479279,sunflower,07_01
356,2025,sunflower,3.081954022988506,2.6418,2.84914090167192,2.9683728613594793,sunflower,07_01
357,2019,sunflower,2.285,2.0507999999999997,,,sunflower,07_01
357,2021,sunflower,3.1505555555555556,2.336,2.332797679374947,2.341787533664476,sunflower,07_01
358,2019,sunflower,2.301,1.5337999999999998,,,sunflower,07_01
358,2021,sunflower,3.2076144578313257,2.4164000000000003,2.415209022591398,2.341451684358625,sunflower,07_01
358,2024,sunflower,3.3918072289156624,2.6963,2.8179453622847705,2.7039674552629065,sunflower,07_01
359,2019,sunflower,2.997,1.4251,,,sunflower,07_01
359,2021,sunflower,2.9375,2.1512000000000002,2.4198471014121843,2.4067832821445245,sunflower,07_01
359,2025,sunflower,3.789473684210526,2.4544,3.1300402065560338,3.205543044796081,sunflower,07_01
360,2019,sunflower,2.414,1.9693999999999998,,,sunflower,07_01
360,2021,sunflower,2.314375,2.2260999999999997,2.3498473446398966,2.367057632674261,sunflower,07_01
360,2023,sunflower,2.17,2.2003,2.8220325471033183,2.808782334758362,sunflower,07_01
361,2021,sunflower,3.424285714285714,2.9539999999999997,2.307408199156756,2.298048409803805,sunflower,07_01
361,2023,sunflower,2.1923809523809523,1.8195000000000001,2.5100209744004163,2.556152618262553,sunflower,07_01
363,2021,sunflower,2.518181818181818,2.2992,2.3153145139909657,2.28955671335976,sunflower,07_01
363,2023,sunflower,2.303896103896104,2.1214,2.4724479948064664,2.4472720158098893,sunflower,07_01
363,2025,sunflower,3.0779220779220777,2.7735,2.8802373875172878,2.9879512663768453,sunflower,07_01
364,2019,sunflower,2.1670000000000003,1.8918,,,sunflower,07_01
364,2021,sunflower,2.8564166666666666,1.937,2.387889484187726,2.362160369018114,sunflower,07_01
364,2024,sunflower,3.2274999999999996,2.2731000000000003,2.7819076827937215,2.682308380716174,sunflower,07_01
365,2019,sunflower,2.897,2.6068000000000002,,,sunflower,07_01
365,2021,sunflower,3.129,2.3059000000000003,2.44345497492371,2.4410326590693723,sunflower,07_01
365,2024,sunflower,3.216666666666667,2.8152999999999997,2.8222340467303866,2.6975989748057843,sunflower,07_01
367,2019,sunflower,1.239,1.7884,,,sunflower,07_01
367,2023,sunflower,2.53,1.9616,2.209685204797729,2.0489666954449617,sunflower,07_01
368,2019,sunflower,2.564,1.7335999999999998,,,sunflower,07_01
368,2022,sunflower,2.8125654450261783,2.2609000000000004,2.5444236216708647,2.5592161248216945,sunflower,07_01
368,2025,sunflower,2.889947643979058,2.367,2.998283173672254,3.1346882178467483,sunflower,07_01
369,2019,sunflower,1.48,1.9311,,,sunflower,07_01
369,2022,sunflower,2.6254794520547944,2.5135,2.5136794250459435,2.5285982489623295,sunflower,07_01
369,2025,sunflower,3.041780821917808,2.7304,3.053962895387647,3.1201152775454704,sunflower,07_01
370,2019,sunflower,1.48,1.9883,,,sunflower,07_01
370,2022,sunflower,3.955384615384616,2.3081,2.315590182339125,2.3846784197737874,sunflower,07_01
371,2019,sunflower,1.923,1.9861999999999997,,,sunflower,07_01
371,2023,sunflower,3.2169230769230768,2.0687,2.617007562087763,2.6840553514346617,sunflower,07_01
372,2019,sunflower,1.476,1.7832999999999999,,,sunflower,07_01
372,2024,sunflower,2.2763106796116506,1.7530000000000001,2.1291144506188635,2.0892767784539785,sunflower,07_01
373,2023,sunflower,2.358311111111111,2.036,2.349545875077502,2.417195392332629,sunflower,07_01
373,2025,sunflower,3.1368888888888886,2.4531,3.121036525102099,3.1309489062294746,sunflower,07_01
374,2019,sunflower,1.236,2.0247,,,sunflower,07_01
374,2023,sunflower,2.3623529411764705,1.9099,2.5258816022919337,2.5320458681204414,sunflower,07_01
375,2019,sunflower,1.154,2.0704000000000002,,,sunflower,07_01
375,2023,sunflower,4.08,1.9577000000000002,2.6773167360998453,2.7614334726163334,sunflower,07_01
376,2019,sunflower,2.48,2.2731000000000003,,,sunflower,07_01
377,2023,sunflower,2.317021276595745,1.8908999999999998,2.5286942221058064,2.5231242848506197,sunflower,07_01
377,2025,sunflower,3.0659574468085107,2.0869,2.8365588788825873,2.888283446224607,sunflower,07_01
378,2024,sunflower,2.6641025641025644,1.9769999999999999,2.611283246477629,2.5157917772719545,sunflower,07_01
379,2023,sunflower,2.7899009900990097,2.1587,2.435250104850803,2.32005019995789,sunflower,07_01
380,2019,sunflower,1.0,2.5905,,,sunflower,07_01
381,2020,sunflower,1.323,2.1247,2.2010515020089327,2.0934018557501766,sunflower,07_01
382,2017,sunflower,1.379,2.3875,,,sunflower,07_01
382,2024,sunflower,3.635968992248062,2.1855,2.7799722723085236,2.694327152795768,sunflower,07_01
384,2020,sunflower,1.206,2.3507000000000002,2.229165950027937,2.271285375500421,sunflower,07_01
384,2022,sunflower,3.752611464968153,2.0918,2.509327009586831,2.5006409056565024,sunflower,07_01
384,2024,sunflower,3.3430573248407645,2.0616,2.5669350259567003,2.564823872574255,sunflower,07_01
386,2018,sunflower,2.634,1.9506000000000001,,,sunflower,07_01
386,2020,sunflower,1.527,2.0643000000000002,2.5833028079599125,2.4185498059114576,sunflower,07_01
386,2022,sunflower,2.417614678899082,2.2489999999999997,2.5866998855572834,2.5083266665675636,sunflower,07_01
386,2025,sunflower,2.9811009174311924,2.7159,3.153955683961814,3.284979268607906,sunflower,07_01
387,2023,sunflower,3.2177999999999995,2.029,2.4848892253323416,2.3774192880918754,sunflower,07_01
388,2024,sunflower,2.803,2.0955,2.5487190137860227,2.56252590157743,sunflower,07_01
389,2022,sunflower,3.275,2.0418,2.317517807731989,2.3734709031947,sunflower,07_01
390,2020,sunflower,1.535,1.7462,2.472438079508686,2.366196086223522,sunflower,07_01
390,2024,sunflower,4.0285714285714285,2.1079999999999997,2.830940104754596,2.7245394565009216,sunflower,07_01
391,2017,sunflower,1.6649999999999998,2.3922999999999996,,,sunflower,07_01
391,2020,sunflower,1.25,1.6007000000000002,1.8056367145458578,2.0122358731433962,sunflower,07_01
391,2022,sunflower,2.940625,2.794,2.3650677949382657,2.416027272515073,sunflower,07_01
391,2025,sunflower,4.1,2.853,3.0249165073336632,3.0674001901925525,sunflower,07_01
392,2017,sunflower,1.012,2.196,,,sunflower,07_01
392,2020,sunflower,1.221,2.0291,1.8899708691907935,2.0312969248887955,sunflower,07_01
392,2022,sunflower,2.7394594594594595,2.3845,2.51302782385323,2.510723030166901,sunflower,07_01
392,2025,sunflower,3.5,2.7789,3.1725598784082534,3.3397104574598466,sunflower,07_01
393,2018,sunflower,1.746,2.3189,,,sunflower,07_01
393,2020,sunflower,1.449,1.5506,2.4299513265745585,2.326004757008423,sunflower,07_01
393,2022,sunflower,2.6043356643356645,2.3441,2.5841567116222293,2.591283023114807,sunflower,07_01
393,2024,sunflower,3.0976223776223777,2.2906,2.6239070019255064,2.6006283375780868,sunflower,07_01
394,2018,sunflower,1.934,1.7594,,,sunflower,07_01
395,2020,sunflower,1.538,2.6166,2.3373481191761436,2.2129346684615325,sunflower,07_01
395,2022,sunflower,2.9053125,2.476,2.5148461623675997,2.523249763601796,sunflower,07_01
395,2023,sunflower,2.4253125,1.8902999999999999,2.322469640259414,2.239626175083468,sunflower,07_01
396,2017,sunflower,1.161,2.1296,,,sunflower,07_01
396,2022,sunflower,1.276969696969697,2.0269,2.4568559817771143,2.4979440873836585,sunflower,07_01
396,2025,sunflower,3.272727272727273,2.6692,3.046798875742065,3.1474192544303343,sunflower,07_01
397,2022,sunflower,2.837948717948718,2.6829,2.5643941182037073,2.494600745280327,sunflower,07_01
398,2020,sunflower,1.1,2.0751,2.1913220324417946,2.115880206595888,sunflower,07_01
401,2020,sunflower,1.333,1.7359000000000002,2.1598975306604467,2.0571071764279054,sunflower,07_01
402,2020,sunflower,1.804,1.9547999999999999,2.2856694511489755,2.239576772345956,sunflower,07_01
402,2024,sunflower,3.758888888888889,1.9547,2.515004508804224,2.4927465090315004,sunflower,07_01
403,2020,sunflower,1.7920000000000005,2.1242,2.4164764916653323,2.209109011940257,sunflower,07_01
403,2024,sunflower,3.8331764705882354,2.5735,2.6144421051572255,2.610605115717369,sunflower,07_01
405,2018,sunflower,2.286,1.7449000000000001,,,sunflower,07_01
405,2020,sunflower,2.255,1.5474,2.6430043317940277,2.4626185732009973,sunflower,07_01
406,2018,sunflower,1.255,1.8395,,,sunflower,07_01
406,2023,sunflower,2.5669565217391304,2.0936,2.557931025424501,2.496198148689665,sunflower,07_01
407,2024,sunflower,2.7555555555555555,2.3344,2.465788896451118,2.4853051851497594,sunflower,07_01
408,2022,sunflower,2.6842105263157894,2.1124,2.55763500883311,2.5277518179799365,sunflower,07_01
408,2025,sunflower,3.5336842105263155,2.8543,2.937995827038092,3.038834906632211,sunflower,07_01
409,2022,sunflower,2.6706976744186046,2.2296,2.540408277151988,2.5440159004069174,sunflower,07_01
409,2025,sunflower,2.956279069767442,2.6191,2.8678569068406055,3.036703406714348,sunflower,07_01
410,2022,sunflower,2.7344,1.8817,2.4459570293042256,2.4711842380297044,sunflower,07_01
410,2025,sunflower,3.5672,2.1218,2.813291341208663,2.9727994494472516,sunflower,07_01
411,2020,sunflower,1.049,1.8994,2.2958858462152647,2.2880331133350715,sunflower,07_01
411,2022,sunflower,2.2978571428571426,2.5156,2.5217550952049566,2.5399784875981424,sunflower,07_01
411,2025,sunflower,2.8207142857142857,2.0877,2.9184885057623116,3.031515150640549,sunflower,07_01
412,2020,sunflower,2.364,1.8537,2.6371578305250365,2.4613000819229574,sunflower,07_01
412,2024,sunflower,4.356727272727273,2.4562999999999997,2.5875443632794553,2.632203431465735,sunflower,07_01
414,2017,sunflower,1.836,2.1871,,,sunflower,07_01
414,2020,sunflower,1.526,2.0054,2.5969340417291074,2.4334808455172148,sunflower,07_01
414,2022,sunflower,3.1470344827586207,2.2801,2.5528571135532743,2.5407807250367713,sunflower,07_01
415,2023,sunflower,3.02875,2.0213,2.375507968165766,2.2673447690563755,sunflower,07_01
416,2018,sunflower,1.904,2.2229,,,sunflower,07_01
416,2020,sunflower,1.49,2.0484,2.2540822473596034,2.134245771535809,sunflower,07_01
416,2022,sunflower,2.5617843866171004,2.3737,2.5808900993876374,2.5375677615647243,sunflower,07_01
416,2024,sunflower,3.1127881040892196,2.1368,2.2770579530526143,2.2576345397825412,sunflower,07_01
418,2020,sunflower,1.934,2.2105,2.2669498349063475,2.1407775216736384,sunflower,07_01
418,2022,sunflower,2.713777777777778,2.3874,2.524945619660152,2.5230324770416965,sunflower,07_01
419,2024,sunflower,3.5854545454545454,2.1188,2.439179719987157,2.515135614848976,sunflower,07_01
421,2018,sunflower,2.585,1.966,,,sunflower,07_01
421,2025,sunflower,3.390980392156863,2.9965,2.983189636793393,3.044632791516209,sunflower,07_01
422,2019,sunflower,2.372,2.6658,,,sunflower,07_01
422,2021,sunflower,1.7980821917808218,2.2353,2.1645568170167766,2.0980105190490006,sunflower,07_01
422,2025,sunflower,3.063150684931507,2.4702,3.0224477001937777,3.182724953559394,sunflower,07_01
423,2019,sunflower,2.085,2.8163,,,sunflower,07_01
423,2021,sunflower,3.1824719101123597,2.2318000000000002,2.2790336586070414,2.235214268076429,sunflower,07_01
423,2025,sunflower,3.147415730337079,2.467,3.0040893449897195,3.1024271691003964,sunflower,07_01
424,2020,sunflower,1.642,2.0331,2.4342816615209815,2.389582985171959,sunflower,07_01
424,2024,sunflower,4.023725490196078,2.4811,2.489679412354047,2.5374557729556315,sunflower,07_01
425,2018,sunflower,1.825,2.3928000000000003,,,sunflower,07_01
425,2020,sunflower,1.994,2.6343,2.527580460293621,2.4042590583982,sunflower,07_01
425,2022,sunflower,2.363010752688172,1.7486000000000002,2.527798172494737,2.5434842340800423,sunflower,07_01
425,2025,sunflower,3.2565591397849465,2.5533,3.2569104377274787,3.3186431463804684,sunflower,07_01
426,2019,sunflower,1.358,1.7434999999999998,,,sunflower,07_01
426,2022,sunflower,2.529830508474576,2.2122,2.4482166299848345,2.5035267109096906,sunflower,07_01
426,2025,sunflower,2.6094915254237288,2.4678,2.963216977643287,3.0757769776563513,sunflower,07_01
427,2019,sunflower,3.082,1.7352,,,sunflower,07_01
428,2017,sunflower,2.122,2.2851,,,sunflower,07_01
428,2019,sunflower,2.429,1.6663000000000001,,,sunflower,07_01
428,2021,sunflower,1.9822442244224423,2.5509,2.261184024099323,2.2454556912784236,sunflower,07_01
428,2023,sunflower,2.932343234323432,1.7037,2.6085952283509735,2.58509927667859,sunflower,07_01
429,2022,sunflower,3.0915909090909093,2.7872,2.2805118112854323,2.322050368782857,sunflower,07_01
429,2024,sunflower,2.159090909090909,2.6657,2.4665273422114313,2.4235581525088437,sunflower,07_01
431,2023,sunflower,2.6,2.7424,2.6397051230504167,2.681028545578808,sunflower,07_01
432,2025,sunflower,2.9768181818181816,2.4935,2.988926069172008,3.0853923892027098,sunflower,07_01
435,2023,sunflower,1.3273493975903614,1.7719,2.48486775540101,2.454970893620943,sunflower,07_01
438,2021,sunflower,4.436875,1.7943000000000002,2.329085710609509,2.3171799223671385,sunflower,07_01
439,2021,sunflower,2.128888888888889,1.8805,2.3146942544343467,2.2633124917937533,sunflower,07_01
440,2021,sunflower,2.468322580645161,1.8274000000000001,2.3863592001740948,2.3871325147463396,sunflower,07_01
440,2023,sunflower,2.905483870967742,1.611,2.479772865367983,2.496327602633773,sunflower,07_01
441,2020,sunflower,3.7,2.4077,2.5164969373688706,2.5027838105300617,sunflower,07_01
443,2021,sunflower,2.47,1.879,2.3327425287420924,2.298597536699904,sunflower,07_01
444,2023,sunflower,3.0,2.4749,2.6715477970519306,2.711353964330346,sunflower,07_01
457,2023,sunflower,1.4166666666666667,1.4905,2.321315261931068,2.3037192356448246,sunflower,07_01
514,2024,sunflower,3.17,2.5572,2.6526771552396577,2.509937333756583,sunflower,07_01
632,2023,sunflower,1.823095238095238,2.7302,2.67854475831124,2.648997884945506,sunflower,07_01
636,2024,sunflower,4.390175438596492,2.1532,2.4723040845666566,2.461181094897701,sunflower,07_01
663,2025,sunflower,1.2317037037037035,2.3012,2.4553385017158957,2.539045674696791,sunflower,07_01
669,2025,sunflower,1.069056603773585,1.8712,2.577763955147571,2.703771291669429,sunflower,07_01
672,2023,sunflower,1.3009146341463411,2.0212,2.571517570956954,2.580125083483404,sunflower,07_01
685,2025,sunflower,1.0700578034682082,1.6941,2.6439758894005667,2.795679787567413,sunflower,07_01
715,2023,sunflower,1.8202684563758391,2.1376,2.630651384408828,2.7006932012995746,sunflower,07_01
716,2024,sunflower,2.867857142857143,1.8161999999999998,2.3668781083370964,2.427657384555005,sunflower,07_01
717,2023,sunflower,2.361842105263158,2.5021999999999998,2.633817842894536,2.6771290605953895,sunflower,07_01
718,2024,sunflower,3.907924528301887,1.8817,2.2883544815585055,2.391281018327728,sunflower,07_01
719,2023,sunflower,2.43,2.0418,2.702796746936451,2.822780315775805,sunflower,07_01
722,2023,sunflower,2.345357142857143,1.9213,2.5195027782908754,2.6036240372624175,sunflower,07_01
737,2024,sunflower,1.308345864661654,2.4523,2.394405230555528,2.4624345695612617,sunflower,07_01
744,2025,sunflower,2.1576068376068376,1.8949000000000003,2.7495249355447937,2.8970236587748763,sunflower,07_01
746,2025,sunflower,1.7198443579766538,1.6759,2.1202900030019873,2.1543014200835358,sunflower,07_01
750,2025,sunflower,2.2961702127659573,2.4215,2.471192644263605,2.435117681678947,sunflower,07_01
777,2025,sunflower,1.4268944099378882,2.3481,2.5388934237636587,2.68462910306372,sunflower,07_01
783,2023,sunflower,1.823229166666667,2.045,2.537789900203184,2.5324854901124536,sunflower,07_01
784,2025,sunflower,1.1116867469879517,1.8733,2.3662470909809272,2.4881513021774753,sunflower,07_01
785,2023,sunflower,1.838187134502924,1.9929999999999999,2.674876941429952,2.7625938736491333,sunflower,07_01
790,2023,sunflower,1.8870833333333332,2.0284,2.6548565072080343,2.710023698260489,sunflower,07_01
791,2023,sunflower,1.8553846153846152,2.1163,2.637187097225251,2.6704401828028,sunflower,07_01
792,2024,sunflower,2.9635,2.0599,2.2481565771608696,2.2972895781824167,sunflower,07_01
798,2024,sunflower,2.709230769230769,2.3922,2.3619018815172947,2.4725080726214186,sunflower,07_01
802,2023,sunflower,2.345833333333333,1.3189,2.7476987487934936,2.8238980154258355,sunflower,07_01
808,2025,sunflower,1.5668341708542717,2.0599,2.5974324705531213,2.6233902816039487,sunflower,07_01
810,2025,sunflower,1.1449122807017544,1.472,2.292200130574108,2.3427596837887483,sunflower,07_01
812,2025,sunflower,1.098,1.5827,2.286457412955845,2.355889974659713,sunflower,07_01
820,2023,sunflower,2.425,2.1428000000000003,2.6440539085832357,2.708617021441483,sunflower,07_01
871,2024,sunflower,2.369950248756219,2.5351,2.5380297329458523,2.5043326930247845,sunflower,07_01
873,2024,sunflower,2.595625,2.6365,2.527317416280353,2.5276630040983035,sunflower,07_01
881,2024,sunflower,3.596666666666667,1.8064,2.7325116639436784,2.5931782819312765,sunflower,07_01
912,2024,sunflower,1.9044579913139392,2.4225000000000003,2.3064889350513273,2.430835955829584,sunflower,07_01
931,2024,sunflower,1.9646666666666663,2.6487,2.3292494565932076,2.394989897723679,sunflower,07_01
941,2024,sunflower,1.6503937007874014,3.0867,2.024210115580845,2.108831070442182,sunflower,07_01
942,2024,sunflower,1.1679227053140095,2.5727,2.1224089683843355,2.2068046119031326,sunflower,07_01
951,2024,sunflower,4.6412,2.3813,2.4223899090643064,2.4602767378482384,sunflower,07_01
979,2025,sunflower,1.991325301204819,2.8396,3.008170127125662,3.1912050738653726,sunflower,07_01
987,2023,sunflower,2.506143805156854,1.7828,2.462014032473323,2.5369389635938173,sunflower,07_01
1007,2025,sunflower,1.0706666666666669,2.081,2.4481117408401034,2.634792077419562,sunflower,07_01
1009,2020,sunflower,3.3920000000000003,,2.240877259129423,2.3625432314058803,sunflower,07_01
1010,2020,sunflower,2.396,,2.2185240991049753,2.3055074867514787,sunflower,07_01
1010,2023,sunflower,4.429213252440712,,2.757890033709574,2.871989470854181,sunflower,07_01
1011,2020,sunflower,2.676,,2.2096174264797575,2.2997048720954583,sunflower,07_01
1011,2022,sunflower,5.391359345321137,,2.6354529263467983,2.591001911033782,sunflower,07_01
1011,2024,sunflower,4.613582471396439,1.8206,2.7442579386111317,2.5841627559697753,sunflower,07_01
195,2024,sunflower,2.7365853658536587,3.1813,2.8257625546921843,2.867247237320747,sunflower,08_01
197,2024,sunflower,3.2877551020408164,3.3829000000000002,2.5820783048919758,2.6476729333177724,sunflower,08_01
207,2018,sunflower,3.496,2.3009,,,sunflower,08_01
207,2024,sunflower,3.1045045045045048,2.8787,2.7954825436385287,2.9510145832991794,sunflower,08_01
208,2019,sunflower,2.133,2.165,,,sunflower,08_01
208,2021,sunflower,2.1216153846153847,2.502,2.397260930454177,2.435143408793347,sunflower,08_01
208,2024,sunflower,2.360615384615385,2.2707,2.693115524008959,2.6535962721604185,sunflower,08_01
209,2018,sunflower,1.7399999999999998,2.4931,,,sunflower,08_01
209,2021,sunflower,2.265430463576158,2.5276,2.3610943618717912,2.334074658840938,sunflower,08_01
209,2025,sunflower,2.329337748344371,3.5131,2.8569150756287893,2.752783252540017,sunflower,08_01
210,2019,sunflower,1.965,2.4427,,,sunflower,08_01
210,2021,sunflower,1.4783400809716598,2.5705,2.3578527831035925,2.354746361041894,sunflower,08_01
210,2025,sunflower,3.192550607287449,2.3675,2.8172915768478046,2.702384641892735,sunflower,08_01
211,2019,sunflower,1.868,2.7584,,,sunflower,08_01
211,2021,sunflower,2.1389247311827955,3.1853000000000002,2.3921315046762643,2.3701355157931463,sunflower,08_01
212,2021,sunflower,3.3983823529411765,2.7846,2.4162598099823986,2.3656360299231767,sunflower,08_01
212,2024,sunflower,1.900882352941176,2.9494,2.7875002384351943,2.8319114541861703,sunflower,08_01
213,2022,sunflower,1.481428571428571,2.5688,2.6095624529389303,2.588399349118524,sunflower,08_01
214,2022,sunflower,1.002222222222222,2.6556,2.6132343880562314,2.5797848263278365,sunflower,08_01
215,2019,sunflower,1.672,1.8390999999999997,,,sunflower,08_01
215,2021,sunflower,2.9865822784810128,2.614,2.3756261947281176,2.354495146783821,sunflower,08_01
215,2025,sunflower,3.0739240506329115,2.7828,2.782959307914733,2.6757284565251367,sunflower,08_01
216,2019,sunflower,1.95,2.5018000000000002,,,sunflower,08_01
216,2021,sunflower,2.925945945945946,2.6715,2.2841348387115596,2.302126504458022,sunflower,08_01
216,2025,sunflower,2.986756756756757,3.2991,3.069907028134871,3.0035919249506184,sunflower,08_01
217,2019,sunflower,1.962,2.0462,,,sunflower,08_01
217,2021,sunflower,2.768578431372549,2.475,2.4018036034249777,2.3990244512404217,sunflower,08_01
217,2024,sunflower,2.9758823529411766,3.1949,2.6673126592962206,2.642705695108656,sunflower,08_01
218,2021,sunflower,2.12974358974359,2.0886,2.3864494552246893,2.429473917979833,sunflower,08_01
219,2019,sunflower,2.273,1.9478000000000002,,,sunflower,08_01
219,2021,sunflower,2.818952380952381,2.8047999999999997,2.439730390818306,2.4024561061857246,sunflower,08_01
219,2023,sunflower,2.802523809523809,2.0565,2.64614862110718,2.6480828660876736,sunflower,08_01
220,2019,sunflower,2.7649999999999997,2.2225,,,sunflower,08_01
220,2021,sunflower,2.0264,2.8005,2.3560365072819316,2.3934903990783254,sunflower,08_01
221,2019,sunflower,1.982,2.5364,,,sunflower,08_01
221,2021,sunflower,1.7475,2.5108,2.2907001431828555,2.3218492088646188,sunflower,08_01
222,2019,sunflower,2.648,2.1036,,,sunflower,08_01
222,2021,sunflower,2.9396774193548385,2.2580999999999998,2.359991702150277,2.389809913430022,sunflower,08_01
222,2025,sunflower,2.972258064516129,2.5026,2.9571694234034256,2.905181239332056,sunflower,08_01
223,2019,sunflower,2.651,2.1350000000000002,,,sunflower,08_01
223,2021,sunflower,2.8625714285714285,2.4306,2.435945505014973,2.392485518080555,sunflower,08_01
223,2025,sunflower,3.305142857142857,2.1723,3.002360654856088,2.9431148602535253,sunflower,08_01
224,2019,sunflower,3.961,2.4126000000000003,,,sunflower,08_01
224,2021,sunflower,2.0925,2.4053999999999998,2.3677304300927626,2.3763118889313297,sunflower,08_01
224,2025,sunflower,3.0742307692307693,2.718,3.044955176909527,3.037936890796109,sunflower,08_01
225,2019,sunflower,3.961,2.8852,,,sunflower,08_01
225,2021,sunflower,1.85,2.4835000000000003,2.2557542294964907,2.2217308549116295,sunflower,08_01
226,2019,sunflower,2.9829999999999997,2.3326000000000002,,,sunflower,08_01
226,2021,sunflower,2.4555,2.5431,2.3748589916244445,2.3412399370305765,sunflower,08_01
226,2025,sunflower,3.0420000000000003,2.9094,3.0621563186526295,2.993929673413173,sunflower,08_01
227,2018,sunflower,2.613,2.0135,,,sunflower,08_01
227,2023,sunflower,2.6015895953757227,2.3906,2.672907270018087,2.7083173924515194,sunflower,08_01
228,2017,sunflower,3.34,2.7721,,,sunflower,08_01
228,2024,sunflower,3.052881355932203,2.9244,2.572836411306638,2.567451630270642,sunflower,08_01
229,2017,sunflower,3.34,2.2839,,,sunflower,08_01
229,2024,sunflower,3.2544166666666663,2.2287,2.4487567411138604,2.379592328103985,sunflower,08_01
230,2022,sunflower,3.257219730941704,2.4592,2.559739467870085,2.5885178145931627,sunflower,08_01
230,2024,sunflower,3.2521793721973093,3.1405000000000003,2.6627951246070274,2.8035109289652542,sunflower,08_01
231,2023,sunflower,2.2995063829787235,1.7591999999999999,2.332173221826137,2.4155566568463303,sunflower,08_01
232,2023,sunflower,2.6881993243243243,2.0155000000000003,2.569360726630123,2.6556407987928465,sunflower,08_01
234,2024,sunflower,3.295057142857143,2.7715,2.171551858102922,2.099959437249929,sunflower,08_01
236,2022,sunflower,3.3475,2.7079,2.482638133519284,2.5505053055020914,sunflower,08_01
236,2025,sunflower,3.0025,2.7818,2.8578984564083347,2.773789507555552,sunflower,08_01
237,2022,sunflower,2.515555555555556,2.3135000000000003,2.576606028843419,2.5651155473493588,sunflower,08_01
237,2025,sunflower,3.3130555555555556,2.5092,3.013490746973293,2.9781230625578785,sunflower,08_01
238,2022,sunflower,2.1222222222222222,2.9125,2.5570316655064627,2.608943044755006,sunflower,08_01
238,2025,sunflower,1.9090277777777775,2.747,2.9156765278387446,2.806387611107398,sunflower,08_01
239,2022,sunflower,1.9928205128205128,2.8905000000000003,2.5211990602373087,2.5457262712631117,sunflower,08_01
239,2025,sunflower,3.095213675213675,2.3272,2.953266943519069,2.9021907901857458,sunflower,08_01
242,2017,sunflower,2.104,2.9555,,,sunflower,08_01
242,2024,sunflower,2.8443278688524587,2.7931999999999997,2.0832639878536114,1.9970079277832444,sunflower,08_01
244,2018,sunflower,2.637,2.3053,,,sunflower,08_01
244,2025,sunflower,4.282264150943396,2.8931,2.684687583480135,2.557747411142988,sunflower,08_01
246,2018,sunflower,2.984,2.9079,,,sunflower,08_01
246,2025,sunflower,1.26,2.8019,2.96887509506471,2.8867462238144164,sunflower,08_01
247,2018,sunflower,2.554,2.2167000000000003,,,sunflower,08_01
247,2023,sunflower,2.741453642384106,1.9655999999999998,2.6346080960505196,2.7282544651855893,sunflower,08_01
248,2024,sunflower,3.441577777777778,3.0343,2.8325759623851723,2.745613918723211,sunflower,08_01
249,2018,sunflower,2.024,2.0991,,,sunflower,08_01
250,2018,sunflower,2.024,1.8995000000000002,,,sunflower,08_01
250,2022,sunflower,3.0933333333333333,2.6524,2.562219497962415,2.562114793776084,sunflower,08_01
250,2025,sunflower,2.8207352941176467,2.567,3.050706423108484,3.075184887919324,sunflower,08_01
251,2023,sunflower,2.78692125984252,1.7517,2.557581270930342,2.521580762411714,sunflower,08_01
252,2017,sunflower,3.364,2.7283,,,sunflower,08_01
252,2023,sunflower,2.8884457831325303,1.9012,2.7801854722864703,2.602774242984505,sunflower,08_01
253,2017,sunflower,2.676,2.8157,,,sunflower,08_01
253,2023,sunflower,2.599529411764706,2.4023,2.763346505114677,2.6536409140751003,sunflower,08_01
254,2017,sunflower,2.936,3.3844000000000003,,,sunflower,08_01
254,2024,sunflower,3.4018783783783784,3.0905,2.6196703135162496,2.631620720392777,sunflower,08_01
255,2020,sunflower,2.5,1.7849,2.2722833313955495,2.234098676041441,sunflower,08_01
255,2023,sunflower,2.5888660714285714,1.7846,2.6730416850880547,2.503262636479582,sunflower,08_01
256,2020,sunflower,2.129,1.8350000000000002,2.1764788319945554,2.183121243757985,sunflower,08_01
256,2025,sunflower,3.738928571428571,2.6791,3.320921005673485,3.4229104097619025,sunflower,08_01
258,2017,sunflower,1.533,2.8879,,,sunflower,08_01
258,2020,sunflower,1.277,2.0997,2.2275614160858717,2.169106730522851,sunflower,08_01
258,2022,sunflower,2.0300786516853933,2.3971,2.6064728953616476,2.5851113295499317,sunflower,08_01
258,2025,sunflower,3.607977528089888,2.8251,2.946617820922835,2.891341252608585,sunflower,08_01
259,2018,sunflower,1.88,2.3565,,,sunflower,08_01
259,2020,sunflower,1.813,1.828,2.3622028388011036,2.3491597055577813,sunflower,08_01
259,2022,sunflower,2.027221288515406,1.9411,2.583309560180369,2.556300235665854,sunflower,08_01
259,2024,sunflower,2.8320560224089637,2.8565,2.604742477849336,2.5950499607317346,sunflower,08_01
260,2019,sunflower,2.3600000000000003,2.131,,,sunflower,08_01
260,2023,sunflower,1.8446,1.6824999999999999,2.84857418585511,2.6917420325591275,sunflower,08_01
261,2019,sunflower,2.036,2.1744,,,sunflower,08_01
261,2023,sunflower,2.853857142857143,1.7447,2.678865547894069,2.6287335850384057,sunflower,08_01
262,2018,sunflower,2.362,2.5385,,,sunflower,08_01
262,2020,sunflower,2.065,1.9881,2.186365579846218,2.1523816708569585,sunflower,08_01
262,2022,sunflower,2.051684210526316,2.0908,2.5578816510251503,2.571536024841647,sunflower,08_01
263,2020,sunflower,2.775,1.6735,2.0277563635983977,2.093587833257172,sunflower,08_01
263,2022,sunflower,2.1305,2.2052,2.5663102815963987,2.533905661982109,sunflower,08_01
264,2020,sunflower,2.915,2.1106000000000003,2.0776274841423965,2.0904757695599403,sunflower,08_01
264,2022,sunflower,4.337,2.2992999999999997,2.5909802358745595,2.5367128463069126,sunflower,08_01
265,2020,sunflower,1.7,2.538,2.175678191638391,2.1622774653008245,sunflower,08_01
268,2025,sunflower,1.856,2.621,2.6135455322510555,2.466637252168297,sunflower,08_01
269,2017,sunflower,2.451,3.2578000000000005,,,sunflower,08_01
269,2020,sunflower,1.972,1.9777999999999998,2.224795040444988,2.1841027337497283,sunflower,08_01
269,2022,sunflower,2.086126126126126,2.4829999999999997,2.5932209096301078,2.6065331065575674,sunflower,08_01
269,2025,sunflower,3.00081981981982,3.2369,2.9805618113113983,2.925035954774967,sunflower,08_01
270,2019,sunflower,2.207,1.8076,,,sunflower,08_01
270,2023,sunflower,2.901551724137931,1.72,2.675575828840143,2.518241594135864,sunflower,08_01
271,2019,sunflower,2.673,1.9045999999999998,,,sunflower,08_01
271,2023,sunflower,2.458762711864407,1.6120999999999999,2.426954657255867,2.3840417891493377,sunflower,08_01
272,2017,sunflower,3.082,2.6418,,,sunflower,08_01
272,2019,sunflower,2.665,1.9685,,,sunflower,08_01
272,2021,sunflower,2.22,2.2183,2.3109085550999358,2.2939356003437408,sunflower,08_01
272,2023,sunflower,1.3512,1.6882000000000001,2.494921402432701,2.4767043755999407,sunflower,08_01
273,2018,sunflower,2.804,2.6668,,,sunflower,08_01
273,2024,sunflower,3.591851851851852,3.1408,2.776393244114735,2.7727903321119634,sunflower,08_01
274,2019,sunflower,2.945,2.1443000000000003,,,sunflower,08_01
274,2024,sunflower,3.090886597938144,3.2063,2.8729815971827777,2.902192936495712,sunflower,08_01
276,2019,sunflower,1.6,2.8466,,,sunflower,08_01
276,2021,sunflower,3.422096774193548,2.5587,2.369338645132378,2.3612392890420435,sunflower,08_01
276,2023,sunflower,2.634193548387097,2.1459,2.8366881562166233,2.671566818604829,sunflower,08_01
277,2019,sunflower,2.573,2.9033,,,sunflower,08_01
277,2021,sunflower,3.3421333333333334,2.5161000000000002,2.406277408402129,2.361055203847223,sunflower,08_01
277,2023,sunflower,2.6744000000000003,1.9509,2.7591752338515416,2.6211039346078464,sunflower,08_01
278,2022,sunflower,2.907608695652174,2.1463,2.6290722453069137,2.6477495117394425,sunflower,08_01
280,2025,sunflower,4.019456521739131,2.816,2.8531490651037985,2.718071735212357,sunflower,08_01
282,2018,sunflower,2.754,2.5024,,,sunflower,08_01
282,2020,sunflower,1.222,1.5104,2.117528951307597,2.101888258654144,sunflower,08_01
282,2022,sunflower,1.2691489361702126,2.2469,2.5534247311819334,2.5624514568179606,sunflower,08_01
282,2025,sunflower,3.9023404255319143,2.9577,3.03330637576713,2.971900581514716,sunflower,08_01
283,2019,sunflower,2.638,2.2704,,,sunflower,08_01
283,2022,sunflower,3.713924050632911,2.2559,2.5062550841564657,2.5241532235442365,sunflower,08_01
283,2025,sunflower,4.0171455696202525,2.7298999999999998,2.9425567635283993,2.876182568981806,sunflower,08_01
284,2022,sunflower,2.223333333333333,2.1607,2.1777925737300294,2.1792086082872837,sunflower,08_01
292,2021,sunflower,2.01,2.8632,2.325827714832385,2.323803143850671,sunflower,08_01
292,2025,sunflower,2.718,2.1951,2.650082269561518,2.513088329783983,sunflower,08_01
293,2021,sunflower,2.3242696629213486,2.5933,2.3894592670278807,2.40422749337025,sunflower,08_01
293,2025,sunflower,3.067640449438202,2.739,2.855335523753732,2.7583978277132326,sunflower,08_01
295,2022,sunflower,1.9825241379310343,2.1238,2.5578405298608624,2.574038929685055,sunflower,08_01
296,2018,sunflower,1.607,2.391,,,sunflower,08_01
296,2020,sunflower,1.972,1.7032,2.1579761185472845,2.1340075750874448,sunflower,08_01
298,2018,sunflower,1.546,2.2565999999999997,,,sunflower,08_01
298,2023,sunflower,2.0416666666666665,1.8511,2.870284172095684,2.686493349261973,sunflower,08_01
299,2019,sunflower,3.3020000000000005,2.4279,,,sunflower,08_01
299,2023,sunflower,3.345622119815668,2.0437000000000003,3.0017342677687444,2.778455354378058,sunflower,08_01
300,2023,sunflower,3.5636363636363635,1.9315000000000002,3.0888553492879445,2.8311382724429577,sunflower,08_01
300,2025,sunflower,3.1365454545454545,2.5847,3.0477055658465746,3.104437865979971,sunflower,08_01
301,2023,sunflower,2.6101083032490973,1.6184999999999998,2.8238948623975526,2.6224147170132808,sunflower,08_01
301,2025,sunflower,2.495162454873646,3.1425,2.8764350906826346,2.7619373509214933,sunflower,08_01
302,2019,sunflower,2.592,2.3443,,,sunflower,08_01
302,2022,sunflower,3.147777777777778,2.7268999999999997,2.7163025691243763,2.7267609121549548,sunflower,08_01
302,2025,sunflower,2.7764444444444445,2.4439,3.072933848216976,3.0084661485833553,sunflower,08_01
303,2022,sunflower,3.539,2.8109,2.6659929122313546,2.685405990274061,sunflower,08_01
304,2019,sunflower,2.665,2.0768,,,sunflower,08_01
304,2022,sunflower,3.0357142857142856,2.6405000000000003,2.552662854700791,2.5850927704377304,sunflower,08_01
304,2025,sunflower,2.1645454545454546,2.7464,3.0558795499313316,3.0325265451093215,sunflower,08_01
305,2019,sunflower,1.614,1.7062000000000002,,,sunflower,08_01
305,2021,sunflower,3.1040952380952382,2.5433,2.5508961257875704,2.5524904154527612,sunflower,08_01
305,2025,sunflower,2.768857142857143,2.8078,2.9950661278021093,2.9048116536553708,sunflower,08_01
306,2019,sunflower,2.589,2.1121,,,sunflower,08_01
306,2021,sunflower,3.315628415300546,2.6155999999999997,2.5277607994365834,2.504997207993867,sunflower,08_01
307,2023,sunflower,1.6470588235294117,1.5692,2.8323717004321107,2.547085305459695,sunflower,08_01
308,2019,sunflower,3.2310000000000003,2.3562000000000003,,,sunflower,08_01
308,2021,sunflower,4.128571428571428,2.5884,2.4455735986019875,2.4263008225272706,sunflower,08_01
308,2025,sunflower,3.56038961038961,2.9364999999999997,3.3800623493895925,3.466368282390116,sunflower,08_01
309,2019,sunflower,3.0,2.8731,,,sunflower,08_01
310,2023,sunflower,1.7121212121212122,2.192,2.797301881947345,2.5684063802320467,sunflower,08_01
311,2023,sunflower,3.220833333333333,2.3890000000000002,3.039176993742728,2.780787221455209,sunflower,08_01
312,2022,sunflower,2.5855555555555556,2.6481000000000003,2.394003038198201,2.3623218185721826,sunflower,08_01
312,2024,sunflower,1.5944444444444443,2.678,2.3560830000879065,2.25567726533277,sunflower,08_01
313,2018,sunflower,3.085,2.1431,,,sunflower,08_01
313,2021,sunflower,3.176727272727273,2.6946000000000003,2.5805673334254307,2.488456939799688,sunflower,08_01
314,2019,sunflower,3.055,2.3217,,,sunflower,08_01
314,2025,sunflower,3.19804780876494,2.9488,3.15184961480504,3.1244179069610154,sunflower,08_01
315,2019,sunflower,2.63,2.3964,,,sunflower,08_01
315,2021,sunflower,2.3563157894736846,2.4084,2.6797551165326055,2.6448917833520937,sunflower,08_01
316,2019,sunflower,2.306,2.707,,,sunflower,08_01
317,2019,sunflower,3.2409999999999997,1.8847,,,sunflower,08_01
317,2021,sunflower,2.525058823529412,2.7389,2.6490551288882758,2.570169850507212,sunflower,08_01
317,2025,sunflower,3.2478823529411764,2.6744,3.044373689610394,2.9682965783380824,sunflower,08_01
318,2021,sunflower,3.1150785340314138,2.6277999999999997,2.4442449723104476,2.4409610640197563,sunflower,08_01
318,2024,sunflower,4.230052356020943,2.723,2.796639709875077,2.821604758692451,sunflower,08_01
319,2018,sunflower,2.019607843137255,2.3564,,,sunflower,08_01
319,2021,sunflower,3.2145098039215685,2.5924,2.473403025606716,2.495499423095799,sunflower,08_01
319,2024,sunflower,2.935882352941176,2.5983,2.7880497471643872,2.8614172963260947,sunflower,08_01
320,2020,sunflower,2.8920000000000003,2.4707999999999997,2.62931843681117,2.4403524705765136,sunflower,08_01
320,2024,sunflower,2.272666666666667,2.6357,2.6903231434420105,2.705324059175154,sunflower,08_01
321,2018,sunflower,2.8,2.3345,,,sunflower,08_01
321,2020,sunflower,3.2039999999999997,2.2870999999999997,2.6414704911808,2.511359481913077,sunflower,08_01
321,2024,sunflower,2.982783505154639,3.2398000000000002,2.689120360430655,2.7017836933894404,sunflower,08_01
322,2019,sunflower,2.364,1.9175999999999997,,,sunflower,08_01
322,2022,sunflower,2.975,3.0184,2.699245122043191,2.7055102367591184,sunflower,08_01
322,2024,sunflower,2.7725,2.9005,2.7193599119192315,2.6554855829821213,sunflower,08_01
323,2020,sunflower,2.879,2.7722,2.6586039457391464,2.5463533911797156,sunflower,08_01
323,2022,sunflower,3.4059090909090908,2.7742999999999998,2.7003788517695333,2.6356932453230577,sunflower,08_01
323,2025,sunflower,3.7001298701298704,2.8396999999999997,3.2714186073252476,3.373756744742226,sunflower,08_01
324,2020,sunflower,3.2,2.6802,2.582536348623737,2.5308349072640284,sunflower,08_01
324,2022,sunflower,3.049259259259259,2.2832999999999997,2.7251178714469333,2.7124469746737123,sunflower,08_01
324,2025,sunflower,3.123333333333333,2.5401,2.8534307900718177,2.8081198799821783,sunflower,08_01
325,2018,sunflower,2.6666666666666665,2.3195,,,sunflower,08_01
325,2020,sunflower,3.3920000000000003,1.9454,2.53508311597293,2.4080562620968005,sunflower,08_01
325,2022,sunflower,2.7255555555555557,2.0921,2.5841666059910477,2.617977182267648,sunflower,08_01
325,2025,sunflower,3.686111111111111,2.6944,3.1195929819832964,3.133049721754559,sunflower,08_01
327,2018,sunflower,2.792079207920792,2.247,,,sunflower,08_01
327,2020,sunflower,3.277,2.5588,2.648954885940219,2.5281503960507243,sunflower,08_01
327,2022,sunflower,3.0487128712871288,2.3692,2.6035194242711333,2.6088794704338376,sunflower,08_01
327,2025,sunflower,2.7849504950495048,1.7749,2.7534844298270227,2.7786859564773376,sunflower,08_01
328,2020,sunflower,1.388,2.1747,2.100147896137345,2.0641122941707235,sunflower,08_01
328,2023,sunflower,2.764705882352941,1.8679999999999999,2.925321590154659,2.5290232058210824,sunflower,08_01
329,2020,sunflower,3.003,1.9796,2.2519958453986892,2.180095497561558,sunflower,08_01
330,2020,sunflower,3.191,2.3042000000000002,2.578840078080392,2.4726429245566477,sunflower,08_01
331,2020,sunflower,2.396,1.6699000000000002,2.2995472248528133,2.1858567007958896,sunflower,08_01
331,2023,sunflower,3.2357142857142858,2.0946000000000002,3.033572223917263,2.7322797930785407,sunflower,08_01
331,2025,sunflower,2.805285714285714,2.3958,2.907790588895508,2.8186304003056697,sunflower,08_01
332,2018,sunflower,2.663793103448276,2.0268,,,sunflower,08_01
332,2020,sunflower,1.876,1.9034,2.5488599581582365,2.4325567935152392,sunflower,08_01
332,2022,sunflower,3.1269827586206898,2.5953,2.6516118293106126,2.6361626201954365,sunflower,08_01
332,2025,sunflower,2.7096982758620687,2.5404,2.9962013552303355,2.939125890283965,sunflower,08_01
333,2020,sunflower,3.2310000000000003,1.9266999999999999,2.594367456106617,2.4710527439224266,sunflower,08_01
333,2022,sunflower,3.009367088607595,3.0198,2.6922325793758,2.6460576211141658,sunflower,08_01
334,2020,sunflower,2.676,1.4385,2.198226913853166,2.1324137527933575,sunflower,08_01
334,2022,sunflower,3.3138125,2.7929,2.6528890763613187,2.6348830239046754,sunflower,08_01
334,2024,sunflower,2.83575,2.45,2.6508828552695505,2.6032588018503304,sunflower,08_01
335,2019,sunflower,1.252,2.2527999999999997,,,sunflower,08_01
335,2022,sunflower,3.0462616822429904,2.6708,2.660693328724474,2.623349548269737,sunflower,08_01
335,2024,sunflower,2.60785046728972,2.8598,2.5710074309626014,2.5756398044936066,sunflower,08_01
336,2020,sunflower,2.684,2.8734,2.457169644601093,2.389868322926997,sunflower,08_01
336,2022,sunflower,3.0290000000000004,2.7348,2.5796965515483974,2.596577978895783,sunflower,08_01
336,2024,sunflower,2.679333333333333,2.5408,2.5891223199204614,2.656934430563906,sunflower,08_01
337,2018,sunflower,3.55,2.1136,,,sunflower,08_01
337,2020,sunflower,2.934,2.0267,2.194507212979334,2.131519730527055,sunflower,08_01
337,2022,sunflower,3.2695,2.7253,2.706901969757906,2.7244294605578956,sunflower,08_01
338,2018,sunflower,2.9690000000000003,2.1507,,,sunflower,08_01
338,2020,sunflower,3.4130000000000003,2.129,2.219700904237917,2.1520745096714298,sunflower,08_01
338,2022,sunflower,2.849375,2.4876,2.6707261515086747,2.686633901456759,sunflower,08_01
338,2025,sunflower,3.5034375,2.987,2.5865529601326434,2.4957629910495807,sunflower,08_01
339,2018,sunflower,1.5833333333333333,1.8036999999999999,,,sunflower,08_01
339,2020,sunflower,2.175,1.7131,2.201097310977862,2.121927569010206,sunflower,08_01
339,2022,sunflower,3.1950000000000003,2.5928999999999998,2.6673955287512734,2.6817852650548897,sunflower,08_01
340,2022,sunflower,3.700081967213115,3.0608,2.5550677091677874,2.552873568283363,sunflower,08_01
340,2024,sunflower,2.295081967213114,2.6083,2.6697296829884145,2.6507914428585946,sunflower,08_01
341,2022,sunflower,2.8089583333333334,2.8074000000000003,2.5835030301571655,2.6059938171396975,sunflower,08_01
341,2024,sunflower,1.5833333333333333,2.9536000000000002,2.627454332996363,2.581625753262691,sunflower,08_01
342,2022,sunflower,3.7125,3.0136,2.5401567665923293,2.539221992149273,sunflower,08_01
342,2024,sunflower,2.0454545454545454,2.2526,2.723851073793863,2.641058106059862,sunflower,08_01
343,2020,sunflower,2.913,2.3568000000000002,1.9347813341588262,1.9587258446244007,sunflower,08_01
343,2023,sunflower,2.317142857142857,2.2114000000000003,2.4613090986756747,2.28927725994067,sunflower,08_01
344,2021,sunflower,1.5743283582089551,1.9396999999999998,2.376035590014039,2.3937234075529474,sunflower,08_01
344,2025,sunflower,3.773283582089552,2.7342,2.873501991805625,2.7931543431596,sunflower,08_01
345,2019,sunflower,2.247,1.9142,,,sunflower,08_01
345,2021,sunflower,2.9759999999999995,2.4385000000000003,2.3852899590038765,2.375747960853795,sunflower,08_01
345,2023,sunflower,1.6133333333333333,2.1244,2.825929787036892,2.6867091647901074,sunflower,08_01
346,2021,sunflower,1.9183783783783783,1.9827000000000001,2.3957677807719806,2.373630989132388,sunflower,08_01
347,2024,sunflower,3.1308,2.628,2.7982060456014186,2.7664591501347684,sunflower,08_01
349,2019,sunflower,1.828,2.5431999999999997,,,sunflower,08_01
349,2021,sunflower,3.348414634146341,2.5806999999999998,2.4006534704025,2.355354478353344,sunflower,08_01
349,2024,sunflower,3.0159756097560977,3.1943,2.5518827105077806,2.501049212783735,sunflower,08_01
350,2021,sunflower,2.6869291338582677,2.2175000000000002,2.427727938176578,2.3714866653532054,sunflower,08_01
350,2023,sunflower,2.5440944881889767,2.2283999999999997,2.759434230929817,2.706387907740707,sunflower,08_01
352,2019,sunflower,2.31,1.887,,,sunflower,08_01
352,2021,sunflower,1.377196261682243,2.4797000000000002,2.381116771051415,2.3342115282274776,sunflower,08_01
352,2025,sunflower,3.5908411214953273,2.7165,2.9465803768159535,2.8480275324808555,sunflower,08_01
353,2019,sunflower,1.452,2.2442,,,sunflower,08_01
353,2021,sunflower,2.0749999999999997,2.2550999999999997,2.430729694088114,2.4210640092767433,sunflower,08_01
354,2019,sunflower,2.213,1.9742000000000002,,,sunflower,08_01
354,2021,sunflower,2.214430379746835,2.4288,2.382358254740878,2.3838404019566157,sunflower,08_01
355,2019,sunflower,2.1870000000000003,1.8432,,,sunflower,08_01
355,2021,sunflower,3.3528571428571428,2.3047999999999997,2.300520480939118,2.3316236511289747,sunflower,08_01
356,2021,sunflower,2.6103448275862067,2.0149999999999997,2.360042908363586,2.331400789997416,sunflower,08_01
356,2023,sunflower,2.1677011494252874,1.7,2.448428636829288,2.435808716405239,sunflower,08_01
356,2025,sunflower,3.081954022988506,2.605,2.938719807223873,2.876739531407458,sunflower,08_01
357,2019,sunflower,2.285,2.0618,,,sunflower,08_01
357,2021,sunflower,3.1505555555555556,2.879,2.3806302558084576,2.3694270932435497,sunflower,08_01
358,2019,sunflower,2.301,2.3259,,,sunflower,08_01
358,2021,sunflower,3.2076144578313257,2.927,2.4094127907638514,2.3614514550250068,sunflower,08_01
358,2024,sunflower,3.3918072289156624,3.0082999999999998,2.680270919789378,2.6843542424202265,sunflower,08_01
359,2019,sunflower,2.997,2.487,,,sunflower,08_01
359,2021,sunflower,2.9375,2.6475,2.4137154232760287,2.3528839510313095,sunflower,08_01
359,2025,sunflower,3.789473684210526,2.7781,2.9153986686769024,2.841549460591197,sunflower,08_01
360,2019,sunflower,2.414,2.2584,,,sunflower,08_01
360,2021,sunflower,2.314375,2.8601,2.3863209800430276,2.3524114537138754,sunflower,08_01
360,2023,sunflower,2.17,2.2525,2.803912768649963,2.639918135359568,sunflower,08_01
361,2021,sunflower,3.424285714285714,2.4707999999999997,2.424492790438127,2.3867722899627233,sunflower,08_01
361,2023,sunflower,2.1923809523809523,1.9581,2.604377450206474,2.506669756273254,sunflower,08_01
363,2021,sunflower,2.518181818181818,2.4565,2.3467314130819314,2.361028365225038,sunflower,08_01
363,2023,sunflower,2.303896103896104,2.0094000000000003,2.841054377523357,2.665209654109281,sunflower,08_01
363,2025,sunflower,3.0779220779220777,2.8125,2.932026760451409,2.8725339428274923,sunflower,08_01
364,2019,sunflower,2.1670000000000003,2.2143,,,sunflower,08_01
364,2021,sunflower,2.8564166666666666,2.6539,2.3887318335121526,2.3729634942412194,sunflower,08_01
364,2024,sunflower,3.2274999999999996,2.9938,2.688819211482428,2.7146534004412484,sunflower,08_01
365,2019,sunflower,2.897,1.7091,,,sunflower,08_01
365,2021,sunflower,3.129,2.5559000000000003,2.3949392397310167,2.3817159257817644,sunflower,08_01
365,2024,sunflower,3.216666666666667,3.3185000000000002,2.6774275984935354,2.6358682771875843,sunflower,08_01
367,2019,sunflower,1.239,1.9245,,,sunflower,08_01
367,2023,sunflower,2.53,1.9677,2.12706044639832,2.152889028527964,sunflower,08_01
368,2019,sunflower,2.564,2.1856999999999998,,,sunflower,08_01
368,2022,sunflower,2.8125654450261783,2.8395,2.556871021110298,2.5841718240558764,sunflower,08_01
368,2025,sunflower,2.889947643979058,2.8423,2.847046910854792,2.7509949841420434,sunflower,08_01
369,2019,sunflower,1.48,1.9123,,,sunflower,08_01
369,2022,sunflower,2.6254794520547944,2.8117,2.559414186839434,2.5668425765191754,sunflower,08_01
369,2025,sunflower,3.041780821917808,2.9097,2.8488489118911278,2.7373936319607095,sunflower,08_01
370,2019,sunflower,1.48,2.1501,,,sunflower,08_01
370,2022,sunflower,3.955384615384616,3.1104,2.3245056621133484,2.3343052571653997,sunflower,08_01
371,2019,sunflower,1.923,1.8816,,,sunflower,08_01
371,2023,sunflower,3.2169230769230768,2.1507,2.4813129744012947,2.5155511846644103,sunflower,08_01
372,2019,sunflower,1.476,1.9573,,,sunflower,08_01
372,2024,sunflower,2.2763106796116506,1.9937,2.4599632848738784,2.4108701489061595,sunflower,08_01
373,2023,sunflower,2.358311111111111,1.7831,2.320217900861999,2.2849041083130825,sunflower,08_01
373,2025,sunflower,3.1368888888888886,2.7828,3.0155300048360445,2.95891516220111,sunflower,08_01
374,2019,sunflower,1.236,1.8844,,,sunflower,08_01
374,2023,sunflower,2.3623529411764705,2.3131,2.275208183730941,2.352893751040165,sunflower,08_01
375,2019,sunflower,1.154,2.6879,,,sunflower,08_01
375,2023,sunflower,4.08,2.1837,2.4029442494000963,2.561235334182734,sunflower,08_01
376,2019,sunflower,2.48,2.0911999999999997,,,sunflower,08_01
377,2023,sunflower,2.317021276595745,2.1016,2.3098748009219765,2.306892996420782,sunflower,08_01
377,2025,sunflower,3.0659574468085107,2.3596,2.881623895565661,2.8393438126030413,sunflower,08_01
378,2024,sunflower,2.6641025641025644,2.5827999999999998,2.59458420862901,2.6469598878476326,sunflower,08_01
379,2023,sunflower,2.7899009900990097,1.9114,2.6286556341705496,2.6137387247201618,sunflower,08_01
380,2019,sunflower,1.0,1.9629,,,sunflower,08_01
381,2020,sunflower,1.323,1.261,2.0821364548430856,2.0541430478016225,sunflower,08_01
382,2017,sunflower,1.379,2.8739999999999997,,,sunflower,08_01
382,2024,sunflower,3.635968992248062,2.7356000000000003,2.868299778619658,2.8683498220489354,sunflower,08_01
384,2020,sunflower,1.206,1.4661,2.149874322299295,2.1377717864505854,sunflower,08_01
384,2022,sunflower,3.752611464968153,2.8175,2.495690897518154,2.50929134499887,sunflower,08_01
384,2024,sunflower,3.3430573248407645,2.8095,2.793268402273939,2.8352945331991064,sunflower,08_01
386,2018,sunflower,2.634,2.1289000000000002,,,sunflower,08_01
386,2020,sunflower,1.527,1.1962,2.1651639511638696,2.1438451993619974,sunflower,08_01
386,2022,sunflower,2.417614678899082,2.3852,2.518696972639211,2.532851358700632,sunflower,08_01
386,2025,sunflower,2.9811009174311924,2.6513999999999998,3.0307711298192372,2.9669972369300344,sunflower,08_01
387,2023,sunflower,3.2177999999999995,2.2699000000000003,2.6419500361723594,2.582503337410947,sunflower,08_01
388,2024,sunflower,2.803,2.5648,2.652633651597482,2.6688354658062674,sunflower,08_01
389,2022,sunflower,3.275,2.8304,2.381374330875906,2.3427605355863257,sunflower,08_01
390,2020,sunflower,1.535,2.0972,2.2865305291607507,2.226600035079565,sunflower,08_01
390,2024,sunflower,4.0285714285714285,2.9457,2.7492234602492367,2.766540963162373,sunflower,08_01
391,2017,sunflower,1.6649999999999998,2.4677,,,sunflower,08_01
391,2020,sunflower,1.25,1.9843,2.0374714920982817,2.031332681431281,sunflower,08_01
391,2022,sunflower,2.940625,2.6969000000000003,2.584311568680843,2.5793010036833053,sunflower,08_01
391,2025,sunflower,4.1,2.6673,2.706812958204287,2.6129034474877337,sunflower,08_01
392,2017,sunflower,1.012,2.2347,,,sunflower,08_01
392,2020,sunflower,1.221,1.4941,2.05798940120858,2.0011584359195855,sunflower,08_01
392,2022,sunflower,2.7394594594594595,2.5265,2.59511041647875,2.5757579727630584,sunflower,08_01
392,2025,sunflower,3.5,2.7501,3.1761362015357606,3.0775437037007767,sunflower,08_01
393,2018,sunflower,1.746,1.998,,,sunflower,08_01
393,2020,sunflower,1.449,1.3504,2.1835932124043884,2.1498181575095883,sunflower,08_01
393,2022,sunflower,2.6043356643356645,2.5918,2.671598969670821,2.5869008034203342,sunflower,08_01
393,2024,sunflower,3.0976223776223777,2.4722999999999997,2.8320069215350476,2.817788445827882,sunflower,08_01
394,2018,sunflower,1.934,2.2023,,,sunflower,08_01
395,2020,sunflower,1.538,1.0861,2.0220204569584688,1.9787902471255514,sunflower,08_01
395,2022,sunflower,2.9053125,2.4821999999999997,2.5305797319404113,2.5177224573507266,sunflower,08_01
395,2023,sunflower,2.4253125,1.5062,2.2639263257726268,2.2861422100654987,sunflower,08_01
396,2017,sunflower,1.161,2.3262,,,sunflower,08_01
396,2022,sunflower,1.276969696969697,2.4659,2.5846587352146373,2.571208740952336,sunflower,08_01
396,2025,sunflower,3.272727272727273,2.7958,3.010491831701895,2.9400310799056384,sunflower,08_01
397,2022,sunflower,2.837948717948718,2.4299,2.469519321091574,2.4819913519561885,sunflower,08_01
398,2020,sunflower,1.1,1.653,2.000971110868348,2.0562877201128935,sunflower,08_01
401,2020,sunflower,1.333,1.6587,1.9992410614566998,2.074329971205216,sunflower,08_01
402,2020,sunflower,1.804,1.656,2.128931336915475,2.094005315693656,sunflower,08_01
402,2024,sunflower,3.758888888888889,2.6795999999999998,2.7070163662934883,2.692402031777128,sunflower,08_01
403,2020,sunflower,1.7920000000000005,1.5680999999999998,2.0955240703202787,2.054811564185836,sunflower,08_01
403,2024,sunflower,3.8331764705882354,3.2292,2.7340578099884802,2.73894168709592,sunflower,08_01
405,2018,sunflower,2.286,1.8181999999999998,,,sunflower,08_01
405,2020,sunflower,2.255,1.8277,2.243622906287055,2.1855897620276883,sunflower,08_01
406,2018,sunflower,1.255,1.6247,,,sunflower,08_01
406,2023,sunflower,2.5669565217391304,2.2104,2.5571582561635946,2.5227704913310234,sunflower,08_01
407,2024,sunflower,2.7555555555555555,2.2471,2.4034334540687072,2.3581345419844877,sunflower,08_01
408,2022,sunflower,2.6842105263157894,2.9284,2.601059736642632,2.5962920066961037,sunflower,08_01
408,2025,sunflower,3.5336842105263155,3.2052,3.014120601062345,2.9606403774706016,sunflower,08_01
409,2022,sunflower,2.6706976744186046,2.3863,2.6177932315474717,2.613381850532164,sunflower,08_01
409,2025,sunflower,2.956279069767442,2.5861,3.0614363903844057,2.993990546260357,sunflower,08_01
410,2022,sunflower,2.7344,2.959,2.4868574519518893,2.52674788422691,sunflower,08_01
410,2025,sunflower,3.5672,2.1864,2.4368956033546656,2.3198258922559254,sunflower,08_01
411,2020,sunflower,1.049,1.4667999999999999,2.1409562709752805,2.1172401072629627,sunflower,08_01
411,2022,sunflower,2.2978571428571426,2.1565000000000003,2.549218592271649,2.535817758053571,sunflower,08_01
411,2025,sunflower,2.8207142857142857,2.4058,2.982689738372496,2.9162555895009565,sunflower,08_01
412,2020,sunflower,2.364,1.5425,2.1574289038696284,2.1339942226790827,sunflower,08_01
412,2024,sunflower,4.356727272727273,3.0419,2.7330721071789132,2.716632560111537,sunflower,08_01
414,2017,sunflower,1.836,1.9901,,,sunflower,08_01
414,2020,sunflower,1.526,1.4182000000000001,2.21384296566577,2.1328850273025717,sunflower,08_01
414,2022,sunflower,3.1470344827586207,2.4739,2.567220488419999,2.5204578563438327,sunflower,08_01
415,2023,sunflower,3.02875,2.3536,2.5599725359681753,2.4894523938203896,sunflower,08_01
416,2018,sunflower,1.904,2.0362999999999998,,,sunflower,08_01
416,2020,sunflower,1.49,1.1018000000000001,2.146751484255767,2.1350210615576706,sunflower,08_01
416,2022,sunflower,2.5617843866171004,2.544,2.5620060200336443,2.5975605628609664,sunflower,08_01
416,2024,sunflower,3.1127881040892196,2.9806,2.683243733656598,2.6418149467362526,sunflower,08_01
418,2020,sunflower,1.934,1.3391,2.117827037098468,2.0692553149345776,sunflower,08_01
418,2022,sunflower,2.713777777777778,2.7838000000000003,2.6126223293125714,2.5718713771712665,sunflower,08_01
419,2024,sunflower,3.5854545454545454,2.6513,2.5918323484436865,2.5671165954224824,sunflower,08_01
421,2018,sunflower,2.585,2.2834,,,sunflower,08_01
421,2025,sunflower,3.390980392156863,3.0079000000000002,2.952195732399317,2.8964051409996845,sunflower,08_01
422,2019,sunflower,2.372,2.5833,,,sunflower,08_01
422,2021,sunflower,1.7980821917808218,2.2148,2.20198101364492,2.23761365623878,sunflower,08_01
422,2025,sunflower,3.063150684931507,2.7714,2.840916305332552,2.7394746274260173,sunflower,08_01
423,2019,sunflower,2.085,2.5044,,,sunflower,08_01
423,2021,sunflower,3.1824719101123597,3.1946000000000003,2.4072933871017494,2.3997280580716414,sunflower,08_01
423,2025,sunflower,3.147415730337079,2.5221,3.0580149045648484,3.0002911514115373,sunflower,08_01
424,2020,sunflower,1.642,1.6011,2.0819004261201925,2.0490832475252763,sunflower,08_01
424,2024,sunflower,4.023725490196078,3.2786999999999997,2.7261538109660925,2.7195645504596864,sunflower,08_01
425,2018,sunflower,1.825,1.7510000000000001,,,sunflower,08_01
425,2020,sunflower,1.994,1.5090999999999999,2.1802955855029866,2.1359503253255085,sunflower,08_01
425,2022,sunflower,2.363010752688172,2.5024,2.554486237170978,2.544863523451142,sunflower,08_01
425,2025,sunflower,3.2565591397849465,2.325,3.1855362186689478,3.171535665081832,sunflower,08_01
426,2019,sunflower,1.358,1.9375,,,sunflower,08_01
426,2022,sunflower,2.529830508474576,2.5908,2.490314307009039,2.5197124504710673,sunflower,08_01
426,2025,sunflower,2.6094915254237288,2.4941,2.9524441407153152,2.905583734635394,sunflower,08_01
427,2019,sunflower,3.082,2.4117,,,sunflower,08_01
428,2017,sunflower,2.122,2.8556999999999997,,,sunflower,08_01
428,2019,sunflower,2.429,2.2041,,,sunflower,08_01
428,2021,sunflower,1.9822442244224423,1.9606000000000001,2.4000064904284635,2.371855261039955,sunflower,08_01
428,2023,sunflower,2.932343234323432,1.6854,2.5049437520605133,2.6476732190916192,sunflower,08_01
429,2022,sunflower,3.0915909090909093,3.2958,2.4684112500236375,2.4935090487963443,sunflower,08_01
429,2024,sunflower,2.159090909090909,2.7255,2.5301504929398964,2.5335545033398494,sunflower,08_01
431,2023,sunflower,2.6,2.1413,2.858649699844,2.509174455804044,sunflower,08_01
432,2025,sunflower,2.9768181818181816,2.9226,3.0126632817754686,2.982860644178256,sunflower,08_01
435,2023,sunflower,1.3273493975903614,2.359,2.686204460079062,2.6397871347083215,sunflower,08_01
438,2021,sunflower,4.436875,2.3124,2.361652961375771,2.361914043103881,sunflower,08_01
439,2021,sunflower,2.128888888888889,3.1568,2.5378460199779056,2.4712334560483638,sunflower,08_01
440,2021,sunflower,2.468322580645161,2.795,2.4238730168032823,2.4033107891887453,sunflower,08_01
440,2023,sunflower,2.905483870967742,1.8585999999999998,2.5573979669197793,2.5573454589357474,sunflower,08_01
441,2020,sunflower,3.7,2.6132999999999997,2.2818891328930464,2.236020855022695,sunflower,08_01
443,2021,sunflower,2.47,3.2367,2.4305135779061446,2.391554390542149,sunflower,08_01
444,2023,sunflower,3.0,1.8725999999999998,2.8822070718416533,2.637544211309085,sunflower,08_01
457,2023,sunflower,1.4166666666666667,2.0538,2.5540083073611384,2.3923094734259864,sunflower,08_01
514,2024,sunflower,3.17,2.5947,2.417163702980964,2.305229336309709,sunflower,08_01
632,2023,sunflower,1.823095238095238,1.7312999999999998,2.344009827583552,2.4189710048842485,sunflower,08_01
636,2024,sunflower,4.390175438596492,2.3608000000000002,2.450352048739361,2.4813440322045395,sunflower,08_01
663,2025,sunflower,1.2317037037037035,2.5339,1.9988224491150355,1.883586671644319,sunflower,08_01
669,2025,sunflower,1.069056603773585,2.3642,2.381605428122989,2.344647388708565,sunflower,08_01
672,2023,sunflower,1.3009146341463411,1.7597999999999998,2.3168380259573573,2.3978652566347054,sunflower,08_01
685,2025,sunflower,1.0700578034682082,2.4401,2.110453070387769,2.0269415567193905,sunflower,08_01
715,2023,sunflower,1.8202684563758391,1.8138,2.5602123426920116,2.4758596926406273,sunflower,08_01
716,2024,sunflower,2.867857142857143,2.1032,2.435090511823025,2.4258180160025553,sunflower,08_01
717,2023,sunflower,2.361842105263158,2.0339,2.630415996065539,2.5720459112255685,sunflower,08_01
718,2024,sunflower,3.907924528301887,2.9635000000000002,2.4501281749074177,2.4490406466397987,sunflower,08_01
719,2023,sunflower,2.43,1.9323000000000001,2.5336135376843836,2.522141289406719,sunflower,08_01
722,2023,sunflower,2.345357142857143,1.828,2.520252628530972,2.4734697061179785,sunflower,08_01
737,2024,sunflower,1.308345864661654,2.4148,2.434549912473987,2.4157726066472645,sunflower,08_01
744,2025,sunflower,2.1576068376068376,2.3604,2.6366064240679234,2.5997803386200835,sunflower,08_01
746,2025,sunflower,1.7198443579766538,2.0906,1.8235428507808478,1.8021372413265808,sunflower,08_01
750,2025,sunflower,2.2961702127659573,2.2131,2.297660162440096,2.1159238797591593,sunflower,08_01
777,2025,sunflower,1.4268944099378882,2.0654,2.592280924676146,2.5488090481616372,sunflower,08_01
783,2023,sunflower,1.823229166666667,1.6126,2.2278310359522324,2.341525837665725,sunflower,08_01
784,2025,sunflower,1.1116867469879517,2.4922999999999997,2.2650687521545416,2.1093563709821863,sunflower,08_01
785,2023,sunflower,1.838187134502924,1.9890999999999999,2.4128681484024774,2.5155758132554973,sunflower,08_01
790,2023,sunflower,1.8870833333333332,1.9122,2.3501808258588515,2.43572485060648,sunflower,08_01
791,2023,sunflower,1.8553846153846152,1.9857,2.300767828253374,2.417853397290206,sunflower,08_01
792,2024,sunflower,2.9635,2.0733,2.4084387849328763,2.455972370378787,sunflower,08_01
798,2024,sunflower,2.709230769230769,2.5902000000000003,2.4920203489870434,2.50791392609869,sunflower,08_01
802,2023,sunflower,2.345833333333333,2.2595,2.77742306650738,2.7014837157126563,sunflower,08_01
808,2025,sunflower,1.5668341708542717,2.4592,2.311809432076018,2.264058105357392,sunflower,08_01
810,2025,sunflower,1.1449122807017544,1.9764,1.893137874717199,1.806565019703585,sunflower,08_01
812,2025,sunflower,1.098,2.2851,2.1599762374268052,2.0902517018657956,sunflower,08_01
820,2023,sunflower,2.425,2.004,2.784127626478249,2.66308103406469,sunflower,08_01
871,2024,sunflower,2.369950248756219,2.9259,2.532212270772329,2.5117388061590833,sunflower,08_01
873,2024,sunflower,2.595625,3.0149,2.5506562747858346,2.583514812099249,sunflower,08_01
881,2024,sunflower,3.596666666666667,2.9307,2.7019322831952093,2.7816862890303495,sunflower,08_01
912,2024,sunflower,1.9044579913139392,2.061,2.245401944915594,2.3149938544609747,sunflower,08_01
931,2024,sunflower,1.9646666666666663,2.6387,2.3932021458957786,2.4359745806266995,sunflower,08_01
941,2024,sunflower,1.6503937007874014,1.9326,2.1884077789045873,2.249292988122577,sunflower,08_01
942,2024,sunflower,1.1679227053140095,1.8818000000000001,2.3437846729472858,2.437513127327381,sunflower,08_01
951,2024,sunflower,4.6412,2.6024000000000003,2.3717520624060384,2.457610551916075,sunflower,08_01
979,2025,sunflower,1.991325301204819,2.9493,3.0685386923906224,3.069397881938458,sunflower,08_01
987,2023,sunflower,2.506143805156854,1.4876,2.375298183051717,2.3849701984370437,sunflower,08_01
1007,2025,sunflower,1.0706666666666669,2.1391,2.00530408321689,1.9423383212167558,sunflower,08_01
1009,2020,sunflower,3.3920000000000003,,2.1568715271844265,2.157529285718939,sunflower,08_01
1010,2020,sunflower,2.396,,1.8859981370698256,1.9063211593995062,sunflower,08_01
1010,2023,sunflower,4.429213252440712,,3.403856334942912,2.8028920915164615,sunflower,08_01
1011,2020,sunflower,2.676,,1.8998270383909155,1.9095707812243627,sunflower,08_01
1011,2022,sunflower,5.391359345321137,,2.6447501108380136,2.633922736100038,sunflower,08_01
1011,2024,sunflower,4.613582471396439,2.6978,2.691492712499248,2.6409880482623973,sunflower,08_01
195,2024,sunflower,2.7365853658536587,3.2249000000000003,2.658576377712279,2.6156551540577007,sunflower,09_01
197,2024,sunflower,3.2877551020408164,3.2267,2.401289886836234,2.5382086484250617,sunflower,09_01
207,2018,sunflower,3.496,2.2908,,,sunflower,09_01
207,2024,sunflower,3.1045045045045048,2.8238,2.4930622970615803,2.536812791751713,sunflower,09_01
208,2019,sunflower,2.133,2.5303999999999998,,,sunflower,09_01
208,2021,sunflower,2.1216153846153847,2.5939,2.3609684839884855,2.3796965530464376,sunflower,09_01
208,2024,sunflower,2.360615384615385,2.4902,2.4744858079056717,2.5221118937964135,sunflower,09_01
209,2018,sunflower,1.7399999999999998,2.0557,,,sunflower,09_01
209,2021,sunflower,2.265430463576158,2.3401,2.439778738920524,2.4544190388346565,sunflower,09_01
209,2025,sunflower,2.329337748344371,3.0953,2.8986473549650036,2.8666950957100363,sunflower,09_01
210,2019,sunflower,1.965,2.5763000000000003,,,sunflower,09_01
210,2021,sunflower,1.4783400809716598,2.8418,2.3340423665041725,2.3382911120591308,sunflower,09_01
210,2025,sunflower,3.192550607287449,2.6427,2.8149063534998744,2.857440989348086,sunflower,09_01
211,2019,sunflower,1.868,2.5446999999999997,,,sunflower,09_01
211,2021,sunflower,2.1389247311827955,2.9005,2.5075589275765218,2.5362801453259483,sunflower,09_01
212,2021,sunflower,3.3983823529411765,2.9642,2.4378232420551464,2.432024511333209,sunflower,09_01
212,2024,sunflower,1.900882352941176,2.5872,2.7511306474239534,2.68543752993429,sunflower,09_01
213,2022,sunflower,1.481428571428571,2.1202,2.6009550091913747,2.6332534648724724,sunflower,09_01
214,2022,sunflower,1.002222222222222,2.1227,2.602935748398786,2.60987793583137,sunflower,09_01
215,2019,sunflower,1.672,2.476,,,sunflower,09_01
215,2021,sunflower,2.9865822784810128,2.6519,2.5083841764276418,2.4775555883176397,sunflower,09_01
215,2025,sunflower,3.0739240506329115,2.6681,2.91451346078152,2.912703752436765,sunflower,09_01
216,2019,sunflower,1.95,2.4692,,,sunflower,09_01
216,2021,sunflower,2.925945945945946,2.7872,2.3368354406756486,2.3227173665273253,sunflower,09_01
216,2025,sunflower,2.986756756756757,2.9402,3.2256180343921814,3.269193124624576,sunflower,09_01
217,2019,sunflower,1.962,2.4656,,,sunflower,09_01
217,2021,sunflower,2.768578431372549,2.6262,2.479194575807628,2.4281299203977698,sunflower,09_01
217,2024,sunflower,2.9758823529411766,3.2312,2.564638501652802,2.5636131277158825,sunflower,09_01
218,2021,sunflower,2.12974358974359,2.6262,2.4178724915676546,2.437104196440619,sunflower,09_01
219,2019,sunflower,2.273,2.4422,,,sunflower,09_01
219,2021,sunflower,2.818952380952381,2.9821,2.5926454356787643,2.6123214043835152,sunflower,09_01
219,2023,sunflower,2.802523809523809,2.4396,2.5969461362759088,2.649447346302802,sunflower,09_01
220,2019,sunflower,2.7649999999999997,2.8588999999999998,,,sunflower,09_01
220,2021,sunflower,2.0264,3.0557,2.3300101494383045,2.3485761027164234,sunflower,09_01
221,2019,sunflower,1.982,3.0438,,,sunflower,09_01
221,2021,sunflower,1.7475,2.4777,2.304805112343082,2.2640164266179945,sunflower,09_01
222,2019,sunflower,2.648,2.4673,,,sunflower,09_01
222,2021,sunflower,2.9396774193548385,2.7158,2.3481701212344217,2.3373209078816197,sunflower,09_01
222,2025,sunflower,2.972258064516129,2.5682,2.915952623886814,2.87794434035876,sunflower,09_01
223,2019,sunflower,2.651,2.4036,,,sunflower,09_01
223,2021,sunflower,2.8625714285714285,2.6313,2.461927069907802,2.446003200768025,sunflower,09_01
223,2025,sunflower,3.305142857142857,2.6925999999999997,2.883618874338572,2.862427346607935,sunflower,09_01
224,2019,sunflower,3.961,2.5131,,,sunflower,09_01
224,2021,sunflower,2.0925,2.6733000000000002,2.3692679936999363,2.351143356330521,sunflower,09_01
224,2025,sunflower,3.0742307692307693,3.1024000000000003,2.885959885376218,2.93966612729262,sunflower,09_01
225,2019,sunflower,3.961,2.1581,,,sunflower,09_01
225,2021,sunflower,1.85,2.3085,2.4790982634493712,2.4880773804852008,sunflower,09_01
226,2019,sunflower,2.9829999999999997,2.1576,,,sunflower,09_01
226,2021,sunflower,2.4555,2.9791,2.367546906132658,2.316681350342676,sunflower,09_01
226,2025,sunflower,3.0420000000000003,3.3878999999999997,2.981854823996822,2.9951277373873344,sunflower,09_01
227,2018,sunflower,2.613,2.4276,,,sunflower,09_01
227,2023,sunflower,2.6015895953757227,2.253,2.689902702050062,2.675205350183054,sunflower,09_01
228,2017,sunflower,3.34,3.0336,,,sunflower,09_01
228,2024,sunflower,3.052881355932203,3.0939,2.7299739424065517,2.719025844140279,sunflower,09_01
229,2017,sunflower,3.34,2.0514,,,sunflower,09_01
229,2024,sunflower,3.2544166666666663,2.2845,2.6307838280070595,2.5805220430593137,sunflower,09_01
230,2022,sunflower,3.257219730941704,2.7875,2.6084593224176156,2.6342786261672417,sunflower,09_01
230,2024,sunflower,3.2521793721973093,3.0899,2.554917069996606,2.6661045296671837,sunflower,09_01
231,2023,sunflower,2.2995063829787235,2.2117,2.3501833393194453,2.345884499901944,sunflower,09_01
232,2023,sunflower,2.6881993243243243,2.3653,2.5566686656903705,2.542777768986184,sunflower,09_01
234,2024,sunflower,3.295057142857143,2.6495,2.4041261042087934,2.378766938993343,sunflower,09_01
236,2022,sunflower,3.3475,3.0103,2.3721956564014857,2.49299188800442,sunflower,09_01
236,2025,sunflower,3.0025,2.5225,2.915043199327185,2.9390554680668184,sunflower,09_01
237,2022,sunflower,2.515555555555556,2.4998,2.481171875741198,2.586620082462593,sunflower,09_01
237,2025,sunflower,3.3130555555555556,2.2598,3.0700328469950886,3.0693801946015196,sunflower,09_01
238,2022,sunflower,2.1222222222222222,2.666,2.513595839533841,2.5680057487481687,sunflower,09_01
238,2025,sunflower,1.9090277777777775,2.7443,2.723375734877619,2.62624211712855,sunflower,09_01
239,2022,sunflower,1.9928205128205128,2.6921,2.478883328374196,2.522587572598225,sunflower,09_01
239,2025,sunflower,3.095213675213675,2.7689,2.8101640571414372,2.830853259900831,sunflower,09_01
242,2017,sunflower,2.104,3.3372,,,sunflower,09_01
242,2024,sunflower,2.8443278688524587,2.5699,2.357165066735076,2.352716113401804,sunflower,09_01
244,2018,sunflower,2.637,2.4289,,,sunflower,09_01
244,2025,sunflower,4.282264150943396,3.1107,2.5663247405919205,2.5926138935153764,sunflower,09_01
246,2018,sunflower,2.984,2.5335,,,sunflower,09_01
246,2025,sunflower,1.26,2.694,2.9438171380104405,2.962984412574583,sunflower,09_01
247,2018,sunflower,2.554,2.3417000000000003,,,sunflower,09_01
247,2023,sunflower,2.741453642384106,2.2382999999999997,2.6739406394784684,2.6380337206745126,sunflower,09_01
248,2024,sunflower,3.441577777777778,3.3423000000000003,2.6674290528555824,2.6032811971468792,sunflower,09_01
249,2018,sunflower,2.024,2.2885,,,sunflower,09_01
250,2018,sunflower,2.024,2.0797,,,sunflower,09_01
250,2022,sunflower,3.0933333333333333,2.675,2.562837890502881,2.664165656918819,sunflower,09_01
250,2025,sunflower,2.8207352941176467,2.9527,2.9256981337698145,2.915628997172115,sunflower,09_01
251,2023,sunflower,2.78692125984252,1.8832,2.552611271683771,2.572327254835154,sunflower,09_01
252,2017,sunflower,3.364,2.8169,,,sunflower,09_01
252,2023,sunflower,2.8884457831325303,2.3848,2.608483094399628,2.7123098634896374,sunflower,09_01
253,2017,sunflower,2.676,3.2537,,,sunflower,09_01
253,2023,sunflower,2.599529411764706,2.4651,2.7011409390776877,2.704331545214651,sunflower,09_01
254,2017,sunflower,2.936,3.0007,,,sunflower,09_01
254,2024,sunflower,3.4018783783783784,3.4116,2.687907983110646,2.621683001249688,sunflower,09_01
255,2020,sunflower,2.5,1.8018999999999998,2.2124350062222695,2.1899712720642373,sunflower,09_01
255,2023,sunflower,2.5888660714285714,1.8311,2.4724224685965357,2.4753640369083745,sunflower,09_01
256,2020,sunflower,2.129,1.9550999999999998,2.116665986638414,2.1756780892822767,sunflower,09_01
256,2025,sunflower,3.738928571428571,2.5427,3.3429229851041202,3.382063264136952,sunflower,09_01
258,2017,sunflower,1.533,3.0547999999999997,,,sunflower,09_01
258,2020,sunflower,1.277,1.8576000000000001,2.097960643634149,2.146994339065652,sunflower,09_01
258,2022,sunflower,2.0300786516853933,2.1481000000000003,2.5990848905678896,2.6134034486764577,sunflower,09_01
258,2025,sunflower,3.607977528089888,2.9331,2.824831903811315,2.882624519679355,sunflower,09_01
259,2018,sunflower,1.88,2.0014,,,sunflower,09_01
259,2020,sunflower,1.813,2.1858,2.234280278587022,2.243048429084591,sunflower,09_01
259,2022,sunflower,2.027221288515406,2.2808,2.5557784428486325,2.5596318885667566,sunflower,09_01
259,2024,sunflower,2.8320560224089637,3.1641,2.5582527170271865,2.556395520281635,sunflower,09_01
260,2019,sunflower,2.3600000000000003,2.6498999999999997,,,sunflower,09_01
260,2023,sunflower,1.8446,1.8056999999999999,2.699207657486078,2.631584250970544,sunflower,09_01
261,2019,sunflower,2.036,2.6414,,,sunflower,09_01
261,2023,sunflower,2.853857142857143,2.4404,2.475701501996064,2.4779499977199286,sunflower,09_01
262,2018,sunflower,2.362,2.2282,,,sunflower,09_01
262,2020,sunflower,2.065,1.6946999999999999,2.0762920280630546,2.1136198513964377,sunflower,09_01
262,2022,sunflower,2.051684210526316,2.4012000000000002,2.5829000725373694,2.543210131798905,sunflower,09_01
263,2020,sunflower,2.775,1.4283,1.9800850881394079,2.024439355752288,sunflower,09_01
263,2022,sunflower,2.1305,2.0983,2.5238165192976263,2.523015748806039,sunflower,09_01
264,2020,sunflower,2.915,2.0832,1.9705398810202508,2.025520950418326,sunflower,09_01
264,2022,sunflower,4.337,1.9884,2.508284970704147,2.5264790792132907,sunflower,09_01
265,2020,sunflower,1.7,2.225,1.980768211613913,2.0471276956072297,sunflower,09_01
268,2025,sunflower,1.856,2.3864,2.508209104259579,2.552307016592143,sunflower,09_01
269,2017,sunflower,2.451,2.9911000000000003,,,sunflower,09_01
269,2020,sunflower,1.972,1.9613,2.116242277858729,2.1328640377846013,sunflower,09_01
269,2022,sunflower,2.086126126126126,2.0544000000000002,2.616984978904964,2.6463038664837946,sunflower,09_01
269,2025,sunflower,3.00081981981982,3.3896,2.7677180110997934,2.868547154530421,sunflower,09_01
270,2019,sunflower,2.207,2.229,,,sunflower,09_01
270,2023,sunflower,2.901551724137931,2.2869,2.5103365159050575,2.5158247276897225,sunflower,09_01
271,2019,sunflower,2.673,2.2868,,,sunflower,09_01
271,2023,sunflower,2.458762711864407,1.9598,2.5653746995977404,2.5817291195538594,sunflower,09_01
272,2017,sunflower,3.082,2.302,,,sunflower,09_01
272,2019,sunflower,2.665,2.3532,,,sunflower,09_01
272,2021,sunflower,2.22,2.301,2.175263989946153,2.182190681383428,sunflower,09_01
272,2023,sunflower,1.3512,2.1373,2.454619760341655,2.4940765889279124,sunflower,09_01
273,2018,sunflower,2.804,2.9443,,,sunflower,09_01
273,2024,sunflower,3.591851851851852,3.507,2.603937842725005,2.5163671592554655,sunflower,09_01
274,2019,sunflower,2.945,2.7127,,,sunflower,09_01
274,2024,sunflower,3.090886597938144,3.2136000000000005,2.6961547373225114,2.5856672919947266,sunflower,09_01
276,2019,sunflower,1.6,2.8487,,,sunflower,09_01
276,2021,sunflower,3.422096774193548,2.6558,2.476428316226702,2.497288032769408,sunflower,09_01
276,2023,sunflower,2.634193548387097,2.1021,2.5792699934039,2.5790079814243465,sunflower,09_01
277,2019,sunflower,2.573,2.4882,,,sunflower,09_01
277,2021,sunflower,3.3421333333333334,3.1009,2.568716084683445,2.557568853685558,sunflower,09_01
277,2023,sunflower,2.6744000000000003,2.1962,2.4910252223199847,2.5609206294798796,sunflower,09_01
278,2022,sunflower,2.907608695652174,2.4526,2.6144545459087802,2.640794279774973,sunflower,09_01
280,2025,sunflower,4.019456521739131,3.3985,2.4832233695668036,2.5183714019990595,sunflower,09_01
282,2018,sunflower,2.754,2.6198,,,sunflower,09_01
282,2020,sunflower,1.222,1.5042,2.0405958069872887,2.077158074648199,sunflower,09_01
282,2022,sunflower,1.2691489361702126,2.4495,2.5346000166680325,2.6161665501996096,sunflower,09_01
282,2025,sunflower,3.9023404255319143,3.2414,2.8121844694218945,2.867070014658714,sunflower,09_01
283,2019,sunflower,2.638,1.8036999999999999,,,sunflower,09_01
283,2022,sunflower,3.713924050632911,2.5088999999999997,2.4756821256042616,2.4777811950130304,sunflower,09_01
283,2025,sunflower,4.0171455696202525,3.0059,2.660937991787254,2.752757988366475,sunflower,09_01
284,2022,sunflower,2.223333333333333,2.2952000000000004,2.0668496012600777,1.9990472152014886,sunflower,09_01
292,2021,sunflower,2.01,2.1587,2.268827592885759,2.2341541153010693,sunflower,09_01
292,2025,sunflower,2.718,2.2666,2.5797712603342786,2.581101145232692,sunflower,09_01
293,2021,sunflower,2.3242696629213486,2.6764,2.3941127120039827,2.374411279456809,sunflower,09_01
293,2025,sunflower,3.067640449438202,2.8378,2.706919750537021,2.746456057936665,sunflower,09_01
295,2022,sunflower,1.9825241379310343,2.5158,2.5172697370532906,2.5195124465911625,sunflower,09_01
296,2018,sunflower,1.607,1.9253,,,sunflower,09_01
296,2020,sunflower,1.972,1.3957000000000002,2.1300456892860264,2.0906736312735794,sunflower,09_01
298,2018,sunflower,1.546,2.554,,,sunflower,09_01
298,2023,sunflower,2.0416666666666665,2.3188,2.5251622022480045,2.4742172543848207,sunflower,09_01
299,2019,sunflower,3.3020000000000005,2.6321000000000003,,,sunflower,09_01
299,2023,sunflower,3.345622119815668,2.3383,2.660054095118459,2.6969734019100615,sunflower,09_01
300,2023,sunflower,3.5636363636363635,2.2708,2.7135536138551135,2.789495601285592,sunflower,09_01
300,2025,sunflower,3.1365454545454545,2.5319,3.1177838159254856,3.121180717948868,sunflower,09_01
301,2023,sunflower,2.6101083032490973,2.1803,2.445245682687077,2.4193818842342996,sunflower,09_01
301,2025,sunflower,2.495162454873646,2.8487,2.6971718038249737,2.713316213905916,sunflower,09_01
302,2019,sunflower,2.592,2.1754000000000002,,,sunflower,09_01
302,2022,sunflower,3.147777777777778,2.7738,2.696860058316008,2.8334714161107133,sunflower,09_01
302,2025,sunflower,2.7764444444444445,2.9539999999999997,3.065775389522197,3.0536646397769225,sunflower,09_01
303,2022,sunflower,3.539,3.0696000000000003,2.5920062576056977,2.683178192853517,sunflower,09_01
304,2019,sunflower,2.665,2.4643,,,sunflower,09_01
304,2022,sunflower,3.0357142857142856,2.4585,2.527131017836067,2.607866834574091,sunflower,09_01
304,2025,sunflower,2.1645454545454546,2.9209,2.8982639754873705,2.951938285315633,sunflower,09_01
305,2019,sunflower,1.614,2.1521,,,sunflower,09_01
305,2021,sunflower,3.1040952380952382,3.0296,2.611562358637201,2.6196320490989287,sunflower,09_01
305,2025,sunflower,2.768857142857143,2.5564,2.7987228955006316,2.7828528567923168,sunflower,09_01
306,2019,sunflower,2.589,2.4242,,,sunflower,09_01
306,2021,sunflower,3.315628415300546,2.7062,2.541215135690779,2.56441408895068,sunflower,09_01
307,2023,sunflower,1.6470588235294117,1.5628,2.5395834768172896,2.619849255014304,sunflower,09_01
308,2019,sunflower,3.2310000000000003,2.4486999999999997,,,sunflower,09_01
308,2021,sunflower,4.128571428571428,2.4222,2.496464582451814,2.5297442499249176,sunflower,09_01
308,2025,sunflower,3.56038961038961,2.9175,3.2793885774760723,3.309729219812243,sunflower,09_01
309,2019,sunflower,3.0,2.6592,,,sunflower,09_01
310,2023,sunflower,1.7121212121212122,2.3462,2.472920340371367,2.4420986036644994,sunflower,09_01
311,2023,sunflower,3.220833333333333,2.2725999999999997,2.73905590371678,2.728830445474919,sunflower,09_01
312,2022,sunflower,2.5855555555555556,2.5645,2.247664257897716,2.35526445245478,sunflower,09_01
312,2024,sunflower,1.5944444444444443,2.6309,2.4866371837426486,2.440998976436657,sunflower,09_01
313,2018,sunflower,3.085,2.9512,,,sunflower,09_01
313,2021,sunflower,3.176727272727273,2.9788,2.6493817209666193,2.6508528345992466,sunflower,09_01
314,2019,sunflower,3.055,2.3994,,,sunflower,09_01
314,2025,sunflower,3.19804780876494,2.9859999999999998,3.0321324611560523,3.0542262838239402,sunflower,09_01
315,2019,sunflower,2.63,2.0338000000000003,,,sunflower,09_01
315,2021,sunflower,2.3563157894736846,2.6974,2.799884824797835,2.837340062786827,sunflower,09_01
316,2019,sunflower,2.306,2.4253,,,sunflower,09_01
317,2019,sunflower,3.2409999999999997,1.9568999999999999,,,sunflower,09_01
317,2021,sunflower,2.525058823529412,2.8162,2.7481094894202505,2.7510708505606023,sunflower,09_01
317,2025,sunflower,3.2478823529411764,2.5925000000000002,2.9014203939573218,2.893573376403049,sunflower,09_01
318,2021,sunflower,3.1150785340314138,2.5191,2.5404102593834037,2.5063365976626653,sunflower,09_01
318,2024,sunflower,4.230052356020943,2.9655,2.768194745007743,2.6739515856617055,sunflower,09_01
319,2018,sunflower,2.019607843137255,2.527,,,sunflower,09_01
319,2021,sunflower,3.2145098039215685,2.6853000000000002,2.5828884849890215,2.5698409120382912,sunflower,09_01
319,2024,sunflower,2.935882352941176,2.6098,2.834372151414408,2.778457690796534,sunflower,09_01
320,2020,sunflower,2.8920000000000003,2.4347000000000003,2.5426512507803096,2.5037907406320237,sunflower,09_01
320,2024,sunflower,2.272666666666667,2.6611000000000002,2.735116351690674,2.724458169309282,sunflower,09_01
321,2018,sunflower,2.8,2.5568999999999997,,,sunflower,09_01
321,2020,sunflower,3.2039999999999997,2.4057,2.457621682197389,2.4085587487411315,sunflower,09_01
321,2024,sunflower,2.982783505154639,3.3331000000000004,2.7425151945376243,2.7376051347337,sunflower,09_01
322,2019,sunflower,2.364,2.5843,,,sunflower,09_01
322,2022,sunflower,2.975,2.9099,2.691960884674249,2.775095295583207,sunflower,09_01
322,2024,sunflower,2.7725,2.8771,2.7895554863849705,2.7663064438094374,sunflower,09_01
323,2020,sunflower,2.879,2.3603,2.469734955411797,2.4222793115738126,sunflower,09_01
323,2022,sunflower,3.4059090909090908,2.9545000000000003,2.705444402517408,2.7866419137214806,sunflower,09_01
323,2025,sunflower,3.7001298701298704,3.3421,3.1916707276011294,3.206008265254213,sunflower,09_01
324,2020,sunflower,3.2,2.8637,2.593456628944748,2.546149662343164,sunflower,09_01
324,2022,sunflower,3.049259259259259,2.457,2.734859133627434,2.7402582588248503,sunflower,09_01
324,2025,sunflower,3.123333333333333,2.9981,2.700029112207489,2.628384220112504,sunflower,09_01
325,2018,sunflower,2.6666666666666665,2.2756,,,sunflower,09_01
325,2020,sunflower,3.3920000000000003,1.9806000000000001,2.2825203886941674,2.2567548296413915,sunflower,09_01
325,2022,sunflower,2.7255555555555557,2.2349,2.4730621071618444,2.4812253707610585,sunflower,09_01
325,2025,sunflower,3.686111111111111,2.5335,3.0926646559029036,3.1529344783764977,sunflower,09_01
327,2018,sunflower,2.792079207920792,2.4419,,,sunflower,09_01
327,2020,sunflower,3.277,2.4114999999999998,2.5561619305372423,2.5323790068843404,sunflower,09_01
327,2022,sunflower,3.0487128712871288,2.4962,2.5676104739558654,2.6514690094648143,sunflower,09_01
327,2025,sunflower,2.7849504950495048,2.582,2.757026247655566,2.789603076678969,sunflower,09_01
328,2020,sunflower,1.388,1.8596,2.1581024627805743,2.106356288379225,sunflower,09_01
328,2023,sunflower,2.764705882352941,1.9498000000000002,2.4402278816242475,2.4236698558125855,sunflower,09_01
329,2020,sunflower,3.003,2.3604,2.15611528466292,2.106528623453311,sunflower,09_01
330,2020,sunflower,3.191,2.4393000000000002,2.5488835835256327,2.532683424299353,sunflower,09_01
331,2020,sunflower,2.396,2.0141,2.2671717277005805,2.1426493572448457,sunflower,09_01
331,2023,sunflower,3.2357142857142858,2.4313,2.5910669268688387,2.700571412977829,sunflower,09_01
331,2025,sunflower,2.805285714285714,3.1471,2.774307715645951,2.745139450545986,sunflower,09_01
332,2018,sunflower,2.663793103448276,2.4582,,,sunflower,09_01
332,2020,sunflower,1.876,2.16,2.320475677532882,2.2473906622213904,sunflower,09_01
332,2022,sunflower,3.1269827586206898,2.6977,2.6583632824522856,2.705592052264813,sunflower,09_01
332,2025,sunflower,2.7096982758620687,2.6811,2.9189121805438933,2.9373252012122615,sunflower,09_01
333,2020,sunflower,3.2310000000000003,2.0908,2.517055882527631,2.437904534596224,sunflower,09_01
333,2022,sunflower,3.009367088607595,3.0303,2.683816722264866,2.7701545455700947,sunflower,09_01
334,2020,sunflower,2.676,1.4465,2.174693111028427,2.1556659767525344,sunflower,09_01
334,2022,sunflower,3.3138125,2.9922999999999997,2.650541096001542,2.6854087197425853,sunflower,09_01
334,2024,sunflower,2.83575,2.7897,2.7832212850162956,2.7631884440010728,sunflower,09_01
335,2019,sunflower,1.252,2.4981999999999998,,,sunflower,09_01
335,2022,sunflower,3.0462616822429904,2.8848,2.6437404095960195,2.719429199907661,sunflower,09_01
335,2024,sunflower,2.60785046728972,3.0989999999999998,2.666948460582797,2.6315783993384585,sunflower,09_01
336,2020,sunflower,2.684,2.2135000000000002,2.462450717528556,2.5075467584995064,sunflower,09_01
336,2022,sunflower,3.0290000000000004,2.9597,2.616685409535569,2.6104606522738596,sunflower,09_01
336,2024,sunflower,2.679333333333333,2.1727,2.7399494569318774,2.6734066014366022,sunflower,09_01
337,2018,sunflower,3.55,2.5091,,,sunflower,09_01
337,2020,sunflower,2.934,1.9649999999999999,2.1919659539344134,2.1946476827789843,sunflower,09_01
337,2022,sunflower,3.2695,2.9024,2.7130826481029393,2.7822524079459834,sunflower,09_01
338,2018,sunflower,2.9690000000000003,2.6366,,,sunflower,09_01
338,2020,sunflower,3.4130000000000003,1.823,2.1874566121950196,2.1779294733340766,sunflower,09_01
338,2022,sunflower,2.849375,1.8597000000000001,2.667253280925781,2.675420469481023,sunflower,09_01
338,2025,sunflower,3.5034375,2.837,2.600221379256572,2.5810591167423613,sunflower,09_01
339,2018,sunflower,1.5833333333333333,1.7161000000000002,,,sunflower,09_01
339,2020,sunflower,2.175,1.8081,2.193850416528558,2.12668416137576,sunflower,09_01
339,2022,sunflower,3.1950000000000003,2.5408,2.704900952857745,2.722201993717082,sunflower,09_01
340,2022,sunflower,3.700081967213115,2.8628,2.5765327133912947,2.639895560715973,sunflower,09_01
340,2024,sunflower,2.295081967213114,2.4172000000000002,2.802902989784747,2.679423047819961,sunflower,09_01
341,2022,sunflower,2.8089583333333334,3.0337,2.4829849783807183,2.5845914891771065,sunflower,09_01
341,2024,sunflower,1.5833333333333333,2.9526,2.7755530595880895,2.692418658704285,sunflower,09_01
342,2022,sunflower,3.7125,3.1256,2.513337934199194,2.6240235091832496,sunflower,09_01
342,2024,sunflower,2.0454545454545454,2.2683,2.7941016122152362,2.6859523513549095,sunflower,09_01
343,2020,sunflower,2.913,2.7436,2.0113093936316573,2.0140787033019785,sunflower,09_01
343,2023,sunflower,2.317142857142857,2.2293,2.173961887565234,2.2296794419289108,sunflower,09_01
344,2021,sunflower,1.5743283582089551,1.7844000000000002,2.4205107968670174,2.3874867156785777,sunflower,09_01
344,2025,sunflower,3.773283582089552,2.936,2.824905707896997,2.9005745977488693,sunflower,09_01
345,2019,sunflower,2.247,2.5507,,,sunflower,09_01
345,2021,sunflower,2.9759999999999995,2.3692,2.5529868714574397,2.562916675533919,sunflower,09_01
345,2023,sunflower,1.6133333333333333,2.2346,2.629027704868971,2.5715901960277288,sunflower,09_01
346,2021,sunflower,1.9183783783783783,2.3774,2.466876754337827,2.4469988641300264,sunflower,09_01
347,2024,sunflower,3.1308,2.0967,2.6980625311640707,2.5775090548148434,sunflower,09_01
349,2019,sunflower,1.828,2.3249,,,sunflower,09_01
349,2021,sunflower,3.348414634146341,2.7372,2.585910163333378,2.603958594978462,sunflower,09_01
349,2024,sunflower,3.0159756097560977,3.0532,2.5621975035053612,2.462528289910518,sunflower,09_01
350,2021,sunflower,2.6869291338582677,1.9103,2.4072273693891595,2.437640411480943,sunflower,09_01
350,2023,sunflower,2.5440944881889767,2.1162,2.6154192612714446,2.7275987865656957,sunflower,09_01
352,2019,sunflower,2.31,2.4184,,,sunflower,09_01
352,2021,sunflower,1.377196261682243,2.7095,2.481348785412868,2.486332067452146,sunflower,09_01
352,2025,sunflower,3.5908411214953273,2.9313,2.981745595876397,3.0472140366587954,sunflower,09_01
353,2019,sunflower,1.452,1.5523,,,sunflower,09_01
353,2021,sunflower,2.0749999999999997,2.4518999999999997,2.5447718031931714,2.5523735618794556,sunflower,09_01
354,2019,sunflower,2.213,2.4114,,,sunflower,09_01
354,2021,sunflower,2.214430379746835,2.6079999999999997,2.4503252975935914,2.455313493055565,sunflower,09_01
355,2019,sunflower,2.1870000000000003,2.3406,,,sunflower,09_01
355,2021,sunflower,3.3528571428571428,2.1428000000000003,2.3022774099102468,2.340243478460503,sunflower,09_01
356,2021,sunflower,2.6103448275862067,1.8867999999999998,2.5489126577580796,2.5467231255046068,sunflower,09_01
356,2023,sunflower,2.1677011494252874,1.7576,2.391217569671157,2.452753483605768,sunflower,09_01
356,2025,sunflower,3.081954022988506,3.0044,2.8002667363441827,2.8245309604108164,sunflower,09_01
357,2019,sunflower,2.285,2.3369,,,sunflower,09_01
357,2021,sunflower,3.1505555555555556,2.8510999999999997,2.4299140047815193,2.3881978399876846,sunflower,09_01
358,2019,sunflower,2.301,2.375,,,sunflower,09_01
358,2021,sunflower,3.2076144578313257,3.2702,2.4413186836395253,2.4575786579518435,sunflower,09_01
358,2024,sunflower,3.3918072289156624,3.2156999999999996,2.6691272782238036,2.574517024168234,sunflower,09_01
359,2019,sunflower,2.997,2.3675,,,sunflower,09_01
359,2021,sunflower,2.9375,2.8518,2.607864814934672,2.62787390338638,sunflower,09_01
359,2025,sunflower,3.789473684210526,2.4072,2.9012933981703304,2.9490297966593406,sunflower,09_01
360,2019,sunflower,2.414,2.2809999999999997,,,sunflower,09_01
360,2021,sunflower,2.314375,2.7519,2.3476267251248766,2.4164223431160816,sunflower,09_01
360,2023,sunflower,2.17,2.0915,2.5320180080976553,2.5256301905824308,sunflower,09_01
361,2021,sunflower,3.424285714285714,2.7403,2.4830585896132007,2.4879237747392224,sunflower,09_01
361,2023,sunflower,2.1923809523809523,2.2691,2.5772880220742347,2.6690270661463176,sunflower,09_01
363,2021,sunflower,2.518181818181818,2.2588999999999997,2.4586799774916743,2.4855161289503465,sunflower,09_01
363,2023,sunflower,2.303896103896104,2.6724,2.5134504634943347,2.5796013234217354,sunflower,09_01
363,2025,sunflower,3.0779220779220777,3.0665,2.75860910365643,2.774511874863641,sunflower,09_01
364,2019,sunflower,2.1670000000000003,2.2887,,,sunflower,09_01
364,2021,sunflower,2.8564166666666666,2.7227,2.546762803775631,2.5671138603268284,sunflower,09_01
364,2024,sunflower,3.2274999999999996,2.6895,2.6306544240073095,2.6089855254780137,sunflower,09_01
365,2019,sunflower,2.897,2.1424,,,sunflower,09_01
365,2021,sunflower,3.129,2.8714,2.5384400280630364,2.5360868461635033,sunflower,09_01
365,2024,sunflower,3.216666666666667,2.8255,2.6854563640253852,2.6373527615892565,sunflower,09_01
367,2019,sunflower,1.239,2.3506,,,sunflower,09_01
367,2023,sunflower,2.53,2.2045000000000003,2.0903860730593635,2.0649453689599166,sunflower,09_01
368,2019,sunflower,2.564,1.9621,,,sunflower,09_01
368,2022,sunflower,2.8125654450261783,2.9663,2.533745552478319,2.6610280163884994,sunflower,09_01
368,2025,sunflower,2.889947643979058,2.4569,2.602844079145278,2.573175134340672,sunflower,09_01
369,2019,sunflower,1.48,2.0167,,,sunflower,09_01
369,2022,sunflower,2.6254794520547944,2.7157,2.5379245608219496,2.656044107829798,sunflower,09_01
369,2025,sunflower,3.041780821917808,2.5343,2.7365459659944227,2.698518592353394,sunflower,09_01
370,2019,sunflower,1.48,1.7079,,,sunflower,09_01
370,2022,sunflower,3.955384615384616,3.3013,2.305928941125454,2.3438886863324297,sunflower,09_01
371,2019,sunflower,1.923,2.1117999999999997,,,sunflower,09_01
371,2023,sunflower,3.2169230769230768,2.3341000000000003,2.364882962263821,2.4557240337654975,sunflower,09_01
372,2019,sunflower,1.476,2.2268999999999997,,,sunflower,09_01
372,2024,sunflower,2.2763106796116506,2.4984,2.4587170073124542,2.368328430942252,sunflower,09_01
373,2023,sunflower,2.358311111111111,1.9861,2.325927270370407,2.3464633590707398,sunflower,09_01
373,2025,sunflower,3.1368888888888886,2.6513999999999998,2.8737017589042724,2.856520548486753,sunflower,09_01
374,2019,sunflower,1.236,2.4832,,,sunflower,09_01
374,2023,sunflower,2.3623529411764705,2.4843,2.1620028224513472,2.2765793843852142,sunflower,09_01
375,2019,sunflower,1.154,2.5914,,,sunflower,09_01
375,2023,sunflower,4.08,2.326,2.3204923255671854,2.4022447124718265,sunflower,09_01
376,2019,sunflower,2.48,2.1312,,,sunflower,09_01
377,2023,sunflower,2.317021276595745,2.1844,2.0998985098489715,2.088120630690838,sunflower,09_01
377,2025,sunflower,3.0659574468085107,2.822,2.6630504098673295,2.712097236688258,sunflower,09_01
378,2024,sunflower,2.6641025641025644,2.5219,2.5576220809005306,2.464120085607638,sunflower,09_01
379,2023,sunflower,2.7899009900990097,2.428,2.3342162267679396,2.4214587629777196,sunflower,09_01
380,2019,sunflower,1.0,1.8562999999999998,,,sunflower,09_01
381,2020,sunflower,1.323,1.3164,2.0096800208572483,1.9656696256983983,sunflower,09_01
382,2017,sunflower,1.379,2.6529,,,sunflower,09_01
382,2024,sunflower,3.635968992248062,2.5829999999999997,2.676727313216967,2.5650121164228628,sunflower,09_01
384,2020,sunflower,1.206,1.2902,2.0741757149014277,2.096547837353102,sunflower,09_01
384,2022,sunflower,3.752611464968153,2.4765,2.5619125257675184,2.546073682627127,sunflower,09_01
384,2024,sunflower,3.3430573248407645,2.7242,2.5421164043661437,2.465886185424244,sunflower,09_01
386,2018,sunflower,2.634,2.0606999999999998,,,sunflower,09_01
386,2020,sunflower,1.527,1.4471,2.0678611619984917,2.091184985206304,sunflower,09_01
386,2022,sunflower,2.417614678899082,2.395,2.471452158320021,2.5118444317439006,sunflower,09_01
386,2025,sunflower,2.9811009174311924,2.5059,2.841583503234838,2.8366837473013558,sunflower,09_01
387,2023,sunflower,3.2177999999999995,2.3082000000000003,2.5545957000228245,2.5264666818779933,sunflower,09_01
388,2024,sunflower,2.803,2.6525,2.568679541452958,2.461254551489401,sunflower,09_01
389,2022,sunflower,3.275,3.1274,2.300167236888043,2.31833537614708,sunflower,09_01
390,2020,sunflower,1.535,2.1536,2.2803634603690988,2.238421464029054,sunflower,09_01
390,2024,sunflower,4.0285714285714285,2.8501000000000003,2.6823793736095864,2.558786865116406,sunflower,09_01
391,2017,sunflower,1.6649999999999998,2.3348,,,sunflower,09_01
391,2020,sunflower,1.25,1.6473,1.971338970364296,1.9640179047370694,sunflower,09_01
391,2022,sunflower,2.940625,2.9674,2.501730743689742,2.542032689657308,sunflower,09_01
391,2025,sunflower,4.1,3.0535,2.9322123263713147,2.9182563435569016,sunflower,09_01
392,2017,sunflower,1.012,2.2635,,,sunflower,09_01
392,2020,sunflower,1.221,1.6846,1.9659859273809457,1.9577404037907253,sunflower,09_01
392,2022,sunflower,2.7394594594594595,2.6925,2.5400393103580874,2.5376804755146027,sunflower,09_01
392,2025,sunflower,3.5,3.2365000000000004,3.1160579900252436,3.145247563176263,sunflower,09_01
393,2018,sunflower,1.746,1.6961,,,sunflower,09_01
393,2020,sunflower,1.449,1.5657,2.1242472701707276,2.160747728552951,sunflower,09_01
393,2022,sunflower,2.6043356643356645,3.1437,2.645418896102402,2.6798200887793775,sunflower,09_01
393,2024,sunflower,3.0976223776223777,2.4134,2.605586382189941,2.5204163363771257,sunflower,09_01
394,2018,sunflower,1.934,2.1876,,,sunflower,09_01
395,2020,sunflower,1.538,1.2384,2.0826958474092447,2.0211671450745587,sunflower,09_01
395,2022,sunflower,2.9053125,2.0148,2.494951203040455,2.548097395621224,sunflower,09_01
395,2023,sunflower,2.4253125,1.8288,2.459567681373821,2.548983714171951,sunflower,09_01
396,2017,sunflower,1.161,2.0008,,,sunflower,09_01
396,2022,sunflower,1.276969696969697,2.5568,2.5146593344843913,2.550738066427464,sunflower,09_01
396,2025,sunflower,3.272727272727273,3.2732,3.0244941779315466,3.0636480104855828,sunflower,09_01
397,2022,sunflower,2.837948717948718,2.3611,2.3351530652981056,2.3691684138806552,sunflower,09_01
398,2020,sunflower,1.1,1.6852,1.9142618672383362,1.941033763786635,sunflower,09_01
401,2020,sunflower,1.333,1.8699000000000001,1.980157353979286,2.013269061197846,sunflower,09_01
402,2020,sunflower,1.804,1.5683,2.0248846514370507,2.091162189752111,sunflower,09_01
402,2024,sunflower,3.758888888888889,3.1033,2.630630314579349,2.4649342451359897,sunflower,09_01
403,2020,sunflower,1.7920000000000005,1.8350000000000002,2.0924338696196547,2.064122663226302,sunflower,09_01
403,2024,sunflower,3.8331764705882354,3.3228,2.642701763721934,2.5645302721305447,sunflower,09_01
405,2018,sunflower,2.286,2.3274,,,sunflower,09_01
405,2020,sunflower,2.255,2.0666,2.259069094047218,2.2234700878423377,sunflower,09_01
406,2018,sunflower,1.255,1.9745000000000001,,,sunflower,09_01
406,2023,sunflower,2.5669565217391304,1.9421,2.403452820745034,2.3239831356722425,sunflower,09_01
407,2024,sunflower,2.7555555555555555,2.1259,2.2185983677412886,2.154548386380138,sunflower,09_01
408,2022,sunflower,2.6842105263157894,2.6515999999999997,2.6385025877121437,2.6244856801570307,sunflower,09_01
408,2025,sunflower,3.5336842105263155,3.2352,2.9924009179973887,3.0048197433368875,sunflower,09_01
409,2022,sunflower,2.6706976744186046,2.7668,2.624369218127151,2.6347829362890995,sunflower,09_01
409,2025,sunflower,2.956279069767442,2.9107,2.807922662052865,2.8148388129299176,sunflower,09_01
410,2022,sunflower,2.7344,2.6817,2.3414914265706552,2.4448293751772225,sunflower,09_01
410,2025,sunflower,3.5672,2.7281,2.5161669565519413,2.513109999498495,sunflower,09_01
411,2020,sunflower,1.049,1.4241,2.053971597866776,2.0786562596974187,sunflower,09_01
411,2022,sunflower,2.2978571428571426,2.2986,2.510557459990584,2.5581309253770326,sunflower,09_01
411,2025,sunflower,2.8207142857142857,2.8771999999999998,2.6890869675623548,2.7437432938591098,sunflower,09_01
412,2020,sunflower,2.364,1.8979,2.148354757763407,2.175839820079023,sunflower,09_01
412,2024,sunflower,4.356727272727273,3.164,2.70448425638126,2.6633189066236933,sunflower,09_01
414,2017,sunflower,1.836,2.3358,,,sunflower,09_01
414,2020,sunflower,1.526,1.7604,2.1663624460679727,2.1161693660209426,sunflower,09_01
414,2022,sunflower,3.1470344827586207,2.9699,2.5116525659017572,2.5778086167187757,sunflower,09_01
415,2023,sunflower,3.02875,2.2085,2.413374934786901,2.3704508560584747,sunflower,09_01
416,2018,sunflower,1.904,2.0486999999999997,,,sunflower,09_01
416,2020,sunflower,1.49,1.49,2.026135680012848,2.027957667423523,sunflower,09_01
416,2022,sunflower,2.5617843866171004,2.3512,2.5654677368783463,2.5904125642891684,sunflower,09_01
416,2024,sunflower,3.1127881040892196,2.9832,2.514213724458597,2.3845774365787022,sunflower,09_01
418,2020,sunflower,1.934,1.7802,2.0445242429403443,2.0173723461854682,sunflower,09_01
418,2022,sunflower,2.713777777777778,2.9712,2.506071251083849,2.567032212823395,sunflower,09_01
419,2024,sunflower,3.5854545454545454,2.4722999999999997,2.5972302738254096,2.5771177676044053,sunflower,09_01
421,2018,sunflower,2.585,2.4605,,,sunflower,09_01
421,2025,sunflower,3.390980392156863,2.8030999999999997,2.938144142878078,2.9664976281541606,sunflower,09_01
422,2019,sunflower,2.372,2.4619,,,sunflower,09_01
422,2021,sunflower,1.7980821917808218,2.1576,2.1519150926504045,2.0959194656038584,sunflower,09_01
422,2025,sunflower,3.063150684931507,2.956,2.95268099302077,2.9526317824083588,sunflower,09_01
423,2019,sunflower,2.085,2.8599,,,sunflower,09_01
423,2021,sunflower,3.1824719101123597,3.0595,2.401745710524467,2.418613888591561,sunflower,09_01
423,2025,sunflower,3.147415730337079,2.4008,2.9012847008381626,2.9339769563001834,sunflower,09_01
424,2020,sunflower,1.642,1.7152999999999998,2.119930110915562,2.0623388635071294,sunflower,09_01
424,2024,sunflower,4.023725490196078,3.2594000000000003,2.546939379168431,2.4345845297797233,sunflower,09_01
425,2018,sunflower,1.825,1.6334,,,sunflower,09_01
425,2020,sunflower,1.994,1.6459,2.0852026940297534,2.078495465352271,sunflower,09_01
425,2022,sunflower,2.363010752688172,2.3743,2.555410646680816,2.605144859202286,sunflower,09_01
425,2025,sunflower,3.2565591397849465,2.5867,3.08505027574423,3.0285949421778984,sunflower,09_01
426,2019,sunflower,1.358,2.131,,,sunflower,09_01
426,2022,sunflower,2.529830508474576,2.6452999999999998,2.3649801559373365,2.5255939075283544,sunflower,09_01
426,2025,sunflower,2.6094915254237288,2.6346,2.733354162759496,2.7669047075187176,sunflower,09_01
427,2019,sunflower,3.082,2.1972,,,sunflower,09_01
428,2017,sunflower,2.122,2.7973,,,sunflower,09_01
428,2019,sunflower,2.429,2.0972999999999997,,,sunflower,09_01
428,2021,sunflower,1.9822442244224423,1.8813,2.435475030842479,2.4088851670729903,sunflower,09_01
428,2023,sunflower,2.932343234323432,2.0141999999999998,2.4800411559586535,2.380992805252729,sunflower,09_01
429,2022,sunflower,3.0915909090909093,3.4105,2.4962734984290957,2.564844886349836,sunflower,09_01
429,2024,sunflower,2.159090909090909,2.8179,2.6384546078418194,2.5628046162724596,sunflower,09_01
431,2023,sunflower,2.6,2.1305,2.483730943577969,2.620042055600154,sunflower,09_01
432,2025,sunflower,2.9768181818181816,3.1873,2.969130852459151,2.9613546678155536,sunflower,09_01
435,2023,sunflower,1.3273493975903614,2.268,2.551188800726522,2.529395951936031,sunflower,09_01
438,2021,sunflower,4.436875,2.4703,2.3111847004772663,2.386280843230017,sunflower,09_01
439,2021,sunflower,2.128888888888889,3.1429,2.595417110008279,2.5904243872677104,sunflower,09_01
440,2021,sunflower,2.468322580645161,2.9045,2.5926823355534974,2.575555533741778,sunflower,09_01
440,2023,sunflower,2.905483870967742,2.2411000000000003,2.525031483009896,2.5347595742709617,sunflower,09_01
441,2020,sunflower,3.7,2.4029,2.1035547744405334,2.1273932329908214,sunflower,09_01
443,2021,sunflower,2.47,3.221,2.563056430217863,2.542223400283996,sunflower,09_01
444,2023,sunflower,3.0,2.101,2.4622945035357007,2.4479135803819516,sunflower,09_01
457,2023,sunflower,1.4166666666666667,2.1148,2.2816611697195808,2.2657660425812964,sunflower,09_01
514,2024,sunflower,3.17,2.498,2.4480366327089103,2.375156650973833,sunflower,09_01
632,2023,sunflower,1.823095238095238,1.7787,2.450637510599765,2.3907913808339396,sunflower,09_01
636,2024,sunflower,4.390175438596492,2.6058,2.5223497432598467,2.5043992157703348,sunflower,09_01
663,2025,sunflower,1.2317037037037035,2.0358,2.2802569677395748,2.3094454105542996,sunflower,09_01
669,2025,sunflower,1.069056603773585,2.1337,2.7112010058101212,2.6289088114770465,sunflower,09_01
672,2023,sunflower,1.3009146341463411,1.8023,2.4017528948514606,2.3727106258952295,sunflower,09_01
685,2025,sunflower,1.0700578034682082,2.5852,2.153207916421305,2.204130747896201,sunflower,09_01
715,2023,sunflower,1.8202684563758391,2.2586,2.5139235332379,2.563179003794191,sunflower,09_01
716,2024,sunflower,2.867857142857143,2.5279,2.3710905437790704,2.387664116398523,sunflower,09_01
717,2023,sunflower,2.361842105263158,2.3476,2.498699250925009,2.5163337669681183,sunflower,09_01
718,2024,sunflower,3.907924528301887,2.673,2.473722598776588,2.4814678030387323,sunflower,09_01
719,2023,sunflower,2.43,2.1198,2.500367113830934,2.532153264809097,sunflower,09_01
722,2023,sunflower,2.345357142857143,2.2241,2.48315969250957,2.549064398471363,sunflower,09_01
737,2024,sunflower,1.308345864661654,2.1629,2.48358098350831,2.5315847528233175,sunflower,09_01
744,2025,sunflower,2.1576068376068376,2.0315000000000003,2.7070345473376047,2.902332779018711,sunflower,09_01
746,2025,sunflower,1.7198443579766538,2.1722,2.0479608481509715,2.1561781230776633,sunflower,09_01
750,2025,sunflower,2.2961702127659573,2.5567,2.6968567330719697,2.7087610764546888,sunflower,09_01
777,2025,sunflower,1.4268944099378882,2.2732,2.596761607527627,2.7217375830086685,sunflower,09_01
783,2023,sunflower,1.823229166666667,1.9462,2.3944520364155033,2.3183016300020007,sunflower,09_01
784,2025,sunflower,1.1116867469879517,2.3019,2.3343176045854426,2.3316888816848502,sunflower,09_01
785,2023,sunflower,1.838187134502924,1.721,2.4248492188001713,2.372168670443471,sunflower,09_01
790,2023,sunflower,1.8870833333333332,1.8359,2.461919525108678,2.4480700540440203,sunflower,09_01
791,2023,sunflower,1.8553846153846152,1.8588,2.3980923398273175,2.3467059611321925,sunflower,09_01
792,2024,sunflower,2.9635,2.0664000000000002,2.467825479222828,2.4532971864329873,sunflower,09_01
798,2024,sunflower,2.709230769230769,3.0492999999999997,2.465523970066118,2.4585228477365195,sunflower,09_01
802,2023,sunflower,2.345833333333333,2.1251,2.628826718592654,2.6745330213702636,sunflower,09_01
808,2025,sunflower,1.5668341708542717,2.6181,2.4962392620852687,2.6085314024027273,sunflower,09_01
810,2025,sunflower,1.1449122807017544,1.9158000000000002,2.12476236520043,2.1054506886520423,sunflower,09_01
812,2025,sunflower,1.098,1.9350999999999998,2.211707059632145,2.2204060596721598,sunflower,09_01
820,2023,sunflower,2.425,2.1093,2.5477996435721444,2.6113450705928876,sunflower,09_01
871,2024,sunflower,2.369950248756219,2.7209,2.550888396087998,2.5472439699506038,sunflower,09_01
873,2024,sunflower,2.595625,2.7675,2.5859357571024613,2.5718700209307537,sunflower,09_01
881,2024,sunflower,3.596666666666667,2.7354,2.7340092622691285,2.7064379389382607,sunflower,09_01
912,2024,sunflower,1.9044579913139392,2.3891999999999998,2.094643467761486,2.1454636285454116,sunflower,09_01
931,2024,sunflower,1.9646666666666663,3.0183,2.2407084545621796,2.3074801592659373,sunflower,09_01
941,2024,sunflower,1.6503937007874014,1.9913,1.956974913937095,2.102989101092227,sunflower,09_01
942,2024,sunflower,1.1679227053140095,2.0934,2.2510054943994247,2.317318514300247,sunflower,09_01
951,2024,sunflower,4.6412,2.8674,2.2933446292232023,2.315905306928491,sunflower,09_01
979,2025,sunflower,1.991325301204819,3.3485,3.0092709881997566,3.020900523948381,sunflower,09_01
987,2023,sunflower,2.506143805156854,1.967,2.3588109193793194,2.368800346484017,sunflower,09_01
1007,2025,sunflower,1.0706666666666669,1.9039000000000001,2.1788254535273466,2.192373790916256,sunflower,09_01
1009,2020,sunflower,3.3920000000000003,,2.017735018072958,2.0513278713935748,sunflower,09_01
1010,2020,sunflower,2.396,,1.9692620695658238,1.9814846155805985,sunflower,09_01
1010,2023,sunflower,4.429213252440712,,3.0457584576186423,3.361276378979636,sunflower,09_01
1011,2020,sunflower,2.676,,1.9094825149932564,1.972217344271391,sunflower,09_01
1011,2022,sunflower,5.391359345321137,,2.6699968526342834,2.699960636849517,sunflower,09_01
1011,2024,sunflower,4.613582471396439,2.696,2.782403167408165,2.7203723167160363,sunflower,09_01
