scenario,asof_tag,field_id,year,crop_id,standard_name,target_yield_t_ha,ml_v2_t_ha,ml_v2b_t_ha
sunflower,07_01,195,2017,40.0,sunflower,1.6511,2.2567728875299204,2.277882291029843
sunflower,07_01,197,2017,40.0,sunflower,1.8136,2.3806409519690033,2.3711602455564025
sunflower,07_01,207,2017,40.0,sunflower,1.5516,2.1895946694906123,2.220391039281565
sunflower,07_01,208,2017,40.0,sunflower,2.0779,2.117583451763338,2.2077187878877305
sunflower,07_01,212,2017,40.0,sunflower,1.6862,2.122921440986338,2.226934982676528
sunflower,07_01,213,2017,40.0,sunflower,2.4459,2.1865924703151465,2.2412125145920467
sunflower,07_01,214,2017,40.0,sunflower,2.4927,2.2781034684931205,2.274256327647051
sunflower,07_01,218,2017,40.0,sunflower,1.2974,1.8281596897484294,1.8166322845997631
sunflower,07_01,226,2017,40.0,sunflower,2.629,2.3025037799524113,2.343480004936901
sunflower,07_01,227,2017,40.0,sunflower,1.7968,2.4655057228933828,2.4663982549215224
sunflower,07_01,228,2017,40.0,sunflower,3.34,2.38826363637616,2.403135856026664
sunflower,07_01,229,2017,40.0,sunflower,3.34,2.1281260926651893,2.215794164062272
sunflower,07_01,230,2017,40.0,sunflower,2.8902,2.5027687170117945,2.5753018398336778
sunflower,07_01,233,2017,40.0,sunflower,2.0928,1.9466992516745931,2.0629093074749796
sunflower,07_01,234,2017,40.0,sunflower,2.7084,2.4248678258502845,2.503617085186564
sunflower,07_01,195,2018,40.0,sunflower,2.9440999999999997,1.648121000672853,1.6194503299906224
sunflower,07_01,197,2018,40.0,sunflower,3.0602,1.8293707708179734,1.9201334992481816
sunflower,07_01,207,2018,40.0,sunflower,3.496,1.9874943917096966,1.968641038627061
sunflower,07_01,208,2018,40.0,sunflower,1.6354,1.7124472948670513,1.697862934442876
sunflower,07_01,209,2018,40.0,sunflower,1.7399999999999998,2.12692432246357,2.1005064210611177
sunflower,07_01,212,2018,40.0,sunflower,1.3272,1.766976381238921,1.8013272120442545
sunflower,07_01,213,2018,40.0,sunflower,2.6765,1.9283827680029617,1.9416327652028393
sunflower,07_01,214,2018,40.0,sunflower,2.665,1.9783999807240569,1.9558104524745916
sunflower,07_01,215,2018,40.0,sunflower,2.353,1.5840329107308244,1.5780334699344403
sunflower,07_01,216,2018,40.0,sunflower,2.1175,2.0331895191859752,2.026318145604869
sunflower,07_01,217,2018,40.0,sunflower,1.1881,1.6573018507325916,1.6907581116333055
sunflower,07_01,218,2018,40.0,sunflower,1.6403,1.470502649084401,1.5173284250740078
sunflower,07_01,219,2018,40.0,sunflower,1.8597,1.6018577429577818,1.7113446026544867
sunflower,07_01,220,2018,40.0,sunflower,1.9640999999999995,1.7970231054773331,1.8442385509808108
sunflower,07_01,222,2018,40.0,sunflower,2.0337,1.6640936531398607,1.7740095781624483
sunflower,07_01,223,2018,40.0,sunflower,1.5562,1.641917459981333,1.6391237758951247
sunflower,07_01,224,2018,40.0,sunflower,2.1925,1.8620641614377582,1.7474405101267125
sunflower,07_01,226,2018,40.0,sunflower,2.0143,1.8753671363994993,1.869675442564315
sunflower,07_01,227,2018,40.0,sunflower,2.613,1.745768196932378,1.8450583146718955
sunflower,07_01,230,2018,40.0,sunflower,1.6839,2.187210444586066,2.1407366792322033
sunflower,07_01,233,2018,40.0,sunflower,1.9316,1.8437191155540136,1.80372609896895
sunflower,07_01,234,2018,40.0,sunflower,2.1424,2.179451515671456,2.1951354388577404
sunflower,07_01,208,2019,40.0,sunflower,2.133,2.044310201573565,1.9694489599336547
sunflower,07_01,210,2019,40.0,sunflower,1.965,2.337218895621116,2.235448783596632
sunflower,07_01,211,2019,40.0,sunflower,1.868,2.2637860111743002,2.18975236835477
sunflower,07_01,212,2019,40.0,sunflower,2.478,2.089765326440427,1.9846611668563372
sunflower,07_01,214,2019,40.0,sunflower,2.1573,2.1627951006949675,2.1515333553702263
sunflower,07_01,215,2019,40.0,sunflower,1.672,1.9614625825222598,1.9045300004118457
sunflower,07_01,216,2019,40.0,sunflower,1.95,2.5820669348741694,2.5017364313155905
sunflower,07_01,217,2019,40.0,sunflower,1.962,2.044427411804098,1.9999213504288673
sunflower,07_01,218,2019,40.0,sunflower,1.7299,1.970472237140781,1.9898149230209459
sunflower,07_01,219,2019,40.0,sunflower,2.273,1.9045897642736653,1.9456161731034305
sunflower,07_01,220,2019,40.0,sunflower,2.7649999999999997,2.2096793589810773,2.1994600201257253
sunflower,07_01,221,2019,40.0,sunflower,1.982,2.150978758881896,2.248236145957123
sunflower,07_01,222,2019,40.0,sunflower,2.648,1.9747763967625187,1.9485660594877434
sunflower,07_01,223,2019,40.0,sunflower,2.651,2.1763543901423756,2.0696884033685663
sunflower,07_01,224,2019,40.0,sunflower,3.961,2.297086536177547,2.1872697953953444
sunflower,07_01,225,2019,40.0,sunflower,3.961,2.1626636149980576,2.2266288588530863
sunflower,07_01,226,2019,40.0,sunflower,2.9829999999999997,1.9993272470756973,2.0033703478536777
sunflower,07_01,233,2019,40.0,sunflower,2.564,2.1728613585392194,2.1491620405796046
sunflower,07_01,208,2021,40.0,sunflower,2.1216153846153847,2.4092468061881616,2.3163640801057266
sunflower,07_01,209,2021,40.0,sunflower,2.268059008785016,2.120464090742474,2.0241439301834467
sunflower,07_01,210,2021,40.0,sunflower,1.4783400809716598,2.443345701314694,2.2982606709394906
sunflower,07_01,211,2021,40.0,sunflower,2.1389247311827955,2.4403686394730038,2.470035294793209
sunflower,07_01,212,2021,40.0,sunflower,3.3983823529411765,2.267435570351032,2.2274392946885007
sunflower,07_01,215,2021,40.0,sunflower,2.9865822784810128,2.185951106475887,2.105573765642203
sunflower,07_01,216,2021,40.0,sunflower,2.925945945945946,2.443556724381981,2.3940103092742495
sunflower,07_01,217,2021,40.0,sunflower,2.768578431372549,2.3058519892220812,2.2379893222504226
sunflower,07_01,218,2021,40.0,sunflower,2.12974358974359,2.274234606155096,2.2203680707716162
sunflower,07_01,219,2021,40.0,sunflower,2.818952380952381,2.188345618346017,2.182396239079286
sunflower,07_01,220,2021,40.0,sunflower,2.0264,2.367613641970889,2.3292504938205485
sunflower,07_01,221,2021,40.0,sunflower,1.7475,2.4345555016906215,2.394391058838208
sunflower,07_01,222,2021,40.0,sunflower,2.9396774193548385,2.223404344794886,2.16865616483055
sunflower,07_01,223,2021,40.0,sunflower,2.8625714285714285,2.350334990549745,2.327856313183345
sunflower,07_01,224,2021,40.0,sunflower,2.0925,2.2140017731977695,2.130201366351064
sunflower,07_01,225,2021,40.0,sunflower,1.85,2.651450249434929,2.3805943806304755
sunflower,07_01,226,2021,40.0,sunflower,2.4555,2.2116298353627744,2.212803294410396
sunflower,07_01,213,2022,40.0,sunflower,1.481428571428571,2.367274756541112,2.3866372663953843
sunflower,07_01,214,2022,40.0,sunflower,1.002222222222222,2.360220899736316,2.360064284305804
sunflower,07_01,230,2022,40.0,sunflower,3.257219730941704,2.3054755731389087,2.3176334320068315
sunflower,07_01,219,2023,40.0,sunflower,2.802523809523809,2.0913282942513605,2.041103405216627
sunflower,07_01,227,2023,40.0,sunflower,2.6015895953757227,2.1163502952354896,2.0498175126702987
sunflower,07_01,231,2023,40.0,sunflower,2.2995063829787235,2.0229517521337392,2.0612349793966267
sunflower,07_01,232,2023,40.0,sunflower,2.6881993243243243,1.9634494061898002,2.0371080916319877
sunflower,07_01,195,2024,40.0,sunflower,2.7365853658536587,2.3731392323831795,2.378494769708336
sunflower,07_01,197,2024,40.0,sunflower,3.2877551020408164,2.273035859058055,2.415398003162764
sunflower,07_01,207,2024,40.0,sunflower,3.107023712920386,2.3168718926130816,2.157969572021768
sunflower,07_01,208,2024,40.0,sunflower,2.360615384615385,2.1639167346469876,2.2836945526509993
sunflower,07_01,212,2024,40.0,sunflower,1.900882352941176,2.126275580961373,2.1668487892355057
sunflower,07_01,217,2024,40.0,sunflower,2.9758823529411766,2.3223977010321906,2.299686223126021
sunflower,07_01,228,2024,40.0,sunflower,3.052881355932203,2.208825455983539,2.2722494779219335
sunflower,07_01,229,2024,40.0,sunflower,3.2544166666666663,2.0744243331841403,2.1267058114979305
sunflower,07_01,230,2024,40.0,sunflower,3.2521793721973093,2.1427315451779583,2.236236276209
sunflower,07_01,234,2024,40.0,sunflower,3.295057142857143,2.2043671148816024,2.335891495602891
sunflower,07_01,209,2025,40.0,sunflower,2.332040444223438,2.3053722460515207,2.4468775928284296
sunflower,07_01,210,2025,40.0,sunflower,3.192550607287449,2.536042703477924,2.5151144699327768
sunflower,07_01,215,2025,40.0,sunflower,3.0739240506329115,2.3333400210697306,2.4027033606048804
sunflower,07_01,216,2025,40.0,sunflower,2.986756756756757,2.3857351955420425,2.4740072998873273
sunflower,07_01,222,2025,40.0,sunflower,2.972258064516129,2.4925976098178393,2.447278288358402
sunflower,07_01,223,2025,40.0,sunflower,3.305142857142857,2.5324861469820354,2.5479458087367557
sunflower,07_01,224,2025,40.0,sunflower,3.0742307692307693,2.406554217761942,2.460056142009031
sunflower,07_01,226,2025,40.0,sunflower,3.0420000000000003,2.2075485846196377,2.4432995170188962
sunflower,08_01,195,2017,40.0,sunflower,1.6511,2.035633652981814,2.128560176463413
sunflower,08_01,197,2017,40.0,sunflower,1.8136,2.2153501757406286,2.235621965155674
sunflower,08_01,207,2017,40.0,sunflower,1.5516,1.9614090108429887,2.121921281618216
sunflower,08_01,208,2017,40.0,sunflower,2.0779,2.360843082978126,2.4775760243082834
sunflower,08_01,212,2017,40.0,sunflower,1.6862,2.083409637265134,2.086341853668009
sunflower,08_01,213,2017,40.0,sunflower,2.4459,1.9818095641516709,2.070420538743597
sunflower,08_01,214,2017,40.0,sunflower,2.4927,2.0359367629295657,2.1511765790394115
sunflower,08_01,218,2017,40.0,sunflower,1.2974,1.9647991089912056,2.0801396953027473
sunflower,08_01,226,2017,40.0,sunflower,2.629,2.279655329052903,2.372822376549453
sunflower,08_01,227,2017,40.0,sunflower,1.7968,2.2534489103019504,2.30620723595225
sunflower,08_01,228,2017,40.0,sunflower,3.34,2.4775186842306685,2.584879997920899
sunflower,08_01,229,2017,40.0,sunflower,3.34,2.08644242424467,2.229260128971055
sunflower,08_01,230,2017,40.0,sunflower,2.8902,2.583699684031991,2.6578888623611654
sunflower,08_01,233,2017,40.0,sunflower,2.0928,1.9966849600725785,1.9553025733543108
sunflower,08_01,234,2017,40.0,sunflower,2.7084,2.597484383068495,2.601484203589812
sunflower,08_01,195,2018,40.0,sunflower,2.9440999999999997,2.533838439609442,2.454314232057367
sunflower,08_01,197,2018,40.0,sunflower,3.0602,2.567703509538162,2.6583560481310093
sunflower,08_01,207,2018,40.0,sunflower,3.496,2.5630645449928116,2.638094894428869
sunflower,08_01,208,2018,40.0,sunflower,1.6354,1.5988137409558627,1.5671112961261895
sunflower,08_01,209,2018,40.0,sunflower,1.7399999999999998,2.5017616247597365,2.4888463124926345
sunflower,08_01,212,2018,40.0,sunflower,1.3272,1.4091913637711806,1.367830357484594
sunflower,08_01,213,2018,40.0,sunflower,2.6765,2.40121537424368,2.4440123036459176
sunflower,08_01,214,2018,40.0,sunflower,2.665,2.3865412892931266,2.4893635445021345
sunflower,08_01,215,2018,40.0,sunflower,2.353,2.5033785212761206,2.4407317272891254
sunflower,08_01,216,2018,40.0,sunflower,2.1175,2.4605205453520242,2.4173180399954615
sunflower,08_01,217,2018,40.0,sunflower,1.1881,1.4948210318091741,1.5380821781253755
sunflower,08_01,218,2018,40.0,sunflower,1.6403,1.4550790485397322,1.4396544713364592
sunflower,08_01,219,2018,40.0,sunflower,1.8597,1.832450783674567,1.7605231123421698
sunflower,08_01,220,2018,40.0,sunflower,1.9640999999999995,1.805056756783212,1.9921078050207641
sunflower,08_01,222,2018,40.0,sunflower,2.0337,1.424378511696032,1.3681196176920398
sunflower,08_01,223,2018,40.0,sunflower,1.5562,1.5165305362707402,1.4243494880774277
sunflower,08_01,224,2018,40.0,sunflower,2.1925,2.0848297819411536,2.110917218773839
sunflower,08_01,226,2018,40.0,sunflower,2.0143,2.5002869929779914,2.524545478201782
sunflower,08_01,227,2018,40.0,sunflower,2.613,2.5813280034377963,2.5403454462276156
sunflower,08_01,230,2018,40.0,sunflower,1.6839,2.0464983701632415,2.0751698172791033
sunflower,08_01,233,2018,40.0,sunflower,1.9316,2.199028586448737,2.1472608762903183
sunflower,08_01,234,2018,40.0,sunflower,2.1424,2.43339502301983,2.42613065675078
sunflower,08_01,208,2019,40.0,sunflower,2.133,2.4867521611746284,2.448453682278806
sunflower,08_01,210,2019,40.0,sunflower,1.965,2.401274129390915,2.426159563494202
sunflower,08_01,211,2019,40.0,sunflower,1.868,2.45869609129058,2.459604829038019
sunflower,08_01,212,2019,40.0,sunflower,2.478,2.5959129797912768,2.644023330171404
sunflower,08_01,214,2019,40.0,sunflower,2.1573,2.644412361326256,2.6049666924506556
sunflower,08_01,215,2019,40.0,sunflower,1.672,2.5428202081424116,2.5435684841327695
sunflower,08_01,216,2019,40.0,sunflower,1.95,2.8382770156468062,2.7245870361447855
sunflower,08_01,217,2019,40.0,sunflower,1.962,2.473877172508365,2.434202316405875
sunflower,08_01,218,2019,40.0,sunflower,1.7299,2.4684651170907386,2.5315156972754536
sunflower,08_01,219,2019,40.0,sunflower,2.273,2.3793378381011463,2.3945187861951376
sunflower,08_01,220,2019,40.0,sunflower,2.7649999999999997,2.5388667765558575,2.5669738377875575
sunflower,08_01,221,2019,40.0,sunflower,1.982,2.371100880768124,2.4344382717800648
sunflower,08_01,222,2019,40.0,sunflower,2.648,2.512032489320439,2.4812546910794495
sunflower,08_01,223,2019,40.0,sunflower,2.651,2.633091254834098,2.674143295618232
sunflower,08_01,224,2019,40.0,sunflower,3.961,2.664049503351554,2.6350554199309077
sunflower,08_01,225,2019,40.0,sunflower,3.961,2.2879290997676023,2.4509376314554365
sunflower,08_01,226,2019,40.0,sunflower,2.9829999999999997,2.678422065472997,2.5668260417060895
sunflower,08_01,233,2019,40.0,sunflower,2.564,2.6323435341077612,2.5802849790492606
sunflower,08_01,208,2021,40.0,sunflower,2.1216153846153847,2.3646114771939346,2.3913877303372693
sunflower,08_01,209,2021,40.0,sunflower,2.268059008785016,2.242143727959542,2.1915984106782465
sunflower,08_01,210,2021,40.0,sunflower,1.4783400809716598,2.6419554962845373,2.4624138329199763
sunflower,08_01,211,2021,40.0,sunflower,2.1389247311827955,2.6394661268229567,2.6196090550235005
sunflower,08_01,212,2021,40.0,sunflower,3.3983823529411765,2.2980749279716903,2.2190744123898147
sunflower,08_01,215,2021,40.0,sunflower,2.9865822784810128,2.1627826415529716,2.2595022736439176
sunflower,08_01,216,2021,40.0,sunflower,2.925945945945946,2.4141245112117993,2.421495548303495
sunflower,08_01,217,2021,40.0,sunflower,2.768578431372549,2.242195985366054,2.2666837468562724
sunflower,08_01,218,2021,40.0,sunflower,2.12974358974359,2.3319722901729776,2.328273737112377
sunflower,08_01,219,2021,40.0,sunflower,2.818952380952381,2.3101393720849615,2.2931740761407613
sunflower,08_01,220,2021,40.0,sunflower,2.0264,2.392747326454521,2.411862517542177
sunflower,08_01,221,2021,40.0,sunflower,1.7475,2.2933934287576347,2.3942657868988406
sunflower,08_01,222,2021,40.0,sunflower,2.9396774193548385,2.2679969504065856,2.370877110392917
sunflower,08_01,223,2021,40.0,sunflower,2.8625714285714285,2.3111085000865828,2.358869459720811
sunflower,08_01,224,2021,40.0,sunflower,2.0925,2.3038498843118043,2.221260091536955
sunflower,08_01,225,2021,40.0,sunflower,1.85,2.760369477417399,2.501114261065484
sunflower,08_01,226,2021,40.0,sunflower,2.4555,2.4020492312107518,2.404366617896966
sunflower,08_01,213,2022,40.0,sunflower,1.481428571428571,2.499035123384876,2.359140151903165
sunflower,08_01,214,2022,40.0,sunflower,1.002222222222222,2.4237899593484884,2.371753948342717
sunflower,08_01,230,2022,40.0,sunflower,3.257219730941704,2.4699777044344886,2.375076034255784
sunflower,08_01,219,2023,40.0,sunflower,2.802523809523809,2.1926725491673444,2.206153682793362
sunflower,08_01,227,2023,40.0,sunflower,2.6015895953757227,2.171129884533376,2.2823692582119306
sunflower,08_01,231,2023,40.0,sunflower,2.2995063829787235,1.993068039617011,2.021887978606055
sunflower,08_01,232,2023,40.0,sunflower,2.6881993243243243,2.1179953132371088,2.106972443244025
sunflower,08_01,195,2024,40.0,sunflower,2.7365853658536587,2.595566606533832,2.5564016015015643
sunflower,08_01,197,2024,40.0,sunflower,3.2877551020408164,2.5768086585073524,2.470094241813847
sunflower,08_01,207,2024,40.0,sunflower,3.107023712920386,2.5245054122101775,2.5887850003852635
sunflower,08_01,208,2024,40.0,sunflower,2.360615384615385,2.4233539690914325,2.354905847819497
sunflower,08_01,212,2024,40.0,sunflower,1.900882352941176,2.264007289156566,2.3006287312348976
sunflower,08_01,217,2024,40.0,sunflower,2.9758823529411766,2.485886004839635,2.5247253310642317
sunflower,08_01,228,2024,40.0,sunflower,3.052881355932203,2.39485361916854,2.445193017445132
sunflower,08_01,229,2024,40.0,sunflower,3.2544166666666663,1.9766075694321807,2.1327607875100454
sunflower,08_01,230,2024,40.0,sunflower,3.2521793721973093,2.48581121383567,2.556338604745509
sunflower,08_01,234,2024,40.0,sunflower,3.295057142857143,2.4086121491269337,2.2858420598006486
sunflower,08_01,209,2025,40.0,sunflower,2.332040444223438,2.332516195627568,2.612831412403052
sunflower,08_01,210,2025,40.0,sunflower,3.192550607287449,2.3755485278301594,2.470649630608646
sunflower,08_01,215,2025,40.0,sunflower,3.0739240506329115,2.221402136869301,2.325645292309656
sunflower,08_01,216,2025,40.0,sunflower,2.986756756756757,2.354201235306714,2.4875484148762252
sunflower,08_01,222,2025,40.0,sunflower,2.972258064516129,2.0735683625165797,2.2192624576909536
sunflower,08_01,223,2025,40.0,sunflower,3.305142857142857,2.389448542400396,2.401712440095685
sunflower,08_01,224,2025,40.0,sunflower,3.0742307692307693,2.586489458559493,2.6047698105670394
sunflower,08_01,226,2025,40.0,sunflower,3.0420000000000003,2.368247112445756,2.4864477560491274
sunflower,09_01,195,2017,40.0,sunflower,1.6511,1.9683966292854964,1.9572123211714432
sunflower,09_01,197,2017,40.0,sunflower,1.8136,2.2885635106146887,2.2223516994497663
sunflower,09_01,207,2017,40.0,sunflower,1.5516,2.0041095278263135,1.959969391538532
sunflower,09_01,208,2017,40.0,sunflower,2.0779,2.558150964874961,2.6051572221529575
sunflower,09_01,212,2017,40.0,sunflower,1.6862,2.087470213806676,2.0214594111482493
sunflower,09_01,213,2017,40.0,sunflower,2.4459,2.0209202843374623,2.0205249767233644
sunflower,09_01,214,2017,40.0,sunflower,2.4927,2.0620845823845713,2.0055135267923085
sunflower,09_01,218,2017,40.0,sunflower,1.2974,2.103475937019374,2.061191993848337
sunflower,09_01,226,2017,40.0,sunflower,2.629,2.3729850795109813,2.4452296192224185
sunflower,09_01,227,2017,40.0,sunflower,1.7968,2.2068595057253417,2.121031898467894
sunflower,09_01,228,2017,40.0,sunflower,3.34,2.702352219256289,2.7128200795023876
sunflower,09_01,229,2017,40.0,sunflower,3.34,2.178098234310943,2.202894003490195
sunflower,09_01,230,2017,40.0,sunflower,2.8902,2.779525235094055,2.81087217510672
sunflower,09_01,233,2017,40.0,sunflower,2.0928,2.083204216222847,2.068517363379498
sunflower,09_01,234,2017,40.0,sunflower,2.7084,2.539911644888383,2.5416931582447506
sunflower,09_01,195,2018,40.0,sunflower,2.9440999999999997,2.5465379819042995,2.437897462750813
sunflower,09_01,197,2018,40.0,sunflower,3.0602,2.6351708602352115,2.471756207310741
sunflower,09_01,207,2018,40.0,sunflower,3.496,2.5976738157829855,2.4920919904094476
sunflower,09_01,208,2018,40.0,sunflower,1.6354,2.0481541704381283,2.031216076204233
sunflower,09_01,209,2018,40.0,sunflower,1.7399999999999998,2.5679122228015254,2.5112572256600276
sunflower,09_01,212,2018,40.0,sunflower,1.3272,1.445950128138295,1.560956576319925
sunflower,09_01,213,2018,40.0,sunflower,2.6765,2.216361691765808,2.3314419234860333
sunflower,09_01,214,2018,40.0,sunflower,2.665,2.2635003090008743,2.291408098502747
sunflower,09_01,215,2018,40.0,sunflower,2.353,2.3411801857190024,2.3772633530346163
sunflower,09_01,216,2018,40.0,sunflower,2.1175,2.4725862913471834,2.52270702078737
sunflower,09_01,217,2018,40.0,sunflower,1.1881,1.471117030907637,1.5790236697819309
sunflower,09_01,218,2018,40.0,sunflower,1.6403,1.6404388047754148,1.6051636086880372
sunflower,09_01,219,2018,40.0,sunflower,1.8597,2.301169369635306,2.2339216739969885
sunflower,09_01,220,2018,40.0,sunflower,1.9640999999999995,1.8277173780413742,1.9527445343765912
sunflower,09_01,222,2018,40.0,sunflower,2.0337,1.7057938231123162,1.6813860612640181
sunflower,09_01,223,2018,40.0,sunflower,1.5562,1.5377214158236838,1.6696757785264063
sunflower,09_01,224,2018,40.0,sunflower,2.1925,2.3385201427827935,2.3246811057960324
sunflower,09_01,226,2018,40.0,sunflower,2.0143,2.43728887244922,2.4532571935376213
sunflower,09_01,227,2018,40.0,sunflower,2.613,2.5700483881814815,2.47476525949008
sunflower,09_01,230,2018,40.0,sunflower,1.6839,2.129621164529184,2.206007863842441
sunflower,09_01,233,2018,40.0,sunflower,1.9316,2.302527106459524,2.269561083485248
sunflower,09_01,234,2018,40.0,sunflower,2.1424,2.397991976534751,2.4352995751599997
sunflower,09_01,208,2019,40.0,sunflower,2.133,2.5006809592197277,2.554602187671664
sunflower,09_01,210,2019,40.0,sunflower,1.965,2.478142619827915,2.4148126154080556
sunflower,09_01,211,2019,40.0,sunflower,1.868,2.5467341143815188,2.390369846660743
sunflower,09_01,212,2019,40.0,sunflower,2.478,2.6697212429562462,2.6607508691445116
sunflower,09_01,214,2019,40.0,sunflower,2.1573,2.6291524047345654,2.631064631076165
sunflower,09_01,215,2019,40.0,sunflower,1.672,2.5334101618454623,2.589019392381788
sunflower,09_01,216,2019,40.0,sunflower,1.95,2.6747967976890794,2.670457955371002
sunflower,09_01,217,2019,40.0,sunflower,1.962,2.585100890498877,2.450637517173669
sunflower,09_01,218,2019,40.0,sunflower,1.7299,2.3994477368097615,2.49632669664454
sunflower,09_01,219,2019,40.0,sunflower,2.273,2.584451019685416,2.535948261847414
sunflower,09_01,220,2019,40.0,sunflower,2.7649999999999997,2.493606246902075,2.495108607583216
sunflower,09_01,221,2019,40.0,sunflower,1.982,2.340229945930855,2.2744387684746097
sunflower,09_01,222,2019,40.0,sunflower,2.648,2.5532393896852064,2.4942942650119755
sunflower,09_01,223,2019,40.0,sunflower,2.651,2.6480425902762112,2.6663432339409683
sunflower,09_01,224,2019,40.0,sunflower,3.961,2.587952154008154,2.628662296028025
sunflower,09_01,225,2019,40.0,sunflower,3.961,2.255480323771348,2.3348469263892477
sunflower,09_01,226,2019,40.0,sunflower,2.9829999999999997,2.4634629833102526,2.5688296985664993
sunflower,09_01,233,2019,40.0,sunflower,2.564,2.50848474428338,2.5200940590961753
sunflower,09_01,208,2021,40.0,sunflower,2.1216153846153847,2.317118370242923,2.410298636290848
sunflower,09_01,209,2021,40.0,sunflower,2.268059008785016,2.2263300551499965,2.1422642948244444
sunflower,09_01,210,2021,40.0,sunflower,1.4783400809716598,2.740289557240853,2.642545442693047
sunflower,09_01,211,2021,40.0,sunflower,2.1389247311827955,2.588629467291074,2.558643461340412
sunflower,09_01,212,2021,40.0,sunflower,3.3983823529411765,2.3245018866998364,2.2820494639028155
sunflower,09_01,215,2021,40.0,sunflower,2.9865822784810128,2.192117995111762,2.167487229677428
sunflower,09_01,216,2021,40.0,sunflower,2.925945945945946,2.4580727667317808,2.260625531304621
sunflower,09_01,217,2021,40.0,sunflower,2.768578431372549,2.328305301961441,2.259766143744438
sunflower,09_01,218,2021,40.0,sunflower,2.12974358974359,2.207972815126759,2.2976670403395305
sunflower,09_01,219,2021,40.0,sunflower,2.818952380952381,2.3395325679090937,2.29004710016972
sunflower,09_01,220,2021,40.0,sunflower,2.0264,2.38516626736954,2.4058541615580933
sunflower,09_01,221,2021,40.0,sunflower,1.7475,2.2390241322808495,2.289365743660346
sunflower,09_01,222,2021,40.0,sunflower,2.9396774193548385,2.357447076799321,2.3386723214779037
sunflower,09_01,223,2021,40.0,sunflower,2.8625714285714285,2.4122652063609453,2.3649963706059403
sunflower,09_01,224,2021,40.0,sunflower,2.0925,2.304451957106613,2.288264835983952
sunflower,09_01,225,2021,40.0,sunflower,1.85,2.8193362385634013,2.5031536627610893
sunflower,09_01,226,2021,40.0,sunflower,2.4555,2.3192966217950315,2.415634174360454
sunflower,09_01,213,2022,40.0,sunflower,1.481428571428571,2.476724437329427,2.4103533144953766
sunflower,09_01,214,2022,40.0,sunflower,1.002222222222222,2.4816789814946603,2.371321156335582
sunflower,09_01,230,2022,40.0,sunflower,3.257219730941704,2.508320343265166,2.412461246540329
sunflower,09_01,219,2023,40.0,sunflower,2.802523809523809,2.2400091102897126,2.279174216202862
sunflower,09_01,227,2023,40.0,sunflower,2.6015895953757227,2.2835237282602514,2.3394903389824226
sunflower,09_01,231,2023,40.0,sunflower,2.2995063829787235,2.0603196736820166,2.1335576015565123
sunflower,09_01,232,2023,40.0,sunflower,2.6881993243243243,2.2113730727194567,2.19555039818719
sunflower,09_01,195,2024,40.0,sunflower,2.7365853658536587,2.780684217354306,2.5261024955928564
sunflower,09_01,197,2024,40.0,sunflower,3.2877551020408164,2.8725601213848124,2.6757601630935253
sunflower,09_01,207,2024,40.0,sunflower,3.107023712920386,2.9231663991967887,2.7509795794075056
sunflower,09_01,208,2024,40.0,sunflower,2.360615384615385,2.5287983029511545,2.4392690856064014
sunflower,09_01,212,2024,40.0,sunflower,1.900882352941176,2.5614422982463525,2.4952651516341215
sunflower,09_01,217,2024,40.0,sunflower,2.9758823529411766,2.553803670812592,2.545122459920235
sunflower,09_01,228,2024,40.0,sunflower,3.052881355932203,2.7589124484804315,2.383793613400675
sunflower,09_01,229,2024,40.0,sunflower,3.2544166666666663,2.279144376872545,2.2535970058687655
sunflower,09_01,230,2024,40.0,sunflower,3.2521793721973093,2.652070178377354,2.5102525808802603
sunflower,09_01,234,2024,40.0,sunflower,3.295057142857143,2.3450028908202136,2.255549951724895
sunflower,09_01,209,2025,40.0,sunflower,2.332040444223438,2.4843291161283765,2.6393028220638017
sunflower,09_01,210,2025,40.0,sunflower,3.192550607287449,2.731828351912709,2.657239880310373
sunflower,09_01,215,2025,40.0,sunflower,3.0739240506329115,2.548419591043688,2.4805556172867766
sunflower,09_01,216,2025,40.0,sunflower,2.986756756756757,2.9459668546588857,2.886474320512915
sunflower,09_01,222,2025,40.0,sunflower,2.972258064516129,2.5904171869073522,2.6079878809129853
sunflower,09_01,223,2025,40.0,sunflower,3.305142857142857,2.6900407947318423,2.6022040946733482
sunflower,09_01,224,2025,40.0,sunflower,3.0742307692307693,2.7443856890776694,2.6754228971319343
sunflower,09_01,226,2025,40.0,sunflower,3.0420000000000003,2.5807505814651006,2.5767037407986972
wheat_combined,07_01,195,2022,44.0,wheat_winter,2.1216260162601626,2.7432539688991446,2.8463331182515925
wheat_combined,07_01,197,2022,44.0,wheat_winter,1.5206997084548106,2.832308825938394,2.8463331182515925
wheat_combined,07_01,207,2022,44.0,wheat_winter,1.8862140474258409,2.7444755467887507,2.8463331182515925
wheat_combined,07_01,208,2022,43.0,wheat_spring,2.356923076923077,2.857455677052995,2.845784626368089
wheat_combined,07_01,209,2022,43.0,wheat_spring,2.657417536880491,2.81407813107926,2.829317990089432
wheat_combined,07_01,210,2022,43.0,wheat_spring,3.0655870445344133,2.742641708861055,2.829317990089432
wheat_combined,07_01,211,2022,43.0,wheat_spring,3.4704,2.730903167740047,2.845784626368089
wheat_combined,07_01,212,2022,43.0,wheat_spring,3.1773529411764705,2.722658040004923,2.845784626368089
wheat_combined,07_01,215,2022,43.0,wheat_spring,2.858987341772152,2.699755497223845,2.845784626368089
wheat_combined,07_01,216,2022,43.0,wheat_spring,3.1270270270270273,2.7573204625456826,2.829317990089432
wheat_combined,07_01,217,2022,43.0,wheat_spring,3.063725490196078,2.769932421278586,2.829317990089432
wheat_combined,07_01,218,2022,43.0,wheat_spring,2.1723076923076925,2.692023783598674,2.845784626368089
wheat_combined,07_01,219,2022,43.0,wheat_spring,2.827547619047619,2.748506905020529,2.829317990089432
wheat_combined,07_01,220,2022,43.0,wheat_spring,3.4832,2.732942626891657,2.845784626368089
wheat_combined,07_01,221,2022,43.0,wheat_spring,4.1328000000000005,2.8249214889359986,2.829317990089432
wheat_combined,07_01,222,2022,43.0,wheat_spring,3.2700483870967743,2.720477193775937,2.829317990089432
wheat_combined,07_01,223,2022,43.0,wheat_spring,3.2311428571428573,2.715861662391583,2.829317990089432
wheat_combined,07_01,224,2022,43.0,wheat_spring,3.079423076923077,2.692248127469862,2.845784626368089
wheat_combined,07_01,225,2022,43.0,wheat_spring,4.58,2.8225471278448815,2.829317990089432
wheat_combined,07_01,226,2022,43.0,wheat_spring,1.6934999999999998,2.8857548525400873,2.845784626368089
wheat_combined,07_01,227,2022,44.0,wheat_winter,2.217514450867052,3.0801592446503707,2.8386553842390225
wheat_combined,07_01,228,2022,43.0,wheat_spring,4.564745762711865,2.7629612710973377,2.8463331182515925
wheat_combined,07_01,229,2022,43.0,wheat_spring,2.841666666666667,2.797982434946181,2.8463331182515925
wheat_combined,07_01,231,2022,44.0,wheat_winter,1.5712340425531914,2.7309819190111835,2.8463331182515925
wheat_combined,07_01,232,2022,44.0,wheat_winter,1.847837837837838,2.6520793614699048,2.8463331182515925
wheat_combined,07_01,234,2022,43.0,wheat_spring,3.975428571428571,2.7281230443371056,2.8386553842390225
wheat_combined,07_01,195,2023,44.0,wheat_winter,0.8904065040650406,2.5643751854587613,2.479305751625295
wheat_combined,07_01,197,2023,44.0,wheat_winter,1.0820991253644316,3.094103473762149,2.792907085276425
wheat_combined,07_01,207,2023,44.0,wheat_winter,1.068974844468488,2.606479274428833,2.52999104891196
wheat_combined,07_01,208,2023,43.0,wheat_spring,2.018076923076923,2.958449299059283,2.5287823614190708
wheat_combined,07_01,209,2023,44.0,wheat_winter,1.4882148184982598,2.9814255980313566,3.0506687958818635
wheat_combined,07_01,212,2023,43.0,wheat_spring,2.9445588235294116,2.6970223112313185,2.5341383911986424
wheat_combined,07_01,213,2023,43.0,wheat_spring,1.6768999999999998,2.74088616869127,2.6727658126739477
wheat_combined,07_01,214,2023,43.0,wheat_spring,1.6103999999999998,2.916977587985231,2.720495836322616
wheat_combined,07_01,228,2023,44.0,wheat_winter,1.5016949152542372,2.6061137151339318,2.749423146420711
wheat_combined,07_01,229,2023,44.0,wheat_winter,3.443333333333334,2.7276390420494723,2.765965326678556
wheat_combined,07_01,230,2023,43.0,wheat_spring,0.9786995515695068,2.9900796305143658,3.0580183496547226
wheat_combined,07_01,234,2023,44.0,wheat_winter,1.7062857142857142,2.769566296376476,2.8229570101018613
wheat_combined,07_01,209,2024,44.0,wheat_winter,4.5289739764627885,2.8943492236769344,2.847356154673083
wheat_combined,07_01,210,2024,44.0,wheat_winter,5.519493927125506,2.926162996504931,3.0917391046856304
wheat_combined,07_01,215,2024,44.0,wheat_winter,4.476708860759494,2.833141152630488,3.007846945724761
wheat_combined,07_01,216,2024,44.0,wheat_winter,5.342162162162162,2.8797316937020305,2.9870688580349927
wheat_combined,07_01,218,2024,43.0,wheat_spring,4.027153846153846,2.9267629374360205,3.045330145138549
wheat_combined,07_01,219,2024,43.0,wheat_spring,3.6718380952380953,2.922383408307888,2.9630294155132764
wheat_combined,07_01,220,2024,43.0,wheat_spring,3.12756,2.8933162557464582,2.980541587706293
wheat_combined,07_01,222,2024,43.0,wheat_spring,3.6562580645161287,2.863050881896816,3.0180175021198687
wheat_combined,07_01,223,2024,43.0,wheat_spring,3.350857142857143,2.86469211903307,3.0286204342769167
wheat_combined,07_01,224,2024,44.0,wheat_winter,5.0582692307692305,2.882703910833978,3.1329398057639404
wheat_combined,07_01,226,2024,44.0,wheat_winter,4.9315,2.8670906487076495,2.9691238611647246
wheat_combined,07_01,231,2024,43.0,wheat_spring,3.806382978723404,3.0328017414413404,3.0691045208438053
wheat_combined,07_01,232,2024,43.0,wheat_spring,3.330304054054054,2.978299661978417,3.0656759380229577
wheat_combined,07_01,195,2025,43.0,wheat_spring,2.7195121951219514,3.2093892947427762,3.2255246126770856
wheat_combined,07_01,197,2025,43.0,wheat_spring,3.779416909620991,3.0655175583936027,3.1874618144061384
wheat_combined,07_01,207,2025,43.0,wheat_spring,1.3522676043638986,3.1598553855977114,3.111857159929529
wheat_combined,07_01,208,2025,43.0,wheat_spring,3.8430769230769233,3.130331575132045,3.040479441196468
wheat_combined,07_01,212,2025,43.0,wheat_spring,1.7024264705882353,2.7220816552937928,2.8731322569634727
wheat_combined,07_01,217,2025,43.0,wheat_spring,2.5629901960784314,2.657301765015428,2.6598566697947845
wheat_combined,07_01,218,2025,43.0,wheat_spring,4.112820512820513,3.083694639656943,3.0473365134860235
wheat_combined,07_01,220,2025,43.0,wheat_spring,3.3072000000000004,3.0231398253493995,2.9321280067378526
wheat_combined,07_01,228,2025,43.0,wheat_spring,3.004576271186441,3.344491121942739,3.2982375678143
wheat_combined,07_01,229,2025,43.0,wheat_spring,3.5050000000000003,3.1829964448944352,3.2026567091297595
wheat_combined,07_01,230,2025,43.0,wheat_spring,3.6687443946188343,3.149529036235755,2.9755166920405616
wheat_combined,08_01,195,2022,44.0,wheat_winter,2.1216260162601626,2.7536351186830914,2.8544679906617425
wheat_combined,08_01,197,2022,44.0,wheat_winter,1.5206997084548106,2.8251401759981296,2.848224401473999
wheat_combined,08_01,207,2022,44.0,wheat_winter,1.8862140474258409,2.8264732359041798,2.8544679906617425
wheat_combined,08_01,208,2022,43.0,wheat_spring,2.356923076923077,2.815811982862712,2.8544679906617425
wheat_combined,08_01,209,2022,43.0,wheat_spring,2.657417536880491,2.8343961095233006,2.8544679906617425
wheat_combined,08_01,210,2022,43.0,wheat_spring,3.0655870445344133,2.748460502684661,2.8544679906617425
wheat_combined,08_01,211,2022,43.0,wheat_spring,3.4704,2.8160830590694568,2.8544679906617425
wheat_combined,08_01,212,2022,43.0,wheat_spring,3.1773529411764705,2.7728709174845774,2.8544679906617425
wheat_combined,08_01,215,2022,43.0,wheat_spring,2.858987341772152,2.8216151891886696,2.8544679906617425
wheat_combined,08_01,216,2022,43.0,wheat_spring,3.1270270270270273,2.811196199057073,2.8544679906617425
wheat_combined,08_01,217,2022,43.0,wheat_spring,3.063725490196078,2.817053040229581,2.848224401473999
wheat_combined,08_01,218,2022,43.0,wheat_spring,2.1723076923076925,2.7915322473188433,2.8544679906617425
wheat_combined,08_01,219,2022,43.0,wheat_spring,2.827547619047619,2.821360805017221,2.8544679906617425
wheat_combined,08_01,220,2022,43.0,wheat_spring,3.4832,2.7527129227888083,2.848224401473999
wheat_combined,08_01,221,2022,43.0,wheat_spring,4.1328000000000005,2.7870346214115904,2.848224401473999
wheat_combined,08_01,222,2022,43.0,wheat_spring,3.2700483870967743,2.784111117114516,2.8544679906617425
wheat_combined,08_01,223,2022,43.0,wheat_spring,3.2311428571428573,2.786184903598414,2.8544679906617425
wheat_combined,08_01,224,2022,43.0,wheat_spring,3.079423076923077,2.809998640128454,2.8544679906617425
wheat_combined,08_01,225,2022,43.0,wheat_spring,4.58,2.8205250387048446,2.848224401473999
wheat_combined,08_01,226,2022,43.0,wheat_spring,1.6934999999999998,2.7840346966596843,2.8544679906617425
wheat_combined,08_01,227,2022,44.0,wheat_winter,2.217514450867052,2.874135256467087,2.848224401473999
wheat_combined,08_01,228,2022,43.0,wheat_spring,4.564745762711865,2.8119140304853043,2.8544679906617425
wheat_combined,08_01,229,2022,43.0,wheat_spring,2.841666666666667,2.8455748281560034,2.848224401473999
wheat_combined,08_01,231,2022,44.0,wheat_winter,1.5712340425531914,2.7390884433358296,2.8544679906617425
wheat_combined,08_01,232,2022,44.0,wheat_winter,1.847837837837838,2.7927125000028963,2.8544679906617425
wheat_combined,08_01,234,2022,43.0,wheat_spring,3.975428571428571,2.800966553299477,2.8544679906617425
wheat_combined,08_01,195,2023,44.0,wheat_winter,0.8904065040650406,2.4159630375797474,2.46036395385104
wheat_combined,08_01,197,2023,44.0,wheat_winter,1.0820991253644316,2.8233376912987946,2.792025428547286
wheat_combined,08_01,207,2023,44.0,wheat_winter,1.068974844468488,2.3527492846744655,2.5089921349887443
wheat_combined,08_01,208,2023,43.0,wheat_spring,2.018076923076923,2.6671601761687826,2.8928277907853803
wheat_combined,08_01,209,2023,44.0,wheat_winter,1.4882148184982598,3.0693207518531853,3.3057516826035207
wheat_combined,08_01,212,2023,43.0,wheat_spring,2.9445588235294116,2.2258962921316154,2.6304280175041503
wheat_combined,08_01,213,2023,43.0,wheat_spring,1.6768999999999998,2.670165317836445,2.914661012738969
wheat_combined,08_01,214,2023,43.0,wheat_spring,1.6103999999999998,2.7842355561898064,3.041122097918797
wheat_combined,08_01,228,2023,44.0,wheat_winter,1.5016949152542372,3.1639078187857854,3.131334181471948
wheat_combined,08_01,229,2023,44.0,wheat_winter,3.443333333333334,2.6154345790414983,3.0079447330310014
wheat_combined,08_01,230,2023,43.0,wheat_spring,0.9786995515695068,2.8656634449855387,3.13396947044445
wheat_combined,08_01,234,2023,44.0,wheat_winter,1.7062857142857142,3.452964921385358,3.3175117470426874
wheat_combined,08_01,209,2024,44.0,wheat_winter,4.5289739764627885,3.034879075374483,2.8617947402928436
wheat_combined,08_01,210,2024,44.0,wheat_winter,5.519493927125506,2.9830653571550374,2.9071546862934823
wheat_combined,08_01,215,2024,44.0,wheat_winter,4.476708860759494,3.055781238139345,2.876565996079202
wheat_combined,08_01,216,2024,44.0,wheat_winter,5.342162162162162,2.8637399641149734,2.876565996079202
wheat_combined,08_01,218,2024,43.0,wheat_spring,4.027153846153846,2.852450940864752,2.8359363913228086
wheat_combined,08_01,219,2024,43.0,wheat_spring,3.6718380952380953,2.889175407637161,2.863568902489694
wheat_combined,08_01,220,2024,43.0,wheat_spring,3.12756,2.8650222983427613,2.899283357708272
wheat_combined,08_01,222,2024,43.0,wheat_spring,3.6562580645161287,2.8708936746030274,2.9041223426578306
wheat_combined,08_01,223,2024,43.0,wheat_spring,3.350857142857143,2.8388379413770237,2.967469309043294
wheat_combined,08_01,224,2024,44.0,wheat_winter,5.0582692307692305,2.9946282045134245,2.876565996079202
wheat_combined,08_01,226,2024,44.0,wheat_winter,4.9315,2.923767861180104,2.876565996079202
wheat_combined,08_01,231,2024,43.0,wheat_spring,3.806382978723404,2.9549447312837964,2.90890401494714
wheat_combined,08_01,232,2024,43.0,wheat_spring,3.330304054054054,2.956951401331985,2.90890401494714
wheat_combined,08_01,195,2025,43.0,wheat_spring,2.7195121951219514,3.019428094986675,3.1469976836992677
wheat_combined,08_01,197,2025,43.0,wheat_spring,3.779416909620991,2.8497121155329497,3.1194407594896316
wheat_combined,08_01,207,2025,43.0,wheat_spring,1.3522676043638986,3.146728521967238,3.1569936983842553
wheat_combined,08_01,208,2025,43.0,wheat_spring,3.8430769230769233,3.159942640917505,3.303550111926514
wheat_combined,08_01,212,2025,43.0,wheat_spring,1.7024264705882353,2.7918260638961256,2.993306257251524
wheat_combined,08_01,217,2025,43.0,wheat_spring,2.5629901960784314,2.632575929420132,2.9535307261956354
wheat_combined,08_01,218,2025,43.0,wheat_spring,4.112820512820513,3.1599458607422477,3.3113869438074146
wheat_combined,08_01,220,2025,43.0,wheat_spring,3.3072000000000004,3.1492232543766687,3.3123389004262958
wheat_combined,08_01,228,2025,43.0,wheat_spring,3.004576271186441,3.2957649809557066,3.5251737702259294
wheat_combined,08_01,229,2025,43.0,wheat_spring,3.5050000000000003,2.914702948773608,2.9813947592744463
wheat_combined,08_01,230,2025,43.0,wheat_spring,3.6687443946188343,3.003951354548364,3.1854522342527654
wheat_combined,09_01,195,2022,44.0,wheat_winter,2.1216260162601626,2.7788970434091165,2.865923844002531
wheat_combined,09_01,197,2022,44.0,wheat_winter,1.5206997084548106,2.8528129495412453,2.828313855388459
wheat_combined,09_01,207,2022,44.0,wheat_winter,1.8862140474258409,2.8237786011301242,2.8147096123840734
wheat_combined,09_01,208,2022,43.0,wheat_spring,2.356923076923077,2.889526210913328,2.8924492847169256
wheat_combined,09_01,209,2022,43.0,wheat_spring,2.657417536880491,2.8227367833377097,2.865923844002531
wheat_combined,09_01,210,2022,43.0,wheat_spring,3.0655870445344133,2.7943838909539087,2.8733895009527846
wheat_combined,09_01,211,2022,43.0,wheat_spring,3.4704,2.793768063310587,2.865923844002531
wheat_combined,09_01,212,2022,43.0,wheat_spring,3.1773529411764705,2.762509992270809,2.8147096123840734
wheat_combined,09_01,215,2022,43.0,wheat_spring,2.858987341772152,2.8221401097203453,2.865923844002531
wheat_combined,09_01,216,2022,43.0,wheat_spring,3.1270270270270273,2.8409145388054444,2.8208432186763397
wheat_combined,09_01,217,2022,43.0,wheat_spring,3.063725490196078,2.821106927230867,2.854839296102853
wheat_combined,09_01,218,2022,43.0,wheat_spring,2.1723076923076925,2.790266211037246,2.923749497962311
wheat_combined,09_01,219,2022,43.0,wheat_spring,2.827547619047619,2.88879918443994,2.865923844002531
wheat_combined,09_01,220,2022,43.0,wheat_spring,3.4832,2.790266211037246,2.890734144685314
wheat_combined,09_01,221,2022,43.0,wheat_spring,4.1328000000000005,2.8539948543774876,2.923749497962311
wheat_combined,09_01,222,2022,43.0,wheat_spring,3.2700483870967743,2.790266211037246,2.865923844002531
wheat_combined,09_01,223,2022,43.0,wheat_spring,3.2311428571428573,2.793768063310587,2.865923844002531
wheat_combined,09_01,224,2022,43.0,wheat_spring,3.079423076923077,2.8555700909856845,2.8924492847169256
wheat_combined,09_01,225,2022,43.0,wheat_spring,4.58,2.8539948543774876,2.923749497962311
wheat_combined,09_01,226,2022,43.0,wheat_spring,1.6934999999999998,2.886870510730787,2.923749497962311
wheat_combined,09_01,227,2022,44.0,wheat_winter,2.217514450867052,2.88879918443994,2.854839296102853
wheat_combined,09_01,228,2022,43.0,wheat_spring,4.564745762711865,2.818283350675605,2.865923844002531
wheat_combined,09_01,229,2022,43.0,wheat_spring,2.841666666666667,2.8381797731277065,2.890734144685314
wheat_combined,09_01,231,2022,44.0,wheat_winter,1.5712340425531914,2.873312336895148,2.865923844002531
wheat_combined,09_01,232,2022,44.0,wheat_winter,1.847837837837838,2.8400832434408927,2.865923844002531
wheat_combined,09_01,234,2022,43.0,wheat_spring,3.975428571428571,2.8086171865787692,2.872057450294797
wheat_combined,09_01,195,2023,44.0,wheat_winter,0.8904065040650406,2.4509905759445227,2.5252698181260644
wheat_combined,09_01,197,2023,44.0,wheat_winter,1.0820991253644316,2.3197757701847115,2.7036038869928736
wheat_combined,09_01,207,2023,44.0,wheat_winter,1.068974844468488,2.5812556829981097,2.6432327195706917
wheat_combined,09_01,208,2023,43.0,wheat_spring,2.018076923076923,2.542620287853225,2.759219715852544
wheat_combined,09_01,209,2023,44.0,wheat_winter,1.4882148184982598,2.910613302420143,3.4509327869371367
wheat_combined,09_01,212,2023,43.0,wheat_spring,2.9445588235294116,2.2170837938220087,2.486138966641852
wheat_combined,09_01,213,2023,43.0,wheat_spring,1.6768999999999998,2.9261406436340396,2.902392638091342
wheat_combined,09_01,214,2023,43.0,wheat_spring,1.6103999999999998,2.7990259648800198,3.091598873704208
wheat_combined,09_01,228,2023,44.0,wheat_winter,1.5016949152542372,2.9599191337540116,2.997418303530501
wheat_combined,09_01,229,2023,44.0,wheat_winter,3.443333333333334,2.830573703898649,2.958027515037141
wheat_combined,09_01,230,2023,43.0,wheat_spring,0.9786995515695068,2.5513885660016657,2.8009169255148127
wheat_combined,09_01,234,2023,44.0,wheat_winter,1.7062857142857142,2.9184917490338416,2.895069023367582
wheat_combined,09_01,209,2024,44.0,wheat_winter,4.5289739764627885,2.965281696557341,3.0613425539996806
wheat_combined,09_01,210,2024,44.0,wheat_winter,5.519493927125506,2.9785501651646062,3.123095781284142
wheat_combined,09_01,215,2024,44.0,wheat_winter,4.476708860759494,3.0566171667947426,3.079089752081554
wheat_combined,09_01,216,2024,44.0,wheat_winter,5.342162162162162,2.8656910711121464,3.043215335150057
wheat_combined,09_01,218,2024,43.0,wheat_spring,4.027153846153846,3.0389618869304056,3.274243460299548
wheat_combined,09_01,219,2024,43.0,wheat_spring,3.6718380952380953,2.989853706431772,3.0708064321754502
wheat_combined,09_01,220,2024,43.0,wheat_spring,3.12756,2.9761141060644083,3.324813356613209
wheat_combined,09_01,222,2024,43.0,wheat_spring,3.6562580645161287,3.0238355727265964,3.228029252088126
wheat_combined,09_01,223,2024,43.0,wheat_spring,3.350857142857143,3.002401715019589,3.3259125772215006
wheat_combined,09_01,224,2024,44.0,wheat_winter,5.0582692307692305,3.0620062098664627,3.2360641477959127
wheat_combined,09_01,226,2024,44.0,wheat_winter,4.9315,2.9673880610118797,2.9589364088741847
wheat_combined,09_01,231,2024,43.0,wheat_spring,3.806382978723404,3.0039440943712643,3.1451693968057866
wheat_combined,09_01,232,2024,43.0,wheat_spring,3.330304054054054,3.0307655738682873,3.144175602299324
wheat_combined,09_01,195,2025,43.0,wheat_spring,2.7195121951219514,3.55966797515717,3.228464270465057
wheat_combined,09_01,197,2025,43.0,wheat_spring,3.779416909620991,3.423089379357988,3.221417623483246
wheat_combined,09_01,207,2025,43.0,wheat_spring,1.3522676043638986,3.4085165271415048,3.3414115741415653
wheat_combined,09_01,208,2025,43.0,wheat_spring,3.8430769230769233,3.6275740774947454,3.3697627202056424
wheat_combined,09_01,212,2025,43.0,wheat_spring,1.7024264705882353,3.297079776255659,3.0589949658028823
wheat_combined,09_01,217,2025,43.0,wheat_spring,2.5629901960784314,3.3240126488910913,3.2059174989503973
wheat_combined,09_01,218,2025,43.0,wheat_spring,4.112820512820513,3.5556495664991403,3.549181167806746
wheat_combined,09_01,220,2025,43.0,wheat_spring,3.3072000000000004,3.2959301366032436,3.299074469335868
wheat_combined,09_01,228,2025,43.0,wheat_spring,3.004576271186441,3.6365867389360655,3.585280981357585
wheat_combined,09_01,229,2025,43.0,wheat_spring,3.5050000000000003,3.2715576643141953,3.5070426342641245
wheat_combined,09_01,230,2025,43.0,wheat_spring,3.6687443946188343,3.5071714963281355,3.283522625010536
all_crops,07_01,195,2017,40.0,sunflower,1.6511,2.2567728875299204,2.277882291029843
all_crops,07_01,197,2017,40.0,sunflower,1.8136,2.3806409519690033,2.3711602455564025
all_crops,07_01,207,2017,40.0,sunflower,1.5516,2.1895946694906123,2.220391039281565
all_crops,07_01,208,2017,40.0,sunflower,2.0779,2.117583451763338,2.2077187878877305
all_crops,07_01,209,2017,44.0,wheat_winter,2.22,2.269083853946912,2.266710888011549
all_crops,07_01,210,2017,44.0,wheat_winter,2.002,2.4805158793199835,2.362535421342998
all_crops,07_01,211,2017,44.0,wheat_winter,2.4379999999999997,2.019255104715878,1.9903642981509764
all_crops,07_01,212,2017,40.0,sunflower,1.6862,2.122921440986338,2.226934982676528
all_crops,07_01,213,2017,40.0,sunflower,2.4459,2.1865924703151465,2.2412125145920467
all_crops,07_01,214,2017,40.0,sunflower,2.4927,2.2781034684931205,2.274256327647051
all_crops,07_01,215,2017,20.0,oil_seed_raps_spring,3.08,2.3790294836222277,2.3629786518245104
all_crops,07_01,216,2017,20.0,oil_seed_raps_spring,2.26,2.6750664311590215,2.650435805883673
all_crops,07_01,217,2017,20.0,oil_seed_raps_spring,0.8960000000000001,2.071298908717165,2.120436688174789
all_crops,07_01,218,2017,40.0,sunflower,1.2974,1.8281596897484294,1.8166322845997631
all_crops,07_01,219,2017,44.0,wheat_winter,1.873,2.426768809098504,2.4047202782055743
all_crops,07_01,220,2017,20.0,oil_seed_raps_spring,1.93,1.8765773644060726,1.9120065671112174
all_crops,07_01,221,2017,20.0,oil_seed_raps_spring,1.06,2.305653515787377,2.4253805008394287
all_crops,07_01,222,2017,20.0,oil_seed_raps_spring,1.664,1.6951485111173366,1.8244481085325137
all_crops,07_01,223,2017,20.0,oil_seed_raps_spring,1.995,1.8253474133923309,1.8007083573269158
all_crops,07_01,224,2017,20.0,oil_seed_raps_spring,0.6639999999999999,2.1533474823285443,2.1406777266876427
all_crops,07_01,225,2017,20.0,oil_seed_raps_spring,0.6639999999999999,2.215280861064087,2.317945100774815
all_crops,07_01,226,2017,40.0,sunflower,2.629,2.3025037799524113,2.343480004936901
all_crops,07_01,227,2017,40.0,sunflower,1.7968,2.4655057228933828,2.4663982549215224
all_crops,07_01,228,2017,40.0,sunflower,3.34,2.38826363637616,2.403135856026664
all_crops,07_01,229,2017,40.0,sunflower,3.34,2.1281260926651893,2.215794164062272
all_crops,07_01,230,2017,40.0,sunflower,2.8902,2.5027687170117945,2.5753018398336778
all_crops,07_01,231,2017,43.0,wheat_spring,1.95,2.264011641829985,2.2558230550686886
all_crops,07_01,232,2017,43.0,wheat_spring,1.95,2.413890366315997,2.484925156904243
all_crops,07_01,233,2017,40.0,sunflower,2.0928,1.9466992516745931,2.0629093074749796
all_crops,07_01,234,2017,40.0,sunflower,2.7084,2.4248678258502845,2.503617085186564
all_crops,07_01,195,2018,40.0,sunflower,2.9440999999999997,1.582530660541615,1.5678003907244626
all_crops,07_01,197,2018,40.0,sunflower,3.0602,1.8881313661601664,1.7991661926661529
all_crops,07_01,207,2018,40.0,sunflower,3.496,1.9120813980167242,1.883310486958945
all_crops,07_01,208,2018,40.0,sunflower,1.6354,1.5970215611544019,1.5827826076493168
all_crops,07_01,209,2018,40.0,sunflower,1.7399999999999998,2.0416441324241124,2.0737533137345943
all_crops,07_01,210,2018,21.0,oil_seed_raps_winter,0.978,1.8504682535081638,1.8410546769938518
all_crops,07_01,212,2018,40.0,sunflower,1.3272,1.6915836745060566,1.6511594324811796
all_crops,07_01,213,2018,40.0,sunflower,2.6765,1.9705736842730117,1.9651258173375084
all_crops,07_01,214,2018,40.0,sunflower,2.665,1.9261455902236237,1.8805019427117062
all_crops,07_01,215,2018,40.0,sunflower,2.353,1.6570292170862584,1.6767728574309095
all_crops,07_01,216,2018,40.0,sunflower,2.1175,2.0344843637577985,2.050500368945434
all_crops,07_01,217,2018,40.0,sunflower,1.1881,1.8522460250868737,1.8271977059598234
all_crops,07_01,218,2018,40.0,sunflower,1.6403,1.55723191181397,1.5793866898770803
all_crops,07_01,219,2018,40.0,sunflower,1.8597,1.608243968383737,1.5882844449845677
all_crops,07_01,220,2018,40.0,sunflower,1.9640999999999995,1.8644576073449028,1.9065846339170316
all_crops,07_01,222,2018,40.0,sunflower,2.0337,1.6399263937039616,1.7340133228279428
all_crops,07_01,223,2018,40.0,sunflower,1.5562,1.647830346631388,1.696892462762077
all_crops,07_01,224,2018,40.0,sunflower,2.1925,1.7897357204483149,1.8653426611147534
all_crops,07_01,226,2018,40.0,sunflower,2.0143,1.820947228400002,1.7718513315171796
all_crops,07_01,227,2018,40.0,sunflower,2.613,1.8452234033293688,1.8522022142411625
all_crops,07_01,228,2018,16.0,maize,3.312,1.7000207696320655,1.6680732674232275
all_crops,07_01,229,2018,16.0,maize,3.312,1.754042233240455,1.7745936683510644
all_crops,07_01,230,2018,40.0,sunflower,1.6839,2.1083142581905028,2.00449884303677
all_crops,07_01,231,2018,36.0,soya,0.93,1.953125200715243,1.9621415047228592
all_crops,07_01,232,2018,36.0,soya,0.9,1.9484911442840327,1.9101812138348606
all_crops,07_01,233,2018,40.0,sunflower,1.9316,1.7934247953380646,1.828186650919034
all_crops,07_01,234,2018,40.0,sunflower,2.1424,2.1797334723123956,2.174916378484839
all_crops,07_01,195,2019,43.0,wheat_spring,2.9511,1.8504149992320604,1.9129696356439818
all_crops,07_01,197,2019,43.0,wheat_spring,3.3518,1.671096848833772,1.6973336779151362
all_crops,07_01,207,2019,43.0,wheat_spring,3.5799999999999996,1.7581337077542811,1.8115349812697437
all_crops,07_01,208,2019,40.0,sunflower,2.133,2.0764914119315976,2.042241990838365
all_crops,07_01,209,2019,20.0,oil_seed_raps_spring,1.4083,1.9044722416284432,1.6710479480390847
all_crops,07_01,210,2019,40.0,sunflower,1.965,2.0542560008607897,1.8916434336313157
all_crops,07_01,211,2019,40.0,sunflower,1.868,2.248924925225852,1.9722055663782583
all_crops,07_01,212,2019,40.0,sunflower,2.478,2.111941063212898,2.0650190949589393
all_crops,07_01,213,2019,20.0,oil_seed_raps_spring,1.9759,1.8588867148032753,1.8051078775118985
all_crops,07_01,214,2019,40.0,sunflower,2.1573,2.1763191875334504,2.1519429341251506
all_crops,07_01,215,2019,40.0,sunflower,1.672,1.8537978064711425,1.947650422477749
all_crops,07_01,216,2019,40.0,sunflower,1.95,2.400936456009308,2.3506210669809997
all_crops,07_01,217,2019,40.0,sunflower,1.962,2.0517708070792473,1.9438697397186004
all_crops,07_01,218,2019,40.0,sunflower,1.7299,2.097716478475725,2.0444989923942085
all_crops,07_01,219,2019,40.0,sunflower,2.273,1.8870824055095388,2.009104706815694
all_crops,07_01,220,2019,40.0,sunflower,2.7649999999999997,2.2065816772695137,2.2892956419102095
all_crops,07_01,221,2019,40.0,sunflower,1.982,1.8363221808300578,1.7464088591091547
all_crops,07_01,222,2019,40.0,sunflower,2.648,1.866019835840025,1.8864593036933541
all_crops,07_01,223,2019,40.0,sunflower,2.651,2.02650098585696,2.0142305812739485
all_crops,07_01,224,2019,40.0,sunflower,3.961,2.2935750484065554,2.117388598947034
all_crops,07_01,225,2019,40.0,sunflower,3.961,1.8184315676229854,1.7273738011103847
all_crops,07_01,226,2019,40.0,sunflower,2.9829999999999997,1.9883228654027973,1.9101384618011619
all_crops,07_01,227,2019,20.0,oil_seed_raps_spring,1.161,1.7495601702926036,1.7040218818199344
all_crops,07_01,228,2019,36.0,soya,1.468,1.6506903079210933,1.801594416060988
all_crops,07_01,229,2019,36.0,soya,1.468,1.5073141127490592,1.675013112126185
all_crops,07_01,230,2019,44.0,wheat_winter,4.503,1.858049493843215,1.799402714933524
all_crops,07_01,231,2019,44.0,wheat_winter,4.303,1.913114807253945,1.7279197261314612
all_crops,07_01,232,2019,44.0,wheat_winter,3.404,1.7317528408534284,1.7850191572269463
all_crops,07_01,233,2019,40.0,sunflower,2.564,2.1475991447157865,2.0855459306827386
all_crops,07_01,234,2019,33.0,safflower,0.6081000000000001,2.123110925726052,2.0868323894279146
all_crops,07_01,195,2020,20.0,oil_seed_raps_spring,1.4514,1.6565103460163537,1.609627706719478
all_crops,07_01,197,2020,20.0,oil_seed_raps_spring,1.5651,1.6148567656409596,1.568413599902912
all_crops,07_01,207,2020,20.0,oil_seed_raps_spring,4.38,1.8283851545141483,1.6592700554317343
all_crops,07_01,208,2020,43.0,wheat_spring,5.05,1.7221648537789058,1.7060083113110374
all_crops,07_01,209,2020,16.0,maize,5.78,1.6150398602255753,1.7254363473519347
all_crops,07_01,210,2020,44.0,wheat_winter,2.11,1.8982420233084685,1.815867655213203
all_crops,07_01,211,2020,44.0,wheat_winter,3.19,1.95352206610325,1.8735530057160867
all_crops,07_01,212,2020,43.0,wheat_spring,1.3132,1.5287386734338486,1.5096345827617548
all_crops,07_01,213,2020,43.0,wheat_spring,5.78,1.522187965483169,1.7027921509613362
all_crops,07_01,214,2020,43.0,wheat_spring,3.19,1.6043742903797331,1.8656270280297143
all_crops,07_01,215,2020,43.0,wheat_spring,1.409,1.9002578092622442,1.9050163542435046
all_crops,07_01,216,2020,43.0,wheat_spring,1.246,1.8484762965940311,1.755752845279737
all_crops,07_01,217,2020,43.0,wheat_spring,3.37,1.4709306735908414,1.5947355693868683
all_crops,07_01,218,2020,43.0,wheat_spring,1.7929,1.6003331014420543,1.713354256843405
all_crops,07_01,219,2020,43.0,wheat_spring,4.25,1.7512685146390967,1.6727993116580837
all_crops,07_01,220,2020,43.0,wheat_spring,5.13,1.7812900881294287,1.8583824355434104
all_crops,07_01,221,2020,43.0,wheat_spring,3.8,1.8740201898541757,1.8597782113545775
all_crops,07_01,222,2020,43.0,wheat_spring,2.1,1.5280800741949516,1.638867850156903
all_crops,07_01,223,2020,43.0,wheat_spring,2.1,1.837617990480962,1.8745408118447167
all_crops,07_01,224,2020,43.0,wheat_spring,0.857,1.5853642627040911,1.6200270890227952
all_crops,07_01,225,2020,43.0,wheat_spring,2.335,2.113395140075979,1.8510424627246131
all_crops,07_01,226,2020,43.0,wheat_spring,5.02,1.4981292755668034,1.6379551598986017
all_crops,07_01,227,2020,44.0,wheat_winter,5.65,1.6597336010797168,1.7100285502681993
all_crops,07_01,228,2020,44.0,wheat_winter,1.3,1.8066505632180714,1.784899812575636
all_crops,07_01,229,2020,44.0,wheat_winter,3.285,1.9829722332845712,1.9404361612185292
all_crops,07_01,230,2020,21.0,oil_seed_raps_winter,1.68,1.7857796856424848,1.7284885236731329
all_crops,07_01,231,2020,21.0,oil_seed_raps_winter,3.62,1.7764180840493191,1.6974095132679317
all_crops,07_01,232,2020,21.0,oil_seed_raps_winter,2.23,1.690435612922704,1.6465207460498075
all_crops,07_01,233,2020,43.0,wheat_spring,1.75,1.3964563274698367,1.5017984298798714
all_crops,07_01,195,2021,3.0,barley_spring,2.022276422764228,2.376778022822599,2.419532420414614
all_crops,07_01,197,2021,3.0,barley_spring,2.5284548104956266,2.506658001684667,2.536091064938231
all_crops,07_01,207,2021,3.0,barley_spring,3.525020286718961,2.5112078460324976,2.5508120916347243
all_crops,07_01,208,2021,40.0,sunflower,2.1216153846153847,2.501669583426803,2.4348836761796937
all_crops,07_01,209,2021,40.0,sunflower,2.268059008785016,2.1719435484476524,2.2910135629445376
all_crops,07_01,210,2021,40.0,sunflower,1.4783400809716598,2.409981727873157,2.271441351405607
all_crops,07_01,211,2021,40.0,sunflower,2.1389247311827955,2.413394320384389,2.39763050701044
all_crops,07_01,212,2021,40.0,sunflower,3.3983823529411765,2.34910347423696,2.1159275460623195
all_crops,07_01,213,2021,43.0,wheat_spring,1.3155714285714286,2.5216150909358097,2.279667476505865
all_crops,07_01,214,2021,43.0,wheat_spring,1.5857777777777775,2.388425269515855,2.114967759358918
all_crops,07_01,215,2021,40.0,sunflower,2.9865822784810128,2.2549337498297426,2.054114204821797
all_crops,07_01,216,2021,40.0,sunflower,2.925945945945946,2.3954602492836647,2.301595947306579
all_crops,07_01,217,2021,40.0,sunflower,2.768578431372549,2.315130265181959,2.239871576595823
all_crops,07_01,218,2021,40.0,sunflower,2.12974358974359,2.357202997656089,2.337941578050886
all_crops,07_01,219,2021,40.0,sunflower,2.818952380952381,2.2654471390359303,2.065672934941527
all_crops,07_01,220,2021,40.0,sunflower,2.0264,2.5459477096338192,2.363613960918649
all_crops,07_01,221,2021,40.0,sunflower,1.7475,2.642040587271961,2.518128976700486
all_crops,07_01,222,2021,40.0,sunflower,2.9396774193548385,2.3039316461031483,2.197183460812215
all_crops,07_01,223,2021,40.0,sunflower,2.8625714285714285,2.470059369184947,2.3520955160814823
all_crops,07_01,224,2021,40.0,sunflower,2.0925,2.0584741551496473,1.9211105410802056
all_crops,07_01,225,2021,40.0,sunflower,1.85,2.498769888513291,2.3794965776413477
all_crops,07_01,226,2021,40.0,sunflower,2.4555,2.3016539753933083,2.180415991113319
all_crops,07_01,227,2021,44.0,wheat_winter,2.8346242774566472,2.2676260345657218,2.311738978181044
all_crops,07_01,228,2021,44.0,wheat_winter,2.4169491525423727,2.3830484469042457,2.244804053544135
all_crops,07_01,229,2021,44.0,wheat_winter,2.9450000000000003,2.3324031134249306,2.122479845716748
all_crops,07_01,230,2021,44.0,wheat_winter,2.123766816143498,2.4156769545246206,2.3957646348774806
all_crops,07_01,231,2021,44.0,wheat_winter,3.5069787234042553,2.2836963289930066,2.4373677552272732
all_crops,07_01,232,2021,44.0,wheat_winter,3.2479729729729727,2.1990029958815005,2.575718119510824
all_crops,07_01,233,2021,44.0,wheat_winter,3.6453846153846152,2.3819862552065025,2.264537468032457
all_crops,07_01,234,2021,44.0,wheat_winter,5.389142857142858,2.2316495905284177,2.462202015407717
all_crops,07_01,195,2022,44.0,wheat_winter,2.1216260162601626,2.496540004529817,2.509393740348572
all_crops,07_01,197,2022,44.0,wheat_winter,1.5206997084548106,2.7145300196456876,2.6454798396155637
all_crops,07_01,207,2022,44.0,wheat_winter,1.8862140474258409,2.3992977637901522,2.467376249791529
all_crops,07_01,208,2022,43.0,wheat_spring,2.356923076923077,2.5342906438850936,2.5652595471786284
all_crops,07_01,209,2022,43.0,wheat_spring,2.657417536880491,2.579399206837073,2.6627512153862094
all_crops,07_01,210,2022,43.0,wheat_spring,3.0655870445344133,2.530171615800781,2.421772663918246
all_crops,07_01,211,2022,43.0,wheat_spring,3.4704,2.4257343798509705,2.5241379184049175
all_crops,07_01,212,2022,43.0,wheat_spring,3.1773529411764705,2.442886282282671,2.4937551769703603
all_crops,07_01,213,2022,40.0,sunflower,1.481428571428571,2.4621956992230114,2.5395338758394903
all_crops,07_01,214,2022,40.0,sunflower,1.002222222222222,2.404414889762856,2.429812466877114
all_crops,07_01,215,2022,43.0,wheat_spring,2.858987341772152,2.6034798443407277,2.5379151776031907
all_crops,07_01,216,2022,43.0,wheat_spring,3.1270270270270273,2.453704545029426,2.6011081432606336
all_crops,07_01,217,2022,43.0,wheat_spring,3.063725490196078,2.542638433236032,2.6507359489560853
all_crops,07_01,218,2022,43.0,wheat_spring,2.1723076923076925,2.599511445441283,2.5886605548432717
all_crops,07_01,219,2022,43.0,wheat_spring,2.827547619047619,2.3609056092708274,2.428081204288009
all_crops,07_01,220,2022,43.0,wheat_spring,3.4832,2.6204551179034663,2.5659088937162813
all_crops,07_01,221,2022,43.0,wheat_spring,4.1328000000000005,2.4223979473446677,2.4383513326085064
all_crops,07_01,222,2022,43.0,wheat_spring,3.2700483870967743,2.631439991798326,2.625538625275494
all_crops,07_01,223,2022,43.0,wheat_spring,3.2311428571428573,2.5290894811769897,2.3960479911977064
all_crops,07_01,224,2022,43.0,wheat_spring,3.079423076923077,2.4953762232344006,2.5081739516610497
all_crops,07_01,225,2022,43.0,wheat_spring,4.58,2.423488418466431,2.444984353848487
all_crops,07_01,226,2022,43.0,wheat_spring,1.6934999999999998,2.5626999542092994,2.585121207341346
all_crops,07_01,227,2022,44.0,wheat_winter,2.217514450867052,2.8619603360117063,2.871308476133989
all_crops,07_01,228,2022,43.0,wheat_spring,4.564745762711865,2.572744923258842,2.5227877098965266
all_crops,07_01,229,2022,43.0,wheat_spring,2.841666666666667,2.650332263959438,2.642702447788181
all_crops,07_01,230,2022,40.0,sunflower,3.257219730941704,2.4292349530996376,2.484289697048553
all_crops,07_01,231,2022,44.0,wheat_winter,1.5712340425531914,2.4354303863325026,2.40297402716315
all_crops,07_01,232,2022,44.0,wheat_winter,1.847837837837838,2.419857464729971,2.411399974474294
all_crops,07_01,233,2022,46.0,,4.4169230769230765,2.457439694991388,2.3367578232340316
all_crops,07_01,234,2022,43.0,wheat_spring,3.975428571428571,2.636752325441699,2.653455927987582
all_crops,07_01,195,2023,44.0,wheat_winter,0.8904065040650406,2.1371427542895205,2.2429149715675036
all_crops,07_01,197,2023,44.0,wheat_winter,1.0820991253644316,1.5942269633062458,2.027719530544329
all_crops,07_01,207,2023,44.0,wheat_winter,1.068974844468488,1.9928133838808022,2.1233631191634705
all_crops,07_01,208,2023,43.0,wheat_spring,2.018076923076923,2.4749748320270024,2.35501708980445
all_crops,07_01,209,2023,44.0,wheat_winter,1.4882148184982598,2.161645083446368,2.3257796214781505
all_crops,07_01,210,2023,24.0,pea,1.7267206477732793,1.9919913142619134,2.0573984318920777
all_crops,07_01,212,2023,43.0,wheat_spring,2.9445588235294116,2.350310825464133,2.5328281014313427
all_crops,07_01,213,2023,43.0,wheat_spring,1.6768999999999998,2.2902401644336057,2.3090521440815017
all_crops,07_01,214,2023,43.0,wheat_spring,1.6103999999999998,2.343127376577028,2.1355477397689917
all_crops,07_01,215,2023,3.0,barley_spring,2.2745063291139243,1.8781161306909775,1.8902191371794768
all_crops,07_01,216,2023,3.0,barley_spring,2.696783783783784,2.061582216437333,1.8528265177815697
all_crops,07_01,217,2023,3.0,barley_spring,2.021480392156863,1.8993527420413978,2.3059279061097233
all_crops,07_01,218,2023,3.0,barley_spring,3.3693589743589745,1.9298251333484822,1.8425057922787007
all_crops,07_01,219,2023,40.0,sunflower,2.802523809523809,2.535400778019116,2.593147798271249
all_crops,07_01,220,2023,3.0,barley_spring,3.3728800000000003,2.1690587280882094,2.0126886544322784
all_crops,07_01,222,2023,3.0,barley_spring,4.5005,1.9342603361572666,2.0399785398706807
all_crops,07_01,223,2023,3.0,barley_spring,2.3584285714285715,1.9432881928544647,2.098015160392034
all_crops,07_01,224,2023,3.0,barley_spring,2.481451923076923,1.7476613845907352,1.7623037006915245
all_crops,07_01,226,2023,3.0,barley_spring,1.1793749999999998,1.9602499673233407,1.975402338033013
all_crops,07_01,227,2023,40.0,sunflower,2.6015895953757227,2.7708826235403783,2.5152342068247133
all_crops,07_01,228,2023,44.0,wheat_winter,1.5016949152542372,2.260425757800386,2.042178375908529
all_crops,07_01,229,2023,44.0,wheat_winter,3.443333333333334,2.3527163844593995,2.240040264929553
all_crops,07_01,230,2023,43.0,wheat_spring,0.9786995515695068,2.621411142548758,2.5814470601142387
all_crops,07_01,231,2023,40.0,sunflower,2.2995063829787235,2.3289091083668763,2.3012710651936614
all_crops,07_01,232,2023,40.0,sunflower,2.6881993243243243,2.2919341838647913,2.355037362209085
all_crops,07_01,234,2023,44.0,wheat_winter,1.7062857142857142,2.387706279922666,2.1883726605134988
all_crops,07_01,195,2024,40.0,sunflower,2.7365853658536587,2.400837248234927,2.4436461633399027
all_crops,07_01,197,2024,40.0,sunflower,3.2877551020408164,2.3386671939636834,2.466830047062186
all_crops,07_01,207,2024,40.0,sunflower,3.107023712920386,2.414844224510078,2.5276824327762646
all_crops,07_01,208,2024,40.0,sunflower,2.360615384615385,2.3423550714040435,2.420724843308396
all_crops,07_01,209,2024,44.0,wheat_winter,4.5289739764627885,2.4043839615642786,2.596567154215851
all_crops,07_01,210,2024,44.0,wheat_winter,5.519493927125506,2.3651149872766988,2.6904312068956484
all_crops,07_01,212,2024,40.0,sunflower,1.900882352941176,2.372591162679581,2.4003964901708925
all_crops,07_01,215,2024,44.0,wheat_winter,4.476708860759494,2.351263015032997,2.5119658436247048
all_crops,07_01,216,2024,44.0,wheat_winter,5.342162162162162,2.3695243494498133,2.598236758538285
all_crops,07_01,217,2024,40.0,sunflower,2.9758823529411766,2.342996449492016,2.4418468160942646
all_crops,07_01,218,2024,43.0,wheat_spring,4.027153846153846,2.375719452267121,2.5428408242981018
all_crops,07_01,219,2024,43.0,wheat_spring,3.6718380952380953,2.4000054108141176,2.5710897170353713
all_crops,07_01,220,2024,43.0,wheat_spring,3.12756,2.3567390373111126,2.559398643469705
all_crops,07_01,222,2024,43.0,wheat_spring,3.6562580645161287,2.387116240328471,2.592385873137869
all_crops,07_01,223,2024,43.0,wheat_spring,3.350857142857143,2.4123078515556027,2.5623832004787683
all_crops,07_01,224,2024,44.0,wheat_winter,5.0582692307692305,2.428701278769849,2.5951110707535783
all_crops,07_01,226,2024,44.0,wheat_winter,4.9315,2.3650302477396536,2.5403657855242496
all_crops,07_01,227,2024,3.0,barley_spring,3.007739884393064,2.4005209818516056,2.8229646025749644
all_crops,07_01,228,2024,40.0,sunflower,3.052881355932203,2.30310936756414,2.436208908826679
all_crops,07_01,229,2024,40.0,sunflower,3.2544166666666663,2.191110851958917,2.2937392793676192
all_crops,07_01,230,2024,40.0,sunflower,3.2521793721973093,2.4008134512921795,2.4851215662084147
all_crops,07_01,231,2024,43.0,wheat_spring,3.806382978723404,2.476516712744501,2.643998443342605
all_crops,07_01,232,2024,43.0,wheat_spring,3.330304054054054,2.499429044360006,2.5808340335308553
all_crops,07_01,234,2024,40.0,sunflower,3.295057142857143,2.359077309516388,2.5035430101336016
all_crops,07_01,195,2025,43.0,wheat_spring,2.7195121951219514,2.613954909767251,2.7007738061122404
all_crops,07_01,197,2025,43.0,wheat_spring,3.779416909620991,2.7766497042228457,2.832068056736475
all_crops,07_01,207,2025,43.0,wheat_spring,1.3522676043638986,2.8155594951726366,2.8699759617801157
all_crops,07_01,208,2025,43.0,wheat_spring,3.8430769230769233,2.692270540322477,2.7581741267692528
all_crops,07_01,209,2025,40.0,sunflower,2.332040444223438,2.5101700412868717,2.517977507629764
all_crops,07_01,210,2025,40.0,sunflower,3.192550607287449,2.3860295827878195,2.4863454314960207
all_crops,07_01,212,2025,43.0,wheat_spring,1.7024264705882353,2.4263700370990775,2.3637005210722837
all_crops,07_01,213,2025,3.0,barley_spring,1.53,2.5575453551101353,2.553371336252277
all_crops,07_01,214,2025,3.0,barley_spring,1.53,2.472731400268562,2.578869417777292
all_crops,07_01,215,2025,40.0,sunflower,3.0739240506329115,2.489979052600713,2.7637544060922234
all_crops,07_01,216,2025,40.0,sunflower,2.986756756756757,2.736693835494432,3.115925597041408
all_crops,07_01,217,2025,43.0,wheat_spring,2.5629901960784314,2.5479973379315783,2.4337529591263563
all_crops,07_01,218,2025,43.0,wheat_spring,4.112820512820513,2.721156272825951,2.7988923685254474
all_crops,07_01,219,2025,3.0,barley_spring,3.528095238095238,2.6524468420068557,2.751703346633067
all_crops,07_01,220,2025,43.0,wheat_spring,3.3072000000000004,2.7006519132701103,2.74832306979319
all_crops,07_01,222,2025,40.0,sunflower,2.972258064516129,2.4687096979722942,2.410760324499174
all_crops,07_01,223,2025,40.0,sunflower,3.305142857142857,2.510314528724099,2.6109612787599064
all_crops,07_01,224,2025,40.0,sunflower,3.0742307692307693,2.6129792453290497,2.7459259365428035
all_crops,07_01,226,2025,40.0,sunflower,3.0420000000000003,2.3719986023105823,2.6485741671715077
all_crops,07_01,227,2025,24.0,pea,1.5521965317919073,2.594563295176085,2.6556605378984313
all_crops,07_01,228,2025,43.0,wheat_spring,3.004576271186441,2.9456711832764038,2.828000785270021
all_crops,07_01,229,2025,43.0,wheat_spring,3.5050000000000003,2.659348254569388,2.710239313663698
all_crops,07_01,230,2025,43.0,wheat_spring,3.6687443946188343,2.7283191942536558,2.6134263374566995
all_crops,07_01,231,2025,24.0,pea,1.3324255319148937,2.7219261316655685,2.800742819542644
all_crops,07_01,232,2025,24.0,pea,1.8102027027027028,2.8117308723785475,2.7622087726892706
all_crops,07_01,234,2025,62.0,,4.494857142857143,3.0552114780966217,3.4380101721395055
all_crops,08_01,195,2017,40.0,sunflower,1.6511,2.035633652981814,2.128560176463413
all_crops,08_01,197,2017,40.0,sunflower,1.8136,2.2153501757406286,2.235621965155674
all_crops,08_01,207,2017,40.0,sunflower,1.5516,1.9614090108429887,2.121921281618216
all_crops,08_01,208,2017,40.0,sunflower,2.0779,2.360843082978126,2.4775760243082834
all_crops,08_01,209,2017,44.0,wheat_winter,2.22,2.195435599667055,2.237387595990601
all_crops,08_01,210,2017,44.0,wheat_winter,2.002,2.3343379828686475,2.3380036663655255
all_crops,08_01,211,2017,44.0,wheat_winter,2.4379999999999997,1.8254590398768222,1.9764035037911674
all_crops,08_01,212,2017,40.0,sunflower,1.6862,2.083409637265134,2.086341853668009
all_crops,08_01,213,2017,40.0,sunflower,2.4459,1.9818095641516709,2.070420538743597
all_crops,08_01,214,2017,40.0,sunflower,2.4927,2.0359367629295657,2.1511765790394115
all_crops,08_01,215,2017,20.0,oil_seed_raps_spring,3.08,2.300928585054418,2.3881306821643165
all_crops,08_01,216,2017,20.0,oil_seed_raps_spring,2.26,2.6103387990364313,2.6620171283351652
all_crops,08_01,217,2017,20.0,oil_seed_raps_spring,0.8960000000000001,2.377305409704141,2.408282072173874
all_crops,08_01,218,2017,40.0,sunflower,1.2974,1.9647991089912056,2.0801396953027473
all_crops,08_01,219,2017,44.0,wheat_winter,1.873,2.372615745278426,2.3914468698417095
all_crops,08_01,220,2017,20.0,oil_seed_raps_spring,1.93,2.052183635713478,2.0803092439480317
all_crops,08_01,221,2017,20.0,oil_seed_raps_spring,1.06,2.511264904926124,2.5414982985513905
all_crops,08_01,222,2017,20.0,oil_seed_raps_spring,1.664,2.3261725820730916,2.2515339153385403
all_crops,08_01,223,2017,20.0,oil_seed_raps_spring,1.995,2.3587167440626855,2.3551967889663397
all_crops,08_01,224,2017,20.0,oil_seed_raps_spring,0.6639999999999999,2.1974779323080003,2.2473942766817747
all_crops,08_01,225,2017,20.0,oil_seed_raps_spring,0.6639999999999999,2.357657907407649,2.449011945059362
all_crops,08_01,226,2017,40.0,sunflower,2.629,2.279655329052903,2.372822376549453
all_crops,08_01,227,2017,40.0,sunflower,1.7968,2.2534489103019504,2.30620723595225
all_crops,08_01,228,2017,40.0,sunflower,3.34,2.4775186842306685,2.584879997920899
all_crops,08_01,229,2017,40.0,sunflower,3.34,2.08644242424467,2.229260128971055
all_crops,08_01,230,2017,40.0,sunflower,2.8902,2.583699684031991,2.6578888623611654
all_crops,08_01,231,2017,43.0,wheat_spring,1.95,2.158950158668271,2.1708954172485995
all_crops,08_01,232,2017,43.0,wheat_spring,1.95,2.427921369769651,2.331581169693351
all_crops,08_01,233,2017,40.0,sunflower,2.0928,1.9966849600725785,1.9553025733543108
all_crops,08_01,234,2017,40.0,sunflower,2.7084,2.597484383068495,2.601484203589812
all_crops,08_01,195,2018,40.0,sunflower,2.9440999999999997,2.6658703938463892,2.634846523186981
all_crops,08_01,197,2018,40.0,sunflower,3.0602,2.5694590606625587,2.6564006429511027
all_crops,08_01,207,2018,40.0,sunflower,3.496,2.6377276734275084,2.6232262364829473
all_crops,08_01,208,2018,40.0,sunflower,1.6354,1.6679143897687467,1.522722220271946
all_crops,08_01,209,2018,40.0,sunflower,1.7399999999999998,2.5600749951048036,2.4775624904641007
all_crops,08_01,210,2018,21.0,oil_seed_raps_winter,0.978,2.43371539321605,2.30090943329904
all_crops,08_01,212,2018,40.0,sunflower,1.3272,1.5163383495399743,1.3519557695964914
all_crops,08_01,213,2018,40.0,sunflower,2.6765,2.483697568016699,2.500205048178688
all_crops,08_01,214,2018,40.0,sunflower,2.665,2.530787373694867,2.5305706868193267
all_crops,08_01,215,2018,40.0,sunflower,2.353,2.579979680003787,2.5449387097285574
all_crops,08_01,216,2018,40.0,sunflower,2.1175,2.4937904102954462,2.4415698671850974
all_crops,08_01,217,2018,40.0,sunflower,1.1881,1.6222446379332802,1.61515416392953
all_crops,08_01,218,2018,40.0,sunflower,1.6403,1.566538226403441,1.3897046335233292
all_crops,08_01,219,2018,40.0,sunflower,1.8597,1.7701972139734938,1.6931813367378927
all_crops,08_01,220,2018,40.0,sunflower,1.9640999999999995,1.873452862709952,1.9133063491843432
all_crops,08_01,222,2018,40.0,sunflower,2.0337,1.491965335379211,1.4423816080977656
all_crops,08_01,223,2018,40.0,sunflower,1.5562,1.5724808562750825,1.563655807100158
all_crops,08_01,224,2018,40.0,sunflower,2.1925,2.0574937686508847,2.052980489391796
all_crops,08_01,226,2018,40.0,sunflower,2.0143,2.523686179297833,2.574605684953694
all_crops,08_01,227,2018,40.0,sunflower,2.613,2.5489349831656836,2.606089390710017
all_crops,08_01,228,2018,16.0,maize,3.312,1.806586372340806,1.813632829761359
all_crops,08_01,229,2018,16.0,maize,3.312,1.8280574888256642,1.7982927470756978
all_crops,08_01,230,2018,40.0,sunflower,1.6839,2.0657572493866367,2.0720394243035622
all_crops,08_01,231,2018,36.0,soya,0.93,2.476266679232694,2.3640984619233065
all_crops,08_01,232,2018,36.0,soya,0.9,2.1751773285515124,2.2089020207176486
all_crops,08_01,233,2018,40.0,sunflower,1.9316,2.1360459974737265,2.061898078365941
all_crops,08_01,234,2018,40.0,sunflower,2.1424,2.4103257391058315,2.398221139432126
all_crops,08_01,195,2019,43.0,wheat_spring,2.9511,1.9316203324223287,1.7758070514096218
all_crops,08_01,197,2019,43.0,wheat_spring,3.3518,1.917089447741528,1.8695652963110896
all_crops,08_01,207,2019,43.0,wheat_spring,3.5799999999999996,1.9685472390852174,1.6858546231198892
all_crops,08_01,208,2019,40.0,sunflower,2.133,2.341743388374217,2.342765461486883
all_crops,08_01,209,2019,20.0,oil_seed_raps_spring,1.4083,1.7838008405276742,1.5179421024800246
all_crops,08_01,210,2019,40.0,sunflower,1.965,2.1351848664509236,1.8824359395846315
all_crops,08_01,211,2019,40.0,sunflower,1.868,2.1794213433807985,1.9906948412527834
all_crops,08_01,212,2019,40.0,sunflower,2.478,2.488983443266522,2.5931631533036326
all_crops,08_01,213,2019,20.0,oil_seed_raps_spring,1.9759,1.82692409070044,1.6060110528394254
all_crops,08_01,214,2019,40.0,sunflower,2.1573,2.442578543857488,2.5051788727378335
all_crops,08_01,215,2019,40.0,sunflower,1.672,2.3469634303649194,2.47761384821491
all_crops,08_01,216,2019,40.0,sunflower,1.95,2.576616442660979,2.636803868918439
all_crops,08_01,217,2019,40.0,sunflower,1.962,2.2878804390430947,2.409785636550101
all_crops,08_01,218,2019,40.0,sunflower,1.7299,2.3765069156742022,2.464050055970437
all_crops,08_01,219,2019,40.0,sunflower,2.273,2.317431258083213,2.2939516663468678
all_crops,08_01,220,2019,40.0,sunflower,2.7649999999999997,2.4867410817740248,2.520295047835218
all_crops,08_01,221,2019,40.0,sunflower,1.982,2.0614378653727066,2.049790335570036
all_crops,08_01,222,2019,40.0,sunflower,2.648,2.32663080564025,2.374574279904398
all_crops,08_01,223,2019,40.0,sunflower,2.651,2.482837831283096,2.6401473832427964
all_crops,08_01,224,2019,40.0,sunflower,3.961,2.5783398717240447,2.5924606978398392
all_crops,08_01,225,2019,40.0,sunflower,3.961,2.061744940864578,2.090537381543686
all_crops,08_01,226,2019,40.0,sunflower,2.9829999999999997,2.3652123704802666,2.514417245187215
all_crops,08_01,227,2019,20.0,oil_seed_raps_spring,1.161,1.6845648208043635,1.6385395923448132
all_crops,08_01,228,2019,36.0,soya,1.468,1.8447762727586505,1.9002372890791144
all_crops,08_01,229,2019,36.0,soya,1.468,1.9154707818781282,2.0441110164173835
all_crops,08_01,230,2019,44.0,wheat_winter,4.503,2.092345983994944,2.092343296035157
all_crops,08_01,231,2019,44.0,wheat_winter,4.303,1.8435809598413833,1.6164555364930893
all_crops,08_01,232,2019,44.0,wheat_winter,3.404,1.8048480524872983,1.583142538898748
all_crops,08_01,233,2019,40.0,sunflower,2.564,2.4694499072188156,2.414287780902494
all_crops,08_01,234,2019,33.0,safflower,0.6081000000000001,1.978665841282944,2.0022676921597475
all_crops,08_01,195,2020,20.0,oil_seed_raps_spring,1.4514,1.8208894105146425,1.7068244626813192
all_crops,08_01,197,2020,20.0,oil_seed_raps_spring,1.5651,1.6150000343991138,1.6140054001340838
all_crops,08_01,207,2020,20.0,oil_seed_raps_spring,4.38,1.771045868588216,1.694197999349206
all_crops,08_01,208,2020,43.0,wheat_spring,5.05,1.9002033086806793,1.8179876696301966
all_crops,08_01,209,2020,16.0,maize,5.78,1.9846973786697404,1.9167473513541615
all_crops,08_01,210,2020,44.0,wheat_winter,2.11,1.9658127418578981,1.8464525904967177
all_crops,08_01,211,2020,44.0,wheat_winter,3.19,1.9457668587197283,1.8818254965124868
all_crops,08_01,212,2020,43.0,wheat_spring,1.3132,1.8234345840466477,1.7144507173568506
all_crops,08_01,213,2020,43.0,wheat_spring,5.78,2.0306248685720227,1.7891243765872198
all_crops,08_01,214,2020,43.0,wheat_spring,3.19,1.9567926921103727,1.790670705562204
all_crops,08_01,215,2020,43.0,wheat_spring,1.409,1.9885205339091263,1.8388480374359557
all_crops,08_01,216,2020,43.0,wheat_spring,1.246,1.958122618503256,1.8834735000698726
all_crops,08_01,217,2020,43.0,wheat_spring,3.37,1.818793031865762,1.7909633477852118
all_crops,08_01,218,2020,43.0,wheat_spring,1.7929,1.9026210278678923,1.7344798876464553
all_crops,08_01,219,2020,43.0,wheat_spring,4.25,1.7887145278729317,1.7018117385143208
all_crops,08_01,220,2020,43.0,wheat_spring,5.13,2.0081001381881465,1.924369380260036
all_crops,08_01,221,2020,43.0,wheat_spring,3.8,2.0213879763509097,1.9247049213066574
all_crops,08_01,222,2020,43.0,wheat_spring,2.1,1.8789023553353106,1.7036550557725285
all_crops,08_01,223,2020,43.0,wheat_spring,2.1,1.887509066522035,1.69354961619527
all_crops,08_01,224,2020,43.0,wheat_spring,0.857,1.7634869123966181,1.7188741421295908
all_crops,08_01,225,2020,43.0,wheat_spring,2.335,1.9955375265852464,1.8419872197754588
all_crops,08_01,226,2020,43.0,wheat_spring,5.02,1.9045690181395691,1.7530052386929902
all_crops,08_01,227,2020,44.0,wheat_winter,5.65,1.937696317305317,1.7712095716530845
all_crops,08_01,228,2020,44.0,wheat_winter,1.3,1.9581049867317037,1.8883361333203141
all_crops,08_01,229,2020,44.0,wheat_winter,3.285,2.02732652639094,2.031787620603506
all_crops,08_01,230,2020,21.0,oil_seed_raps_winter,1.68,1.9282802333884055,1.8961261820074733
all_crops,08_01,231,2020,21.0,oil_seed_raps_winter,3.62,1.9472591299595023,1.938855669458972
all_crops,08_01,232,2020,21.0,oil_seed_raps_winter,2.23,1.8780332424623303,1.962847515498352
all_crops,08_01,233,2020,43.0,wheat_spring,1.75,1.9033223158221093,1.7387942203947668
all_crops,08_01,195,2021,3.0,barley_spring,2.022276422764228,2.626050912689027,2.566232696212692
all_crops,08_01,197,2021,3.0,barley_spring,2.5284548104956266,2.7438915914425372,2.968631721825487
all_crops,08_01,207,2021,3.0,barley_spring,3.525020286718961,2.548432744872378,2.572431373401147
all_crops,08_01,208,2021,40.0,sunflower,2.1216153846153847,2.572765360642518,2.649771410522587
all_crops,08_01,209,2021,40.0,sunflower,2.268059008785016,2.2670859497553812,2.6439596913574337
all_crops,08_01,210,2021,40.0,sunflower,1.4783400809716598,2.506073725219857,2.7946118670250186
all_crops,08_01,211,2021,40.0,sunflower,2.1389247311827955,2.3738744326033077,2.736012721909666
all_crops,08_01,212,2021,40.0,sunflower,3.3983823529411765,2.2963481927575766,2.3638694963747953
all_crops,08_01,213,2021,43.0,wheat_spring,1.3155714285714286,2.272323231139563,2.1063386550242655
all_crops,08_01,214,2021,43.0,wheat_spring,1.5857777777777775,2.257411219609748,2.018693910078608
all_crops,08_01,215,2021,40.0,sunflower,2.9865822784810128,2.3728816388457177,2.3472738830864746
all_crops,08_01,216,2021,40.0,sunflower,2.925945945945946,2.4244801956154998,2.4043227346145195
all_crops,08_01,217,2021,40.0,sunflower,2.768578431372549,2.4184935824411737,2.530773480566545
all_crops,08_01,218,2021,40.0,sunflower,2.12974358974359,2.2788566136970876,2.4420559900411094
all_crops,08_01,219,2021,40.0,sunflower,2.818952380952381,2.3695377509749083,2.3751955226270374
all_crops,08_01,220,2021,40.0,sunflower,2.0264,2.4788137262456713,2.612949713929861
all_crops,08_01,221,2021,40.0,sunflower,1.7475,2.4569223796931627,2.368010862351857
all_crops,08_01,222,2021,40.0,sunflower,2.9396774193548385,2.236438402037497,2.4214979216770955
all_crops,08_01,223,2021,40.0,sunflower,2.8625714285714285,2.4673366399303784,2.509046479725292
all_crops,08_01,224,2021,40.0,sunflower,2.0925,2.15576979787494,2.2849456940794015
all_crops,08_01,225,2021,40.0,sunflower,1.85,2.301272357917879,2.0749398413387374
all_crops,08_01,226,2021,40.0,sunflower,2.4555,2.4582536734281644,2.7692685177637286
all_crops,08_01,227,2021,44.0,wheat_winter,2.8346242774566472,2.2667407679151355,2.190444729075081
all_crops,08_01,228,2021,44.0,wheat_winter,2.4169491525423727,2.415621290395423,2.1038127437913667
all_crops,08_01,229,2021,44.0,wheat_winter,2.9450000000000003,2.20438727399328,2.2043278407261537
all_crops,08_01,230,2021,44.0,wheat_winter,2.123766816143498,2.325124803887327,2.3186414782847105
all_crops,08_01,231,2021,44.0,wheat_winter,3.5069787234042553,2.2831625657599934,2.382786791499199
all_crops,08_01,232,2021,44.0,wheat_winter,3.2479729729729727,2.2791927135823378,2.2366582227049197
all_crops,08_01,233,2021,44.0,wheat_winter,3.6453846153846152,2.311204500951249,1.9994510587645908
all_crops,08_01,234,2021,44.0,wheat_winter,5.389142857142858,2.226883478383706,2.2367620058992164
all_crops,08_01,195,2022,44.0,wheat_winter,2.1216260162601626,2.362755135719481,2.3765308274799337
all_crops,08_01,197,2022,44.0,wheat_winter,1.5206997084548106,2.481458815505181,2.5861937739593683
all_crops,08_01,207,2022,44.0,wheat_winter,1.8862140474258409,2.2539748080406263,2.327445311319452
all_crops,08_01,208,2022,43.0,wheat_spring,2.356923076923077,2.476151364029914,2.27660568838747
all_crops,08_01,209,2022,43.0,wheat_spring,2.657417536880491,2.4656695398709454,2.5274256740084597
all_crops,08_01,210,2022,43.0,wheat_spring,3.0655870445344133,2.574943663712341,2.7234312934719385
all_crops,08_01,211,2022,43.0,wheat_spring,3.4704,2.376693737022241,2.2038080113940683
all_crops,08_01,212,2022,43.0,wheat_spring,3.1773529411764705,2.499619529752238,2.47516150475684
all_crops,08_01,213,2022,40.0,sunflower,1.481428571428571,2.587584844649578,2.3835120428915415
all_crops,08_01,214,2022,40.0,sunflower,1.002222222222222,2.5597983335664125,2.3865363104362967
all_crops,08_01,215,2022,43.0,wheat_spring,2.858987341772152,2.3677756828660295,2.4699095770298722
all_crops,08_01,216,2022,43.0,wheat_spring,3.1270270270270273,2.6781624273737554,2.566398874710669
all_crops,08_01,217,2022,43.0,wheat_spring,3.063725490196078,2.4143554491325605,2.326457478708855
all_crops,08_01,218,2022,43.0,wheat_spring,2.1723076923076925,2.244183238507457,2.2539305877486
all_crops,08_01,219,2022,43.0,wheat_spring,2.827547619047619,2.424629502401292,2.401693106950524
all_crops,08_01,220,2022,43.0,wheat_spring,3.4832,2.61074883926641,2.7522275212988334
all_crops,08_01,221,2022,43.0,wheat_spring,4.1328000000000005,2.3049649428075996,2.551035338133407
all_crops,08_01,222,2022,43.0,wheat_spring,3.2700483870967743,2.676642460099734,2.782626431324987
all_crops,08_01,223,2022,43.0,wheat_spring,3.2311428571428573,2.435829426770028,2.36518236209034
all_crops,08_01,224,2022,43.0,wheat_spring,3.079423076923077,2.5136345190023546,2.5591611466975936
all_crops,08_01,225,2022,43.0,wheat_spring,4.58,2.498414408820275,2.4862687592619506
all_crops,08_01,226,2022,43.0,wheat_spring,1.6934999999999998,2.720276824304225,2.6330985068450268
all_crops,08_01,227,2022,44.0,wheat_winter,2.217514450867052,3.0904728527863146,3.155275688361743
all_crops,08_01,228,2022,43.0,wheat_spring,4.564745762711865,2.3648182640373494,2.3718332126892574
all_crops,08_01,229,2022,43.0,wheat_spring,2.841666666666667,2.7186757133821846,2.685722526579375
all_crops,08_01,230,2022,40.0,sunflower,3.257219730941704,2.552746928293589,2.601732623845126
all_crops,08_01,231,2022,44.0,wheat_winter,1.5712340425531914,2.5672786610512968,2.474304769471582
all_crops,08_01,232,2022,44.0,wheat_winter,1.847837837837838,2.4589196840444654,2.4731089794241385
all_crops,08_01,233,2022,46.0,,4.4169230769230765,2.445504086107889,2.1314984319797046
all_crops,08_01,234,2022,43.0,wheat_spring,3.975428571428571,2.587808910235321,2.628533862031063
all_crops,08_01,195,2023,44.0,wheat_winter,0.8904065040650406,1.807350407962355,2.5554752887400984
all_crops,08_01,197,2023,44.0,wheat_winter,1.0820991253644316,1.7992358630614917,2.211418815043555
all_crops,08_01,207,2023,44.0,wheat_winter,1.068974844468488,2.320672729743242,2.7683199579718942
all_crops,08_01,208,2023,43.0,wheat_spring,2.018076923076923,2.604174173219432,2.6138185667836975
all_crops,08_01,209,2023,44.0,wheat_winter,1.4882148184982598,2.2278073303084045,2.223979812849992
all_crops,08_01,210,2023,24.0,pea,1.7267206477732793,2.250094118112501,2.3192827330041896
all_crops,08_01,212,2023,43.0,wheat_spring,2.9445588235294116,2.018939901139804,2.225620665348054
all_crops,08_01,213,2023,43.0,wheat_spring,1.6768999999999998,2.3570482025023995,2.452464269889804
all_crops,08_01,214,2023,43.0,wheat_spring,1.6103999999999998,2.1406801574524117,2.379306613494749
all_crops,08_01,215,2023,3.0,barley_spring,2.2745063291139243,2.2734325856018844,2.3574132245263226
all_crops,08_01,216,2023,3.0,barley_spring,2.696783783783784,1.9835827796993022,1.9113635850200372
all_crops,08_01,217,2023,3.0,barley_spring,2.021480392156863,2.0464604883847013,2.2593245514048235
all_crops,08_01,218,2023,3.0,barley_spring,3.3693589743589745,2.1728805854019293,2.157352636452772
all_crops,08_01,219,2023,40.0,sunflower,2.802523809523809,2.3326753229834294,2.2333034199406363
all_crops,08_01,220,2023,3.0,barley_spring,3.3728800000000003,2.2660214174177424,2.2460150656865623
all_crops,08_01,222,2023,3.0,barley_spring,4.5005,2.1242576627484175,2.1645444377984098
all_crops,08_01,223,2023,3.0,barley_spring,2.3584285714285715,2.0681640839222886,2.2268130796223597
all_crops,08_01,224,2023,3.0,barley_spring,2.481451923076923,1.9964263348283207,2.0667983970555155
all_crops,08_01,226,2023,3.0,barley_spring,1.1793749999999998,2.3931747608251044,2.354542127933333
all_crops,08_01,227,2023,40.0,sunflower,2.6015895953757227,2.208252581125439,2.1514619518773075
all_crops,08_01,228,2023,44.0,wheat_winter,1.5016949152542372,2.2720111166776245,2.785135936613245
all_crops,08_01,229,2023,44.0,wheat_winter,3.443333333333334,2.6418638305221833,2.498180332561873
all_crops,08_01,230,2023,43.0,wheat_spring,0.9786995515695068,2.1552324314531277,2.118270830528495
all_crops,08_01,231,2023,40.0,sunflower,2.2995063829787235,2.0106548736240573,1.8322287275930718
all_crops,08_01,232,2023,40.0,sunflower,2.6881993243243243,2.046109899281732,2.024367221680352
all_crops,08_01,234,2023,44.0,wheat_winter,1.7062857142857142,2.518405746153678,2.8789375545046174
all_crops,08_01,195,2024,40.0,sunflower,2.7365853658536587,2.522405495341724,2.675991845777033
all_crops,08_01,197,2024,40.0,sunflower,3.2877551020408164,2.5293409698259097,2.6441509301443316
all_crops,08_01,207,2024,40.0,sunflower,3.107023712920386,2.5560735090373146,2.6593111119241697
all_crops,08_01,208,2024,40.0,sunflower,2.360615384615385,2.5390384518602893,2.675504332152819
all_crops,08_01,209,2024,44.0,wheat_winter,4.5289739764627885,2.384626081571314,2.666148400191243
all_crops,08_01,210,2024,44.0,wheat_winter,5.519493927125506,2.4876029436077833,2.644009995668481
all_crops,08_01,212,2024,40.0,sunflower,1.900882352941176,2.564139632979127,2.720287460806184
all_crops,08_01,215,2024,44.0,wheat_winter,4.476708860759494,2.4296858326567765,2.4381338710555305
all_crops,08_01,216,2024,44.0,wheat_winter,5.342162162162162,2.568296203373473,2.5786869827495926
all_crops,08_01,217,2024,40.0,sunflower,2.9758823529411766,2.4660560793948303,2.584914621168105
all_crops,08_01,218,2024,43.0,wheat_spring,4.027153846153846,2.3604879466463236,2.647663268905185
all_crops,08_01,219,2024,43.0,wheat_spring,3.6718380952380953,2.625819567672831,2.786694484685804
all_crops,08_01,220,2024,43.0,wheat_spring,3.12756,2.3548993985344073,2.552286583212844
all_crops,08_01,222,2024,43.0,wheat_spring,3.6562580645161287,2.4793334264592897,2.668503552218471
all_crops,08_01,223,2024,43.0,wheat_spring,3.350857142857143,2.5371055475286135,2.7440750872113973
all_crops,08_01,224,2024,44.0,wheat_winter,5.0582692307692305,2.578004153996874,2.707103340362498
all_crops,08_01,226,2024,44.0,wheat_winter,4.9315,2.47085820969141,2.5595986926436933
all_crops,08_01,227,2024,3.0,barley_spring,3.007739884393064,2.588169881923276,2.853654165982065
all_crops,08_01,228,2024,40.0,sunflower,3.052881355932203,2.5568907203907947,2.6770794773637783
all_crops,08_01,229,2024,40.0,sunflower,3.2544166666666663,2.129430325392383,2.129930877065366
all_crops,08_01,230,2024,40.0,sunflower,3.2521793721973093,2.565713279151109,2.7840569697620468
all_crops,08_01,231,2024,43.0,wheat_spring,3.806382978723404,2.6267803938641094,2.9325488276803204
all_crops,08_01,232,2024,43.0,wheat_spring,3.330304054054054,2.61217793524509,2.900214458486432
all_crops,08_01,234,2024,40.0,sunflower,3.295057142857143,2.4275438253073403,2.3744748033886935
all_crops,08_01,195,2025,43.0,wheat_spring,2.7195121951219514,2.6762815563918028,2.7333933910197086
all_crops,08_01,197,2025,43.0,wheat_spring,3.779416909620991,2.786346673723479,2.7654846543832785
all_crops,08_01,207,2025,43.0,wheat_spring,1.3522676043638986,2.958486476485011,2.7857937869971576
all_crops,08_01,208,2025,43.0,wheat_spring,3.8430769230769233,3.021087146944269,2.962075645766185
all_crops,08_01,209,2025,40.0,sunflower,2.332040444223438,2.5858092859531956,2.6238390084536665
all_crops,08_01,210,2025,40.0,sunflower,3.192550607287449,2.5428893810585973,2.646835039363809
all_crops,08_01,212,2025,43.0,wheat_spring,1.7024264705882353,2.5118437865900756,2.7107435302993474
all_crops,08_01,213,2025,3.0,barley_spring,1.53,2.8843404275536324,2.732099845111953
all_crops,08_01,214,2025,3.0,barley_spring,1.53,2.6450226843753697,2.754082877993326
all_crops,08_01,215,2025,40.0,sunflower,3.0739240506329115,2.6909823601300964,2.799971819698502
all_crops,08_01,216,2025,40.0,sunflower,2.986756756756757,2.837901976800068,2.8425032141118396
all_crops,08_01,217,2025,43.0,wheat_spring,2.5629901960784314,2.7100442157657794,2.692661456587702
all_crops,08_01,218,2025,43.0,wheat_spring,4.112820512820513,2.753765552567669,2.859071911924721
all_crops,08_01,219,2025,3.0,barley_spring,3.528095238095238,2.7385433563397306,2.753114166116927
all_crops,08_01,220,2025,43.0,wheat_spring,3.3072000000000004,2.9677804489278548,2.7242858896882916
all_crops,08_01,222,2025,40.0,sunflower,2.972258064516129,2.4493091975083736,2.571405460815145
all_crops,08_01,223,2025,40.0,sunflower,3.305142857142857,2.7191812309653427,2.6109146565036156
all_crops,08_01,224,2025,40.0,sunflower,3.0742307692307693,2.805862895902124,2.818334122389435
all_crops,08_01,226,2025,40.0,sunflower,3.0420000000000003,2.6021295319374924,2.811144715581279
all_crops,08_01,227,2025,24.0,pea,1.5521965317919073,3.078867825682651,2.8815191478090196
all_crops,08_01,228,2025,43.0,wheat_spring,3.004576271186441,3.0229799275491462,2.7793016204610543
all_crops,08_01,229,2025,43.0,wheat_spring,3.5050000000000003,3.0435520844859303,2.5444808550101645
all_crops,08_01,230,2025,43.0,wheat_spring,3.6687443946188343,2.7883487110425507,2.8133930528342823
all_crops,08_01,231,2025,24.0,pea,1.3324255319148937,3.0033912963671874,3.0286464123131913
all_crops,08_01,232,2025,24.0,pea,1.8102027027027028,2.8462995385693004,2.8087318385519633
all_crops,08_01,234,2025,62.0,,4.494857142857143,3.391336647065228,3.015560088978908
all_crops,09_01,195,2017,40.0,sunflower,1.6511,1.9683966292854964,1.9572123211714432
all_crops,09_01,197,2017,40.0,sunflower,1.8136,2.2885635106146887,2.2223516994497663
all_crops,09_01,207,2017,40.0,sunflower,1.5516,2.0041095278263135,1.959969391538532
all_crops,09_01,208,2017,40.0,sunflower,2.0779,2.558150964874961,2.6051572221529575
all_crops,09_01,209,2017,44.0,wheat_winter,2.22,2.058455651864075,1.9793077566632582
all_crops,09_01,210,2017,44.0,wheat_winter,2.002,2.2560839011134615,2.3248303060604716
all_crops,09_01,211,2017,44.0,wheat_winter,2.4379999999999997,1.8808839116519778,1.8501589353530836
all_crops,09_01,212,2017,40.0,sunflower,1.6862,2.087470213806676,2.0214594111482493
all_crops,09_01,213,2017,40.0,sunflower,2.4459,2.0209202843374623,2.0205249767233644
all_crops,09_01,214,2017,40.0,sunflower,2.4927,2.0620845823845713,2.0055135267923085
all_crops,09_01,215,2017,20.0,oil_seed_raps_spring,3.08,2.4664103185996757,2.555983402422713
all_crops,09_01,216,2017,20.0,oil_seed_raps_spring,2.26,2.6418137542136404,2.6874791358680516
all_crops,09_01,217,2017,20.0,oil_seed_raps_spring,0.8960000000000001,2.48547241282974,2.5027189053889285
all_crops,09_01,218,2017,40.0,sunflower,1.2974,2.103475937019374,2.061191993848337
all_crops,09_01,219,2017,44.0,wheat_winter,1.873,2.2574971292280983,2.2876375327359564
all_crops,09_01,220,2017,20.0,oil_seed_raps_spring,1.93,2.056542515821677,2.1104331459868746
all_crops,09_01,221,2017,20.0,oil_seed_raps_spring,1.06,2.449262863707074,2.548277408257043
all_crops,09_01,222,2017,20.0,oil_seed_raps_spring,1.664,2.454334262857902,2.390340687507838
all_crops,09_01,223,2017,20.0,oil_seed_raps_spring,1.995,2.5137189842907333,2.4415482681763683
all_crops,09_01,224,2017,20.0,oil_seed_raps_spring,0.6639999999999999,2.4010530309064326,2.3596975420059145
all_crops,09_01,225,2017,20.0,oil_seed_raps_spring,0.6639999999999999,2.4543679375048004,2.491435290614139
all_crops,09_01,226,2017,40.0,sunflower,2.629,2.3729850795109813,2.4452296192224185
all_crops,09_01,227,2017,40.0,sunflower,1.7968,2.2068595057253417,2.121031898467894
all_crops,09_01,228,2017,40.0,sunflower,3.34,2.702352219256289,2.7128200795023876
all_crops,09_01,229,2017,40.0,sunflower,3.34,2.178098234310943,2.202894003490195
all_crops,09_01,230,2017,40.0,sunflower,2.8902,2.779525235094055,2.81087217510672
all_crops,09_01,231,2017,43.0,wheat_spring,1.95,2.033573903636468,1.8788319017296597
all_crops,09_01,232,2017,43.0,wheat_spring,1.95,2.5927194204069166,2.586282353366803
all_crops,09_01,233,2017,40.0,sunflower,2.0928,2.083204216222847,2.068517363379498
all_crops,09_01,234,2017,40.0,sunflower,2.7084,2.539911644888383,2.5416931582447506
all_crops,09_01,195,2018,40.0,sunflower,2.9440999999999997,2.6583413402542404,2.69726024469345
all_crops,09_01,197,2018,40.0,sunflower,3.0602,2.6657735379802645,2.680210585853327
all_crops,09_01,207,2018,40.0,sunflower,3.496,2.6512171625091328,2.6581002883841682
all_crops,09_01,208,2018,40.0,sunflower,1.6354,2.135599879997708,2.1724666449340666
all_crops,09_01,209,2018,40.0,sunflower,1.7399999999999998,2.5849298283199738,2.46989301281802
all_crops,09_01,210,2018,21.0,oil_seed_raps_winter,0.978,2.428171565032517,2.3774023938265536
all_crops,09_01,212,2018,40.0,sunflower,1.3272,1.5860207852049415,1.6561808364626602
all_crops,09_01,213,2018,40.0,sunflower,2.6765,2.223430479591345,2.2149133000397936
all_crops,09_01,214,2018,40.0,sunflower,2.665,2.3149589556634904,2.296393414786635
all_crops,09_01,215,2018,40.0,sunflower,2.353,2.3698967318583137,2.3019529151951645
all_crops,09_01,216,2018,40.0,sunflower,2.1175,2.4948520056260493,2.431279530147137
all_crops,09_01,217,2018,40.0,sunflower,1.1881,1.5673352119963466,1.7494266812039918
all_crops,09_01,218,2018,40.0,sunflower,1.6403,1.7186949025567109,1.7066288840173254
all_crops,09_01,219,2018,40.0,sunflower,1.8597,2.3041377564264605,2.2272105105902007
all_crops,09_01,220,2018,40.0,sunflower,1.9640999999999995,1.900737868740355,1.928288932633369
all_crops,09_01,222,2018,40.0,sunflower,2.0337,1.7386252862702833,1.7133793507405133
all_crops,09_01,223,2018,40.0,sunflower,1.5562,1.5328861984458382,1.7845681713263033
all_crops,09_01,224,2018,40.0,sunflower,2.1925,2.1859101514486876,2.2255545561915095
all_crops,09_01,226,2018,40.0,sunflower,2.0143,2.3902241931093435,2.455003419173846
all_crops,09_01,227,2018,40.0,sunflower,2.613,2.5531988652890494,2.585744548171421
all_crops,09_01,228,2018,16.0,maize,3.312,2.034492354473514,1.9279336003172864
all_crops,09_01,229,2018,16.0,maize,3.312,2.0095911666085637,1.9633974407482337
all_crops,09_01,230,2018,40.0,sunflower,1.6839,2.1056733812542476,2.2285772663314067
all_crops,09_01,231,2018,36.0,soya,0.93,2.337191987240863,2.2831218107012377
all_crops,09_01,232,2018,36.0,soya,0.9,2.2728399056402577,2.2542718161429955
all_crops,09_01,233,2018,40.0,sunflower,1.9316,2.178720581763698,2.2676412001224273
all_crops,09_01,234,2018,40.0,sunflower,2.1424,2.3139275810442594,2.3875350043705685
all_crops,09_01,195,2019,43.0,wheat_spring,2.9511,1.837508665616486,1.872911745628481
all_crops,09_01,197,2019,43.0,wheat_spring,3.3518,2.0003225111556837,1.8990516281154526
all_crops,09_01,207,2019,43.0,wheat_spring,3.5799999999999996,1.8321739179128986,2.060911706973184
all_crops,09_01,208,2019,40.0,sunflower,2.133,2.4982506244763765,2.5213029479560936
all_crops,09_01,209,2019,20.0,oil_seed_raps_spring,1.4083,1.874087512041542,1.8836416018459239
all_crops,09_01,210,2019,40.0,sunflower,1.965,2.187151412901238,1.9971442943718032
all_crops,09_01,211,2019,40.0,sunflower,1.868,2.1745777849924424,2.0562279474371388
all_crops,09_01,212,2019,40.0,sunflower,2.478,2.5812809970062225,2.505201478300693
all_crops,09_01,213,2019,20.0,oil_seed_raps_spring,1.9759,1.8677544162899242,1.8204549450517442
all_crops,09_01,214,2019,40.0,sunflower,2.1573,2.5303088676173773,2.5340952075149947
all_crops,09_01,215,2019,40.0,sunflower,1.672,2.5812720640670106,2.5349914424787845
all_crops,09_01,216,2019,40.0,sunflower,1.95,2.6627792297810995,2.5885924743558255
all_crops,09_01,217,2019,40.0,sunflower,1.962,2.4894253141123066,2.5299815673652115
all_crops,09_01,218,2019,40.0,sunflower,1.7299,2.4360712795296497,2.4909423149135206
all_crops,09_01,219,2019,40.0,sunflower,2.273,2.5653273524561775,2.433954873547393
all_crops,09_01,220,2019,40.0,sunflower,2.7649999999999997,2.45597986611687,2.498014520151371
all_crops,09_01,221,2019,40.0,sunflower,1.982,2.040860694668113,2.08416635033968
all_crops,09_01,222,2019,40.0,sunflower,2.648,2.484292119320591,2.491101225130274
all_crops,09_01,223,2019,40.0,sunflower,2.651,2.5675771316165186,2.6115573715228773
all_crops,09_01,224,2019,40.0,sunflower,3.961,2.6064127175979,2.6054639082559787
all_crops,09_01,225,2019,40.0,sunflower,3.961,2.0038274491836696,2.05365099450656
all_crops,09_01,226,2019,40.0,sunflower,2.9829999999999997,2.4727524390736235,2.5008837521211027
all_crops,09_01,227,2019,20.0,oil_seed_raps_spring,1.161,1.5872152684530447,1.8870179799508864
all_crops,09_01,228,2019,36.0,soya,1.468,2.034566068853928,1.9453553741661658
all_crops,09_01,229,2019,36.0,soya,1.468,1.9739726953539947,1.8629742875675488
all_crops,09_01,230,2019,44.0,wheat_winter,4.503,2.338356597145614,2.2818093695303534
all_crops,09_01,231,2019,44.0,wheat_winter,4.303,1.9817082771469336,1.85398810203144
all_crops,09_01,232,2019,44.0,wheat_winter,3.404,1.9180414985320702,1.8169416171070416
all_crops,09_01,233,2019,40.0,sunflower,2.564,2.496062936109456,2.5533964096841935
all_crops,09_01,234,2019,33.0,safflower,0.6081000000000001,2.026214299138561,1.9512133839148136
all_crops,09_01,195,2020,20.0,oil_seed_raps_spring,1.4514,1.6302768991924166,1.431170171149505
all_crops,09_01,197,2020,20.0,oil_seed_raps_spring,1.5651,1.4258992793918326,1.2719961700658193
all_crops,09_01,207,2020,20.0,oil_seed_raps_spring,4.38,1.7060406656917522,1.542705890748949
all_crops,09_01,208,2020,43.0,wheat_spring,5.05,1.7969641177831743,1.6614131348207741
all_crops,09_01,209,2020,16.0,maize,5.78,1.9317329071658218,1.7447041485298103
all_crops,09_01,210,2020,44.0,wheat_winter,2.11,1.7922021977233373,1.773582005718575
all_crops,09_01,211,2020,44.0,wheat_winter,3.19,1.8328233978936326,1.6703296119113793
all_crops,09_01,212,2020,43.0,wheat_spring,1.3132,1.7477385410747013,1.660096352284361
all_crops,09_01,213,2020,43.0,wheat_spring,5.78,2.115516248545001,2.0114442519833657
all_crops,09_01,214,2020,43.0,wheat_spring,3.19,2.0794402659911073,1.8565899061161097
all_crops,09_01,215,2020,43.0,wheat_spring,1.409,2.0665444220599336,1.8669554872829779
all_crops,09_01,216,2020,43.0,wheat_spring,1.246,1.946099448202937,1.8380172989228025
all_crops,09_01,217,2020,43.0,wheat_spring,3.37,1.8659791924307414,1.8240821615339353
all_crops,09_01,218,2020,43.0,wheat_spring,1.7929,1.8434601163455295,1.738619750171118
all_crops,09_01,219,2020,43.0,wheat_spring,4.25,1.7783884033132389,1.6688746120429843
all_crops,09_01,220,2020,43.0,wheat_spring,5.13,2.2138571702124654,1.9197663584351796
all_crops,09_01,221,2020,43.0,wheat_spring,3.8,2.11811433980946,1.9074957827262815
all_crops,09_01,222,2020,43.0,wheat_spring,2.1,1.7336627708868972,1.6943921406460105
all_crops,09_01,223,2020,43.0,wheat_spring,2.1,1.7429730748864605,1.5590547470476728
all_crops,09_01,224,2020,43.0,wheat_spring,0.857,1.6362740364239174,1.578927059792706
all_crops,09_01,225,2020,43.0,wheat_spring,2.335,1.9950190256509626,1.6715558016440786
all_crops,09_01,226,2020,43.0,wheat_spring,5.02,1.8426905665191677,1.703503666218604
all_crops,09_01,227,2020,44.0,wheat_winter,5.65,1.7265339558009913,1.6449489169545497
all_crops,09_01,228,2020,44.0,wheat_winter,1.3,2.045853487177219,1.9323501916922825
all_crops,09_01,229,2020,44.0,wheat_winter,3.285,2.2874201895970825,2.012816483406622
all_crops,09_01,230,2020,21.0,oil_seed_raps_winter,1.68,1.8721339604135259,1.8545762000004458
all_crops,09_01,231,2020,21.0,oil_seed_raps_winter,3.62,1.7125006770465552,1.7228838925678314
all_crops,09_01,232,2020,21.0,oil_seed_raps_winter,2.23,1.6289072297275302,1.6304017522559584
all_crops,09_01,233,2020,43.0,wheat_spring,1.75,1.6851237323852257,1.5809203975220165
all_crops,09_01,195,2021,3.0,barley_spring,2.022276422764228,2.7519045273073264,2.5031911546197048
all_crops,09_01,197,2021,3.0,barley_spring,2.5284548104956266,2.9236432182563292,2.7215539478826183
all_crops,09_01,207,2021,3.0,barley_spring,3.525020286718961,2.630166683821521,2.490632107329936
all_crops,09_01,208,2021,40.0,sunflower,2.1216153846153847,2.82015409225991,2.465596012659068
all_crops,09_01,209,2021,40.0,sunflower,2.268059008785016,2.4699886956608883,2.509184129477493
all_crops,09_01,210,2021,40.0,sunflower,1.4783400809716598,2.5995013610687603,2.5532045192775197
all_crops,09_01,211,2021,40.0,sunflower,2.1389247311827955,3.12089974991177,2.661178510712947
all_crops,09_01,212,2021,40.0,sunflower,3.3983823529411765,2.591463378873029,2.4192520510369446
all_crops,09_01,213,2021,43.0,wheat_spring,1.3155714285714286,2.5926324421060243,2.0300464267169307
all_crops,09_01,214,2021,43.0,wheat_spring,1.5857777777777775,2.4117250536807147,1.97868720966244
all_crops,09_01,215,2021,40.0,sunflower,2.9865822784810128,2.4355004170854673,2.1838014238681938
all_crops,09_01,216,2021,40.0,sunflower,2.925945945945946,2.5419820291531683,2.3124158707590707
all_crops,09_01,217,2021,40.0,sunflower,2.768578431372549,2.8946568881715566,2.4900137717605673
all_crops,09_01,218,2021,40.0,sunflower,2.12974358974359,2.5746830260395948,2.1825832604985207
all_crops,09_01,219,2021,40.0,sunflower,2.818952380952381,2.6480048998743775,2.460581886058749
all_crops,09_01,220,2021,40.0,sunflower,2.0264,2.861910771236413,2.6821756745884344
all_crops,09_01,221,2021,40.0,sunflower,1.7475,2.4614965815435936,2.3419251917645694
all_crops,09_01,222,2021,40.0,sunflower,2.9396774193548385,2.6248865693358656,2.4131700801566836
all_crops,09_01,223,2021,40.0,sunflower,2.8625714285714285,2.8231614145113437,2.4710676008630745
all_crops,09_01,224,2021,40.0,sunflower,2.0925,2.478270044775298,2.1689692077902163
all_crops,09_01,225,2021,40.0,sunflower,1.85,2.1967496407052693,2.086969063873267
all_crops,09_01,226,2021,40.0,sunflower,2.4555,2.6825120887701575,2.4413637911958035
all_crops,09_01,227,2021,44.0,wheat_winter,2.8346242774566472,2.439815133882099,2.05338996917593
all_crops,09_01,228,2021,44.0,wheat_winter,2.4169491525423727,2.5514136665171074,2.187435927122757
all_crops,09_01,229,2021,44.0,wheat_winter,2.9450000000000003,2.5208785760225543,2.1641466488154277
all_crops,09_01,230,2021,44.0,wheat_winter,2.123766816143498,2.6964158343831133,2.404440681620572
all_crops,09_01,231,2021,44.0,wheat_winter,3.5069787234042553,2.619394045340418,2.3699429259437736
all_crops,09_01,232,2021,44.0,wheat_winter,3.2479729729729727,2.571856709305148,2.4726143594706023
all_crops,09_01,233,2021,44.0,wheat_winter,3.6453846153846152,2.517316862465864,2.0209149366365127
all_crops,09_01,234,2021,44.0,wheat_winter,5.389142857142858,2.2927193476959338,2.0469034191920232
all_crops,09_01,195,2022,44.0,wheat_winter,2.1216260162601626,2.4211393712027607,2.4650938476472875
all_crops,09_01,197,2022,44.0,wheat_winter,1.5206997084548106,2.4451417619845137,2.637600003653022
all_crops,09_01,207,2022,44.0,wheat_winter,1.8862140474258409,2.4644411242818256,2.5898150932598067
all_crops,09_01,208,2022,43.0,wheat_spring,2.356923076923077,2.74424038481994,2.6252069685748842
all_crops,09_01,209,2022,43.0,wheat_spring,2.657417536880491,2.6919421773990475,2.4544030249408615
all_crops,09_01,210,2022,43.0,wheat_spring,3.0655870445344133,2.7189585632455633,2.574342750674928
all_crops,09_01,211,2022,43.0,wheat_spring,3.4704,2.4831026306022084,2.3902254266649137
all_crops,09_01,212,2022,43.0,wheat_spring,3.1773529411764705,2.6594492489798336,2.645729769137934
all_crops,09_01,213,2022,40.0,sunflower,1.481428571428571,2.769129788609745,2.664846494602454
all_crops,09_01,214,2022,40.0,sunflower,1.002222222222222,2.720681871034712,2.594665167397377
all_crops,09_01,215,2022,43.0,wheat_spring,2.858987341772152,2.5724963944414663,2.2200947981371932
all_crops,09_01,216,2022,43.0,wheat_spring,3.1270270270270273,2.7145683937551848,2.5597538064272967
all_crops,09_01,217,2022,43.0,wheat_spring,3.063725490196078,2.618547204324937,2.54308286266012
all_crops,09_01,218,2022,43.0,wheat_spring,2.1723076923076925,2.4671002268094906,2.257389380910576
all_crops,09_01,219,2022,43.0,wheat_spring,2.827547619047619,2.536708122940922,2.4180618717381956
all_crops,09_01,220,2022,43.0,wheat_spring,3.4832,2.9765073862615155,2.9116715921193634
all_crops,09_01,221,2022,43.0,wheat_spring,4.1328000000000005,2.6226703910323885,2.6948649387672163
all_crops,09_01,222,2022,43.0,wheat_spring,3.2700483870967743,2.6520487847222363,2.5750283977598465
all_crops,09_01,223,2022,43.0,wheat_spring,3.2311428571428573,2.5750501544336792,2.3562231832793143
all_crops,09_01,224,2022,43.0,wheat_spring,3.079423076923077,2.5203459990739105,2.4306882027427683
all_crops,09_01,225,2022,43.0,wheat_spring,4.58,2.6535940826916034,2.882390356276357
all_crops,09_01,226,2022,43.0,wheat_spring,1.6934999999999998,2.8212184016031667,2.5961877776735114
all_crops,09_01,227,2022,44.0,wheat_winter,2.217514450867052,2.7877297452560996,2.4991334033533668
all_crops,09_01,228,2022,43.0,wheat_spring,4.564745762711865,2.6406822579879745,2.457417696251902
all_crops,09_01,229,2022,43.0,wheat_spring,2.841666666666667,2.6869295308253407,2.517297113245754
all_crops,09_01,230,2022,40.0,sunflower,3.257219730941704,2.6644872582835806,2.569578113467528
all_crops,09_01,231,2022,44.0,wheat_winter,1.5712340425531914,2.5444968380399735,2.5030240707857336
all_crops,09_01,232,2022,44.0,wheat_winter,1.847837837837838,2.571154419115958,2.331799648452776
all_crops,09_01,233,2022,46.0,,4.4169230769230765,2.423892233513597,1.980248979185418
all_crops,09_01,234,2022,43.0,wheat_spring,3.975428571428571,2.7278311497035754,2.8279758056364415
all_crops,09_01,195,2023,44.0,wheat_winter,0.8904065040650406,2.1371830549526054,2.2707439928242352
all_crops,09_01,197,2023,44.0,wheat_winter,1.0820991253644316,2.1104928333921227,2.110766681806361
all_crops,09_01,207,2023,44.0,wheat_winter,1.068974844468488,2.2721266487880785,2.2494546169245417
all_crops,09_01,208,2023,43.0,wheat_spring,2.018076923076923,2.5800464818317757,2.4595530365949583
all_crops,09_01,209,2023,44.0,wheat_winter,1.4882148184982598,2.1967036488861376,2.4747666978428757
all_crops,09_01,210,2023,24.0,pea,1.7267206477732793,2.2741898275513073,2.233376163645014
all_crops,09_01,212,2023,43.0,wheat_spring,2.9445588235294116,2.25625661788108,2.2537135859596154
all_crops,09_01,213,2023,43.0,wheat_spring,1.6768999999999998,2.39306126074502,2.4584695584612906
all_crops,09_01,214,2023,43.0,wheat_spring,1.6103999999999998,2.2958680971806675,2.2673380932034637
all_crops,09_01,215,2023,3.0,barley_spring,2.2745063291139243,2.422719421952136,2.2010037048353
all_crops,09_01,216,2023,3.0,barley_spring,2.696783783783784,2.0367120429269754,1.893414409670543
all_crops,09_01,217,2023,3.0,barley_spring,2.021480392156863,2.2723794986536383,2.015799851800737
all_crops,09_01,218,2023,3.0,barley_spring,3.3693589743589745,2.3061578510825282,2.1222753155922316
all_crops,09_01,219,2023,40.0,sunflower,2.802523809523809,2.2831691460958976,2.3017946864645613
all_crops,09_01,220,2023,3.0,barley_spring,3.3728800000000003,2.1672056866733556,2.1512183720714173
all_crops,09_01,222,2023,3.0,barley_spring,4.5005,2.3439358285344136,2.0302849423286102
all_crops,09_01,223,2023,3.0,barley_spring,2.3584285714285715,2.4991773000483164,2.20746441025912
all_crops,09_01,224,2023,3.0,barley_spring,2.481451923076923,2.223030658579316,2.043538748129671
all_crops,09_01,226,2023,3.0,barley_spring,1.1793749999999998,2.3482648243376043,2.1233162427188867
all_crops,09_01,227,2023,40.0,sunflower,2.6015895953757227,2.3210110572741014,2.283941971272013
all_crops,09_01,228,2023,44.0,wheat_winter,1.5016949152542372,2.351941812300406,2.3403408313152623
all_crops,09_01,229,2023,44.0,wheat_winter,3.443333333333334,2.592808827010132,2.221557770166811
all_crops,09_01,230,2023,43.0,wheat_spring,0.9786995515695068,2.3393230345523874,2.307054040794975
all_crops,09_01,231,2023,40.0,sunflower,2.2995063829787235,1.9478277058912814,1.939217890084709
all_crops,09_01,232,2023,40.0,sunflower,2.6881993243243243,2.336335114546281,2.158338393581927
all_crops,09_01,234,2023,44.0,wheat_winter,1.7062857142857142,2.3829464835035132,2.417588760895421
all_crops,09_01,195,2024,40.0,sunflower,2.7365853658536587,2.796831407905036,2.823327344295841
all_crops,09_01,197,2024,40.0,sunflower,3.2877551020408164,2.763497665751748,3.0554768333020914
all_crops,09_01,207,2024,40.0,sunflower,3.107023712920386,2.717375136822338,3.2831977273534565
all_crops,09_01,208,2024,40.0,sunflower,2.360615384615385,2.5418797459228144,2.4902022044398513
all_crops,09_01,209,2024,44.0,wheat_winter,4.5289739764627885,2.8104760469001278,3.131689147561146
all_crops,09_01,210,2024,44.0,wheat_winter,5.519493927125506,2.783445443963521,3.0898336730189975
all_crops,09_01,212,2024,40.0,sunflower,1.900882352941176,2.5565838503813474,2.6995128779542297
all_crops,09_01,215,2024,44.0,wheat_winter,4.476708860759494,2.626887185188103,2.7660288389754664
all_crops,09_01,216,2024,44.0,wheat_winter,5.342162162162162,2.7287085703703626,3.004138904754456
all_crops,09_01,217,2024,40.0,sunflower,2.9758823529411766,2.6254283048388394,2.602712051109683
all_crops,09_01,218,2024,43.0,wheat_spring,4.027153846153846,2.7457906718052185,3.0467133824906614
all_crops,09_01,219,2024,43.0,wheat_spring,3.6718380952380953,3.002736761091713,3.2138822943088354
all_crops,09_01,220,2024,43.0,wheat_spring,3.12756,2.8496445787879,3.0904394114600593
all_crops,09_01,222,2024,43.0,wheat_spring,3.6562580645161287,2.7975254573201105,3.0670018660797167
all_crops,09_01,223,2024,43.0,wheat_spring,3.350857142857143,2.7783602497017394,2.977839399915883
all_crops,09_01,224,2024,44.0,wheat_winter,5.0582692307692305,2.749293450859398,3.1182448582516926
all_crops,09_01,226,2024,44.0,wheat_winter,4.9315,2.6889378858617383,2.6816048813361912
all_crops,09_01,227,2024,3.0,barley_spring,3.007739884393064,2.9128451697244504,3.155468801110406
all_crops,09_01,228,2024,40.0,sunflower,3.052881355932203,2.6056563432139037,3.022829652039397
all_crops,09_01,229,2024,40.0,sunflower,3.2544166666666663,2.4644574874424987,2.355178185708203
all_crops,09_01,230,2024,40.0,sunflower,3.2521793721973093,2.8351458284872937,2.8950329996077926
all_crops,09_01,231,2024,43.0,wheat_spring,3.806382978723404,3.0224052736932596,3.4006516096597865
all_crops,09_01,232,2024,43.0,wheat_spring,3.330304054054054,2.953929915995845,3.1680553753096663
all_crops,09_01,234,2024,40.0,sunflower,3.295057142857143,2.481383697197466,2.290868308404985
all_crops,09_01,195,2025,43.0,wheat_spring,2.7195121951219514,2.8680980892727015,2.953294513046928
all_crops,09_01,197,2025,43.0,wheat_spring,3.779416909620991,2.9112796409432393,2.9446147937401754
all_crops,09_01,207,2025,43.0,wheat_spring,1.3522676043638986,2.989754272353925,3.0666224220351124
all_crops,09_01,208,2025,43.0,wheat_spring,3.8430769230769233,3.1206742152095206,3.1960252703501775
all_crops,09_01,209,2025,40.0,sunflower,2.332040444223438,2.807439118599052,2.744456777599433
all_crops,09_01,210,2025,40.0,sunflower,3.192550607287449,2.8101042710333797,2.7906460335681635
all_crops,09_01,212,2025,43.0,wheat_spring,1.7024264705882353,2.837404750239971,3.0009879032216507
all_crops,09_01,213,2025,3.0,barley_spring,1.53,3.1364395432039553,3.064875922001643
all_crops,09_01,214,2025,3.0,barley_spring,1.53,2.981959047424345,3.048996873356991
all_crops,09_01,215,2025,40.0,sunflower,3.0739240506329115,3.0133803235925054,2.9051891825429585
all_crops,09_01,216,2025,40.0,sunflower,2.986756756756757,3.073468171676509,2.9401696941520523
all_crops,09_01,217,2025,43.0,wheat_spring,2.5629901960784314,2.939956546486884,2.9650998199152543
all_crops,09_01,218,2025,43.0,wheat_spring,4.112820512820513,3.1766849541386875,3.2266731484506086
all_crops,09_01,219,2025,3.0,barley_spring,3.528095238095238,2.950315568154017,2.9698728908308256
all_crops,09_01,220,2025,43.0,wheat_spring,3.3072000000000004,3.159376221626081,3.1579631164996824
all_crops,09_01,222,2025,40.0,sunflower,2.972258064516129,2.8440660599357015,2.6992826502116145
all_crops,09_01,223,2025,40.0,sunflower,3.305142857142857,2.8671581080964925,2.7750229823115258
all_crops,09_01,224,2025,40.0,sunflower,3.0742307692307693,3.0109657824512555,2.822976389931077
all_crops,09_01,226,2025,40.0,sunflower,3.0420000000000003,2.921118683060544,2.747999082256481
all_crops,09_01,227,2025,24.0,pea,1.5521965317919073,3.2523550658256952,3.282097077158732
all_crops,09_01,228,2025,43.0,wheat_spring,3.004576271186441,3.432333893107237,3.3699689615820057
all_crops,09_01,229,2025,43.0,wheat_spring,3.5050000000000003,2.926386242355832,3.0665517658494186
all_crops,09_01,230,2025,43.0,wheat_spring,3.6687443946188343,2.9911180090256755,3.032644225453077
all_crops,09_01,231,2025,24.0,pea,1.3324255319148937,3.2510537051341095,3.112332782005252
all_crops,09_01,232,2025,24.0,pea,1.8102027027027028,3.2690931523926094,3.0548492003052745
all_crops,09_01,234,2025,62.0,,4.494857142857143,3.3966460302541175,3.2172940898082647
